date,high,close
2009-01-02,30.94,30.56
2009-01-05,31.37,31.17
2009-01-06,31.48,31.12
2009-01-07,31.50,29.26
2009-01-09,29.50,28.85
2009-01-12,28.75,27.73
2009-01-13,28.19,27.64
2009-01-14,28.80,28.49
2009-01-15,28.07,27.65
2009-01-16,28.69,28.51
2009-01-19,28.71,28.45
2009-01-20,28.55,28.31
2009-01-21,28.20,27.54
2009-01-22,27.90,27.35
2009-01-23,27.60,27.21
2009-01-27,27.85,27.72
2009-01-28,28.59,28.50
2009-01-29,28.80,28.26
2009-01-30,29.10,28.97
2009-02-02,28.85,28.17
2009-02-03,28.60,28.29
2009-02-04,28.69,28.10
2009-02-05,28.50,28.02
2009-02-06,28.78,28.62
2009-02-09,29.40,29.33
2009-02-10,29.70,29.56
2009-02-11,29.60,29.45
2009-02-12,29.45,29.14
2009-02-13,29.90,29.82
2009-02-16,29.82,28.54
2009-02-17,28.34,27.91
2009-02-18,28.48,28.15
2009-02-19,28.38,28.30
2009-02-20,27.95,27.49
2009-02-24,27.59,27.52
2009-02-25,28.20,27.95
2009-02-26,28.19,28.02
2009-02-27,28.20,28.02
2009-03-02,27.45,27.05
2009-03-03,27.35,26.76
2009-03-04,27.08,26.94
2009-03-05,27.37,25.98
2009-03-06,26.70,26.63
2009-03-09,26.50,26.24
2009-03-12,26.99,26.64
2009-03-13,27.50,27.43
2009-03-16,28.09,28.02
2009-03-17,28.28,27.77
2009-03-18,28.52,28.08
2009-03-19,28.45,28.17
2009-03-20,28.27,28.20
2009-03-23,29.68,29.47
2009-03-24,30.27,29.53
2009-03-25,30.10,29.96
2009-03-26,31.10,30.97
2009-03-27,31.38,31.22
2009-03-30,30.90,29.83
2009-03-31,30.59,30.31
2009-04-01,31.00,30.87
2009-04-02,32.40,32.23
2009-04-06,33.20,32.70
2009-04-08,33.69,33.54
2009-04-09,34.05,33.53
2009-04-13,34.35,33.87
2009-04-15,35.24,35.01
2009-04-16,35.20,33.77
2009-04-17,35.00,33.96
2009-04-20,34.49,33.82
2009-04-21,34.24,33.83
2009-04-22,34.15,33.36
2009-04-23,34.79,34.50
2009-04-24,35.17,35.07
2009-04-27,35.31,34.89
2009-04-28,34.79,33.74
2009-04-29,35.09,34.85
2009-05-04,36.68,36.60
2009-05-05,37.50,37.28
2009-05-06,37.59,36.76
2009-05-07,37.16,36.92
2009-05-08,37.25,36.26
2009-05-11,36.70,35.73
2009-05-12,37.38,37.07
2009-05-13,37.50,36.82
2009-05-14,36.82,36.23
2009-05-15,37.50,37.30
2009-05-18,44.50,42.76
2009-05-19,46.00,43.33
2009-05-20,43.88,42.86
2009-05-21,43.29,42.18
2009-05-22,43.00,42.67
2009-05-25,42.90,42.61
2009-05-26,42.78,41.62
2009-05-27,43.49,43.29
2009-05-28,43.75,43.48
2009-05-29,45.00,44.61
2009-06-01,45.65,45.47
2009-06-02,46.19,45.28
2009-06-03,45.89,45.49
2009-06-04,45.90,45.79
2009-06-05,46.45,46.02
2009-06-08,46.28,44.49
2009-06-09,45.70,45.54
2009-06-10,46.99,46.69
2009-06-11,47.00,46.63
2009-06-12,47.12,46.05
2009-06-15,46.30,45.11
2009-06-16,45.75,45.63
2009-06-17,44.05,44.05
2009-06-18,44.40,43.16
2009-06-19,43.99,43.88
2009-06-22,44.40,43.07
2009-06-23,43.59,43.24
2009-06-24,43.74,43.45
2009-06-25,43.71,42.97
2009-06-26,44.26,44.12
2009-06-29,44.98,44.65
2009-06-30,44.99,43.54
2009-07-01,44.29,44.05
2009-07-02,44.50,44.28
2009-07-03,45.00,44.87
2009-07-06,45.99,42.43
2009-07-07,43.09,42.79
2009-07-08,42.50,40.97
2009-07-09,41.40,41.09
2009-07-10,41.58,40.34
2009-07-13,40.20,39.89
2009-07-14,42.20,41.43
2009-07-15,42.65,42.51
2009-07-16,43.20,42.39
2009-07-17,44.10,43.88
2009-07-20,45.10,45.00
2009-07-21,45.90,44.68
2009-07-22,45.54,44.08
2009-07-23,45.36,45.21
2009-07-24,46.00,45.60
2009-07-27,45.90,45.56
2009-07-28,45.97,45.62
2009-07-29,45.58,45.05
2009-07-30,45.70,45.49
2009-07-31,46.60,46.14
2009-08-03,47.20,46.93
2009-08-04,47.00,46.65
2009-08-05,47.00,46.75
2009-08-06,47.00,45.72
2009-08-07,45.68,44.76
2009-08-10,45.71,44.40
2009-08-11,45.12,44.71
2009-08-12,44.90,44.72
2009-08-13,46.31,46.06
2009-08-14,46.15,45.94
2009-08-17,45.40,44.20
2009-08-18,44.69,44.69
2009-08-19,44.05,44.05
2009-08-20,44.64,44.64
2009-08-21,45.40,45.40
2009-08-24,50.00,46.50
2009-08-25,46.69,46.49
2009-08-26,47.00,46.81
2009-08-27,46.97,46.84
2009-08-28,47.35,47.16
2009-08-31,46.97,46.74
2009-09-01,47.29,45.90
2009-09-02,46.42,46.09
2009-09-03,46.40,45.77
2009-09-04,46.90,46.78
2009-09-07,47.80,47.72
2009-09-08,48.17,47.79
2009-09-09,48.05,47.88
2009-09-10,48.60,47.85
2009-09-11,48.30,48.18
2009-09-14,48.14,48.01
2009-09-15,48.80,48.76
2009-09-16,49.40,49.26
2009-09-17,49.76,49.56
2009-09-18,49.79,49.57
2009-09-22,50.17,50.06
2009-09-23,50.03,49.41
2009-09-24,49.78,49.65
2009-09-25,49.89,49.49
2009-09-29,49.99,49.70
2009-09-30,50.58,50.48
2009-10-01,50.70,50.60
2009-10-05,50.40,50.02
2009-10-06,50.46,50.36
2009-10-07,50.70,49.80
2009-10-08,50.74,49.87
2009-10-09,50.10,49.33
2009-10-12,50.50,50.37
2009-10-13,50.66,50.66
2009-10-14,51.10,50.98
2009-10-15,51.20,51.03
2009-10-16,51.40,51.30
2009-10-20,51.55,51.02
2009-10-21,51.04,50.66
2009-10-22,50.58,49.97
2009-10-23,50.45,50.12
2009-10-26,50.40,49.87
2009-10-27,49.80,48.81
2009-10-28,48.85,48.51
2009-10-29,48.65,47.98
2009-10-30,48.80,47.56
2009-11-03,47.80,46.15
2009-11-04,47.80,47.52
2009-11-05,48.25,48.11
2009-11-06,48.50,48.34
2009-11-09,49.40,49.31
2009-11-10,49.70,49.29
2009-11-11,50.29,50.13
2009-11-12,50.20,50.00
2009-11-13,50.54,50.35
2009-11-16,50.97,50.77
2009-11-17,50.96,50.82
2009-11-18,51.00,50.68
2009-11-19,50.79,50.15
2009-11-20,50.95,50.82
2009-11-23,51.25,51.05
2009-11-24,51.19,51.04
2009-11-25,51.44,51.07
2009-11-26,51.25,50.23
2009-11-27,49.97,49.74
2009-11-30,50.70,50.31
2009-12-01,51.45,51.33
2009-12-02,51.55,51.08
2009-12-03,51.84,51.35
2009-12-04,51.62,51.16
2009-12-07,51.86,50.73
2009-12-08,51.60,51.51
2009-12-09,51.49,51.11
2009-12-10,51.53,51.40
2009-12-11,51.85,51.12
2009-12-14,51.57,51.04
2009-12-15,51.28,50.49
2009-12-16,50.84,50.56
2009-12-17,50.78,50.49
2009-12-18,50.47,50.12
2009-12-21,50.20,49.79
2009-12-22,50.50,50.33
2009-12-23,51.90,51.77
2009-12-24,52.11,51.96
2009-12-29,52.29,52.10
2009-12-30,52.05,51.79
2009-12-31,52.38,52.17
2010-01-04,52.47,52.39
2010-01-05,52.95,52.90
2010-01-06,53.16,53.09
2010-01-07,53.00,52.81
2010-01-08,53.00,52.58
2010-01-11,53.20,52.79
2010-01-12,52.94,52.30
2010-01-13,52.82,52.73
2010-01-14,53.10,52.73
2010-01-15,53.00,52.86
2010-01-18,52.90,52.70
2010-01-19,53.49,52.70
2010-01-20,54.97,52.99
2010-01-21,51.08,51.08
2010-01-22,58.00,50.90
2010-01-25,51.90,51.90
2010-01-27,52.00,49.40
2010-01-28,50.80,49.36
2010-01-29,49.78,49.69
2010-02-01,50.50,50.49
2010-02-02,50.88,49.33
2010-02-03,49.60,49.46
2010-02-04,49.65,49.20
2010-02-05,54.50,54.50
2010-02-08,48.50,48.21
2010-02-09,49.00,48.50
2010-02-10,48.99,48.49
2010-02-11,49.00,48.50
2010-02-15,49.00,47.81
2010-02-16,49.00,49.00
2010-02-17,49.48,49.45
2010-02-18,49.70,49.10
2010-02-19,49.50,48.60
2010-02-22,49.50,49.00
2010-02-23,49.37,49.37
2010-02-24,49.50,48.71
2010-02-25,49.00,48.60
2010-02-26,50.49,49.30
2010-03-02,50.75,50.40
2010-03-03,51.02,51.02
2010-03-04,51.07,50.96
2010-03-05,51.50,51.01
2010-03-08,51.60,51.28
2010-03-09,51.54,51.00
2010-03-10,51.59,51.31
2010-03-11,51.74,51.69
2010-03-12,51.65,51.47
2010-03-15,51.58,51.40
2010-03-16,52.22,52.14
2010-03-17,52.72,52.69
2010-03-18,52.60,52.49
2010-03-19,52.85,52.85
2010-03-22,52.71,52.30
2010-03-23,52.58,52.42
2010-03-25,52.80,52.76
2010-03-26,54.00,52.92
2010-03-29,53.35,52.90
2010-03-30,53.25,52.80
2010-03-31,52.80,52.60
2010-04-01,53.10,53.10
2010-04-05,53.85,53.85
2010-04-06,53.75,53.40
2010-04-07,54.05,53.43
2010-04-08,53.71,53.15
2010-04-09,53.75,53.06
2010-04-12,53.80,53.10
2010-04-13,53.30,53.01
2010-04-15,53.60,52.94
2010-04-16,52.70,52.50
2010-04-19,52.33,52.23
2010-04-20,52.60,52.17
2010-04-21,52.62,52.22
2010-04-22,53.38,52.71
2010-04-23,53.19,53.08
2010-04-26,52.60,52.60
2010-04-27,53.90,53.00
2010-04-28,54.50,52.17
2010-04-29,52.40,52.35
2010-04-30,52.85,52.40
2010-05-03,52.22,52.15
2010-05-04,52.20,51.41
2010-05-05,51.57,51.56
2010-05-06,52.60,51.19
2010-05-07,50.77,50.20
2010-05-10,52.06,51.94
2010-05-11,51.75,51.21
2010-05-12,51.73,51.73
2010-05-13,52.20,51.89
2010-05-14,52.12,50.94
2010-05-17,54.77,50.95
2010-05-18,51.13,50.94
2010-05-19,51.50,50.80
2010-05-20,50.70,50.46
2010-05-21,49.99,49.90
2010-05-24,50.40,50.07
2010-05-25,49.97,49.60
2010-05-26,49.60,49.59
2010-05-27,49.80,49.80
2010-05-28,50.60,50.51
2010-05-31,58.10,50.63
2010-06-01,50.74,50.00
2010-06-02,50.49,50.25
2010-06-03,51.30,50.93
2010-06-04,52.50,52.50
2010-06-07,50.98,50.48
2010-06-08,50.70,50.10
2010-06-09,50.78,50.20
2010-06-10,51.30,51.18
2010-06-11,51.60,51.30
2010-06-14,52.08,52.04
2010-06-15,52.49,52.38
2010-06-16,52.50,52.28
2010-06-17,52.85,52.69
2010-06-18,53.00,52.55
2010-06-21,53.60,53.55
2010-06-22,53.99,53.99
2010-06-23,53.65,53.54
2010-06-24,53.70,53.01
2010-06-25,53.60,53.38
2010-06-28,53.30,52.92
2010-06-29,53.43,52.92
2010-06-30,53.29,53.28
2010-07-01,52.97,52.97
2010-07-02,52.90,52.50
2010-07-05,53.01,52.87
2010-07-06,53.20,52.96
2010-07-07,53.07,52.51
2010-07-08,53.40,53.01
2010-07-09,53.70,53.26
2010-07-12,54.38,53.89
2010-07-13,54.44,54.44
2010-07-14,54.65,54.00
2010-07-15,54.30,54.00
2010-07-16,54.39,53.81
2010-07-19,54.33,53.67
2010-07-20,54.30,53.75
2010-07-21,54.29,53.83
2010-07-22,54.50,54.50
2010-07-23,54.78,54.41
2010-07-26,54.83,54.13
2010-07-27,54.83,54.79
2010-07-28,54.70,54.42
2010-07-29,55.90,54.79
2010-07-30,54.50,54.19
2010-08-02,54.76,54.42
2010-08-03,54.98,54.49
2010-08-04,54.80,54.50
2010-08-05,55.30,55.29
2010-08-06,55.00,54.82
2010-08-09,55.02,55.00
2010-08-10,54.80,54.50
2010-08-11,54.92,54.71
2010-08-12,54.69,54.67
2010-08-13,54.95,54.50
2010-08-16,54.90,54.03
2010-08-17,54.40,54.02
2010-08-18,56.30,54.61
2010-08-19,55.50,55.03
2010-08-20,55.70,55.43
2010-08-23,55.93,55.93
2010-08-24,55.74,55.63
2010-08-25,55.99,55.10
2010-08-26,55.20,54.47
2010-08-27,55.27,54.46
2010-08-30,55.00,54.69
2010-08-31,54.46,54.46
2010-09-01,55.00,54.50
2010-09-02,55.28,54.74
2010-09-03,55.31,55.00
2010-09-06,55.79,55.47
2010-09-07,56.00,55.70
2010-09-08,56.40,56.40
2010-09-09,56.13,56.13
2010-09-13,58.06,57.80
2010-09-14,58.40,58.03
2010-09-15,58.60,58.60
2010-09-16,59.17,58.50
2010-09-17,59.08,59.08
2010-09-20,60.00,60.00
2010-09-21,60.49,60.40
2010-09-22,60.36,59.55
2010-09-23,60.00,60.00
2010-09-24,60.35,60.01
2010-09-27,61.22,60.98
2010-09-28,60.90,60.20
2010-09-29,60.70,60.69
2010-09-30,60.40,60.15
2010-10-01,61.60,61.50
2010-10-04,62.64,61.98
2010-10-05,62.30,62.10
2010-10-07,63.50,61.62
2010-10-08,61.60,61.30
2010-10-11,61.99,61.90
2010-10-12,61.50,61.35
2010-10-13,62.70,62.69
2010-10-14,63.29,62.01
2010-10-15,62.25,60.90
2010-10-18,61.50,61.28
2010-10-19,61.45,60.46
2010-10-20,60.98,60.20
2010-10-21,61.50,61.39
2010-10-22,61.58,60.91
2010-10-25,61.74,61.60
2010-10-26,61.69,61.46
2010-10-27,61.42,60.79
2010-10-28,61.30,60.87
2010-10-29,63.05,60.80
2010-11-01,62.50,61.84
2010-11-02,62.50,62.01
2010-11-03,62.50,62.25
2010-11-04,63.05,62.95
2010-11-08,63.72,63.43
2010-11-09,64.00,63.78
2010-11-10,63.78,63.42
2010-11-11,63.78,62.84
2010-11-12,62.79,61.52
2010-11-15,62.51,62.19
2010-11-16,62.01,60.92
2010-11-18,61.35,60.88
2010-11-19,61.10,59.81
2010-11-22,61.35,61.06
2010-11-23,60.90,60.32
2010-11-24,60.80,59.67
2010-11-25,60.04,58.97
2010-11-26,59.49,58.60
2010-11-29,59.50,59.25
2010-11-30,61.86,59.60
2010-12-01,60.10,59.95
2010-12-02,60.90,60.80
2010-12-03,60.97,60.70
2010-12-06,61.20,60.44
2010-12-07,60.90,60.64
2010-12-08,60.39,59.65
2010-12-09,60.04,58.53
2010-12-10,59.69,59.46
2010-12-13,60.30,60.02
2010-12-14,60.50,60.42
2010-12-15,60.30,59.74
2010-12-16,60.50,60.30
2010-12-20,60.70,60.33
2010-12-21,60.77,60.62
2010-12-22,61.00,60.48
2010-12-23,60.75,60.64
2010-12-24,60.85,60.83
2010-12-27,61.04,60.92
2010-12-28,61.00,60.91
2010-12-29,61.30,61.21
2010-12-30,61.49,61.16
2010-12-31,61.98,61.88
2011-01-03,62.29,62.17
2011-01-04,62.20,61.78
2011-01-05,62.00,61.47
2011-01-06,61.70,60.75
2011-01-07,60.95,59.90
2011-01-10,60.10,58.50
2011-01-11,59.05,57.87
2011-01-12,59.75,59.49
2011-01-13,59.40,58.43
2011-01-14,59.10,57.55
2011-01-17,57.90,57.35
2011-01-18,58.33,58.14
2011-01-19,58.49,57.89
2011-01-20,58.40,58.11
2011-01-21,58.24,57.92
2011-01-24,58.60,58.36
2011-01-25,58.90,57.79
2011-01-27,58.40,56.90
2011-01-28,57.10,55.85
2011-01-31,55.96,55.47
2011-02-01,56.00,54.60
2011-02-02,55.39,54.63
2011-02-03,56.00,55.90
2011-02-04,56.22,54.64
2011-02-07,56.26,55.19
2011-02-08,55.07,53.97
2011-02-09,54.26,53.35
2011-02-10,53.70,53.12
2011-02-11,54.26,53.97
2011-02-14,55.62,55.51
2011-02-15,56.15,55.48
2011-02-16,55.90,55.74
2011-02-17,56.10,55.98
2011-02-18,56.39,55.41
2011-02-21,56.20,55.97
2011-02-22,56.10,55.63
2011-02-23,55.65,54.84
2011-02-24,54.99,53.53
2011-02-25,54.60,53.81
2011-02-28,55.69,54.16
2011-03-01,55.96,55.77
2011-03-03,56.37,55.89
2011-03-04,56.65,56.19
2011-03-07,55.95,55.35
2011-03-08,55.90,55.85
2011-03-09,56.39,56.00
2011-03-10,55.99,55.79
2011-03-11,55.86,55.33
2011-03-14,56.09,55.99
2011-03-15,55.70,55.31
2011-03-16,56.00,55.73
2011-03-17,55.95,55.23
2011-03-18,55.57,54.66
2011-03-21,54.99,54.54
2011-03-22,55.27,55.00
2011-03-23,55.50,55.37
2011-03-24,56.10,55.97
2011-03-25,56.72,56.66
2011-03-28,57.80,57.59
2011-03-29,58.10,57.85
2011-03-30,58.80,58.57
2011-03-31,58.91,58.43
2011-04-01,59.00,58.97
2011-04-04,59.65,59.57
2011-04-05,59.90,59.39
2011-04-06,59.78,59.23
2011-04-07,59.50,59.11
2011-04-08,59.45,58.89
2011-04-11,58.80,58.46
2011-04-13,59.49,59.34
2011-04-15,59.50,58.65
2011-04-18,59.49,57.76
2011-04-19,58.35,57.81
2011-04-20,59.50,59.17
2011-04-21,59.70,59.48
2011-04-25,59.85,59.52
2011-04-26,59.70,59.24
2011-04-27,59.80,59.33
2011-04-28,59.77,58.51
2011-04-29,58.69,57.95
2011-05-02,58.35,57.65
2011-05-03,57.90,56.61
2011-05-04,56.90,56.27
2011-05-05,57.87,55.61
2011-05-06,56.65,56.45
2011-05-09,56.99,56.42
2011-05-10,56.90,56.03
2011-05-11,56.45,56.28
2011-05-12,56.50,55.57
2011-05-13,56.82,56.22
2011-05-16,56.29,55.92
2011-05-17,56.03,55.12
2011-05-18,55.45,55.14
2011-05-19,56.30,55.48
2011-05-20,56.15,55.80
2011-05-23,56.40,54.80
2011-05-24,55.12,54.93
2011-05-25,55.40,54.46
2011-05-26,55.28,55.11
2011-05-27,56.29,55.90
2011-05-30,56.10,55.72
2011-05-31,56.43,56.27
2011-06-01,56.60,56.34
2011-06-02,56.50,56.35
2011-06-03,56.60,55.92
2011-06-06,56.20,56.12
2011-06-07,56.49,56.36
2011-06-08,56.36,55.99
2011-06-09,56.30,56.23
2011-06-10,56.21,55.85
2011-06-13,56.38,56.10
2011-06-14,56.33,55.86
2011-06-15,56.04,55.15
2011-06-16,55.09,54.62
2011-06-17,54.99,54.76
2011-06-20,54.88,53.72
2011-06-21,54.44,53.92
2011-06-22,54.28,53.91
2011-06-23,54.53,54.23
2011-06-24,55.77,55.63
2011-06-27,56.10,55.99
2011-06-28,56.50,56.44
2011-06-29,56.85,56.71
2011-06-30,57.15,56.99
2011-07-01,57.50,57.12
2011-07-04,57.55,57.23
2011-07-05,57.38,57.25
2011-07-06,57.38,57.19
2011-07-07,58.09,57.98
2011-07-08,58.30,57.44
2011-07-11,57.40,57.04
2011-07-12,56.90,56.55
2011-07-13,56.90,56.84
2011-07-14,57.40,56.95
2011-07-15,57.20,56.79
2011-07-18,57.39,56.96
2011-07-19,57.60,57.49
2011-07-20,57.55,56.39
2011-07-21,56.74,56.44
2011-07-22,57.20,57.15
2011-07-25,57.60,57.40
2011-07-26,57.69,56.57
2011-07-27,56.97,56.33
2011-07-28,56.35,56.18
2011-07-29,57.50,56.37
2011-08-01,56.86,56.50
2011-08-02,56.24,55.61
2011-08-03,55.70,55.38
2011-08-04,55.55,54.58
2011-08-05,55.10,53.32
2011-08-08,53.28,52.39
2011-08-09,52.98,51.93
2011-08-10,53.25,52.92
2011-08-11,53.09,52.57
2011-08-12,52.90,51.95
2011-08-16,53.00,51.60
2011-08-17,52.47,51.84
2011-08-18,51.90,50.63
2011-08-19,50.30,49.69
2011-08-22,50.42,50.19
2011-08-23,51.00,50.72
2011-08-24,51.10,50.13
2011-08-25,50.30,49.67
2011-08-26,49.98,48.73
2011-08-29,50.80,50.51
2011-08-30,51.17,50.90
2011-09-02,51.60,51.46
2011-09-05,51.38,51.13
2011-09-06,51.78,51.62
2011-09-07,52.35,52.13
2011-09-08,52.50,52.29
2011-09-09,52.40,51.53
2011-09-12,51.00,50.50
2011-09-13,51.29,50.51
2011-09-14,51.10,50.88
2011-09-15,51.49,51.29
2011-09-16,51.94,51.40
2011-09-19,51.80,50.76
2011-09-20,52.29,52.02
2011-09-21,52.20,51.95
2011-09-22,51.35,50.23
2011-09-23,50.23,49.76
2011-09-26,49.70,49.39
2011-09-27,50.55,50.40
2011-09-28,50.60,50.19
2011-09-29,50.97,50.81
2011-09-30,50.99,50.04
2011-10-03,51.24,49.48
2011-10-04,49.75,48.74
2011-10-05,49.27,48.54
2011-10-07,50.50,49.80
2011-10-10,50.77,50.60
2011-10-11,51.25,50.36
2011-10-12,51.87,51.71
2011-10-13,52.10,51.77
2011-10-14,52.40,52.28
2011-10-17,52.46,51.86
2011-10-18,51.55,51.31
2011-10-19,52.26,52.20
2011-10-20,51.90,51.84
2011-10-21,52.20,51.46
2011-10-24,52.30,51.64
2011-10-25,52.90,52.59
2011-10-28,54.75,54.51
2011-10-31,54.40,53.88
2011-11-01,53.70,53.17
2011-11-02,53.65,53.23
2011-11-03,53.48,53.30
2011-11-04,53.90,53.51
2011-11-08,53.89,53.70
2011-11-09,53.95,53.02
2011-11-11,53.20,52.57
2011-11-14,53.01,52.24
2011-11-15,52.35,51.61
2011-11-16,51.50,51.07
2011-11-17,51.29,50.29
2011-11-18,50.18,49.66
2011-11-21,49.70,48.82
2011-11-22,49.58,48.99
2011-11-23,49.00,48.26
2011-11-24,49.84,48.57
2011-11-25,48.90,48.55
2011-11-28,49.50,49.35
2011-11-29,49.54,49.07
2011-11-30,49.17,49.07
2011-12-01,51.00,50.19
2011-12-02,51.60,51.31
2011-12-05,51.50,51.11
2011-12-07,51.84,51.20
2011-12-08,51.26,50.19
2011-12-09,50.24,49.76
2011-12-12,50.00,48.66
2011-12-13,49.20,48.83
2011-12-14,49.35,48.95
2011-12-15,49.70,48.73
2011-12-16,49.27,47.83
2011-12-19,48.12,47.56
2011-12-20,47.70,46.39
2011-12-21,48.00,47.76
2011-12-22,48.29,48.11
2011-12-23,48.40,48.08
2011-12-26,48.80,48.66
2011-12-27,48.90,48.30
2011-12-28,48.44,47.98
2011-12-29,47.96,47.43
2011-12-30,47.77,47.01
2012-01-02,47.30,47.18
2012-01-03,48.60,48.51
2012-01-04,48.60,48.35
2012-01-05,48.60,48.35
2012-01-06,48.89,48.48
2012-01-09,48.57,48.26
2012-01-10,49.47,49.38
2012-01-11,49.50,49.16
2012-01-12,49.39,48.94
2012-01-13,49.62,49.33
2012-01-16,49.44,49.35
2012-01-17,50.29,50.15
2012-01-18,50.30,50.03
2012-01-19,50.70,50.60
2012-01-20,51.04,50.80
2012-01-23,51.38,51.23
2012-01-24,51.93,51.76
2012-01-25,52.25,52.14
2012-01-27,52.60,52.47
2012-01-30,52.31,52.03
2012-01-31,52.80,52.59
2012-02-01,53.09,53.00
2012-02-02,53.38,53.17
2012-02-03,53.95,53.85
2012-02-06,54.50,54.03
2012-02-07,54.46,53.91
2012-02-08,54.50,54.21
2012-02-09,54.84,54.64
2012-02-10,54.78,54.29
2012-02-13,54.70,54.44
2012-02-14,55.00,54.87
2012-02-15,56.05,55.93
2012-02-16,55.95,55.82
2012-02-17,56.65,56.31
2012-02-21,56.85,56.77
2012-02-22,56.88,55.74
2012-02-23,56.40,55.61
2012-02-24,55.83,55.23
2012-02-27,55.55,53.82
2012-02-28,55.00,54.92
2012-02-29,55.67,55.15
2012-03-01,54.99,54.55
2012-03-02,55.00,54.60
2012-03-05,54.60,53.95
2012-03-06,54.90,53.32
2012-03-07,53.50,53.38
2012-03-09,54.10,53.57
2012-03-12,54.30,53.75
2012-03-13,54.69,54.54
2012-03-14,55.06,54.81
2012-03-15,54.80,54.02
2012-03-16,54.67,53.26
2012-03-19,53.40,52.72
2012-03-20,53.10,52.90
2012-03-21,54.00,53.88
2012-03-22,53.97,52.40
2012-03-23,53.18,52.79
2012-03-26,52.80,52.19
2012-03-27,52.85,52.50
2012-03-28,52.60,52.25
2012-03-29,52.50,52.25
2012-03-30,53.50,53.33
2012-04-02,53.54,53.35
2012-04-03,53.97,53.78
2012-04-04,53.60,53.31
2012-04-09,53.08,52.72
2012-04-10,52.97,52.87
2012-04-11,53.10,52.75
2012-04-12,53.35,53.25
2012-04-13,53.45,52.27
2012-04-16,52.74,52.59
2012-04-17,53.48,53.27
2012-04-18,53.69,53.12
2012-04-19,53.60,53.46
2012-04-20,53.40,52.96
2012-04-23,53.08,52.15
2012-04-24,52.63,52.51
2012-04-25,52.62,52.21
2012-04-26,52.60,52.39
2012-04-27,52.67,52.14
2012-04-30,52.81,52.51
2012-05-02,54.00,52.57
2012-05-03,52.57,52.09
2012-05-04,52.10,51.06
2012-05-07,51.74,51.53
2012-05-08,51.60,50.49
2012-05-09,50.70,50.11
2012-05-10,50.79,50.03
2012-05-11,50.17,49.91
2012-05-14,50.00,48.85
2012-05-15,49.69,49.52
2012-05-16,49.48,49.01
2012-05-17,49.53,49.06
2012-05-18,49.43,49.17
2012-05-21,49.49,49.32
2012-05-22,49.68,48.89
2012-05-23,49.10,48.77
2012-05-24,49.70,49.59
2012-05-25,50.09,49.86
2012-05-28,50.19,49.90
2012-05-29,50.49,50.30
2012-05-30,50.26,49.60
2012-05-31,50.30,49.87
2012-06-01,49.92,49.01
2012-06-04,49.60,49.06
2012-06-05,49.50,49.17
2012-06-06,51.15,50.57
2012-06-07,50.85,50.83
2012-06-08,51.20,50.98
2012-06-11,51.78,50.97
2012-06-12,51.60,51.48
2012-06-13,51.68,51.48
2012-06-14,51.69,50.98
2012-06-15,51.88,51.79
2012-06-18,52.20,50.94
2012-06-19,51.72,51.49
2012-06-20,51.96,51.72
2012-06-21,52.18,52.06
2012-06-22,52.03,51.79
2012-06-25,52.39,51.58
2012-06-26,51.69,51.54
2012-06-27,51.97,51.90
2012-06-28,52.15,51.93
2012-06-29,53.90,53.40
2012-07-02,53.60,53.23
2012-07-03,53.58,53.17
2012-07-04,53.50,53.39
2012-07-05,53.70,53.59
2012-07-06,53.59,53.40
2012-07-09,53.38,52.86
2012-07-10,53.59,53.49
2012-07-11,53.44,53.10
2012-07-12,53.00,52.56
2012-07-13,52.75,52.40
2012-07-16,52.85,52.51
2012-07-17,52.69,52.20
2012-07-18,52.88,52.76
2012-07-19,53.19,53.04
2012-07-20,53.00,52.66
2012-07-23,52.50,51.72
2012-07-24,52.00,51.86
2012-07-25,52.00,51.87
2012-07-26,51.90,51.19
2012-07-27,52.07,51.52
2012-07-30,52.50,52.44
2012-07-31,52.98,52.80
2012-08-01,53.35,52.78
2012-08-02,53.00,52.79
2012-08-03,52.79,52.68
2012-08-06,53.28,53.12
2012-08-07,53.75,53.53
2012-08-08,53.90,53.61
2012-08-09,53.88,53.51
2012-08-10,53.64,53.45
2012-08-13,53.90,53.80
2012-08-14,54.20,54.13
2012-08-16,54.19,53.97
2012-08-17,54.21,53.81
2012-08-21,54.50,54.42
2012-08-22,54.56,54.35
2012-08-23,54.76,54.46
2012-08-24,54.30,54.10
2012-08-27,54.20,53.84
2012-08-28,53.89,53.63
2012-08-29,53.70,53.15
2012-08-30,53.59,53.39
2012-08-31,53.30,52.81
2012-09-03,53.30,52.71
2012-09-04,53.06,53.00
2012-09-05,52.85,52.60
2012-09-06,52.89,52.72
2012-09-07,54.14,54.02
2012-09-10,54.28,54.13
2012-09-11,54.22,54.14
2012-09-12,54.65,54.57
2012-09-13,54.70,54.54
2012-09-14,56.29,56.09
2012-09-17,57.28,56.57
2012-09-18,56.65,56.26
2012-09-20,56.10,55.81
2012-09-21,57.40,57.21
2012-09-24,57.40,56.99
2012-09-25,57.50,57.05
2012-09-26,57.10,57.03
2012-09-27,57.39,56.84
2012-09-28,57.70,57.28
2012-10-01,57.69,57.52
2012-10-03,57.78,57.78
2012-10-04,58.41,58.25
2012-10-05,58.50,57.77
2012-10-08,57.70,57.14
2012-10-09,57.58,57.31
2012-10-10,57.20,56.84
2012-10-11,58.06,57.98
2012-10-12,58.01,57.41
2012-10-15,57.60,57.41
2012-10-16,57.70,56.83
2012-10-17,57.30,56.88
2012-10-18,57.53,57.50
2012-10-19,57.45,57.11
2012-10-22,57.60,57.50
2012-10-23,57.56,57.24
2012-10-25,57.51,57.47
2012-10-29,57.43,57.43
2012-10-30,56.75,56.75
2012-10-31,56.97,56.97
2012-11-01,57.27,57.27
2012-11-02,57.80,57.80
2012-11-05,57.87,57.87
2012-11-06,58.07,58.07
2012-11-07,58.43,58.43
2012-11-08,58.22,58.22
2012-11-09,57.68,57.68
2012-11-12,57.66,57.66
2012-11-15,57.12,57.12
2012-11-16,56.54,56.54
2012-11-19,56.51,56.51
2012-11-20,56.51,56.51
2012-11-21,56.95,56.95
2012-11-22,57.08,57.08
2012-11-23,57.07,57.07
2012-11-26,57.16,57.16
2012-11-27,58.09,58.09
2012-11-29,59.08,59.08
2012-11-30,59.63,59.63
2012-12-03,59.54,59.54
2012-12-04,59.72,59.72
2012-12-05,59.84,59.84
2012-12-06,60.14,60.14
2012-12-07,59.90,59.90
2012-12-10,59.92,59.92
2012-12-11,59.81,59.81
2012-12-12,59.70,59.70
2012-12-13,59.33,59.33
2012-12-14,59.62,59.62
2012-12-17,59.39,59.39
2012-12-18,59.79,59.79
2012-12-19,60.12,60.12
2012-12-20,59.98,59.98
2012-12-21,59.29,59.29
2012-12-24,59.39,59.39
2012-12-26,59.90,59.90
2012-12-27,59.54,59.54
2012-12-28,59.92,59.92
2012-12-31,59.89,59.89
2013-01-01,60.35,60.35
2013-01-02,60.78,60.78
2013-01-03,60.94,60.94
2013-01-04,61.01,61.01
2013-01-07,60.73,60.73
2013-01-08,60.86,60.86
2013-01-09,60.55,60.55
2013-01-10,60.52,60.52
2013-01-11,60.35,60.35
2013-01-14,61.08,61.08
2013-01-15,61.41,61.41
2013-01-16,60.86,60.86
2013-01-17,61.23,61.23
2013-01-18,61.49,61.49
2013-01-21,61.67,61.67
2013-01-22,61.33,61.33
2013-01-23,61.39,61.39
2013-01-24,61.04,61.04
2013-01-25,61.60,61.60
2013-01-28,61.60,61.60
2013-01-29,61.34,61.34
2013-01-30,61.40,61.40
2013-01-31,61.19,61.19
2013-02-01,60.82,60.82
2013-02-04,60.70,60.70
2013-02-05,60.40,60.40
2013-02-06,60.42,60.42
2013-02-07,60.21,60.21
2013-02-08,59.86,59.86
2013-02-11,59.80,59.80
2013-02-12,60.05,60.05
2013-02-13,60.15,60.15
2013-02-14,59.79,59.79
2013-02-15,59.70,59.70
2013-02-18,59.81,59.81
2013-02-19,60.23,60.23
2013-02-20,60.27,60.27
2013-02-21,59.35,59.35
2013-02-22,59.33,59.33
2013-02-25,59.37,59.37
2013-02-26,58.42,58.42
2013-02-27,58.78,58.78
2013-02-28,57.73,57.73
2013-03-01,58.02,58.02
2013-03-04,57.80,57.80
2013-03-05,58.67,58.67
2013-03-06,59.02,59.02
2013-03-07,59.47,59.47
2013-03-08,60.30,60.30
2013-03-11,60.26,60.26
2013-03-12,59.98,59.98
2013-03-13,59.34,59.34
2013-03-14,59.17,59.17
2013-03-15,58.81,58.81
2013-03-18,58.45,58.45
2013-03-19,57.56,57.56
2013-03-20,57.04,57.04
2013-03-21,56.69,56.69
2013-03-22,56.64,56.64
2013-03-25,56.46,56.46
2013-03-26,56.54,56.54
2013-03-28,56.94,56.94
2013-04-01,57.16,57.16
2013-04-02,57.59,57.59
2013-04-03,56.84,56.84
2013-04-04,55.86,55.86
2013-04-05,55.64,55.64
2013-04-08,55.54,55.54
2013-04-09,55.06,55.06
2013-04-10,55.69,55.69
2013-04-11,56.05,56.05
2013-04-12,55.39,55.39
2013-04-15,55.79,55.79
2013-04-16,56.99,56.99
2013-04-17,56.99,56.99
2013-04-18,57.93,57.93
2013-04-22,58.44,58.44
2013-04-23,58.47,58.47
2013-04-25,59.26,59.26
2013-04-26,58.81,58.81
2013-04-29,59.14,59.14
2013-04-30,59.40,59.40
2013-05-02,60.09,60.09
2013-05-03,59.53,59.53
2013-05-06,59.80,59.80
2013-05-07,60.52,60.52
2013-05-08,60.78,60.78
2013-05-09,60.59,60.59
2013-05-10,61.08,61.08
2013-05-13,59.93,59.93
2013-05-14,60.08,60.08
2013-05-15,61.60,61.60
2013-05-16,61.83,61.83
2013-05-17,62.00,62.00
2013-05-20,61.69,61.69
2013-05-21,61.27,61.27
2013-05-22,61.07,61.07
2013-05-23,59.80,59.80
2013-05-24,59.96,59.96
2013-05-27,60.96,60.96
2013-05-28,61.27,61.27
2013-05-29,61.20,61.20
2013-05-30,61.51,61.51
2013-05-31,60.21,60.21
2013-06-03,59.75,59.75
2013-06-04,59.55,59.55
2013-06-05,59.59,59.59
2013-06-06,59.59,59.59
2013-06-07,59.18,59.18
2013-06-10,59.15,59.15
2013-06-11,58.26,58.26
2013-06-12,57.97,57.97
2013-06-13,57.41,57.41
2013-06-14,58.51,58.51
2013-06-17,58.93,58.93
2013-06-18,58.56,58.56
2013-06-19,58.65,58.65
2013-06-20,56.98,56.98
2013-06-21,57.09,57.09
2013-06-24,57.10,56.52
2013-06-25,57.18,56.85
2013-06-26,56.94,56.30
2013-06-27,57.30,57.12
2013-06-28,59.10,58.97
2013-07-01,59.35,59.27
2013-07-02,59.29,59.00
2013-07-03,59.00,58.71
2013-07-04,59.05,58.78
2013-07-05,59.40,59.07
2013-07-08,59.00,58.75
2013-07-09,59.29,59.06
2013-07-10,59.30,58.63
2013-07-11,59.90,59.66
2013-07-12,60.56,60.44
2013-07-15,60.87,60.73
2013-07-16,60.30,59.96
2013-07-17,60.35,60.13
2013-07-18,60.90,60.75
2013-07-19,61.08,60.75
2013-07-22,61.01,60.76
2013-07-23,61.35,61.21
2013-07-24,61.00,60.27
2013-07-25,60.58,59.58
2013-07-26,59.90,59.24
2013-07-29,59.30,58.76
2013-07-30,59.25,58.20
2013-07-31,58.30,58.12
2013-08-01,58.67,57.92
2013-08-02,60.10,57.84
2013-08-05,58.10,57.40
2013-08-06,57.30,56.34
2013-08-07,57.10,56.01
2013-08-08,56.60,56.40
2013-08-12,56.98,56.76
2013-08-13,58.30,57.71
2013-08-14,58.20,58.01
2013-08-16,57.90,55.98
2013-08-19,56.20,54.97
2013-08-20,55.00,54.65
2013-08-21,55.59,53.93
2013-08-22,54.89,54.76
2013-08-23,55.28,55.19
2013-08-26,55.90,55.27
2013-08-27,55.10,53.70
2013-08-28,54.71,53.58
2013-08-29,54.90,54.59
2013-08-30,55.42,55.08
2013-09-02,56.30,56.06
2013-09-03,56.30,54.27
2013-09-04,55.40,55.03
2013-09-05,56.75,56.48
2013-09-06,57.39,57.33
2013-09-10,59.67,59.40
2013-09-11,59.74,59.66
2013-09-12,59.84,59.07
2013-09-13,59.49,59.12
2013-09-16,60.07,59.04
2013-09-17,59.22,59.16
2013-09-18,59.80,59.57
2013-09-19,61.97,61.76
2013-09-20,61.80,60.78
2013-09-23,60.78,59.68
2013-09-24,60.04,59.56
2013-09-25,59.67,59.44
2013-09-26,59.90,59.60
2013-09-27,59.80,59.08
2013-09-30,58.80,58.22
2013-10-01,58.70,58.60
2013-10-03,59.92,59.84
2013-10-04,60.25,59.74
2013-10-07,59.97,59.83
2013-10-08,60.50,60.39
2013-10-09,61.09,60.98
2013-10-10,61.10,61.00
2013-10-11,61.73,61.61
2013-10-14,61.90,61.78
2013-10-15,62.13,61.51
2013-10-17,61.78,61.13
2013-10-18,62.65,62.50
2013-10-21,62.87,62.72
2013-10-22,62.84,62.67
2013-10-23,62.80,62.41
2013-10-24,63.17,62.31
2013-10-25,62.55,62.22
2013-10-28,62.50,61.76
2013-10-29,62.99,62.88
2013-10-30,63.32,63.14
2013-10-31,63.69,63.59
2013-11-01,63.99,63.80
2013-11-05,64.00,63.32
2013-11-06,63.44,62.89
2013-11-07,63.70,62.56
2013-11-08,62.55,62.15
2013-11-11,62.17,61.58
2013-11-12,61.88,61.09
2013-11-13,61.20,60.62
2013-11-14,63.50,61.23
2013-11-18,62.70,62.55
2013-11-19,62.81,62.76
2013-11-20,62.80,62.00
2013-11-21,61.84,60.78
2013-11-22,61.15,60.69
2013-11-25,61.99,61.91
2013-11-26,61.79,61.35
2013-11-27,64.34,61.28
2013-11-28,61.85,61.55
2013-11-29,62.49,62.42
2013-12-02,62.96,62.90
2013-12-03,62.88,62.71
2013-12-04,62.75,62.32
2013-12-05,63.60,63.28
2013-12-06,63.74,63.54
2013-12-09,65.09,64.22
2013-12-10,64.40,64.00
2013-12-11,64.00,63.82
2013-12-12,63.78,63.09
2013-12-13,62.83,62.46
2013-12-16,62.59,62.29
2013-12-17,62.60,62.06
2013-12-18,63.10,62.91
2013-12-19,63.09,62.24
2013-12-20,63.58,63.46
2013-12-23,63.88,63.64
2013-12-24,70.00,63.38
2013-12-26,63.88,63.56
2013-12-27,63.99,63.88
2013-12-30,64.05,63.58
2013-12-31,63.90,63.75
2014-01-01,63.93,63.72
2014-01-02,64.30,62.86
2014-01-03,62.94,62.79
2014-01-06,62.84,62.54
2014-01-07,62.88,62.39
2014-01-08,62.60,62.43
2014-01-09,62.58,62.36
2014-01-10,63.09,62.47
2014-01-13,63.65,63.36
2014-01-14,63.49,63.09
2014-01-15,63.90,63.81
2014-01-16,64.07,63.88
2014-01-17,63.96,63.23
2014-01-20,63.95,63.88
2014-01-21,64.00,63.71
2014-01-22,64.32,64.24
2014-01-23,64.40,64.29
2014-01-24,64.08,63.46
2014-01-27,63.20,62.10
2014-01-28,62.49,62.13
2014-01-29,62.80,62.43
2014-01-30,62.06,61.67
2014-01-31,61.85,61.72
2014-02-03,61.77,61.29
2014-02-04,61.19,60.93
2014-02-05,61.20,61.09
2014-02-06,66.36,61.11
2014-02-07,61.70,61.60
2014-02-10,61.80,61.48
2014-02-11,61.70,61.60
2014-02-12,62.08,61.72
2014-02-13,61.80,60.83
2014-02-14,61.43,61.34
2014-02-17,61.80,61.62
2014-02-18,62.18,62.00
2014-02-19,62.40,62.25
2014-02-20,62.20,61.83
2014-02-21,62.48,62.32
2014-02-24,62.64,62.59
2014-02-25,62.85,62.80
2014-02-26,63.15,63.07
2014-02-28,63.54,63.44
2014-03-03,63.59,62.88
2014-03-04,63.73,63.65
2014-03-05,64.08,64.01
2014-03-06,64.80,64.67
2014-03-07,66.10,66.02
2014-03-10,65.98,65.74
2014-03-11,65.90,65.10
2014-03-12,65.49,65.25
2014-03-13,65.59,64.91
2014-03-14,65.13,65.04
2014-03-18,65.71,65.16
2014-03-19,65.50,65.30
2014-03-20,65.40,64.86
2014-03-21,65.19,64.97
2014-03-24,65.99,65.85
2014-03-25,66.00,65.98
2014-03-26,66.24,65.89
2014-03-27,66.49,66.27
2014-03-28,67.06,66.94
2014-03-31,67.60,67.00
2014-04-01,67.25,67.15
2014-04-02,67.80,67.61
2014-04-03,67.70,67.36
2014-04-04,67.32,67.10
2014-04-07,67.30,67.00
2014-04-09,68.15,67.98
2014-04-10,68.38,67.99
2014-04-11,68.10,67.91
2014-04-15,68.10,67.66
2014-04-16,68.10,67.20
2014-04-17,68.00,67.94
2014-04-21,68.50,68.46
2014-04-22,68.55,68.31
2014-04-23,69.29,68.71
2014-04-25,68.75,68.19
2014-04-28,68.50,67.91
2014-04-29,68.00,67.46
2014-04-30,68.00,67.28
2014-05-02,67.66,66.98
2014-05-05,67.60,67.27
2014-05-06,67.58,67.40
2014-05-07,67.50,66.92
2014-05-08,67.10,66.77
2014-05-09,69.80,69.21
2014-05-12,70.50,70.37
2014-05-13,71.81,71.07
2014-05-14,71.49,71.31
2014-05-15,71.67,71.45
2014-05-16,76.10,72.31
2014-05-19,73.28,72.93
2014-05-20,73.25,72.69
2014-05-21,73.07,72.96
2014-05-22,73.34,73.01
2014-05-23,74.20,74.01
2014-05-26,75.05,73.89
2014-05-27,73.90,73.14
2014-05-28,73.74,73.32
2014-05-29,73.52,72.96
2014-05-30,73.20,72.38
2014-06-02,73.83,73.74
2014-06-03,74.59,74.49
2014-06-04,74.60,74.34
2014-06-05,78.60,75.06
2014-06-06,76.34,76.17
2014-06-09,77.32,77.11
2014-06-10,77.42,77.16
2014-06-11,77.87,76.82
2014-06-12,77.10,76.89
2014-06-13,77.30,76.38
2014-06-16,76.33,76.09
2014-06-17,77.00,76.89
2014-06-18,77.07,76.13
2014-06-19,76.60,76.02
2014-06-20,76.25,75.70
2014-06-23,76.00,75.39
2014-06-24,76.50,76.25
2014-06-25,76.30,76.15
2014-06-26,76.40,75.63
2014-06-27,76.03,75.57
2014-06-30,76.60,76.47
2014-07-01,76.90,76.76
2014-07-02,77.73,77.62
2014-07-03,77.98,77.71
2014-07-04,78.80,78.23
2014-07-07,78.49,78.28
2014-07-08,78.70,76.83
2014-07-09,77.04,76.26
2014-07-10,78.40,76.38
2014-07-11,76.70,75.20
2014-07-14,75.35,75.04
2014-07-15,75.90,75.80
2014-07-16,77.10,76.87
2014-07-17,77.04,76.96
2014-07-18,77.44,77.32
2014-07-21,77.82,77.47
2014-07-22,78.37,78.24
2014-07-23,78.65,78.61
2014-07-24,78.90,78.82
2014-07-25,78.89,78.45
2014-07-28,78.80,78.22
2014-07-30,78.70,78.61
2014-07-31,78.70,78.01
2014-08-01,78.19,77.12
2014-08-04,77.95,77.69
2014-08-05,78.39,78.20
2014-08-06,78.10,77.42
2014-08-07,77.75,77.25
2014-08-08,77.40,76.76
2014-08-11,77.29,77.12
2014-08-12,78.10,77.93
2014-08-13,78.39,78.28
2014-08-14,78.90,78.79
2014-08-18,79.66,79.57
2014-08-19,80.00,79.77
2014-08-20,79.80,79.50
2014-08-21,80.00,79.55
2014-08-22,80.10,80.02
2014-08-25,80.48,79.86
2014-08-26,80.19,80.09
2014-08-27,80.60,80.37
2014-08-28,80.70,80.61
2014-09-01,81.40,81.29
2014-09-02,82.04,81.89
2014-09-03,82.55,82.18
2014-09-04,82.18,81.75
2014-09-05,82.00,81.71
2014-09-08,82.65,82.59
2014-09-09,82.64,82.49
2014-09-10,82.40,81.99
2014-09-11,82.32,81.83
2014-09-12,82.09,81.89
2014-09-15,81.78,81.27
2014-09-16,81.30,80.37
2014-09-17,80.80,80.48
2014-09-18,82.18,82.04
2014-09-19,82.39,82.13
2014-09-22,82.70,82.59
2014-09-23,82.58,81.42
2014-09-24,81.50,81.14
2014-09-25,81.30,80.24
2014-09-26,81.18,80.89
2014-09-29,81.10,80.67
2014-09-30,81.40,80.72
2014-10-01,80.75,80.56
2014-10-07,80.56,79.38
2014-10-08,79.79,79.63
2014-10-09,80.59,80.41
2014-10-10,80.32,79.73
2014-10-13,80.05,79.91
2014-10-14,80.20,79.70
2014-10-16,79.95,78.69
2014-10-17,79.28,78.84
2014-10-20,80.50,79.92
2014-10-21,80.43,80.26
2014-10-22,80.87,80.68
2014-10-27,81.39,80.78
2014-10-28,81.29,81.10
2014-10-29,81.70,81.64
2014-10-30,82.88,82.84
2014-10-31,84.19,84.11
2014-11-03,84.50,84.35
2014-11-05,84.72,84.40
2014-11-07,84.69,84.54
2014-11-10,84.70,84.37
2014-11-11,84.80,84.65
2014-11-12,85.40,84.82
2014-11-13,85.00,84.56
2014-11-14,84.99,84.91
2014-11-17,85.35,85.26
2014-11-18,85.49,85.14
2014-11-19,85.30,84.61
2014-11-20,90.96,84.77
2014-11-21,85.78,85.51
2014-11-24,86.20,86.10
2014-11-25,86.15,85.64
2014-11-26,85.99,85.82
2014-11-27,86.40,86.32
2014-11-28,87.19,86.93
2014-12-01,87.10,86.44
2014-12-02,86.60,86.30
2014-12-03,86.79,86.46
2014-12-04,87.00,86.82
2014-12-05,86.99,86.75
2014-12-08,86.74,85.55
2014-12-09,85.50,84.59
2014-12-10,84.90,84.75
2014-12-11,84.67,84.19
2014-12-12,84.36,83.43
2014-12-15,83.47,83.29
2014-12-16,83.17,82.03
2014-12-17,82.16,81.52
2014-12-18,82.68,82.59
2014-12-19,83.59,83.41
2014-12-22,84.70,84.45
2014-12-23,84.69,83.60
2014-12-24,83.99,83.21
2014-12-26,83.40,82.81
2014-12-29,83.68,83.43
2014-12-30,83.60,83.39
2014-12-31,84.00,83.88
2015-01-01,83.97,83.81
2015-01-02,84.88,84.71
2015-01-05,85.22,84.49
2015-01-06,84.10,82.39
2015-01-07,82.36,82.00
2015-01-08,83.29,83.18
2015-01-09,84.80,83.61
2015-01-12,84.20,84.12
2015-01-13,84.46,83.69
2015-01-14,84.00,83.60
2015-01-15,86.00,85.66
2015-01-16,86.50,86.11
2015-01-19,86.50,86.22
2015-01-20,87.87,87.63
2015-01-21,88.20,88.06
2015-01-22,88.50,88.35
2015-01-23,90.00,89.20
2015-01-27,90.00,89.86
2015-01-28,90.55,89.79
2015-01-29,90.55,90.22
2015-01-30,90.80,89.48
2015-02-02,90.90,89.18
2015-02-03,89.90,88.65
2015-02-04,89.00,88.38
2015-02-05,89.40,88.23
2015-02-06,89.30,88.00
2015-02-09,87.60,86.56
2015-02-10,87.69,86.84
2015-02-11,87.90,87.67
2015-02-12,88.49,88.28
2015-02-13,89.34,89.07
2015-02-16,89.76,89.49
2015-02-18,90.00,89.82
2015-02-19,89.78,89.43
2015-02-20,89.45,88.86
2015-02-23,89.20,87.66
2015-02-24,88.53,88.05
2015-02-25,88.78,87.85
2015-02-26,88.38,87.37
2015-02-27,89.00,88.89
2015-02-28,89.20,89.20
2015-03-02,90.20,89.41
2015-03-03,90.29,90.18
2015-03-04,91.50,89.10
2015-03-05,89.80,89.58
2015-03-09,89.58,87.79
2015-03-10,88.18,87.56
2015-03-11,88.00,87.58
2015-03-12,88.19,88.09
2015-03-13,88.58,86.78
2015-03-16,87.08,86.80
2015-03-17,87.70,87.46
2015-03-18,87.79,87.10
2015-03-19,88.15,86.44
2015-03-20,86.70,86.29
2015-03-23,86.50,85.96
2015-03-24,86.78,86.07
2015-03-25,86.19,85.88
2015-03-26,85.67,84.32
2015-03-27,84.79,83.95
2015-03-30,85.20,85.05
2015-03-31,85.60,85.08
2015-04-01,86.14,86.06
2015-04-06,86.86,86.77
2015-04-07,87.18,86.79
2015-04-08,87.49,87.31
2015-04-09,87.96,87.86
2015-04-10,88.04,87.97
2015-04-13,88.52,88.38
2015-04-15,88.67,87.73
2015-04-16,87.74,87.34
2015-04-17,87.27,86.62
2015-04-20,86.55,84.86
2015-04-21,85.40,84.20
2015-04-22,85.50,84.67
2015-04-23,85.30,84.19
2015-04-24,84.29,83.26
2015-04-27,84.20,82.43
2015-04-28,83.45,83.15
2015-04-29,83.35,82.58
2015-04-30,82.55,82.28
2015-05-04,83.78,83.53
2015-05-05,83.79,83.53
2015-05-06,83.50,81.22
2015-05-07,81.50,81.21
2015-05-08,82.58,82.16
2015-05-11,83.50,83.41
2015-05-12,83.45,81.95
2015-05-13,82.98,82.77
2015-05-14,82.95,82.79
2015-05-15,83.80,83.32
2015-05-18,84.24,84.07
2015-05-19,84.58,83.83
2015-05-20,84.60,84.36
2015-05-21,84.58,84.45
2015-05-22,85.03,84.76
2015-05-25,84.65,84.01
2015-05-26,84.60,83.75
2015-05-27,83.68,83.46
2015-05-28,83.78,83.47
2015-05-29,84.79,84.64
2015-06-01,85.00,84.76
2015-06-02,84.75,83.68
2015-06-03,83.40,82.00
2015-06-04,82.20,82.10
2015-06-05,82.72,81.88
2015-06-08,82.10,81.29
2015-06-09,81.30,81.02
2015-06-10,81.94,81.72
2015-06-11,82.00,80.47
2015-06-12,80.69,80.59
2015-06-15,81.25,81.01
2015-06-16,81.50,81.22
2015-06-17,81.88,81.58
2015-06-18,82.50,82.40
2015-06-19,83.10,82.97
2015-06-22,84.15,84.09
2015-06-23,84.50,84.37
2015-06-24,84.70,84.16
2015-06-25,84.70,84.50
2015-06-26,84.90,84.58
2015-06-29,83.90,83.67
2015-06-30,84.49,84.38
2015-07-01,85.36,85.22
2015-07-02,85.49,85.04
2015-07-03,85.60,85.33
2015-07-06,86.00,85.87
2015-07-07,86.10,85.67
2015-07-08,85.28,84.48
2015-07-09,84.80,84.20
2015-07-10,84.80,84.56
2015-07-13,85.60,85.46
2015-07-14,85.65,85.35
2015-07-15,86.13,86.05
2015-07-16,86.89,86.70
2015-07-17,87.57,87.22
2015-07-20,87.32,87.11
2015-07-21,87.18,86.19
2015-07-22,87.26,87.07
2015-07-23,87.30,86.69
2015-07-24,86.68,86.24
2015-07-27,86.00,84.74
2015-07-28,85.08,84.40
2015-07-29,84.85,84.70
2015-07-30,85.47,85.36
2015-07-31,86.50,86.42
2015-08-03,86.73,86.64
2015-08-04,86.75,86.30
2015-08-05,87.00,86.71
2015-08-06,87.15,87.00
2015-08-07,87.00,86.71
2015-08-10,87.25,86.24
2015-08-11,86.30,85.73
2015-08-12,85.47,84.65
2015-08-13,85.30,84.66
2015-08-14,86.33,86.20
2015-08-17,86.30,85.50
2015-08-18,86.00,85.46
2015-08-19,86.03,85.68
2015-08-20,85.60,84.52
2015-08-21,84.38,84.18
2015-08-24,83.93,79.34
2015-08-25,81.40,79.93
2015-08-26,80.40,79.00
2015-08-27,80.64,80.57
2015-08-28,82.00,81.08
2015-08-31,81.54,80.86
2015-09-01,80.60,79.07
2015-09-02,79.66,78.32
2015-09-03,79.64,79.38
2015-09-04,79.20,77.81
2015-09-07,80.70,76.67
2015-09-08,78.37,77.95
2015-09-09,79.97,78.98
2015-09-10,79.38,79.01
2015-09-11,79.65,78.97
2015-09-14,79.70,79.54
2015-09-15,79.67,79.14
2015-09-16,79.99,79.79
2015-09-18,81.29,80.54
2015-09-21,80.64,80.51
2015-09-22,80.92,78.70
2015-09-23,79.65,79.11
2015-09-24,81.60,80.13
2015-09-28,80.70,78.81
2015-09-29,80.02,79.15
2015-09-30,80.29,80.20
2015-10-01,80.79,80.29
2015-10-05,81.99,81.87
2015-10-06,82.38,82.18
2015-10-07,83.00,82.47
2015-10-08,82.46,82.05
2015-10-09,83.00,82.59
2015-10-12,83.10,82.14
2015-10-13,82.28,81.99
2015-10-14,82.10,81.85
2015-10-15,82.60,82.52
2015-10-16,83.20,83.14
2015-10-19,83.63,83.49
2015-10-20,83.72,83.39
2015-10-21,83.86,83.34
2015-10-23,84.20,83.74
2015-10-26,84.06,83.42
2015-10-27,83.42,83.16
2015-10-28,83.07,82.71
2015-10-29,82.73,82.34
2015-10-30,82.69,81.86
2015-11-02,81.90,81.65
2015-11-03,82.30,81.81
2015-11-04,82.29,81.57
2015-11-05,81.53,80.79
2015-11-06,81.18,80.54
2015-11-09,80.49,80.31
2015-11-10,80.05,79.08
2015-11-13,79.50,78.73
2015-11-16,79.55,79.22
2015-11-17,79.70,79.43
2015-11-18,79.49,78.47
2015-11-19,79.70,79.57
2015-11-20,80.21,79.50
2015-11-23,79.90,79.60
2015-11-24,79.80,79.11
2015-11-26,79.90,79.80
2015-11-27,80.34,80.24
2015-11-30,80.50,80.33
2015-12-01,80.59,80.39
2015-12-02,80.70,80.17
2015-12-03,80.04,79.49
2015-12-04,79.30,78.93
2015-12-07,79.20,78.75
2015-12-08,78.69,78.10
2015-12-09,78.68,77.70
2015-12-10,77.98,77.89
2015-12-11,78.00,77.09
2015-12-14,77.45,77.23
2015-12-15,77.82,77.75
2015-12-16,79.00,78.24
2015-12-17,79.38,79.29
2015-12-18,79.28,78.75
2015-12-21,79.30,79.20
2015-12-22,79.36,78.82
2015-12-23,79.53,79.37
2015-12-24,79.80,79.61
2015-12-28,80.11,80.00
2015-12-29,80.22,80.13
2015-12-30,80.23,79.80
2015-12-31,80.51,80.30
2016-01-01,80.75,80.51
2016-01-04,80.35,79.03
2016-01-05,79.39,78.98
2016-01-06,79.09,78.52
2016-01-07,78.30,76.89
2016-01-08,77.43,77.06
2016-01-11,77.11,76.67
2016-01-12,77.00,76.20
2016-01-13,76.89,76.63
2016-01-14,76.89,76.22
2016-01-15,76.42,75.51
2016-01-18,75.60,74.57
2016-01-19,75.50,75.21
2016-01-20,74.80,74.00
2016-01-21,74.78,73.79
2016-01-22,75.40,75.31
2016-01-25,75.89,75.42
2016-01-27,75.69,75.26
2016-01-28,75.39,75.05
2016-01-29,76.46,76.23
2016-02-01,76.70,76.41
2016-02-02,76.70,75.60
2016-02-03,75.20,74.36
2016-02-04,75.50,74.76
2016-02-05,75.74,75.62
2016-02-08,75.84,74.69
2016-02-09,74.25,73.68
2016-02-10,73.50,73.17
2016-02-11,73.05,70.84
2016-02-12,72.00,70.77
2016-02-15,72.58,72.33
2016-02-16,72.79,71.40
2016-02-17,74.80,71.85
2016-02-18,72.89,72.64
2016-02-19,73.06,72.82
2016-02-22,73.29,73.10
2016-02-23,73.00,71.91
2016-02-24,71.84,71.27
2016-02-25,72.10,70.73
2016-02-26,71.50,71.32
2016-02-29,71.87,70.84
2016-03-01,73.05,72.90
2016-03-02,74.78,74.64
2016-03-03,75.56,75.43
2016-03-04,76.11,75.81
2016-03-08,76.10,75.72
2016-03-09,76.23,76.10
2016-03-10,76.30,75.67
2016-03-11,76.20,75.89
2016-03-14,76.70,76.52
2016-03-15,76.71,75.72
2016-03-16,76.25,76.10
2016-03-17,76.83,76.16
2016-03-18,77.04,76.98
2016-03-21,78.18,78.01
2016-03-22,79.20,78.56
2016-03-23,78.57,78.47
2016-03-28,78.99,77.98
2016-03-29,77.90,77.31
2016-03-30,78.64,78.54
2016-03-31,80.00,79.13
2016-04-01,79.00,78.15
2016-04-04,78.70,78.62
2016-04-05,78.47,77.25
2016-04-06,77.50,77.29
2016-04-07,77.40,76.49
2016-04-08,76.92,76.76
2016-04-11,77.98,77.84
2016-04-12,78.19,78.09
2016-04-13,79.46,79.33
2016-04-18,80.10,80.04
2016-04-20,80.40,80.11
2016-04-21,80.62,80.04
2016-04-22,80.17,79.91
2016-04-25,79.99,79.49
2016-04-26,80.75,80.63
2016-04-27,80.83,80.69
2016-04-28,80.82,79.47
2016-04-29,79.96,79.52
2016-05-02,79.30,79.12
2016-05-03,80.00,78.65
2016-05-04,78.70,78.17
2016-05-05,78.97,78.73
2016-05-06,79.50,78.55
2016-05-09,79.77,79.67
2016-05-10,80.03,79.83
2016-05-11,79.80,79.36
2016-05-12,80.10,79.91
2016-05-13,79.70,79.02
2016-05-16,79.90,79.80
2016-05-17,80.31,79.85
2016-05-18,79.77,79.59
2016-05-19,79.60,78.82
2016-05-20,79.20,78.71
2016-05-23,78.99,78.46
2016-05-24,78.55,78.41
2016-05-25,80.38,80.24
2016-05-26,81.79,81.51
2016-05-27,82.50,82.43
2016-05-30,82.97,82.76
2016-05-31,83.10,82.67
2016-06-01,83.18,82.89
2016-06-02,83.74,83.50
2016-06-03,83.69,83.23
2016-06-06,83.49,83.10
2016-06-07,84.14,83.80
2016-06-08,84.20,84.05
2016-06-09,84.03,83.38
2016-06-10,83.99,83.12
2016-06-13,82.80,82.60
2016-06-14,82.82,82.67
2016-06-15,83.33,83.19
2016-06-16,83.04,82.92
2016-06-17,83.40,82.91
2016-06-20,83.72,83.63
2016-06-21,83.62,83.36
2016-06-22,83.60,83.26
2016-06-23,84.15,83.96
2016-06-24,83.50,82.49
2016-06-27,82.60,82.45
2016-06-28,82.80,82.47
2016-06-29,83.40,83.27
2016-06-30,84.45,84.29
2016-07-01,84.88,84.53
2016-07-04,85.29,85.09
2016-07-05,85.10,84.65
2016-07-07,85.04,84.71
2016-07-08,84.85,84.54
2016-07-11,86.20,86.02
2016-07-12,86.60,86.53
2016-07-13,86.70,86.55
2016-07-14,87.05,86.94
2016-07-15,87.50,86.80
2016-07-18,87.35,86.50
2016-07-19,87.00,86.68
2016-07-20,87.24,87.15
2016-07-21,87.26,86.58
2016-07-22,87.29,86.92
2016-07-25,88.07,87.96
2016-07-26,88.10,87.59
2016-07-27,88.26,87.70
2016-07-28,88.23,88.12
2016-07-29,88.28,88.11
2016-08-01,88.65,87.97
2016-08-02,88.40,87.95
2016-08-03,87.99,87.06
2016-08-04,87.60,87.22
2016-08-05,88.50,88.39
2016-08-08,88.82,88.67
2016-08-09,88.68,88.34
2016-08-10,88.42,87.61
2016-08-11,87.70,87.47
2016-08-12,88.30,88.06
2016-08-16,88.39,88.03
2016-08-17,88.28,87.72
2016-08-18,89.00,88.26
2016-08-19,88.52,88.26
2016-08-22,88.50,87.81
2016-08-23,88.08,87.86
2016-08-24,88.21,88.07
2016-08-25,89.10,87.75
2016-08-26,88.00,87.37
2016-08-29,87.80,87.64
2016-08-30,89.11,88.97
2016-08-31,89.75,89.62
2016-09-01,89.75,89.43
2016-09-02,89.70,89.62
2016-09-06,91.10,90.98
2016-09-07,91.29,90.89
2016-09-08,91.50,91.28
2016-09-09,91.01,90.58
2016-09-12,90.50,89.11
2016-09-14,89.42,89.22
2016-09-15,89.23,89.13
2016-09-16,90.30,89.48
2016-09-19,89.90,89.76
2016-09-20,89.74,89.68
2016-09-21,90.10,89.57
2016-09-22,91.00,90.36
2016-09-23,90.50,90.03
2016-09-26,89.90,89.22
2016-09-27,89.50,88.86
2016-09-28,89.50,89.26
2016-09-29,91.00,88.06
2016-09-30,88.11,87.86
2016-10-03,89.30,89.18
2016-10-04,89.50,89.29
2016-10-05,89.61,89.09
2016-10-06,89.45,88.68
2016-10-07,89.00,88.58
2016-10-10,89.20,88.96
2016-10-13,88.70,87.41
2016-10-14,87.97,87.73
2016-10-17,87.80,86.91
2016-10-18,88.39,88.19
2016-10-19,88.48,88.21
2016-10-20,88.84,88.67
2016-10-21,91.87,88.61
2016-10-24,89.04,88.77
2016-10-25,88.81,88.70
2016-10-26,88.45,87.93
2016-10-27,88.20,88.08
2016-10-28,88.50,88.18
2016-11-01,88.60,88.18
2016-11-02,87.58,87.25
2016-11-03,87.48,87.07
2016-11-04,87.11,86.35
2016-11-07,87.90,87.25
2016-11-08,88.82,88.16
2016-11-09,87.49,86.24
2016-11-10,94.99,87.53
2016-11-11,86.70,85.01
2016-11-15,85.20,83.09
2016-11-16,83.96,82.96
2016-11-17,83.43,82.98
2016-11-18,83.10,82.68
2016-11-21,83.10,81.31
2016-11-22,82.19,82.00
2016-11-23,82.53,82.25
2016-11-24,82.08,81.76
2016-11-25,82.97,82.85
2016-11-28,83.38,83.25
2016-11-29,83.89,83.40
2016-11-30,84.00,83.92
2016-12-01,84.09,83.53
2016-12-02,83.30,82.62
2016-12-05,83.49,83.18
2016-12-06,83.55,83.25
2016-12-07,83.60,82.80
2016-12-08,84.10,84.00
2016-12-09,84.35,84.18
2016-12-12,84.09,83.35
2016-12-13,84.20,83.87
2016-12-14,83.91,83.43
2016-12-15,83.90,83.26
2016-12-16,83.30,83.04
2016-12-19,83.09,82.89
2016-12-20,83.00,82.62
2016-12-21,82.90,82.53
2016-12-22,82.50,81.59
2016-12-23,82.02,81.65
2016-12-26,81.54,80.78
2016-12-27,82.02,81.86
2016-12-28,82.47,81.86
2016-12-29,82.69,82.58
2016-12-30,83.58,83.49
2017-01-02,84.00,83.51
2017-01-03,83.89,83.61
2017-01-04,83.86,83.58
2017-01-05,84.50,84.39
2017-01-06,86.20,84.23
2017-01-09,84.35,84.13
2017-01-10,84.55,84.45
2017-01-11,85.47,85.43
2017-01-12,85.70,85.67
2017-01-13,85.96,85.60
2017-01-16,85.88,85.77
2017-01-17,86.20,85.56
2017-01-18,86.15,85.75
2017-01-19,86.05,85.95
2017-01-20,86.10,85.10
2017-01-23,85.69,85.46
2017-01-24,86.32,86.28
2017-01-25,87.60,87.46
2017-01-27,88.36,87.99
2017-01-30,88.17,87.94
2017-01-31,88.00,87.23
2017-02-01,88.87,88.73
2017-02-02,89.16,88.90
2017-02-03,89.14,88.99
2017-02-06,89.79,89.66
2017-02-07,89.90,89.37
2017-02-08,89.64,89.44
2017-02-09,89.90,89.46
2017-02-10,89.95,89.59
2017-02-13,90.00,89.70
2017-02-14,90.00,89.75
2017-02-15,90.00,89.04
2017-02-16,89.60,89.51
2017-02-17,90.40,89.95
2017-02-20,90.54,90.50
2017-02-21,90.88,90.72
2017-02-22,91.28,90.96
2017-02-23,91.46,91.13
2017-02-27,91.28,90.75
2017-02-28,91.00,90.67
2017-03-01,91.67,91.60
2017-03-02,92.00,91.07
2017-03-03,91.11,91.04
2017-03-06,91.63,91.56
2017-03-07,91.50,91.31
2017-03-08,91.50,91.08
2017-03-09,91.55,91.50
2017-03-10,91.71,91.45
2017-03-14,93.30,92.74
2017-03-15,93.08,92.70
2017-03-16,93.53,93.46
2017-03-17,93.70,93.43
2017-03-20,93.46,93.26
2017-03-21,93.40,93.31
2017-03-22,92.86,92.28
2017-03-23,93.12,93.00
2017-03-24,93.40,93.31
2017-03-27,98.12,92.60
2017-03-28,93.20,92.98
2017-03-29,93.49,93.24
2017-03-30,93.95,93.76
2017-03-31,93.90,93.83
2017-04-03,94.59,94.41
2017-04-05,95.00,94.53
2017-04-06,94.60,94.54
2017-04-07,94.60,93.96
2017-04-10,94.29,93.92
2017-04-11,94.44,94.34
2017-04-12,94.43,94.04
2017-04-13,94.20,93.51
2017-04-17,93.58,93.45
2017-04-18,94.15,92.96
2017-04-19,93.20,93.07
2017-04-20,93.43,93.36
2017-04-21,93.70,93.11
2017-04-24,94.28,94.15
2017-04-25,94.99,94.92
2017-04-26,95.60,95.41
2017-04-27,96.00,95.35
2017-04-28,95.50,94.99
2017-05-02,95.48,95.03
2017-05-03,95.69,95.04
2017-05-04,95.65,95.56
2017-05-05,95.70,94.90
2017-05-08,95.50,95.03
2017-05-09,95.50,95.11
2017-05-10,96.07,96.00
2017-05-11,96.48,96.11
2017-05-12,96.50,95.95
2017-05-15,96.43,96.31
2017-05-16,97.12,97.07
2017-05-17,97.40,97.21
2017-05-18,97.00,96.23
2017-05-19,97.07,96.25
2017-05-22,96.90,96.36
2017-05-23,96.60,95.80
2017-05-24,96.35,95.53
2017-05-25,97.17,97.05
2017-05-26,97.99,97.89
2017-05-29,98.39,98.03
2017-05-30,98.35,98.18
2017-05-31,98.50,98.22
2017-06-01,98.44,98.21
2017-06-02,98.70,98.63
2017-06-05,99.09,98.94
2017-06-06,99.40,98.55
2017-06-07,99.00,98.78
2017-06-08,99.00,98.74
2017-06-09,99.05,98.95
2017-06-12,98.95,98.32
2017-06-13,98.79,98.42
2017-06-14,98.70,98.37
2017-06-15,98.40,98.04
2017-06-16,98.35,98.05
2017-06-19,98.99,98.83
2017-06-20,99.02,98.88
2017-06-21,98.90,98.57
2017-06-22,99.38,98.50
2017-06-23,98.64,98.03
2017-06-27,98.43,97.35
2017-06-28,97.50,97.27
2017-06-29,98.10,97.36
2017-06-30,97.70,97.60
2017-07-03,98.55,98.42
2017-07-04,98.85,98.51
2017-07-05,98.87,98.79
2017-07-06,99.47,99.21
2017-07-07,99.27,99.01
2017-07-10,100.16,100.02
2017-07-11,100.69,100.38
2017-07-12,100.70,100.55
2017-07-13,101.50,101.43
2017-07-14,101.50,101.24
2017-07-17,101.87,101.69
2017-07-18,101.60,101.01
2017-07-19,101.75,101.63
2017-07-20,101.88,101.47
2017-07-21,101.89,101.77
2017-07-24,102.50,102.39
2017-07-25,102.76,102.50
2017-07-26,103.00,102.86
2017-07-27,103.88,103.05
2017-07-28,102.93,102.76
2017-07-31,103.50,103.43
2017-08-01,103.94,103.74
2017-08-02,104.40,103.78
2017-08-03,103.69,103.07
2017-08-04,103.86,103.75
2017-08-07,104.00,103.50
2017-08-08,103.80,102.91
2017-08-09,103.30,102.08
2017-08-10,102.00,100.68
2017-08-11,100.39,99.78
2017-08-14,101.03,100.93
2017-08-16,102.14,102.08
2017-08-17,102.47,102.16
2017-08-18,101.71,101.61
2017-08-21,101.90,100.60
2017-08-22,101.09,100.75
2017-08-23,101.64,101.53
2017-08-24,102.00,101.76
2017-08-28,102.39,102.28
2017-08-29,102.20,101.07
2017-08-30,102.19,101.87
2017-08-31,102.24,102.15
2017-09-01,102.90,102.86
2017-09-04,102.86,102.07
2017-09-05,102.61,102.46
2017-09-06,102.40,102.13
2017-09-07,102.60,102.35
2017-09-08,102.70,102.28
2017-09-11,103.32,103.05
2017-09-12,103.86,103.76
2017-09-13,104.11,103.60
2017-09-14,104.10,103.76
2017-09-15,104.02,103.76
2017-09-18,104.68,104.51
2017-09-19,104.56,104.47
2017-09-20,104.61,104.44
2017-09-21,105.00,104.01
2017-09-22,103.73,102.55
2017-09-25,103.50,101.69
2017-09-26,101.88,101.39
2017-09-27,102.30,100.62
2017-09-28,101.40,101.00
2017-09-29,102.00,101.00
2017-10-03,102.80,101.50
2017-10-04,102.21,102.07
2017-10-05,102.44,101.86
2017-10-06,103.15,103.08
2017-10-09,104.89,103.08
2017-10-10,103.50,103.20
2017-10-11,103.60,102.77
2017-10-12,104.00,103.87
2017-10-13,105.26,104.97
2017-10-16,105.71,105.60
2017-10-17,105.78,105.54
2017-10-18,105.57,105.39
2017-10-19,105.51,104.70
2017-10-23,105.29,105.16
2017-10-24,105.50,104.93
2017-10-25,106.32,105.95
2017-10-26,106.46,106.38
2017-10-27,106.80,106.20
2017-10-30,107.05,106.95
2017-10-31,107.50,106.52
2017-11-01,107.63,107.46
2017-11-02,107.62,107.43
2017-11-03,107.78,107.67
2017-11-06,108.00,107.67
2017-11-07,108.10,106.86
2017-11-08,107.30,106.31
2017-11-09,106.98,106.16
2017-11-10,106.68,106.26
2017-11-13,106.80,105.61
2017-11-14,106.00,105.20
2017-11-15,105.60,104.47
2017-11-16,105.49,105.23
2017-11-17,106.62,105.89
2017-11-20,106.50,106.18
2017-11-21,106.70,106.38
2017-11-22,106.86,106.46
2017-11-23,106.86,106.58
2017-11-24,107.20,106.95
2017-11-27,107.20,106.99
2017-11-28,107.50,106.84
2017-11-29,107.50,106.78
2017-11-30,107.10,105.75
2017-12-01,106.80,104.61
2017-12-04,105.10,104.69
2017-12-05,104.89,104.60
2017-12-06,104.70,103.77
2017-12-07,105.22,105.11
2017-12-08,106.14,106.05
2017-12-11,106.60,106.29
2017-12-12,106.50,105.60
2017-12-13,106.18,105.21
2017-12-14,105.75,105.40
2017-12-15,106.84,106.37
2017-12-18,107.43,106.93
2017-12-19,107.89,107.78
2017-12-20,108.00,107.51
2017-12-21,107.74,107.45
2017-12-22,108.11,107.94
2017-12-26,108.53,108.28
2017-12-27,108.80,108.24
2017-12-28,108.90,107.99
2017-12-29,108.60,108.45
2018-01-01,108.60,107.81
2018-01-02,108.17,107.46
2018-01-03,108.29,107.63
2018-01-04,108.35,108.18
2018-01-05,108.85,108.72
2018-01-08,109.44,109.25
2018-01-09,109.62,109.49
2018-01-10,110.03,109.91
2018-01-11,110.22,110.03
2018-01-12,111.10,110.27
2018-01-15,111.20,110.90
2018-01-16,111.07,110.38
2018-01-17,111.25,111.05
2018-01-18,112.05,111.54
2018-01-19,112.46,112.18
2018-01-22,113.08,112.88
2018-01-23,114.33,114.19
2018-01-24,114.47,114.19
2018-01-25,114.28,113.93
2018-01-29,115.00,114.63
2018-01-30,114.63,113.71
2018-01-31,113.85,113.54
2018-02-01,114.73,113.50
2018-02-02,113.30,111.25
2018-02-05,110.50,110.29
2018-02-06,109.80,108.74
2018-02-07,109.90,108.39
2018-02-08,109.89,109.49
2018-02-09,108.47,108.23
2018-02-12,109.27,109.14
2018-02-14,109.50,108.65
2018-02-15,109.84,109.21
2018-02-16,109.88,108.27
2018-02-19,110.00,107.41
2018-02-20,107.90,107.18
2018-02-21,107.78,107.66
2018-02-22,107.66,107.46
2018-02-23,108.62,108.47
2018-02-26,109.50,109.36
2018-02-27,109.90,108.99
2018-02-28,109.03,108.67
2018-03-01,108.96,108.12
2018-03-05,108.09,107.17
2018-03-06,108.49,106.09
2018-03-07,106.06,105.07
2018-03-08,106.24,105.96
2018-03-09,106.56,105.90
2018-03-12,108.10,107.99
2018-03-13,108.49,107.92
2018-03-14,107.92,107.82
2018-03-15,107.85,107.26
2018-03-16,106.90,105.68
2018-03-19,105.97,104.77
2018-03-20,105.30,104.65
2018-03-21,105.88,104.90
2018-03-22,110.00,104.58
2018-03-23,104.00,103.68
2018-03-26,104.99,104.71
2018-03-27,105.41,105.18
2018-03-28,105.29,104.93
2018-04-02,106.14,105.81
2018-04-03,106.37,106.27
2018-04-04,106.50,104.95
2018-04-05,106.98,106.90
2018-04-06,107.13,106.87
2018-04-09,107.60,107.36
2018-04-10,107.80,107.61
2018-04-11,107.99,107.84
2018-04-12,108.50,108.40
2018-04-13,108.89,108.47
2018-04-16,109.21,108.94
2018-04-17,109.10,108.91
2018-04-18,109.50,108.68
2018-04-19,109.29,109.15
2018-04-20,109.57,109.00
2018-04-23,109.90,109.47
2018-04-24,109.90,109.78
2018-04-25,109.79,109.28
2018-04-26,110.15,109.86
2018-04-27,110.99,110.55
2018-04-30,111.50,111.17
2018-05-02,111.90,110.77
2018-05-03,110.78,110.53
2018-05-04,110.34,110.02
2018-05-07,110.97,110.72
2018-05-08,111.23,110.84
2018-05-09,111.40,111.22
2018-05-10,111.60,110.79
2018-05-11,111.69,111.61
2018-05-14,112.07,111.69
2018-05-15,113.00,111.72
2018-05-16,111.70,111.19
2018-05-17,111.37,110.63
2018-05-18,110.60,109.61
2018-05-21,112.50,109.05
2018-05-22,109.47,109.28
2018-05-23,109.19,107.86
2018-05-24,108.80,108.54
2018-05-25,110.20,109.81
2018-05-28,111.22,111.05
2018-05-29,111.10,110.37
2018-05-30,110.57,110.30
2018-05-31,111.68,111.25
2018-06-01,111.77,110.99
2018-06-04,111.80,110.12
2018-06-05,110.50,110.18
2018-06-06,111.10,111.00
2018-06-07,112.14,111.79
2018-06-08,112.00,111.85
2018-06-11,112.70,112.25
2018-06-12,112.80,112.63
2018-06-13,112.98,112.57
2018-06-14,112.49,112.20
2018-06-15,112.68,112.49
2018-06-18,112.49,112.40
2018-06-19,112.10,111.48
2018-06-20,112.17,111.96
2018-06-21,112.28,111.53
2018-06-22,112.70,112.48
2018-06-25,113.00,111.83
2018-06-26,112.30,112.13
2018-06-27,112.20,110.78
2018-06-28,111.20,110.05
2018-06-29,111.30,111.19
2018-07-02,112.50,111.00
2018-07-03,111.56,111.40
2018-07-04,111.97,111.88
2018-07-05,112.50,111.91
2018-07-06,112.60,112.30
2018-07-09,113.00,112.85
2018-07-10,113.83,113.73
2018-07-11,113.94,113.73
2018-07-12,114.99,114.50
2018-07-13,115.00,114.63
2018-07-16,115.00,113.98
2018-07-17,114.69,114.49
2018-07-18,115.00,114.12
2018-07-19,114.47,114.12
2018-07-20,115.05,114.93
2018-07-23,115.50,115.34
2018-07-24,116.50,115.71
2018-07-25,116.12,115.92
2018-07-26,116.55,116.16
2018-07-27,117.44,117.32
2018-07-30,117.99,117.74
2018-07-31,118.47,118.25
2018-08-01,118.69,118.12
2018-08-02,118.00,117.43
2018-08-03,118.70,118.62
2018-08-06,119.04,118.74
2018-08-07,119.00,118.74
2018-08-08,119.40,119.17
2018-08-09,119.60,119.31
2018-08-10,119.34,118.98
2018-08-13,119.30,118.22
2018-08-14,119.29,119.13
2018-08-16,119.36,118.75
2018-08-17,119.87,119.78
2018-08-20,120.50,120.27
2018-08-21,120.80,120.69
2018-08-23,121.10,120.84
2018-08-24,121.00,120.61
2018-08-27,121.88,121.79
2018-08-28,122.65,122.19
2018-08-29,122.46,122.00
2018-08-30,124.99,121.71
2018-08-31,122.30,121.90
2018-09-03,122.50,120.76
2018-09-04,121.50,120.42
2018-09-05,120.43,119.90
2018-09-06,120.49,120.28
2018-09-07,121.18,121.06
2018-09-10,121.00,119.65
2018-09-11,121.12,117.95
2018-09-12,118.90,118.75
2018-09-14,123.50,120.02
2018-09-17,120.10,118.96
2018-09-18,125.00,117.97
2018-09-19,122.45,117.61
2018-09-21,122.31,116.50
2018-09-24,117.50,114.80
2018-09-25,115.99,115.76
2018-09-26,117.00,115.60
2018-09-27,115.90,114.64
2018-09-28,115.40,114.14
2018-10-01,115.31,114.96
2018-10-03,114.94,113.61
2018-10-04,113.45,110.80
2018-10-05,110.70,107.98
2018-10-08,108.89,108.05
2018-10-09,108.70,107.78
2018-10-10,109.64,109.47
2018-10-11,108.99,107.01
2018-10-12,109.74,109.58
2018-10-15,110.15,109.99
2018-10-16,110.72,110.62
2018-10-17,111.88,109.32
2018-10-19,109.40,107.44
2018-10-22,108.40,107.15
2018-10-23,107.20,106.21
2018-10-24,110.00,107.04
2018-10-25,106.70,106.13
2018-10-26,106.20,105.02
2018-10-29,107.49,107.17
2018-10-30,107.70,106.87
2018-10-31,108.58,108.48
2018-11-01,109.00,108.64
2018-11-02,110.60,110.18
2018-11-05,114.59,110.15
2018-11-06,110.92,110.22
2018-11-07,114.00,110.98
2018-11-09,111.19,110.82
2018-11-12,111.49,109.76
2018-11-13,110.94,110.78
2018-11-14,111.40,110.40
2018-11-15,111.50,110.79
2018-11-16,111.65,111.50
2018-11-19,112.40,112.24
2018-11-20,112.18,111.53
2018-11-21,111.78,110.70
2018-11-22,111.20,110.34
2018-11-26,111.45,111.32
2018-11-27,111.79,111.60
2018-11-28,112.20,111.96
2018-11-29,113.70,113.55
2018-11-30,114.00,113.51
2018-12-03,114.20,113.80
2018-12-04,113.80,113.62
2018-12-05,113.32,112.64
2018-12-06,112.20,111.02
2018-12-07,112.10,111.92
2018-12-10,111.80,109.88
2018-12-11,110.78,110.58
2018-12-12,112.40,112.17
2018-12-13,113.10,112.55
2018-12-14,112.80,112.65
2018-12-17,113.79,113.64
2018-12-18,114.18,113.91
2018-12-19,114.96,114.54
2018-12-20,114.87,114.53
2018-12-21,115.00,112.60
2018-12-24,113.00,111.84
2018-12-26,118.80,112.38
2018-12-27,113.48,112.98
2018-12-28,113.89,113.57
2018-12-31,114.09,113.68
2019-01-01,114.10,113.98
2019-01-02,113.90,112.97
2019-01-03,113.20,111.83
2019-01-04,112.59,112.49
2019-01-07,113.57,112.56
2019-01-08,113.10,112.86
2019-01-09,113.48,113.26
2019-01-10,113.60,113.25
2019-01-11,113.40,112.69
2019-01-14,112.88,112.17
2019-01-15,113.70,113.60
2019-01-16,114.18,114.13
2019-01-17,114.40,114.15
2019-01-18,114.20,113.83
2019-01-21,114.69,114.48
2019-01-22,114.49,114.07
2019-01-23,114.49,113.32
2019-01-24,113.70,113.47
2019-01-25,114.30,112.92
2019-01-28,113.20,111.78
2019-01-29,113.60,111.80
2019-01-30,112.09,111.60
2019-01-31,113.64,113.47
2019-02-01,114.73,113.86
2019-02-04,114.37,114.30
2019-02-05,114.89,114.71
2019-02-06,116.10,115.45
2019-02-07,116.30,115.70
2019-02-08,115.60,114.64
2019-02-11,114.51,114.21
2019-02-12,114.42,113.58
2019-02-14,113.30,112.86
2019-02-15,113.00,112.25
2019-02-18,112.50,111.67
2019-02-19,112.60,111.38
2019-02-20,112.40,112.32
2019-02-21,113.00,112.77
2019-02-22,113.00,112.90
2019-02-25,113.84,113.65
2019-02-26,114.24,113.62
2019-02-27,114.37,112.91
2019-02-28,113.89,113.36
2019-03-01,114.16,113.71
2019-03-05,115.00,114.89
2019-03-06,115.74,115.59
2019-03-07,116.14,115.75
2019-03-08,115.99,115.82
2019-03-11,117.27,117.23
2019-03-12,118.60,118.47
2019-03-13,118.98,118.82
2019-03-14,119.20,118.73
2019-03-15,120.35,119.89
2019-03-18,124.80,119.99
2019-03-19,121.10,120.74
2019-03-20,121.25,120.67
2019-03-22,121.46,119.98
2019-03-25,119.50,118.81
2019-03-26,124.00,120.39
2019-03-27,121.00,120.10
2019-03-28,121.50,120.98
2019-04-01,123.26,122.08
2019-04-02,122.70,122.53
2019-04-03,123.30,122.15
2019-04-04,122.32,121.81
2019-04-05,126.50,122.50
2019-04-08,122.79,121.95
2019-04-09,122.69,122.44
2019-04-10,122.67,121.66
2019-04-11,124.20,121.69
2019-04-12,122.50,122.41
2019-04-15,122.95,122.88
2019-04-16,124.05,123.75
2019-04-18,124.24,123.47
2019-04-22,123.20,121.87
2019-04-23,122.29,121.70
2019-04-24,123.19,122.94
2019-04-25,123.90,122.43
2019-04-26,123.50,123.39
2019-04-30,124.80,123.41
2019-05-02,123.80,123.18
2019-05-03,124.80,122.99
2019-05-06,124.90,121.83
2019-05-07,123.00,120.90
2019-05-08,122.60,119.53
2019-05-09,121.79,118.46
2019-05-10,119.32,118.50
2019-05-13,119.95,117.22
2019-05-14,118.75,117.86
2019-05-15,118.67,117.50
2019-05-16,118.50,118.06
2019-05-17,119.70,119.63
2019-05-20,124.34,123.93
2019-05-21,124.69,123.07
2019-05-22,124.49,123.31
2019-05-23,126.30,122.60
2019-05-24,124.73,124.55
2019-05-27,125.30,125.03
2019-05-28,125.60,125.18
2019-05-29,125.36,124.75
2019-05-30,125.80,125.48
2019-05-31,126.48,125.25
2019-06-03,127.00,126.80
2019-06-04,127.90,126.59
2019-06-06,126.60,124.68
2019-06-07,125.19,124.89
2019-06-10,125.92,125.67
2019-06-11,126.50,125.62
2019-06-12,126.10,125.07
2019-06-13,125.50,125.42
2019-06-14,125.25,124.52
2019-06-17,125.10,123.08
2019-06-18,123.58,123.14
2019-06-19,124.10,123.03
2019-06-20,124.64,124.49
2019-06-21,124.40,123.68
2019-06-24,127.49,123.41
2019-06-25,125.00,124.07
2019-06-26,124.82,124.65
2019-06-27,125.46,124.82
2019-06-28,125.60,124.29
2019-07-01,125.20,124.93
2019-07-02,125.60,125.30
2019-07-03,125.60,125.48
2019-07-04,126.17,126.04
2019-07-05,126.77,124.61
2019-07-08,125.50,121.94
2019-07-09,123.89,121.80
2019-07-10,122.55,121.35
2019-07-11,122.30,122.20
2019-07-12,122.70,121.97
2019-07-15,122.50,122.22
2019-07-16,123.11,122.95
2019-07-17,123.65,123.27
2019-07-18,123.35,122.56
2019-07-19,126.00,120.72
2019-07-22,122.20,119.89
2019-07-23,120.70,119.69
2019-07-24,121.89,119.14
2019-07-25,122.49,118.99
2019-07-26,119.68,119.32
2019-07-29,119.50,118.36
2019-07-30,119.00,117.25
2019-07-31,117.78,117.58
2019-08-01,117.60,116.27
2019-08-02,117.09,116.34
2019-08-05,116.10,115.15
2019-08-06,116.50,115.87
2019-08-07,117.89,114.91
2019-08-08,117.42,116.93
2019-08-09,118.35,117.61
2019-08-13,118.30,115.76
2019-08-14,117.27,116.71
2019-08-16,117.68,117.01
2019-08-19,118.03,117.13
2019-08-20,117.39,116.71
2019-08-21,117.38,115.68
2019-08-22,116.30,113.87
2019-08-23,115.12,114.74
2019-08-26,118.00,117.09
2019-08-27,118.00,117.45
2019-08-28,117.80,116.86
2019-08-29,117.20,116.12
2019-08-30,116.90,116.61
2019-09-03,116.50,114.52
2019-09-04,116.00,114.89
2019-09-05,115.70,114.98
2019-09-06,116.15,115.97
2019-09-09,116.80,116.43
2019-09-11,117.10,116.78
2019-09-12,117.40,116.44
2019-09-13,117.45,117.31
2019-09-16,117.20,116.40
2019-09-17,117.00,114.66
2019-09-18,115.30,114.82
2019-09-19,114.87,113.52
2019-09-20,120.60,119.55
2019-09-23,123.65,123.00
2019-09-24,124.20,122.69
2019-09-25,123.29,121.36
2019-09-26,122.92,122.76
2019-09-27,123.80,122.09
2019-09-30,122.45,121.57
2019-10-01,122.39,120.50
2019-10-03,121.20,119.84
2019-10-04,120.79,118.21
2019-10-07,126.00,117.57
2019-10-09,119.58,119.43
2019-10-10,119.32,118.54
2019-10-11,119.88,119.74
2019-10-14,120.55,119.89
2019-10-15,121.19,120.87
2019-10-16,121.47,120.95
2019-10-17,122.80,122.48
2019-10-18,123.70,123.46
2019-10-22,123.70,122.96
2019-10-23,123.50,123.00
2019-10-24,123.50,122.67
2019-10-25,123.80,122.54
2019-10-27,124.00,123.39
2019-10-29,124.82,124.68
2019-10-30,125.63,125.29
2019-10-31,126.50,125.50
2019-11-01,126.36,126.14
2019-11-04,126.70,126.34
2019-11-05,126.60,126.06
2019-11-06,126.88,126.47
2019-11-07,128.89,126.98
2019-11-08,127.50,126.06
2019-11-11,126.60,126.49
2019-11-13,127.00,125.70
2019-11-14,126.19,125.55
2019-11-15,126.69,126.04
2019-11-18,126.60,125.73
2019-11-19,126.70,126.40
2019-11-20,127.41,126.83
2019-11-21,127.70,126.60
2019-11-22,126.69,126.44
2019-11-25,127.86,127.74
2019-11-26,129.50,127.51
2019-11-27,128.19,127.90
2019-11-28,128.50,128.41
2019-11-29,128.60,127.51
2019-12-02,129.40,127.63
2019-12-03,128.20,126.96
2019-12-04,127.64,127.47
2019-12-05,128.10,127.20
2019-12-06,127.60,126.23
2019-12-09,127.19,126.33
2019-12-10,126.65,125.79
2019-12-11,126.48,126.22
2019-12-12,127.30,127.11
2019-12-13,128.00,127.91
2019-12-16,128.50,127.53
2019-12-17,128.80,128.62
2019-12-18,129.43,129.25
2019-12-23,131.25,129.93
2019-12-24,130.85,129.45
2019-12-26,130.35,128.69
2019-12-27,130.65,129.56
2019-12-30,130.50,130.26
2019-12-31,130.26,129.15
2020-01-01,131.00,129.42
2020-01-02,134.60,130.14
2020-01-03,130.85,129.71
2020-01-06,129.47,127.37
2020-01-07,128.70,127.76
2020-01-08,127.75,127.56
2020-01-09,129.55,129.34
2020-01-10,130.20,129.61
2020-01-13,130.50,130.41
2020-01-14,131.23,131.01
2020-01-15,131.45,131.01
2020-01-16,131.50,130.91
2020-01-17,131.45,131.19
2020-01-20,131.50,129.78
2020-01-21,130.35,129.27
2020-01-22,131.45,128.53
2020-01-23,129.45,129.31
2020-01-24,130.30,130.11
2020-01-27,130.00,128.73
2020-01-28,130.66,128.10
2020-01-29,129.20,128.76
2020-01-30,129.00,127.74
2020-01-31,128.43,127.17
2020-02-03,126.00,124.42
2020-02-04,126.93,126.75
2020-02-05,128.10,127.91
2020-02-06,129.05,128.94
2020-02-07,129.15,128.19
2020-02-10,129.85,127.91
2020-02-11,129.95,128.30
2020-02-12,129.35,129.19
2020-02-13,129.54,129.30
2020-02-14,129.69,128.38
2020-02-17,129.00,127.84
2020-02-18,128.50,127.34
2020-02-19,128.70,128.59
2020-02-20,128.80,128.36
2020-02-24,128.41,125.73
2020-02-25,126.40,125.34
2020-02-26,125.39,124.04
2020-02-27,124.49,123.64
2020-02-28,122.94,119.29
2020-03-02,122.05,118.39
2020-03-03,121.01,120.40
2020-03-04,121.40,119.52
2020-03-05,142.95,119.75
2020-03-06,118.49,117.18
2020-03-09,116.49,111.62
2020-03-11,112.50,111.31
2020-03-12,110.00,102.99
2020-03-13,120.85,106.36
2020-03-16,107.49,102.37
2020-03-17,105.00,99.20
2020-03-18,102.80,96.08
2020-03-19,94.50,89.47
2020-03-20,99.88,92.97
2020-03-23,94.83,83.52
2020-03-24,90.00,85.00
2020-03-25,90.00,89.46
2020-03-26,94.80,92.68
2020-03-27,96.40,91.26
2020-03-30,92.50,89.17
2020-03-31,92.65,91.94
2020-04-01,91.94,89.35
2020-04-03,91.20,86.59
2020-04-07,92.80,92.41
2020-04-08,98.00,92.82
2020-04-09,96.50,96.23
2020-04-13,96.95,95.62
2020-04-15,97.90,95.20
2020-04-16,96.00,95.68
2020-04-17,98.70,98.21
2020-04-20,100.96,97.99
2020-04-21,105.99,95.60
2020-04-22,102.00,97.38
2020-04-23,98.85,98.62
2020-04-24,98.14,97.10
2020-04-27,99.05,98.43
2020-04-28,100.10,99.35
2020-04-29,101.70,101.12
2020-04-30,104.69,104.18
2020-05-04,104.21,98.80
2020-05-05,102.50,97.65
2020-05-06,99.00,98.50
2020-05-07,99.00,97.60
2020-05-08,99.36,98.12
2020-05-11,99.97,98.21
2020-05-12,98.85,97.96
2020-05-13,106.80,99.69
2020-05-14,99.39,97.42
2020-05-15,98.90,97.08
2020-05-18,97.90,93.93
2020-05-19,95.99,94.34
2020-05-20,96.79,96.25
2020-05-21,97.46,96.69
2020-05-22,99.00,96.11
2020-05-26,98.00,96.21
2020-05-27,98.79,98.60
2020-05-28,100.70,100.37
2020-05-29,101.76,101.38
2020-06-01,105.28,104.42
2020-06-02,106.00,105.89
2020-06-03,107.84,106.36
2020-06-04,107.17,106.27
2020-06-05,107.95,107.66
2020-06-08,109.45,108.10
2020-06-09,109.10,106.85
2020-06-10,107.90,107.52
2020-06-11,107.88,105.30
2020-06-12,105.91,105.72
2020-06-15,105.72,104.51
2020-06-16,106.87,105.21
2020-06-17,106.00,104.92
2020-06-18,107.20,106.97
2020-06-19,109.00,108.79
2020-06-22,110.29,109.56
2020-06-23,111.28,111.00
2020-06-24,111.91,109.53
2020-06-25,109.95,109.05
2020-06-26,110.60,110.24
2020-06-29,111.10,109.74
2020-06-30,110.95,109.52
2020-07-01,111.20,111.04
2020-07-02,112.47,112.10
2020-07-03,112.89,112.51
2020-07-06,114.56,114.28
2020-07-07,114.97,114.65
2020-07-08,115.20,113.85
2020-07-09,115.20,115.07
2020-07-10,115.07,114.38
2020-07-13,117.00,114.86
2020-07-14,115.10,112.93
2020-07-15,114.99,112.97
2020-07-16,114.24,114.08
2020-07-17,116.17,115.81
2020-07-20,118.00,117.06
2020-07-21,118.73,118.54
2020-07-22,119.20,118.11
2020-07-23,119.20,119.08
2020-07-24,119.30,118.99
2020-07-27,119.95,118.39
2020-07-28,120.19,120.02
2020-07-29,135.60,119.26
2020-07-30,120.45,117.96
2020-07-31,118.60,118.02
2020-08-03,119.50,116.17
2020-08-04,118.15,118.00
2020-08-05,119.24,118.03
2020-08-06,119.68,119.02
2020-08-07,119.65,119.35
2020-08-10,120.39,119.97
2020-08-11,120.98,120.44
2020-08-12,120.75,120.33
2020-08-13,121.44,120.49
2020-08-14,121.27,119.26
2020-08-17,120.90,119.88
2020-08-18,121.07,120.97
2020-08-19,122.50,121.13
2020-08-20,120.82,120.42
2020-08-21,121.99,121.11
2020-08-24,139.30,122.00
2020-08-25,124.99,121.93
2020-08-26,135.00,122.75
2020-08-27,139.00,122.91
2020-08-28,129.00,124.04
2020-08-31,139.00,121.03
2020-09-01,134.88,122.15
2020-09-02,125.00,122.75
2020-09-03,129.88,122.73
2020-09-04,122.05,121.12
2020-09-07,134.88,121.27
2020-09-08,133.88,120.85
2020-09-09,120.75,120.34
2020-09-10,129.00,121.94
2020-09-11,134.88,122.13
2020-09-14,127.00,122.13
2020-09-15,127.00,122.90
2020-09-16,141.30,123.71
2020-09-17,125.66,122.72
2020-09-18,130.00,122.66
2020-09-21,127.40,119.92
2020-09-22,125.00,118.91
2020-09-23,130.00,118.95
2020-09-24,120.00,115.76
2020-09-25,118.11,117.87
2020-09-28,120.00,119.75
2020-09-29,130.00,119.82
2020-09-30,122.42,119.93
2020-10-01,121.74,121.61
2020-10-05,125.00,122.38
2020-10-06,124.20,124.03
2020-10-07,127.45,124.89
2020-10-08,127.00,125.91
2020-10-09,130.00,126.99
2020-10-12,128.10,126.96
2020-10-13,130.00,127.02
2020-10-14,127.69,127.42
2020-10-15,128.00,124.81
2020-10-16,125.92,125.62
2020-10-19,130.00,126.81
2020-10-20,130.00,126.77
2020-10-21,130.00,126.98
2020-10-22,128.00,126.73
2020-10-23,128.00,127.11
2020-10-26,146.20,125.81
2020-10-27,129.99,126.81
2020-10-28,145.80,125.40
2020-10-29,139.00,124.72
2020-10-30,138.00,124.57
2020-11-02,127.69,124.37
2020-11-03,126.24,126.01
2020-11-04,139.00,127.03
2020-11-05,133.00,129.12
2020-11-06,130.80,130.61
2020-11-09,133.00,132.73
2020-11-10,144.70,134.72
2020-11-11,154.90,135.83
2020-11-12,144.70,135.26
2020-11-13,140.00,135.79
2020-11-14,140.00,136.40
2020-11-17,154.88,137.39
2020-11-18,149.88,137.90
2020-11-19,143.88,136.25
2020-11-20,137.33,137.00
2020-11-23,149.00,137.76
2020-11-24,147.88,139.38
2020-11-25,154.74,137.39
2020-11-26,144.00,138.24
2020-11-27,150.00,138.38
2020-12-01,149.70,139.79
2020-12-02,154.00,139.96
2020-12-03,143.00,140.12
2020-12-04,143.20,141.27
2020-12-07,143.00,142.29
2020-12-08,154.00,142.86
2020-12-09,146.00,144.41
2020-12-10,154.00,143.82
2020-12-11,148.00,143.93
2020-12-14,145.70,144.32
2020-12-15,146.00,144.61
2020-12-16,159.00,145.82
2020-12-17,154.80,146.56
2020-12-18,159.00,146.96
2020-12-21,146.96,142.50
2020-12-22,146.40,143.82
2020-12-23,145.31,145.12
2020-12-24,154.70,146.52
2020-12-28,159.00,147.78
2020-12-29,148.95,148.77
2020-12-30,149.50,149.27
2020-12-31,149.95,149.07
2021-01-01,159.68,149.57
2021-01-04,150.90,150.71
2021-01-05,159.70,151.30
2021-01-06,159.70,151.22
2021-01-07,155.00,151.20
2021-01-08,168.88,152.88
2021-01-11,159.70,154.38
2021-01-12,155.47,155.32
2021-01-13,156.15,155.60
2021-01-14,155.92,155.76
2021-01-15,155.95,154.11
2021-01-18,164.80,152.56
2021-01-19,155.60,155.45
2021-01-20,156.85,156.75
2021-01-21,169.70,156.02
2021-01-22,156.99,153.91
2021-01-25,174.88,152.46
2021-01-27,157.70,149.48
2021-01-28,149.00,147.99
2021-01-29,164.74,146.10
2021-02-01,153.00,152.52
2021-02-02,162.00,156.10
2021-02-03,164.40,157.66
2021-02-04,174.70,158.69
2021-02-05,159.99,159.05
2021-02-08,179.70,161.03
2021-02-09,162.70,161.23
2021-02-10,161.92,161.46
2021-02-11,162.64,162.06
2021-02-12,162.70,162.17
2021-02-15,165.00,163.93
2021-02-16,169.88,163.54
2021-02-17,164.98,162.59
2021-02-18,172.59,161.89
2021-02-19,164.19,160.42
2021-02-22,162.19,157.18
2021-02-23,164.60,157.59
2021-02-24,163.85,160.15
2021-02-25,162.39,161.87
2021-02-26,163.62,156.15
2021-03-01,161.99,158.01
2021-03-02,159.99,159.57
2021-03-03,163.31,162.98
2021-03-04,165.00,161.20
2021-03-05,161.18,159.66
2021-03-08,183.60,160.04
2021-03-09,161.80,161.47
2021-03-10,164.94,162.16
2021-03-12,163.99,160.63
2021-03-15,161.01,159.96
2021-03-16,164.60,159.79
2021-03-17,183.48,157.88
2021-03-18,159.49,156.12
2021-03-19,158.59,157.87
2021-03-22,178.88,157.33
2021-03-23,178.48,158.35
2021-03-24,174.88,156.09
2021-03-25,156.55,153.86
2021-03-26,183.48,155.21
2021-03-30,179.88,158.42
2021-03-31,177.48,157.16
2021-04-01,177.00,158.70
2021-04-05,174.00,156.96
2021-04-06,159.98,157.39
2021-04-07,159.40,158.82
2021-04-08,160.00,158.87
2021-04-09,159.60,158.78
2021-04-12,179.88,154.08
2021-04-13,174.88,155.50
2021-04-15,174.88,155.93
2021-04-16,157.18,156.42
2021-04-19,156.23,154.09
2021-04-20,156.49,153.29
2021-04-22,169.83,154.27
2021-04-23,161.00,153.86
2021-04-26,158.40,155.17
2021-04-27,163.00,156.83
2021-04-28,159.09,158.90
2021-04-29,161.14,159.10
2021-04-30,158.68,157.00
2021-05-03,157.42,156.97
2021-05-04,164.00,155.55
2021-05-05,158.90,156.81
2021-05-06,163.50,157.54
2021-05-07,159.40,158.53
2021-05-10,160.40,159.69
2021-05-11,159.31,158.94
2021-05-12,161.90,157.69
2021-05-14,169.00,157.47
2021-05-17,159.72,159.52
2021-05-18,161.90,161.37
2021-05-19,162.90,160.67
2021-05-20,169.00,159.64
2021-05-21,174.90,162.10
2021-05-24,170.00,162.43
2021-05-25,178.88,162.53
2021-05-26,170.00,163.46
2021-05-27,170.00,164.12
2021-05-28,168.90,165.02
2021-05-31,179.00,166.79
2021-06-01,179.00,166.88
2021-06-02,167.60,167.29
2021-06-03,177.70,168.17
2021-06-04,174.90,168.15
2021-06-07,174.40,168.63
2021-06-08,169.64,168.57
2021-06-09,174.40,167.59
2021-06-10,174.39,168.60
2021-06-11,173.90,169.33
2021-06-14,174.88,169.56
2021-06-15,174.40,170.27
2021-06-16,174.40,169.69
2021-06-17,179.00,168.79
2021-06-18,169.80,168.67
2021-06-21,169.39,169.07
2021-06-22,183.48,169.41
2021-06-23,173.80,168.68
2021-06-24,184.88,169.68
2021-06-25,170.68,170.40
2021-06-28,173.50,169.85
2021-06-29,184.43,169.33
2021-06-30,173.35,169.13
2021-07-01,173.45,168.92
2021-07-02,171.85,169.34
2021-07-05,173.88,170.13
2021-07-06,171.00,170.17
2021-07-07,172.25,170.46
2021-07-08,180.70,169.47
2021-07-09,173.40,169.07
2021-07-12,176.39,169.04
2021-07-13,172.85,170.17
2021-07-14,172.35,170.60
2021-07-15,184.90,171.28
2021-07-16,173.20,171.41
2021-07-19,174.94,169.77
2021-07-20,184.83,168.54
2021-07-22,172.60,170.36
2021-07-23,172.78,170.57
2021-07-26,174.84,170.28
2021-07-27,174.74,169.68
2021-07-28,172.55,169.34
2021-07-29,170.95,169.95
2021-07-30,179.90,169.69
2021-08-02,174.69,171.00
2021-08-03,173.40,173.27
2021-08-04,175.00,174.67
2021-08-05,177.40,175.13
2021-08-06,188.75,174.85
2021-08-09,177.80,175.41
2021-08-10,176.25,175.63
2021-08-11,188.95,175.37
2021-08-12,176.70,176.17
2021-08-13,189.80,177.94
2021-08-16,179.90,178.60
2021-08-17,182.44,178.91
2021-08-18,194.75,178.76
2021-08-20,194.00,177.32
2021-08-23,193.43,178.10
2021-08-24,188.43,179.46
2021-08-25,193.95,179.47
2021-08-26,190.00,179.52
2021-08-27,184.83,180.24
2021-08-30,187.95,182.57
2021-08-31,193.43,184.55
2021-09-01,187.70,184.31
2021-09-02,186.00,185.96
2021-09-03,193.39,186.91
2021-09-06,188.45,187.55
2021-09-07,188.40,187.17
2021-09-08,188.44,187.14
2021-09-09,193.39,187.42
2021-09-13,188.20,187.11
2021-09-14,214.83,187.54
2021-09-15,192.35,189.01
2021-09-16,191.95,190.22
2021-09-17,195.39,189.82
2021-09-20,190.24,187.86
2021-09-21,199.65,189.66
2021-09-22,192.84,189.69
2021-09-23,194.40,192.29
2021-09-24,197.40,192.63
2021-09-27,204.74,192.79
2021-09-28,221.70,191.44
2021-09-29,209.00,191.15
2021-09-30,197.44,190.11
2021-10-01,193.50,189.22
2021-10-04,197.39,191.03
2021-10-05,192.30,192.20
2021-10-06,199.39,190.19
2021-10-07,193.07,191.82
2021-10-08,197.44,192.58
2021-10-11,194.00,193.09
2021-10-12,219.80,193.66
2021-10-13,204.85,195.56
2021-10-14,205.28,197.11
2021-10-18,207.39,198.91
2021-10-19,207.80,198.41
2021-10-20,202.39,197.30
2021-10-21,201.44,196.08
2021-10-22,199.85,195.68
2021-10-25,198.65,195.71
2021-10-26,199.39,197.13
2021-10-27,203.39,196.54
2021-10-28,209.00,193.68
2021-10-29,209.00,191.16
2021-11-01,208.88,193.84
2021-11-02,206.90,193.10
2021-11-03,200.00,192.58
2021-11-04,207.88,193.59
2021-11-08,200.00,195.37
2021-11-09,200.00,194.88
2021-11-10,199.00,194.66
2021-11-11,199.90,193.25
2021-11-12,198.00,195.46
2021-11-15,199.50,195.52
2021-11-16,199.50,194.47
2021-11-17,199.50,193.53
2021-11-18,197.44,192.14
2021-11-22,209.40,188.53
2021-11-23,193.40,189.40
2021-11-24,192.40,188.25
2021-11-25,189.85,189.51
2021-11-26,193.00,184.51
2021-11-29,187.66,184.55
2021-11-30,188.00,183.70
2021-12-01,187.50,185.72
2021-12-02,188.19,187.99
2021-12-03,192.50,186.00
2021-12-06,192.40,183.01
2021-12-07,190.00,185.71
2021-12-08,191.00,188.48
2021-12-09,192.50,189.14
2021-12-10,192.50,189.09
2021-12-13,192.40,187.90
2021-12-14,192.40,187.33
2021-12-15,192.00,186.25
2021-12-16,190.00,186.62
2021-12-17,190.00,183.77
2021-12-20,187.50,179.93
2021-12-21,185.00,181.45
2021-12-22,185.00,183.33
2021-12-23,187.50,184.10
2021-12-24,187.50,183.45
2021-12-27,187.49,184.55
2021-12-28,187.45,186.30
2021-12-29,188.90,186.12
2021-12-30,187.45,186.14
2021-12-31,188.77,187.79
2022-01-03,190.95,190.72
2022-01-04,198.91,192.46
2022-01-05,195.00,193.34
2022-01-06,193.00,191.92
2022-01-07,194.00,192.42
2022-01-10,194.50,194.35
2022-01-11,196.00,194.69
2022-01-12,197.50,196.20
2022-01-13,198.80,197.00
2022-01-14,199.85,197.36
2022-01-17,223.00,198.03
2022-01-18,199.00,195.97
2022-01-19,221.40,194.18
2022-01-20,195.80,192.18
2022-01-21,191.99,190.64
2022-01-24,196.80,185.79
2022-01-25,187.38,187.07
2022-01-27,194.00,185.33
2022-01-28,188.06,185.10
2022-01-31,199.88,187.63
2022-02-01,190.80,189.70
2022-02-02,194.00,192.12
2022-02-03,195.00,190.01
2022-02-04,193.00,189.59
2022-02-07,193.00,186.34
2022-02-08,190.00,186.81
2022-02-09,199.85,189.03
2022-02-10,191.50,190.11
2022-02-11,192.50,188.00
2022-02-14,187.50,182.59
2022-02-15,187.88,187.59
2022-02-16,190.00,187.14
2022-02-17,190.00,186.93
2022-02-18,190.00,186.64
2022-02-21,190.00,186.29
2022-02-22,186.00,185.27
2022-02-23,187.99,185.05
2022-02-24,189.95,178.36
2022-02-25,185.00,180.85
2022-02-28,189.88,181.84
2022-03-02,185.00,180.10
2022-03-03,184.90,178.86
2022-03-04,178.48,176.26
2022-03-07,176.90,172.33
2022-03-08,177.55,173.40
2022-03-09,180.00,176.98
2022-03-10,183.90,179.65
2022-03-11,183.00,179.98
2022-03-14,182.99,182.61
2022-03-15,185.00,180.60
2022-03-16,183.80,183.66
2022-03-17,188.00,186.71
2022-03-21,190.00,185.38
2022-03-22,193.75,187.34
2022-03-23,190.00,186.34
2022-03-24,198.00,186.09
2022-03-25,187.12,185.82
2022-03-28,188.20,186.32
2022-03-29,190.00,187.22
2022-03-30,191.50,188.91
2022-03-31,190.50,188.87
2022-04-01,190.96,190.47
2022-04-04,195.35,195.19
2022-04-05,197.15,194.55
2022-04-06,194.24,193.00
2022-04-07,193.00,191.26
2022-04-08,195.00,192.76
2022-04-11,193.54,191.67
2022-04-12,210.00,190.42
2022-04-13,195.00,189.54
2022-04-18,188.55,186.23
2022-04-19,187.70,183.68
2022-04-20,191.89,185.86
2022-04-21,209.55,188.10
2022-04-22,188.24,186.09
2022-04-25,186.69,183.86
2022-04-26,194.88,186.11
2022-04-27,200.00,184.78
2022-04-28,194.88,186.41
2022-04-29,192.75,185.43
2022-05-02,185.25,185.12
2022-05-04,193.98,181.05
2022-05-05,194.48,181.01
2022-05-06,180.49,177.94
2022-05-09,184.88,176.95
2022-05-10,184.60,176.16
2022-05-11,181.90,175.34
2022-05-12,175.00,171.72
2022-05-13,178.90,171.40
2022-05-16,176.80,172.13
2022-05-17,176.90,176.44
2022-05-18,178.99,176.05
2022-05-19,175.99,171.70
2022-05-20,176.99,175.92
2022-05-23,178.99,175.53
2022-05-24,177.99,175.09
2022-05-25,176.80,174.13
2022-05-26,176.70,175.57
2022-05-27,179.80,177.10
2022-05-30,182.90,180.43
2022-05-31,180.99,179.87
2022-06-01,180.70,179.59
2022-06-02,180.99,180.68
2022-06-03,184.99,180.21
2022-06-06,181.99,180.15
2022-06-07,181.88,178.56
2022-06-08,181.86,178.08
2022-06-09,179.99,179.40
2022-06-10,178.99,176.46
2022-06-13,175.99,171.87
2022-06-14,172.99,171.30
2022-06-15,173.99,171.10
2022-06-16,172.90,167.56
2022-06-17,170.90,166.87
2022-06-20,169.90,167.31
2022-06-21,170.90,170.26
2022-06-22,171.99,168.08
2022-06-23,170.27,169.71
2022-06-24,172.99,171.16
2022-06-27,173.90,172.62
2022-06-28,173.99,172.65
2022-06-29,172.99,171.86
2022-06-30,172.99,171.60
2022-07-01,172.38,171.64
2022-07-04,172.90,172.63
2022-07-05,175.99,172.04
2022-07-06,174.68,174.12
2022-07-07,175.70,175.54
2022-07-08,178.99,176.28
2022-07-11,178.88,176.23
2022-07-12,176.00,175.10
2022-07-13,177.99,174.06
2022-07-14,176.44,173.93
2022-07-15,176.97,175.02
2022-07-18,177.50,177.39
2022-07-19,178.19,177.88
2022-07-20,182.80,179.53
2022-07-21,180.97,180.54
2022-07-22,182.87,181.89
2022-07-25,184.51,181.46
2022-07-26,181.95,179.91
2022-07-27,181.80,181.60
2022-07-28,184.50,184.18
2022-07-29,186.80,186.54
2022-08-01,190.00,188.63
2022-08-02,199.99,188.62
2022-08-03,189.40,189.11
2022-08-04,190.68,189.17
2022-08-05,191.05,189.25
2022-08-08,191.04,190.79
2022-08-10,199.99,191.04
2022-08-11,193.97,192.34
2022-08-12,199.99,192.86
2022-08-16,199.74,194.09
2022-08-17,198.20,195.55
2022-08-18,196.89,195.71
2022-08-19,196.63,193.61
2022-08-22,194.06,190.95
2022-08-23,192.70,192.19
2022-08-24,192.90,192.63
2022-08-25,195.33,191.78
2022-08-26,193.40,191.92
2022-08-29,191.72,189.44
2022-08-30,194.19,193.92
2022-09-01,193.70,191.82
2022-09-02,199.16,191.61
2022-09-05,193.10,192.98
2022-09-06,194.88,192.48
2022-09-07,192.65,192.37
2022-09-08,199.88,194.00
2022-09-09,195.51,194.60
2022-09-12,196.10,195.64
2022-09-13,197.19,196.95
2022-09-14,197.20,196.27
2022-09-15,197.47,195.69
2022-09-16,195.65,191.90
2022-09-19,195.50,192.75
2022-09-20,195.49,194.44
2022-09-21,195.22,193.50
2022-09-22,193.91,192.92
2022-09-23,197.49,189.64
2022-09-26,194.50,186.21
2022-09-27,188.44,186.05
2022-09-28,186.22,184.47
2022-09-29,186.85,184.07
2022-09-30,189.88,186.83
2022-10-03,187.93,184.25
2022-10-04,188.50,188.29
2022-10-06,194.88,188.94
2022-10-07,193.88,189.19
2022-10-10,189.05,188.75
2022-10-11,190.75,185.87
2022-10-12,187.69,187.21
2022-10-13,187.60,186.23
2022-10-14,192.20,188.02
2022-10-17,189.00,188.83
2022-10-18,190.99,190.64
2022-10-19,194.50,190.83
2022-10-20,191.68,191.44
2022-10-21,192.55,191.52
2022-10-24,194.40,193.17
2022-10-25,195.17,192.49
2022-10-27,194.15,193.45
2022-10-28,194.70,193.96
2022-10-31,196.50,196.27
2022-11-01,198.24,197.98
2022-11-02,198.80,197.41
2022-11-03,197.82,197.39
2022-11-04,198.60,197.77
2022-11-07,199.40,198.62
2022-11-09,203.49,198.32
2022-11-10,198.20,196.86
2022-11-11,200.35,200.22
2022-11-14,200.96,200.17
2022-11-15,201.67,200.91
2022-11-16,201.95,200.87
2022-11-17,201.25,200.20
2022-11-18,201.25,199.92
2022-11-21,199.99,198.55
2022-11-22,199.73,199.23
2022-11-23,200.52,199.51
2022-11-24,202.22,201.72
2022-11-25,202.64,202.35
2022-11-28,203.52,203.04
2022-11-29,207.49,203.43
2022-11-30,207.48,204.70
2022-12-01,207.49,205.54
2022-12-02,207.49,204.81
2022-12-05,207.49,204.44
2022-12-06,206.48,204.14
2022-12-07,207.24,202.87
2022-12-08,203.80,203.62
2022-12-09,207.49,202.48
2022-12-12,205.80,202.61
2022-12-13,207.49,203.77
2022-12-14,204.99,204.35
2022-12-15,204.75,201.58
2022-12-16,202.35,200.16
2022-12-19,201.79,201.67
2022-12-20,203.85,201.21
2022-12-21,203.95,199.40
2022-12-22,202.31,198.55
2022-12-23,201.43,195.15
2022-12-26,198.51,197.23
2022-12-27,198.91,198.00
2022-12-28,198.95,197.99
2022-12-29,199.08,198.78
2022-12-30,200.14,198.04
2023-01-02,201.00,199.34
2023-01-03,199.95,199.68
2023-01-04,200.90,197.67
2023-01-05,198.95,197.07
2023-01-06,198.15,195.72
2023-01-09,199.00,198.28
2023-01-10,199.18,196.13
2023-01-11,198.99,196.13
2023-01-12,202.00,195.61
2023-01-13,197.15,196.61
2023-01-16,198.50,196.06
2023-01-17,198.00,197.47
2023-01-18,199.00,198.65
2023-01-19,199.41,198.43
2023-01-20,199.89,197.45
2023-01-23,199.00,198.44
2023-01-24,199.94,198.42
2023-01-25,199.44,196.04
2023-01-27,197.20,193.00
2023-01-30,194.90,193.25
2023-01-31,196.49,193.44
2023-02-01,196.99,193.13
2023-02-02,194.60,192.91
2023-02-03,203.50,195.12
2023-02-06,201.00,194.48
2023-02-07,196.16,194.04
2023-02-08,195.80,195.54
2023-02-09,201.40,195.89
2023-02-10,197.97,195.49
2023-02-13,198.20,194.60
2023-02-14,197.89,195.98
2023-02-15,197.37,197.08
2023-02-16,198.48,197.35
2023-02-17,198.89,196.30
2023-02-20,198.69,195.59
2023-02-21,196.52,195.26
2023-02-22,196.89,192.51
2023-02-23,194.49,192.01
2023-02-24,195.00,191.46
2023-02-27,192.87,190.56
2023-02-28,192.48,189.70
2023-03-01,191.89,191.28
2023-03-02,196.50,189.93
2023-03-03,193.15,192.51
2023-03-06,194.40,193.63
2023-03-08,194.63,193.95
2023-03-09,194.65,192.64
2023-03-10,191.92,190.75
2023-03-13,192.65,188.12
2023-03-14,189.70,186.91
2023-03-15,192.50,186.10
2023-03-16,188.52,186.23
2023-03-17,189.52,187.42
2023-03-20,188.40,186.20
2023-03-21,187.90,187.46
2023-03-22,188.75,187.88
2023-03-23,189.79,186.91
2023-03-24,187.90,185.68
2023-03-27,187.15,186.18
2023-03-28,187.53,185.71
2023-03-29,187.49,187.09
2023-03-31,190.00,189.86
2023-04-03,191.49,190.56
2023-04-05,192.47,192.19
2023-04-06,193.25,192.94
2023-04-10,194.39,192.64
2023-04-11,193.91,193.76
2023-04-12,194.80,194.64
2023-04-13,195.10,194.77
2023-04-17,196.00,193.91
2023-04-18,194.91,193.24
2023-04-19,194.00,192.86
2023-04-20,194.00,192.99
2023-04-21,194.20,192.85
2023-04-24,194.40,193.95
2023-04-25,194.60,194.13
2023-04-26,194.75,194.62
2023-04-27,196.35,195.93
2023-04-28,197.72,197.29
2023-05-02,199.70,198.39
2023-05-03,199.79,197.68
2023-05-04,199.61,199.44
2023-05-05,199.89,197.84
2023-05-08,199.99,199.71
2023-05-09,200.49,199.70
2023-05-10,200.37,200.00
2023-05-11,200.99,200.35
2023-05-12,200.45,200.26
2023-05-15,201.79,201.34
2023-05-16,202.25,200.51
2023-05-17,201.49,199.76
2023-05-18,201.49,199.05
2023-05-19,205.00,199.82
2023-05-22,200.93,200.74
2023-05-23,201.70,201.02
2023-05-24,201.50,200.24
2023-05-25,200.95,200.70
2023-05-26,203.27,202.85
2023-05-29,204.80,204.14
2023-05-30,205.49,204.36
2023-05-31,205.49,203.66
2023-06-01,205.39,202.99
2023-06-02,204.90,203.84
2023-06-05,205.48,204.28
2023-06-06,205.39,204.04
2023-06-07,205.45,205.34
2023-06-08,206.21,204.51
2023-06-09,205.90,204.03
2023-06-12,205.45,204.46
2023-06-13,205.52,205.45
2023-06-14,211.60,205.85
2023-06-15,206.39,205.31
2023-06-16,207.10,206.69
2023-06-19,208.98,205.87
2023-06-20,206.75,206.50
2023-06-21,207.46,206.87
2023-06-22,207.47,206.24
2023-06-23,212.45,204.98
2023-06-26,206.25,205.17
2023-06-27,207.36,206.46
2023-06-28,208.56,208.18
2023-06-30,210.91,210.61
2023-07-03,213.45,212.30
2023-07-04,218.65,213.06
2023-07-05,218.00,212.92
2023-07-06,219.30,213.96
2023-07-07,220.40,212.72
2023-07-10,218.40,212.64
2023-07-11,219.00,213.45
2023-07-12,214.95,213.25
2023-07-13,215.00,213.69
2023-07-14,215.46,214.83
2023-07-17,216.90,216.53
2023-07-18,217.80,217.02
2023-07-19,219.95,217.97
2023-07-20,219.90,219.51
2023-07-21,219.44,217.48
2023-07-24,219.38,216.73
2023-07-25,219.95,216.64
2023-07-26,219.70,217.72
2023-07-27,219.70,216.63
2023-07-28,218.78,216.34
2023-07-31,218.78,217.58
2023-08-01,218.40,217.23
2023-08-02,217.45,215.10
2023-08-03,216.52,213.56
2023-08-04,215.85,215.04
2023-08-07,216.21,215.95
2023-08-08,216.70,215.79
2023-08-09,216.85,216.49
2023-08-10,217.27,215.33
2023-08-11,217.21,214.40
2023-08-14,217.82,214.51
2023-08-16,218.47,214.57
2023-08-17,218.17,213.70
2023-08-18,218.19,213.00
2023-08-21,213.98,213.50
2023-08-22,218.11,213.43
2023-08-23,216.40,214.37
2023-08-24,218.47,213.77
2023-08-25,214.48,212.76
2023-08-28,217.47,212.87
2023-08-29,217.47,213.16
2023-08-30,217.47,213.54
2023-08-31,217.47,212.77
2023-09-01,216.87,214.27
2023-09-04,217.47,215.59
2023-09-05,216.98,215.84
2023-09-06,217.17,216.22
2023-09-07,217.50,217.29
2023-09-08,218.78,218.41
2023-09-11,220.50,220.38
2023-09-12,221.98,220.19
2023-09-13,221.80,221.43
2023-09-14,222.73,221.53
2023-09-15,222.81,222.57
2023-09-18,222.57,221.92
2023-09-20,221.00,219.60
2023-09-21,226.20,217.63
2023-09-22,219.63,216.81
2023-09-25,218.79,216.80
2023-09-26,217.92,216.57
2023-09-27,218.47,217.56
2023-09-28,218.98,215.77
2023-09-29,222.25,216.75
2023-10-03,223.25,215.57
2023-10-04,222.05,214.40
2023-10-05,220.85,215.53
2023-10-06,218.70,216.62
2023-10-09,223.10,215.48
2023-10-10,221.95,217.13
2023-10-11,220.39,218.76
2023-10-12,225.30,218.60
2023-10-13,220.75,218.07
2023-10-16,222.00,217.90
2023-10-17,224.45,218.55
2023-10-18,219.59,217.20
2023-10-19,223.70,216.67
2023-10-20,219.70,215.30
2023-10-23,221.75,213.17
2023-10-25,216.60,211.48
2023-10-26,214.49,208.74
2023-10-27,215.00,210.57
2023-10-30,211.99,211.52
2023-10-31,214.00,210.98
2023-11-01,213.95,209.99
2023-11-02,213.99,211.64
2023-11-03,213.77,212.69
2023-11-06,218.70,214.56
2023-11-07,215.25,214.49
2023-11-08,215.20,214.83
2023-11-09,217.00,214.30
2023-11-10,214.99,214.24
2023-11-13,215.99,214.55
2023-11-15,217.23,216.97
2023-11-16,219.25,218.16
2023-11-17,224.00,218.02
2023-11-20,218.99,217.35
2023-11-21,219.25,218.39
2023-11-22,219.30,218.53
2023-11-23,219.20,218.56
2023-11-24,225.10,218.48
2023-11-28,225.05,219.56
2023-11-29,221.99,221.66
2023-11-30,228.30,222.13
2023-12-01,223.99,223.75
2023-12-04,230.45,228.18
2023-12-05,230.28,230.06
2023-12-06,231.99,230.94
2023-12-07,231.99,230.83
2023-12-08,231.99,231.36
2023-12-11,232.10,231.79
2023-12-12,232.99,230.96
2023-12-13,231.99,231.15
2023-12-14,234.50,233.99
2023-12-15,237.00,236.62
2023-12-18,237.00,236.57
2023-12-19,237.99,236.70
2023-12-20,238.88,233.25
2023-12-21,238.00,234.60
2023-12-22,236.35,235.50
2023-12-26,237.30,236.93
2023-12-27,239.70,238.91
2023-12-28,240.50,240.16
2023-12-29,247.35,239.65
2024-01-01,241.14,240.35
2024-01-02,241.00,239.21
2024-01-03,240.00,237.74
2024-01-04,239.59,239.30
2024-01-05,240.00,239.74
2024-01-08,242.00,237.68
2024-01-09,239.99,237.78
2024-01-10,238.99,238.76
2024-01-11,239.70,238.87
2024-01-12,242.35,241.73
2024-01-15,244.30,244.07
2024-01-16,244.99,243.24
2024-01-17,243.00,238.38
2024-01-18,238.21,237.51
2024-01-19,239.99,239.15
2024-01-23,241.90,234.87
2024-01-24,237.59,237.29
2024-01-25,238.00,236.15
2024-01-29,240.40,240.05
2024-01-30,241.99,238.13
2024-01-31,240.48,240.26
2024-02-01,241.99,240.03
2024-02-02,244.28,241.30
2024-02-05,248.55,240.24
2024-02-06,247.45,242.01
2024-02-07,249.25,242.35
2024-02-08,243.38,240.28
2024-02-09,241.02,240.78
2024-02-12,242.50,239.32
2024-02-13,246.50,240.59
2024-02-14,241.99,241.55
2024-02-15,243.00,242.72
2024-02-16,244.23,243.99
2024-02-19,245.75,245.04
2024-02-20,246.99,245.37
2024-02-21,246.29,243.87
2024-02-22,246.21,245.79
2024-02-23,246.89,245.69
2024-02-26,246.50,244.87
2024-02-27,245.71,245.50
2024-02-28,246.88,243.07
2024-02-29,244.99,243.25
2024-03-01,246.99,246.85
2024-03-04,249.98,247.83
2024-03-05,248.87,247.34
2024-03-06,248.99,248.62
2024-03-07,249.00,248.67
2024-03-11,249.80,247.45
2024-03-12,248.99,247.42
2024-03-13,248.89,243.71
2024-03-14,245.90,245.39
2024-03-15,245.38,243.80
2024-03-18,251.10,243.98
2024-03-19,243.98,241.60
2024-03-20,242.99,241.58
2024-03-21,248.85,243.99
2024-03-22,245.40,244.74
2024-03-26,246.10,243.79
2024-03-27,247.00,244.96
2024-03-28,248.69,246.96
2024-04-01,254.35,248.19
2024-04-02,249.48,248.65
2024-04-03,249.48,248.59
2024-04-04,250.60,249.23
2024-04-05,250.17,249.05
2024-04-08,250.95,250.75
2024-04-09,252.58,250.74
2024-04-10,254.69,251.57
2024-04-12,253.10,249.56
2024-04-15,249.99,246.87
2024-04-16,246.99,245.52
2024-04-18,252.90,243.94
2024-04-19,245.70,245.53
2024-04-22,247.90,247.31
2024-04-23,249.99,247.82
2024-04-24,249.75,247.94
2024-04-25,249.95,249.27
2024-04-26,250.88,248.44
2024-04-29,251.40,250.59
2024-04-30,252.99,250.06
2024-05-02,251.30,250.84
2024-05-03,252.58,248.75
2024-05-06,250.99,248.37
2024-05-07,253.89,247.11
2024-05-08,249.89,247.24
2024-05-09,247.87,243.49
2024-05-10,245.67,244.97
2024-05-13,252.30,245.16
2024-05-14,249.89,246.61
2024-05-15,249.59,246.42
2024-05-16,248.50,248.18
2024-05-17,249.99,248.73
2024-05-21,250.25,249.74
2024-05-22,250.99,250.36
2024-05-23,254.74,254.29
2024-05-24,255.71,254.98
2024-05-27,256.76,254.72
2024-05-28,255.58,254.20
2024-05-29,253.98,252.37
2024-05-30,253.85,250.35
2024-05-31,252.12,251.15
2024-06-03,265.00,258.14
2024-06-04,260.28,250.48
2024-06-05,254.35,251.30
2024-06-06,254.10,252.98
2024-06-07,258.81,258.42
2024-06-10,259.62,257.94
2024-06-11,259.62,258.80
2024-06-12,261.99,259.39
2024-06-13,260.74,260.30
2024-06-14,261.00,260.65
2024-06-18,262.50,261.56
2024-06-19,262.68,261.38
2024-06-20,262.35,261.72
2024-06-21,263.99,260.87
2024-06-24,261.94,261.66
2024-06-25,263.90,263.59
2024-06-26,265.25,265.01
2024-06-27,267.44,266.95
2024-06-28,268.50,267.48
2024-07-01,269.00,268.30
2024-07-02,271.99,269.03
2024-07-03,271.38,270.23
2024-07-04,271.70,270.53
2024-07-05,271.99,270.53
2024-07-08,271.45,270.04
2024-07-09,271.49,271.38
2024-07-10,272.28,270.92
2024-07-11,274.99,270.75
2024-07-12,273.00,271.94
2024-07-15,273.88,273.09
2024-07-16,274.15,273.55
2024-07-18,275.82,275.51
2024-07-19,276.48,273.29
2024-07-22,273.99,272.45
2024-07-23,273.50,272.64
2024-07-24,272.78,271.89
2024-07-25,272.30,271.92
2024-07-26,276.25,276.06
2024-07-29,278.20,276.68
2024-07-30,277.96,277.10
2024-07-31,278.09,277.75
2024-08-01,279.11,278.33
2024-08-02,277.28,275.69
2024-08-05,273.00,269.48
2024-08-06,272.94,267.61
2024-08-07,271.44,271.10
2024-08-08,271.18,269.33
2024-08-09,272.33,271.59
2024-08-12,272.80,271.44
2024-08-13,271.95,269.52
2024-08-14,270.50,269.34
2024-08-16,274.14,273.81
2024-08-19,275.48,274.43
2024-08-20,276.25,275.83
2024-08-21,276.34,276.12
2024-08-22,277.49,276.48
2024-08-23,277.15,276.60
2024-08-26,279.11,278.84
2024-08-27,279.35,278.70
2024-08-28,280.02,278.94
2024-08-29,280.60,280.10
2024-08-30,281.75,281.08
2024-09-02,283.99,281.45
2024-09-03,282.20,281.72
2024-09-04,281.50,281.28
2024-09-05,282.35,280.43
2024-09-06,280.58,277.82
2024-09-09,278.44,277.68
2024-09-10,279.96,279.20
2024-09-11,279.79,277.54
2024-09-12,283.20,282.71
2024-09-13,283.75,283.19
2024-09-16,284.15,283.27
2024-09-17,284.10,283.89
2024-09-18,284.52,283.36
2024-09-19,285.70,283.92
2024-09-20,287.70,287.10
2024-09-23,290.10,289.34
2024-09-24,289.88,289.30
2024-09-25,290.43,290.09
2024-09-26,291.91,291.55
2024-09-27,292.50,291.97
2024-09-30,293.99,288.38
2024-10-01,289.32,288.27
2024-10-03,286.97,282.69
2024-10-04,284.51,280.15
2024-10-07,281.58,278.01
2024-10-08,279.85,279.40
2024-10-09,281.99,278.72
2024-10-10,280.99,279.30
2024-10-11,287.70,278.72
2024-10-14,280.99,280.76
2024-10-15,282.09,279.83
2024-10-16,281.99,278.50
2024-10-17,279.35,276.69
2024-10-18,278.99,277.53
2024-10-21,279.99,276.47
2024-10-22,277.73,273.56
2024-10-23,274.94,273.09
2024-10-24,273.78,272.12
2024-10-25,275.00,270.48
2024-10-28,273.73,271.97
2024-10-29,273.80,273.59
2024-10-30,273.98,272.16
2024-10-31,273.99,270.64
2024-11-01,270.64,270.64
2024-11-04,273.99,268.47
2024-11-05,271.00,270.79
2024-11-06,274.40,273.91
2024-11-07,274.39,270.70
2024-11-08,271.48,270.03
2024-11-11,272.98,269.96
2024-11-12,272.99,267.18
2024-11-13,268.99,263.64
2024-11-14,265.65,263.57
2024-11-18,265.08,262.47
2024-11-19,265.99,263.07
2024-11-21,264.95,261.29
2024-11-22,267.34,266.86
2024-11-25,271.80,270.73
2024-11-26,273.99,270.54
2024-11-27,272.99,271.54
2024-11-28,273.99,267.68
2024-11-29,270.56,269.88
2024-12-02,271.99,271.38
2024-12-03,273.20,272.98
2024-12-04,274.10,273.43
2024-12-05,277.53,275.92
2024-12-06,277.99,275.88
2024-12-09,276.99,275.14
2024-12-10,276.78,274.68
2024-12-11,275.99,274.97
2024-12-12,276.24,274.10
2024-12-13,276.39,276.08
2024-12-16,276.89,275.48
2024-12-17,275.89,272.22
2024-12-18,272.99,270.70
2024-12-19,276.42,268.39
2024-12-20,269.32,264.15
2024-12-23,269.00,265.66
2024-12-24,266.88,265.49
2024-12-26,269.85,265.67
2024-12-27,267.50,266.39
2024-12-30,267.77,264.37
2024-12-31,265.00,264.47
2025-01-01,266.28,265.59
2025-01-02,270.23,269.89
2025-01-03,270.99,268.41
2025-01-06,269.60,264.48
2025-01-07,266.25,265.16
2025-01-08,266.04,264.92
2025-01-09,265.50,263.15
2025-01-10,263.87,262.22
2025-01-13,261.90,258.40
2025-01-14,260.95,259.26
2025-01-15,260.48,259.58
2025-01-16,261.70,260.72
2025-01-17,260.80,259.77
2025-01-20,261.88,261.29
2025-01-21,262.47,257.91
2025-01-22,259.80,258.85
2025-01-23,260.32,259.51
2025-01-24,260.95,258.19
2025-01-27,257.68,255.69
2025-01-28,259.14,257.33
2025-01-29,259.50,259.38
2025-01-30,260.98,260.22
2025-01-31,263.17,263.00
2025-02-01,264.70,262.13
2025-02-03,261.65,261.47
2025-02-04,265.22,265.05
2025-02-05,265.95,265.25
2025-02-06,267.99,264.37
2025-02-07,265.50,263.75
2025-02-10,265.99,261.90
2025-02-11,262.99,258.55
2025-02-12,259.75,258.27
2025-02-13,260.49,258.17
2025-02-14,259.99,256.95
2025-02-17,257.95,257.11
2025-02-18,257.70,256.84
2025-02-19,258.44,256.89
2025-02-20,257.99,256.85
2025-02-21,257.99,255.53
2025-02-24,255.20,252.87
2025-02-25,253.58,252.75
2025-02-27,253.80,252.56
2025-02-28,252.95,248.45
2025-03-03,255.90,248.05
2025-03-04,247.78,247.49
2025-03-05,251.00,250.48
2025-03-06,252.90,252.75
2025-03-07,253.74,252.84
2025-03-10,254.95,251.75
2025-03-11,252.40,252.08
2025-03-12,253.99,251.74
2025-03-13,252.90,251.06
2025-03-17,253.00,252.18
2025-03-18,252.18,252.18
2025-03-19,256.94,256.70
2025-03-20,259.60,259.32
2025-03-21,261.59,261.09
2025-03-24,265.31,264.90
2025-03-25,266.82,264.73
2025-03-26,265.50,262.90
2025-03-27,264.27,263.73
2025-03-28,264.48,263.21
2025-04-01,263.67,259.60
2025-04-02,261.85,261.64
2025-04-03,261.10,260.46
2025-04-04,260.58,257.16
2025-04-07,264.85,249.10
2025-04-08,256.55,252.72
2025-04-09,252.68,251.03
2025-04-11,256.90,255.97
2025-04-15,262.88,260.87
2025-04-16,263.99,261.91
2025-04-17,266.79,266.54
2025-04-21,270.48,269.70
2025-04-22,270.95,270.05
2025-04-23,272.89,271.82
2025-04-24,272.09,270.95
2025-04-25,272.30,268.63
2025-04-28,272.30,271.90
2025-04-29,273.89,271.91
2025-04-30,277.09,271.99
2025-05-02,275.12,271.77
2025-05-05,274.55,274.39
2025-05-06,274.90,272.60
2025-05-07,273.59,272.79
2025-05-08,273.70,271.04
2025-05-09,270.09,268.49
2025-05-12,279.49,278.94
2025-05-13,281.25,275.65
2025-05-14,277.27,276.57
2025-05-15,280.76,280.17
2025-05-16,280.99,280.21
2025-05-19,281.34,279.21
2025-05-20,280.89,276.89
2025-05-21,279.14,277.55
2025-05-22,277.90,275.91
2025-05-23,284.19,278.37
2025-05-26,280.95,279.89
2025-05-27,280.89,278.25
2025-05-28,279.99,277.69
2025-05-29,279.09,278.54
2025-05-30,279.89,277.97
2025-06-02,278.38,277.60
2025-06-03,278.60,275.77
2025-06-04,276.89,276.46
2025-06-05,279.34,278.05
2025-06-06,280.85,280.50
2025-06-09,282.89,281.35
2025-06-10,282.80,281.39
2025-06-11,282.80,281.87
2025-06-12,282.75,278.95
2025-06-13,277.50,277.10
2025-06-16,279.97,279.70
2025-06-17,281.49,278.59
2025-06-18,279.89,278.24
2025-06-19,279.89,277.91
2025-06-20,281.80,281.50
2025-06-23,281.53,280.86
2025-06-24,284.24,281.43
2025-06-25,283.78,283.41
2025-06-26,286.58,286.39
2025-06-27,288.28,287.96
2025-06-30,289.39,286.51
2025-07-01,287.89,286.84
2025-07-02,287.89,285.78
2025-07-03,287.26,285.39
2025-07-04,287.89,286.11
2025-07-07,287.79,286.07
2025-07-08,287.19,286.91
2025-07-09,287.69,286.50
2025-07-10,287.69,285.16
2025-07-11,285.39,283.11
2025-07-14,284.39,282.71
2025-07-15,284.38,283.69
2025-07-16,284.39,283.64
2025-07-17,284.99,282.83
2025-07-18,283.69,281.43
2025-07-21,282.79,282.26
2025-07-22,283.89,282.07
2025-07-23,283.70,283.53
2025-07-24,284.49,282.10
2025-07-25,282.19,280.03
2025-07-28,280.62,278.49
2025-07-29,286.84,280.09
2025-07-30,281.89,280.13
2025-07-31,281.39,279.26
2025-08-01,280.99,277.35
2025-08-04,279.02,278.85
2025-08-05,279.89,278.14
2025-08-06,278.89,277.31
2025-08-07,277.99,277.29
2025-08-08,277.89,275.14
2025-08-11,277.49,277.29
2025-08-12,278.70,276.54
2025-08-13,278.89,278.02
2025-08-14,278.89,278.23
2025-08-18,282.43,281.07
2025-08-19,282.22,281.96
2025-08-20,282.85,282.52
2025-08-21,284.99,283.06
2025-08-22,283.48,280.75
2025-08-25,282.29,281.68
2025-08-26,281.99,279.05
2025-08-28,279.79,276.93
2025-08-29,277.79,276.06
2025-09-01,278.25,278.18
2025-09-02,279.50,277.68
2025-09-03,279.20,278.94
2025-09-04,282.38,279.32
2025-09-05,280.74,279.60
2025-09-08,281.20,279.99
2025-09-09,281.99,280.54
2025-09-10,283.99,281.84
2025-09-11,282.77,282.53
2025-09-12,283.90,283.51
2025-09-15,284.39,283.12
2025-09-16,285.10,284.89
2025-09-17,286.19,285.98
2025-09-18,287.54,286.70
2025-09-19,295.30,285.90
2025-09-22,285.79,284.49
2025-09-23,285.39,284.35
2025-09-24,284.81,282.88
2025-09-25,283.69,281.24
2025-09-26,281.69,278.74
2025-09-29,280.25,278.54
2025-09-30,279.99,277.52
2025-10-01,280.63,280.51
2025-10-03,281.31,281.16
2025-10-06,283.20,283.07
2025-10-07,284.50,283.41
2025-10-08,284.18,282.38
2025-10-09,284.24,284.05
2025-10-10,285.95,285.52
2025-10-13,285.15,284.64
2025-10-14,286.39,283.69
2025-10-15,286.45,286.07
2025-10-16,289.00,288.70
2025-10-17,290.95,290.17
2025-10-20,292.54,291.86
2025-10-21,292.92,291.87
2025-10-23,295.38,292.39
2025-10-27,294.33,293.35
2025-10-28,294.99,293.10
2025-10-29,294.90,294.50
2025-10-30,294.99,292.58
2025-10-31,295.00,291.08
2025-11-03,292.79,291.35
2025-11-04,291.64,289.59
2025-11-06,290.40,288.24
2025-11-07,289.16,288.44
2025-11-10,290.30,289.49
2025-11-11,291.08,290.82
2025-11-12,293.10,292.72
2025-11-13,293.75,292.39
2025-11-14,293.25,292.83
2025-11-17,301.61,293.97
2025-11-18,294.89,292.97
2025-11-19,294.55,294.37
2025-11-20,296.37,295.64
2025-11-21,295.89,294.32
2025-11-24,295.44,293.30
2025-11-25,294.28,292.68
2025-11-26,296.20,296.01
2025-11-27,297.45,296.42
2025-11-28,297.24,296.49
2025-12-01,298.15,296.10
2025-12-02,296.99,294.66
2025-12-03,294.99,293.80
2025-12-04,294.98,294.37
2025-12-05,301.72,296.01
2025-12-08,296.49,293.45
2025-12-09,302.25,292.35
2025-12-10,293.55,291.56
2025-12-11,293.37,292.93
2025-12-12,294.90,294.69
2025-12-15,294.99,294.54
2025-12-16,294.30,292.66
2025-12-17,293.29,291.71
2025-12-18,292.83,291.84
2025-12-19,293.45,293.45
2025-12-22,295.73,295.69
2025-12-23,296.98,295.68
2025-12-24,296.38,295.50
2025-12-26,296.99,294.46
2025-12-29,295.28,293.15
2025-12-30,293.58,293.32
2025-12-31,295.70,295.31
2026-01-01,296.19,295.33
2026-01-02,297.99,297.55
2026-01-05,298.00,296.41
2026-01-06,297.79,296.02
2026-01-07,296.23,295.72
2026-01-08,295.98,292.93
2026-01-09,293.89,290.59
2026-01-12,292.09,291.87
2026-01-13,293.48,291.13
2026-01-14,291.99,290.66
2026-01-15,290.66,290.66
2026-01-16,292.90,291.04
2026-01-19,291.15,289.63
2026-01-20,290.89,286.28
2026-01-21,287.49,284.95
2026-01-22,288.09,286.61
2026-01-23,288.07,283.91
2026-01-27,285.99,285.22
2026-01-28,286.99,286.61
2026-01-29,287.99,287.37
2026-01-30,287.37,286.73
2026-02-02,284.50,283.94
2026-02-03,298.89,291.24
2026-02-04,292.03,291.65
2026-02-05,291.98,290.35
2026-02-06,290.90,290.65
2026-02-09,293.68,292.56
2026-02-10,293.89,293.56
2026-02-11,294.68,293.85
2026-02-12,294.79,292.27
2026-02-13,290.80,288.87
2026-02-16,290.95,290.76
2026-02-17,291.87,291.52
2026-02-18,292.40,292.20
2026-02-19,293.18,288.38
2026-02-20,290.30,289.23
2026-02-23,291.20,290.45
2026-02-24,290.45,287.85
2026-02-25,292.00,288.63
2026-02-26,290.99,288.58
2026-02-27,289.39,285.29
2026-03-02,292.42,281.93
2026-03-04,280.99,277.29
2026-03-05,285.61,280.35
2026-03-06,280.52,277.25
2026-03-09,274.81,272.42
2026-03-10,276.29,274.95
2026-03-11,275.39,270.56
2026-03-12,270.00,267.94
2026-03-13,267.99,262.69
2026-03-16,266.00,265.18
2026-03-17,267.75,267.16
2026-03-18,270.03,269.43
2026-03-19,267.99,262.12
2026-03-20,265.99,262.07
2026-03-23,261.44,255.15
2026-03-24,261.50,259.83
2026-03-25,265.90,264.06
2026-03-27,265.20,258.89
2026-03-30,258.42,253.44
2026-04-01,260.07,257.45
2026-04-02,259.29,257.61
2026-04-06,260.60,260.25
2026-04-07,261.80,261.47
2026-04-08,272.00,271.68
2026-04-09,272.49,269.49
2026-04-10,272.20,271.95
2026-04-13,270.35,269.52
2026-04-15,274.39,273.77
2026-04-16,275.83,273.95
2026-04-17,276.19,275.87
2026-04-20,276.61,275.21
2026-04-21,277.83,277.63
2026-04-22,277.38,275.64
2026-04-23,274.98,273.76
2026-04-24,274.94,271.09
2026-04-27,272.90,272.52
2026-04-28,273.30,271.48
2026-04-29,275.00,273.13
2026-04-30,273.20,272.01
2026-05-01,272.01,272.01
2026-05-04,274.70,273.12
2026-05-05,274.99,272.30
2026-05-06,275.89,275.73
2026-05-07,277.09,275.17
2026-05-08,274.68,273.94
2026-05-11,272.98,270.10
2026-05-12,270.09,265.05
2026-05-13,267.14,265.44
2026-05-14,268.85,268.09
2026-05-15,269.91,267.30
2026-05-18,267.99,267.58
2026-05-19,269.20,267.61
2026-05-20,268.37,268.05
2026-05-21,270.24,268.21
2026-05-22,270.00,269.10
2026-05-25,274.99,271.99
2026-05-26,272.66,270.83
2026-05-27,271.83,270.94
2026-05-28,270.94,270.94
2026-05-29,272.24,267.78
2026-06-01,269.27,265.52
2026-06-02,266.80,266.02
2026-06-03,266.19,265.55
2026-06-04,266.99,265.60
2026-06-05,267.99,265.36
2026-06-08,264.80,262.56
2026-06-09,264.38,263.88
2026-06-10,265.35,263.08
2026-06-11,264.35,262.63
2026-06-12,268.25,267.86
2026-06-15,272.49,270.63
2026-06-16,272.42,271.67
2026-06-17,273.22,273.11
2026-06-18,274.29,273.97
2026-06-19,274.19,272.95
2026-06-22,274.99,273.67
2026-06-23,273.98,270.81
2026-06-24,273.35,272.68
2026-06-25,275.40,273.43
2026-06-26,273.43,273.43
2026-06-29,274.39,272.16
2026-06-30,273.38,271.82
2026-07-01,273.19,272.87
2026-07-02,274.60,274.27
2026-07-03,280.00,275.91
2026-07-06,277.66,277.43
2026-07-07,278.55,277.05
2026-07-08,277.99,271.69
2026-07-09,277.12,272.76
2026-07-10,275.33,275.07
2026-07-13,275.66,275.30
2026-07-14,274.58,273.35
2026-07-15,275.20,273.66
2026-07-16,275.10,273.99
2026-07-17,277.00,276.46
2026-07-20,276.19,275.58
2026-07-21,276.42,275.13
2026-07-22,275.99,273.36
2026-07-23,276.20,271.98
2026-07-24,271.65,271.21
2026-07-27,273.90,273.59
2026-07-28,274.12,273.53
2026-07-29,276.10,275.82
2026-07-30,276.80,276.49
2026-07-31,277.80,277.42
2026-08-03,280.09,279.87
2026-08-04,281.10,278.79
2026-08-05,284.37,279.96
2026-08-06,281.38,280.59
2026-08-07,280.59,279.83
2026-08-10,280.69,280.46
2026-08-11,281.00,279.13
2026-08-12,279.93,278.32
2026-08-13,278.79,278.16
2026-08-14,279.99,278.35
2026-08-17,279.99,277.91
2026-08-18,278.99,276.10
2026-08-19,276.38,274.62
2026-08-20,278.00,276.57
2026-08-21,277.38,276.76
2026-08-24,277.99,275.87
2026-08-25,277.50,276.94
2026-08-26,278.27,277.02
2026-08-27,283.94,275.74
2026-08-28,277.49,275.62
2026-08-31,275.88,274.87
2026-09-01,277.95,273.25
2026-09-02,273.15,272.56
2026-09-03,276.50,272.63
2026-09-04,278.08,273.27
2026-09-07,273.78,271.21
2026-09-08,271.64,270.05
2026-09-09,269.68,268.15
2026-09-10,273.51,267.17
2026-09-11,268.60,267.14
2026-09-14,267.14,267.14
2026-09-15,269.90,264.58
2026-09-16,266.28,265.02
2026-09-17,266.75,266.08
2026-09-18,267.89,266.53
2026-09-21,267.98,267.76
2026-09-22,268.89,266.64
2026-09-23,267.90,267.59
2026-09-24,274.00,263.99
2026-09-25,265.66,264.13
2026-09-28,266.99,260.47
2026-09-30,260.99,259.48
