date,NIFTYBEES,JUNIORBEES,BANKBEES,GOLDBEES,cash,strategy
2013-04-01,0.75,0,0,0,0.25,S0|cap=0.2|band=0.01
2013-04-02,0.75,0,0,0,0.25,S0|cap=0.2|band=0.01
2013-04-03,0.75,0,0,0,0.25,S0|cap=0.2|band=0.01
2013-04-04,0.75,0,0,0,0.25,S0|cap=0.2|band=0.01
2013-04-05,0.75,0,0,0,0.25,S0|cap=0.2|band=0.01
2013-04-08,0.75,0,0,0,0.25,S0|cap=0.2|band=0.01
2013-04-09,0.75,0,0,0,0.25,S0|cap=0.2|band=0.01
2013-04-10,0.75,0,0,0,0.25,S0|cap=0.2|band=0.01
2013-04-11,0.75,0,0,0,0.25,S0|cap=0.2|band=0.01
2013-04-12,0.75,0,0,0,0.25,S0|cap=0.2|band=0.01
2013-04-15,0.75,0,0,0,0.25,S0|cap=0.2|band=0.01
2013-04-16,0.75,0,0,0,0.25,S0|cap=0.2|band=0.01
2013-04-17,0.75,0,0,0,0.25,S0|cap=0.2|band=0.01
2013-04-18,0.75,0,0,0,0.25,S0|cap=0.2|band=0.01
2013-04-22,0.75,0,0,0,0.25,S0|cap=0.2|band=0.01
2013-04-23,0.75,0,0,0,0.25,S0|cap=0.2|band=0.01
2013-04-25,0.75,0,0,0,0.25,S0|cap=0.2|band=0.01
2013-04-26,0.75,0,0,0,0.25,S0|cap=0.2|band=0.01
2013-04-29,0.75,0,0,0,0.25,S0|cap=0.2|band=0.01
2013-04-30,0.75,0,0,0,0.25,S0|cap=0.2|band=0.01
2013-05-02,0.75,0,0,0,0.25,S0|cap=0.2|band=0.01
2013-05-03,0.75,0,0,0,0.25,S0|cap=0.2|band=0.01
2013-05-06,0.75,0,0,0,0.25,S0|cap=0.2|band=0.01
2013-05-07,0.75,0,0,0,0.25,S0|cap=0.2|band=0.01
2013-05-08,0.75,0,0,0,0.25,S0|cap=0.2|band=0.01
2013-05-09,0.75,0,0,0,0.25,S0|cap=0.2|band=0.01
2013-05-10,0.75,0,0,0,0.25,S0|cap=0.2|band=0.01
2013-05-11,0.75,0,0,0,0.25,S0|cap=0.2|band=0.01
2013-05-13,0.75,0,0,0,0.25,S0|cap=0.2|band=0.01
2013-05-14,0.75,0,0,0,0.25,S0|cap=0.2|band=0.01
2013-05-15,0.75,0,0,0,0.25,S0|cap=0.2|band=0.01
2013-05-16,0.75,0,0,0,0.25,S0|cap=0.2|band=0.01
2013-05-17,0.75,0,0,0,0.25,S0|cap=0.2|band=0.01
2013-05-20,0.75,0,0,0,0.25,S0|cap=0.2|band=0.01
2013-05-21,0.75,0,0,0,0.25,S0|cap=0.2|band=0.01
2013-05-22,0.75,0,0,0,0.25,S0|cap=0.2|band=0.01
2013-05-23,0.75,0,0,0,0.25,S0|cap=0.2|band=0.01
2013-05-24,0.75,0,0,0,0.25,S0|cap=0.2|band=0.01
2013-05-27,0.75,0,0,0,0.25,S0|cap=0.2|band=0.01
2013-05-28,0.75,0,0,0,0.25,S0|cap=0.2|band=0.01
2013-05-29,0.75,0,0,0,0.25,S0|cap=0.2|band=0.01
2013-05-30,0.75,0,0,0,0.25,S0|cap=0.2|band=0.01
2013-05-31,0.75,0,0,0,0.25,S0|cap=0.2|band=0.01
2013-06-03,0.75,0,0,0,0.25,S0|cap=0.2|band=0.01
2013-06-04,0.75,0,0,0,0.25,S0|cap=0.2|band=0.01
2013-06-05,0.75,0,0,0,0.25,S0|cap=0.2|band=0.01
2013-06-06,0.75,0,0,0,0.25,S0|cap=0.2|band=0.01
2013-06-07,0.75,0,0,0,0.25,S0|cap=0.2|band=0.01
2013-06-10,0.75,0,0,0,0.25,S0|cap=0.2|band=0.01
2013-06-11,0.75,0,0,0,0.25,S0|cap=0.2|band=0.01
2013-06-12,0.75,0,0,0,0.25,S0|cap=0.2|band=0.01
2013-06-13,0.75,0,0,0,0.25,S0|cap=0.2|band=0.01
2013-06-14,0.75,0,0,0,0.25,S0|cap=0.2|band=0.01
2013-06-17,0.75,0,0,0,0.25,S0|cap=0.2|band=0.01
2013-06-18,0.75,0,0,0,0.25,S0|cap=0.2|band=0.01
2013-06-19,0.75,0,0,0,0.25,S0|cap=0.2|band=0.01
2013-06-20,0.75,0,0,0,0.25,S0|cap=0.2|band=0.01
2013-06-21,0.75,0,0,0,0.25,S0|cap=0.2|band=0.01
2013-06-24,0.75,0,0,0,0.25,S0|cap=0.2|band=0.01
2013-06-25,0.75,0,0,0,0.25,S0|cap=0.2|band=0.01
2013-06-26,0.75,0,0,0,0.25,S0|cap=0.2|band=0.01
2013-06-27,0.75,0,0,0,0.25,S0|cap=0.2|band=0.01
2013-06-28,0.75,0,0,0,0.25,S0|cap=0.2|band=0.01
2013-07-01,0.75,0,0,0,0.25,S0|cap=0.2|band=0.01
2013-07-02,0.75,0,0,0,0.25,S0|cap=0.2|band=0.01
2013-07-03,0.75,0,0,0,0.25,S0|cap=0.2|band=0.01
2013-07-04,0.75,0,0,0,0.25,S0|cap=0.2|band=0.01
2013-07-05,0.75,0,0,0,0.25,S0|cap=0.2|band=0.01
2013-07-08,0.75,0,0,0,0.25,S0|cap=0.2|band=0.01
2013-07-09,0.75,0,0,0,0.25,S0|cap=0.2|band=0.01
2013-07-10,0.75,0,0,0,0.25,S0|cap=0.2|band=0.01
2013-07-11,0.75,0,0,0,0.25,S0|cap=0.2|band=0.01
2013-07-12,0.75,0,0,0,0.25,S0|cap=0.2|band=0.01
2013-07-15,0.75,0,0,0,0.25,S0|cap=0.2|band=0.01
2013-07-16,0.75,0,0,0,0.25,S0|cap=0.2|band=0.01
2013-07-17,0.75,0,0,0,0.25,S0|cap=0.2|band=0.01
2013-07-18,0.75,0,0,0,0.25,S0|cap=0.2|band=0.01
2013-07-19,0.75,0,0,0,0.25,S0|cap=0.2|band=0.01
2013-07-22,0.75,0,0,0,0.25,S0|cap=0.2|band=0.01
2013-07-23,0.75,0,0,0,0.25,S0|cap=0.2|band=0.01
2013-07-24,0.75,0,0,0,0.25,S0|cap=0.2|band=0.01
2013-07-25,0.75,0,0,0,0.25,S0|cap=0.2|band=0.01
2013-07-26,0.75,0,0,0,0.25,S0|cap=0.2|band=0.01
2013-07-29,0.75,0,0,0,0.25,S0|cap=0.2|band=0.01
2013-07-30,0.75,0,0,0,0.25,S0|cap=0.2|band=0.01
2013-07-31,0.75,0,0,0,0.25,S0|cap=0.2|band=0.01
2013-08-01,0.75,0,0,0,0.25,S0|cap=0.2|band=0.01
2013-08-02,0.75,0,0,0,0.25,S0|cap=0.2|band=0.01
2013-08-05,0.75,0,0,0,0.25,S0|cap=0.2|band=0.01
2013-08-06,0.75,0,0,0,0.25,S0|cap=0.2|band=0.01
2013-08-07,0.75,0,0,0,0.25,S0|cap=0.2|band=0.01
2013-08-08,0.75,0,0,0,0.25,S0|cap=0.2|band=0.01
2013-08-12,0.75,0,0,0,0.25,S0|cap=0.2|band=0.01
2013-08-13,0.75,0,0,0,0.25,S0|cap=0.2|band=0.01
2013-08-14,0.75,0,0,0,0.25,S0|cap=0.2|band=0.01
2013-08-16,0.75,0,0,0,0.25,S0|cap=0.2|band=0.01
2013-08-19,0.75,0,0,0,0.25,S0|cap=0.2|band=0.01
2013-08-20,0.75,0,0,0,0.25,S0|cap=0.2|band=0.01
2013-08-21,0.75,0,0,0,0.25,S0|cap=0.2|band=0.01
2013-08-22,0.75,0,0,0,0.25,S0|cap=0.2|band=0.01
2013-08-23,0.75,0,0,0,0.25,S0|cap=0.2|band=0.01
2013-08-26,0.75,0,0,0,0.25,S0|cap=0.2|band=0.01
2013-08-27,0.75,0,0,0,0.25,S0|cap=0.2|band=0.01
2013-08-28,0.75,0,0,0,0.25,S0|cap=0.2|band=0.01
2013-08-29,0.75,0,0,0,0.25,S0|cap=0.2|band=0.01
2013-08-30,0.75,0,0,0,0.25,S0|cap=0.2|band=0.01
2013-09-02,0.75,0,0,0,0.25,S0|cap=0.2|band=0.01
2013-09-03,0.75,0,0,0,0.25,S0|cap=0.2|band=0.01
2013-09-04,0.75,0,0,0,0.25,S0|cap=0.2|band=0.01
2013-09-05,0.75,0,0,0,0.25,S0|cap=0.2|band=0.01
2013-09-06,0.75,0,0,0,0.25,S0|cap=0.2|band=0.01
2013-09-10,0.75,0,0,0,0.25,S0|cap=0.2|band=0.01
2013-09-11,0.75,0,0,0,0.25,S0|cap=0.2|band=0.01
2013-09-12,0.75,0,0,0,0.25,S0|cap=0.2|band=0.01
2013-09-13,0.75,0,0,0,0.25,S0|cap=0.2|band=0.01
2013-09-16,0.75,0,0,0,0.25,S0|cap=0.2|band=0.01
2013-09-17,0.75,0,0,0,0.25,S0|cap=0.2|band=0.01
2013-09-18,0.75,0,0,0,0.25,S0|cap=0.2|band=0.01
2013-09-19,0.75,0,0,0,0.25,S0|cap=0.2|band=0.01
2013-09-20,0.75,0,0,0,0.25,S0|cap=0.2|band=0.01
2013-09-23,0.75,0,0,0,0.25,S0|cap=0.2|band=0.01
2013-09-24,0.75,0,0,0,0.25,S0|cap=0.2|band=0.01
2013-09-25,0.75,0,0,0,0.25,S0|cap=0.2|band=0.01
2013-09-26,0.75,0,0,0,0.25,S0|cap=0.2|band=0.01
2013-09-27,0.75,0,0,0,0.25,S0|cap=0.2|band=0.01
2013-09-30,0.75,0,0,0,0.25,S0|cap=0.2|band=0.01
2013-10-01,0.75,0,0,0,0.25,S0|cap=0.2|band=0.01
2013-10-03,0.75,0,0,0,0.25,S0|cap=0.2|band=0.01
2013-10-04,0.75,0,0,0,0.25,S0|cap=0.2|band=0.01
2013-10-07,0.75,0,0,0,0.25,S0|cap=0.2|band=0.01
2013-10-08,0.75,0,0,0,0.25,S0|cap=0.2|band=0.01
2013-10-09,0.75,0,0,0,0.25,S0|cap=0.2|band=0.01
2013-10-10,0.75,0,0,0,0.25,S0|cap=0.2|band=0.01
2013-10-11,0.75,0,0,0,0.25,S0|cap=0.2|band=0.01
2013-10-14,0.75,0,0,0,0.25,S0|cap=0.2|band=0.01
2013-10-15,0.75,0,0,0,0.25,S0|cap=0.2|band=0.01
2013-10-17,0.75,0,0,0,0.25,S0|cap=0.2|band=0.01
2013-10-18,0.75,0,0,0,0.25,S0|cap=0.2|band=0.01
2013-10-21,0.75,0,0,0,0.25,S0|cap=0.2|band=0.01
2013-10-22,0.75,0,0,0,0.25,S0|cap=0.2|band=0.01
2013-10-23,0.75,0,0,0,0.25,S0|cap=0.2|band=0.01
2013-10-24,0.75,0,0,0,0.25,S0|cap=0.2|band=0.01
2013-10-25,0.75,0,0,0,0.25,S0|cap=0.2|band=0.01
2013-10-28,0.75,0,0,0,0.25,S0|cap=0.2|band=0.01
2013-10-29,0.75,0,0,0,0.25,S0|cap=0.2|band=0.01
2013-10-30,0.75,0,0,0,0.25,S0|cap=0.2|band=0.01
2013-10-31,0.75,0,0,0,0.25,S0|cap=0.2|band=0.01
2013-11-01,0.75,0,0,0,0.25,S0|cap=0.2|band=0.01
2013-11-03,0.75,0,0,0,0.25,S0|cap=0.2|band=0.01
2013-11-05,0.75,0,0,0,0.25,S0|cap=0.2|band=0.01
2013-11-06,0.75,0,0,0,0.25,S0|cap=0.2|band=0.01
2013-11-07,0.75,0,0,0,0.25,S0|cap=0.2|band=0.01
2013-11-08,0.75,0,0,0,0.25,S0|cap=0.2|band=0.01
2013-11-11,0.75,0,0,0,0.25,S0|cap=0.2|band=0.01
2013-11-12,0.75,0,0,0,0.25,S0|cap=0.2|band=0.01
2013-11-13,0.75,0,0,0,0.25,S0|cap=0.2|band=0.01
2013-11-14,0.75,0,0,0,0.25,S0|cap=0.2|band=0.01
2013-11-18,0.75,0,0,0,0.25,S0|cap=0.2|band=0.01
2013-11-19,0.75,0,0,0,0.25,S0|cap=0.2|band=0.01
2013-11-20,0.75,0,0,0,0.25,S0|cap=0.2|band=0.01
2013-11-21,0.75,0,0,0,0.25,S0|cap=0.2|band=0.01
2013-11-22,0.75,0,0,0,0.25,S0|cap=0.2|band=0.01
2013-11-25,0.75,0,0,0,0.25,S0|cap=0.2|band=0.01
2013-11-26,0.75,0,0,0,0.25,S0|cap=0.2|band=0.01
2013-11-27,0.75,0,0,0,0.25,S0|cap=0.2|band=0.01
2013-11-28,0.75,0,0,0,0.25,S0|cap=0.2|band=0.01
2013-11-29,0.75,0,0,0,0.25,S0|cap=0.2|band=0.01
2013-12-02,0.75,0,0,0,0.25,S0|cap=0.2|band=0.01
2013-12-03,0.75,0,0,0,0.25,S0|cap=0.2|band=0.01
2013-12-04,0.75,0,0,0,0.25,S0|cap=0.2|band=0.01
2013-12-05,0.75,0,0,0,0.25,S0|cap=0.2|band=0.01
2013-12-06,0.75,0,0,0,0.25,S0|cap=0.2|band=0.01
2013-12-09,0.75,0,0,0,0.25,S0|cap=0.2|band=0.01
2013-12-10,0.75,0,0,0,0.25,S0|cap=0.2|band=0.01
2013-12-11,0.75,0,0,0,0.25,S0|cap=0.2|band=0.01
2013-12-12,0.75,0,0,0,0.25,S0|cap=0.2|band=0.01
2013-12-13,0.75,0,0,0,0.25,S0|cap=0.2|band=0.01
2013-12-16,0.75,0,0,0,0.25,S0|cap=0.2|band=0.01
2013-12-17,0.75,0,0,0,0.25,S0|cap=0.2|band=0.01
2013-12-18,0.75,0,0,0,0.25,S0|cap=0.2|band=0.01
2013-12-19,0.75,0,0,0,0.25,S0|cap=0.2|band=0.01
2013-12-20,0.75,0,0,0,0.25,S0|cap=0.2|band=0.01
2013-12-23,0.75,0,0,0,0.25,S0|cap=0.2|band=0.01
2013-12-24,0.75,0,0,0,0.25,S0|cap=0.2|band=0.01
2013-12-26,0.75,0,0,0,0.25,S0|cap=0.2|band=0.01
2013-12-27,0.75,0,0,0,0.25,S0|cap=0.2|band=0.01
2013-12-30,0.75,0,0,0,0.25,S0|cap=0.2|band=0.01
2013-12-31,0.75,0,0,0,0.25,S0|cap=0.2|band=0.01
2014-01-01,0.75,0,0,0,0.25,S0|cap=0.2|band=0.01
2014-01-02,0.75,0,0,0,0.25,S0|cap=0.2|band=0.01
2014-01-03,0.75,0,0,0,0.25,S0|cap=0.2|band=0.01
2014-01-06,0.75,0,0,0,0.25,S0|cap=0.2|band=0.01
2014-01-07,0.75,0,0,0,0.25,S0|cap=0.2|band=0.01
2014-01-08,0.75,0,0,0,0.25,S0|cap=0.2|band=0.01
2014-01-09,0.75,0,0,0,0.25,S0|cap=0.2|band=0.01
2014-01-10,0.75,0,0,0,0.25,S0|cap=0.2|band=0.01
2014-01-13,0.75,0,0,0,0.25,S0|cap=0.2|band=0.01
2014-01-14,0.75,0,0,0,0.25,S0|cap=0.2|band=0.01
2014-01-15,0.75,0,0,0,0.25,S0|cap=0.2|band=0.01
2014-01-16,0.75,0,0,0,0.25,S0|cap=0.2|band=0.01
2014-01-17,0.75,0,0,0,0.25,S0|cap=0.2|band=0.01
2014-01-20,0.75,0,0,0,0.25,S0|cap=0.2|band=0.01
2014-01-21,0.75,0,0,0,0.25,S0|cap=0.2|band=0.01
2014-01-22,0.75,0,0,0,0.25,S0|cap=0.2|band=0.01
2014-01-23,0.75,0,0,0,0.25,S0|cap=0.2|band=0.01
2014-01-24,0.75,0,0,0,0.25,S0|cap=0.2|band=0.01
2014-01-27,0.75,0,0,0,0.25,S0|cap=0.2|band=0.01
2014-01-28,0.75,0,0,0,0.25,S0|cap=0.2|band=0.01
2014-01-29,0.75,0,0,0,0.25,S0|cap=0.2|band=0.01
2014-01-30,0.75,0,0,0,0.25,S0|cap=0.2|band=0.01
2014-01-31,0.75,0,0,0,0.25,S0|cap=0.2|band=0.01
2014-02-03,0.75,0,0,0,0.25,S0|cap=0.2|band=0.01
2014-02-04,0.75,0,0,0,0.25,S0|cap=0.2|band=0.01
2014-02-05,0.75,0,0,0,0.25,S0|cap=0.2|band=0.01
2014-02-06,0.75,0,0,0,0.25,S0|cap=0.2|band=0.01
2014-02-07,0.75,0,0,0,0.25,S0|cap=0.2|band=0.01
2014-02-10,0.75,0,0,0,0.25,S0|cap=0.2|band=0.01
2014-02-11,0.75,0,0,0,0.25,S0|cap=0.2|band=0.01
2014-02-12,0.75,0,0,0,0.25,S0|cap=0.2|band=0.01
2014-02-13,0.75,0,0,0,0.25,S0|cap=0.2|band=0.01
2014-02-14,0.75,0,0,0,0.25,S0|cap=0.2|band=0.01
2014-02-17,0.75,0,0,0,0.25,S0|cap=0.2|band=0.01
2014-02-18,0.75,0,0,0,0.25,S0|cap=0.2|band=0.01
2014-02-19,0.75,0,0,0,0.25,S0|cap=0.2|band=0.01
2014-02-20,0.75,0,0,0,0.25,S0|cap=0.2|band=0.01
2014-02-21,0.75,0,0,0,0.25,S0|cap=0.2|band=0.01
2014-02-24,0.75,0,0,0,0.25,S0|cap=0.2|band=0.01
2014-02-25,0.75,0,0,0,0.25,S0|cap=0.2|band=0.01
2014-02-26,0.75,0,0,0,0.25,S0|cap=0.2|band=0.01
2014-02-28,0.75,0,0,0,0.25,S0|cap=0.2|band=0.01
2014-03-03,0.75,0,0,0,0.25,S0|cap=0.2|band=0.01
2014-03-04,0.75,0,0,0,0.25,S0|cap=0.2|band=0.01
2014-03-05,0.75,0,0,0,0.25,S0|cap=0.2|band=0.01
2014-03-06,0.75,0,0,0,0.25,S0|cap=0.2|band=0.01
2014-03-07,0.75,0,0,0,0.25,S0|cap=0.2|band=0.01
2014-03-10,0.75,0,0,0,0.25,S0|cap=0.2|band=0.01
2014-03-11,0.75,0,0,0,0.25,S0|cap=0.2|band=0.01
2014-03-12,0.75,0,0,0,0.25,S0|cap=0.2|band=0.01
2014-03-13,0.75,0,0,0,0.25,S0|cap=0.2|band=0.01
2014-03-14,0.75,0,0,0,0.25,S0|cap=0.2|band=0.01
2014-03-18,0.75,0,0,0,0.25,S0|cap=0.2|band=0.01
2014-03-19,0.75,0,0,0,0.25,S0|cap=0.2|band=0.01
2014-03-20,0.75,0,0,0,0.25,S0|cap=0.2|band=0.01
2014-03-21,0.75,0,0,0,0.25,S0|cap=0.2|band=0.01
2014-03-22,0.75,0,0,0,0.25,S0|cap=0.2|band=0.01
2014-03-24,0.75,0,0,0,0.25,S0|cap=0.2|band=0.01
2014-03-25,0.75,0,0,0,0.25,S0|cap=0.2|band=0.01
2014-03-26,0.75,0,0,0,0.25,S0|cap=0.2|band=0.01
2014-03-27,0.75,0,0,0,0.25,S0|cap=0.2|band=0.01
2014-03-28,0.75,0,0,0,0.25,S0|cap=0.2|band=0.01
2014-03-31,0.75,0,0,0,0.25,S0|cap=0.2|band=0.01
2014-04-01,0.75,0,0,0,0.25,S0|cap=0.2|band=0.01
2014-04-02,0.75,0,0,0,0.25,S0|cap=0.2|band=0.01
2014-04-03,0.75,0,0,0,0.25,S0|cap=0.2|band=0.01
2014-04-04,0.75,0,0,0,0.25,S0|cap=0.2|band=0.01
2014-04-07,0.75,0,0,0,0.25,S0|cap=0.2|band=0.01
2014-04-09,0.75,0,0,0,0.25,S0|cap=0.2|band=0.01
2014-04-10,0.75,0,0,0,0.25,S0|cap=0.2|band=0.01
2014-04-11,0.75,0,0,0,0.25,S0|cap=0.2|band=0.01
2014-04-15,0.75,0,0,0,0.25,S0|cap=0.2|band=0.01
2014-04-16,0.75,0,0,0,0.25,S0|cap=0.2|band=0.01
2014-04-17,0.75,0,0,0,0.25,S0|cap=0.2|band=0.01
2014-04-21,0.75,0,0,0,0.25,S0|cap=0.2|band=0.01
2014-04-22,0.75,0,0,0,0.25,S0|cap=0.2|band=0.01
2014-04-23,0.75,0,0,0,0.25,S0|cap=0.2|band=0.01
2014-04-25,0.75,0,0,0,0.25,S0|cap=0.2|band=0.01
2014-04-28,0.75,0,0,0,0.25,S0|cap=0.2|band=0.01
2014-04-29,0.75,0,0,0,0.25,S0|cap=0.2|band=0.01
2014-04-30,0.75,0,0,0,0.25,S0|cap=0.2|band=0.01
2014-05-02,0.75,0,0,0,0.25,S0|cap=0.2|band=0.01
2014-05-05,0.75,0,0,0,0.25,S0|cap=0.2|band=0.01
2014-05-06,0.75,0,0,0,0.25,S0|cap=0.2|band=0.01
2014-05-07,0.75,0,0,0,0.25,S0|cap=0.2|band=0.01
2014-05-08,0.75,0,0,0,0.25,S0|cap=0.2|band=0.01
2014-05-09,0.75,0,0,0,0.25,S0|cap=0.2|band=0.01
2014-05-12,0.75,0,0,0,0.25,S0|cap=0.2|band=0.01
2014-05-13,0.75,0,0,0,0.25,S0|cap=0.2|band=0.01
2014-05-14,0.75,0,0,0,0.25,S0|cap=0.2|band=0.01
2014-05-15,0.75,0,0,0,0.25,S0|cap=0.2|band=0.01
2014-05-16,0.75,0,0,0,0.25,S0|cap=0.2|band=0.01
2014-05-19,0.75,0,0,0,0.25,S0|cap=0.2|band=0.01
2014-05-20,0.75,0,0,0,0.25,S0|cap=0.2|band=0.01
2014-05-21,0.75,0,0,0,0.25,S0|cap=0.2|band=0.01
2014-05-22,0.75,0,0,0,0.25,S0|cap=0.2|band=0.01
2014-05-23,0.75,0,0,0,0.25,S0|cap=0.2|band=0.01
2014-05-26,0.75,0,0,0,0.25,S0|cap=0.2|band=0.01
2014-05-27,0.75,0,0,0,0.25,S0|cap=0.2|band=0.01
2014-05-28,0.75,0,0,0,0.25,S0|cap=0.2|band=0.01
2014-05-29,0.75,0,0,0,0.25,S0|cap=0.2|band=0.01
2014-05-30,0.75,0,0,0,0.25,S0|cap=0.2|band=0.01
2014-06-02,0.75,0,0,0,0.25,S0|cap=0.2|band=0.01
2014-06-03,0.75,0,0,0,0.25,S0|cap=0.2|band=0.01
2014-06-04,0.75,0,0,0,0.25,S0|cap=0.2|band=0.01
2014-06-05,0.75,0,0,0,0.25,S0|cap=0.2|band=0.01
2014-06-06,0.75,0,0,0,0.25,S0|cap=0.2|band=0.01
2014-06-09,0.75,0,0,0,0.25,S0|cap=0.2|band=0.01
2014-06-10,0.75,0,0,0,0.25,S0|cap=0.2|band=0.01
2014-06-11,0.75,0,0,0,0.25,S0|cap=0.2|band=0.01
2014-06-12,0.75,0,0,0,0.25,S0|cap=0.2|band=0.01
2014-06-13,0.75,0,0,0,0.25,S0|cap=0.2|band=0.01
2014-06-16,0.75,0,0,0,0.25,S0|cap=0.2|band=0.01
2014-06-17,0.75,0,0,0,0.25,S0|cap=0.2|band=0.01
2014-06-18,0.75,0,0,0,0.25,S0|cap=0.2|band=0.01
2014-06-19,0.75,0,0,0,0.25,S0|cap=0.2|band=0.01
2014-06-20,0.75,0,0,0,0.25,S0|cap=0.2|band=0.01
2014-06-23,0.75,0,0,0,0.25,S0|cap=0.2|band=0.01
2014-06-24,0.75,0,0,0,0.25,S0|cap=0.2|band=0.01
2014-06-25,0.75,0,0,0,0.25,S0|cap=0.2|band=0.01
2014-06-26,0.75,0,0,0,0.25,S0|cap=0.2|band=0.01
2014-06-27,0.75,0,0,0,0.25,S0|cap=0.2|band=0.01
2014-06-30,0.75,0,0,0,0.25,S0|cap=0.2|band=0.01
2014-07-01,0.75,0,0,0,0.25,S0|cap=0.2|band=0.01
2014-07-02,0.75,0,0,0,0.25,S0|cap=0.2|band=0.01
2014-07-03,0.75,0,0,0,0.25,S0|cap=0.2|band=0.01
2014-07-04,0.75,0,0,0,0.25,S0|cap=0.2|band=0.01
2014-07-07,0.75,0,0,0,0.25,S0|cap=0.2|band=0.01
2014-07-08,0.75,0,0,0,0.25,S0|cap=0.2|band=0.01
2014-07-09,0.75,0,0,0,0.25,S0|cap=0.2|band=0.01
2014-07-10,0.75,0,0,0,0.25,S0|cap=0.2|band=0.01
2014-07-11,0.75,0,0,0,0.25,S0|cap=0.2|band=0.01
2014-07-14,0.75,0,0,0,0.25,S0|cap=0.2|band=0.01
2014-07-15,0.75,0,0,0,0.25,S0|cap=0.2|band=0.01
2014-07-16,0.75,0,0,0,0.25,S0|cap=0.2|band=0.01
2014-07-17,0.75,0,0,0,0.25,S0|cap=0.2|band=0.01
2014-07-18,0.75,0,0,0,0.25,S0|cap=0.2|band=0.01
2014-07-21,0.75,0,0,0,0.25,S0|cap=0.2|band=0.01
2014-07-22,0.75,0,0,0,0.25,S0|cap=0.2|band=0.01
2014-07-23,0.75,0,0,0,0.25,S0|cap=0.2|band=0.01
2014-07-24,0.75,0,0,0,0.25,S0|cap=0.2|band=0.01
2014-07-25,0.75,0,0,0,0.25,S0|cap=0.2|band=0.01
2014-07-28,0.75,0,0,0,0.25,S0|cap=0.2|band=0.01
2014-07-30,0.75,0,0,0,0.25,S0|cap=0.2|band=0.01
2014-07-31,0.75,0,0,0,0.25,S0|cap=0.2|band=0.01
2014-08-01,0.75,0,0,0,0.25,S0|cap=0.2|band=0.01
2014-08-04,0.75,0,0,0,0.25,S0|cap=0.2|band=0.01
2014-08-05,0.75,0,0,0,0.25,S0|cap=0.2|band=0.01
2014-08-06,0.75,0,0,0,0.25,S0|cap=0.2|band=0.01
2014-08-07,0.75,0,0,0,0.25,S0|cap=0.2|band=0.01
2014-08-08,0.75,0,0,0,0.25,S0|cap=0.2|band=0.01
2014-08-11,0.75,0,0,0,0.25,S0|cap=0.2|band=0.01
2014-08-12,0.75,0,0,0,0.25,S0|cap=0.2|band=0.01
2014-08-13,0.75,0,0,0,0.25,S0|cap=0.2|band=0.01
2014-08-14,0.75,0,0,0,0.25,S0|cap=0.2|band=0.01
2014-08-18,0.75,0,0,0,0.25,S0|cap=0.2|band=0.01
2014-08-19,0.75,0,0,0,0.25,S0|cap=0.2|band=0.01
2014-08-20,0.75,0,0,0,0.25,S0|cap=0.2|band=0.01
2014-08-21,0.75,0,0,0,0.25,S0|cap=0.2|band=0.01
2014-08-22,0.75,0,0,0,0.25,S0|cap=0.2|band=0.01
2014-08-25,0.75,0,0,0,0.25,S0|cap=0.2|band=0.01
2014-08-26,0.75,0,0,0,0.25,S0|cap=0.2|band=0.01
2014-08-27,0.75,0,0,0,0.25,S0|cap=0.2|band=0.01
2014-08-28,0.75,0,0,0,0.25,S0|cap=0.2|band=0.01
2014-09-01,0.75,0,0,0,0.25,S0|cap=0.2|band=0.01
2014-09-02,0.75,0,0,0,0.25,S0|cap=0.2|band=0.01
2014-09-03,0.75,0,0,0,0.25,S0|cap=0.2|band=0.01
2014-09-04,0.75,0,0,0,0.25,S0|cap=0.2|band=0.01
2014-09-05,0.75,0,0,0,0.25,S0|cap=0.2|band=0.01
2014-09-08,0.75,0,0,0,0.25,S0|cap=0.2|band=0.01
2014-09-09,0.75,0,0,0,0.25,S0|cap=0.2|band=0.01
2014-09-10,0.75,0,0,0,0.25,S0|cap=0.2|band=0.01
2014-09-11,0.75,0,0,0,0.25,S0|cap=0.2|band=0.01
2014-09-12,0.75,0,0,0,0.25,S0|cap=0.2|band=0.01
2014-09-15,0.75,0,0,0,0.25,S0|cap=0.2|band=0.01
2014-09-16,0.75,0,0,0,0.25,S0|cap=0.2|band=0.01
2014-09-17,0.75,0,0,0,0.25,S0|cap=0.2|band=0.01
2014-09-18,0.75,0,0,0,0.25,S0|cap=0.2|band=0.01
2014-09-19,0.75,0,0,0,0.25,S0|cap=0.2|band=0.01
2014-09-22,0.75,0,0,0,0.25,S0|cap=0.2|band=0.01
2014-09-23,0.75,0,0,0,0.25,S0|cap=0.2|band=0.01
2014-09-24,0.75,0,0,0,0.25,S0|cap=0.2|band=0.01
2014-09-25,0.75,0,0,0,0.25,S0|cap=0.2|band=0.01
2014-09-26,0.75,0,0,0,0.25,S0|cap=0.2|band=0.01
2014-09-29,0.75,0,0,0,0.25,S0|cap=0.2|band=0.01
2014-09-30,0.75,0,0,0,0.25,S0|cap=0.2|band=0.01
2014-10-01,0.75,0,0,0,0.25,S0|cap=0.2|band=0.01
2014-10-07,0.75,0,0,0,0.25,S0|cap=0.2|band=0.01
2014-10-08,0.75,0,0,0,0.25,S0|cap=0.2|band=0.01
2014-10-09,0.75,0,0,0,0.25,S0|cap=0.2|band=0.01
2014-10-10,0.75,0,0,0,0.25,S0|cap=0.2|band=0.01
2014-10-13,0.75,0,0,0,0.25,S0|cap=0.2|band=0.01
2014-10-14,0.75,0,0,0,0.25,S0|cap=0.2|band=0.01
2014-10-16,0.75,0,0,0,0.25,S0|cap=0.2|band=0.01
2014-10-17,0.75,0,0,0,0.25,S0|cap=0.2|band=0.01
2014-10-20,0.75,0,0,0,0.25,S0|cap=0.2|band=0.01
2014-10-21,0.75,0,0,0,0.25,S0|cap=0.2|band=0.01
2014-10-22,0.75,0,0,0,0.25,S0|cap=0.2|band=0.01
2014-10-23,0.75,0,0,0,0.25,S0|cap=0.2|band=0.01
2014-10-27,0.75,0,0,0,0.25,S0|cap=0.2|band=0.01
2014-10-28,0.75,0,0,0,0.25,S0|cap=0.2|band=0.01
2014-10-29,0.75,0,0,0,0.25,S0|cap=0.2|band=0.01
2014-10-30,0.75,0,0,0,0.25,S0|cap=0.2|band=0.01
2014-10-31,0.75,0,0,0,0.25,S0|cap=0.2|band=0.01
2014-11-03,0.75,0,0,0,0.25,S0|cap=0.2|band=0.01
2014-11-05,0.75,0,0,0,0.25,S0|cap=0.2|band=0.01
2014-11-07,0.75,0,0,0,0.25,S0|cap=0.2|band=0.01
2014-11-10,0.75,0,0,0,0.25,S0|cap=0.2|band=0.01
2014-11-11,0.75,0,0,0,0.25,S0|cap=0.2|band=0.01
2014-11-12,0.75,0,0,0,0.25,S0|cap=0.2|band=0.01
2014-11-13,0.75,0,0,0,0.25,S0|cap=0.2|band=0.01
2014-11-14,0.75,0,0,0,0.25,S0|cap=0.2|band=0.01
2014-11-17,0.75,0,0,0,0.25,S0|cap=0.2|band=0.01
2014-11-18,0.75,0,0,0,0.25,S0|cap=0.2|band=0.01
2014-11-19,0.75,0,0,0,0.25,S0|cap=0.2|band=0.01
2014-11-20,0.75,0,0,0,0.25,S0|cap=0.2|band=0.01
2014-11-21,0.75,0,0,0,0.25,S0|cap=0.2|band=0.01
2014-11-24,0.75,0,0,0,0.25,S0|cap=0.2|band=0.01
2014-11-25,0.75,0,0,0,0.25,S0|cap=0.2|band=0.01
2014-11-26,0.75,0,0,0,0.25,S0|cap=0.2|band=0.01
2014-11-27,0.75,0,0,0,0.25,S0|cap=0.2|band=0.01
2014-11-28,0.75,0,0,0,0.25,S0|cap=0.2|band=0.01
2014-12-01,0.75,0,0,0,0.25,S0|cap=0.2|band=0.01
2014-12-02,0.75,0,0,0,0.25,S0|cap=0.2|band=0.01
2014-12-03,0.75,0,0,0,0.25,S0|cap=0.2|band=0.01
2014-12-04,0.75,0,0,0,0.25,S0|cap=0.2|band=0.01
2014-12-05,0.75,0,0,0,0.25,S0|cap=0.2|band=0.01
2014-12-08,0.75,0,0,0,0.25,S0|cap=0.2|band=0.01
2014-12-09,0.75,0,0,0,0.25,S0|cap=0.2|band=0.01
2014-12-10,0.75,0,0,0,0.25,S0|cap=0.2|band=0.01
2014-12-11,0.75,0,0,0,0.25,S0|cap=0.2|band=0.01
2014-12-12,0.75,0,0,0,0.25,S0|cap=0.2|band=0.01
2014-12-15,0.75,0,0,0,0.25,S0|cap=0.2|band=0.01
2014-12-16,0.75,0,0,0,0.25,S0|cap=0.2|band=0.01
2014-12-17,0.75,0,0,0,0.25,S0|cap=0.2|band=0.01
2014-12-18,0.75,0,0,0,0.25,S0|cap=0.2|band=0.01
2014-12-19,0.75,0,0,0,0.25,S0|cap=0.2|band=0.01
2014-12-22,0.75,0,0,0,0.25,S0|cap=0.2|band=0.01
2014-12-23,0.75,0,0,0,0.25,S0|cap=0.2|band=0.01
2014-12-24,0.75,0,0,0,0.25,S0|cap=0.2|band=0.01
2014-12-26,0.75,0,0,0,0.25,S0|cap=0.2|band=0.01
2014-12-29,0.75,0,0,0,0.25,S0|cap=0.2|band=0.01
2014-12-30,0.75,0,0,0,0.25,S0|cap=0.2|band=0.01
2014-12-31,0.75,0,0,0,0.25,S0|cap=0.2|band=0.01
2015-01-01,0.75,0,0,0,0.25,S0|cap=0.2|band=0.01
2015-01-02,0.75,0,0,0,0.25,S0|cap=0.2|band=0.01
2015-01-05,0.75,0,0,0,0.25,S0|cap=0.2|band=0.01
2015-01-06,0.75,0,0,0,0.25,S0|cap=0.2|band=0.01
2015-01-07,0.75,0,0,0,0.25,S0|cap=0.2|band=0.01
2015-01-08,0.75,0,0,0,0.25,S0|cap=0.2|band=0.01
2015-01-09,0.75,0,0,0,0.25,S0|cap=0.2|band=0.01
2015-01-12,0.75,0,0,0,0.25,S0|cap=0.2|band=0.01
2015-01-13,0.75,0,0,0,0.25,S0|cap=0.2|band=0.01
2015-01-14,0.75,0,0,0,0.25,S0|cap=0.2|band=0.01
2015-01-15,0.75,0,0,0,0.25,S0|cap=0.2|band=0.01
2015-01-16,0.75,0,0,0,0.25,S0|cap=0.2|band=0.01
2015-01-19,0.75,0,0,0,0.25,S0|cap=0.2|band=0.01
2015-01-20,0.75,0,0,0,0.25,S0|cap=0.2|band=0.01
2015-01-21,0.75,0,0,0,0.25,S0|cap=0.2|band=0.01
2015-01-22,0.75,0,0,0,0.25,S0|cap=0.2|band=0.01
2015-01-23,0.75,0,0,0,0.25,S0|cap=0.2|band=0.01
2015-01-27,0.75,0,0,0,0.25,S0|cap=0.2|band=0.01
2015-01-28,0.75,0,0,0,0.25,S0|cap=0.2|band=0.01
2015-01-29,0.75,0,0,0,0.25,S0|cap=0.2|band=0.01
2015-01-30,0.75,0,0,0,0.25,S0|cap=0.2|band=0.01
2015-02-02,0.75,0,0,0,0.25,S0|cap=0.2|band=0.01
2015-02-03,0.75,0,0,0,0.25,S0|cap=0.2|band=0.01
2015-02-04,0.75,0,0,0,0.25,S0|cap=0.2|band=0.01
2015-02-05,0.75,0,0,0,0.25,S0|cap=0.2|band=0.01
2015-02-06,0.75,0,0,0,0.25,S0|cap=0.2|band=0.01
2015-02-09,0.75,0,0,0,0.25,S0|cap=0.2|band=0.01
2015-02-10,0.75,0,0,0,0.25,S0|cap=0.2|band=0.01
2015-02-11,0.75,0,0,0,0.25,S0|cap=0.2|band=0.01
2015-02-12,0.75,0,0,0,0.25,S0|cap=0.2|band=0.01
2015-02-13,0.75,0,0,0,0.25,S0|cap=0.2|band=0.01
2015-02-16,0.75,0,0,0,0.25,S0|cap=0.2|band=0.01
2015-02-18,0.75,0,0,0,0.25,S0|cap=0.2|band=0.01
2015-02-19,0.75,0,0,0,0.25,S0|cap=0.2|band=0.01
2015-02-20,0.75,0,0,0,0.25,S0|cap=0.2|band=0.01
2015-02-23,0.75,0,0,0,0.25,S0|cap=0.2|band=0.01
2015-02-24,0.75,0,0,0,0.25,S0|cap=0.2|band=0.01
2015-02-25,0.75,0,0,0,0.25,S0|cap=0.2|band=0.01
2015-02-26,0.75,0,0,0,0.25,S0|cap=0.2|band=0.01
2015-02-27,0.75,0,0,0,0.25,S0|cap=0.2|band=0.01
2015-02-28,0.75,0,0,0,0.25,S0|cap=0.2|band=0.01
2015-03-02,0.75,0,0,0,0.25,S0|cap=0.2|band=0.01
2015-03-03,0.75,0,0,0,0.25,S0|cap=0.2|band=0.01
2015-03-04,0.75,0,0,0,0.25,S0|cap=0.2|band=0.01
2015-03-05,0.75,0,0,0,0.25,S0|cap=0.2|band=0.01
2015-03-09,0.75,0,0,0,0.25,S0|cap=0.2|band=0.01
2015-03-10,0.75,0,0,0,0.25,S0|cap=0.2|band=0.01
2015-03-11,0.75,0,0,0,0.25,S0|cap=0.2|band=0.01
2015-03-12,0.75,0,0,0,0.25,S0|cap=0.2|band=0.01
2015-03-13,0.75,0,0,0,0.25,S0|cap=0.2|band=0.01
2015-03-16,0.75,0,0,0,0.25,S0|cap=0.2|band=0.01
2015-03-17,0.75,0,0,0,0.25,S0|cap=0.2|band=0.01
2015-03-18,0.75,0,0,0,0.25,S0|cap=0.2|band=0.01
2015-03-19,0.75,0,0,0,0.25,S0|cap=0.2|band=0.01
2015-03-20,0.75,0,0,0,0.25,S0|cap=0.2|band=0.01
2015-03-23,0.75,0,0,0,0.25,S0|cap=0.2|band=0.01
2015-03-24,0.75,0,0,0,0.25,S0|cap=0.2|band=0.01
2015-03-25,0.75,0,0,0,0.25,S0|cap=0.2|band=0.01
2015-03-26,0.75,0,0,0,0.25,S0|cap=0.2|band=0.01
2015-03-27,0.75,0,0,0,0.25,S0|cap=0.2|band=0.01
2015-03-30,0.75,0,0,0,0.25,S0|cap=0.2|band=0.01
2015-03-31,0.75,0,0,0,0.25,S0|cap=0.2|band=0.01
2015-04-01,0.75,0,0,0,0.25,S0|cap=0.2|band=0.01
2015-04-06,0.75,0,0,0,0.25,S0|cap=0.2|band=0.01
2015-04-07,0.75,0,0,0,0.25,S0|cap=0.2|band=0.01
2015-04-08,0.75,0,0,0,0.25,S0|cap=0.2|band=0.01
2015-04-09,0.75,0,0,0,0.25,S0|cap=0.2|band=0.01
2015-04-10,0.75,0,0,0,0.25,S0|cap=0.2|band=0.01
2015-04-13,0.75,0,0,0,0.25,S0|cap=0.2|band=0.01
2015-04-15,0.75,0,0,0,0.25,S0|cap=0.2|band=0.01
2015-04-16,0.75,0,0,0,0.25,S0|cap=0.2|band=0.01
2015-04-17,0.75,0,0,0,0.25,S0|cap=0.2|band=0.01
2015-04-20,0.75,0,0,0,0.25,S0|cap=0.2|band=0.01
2015-04-21,0.75,0,0,0,0.25,S0|cap=0.2|band=0.01
2015-04-22,0.75,0,0,0,0.25,S0|cap=0.2|band=0.01
2015-04-23,0.75,0,0,0,0.25,S0|cap=0.2|band=0.01
2015-04-24,0.75,0,0,0,0.25,S0|cap=0.2|band=0.01
2015-04-27,0.75,0,0,0,0.25,S0|cap=0.2|band=0.01
2015-04-28,0.75,0,0,0,0.25,S0|cap=0.2|band=0.01
2015-04-29,0.75,0,0,0,0.25,S0|cap=0.2|band=0.01
2015-04-30,0.75,0,0,0,0.25,S0|cap=0.2|band=0.01
2015-05-04,0.75,0,0,0,0.25,S0|cap=0.2|band=0.01
2015-05-05,0.75,0,0,0,0.25,S0|cap=0.2|band=0.01
2015-05-06,0.75,0,0,0,0.25,S0|cap=0.2|band=0.01
2015-05-07,0.75,0,0,0,0.25,S0|cap=0.2|band=0.01
2015-05-08,0.75,0,0,0,0.25,S0|cap=0.2|band=0.01
2015-05-11,0.75,0,0,0,0.25,S0|cap=0.2|band=0.01
2015-05-12,0.75,0,0,0,0.25,S0|cap=0.2|band=0.01
2015-05-13,0.75,0,0,0,0.25,S0|cap=0.2|band=0.01
2015-05-14,0.75,0,0,0,0.25,S0|cap=0.2|band=0.01
2015-05-15,0.75,0,0,0,0.25,S0|cap=0.2|band=0.01
2015-05-18,0.75,0,0,0,0.25,S0|cap=0.2|band=0.01
2015-05-19,0.75,0,0,0,0.25,S0|cap=0.2|band=0.01
2015-05-20,0.75,0,0,0,0.25,S0|cap=0.2|band=0.01
2015-05-21,0.75,0,0,0,0.25,S0|cap=0.2|band=0.01
2015-05-22,0.75,0,0,0,0.25,S0|cap=0.2|band=0.01
2015-05-25,0.75,0,0,0,0.25,S0|cap=0.2|band=0.01
2015-05-26,0.75,0,0,0,0.25,S0|cap=0.2|band=0.01
2015-05-27,0.75,0,0,0,0.25,S0|cap=0.2|band=0.01
2015-05-28,0.75,0,0,0,0.25,S0|cap=0.2|band=0.01
2015-05-29,0.75,0,0,0,0.25,S0|cap=0.2|band=0.01
2015-06-01,0.75,0,0,0,0.25,S0|cap=0.2|band=0.01
2015-06-02,0.75,0,0,0,0.25,S0|cap=0.2|band=0.01
2015-06-03,0.75,0,0,0,0.25,S0|cap=0.2|band=0.01
2015-06-04,0.75,0,0,0,0.25,S0|cap=0.2|band=0.01
2015-06-05,0.75,0,0,0,0.25,S0|cap=0.2|band=0.01
2015-06-08,0.75,0,0,0,0.25,S0|cap=0.2|band=0.01
2015-06-09,0.75,0,0,0,0.25,S0|cap=0.2|band=0.01
2015-06-10,0.75,0,0,0,0.25,S0|cap=0.2|band=0.01
2015-06-11,0.75,0,0,0,0.25,S0|cap=0.2|band=0.01
2015-06-12,0.75,0,0,0,0.25,S0|cap=0.2|band=0.01
2015-06-15,0.75,0,0,0,0.25,S0|cap=0.2|band=0.01
2015-06-16,0.75,0,0,0,0.25,S0|cap=0.2|band=0.01
2015-06-17,0.75,0,0,0,0.25,S0|cap=0.2|band=0.01
2015-06-18,0.75,0,0,0,0.25,S0|cap=0.2|band=0.01
2015-06-19,0.75,0,0,0,0.25,S0|cap=0.2|band=0.01
2015-06-22,0.75,0,0,0,0.25,S0|cap=0.2|band=0.01
2015-06-23,0.75,0,0,0,0.25,S0|cap=0.2|band=0.01
2015-06-24,0.75,0,0,0,0.25,S0|cap=0.2|band=0.01
2015-06-25,0.75,0,0,0,0.25,S0|cap=0.2|band=0.01
2015-06-26,0.75,0,0,0,0.25,S0|cap=0.2|band=0.01
2015-06-29,0.75,0,0,0,0.25,S0|cap=0.2|band=0.01
2015-06-30,0.75,0,0,0,0.25,S0|cap=0.2|band=0.01
2015-07-01,0.75,0,0,0,0.25,S0|cap=0.2|band=0.01
2015-07-02,0.75,0,0,0,0.25,S0|cap=0.2|band=0.01
2015-07-03,0.75,0,0,0,0.25,S0|cap=0.2|band=0.01
2015-07-06,0.75,0,0,0,0.25,S0|cap=0.2|band=0.01
2015-07-07,0.75,0,0,0,0.25,S0|cap=0.2|band=0.01
2015-07-08,0.75,0,0,0,0.25,S0|cap=0.2|band=0.01
2015-07-09,0.75,0,0,0,0.25,S0|cap=0.2|band=0.01
2015-07-10,0.75,0,0,0,0.25,S0|cap=0.2|band=0.01
2015-07-13,0.75,0,0,0,0.25,S0|cap=0.2|band=0.01
2015-07-14,0.75,0,0,0,0.25,S0|cap=0.2|band=0.01
2015-07-15,0.75,0,0,0,0.25,S0|cap=0.2|band=0.01
2015-07-16,0.75,0,0,0,0.25,S0|cap=0.2|band=0.01
2015-07-17,0.75,0,0,0,0.25,S0|cap=0.2|band=0.01
2015-07-20,0.75,0,0,0,0.25,S0|cap=0.2|band=0.01
2015-07-21,0.75,0,0,0,0.25,S0|cap=0.2|band=0.01
2015-07-22,0.75,0,0,0,0.25,S0|cap=0.2|band=0.01
2015-07-23,0.75,0,0,0,0.25,S0|cap=0.2|band=0.01
2015-07-24,0.75,0,0,0,0.25,S0|cap=0.2|band=0.01
2015-07-27,0.75,0,0,0,0.25,S0|cap=0.2|band=0.01
2015-07-28,0.75,0,0,0,0.25,S0|cap=0.2|band=0.01
2015-07-29,0.75,0,0,0,0.25,S0|cap=0.2|band=0.01
2015-07-30,0.75,0,0,0,0.25,S0|cap=0.2|band=0.01
2015-07-31,0.75,0,0,0,0.25,S0|cap=0.2|band=0.01
2015-08-03,0.75,0,0,0,0.25,S0|cap=0.2|band=0.01
2015-08-04,0.75,0,0,0,0.25,S0|cap=0.2|band=0.01
2015-08-05,0.75,0,0,0,0.25,S0|cap=0.2|band=0.01
2015-08-06,0.75,0,0,0,0.25,S0|cap=0.2|band=0.01
2015-08-07,0.75,0,0,0,0.25,S0|cap=0.2|band=0.01
2015-08-10,0.75,0,0,0,0.25,S0|cap=0.2|band=0.01
2015-08-11,0.75,0,0,0,0.25,S0|cap=0.2|band=0.01
2015-08-12,0.75,0,0,0,0.25,S0|cap=0.2|band=0.01
2015-08-13,0.75,0,0,0,0.25,S0|cap=0.2|band=0.01
2015-08-14,0.75,0,0,0,0.25,S0|cap=0.2|band=0.01
2015-08-17,0.75,0,0,0,0.25,S0|cap=0.2|band=0.01
2015-08-18,0.75,0,0,0,0.25,S0|cap=0.2|band=0.01
2015-08-19,0.75,0,0,0,0.25,S0|cap=0.2|band=0.01
2015-08-20,0.75,0,0,0,0.25,S0|cap=0.2|band=0.01
2015-08-21,0.75,0,0,0,0.25,S0|cap=0.2|band=0.01
2015-08-24,0.75,0,0,0,0.25,S0|cap=0.2|band=0.01
2015-08-25,0.75,0,0,0,0.25,S0|cap=0.2|band=0.01
2015-08-26,0.75,0,0,0,0.25,S0|cap=0.2|band=0.01
2015-08-27,0.75,0,0,0,0.25,S0|cap=0.2|band=0.01
2015-08-28,0.75,0,0,0,0.25,S0|cap=0.2|band=0.01
2015-08-31,0.75,0,0,0,0.25,S0|cap=0.2|band=0.01
2015-09-01,0.75,0,0,0,0.25,S0|cap=0.2|band=0.01
2015-09-02,0.75,0,0,0,0.25,S0|cap=0.2|band=0.01
2015-09-03,0.75,0,0,0,0.25,S0|cap=0.2|band=0.01
2015-09-04,0.75,0,0,0,0.25,S0|cap=0.2|band=0.01
2015-09-07,0.75,0,0,0,0.25,S0|cap=0.2|band=0.01
2015-09-08,0.75,0,0,0,0.25,S0|cap=0.2|band=0.01
2015-09-09,0.75,0,0,0,0.25,S0|cap=0.2|band=0.01
2015-09-10,0.75,0,0,0,0.25,S0|cap=0.2|band=0.01
2015-09-11,0.75,0,0,0,0.25,S0|cap=0.2|band=0.01
2015-09-14,0.75,0,0,0,0.25,S0|cap=0.2|band=0.01
2015-09-15,0.75,0,0,0,0.25,S0|cap=0.2|band=0.01
2015-09-16,0.75,0,0,0,0.25,S0|cap=0.2|band=0.01
2015-09-18,0.75,0,0,0,0.25,S0|cap=0.2|band=0.01
2015-09-21,0.75,0,0,0,0.25,S0|cap=0.2|band=0.01
2015-09-22,0.75,0,0,0,0.25,S0|cap=0.2|band=0.01
2015-09-23,0.75,0,0,0,0.25,S0|cap=0.2|band=0.01
2015-09-24,0.75,0,0,0,0.25,S0|cap=0.2|band=0.01
2015-09-28,0.75,0,0,0,0.25,S0|cap=0.2|band=0.01
2015-09-29,0.75,0,0,0,0.25,S0|cap=0.2|band=0.01
2015-09-30,0.75,0,0,0,0.25,S0|cap=0.2|band=0.01
2015-10-01,0.75,0,0,0,0.25,S0|cap=0.2|band=0.01
2015-10-05,0.75,0,0,0,0.25,S0|cap=0.2|band=0.01
2015-10-06,0.75,0,0,0,0.25,S0|cap=0.2|band=0.01
2015-10-07,0.75,0,0,0,0.25,S0|cap=0.2|band=0.01
2015-10-08,0.75,0,0,0,0.25,S0|cap=0.2|band=0.01
2015-10-09,0.75,0,0,0,0.25,S0|cap=0.2|band=0.01
2015-10-12,0.75,0,0,0,0.25,S0|cap=0.2|band=0.01
2015-10-13,0.75,0,0,0,0.25,S0|cap=0.2|band=0.01
2015-10-14,0.75,0,0,0,0.25,S0|cap=0.2|band=0.01
2015-10-15,0.75,0,0,0,0.25,S0|cap=0.2|band=0.01
2015-10-16,0.75,0,0,0,0.25,S0|cap=0.2|band=0.01
2015-10-19,0.75,0,0,0,0.25,S0|cap=0.2|band=0.01
2015-10-20,0.75,0,0,0,0.25,S0|cap=0.2|band=0.01
2015-10-21,0.75,0,0,0,0.25,S0|cap=0.2|band=0.01
2015-10-23,0.75,0,0,0,0.25,S0|cap=0.2|band=0.01
2015-10-26,0.75,0,0,0,0.25,S0|cap=0.2|band=0.01
2015-10-27,0.75,0,0,0,0.25,S0|cap=0.2|band=0.01
2015-10-28,0.75,0,0,0,0.25,S0|cap=0.2|band=0.01
2015-10-29,0.75,0,0,0,0.25,S0|cap=0.2|band=0.01
2015-10-30,0.75,0,0,0,0.25,S0|cap=0.2|band=0.01
2015-11-02,0.75,0,0,0,0.25,S0|cap=0.2|band=0.01
2015-11-03,0.75,0,0,0,0.25,S0|cap=0.2|band=0.01
2015-11-04,0.75,0,0,0,0.25,S0|cap=0.2|band=0.01
2015-11-05,0.75,0,0,0,0.25,S0|cap=0.2|band=0.01
2015-11-06,0.75,0,0,0,0.25,S0|cap=0.2|band=0.01
2015-11-09,0.75,0,0,0,0.25,S0|cap=0.2|band=0.01
2015-11-10,0.75,0,0,0,0.25,S0|cap=0.2|band=0.01
2015-11-11,0.75,0,0,0,0.25,S0|cap=0.2|band=0.01
2015-11-13,0.75,0,0,0,0.25,S0|cap=0.2|band=0.01
2015-11-16,0.75,0,0,0,0.25,S0|cap=0.2|band=0.01
2015-11-17,0.75,0,0,0,0.25,S0|cap=0.2|band=0.01
2015-11-18,0.75,0,0,0,0.25,S0|cap=0.2|band=0.01
2015-11-19,0.75,0,0,0,0.25,S0|cap=0.2|band=0.01
2015-11-20,0.75,0,0,0,0.25,S0|cap=0.2|band=0.01
2015-11-23,0.75,0,0,0,0.25,S0|cap=0.2|band=0.01
2015-11-24,0.75,0,0,0,0.25,S0|cap=0.2|band=0.01
2015-11-26,0.75,0,0,0,0.25,S0|cap=0.2|band=0.01
2015-11-27,0.75,0,0,0,0.25,S0|cap=0.2|band=0.01
2015-11-30,0.75,0,0,0,0.25,S0|cap=0.2|band=0.01
2015-12-01,0.75,0,0,0,0.25,S0|cap=0.2|band=0.01
2015-12-02,0.75,0,0,0,0.25,S0|cap=0.2|band=0.01
2015-12-03,0.75,0,0,0,0.25,S0|cap=0.2|band=0.01
2015-12-04,0.75,0,0,0,0.25,S0|cap=0.2|band=0.01
2015-12-07,0.75,0,0,0,0.25,S0|cap=0.2|band=0.01
2015-12-08,0.75,0,0,0,0.25,S0|cap=0.2|band=0.01
2015-12-09,0.75,0,0,0,0.25,S0|cap=0.2|band=0.01
2015-12-10,0.75,0,0,0,0.25,S0|cap=0.2|band=0.01
2015-12-11,0.75,0,0,0,0.25,S0|cap=0.2|band=0.01
2015-12-14,0.75,0,0,0,0.25,S0|cap=0.2|band=0.01
2015-12-15,0.75,0,0,0,0.25,S0|cap=0.2|band=0.01
2015-12-16,0.75,0,0,0,0.25,S0|cap=0.2|band=0.01
2015-12-17,0.75,0,0,0,0.25,S0|cap=0.2|band=0.01
2015-12-18,0.75,0,0,0,0.25,S0|cap=0.2|band=0.01
2015-12-21,0.75,0,0,0,0.25,S0|cap=0.2|band=0.01
2015-12-22,0.75,0,0,0,0.25,S0|cap=0.2|band=0.01
2015-12-23,0.75,0,0,0,0.25,S0|cap=0.2|band=0.01
2015-12-24,0.75,0,0,0,0.25,S0|cap=0.2|band=0.01
2015-12-28,0.75,0,0,0,0.25,S0|cap=0.2|band=0.01
2015-12-29,0.75,0,0,0,0.25,S0|cap=0.2|band=0.01
2015-12-30,0.75,0,0,0,0.25,S0|cap=0.2|band=0.01
2015-12-31,0.75,0,0,0,0.25,S0|cap=0.2|band=0.01
2016-01-01,0.75,0,0,0,0.25,S0|cap=0.2|band=0.01
2016-01-04,0.75,0,0,0,0.25,S0|cap=0.2|band=0.01
2016-01-05,0.75,0,0,0,0.25,S0|cap=0.2|band=0.01
2016-01-06,0.75,0,0,0,0.25,S0|cap=0.2|band=0.01
2016-01-07,0.75,0,0,0,0.25,S0|cap=0.2|band=0.01
2016-01-08,0.75,0,0,0,0.25,S0|cap=0.2|band=0.01
2016-01-11,0.75,0,0,0,0.25,S0|cap=0.2|band=0.01
2016-01-12,0.75,0,0,0,0.25,S0|cap=0.2|band=0.01
2016-01-13,0.75,0,0,0,0.25,S0|cap=0.2|band=0.01
2016-01-14,0.75,0,0,0,0.25,S0|cap=0.2|band=0.01
2016-01-15,0.75,0,0,0,0.25,S0|cap=0.2|band=0.01
2016-01-18,0.75,0,0,0,0.25,S0|cap=0.2|band=0.01
2016-01-19,0.75,0,0,0,0.25,S0|cap=0.2|band=0.01
2016-01-20,0.75,0,0,0,0.25,S0|cap=0.2|band=0.01
2016-01-21,0.75,0,0,0,0.25,S0|cap=0.2|band=0.01
2016-01-22,0.75,0,0,0,0.25,S0|cap=0.2|band=0.01
2016-01-25,0.75,0,0,0,0.25,S0|cap=0.2|band=0.01
2016-01-27,0.75,0,0,0,0.25,S0|cap=0.2|band=0.01
2016-01-28,0.75,0,0,0,0.25,S0|cap=0.2|band=0.01
2016-01-29,0.75,0,0,0,0.25,S0|cap=0.2|band=0.01
2016-02-01,0.75,0,0,0,0.25,S0|cap=0.2|band=0.01
2016-02-02,0.75,0,0,0,0.25,S0|cap=0.2|band=0.01
2016-02-03,0.75,0,0,0,0.25,S0|cap=0.2|band=0.01
2016-02-04,0.75,0,0,0,0.25,S0|cap=0.2|band=0.01
2016-02-05,0.75,0,0,0,0.25,S0|cap=0.2|band=0.01
2016-02-08,0.75,0,0,0,0.25,S0|cap=0.2|band=0.01
2016-02-09,0.75,0,0,0,0.25,S0|cap=0.2|band=0.01
2016-02-10,0.75,0,0,0,0.25,S0|cap=0.2|band=0.01
2016-02-11,0.75,0,0,0,0.25,S0|cap=0.2|band=0.01
2016-02-12,0.75,0,0,0,0.25,S0|cap=0.2|band=0.01
2016-02-15,0.75,0,0,0,0.25,S0|cap=0.2|band=0.01
2016-02-16,0.75,0,0,0,0.25,S0|cap=0.2|band=0.01
2016-02-17,0.75,0,0,0,0.25,S0|cap=0.2|band=0.01
2016-02-18,0.75,0,0,0,0.25,S0|cap=0.2|band=0.01
2016-02-19,0.75,0,0,0,0.25,S0|cap=0.2|band=0.01
2016-02-22,0.75,0,0,0,0.25,S0|cap=0.2|band=0.01
2016-02-23,0.75,0,0,0,0.25,S0|cap=0.2|band=0.01
2016-02-24,0.75,0,0,0,0.25,S0|cap=0.2|band=0.01
2016-02-25,0.75,0,0,0,0.25,S0|cap=0.2|band=0.01
2016-02-26,0.75,0,0,0,0.25,S0|cap=0.2|band=0.01
2016-02-29,0.75,0,0,0,0.25,S0|cap=0.2|band=0.01
2016-03-01,0.75,0,0,0,0.25,S0|cap=0.2|band=0.01
2016-03-02,0.75,0,0,0,0.25,S0|cap=0.2|band=0.01
2016-03-03,0.75,0,0,0,0.25,S0|cap=0.2|band=0.01
2016-03-04,0.75,0,0,0,0.25,S0|cap=0.2|band=0.01
2016-03-08,0.75,0,0,0,0.25,S0|cap=0.2|band=0.01
2016-03-09,0.75,0,0,0,0.25,S0|cap=0.2|band=0.01
2016-03-10,0.75,0,0,0,0.25,S0|cap=0.2|band=0.01
2016-03-11,0.75,0,0,0,0.25,S0|cap=0.2|band=0.01
2016-03-14,0.75,0,0,0,0.25,S0|cap=0.2|band=0.01
2016-03-15,0.75,0,0,0,0.25,S0|cap=0.2|band=0.01
2016-03-16,0.75,0,0,0,0.25,S0|cap=0.2|band=0.01
2016-03-17,0.75,0,0,0,0.25,S0|cap=0.2|band=0.01
2016-03-18,0.75,0,0,0,0.25,S0|cap=0.2|band=0.01
2016-03-21,0.75,0,0,0,0.25,S0|cap=0.2|band=0.01
2016-03-22,0.75,0,0,0,0.25,S0|cap=0.2|band=0.01
2016-03-23,0.75,0,0,0,0.25,S0|cap=0.2|band=0.01
2016-03-28,0.75,0,0,0,0.25,S0|cap=0.2|band=0.01
2016-03-29,0.75,0,0,0,0.25,S0|cap=0.2|band=0.01
2016-03-30,0.75,0,0,0,0.25,S0|cap=0.2|band=0.01
2016-03-31,0.75,0,0,0,0.25,S0|cap=0.2|band=0.01
2016-04-01,0.75,0,0,0,0.25,S0|cap=0.2|band=0.01
2016-04-04,0.75,0,0,0,0.25,S0|cap=0.2|band=0.01
2016-04-05,0.75,0,0,0,0.25,S0|cap=0.2|band=0.01
2016-04-06,0.75,0,0,0,0.25,S0|cap=0.2|band=0.01
2016-04-07,0.75,0,0,0,0.25,S0|cap=0.2|band=0.01
2016-04-08,0.75,0,0,0,0.25,S0|cap=0.2|band=0.01
2016-04-11,0.75,0,0,0,0.25,S0|cap=0.2|band=0.01
2016-04-12,0.75,0,0,0,0.25,S0|cap=0.2|band=0.01
2016-04-13,0.75,0,0,0,0.25,S0|cap=0.2|band=0.01
2016-04-18,0.75,0,0,0,0.25,S0|cap=0.2|band=0.01
2016-04-20,0.75,0,0,0,0.25,S0|cap=0.2|band=0.01
2016-04-21,0.75,0,0,0,0.25,S0|cap=0.2|band=0.01
2016-04-22,0.75,0,0,0,0.25,S0|cap=0.2|band=0.01
2016-04-25,0.75,0,0,0,0.25,S0|cap=0.2|band=0.01
2016-04-26,0.75,0,0,0,0.25,S0|cap=0.2|band=0.01
2016-04-27,0.75,0,0,0,0.25,S0|cap=0.2|band=0.01
2016-04-28,0.75,0,0,0,0.25,S0|cap=0.2|band=0.01
2016-04-29,0.75,0,0,0,0.25,S0|cap=0.2|band=0.01
2016-05-02,0.75,0,0,0,0.25,S0|cap=0.2|band=0.01
2016-05-03,0.75,0,0,0,0.25,S0|cap=0.2|band=0.01
2016-05-04,0.75,0,0,0,0.25,S0|cap=0.2|band=0.01
2016-05-05,0.75,0,0,0,0.25,S0|cap=0.2|band=0.01
2016-05-06,0.75,0,0,0,0.25,S0|cap=0.2|band=0.01
2016-05-09,0.75,0,0,0,0.25,S0|cap=0.2|band=0.01
2016-05-10,0.75,0,0,0,0.25,S0|cap=0.2|band=0.01
2016-05-11,0.75,0,0,0,0.25,S0|cap=0.2|band=0.01
2016-05-12,0.75,0,0,0,0.25,S0|cap=0.2|band=0.01
2016-05-13,0.75,0,0,0,0.25,S0|cap=0.2|band=0.01
2016-05-16,0.75,0,0,0,0.25,S0|cap=0.2|band=0.01
2016-05-17,0.75,0,0,0,0.25,S0|cap=0.2|band=0.01
2016-05-18,0.75,0,0,0,0.25,S0|cap=0.2|band=0.01
2016-05-19,0.75,0,0,0,0.25,S0|cap=0.2|band=0.01
2016-05-20,0.75,0,0,0,0.25,S0|cap=0.2|band=0.01
2016-05-23,0.75,0,0,0,0.25,S0|cap=0.2|band=0.01
2016-05-24,0.75,0,0,0,0.25,S0|cap=0.2|band=0.01
2016-05-25,0.75,0,0,0,0.25,S0|cap=0.2|band=0.01
2016-05-26,0.75,0,0,0,0.25,S0|cap=0.2|band=0.01
2016-05-27,0.75,0,0,0,0.25,S0|cap=0.2|band=0.01
2016-05-30,0.75,0,0,0,0.25,S0|cap=0.2|band=0.01
2016-05-31,0.75,0,0,0,0.25,S0|cap=0.2|band=0.01
2016-06-01,0.75,0,0,0,0.25,S0|cap=0.2|band=0.01
2016-06-02,0.75,0,0,0,0.25,S0|cap=0.2|band=0.01
2016-06-03,0.75,0,0,0,0.25,S0|cap=0.2|band=0.01
2016-06-06,0.75,0,0,0,0.25,S0|cap=0.2|band=0.01
2016-06-07,0.75,0,0,0,0.25,S0|cap=0.2|band=0.01
2016-06-08,0.75,0,0,0,0.25,S0|cap=0.2|band=0.01
2016-06-09,0.75,0,0,0,0.25,S0|cap=0.2|band=0.01
2016-06-10,0.75,0,0,0,0.25,S0|cap=0.2|band=0.01
2016-06-13,0.75,0,0,0,0.25,S0|cap=0.2|band=0.01
2016-06-14,0.75,0,0,0,0.25,S0|cap=0.2|band=0.01
2016-06-15,0.75,0,0,0,0.25,S0|cap=0.2|band=0.01
2016-06-16,0.75,0,0,0,0.25,S0|cap=0.2|band=0.01
2016-06-17,0.75,0,0,0,0.25,S0|cap=0.2|band=0.01
2016-06-20,0.75,0,0,0,0.25,S0|cap=0.2|band=0.01
2016-06-21,0.75,0,0,0,0.25,S0|cap=0.2|band=0.01
2016-06-22,0.75,0,0,0,0.25,S0|cap=0.2|band=0.01
2016-06-23,0.75,0,0,0,0.25,S0|cap=0.2|band=0.01
2016-06-24,0.75,0,0,0,0.25,S0|cap=0.2|band=0.01
2016-06-27,0.75,0,0,0,0.25,S0|cap=0.2|band=0.01
2016-06-28,0.75,0,0,0,0.25,S0|cap=0.2|band=0.01
2016-06-29,0.75,0,0,0,0.25,S0|cap=0.2|band=0.01
2016-06-30,0.75,0,0,0,0.25,S0|cap=0.2|band=0.01
2016-07-01,0.75,0,0,0,0.25,S0|cap=0.2|band=0.01
2016-07-04,0.75,0,0,0,0.25,S0|cap=0.2|band=0.01
2016-07-05,0.75,0,0,0,0.25,S0|cap=0.2|band=0.01
2016-07-07,0.75,0,0,0,0.25,S0|cap=0.2|band=0.01
2016-07-08,0.75,0,0,0,0.25,S0|cap=0.2|band=0.01
2016-07-11,0.75,0,0,0,0.25,S0|cap=0.2|band=0.01
2016-07-12,0.75,0,0,0,0.25,S0|cap=0.2|band=0.01
2016-07-13,0.75,0,0,0,0.25,S0|cap=0.2|band=0.01
2016-07-14,0.75,0,0,0,0.25,S0|cap=0.2|band=0.01
2016-07-15,0.75,0,0,0,0.25,S0|cap=0.2|band=0.01
2016-07-18,0.75,0,0,0,0.25,S0|cap=0.2|band=0.01
2016-07-19,0.75,0,0,0,0.25,S0|cap=0.2|band=0.01
2016-07-20,0.75,0,0,0,0.25,S0|cap=0.2|band=0.01
2016-07-21,0.75,0,0,0,0.25,S0|cap=0.2|band=0.01
2016-07-22,0.75,0,0,0,0.25,S0|cap=0.2|band=0.01
2016-07-25,0.75,0,0,0,0.25,S0|cap=0.2|band=0.01
2016-07-26,0.75,0,0,0,0.25,S0|cap=0.2|band=0.01
2016-07-27,0.75,0,0,0,0.25,S0|cap=0.2|band=0.01
2016-07-28,0.75,0,0,0,0.25,S0|cap=0.2|band=0.01
2016-07-29,0.75,0,0,0,0.25,S0|cap=0.2|band=0.01
2016-08-01,0.75,0,0,0,0.25,S0|cap=0.2|band=0.01
2016-08-02,0.75,0,0,0,0.25,S0|cap=0.2|band=0.01
2016-08-03,0.75,0,0,0,0.25,S0|cap=0.2|band=0.01
2016-08-04,0.75,0,0,0,0.25,S0|cap=0.2|band=0.01
2016-08-05,0.75,0,0,0,0.25,S0|cap=0.2|band=0.01
2016-08-08,0.75,0,0,0,0.25,S0|cap=0.2|band=0.01
2016-08-09,0.75,0,0,0,0.25,S0|cap=0.2|band=0.01
2016-08-10,0.75,0,0,0,0.25,S0|cap=0.2|band=0.01
2016-08-11,0.75,0,0,0,0.25,S0|cap=0.2|band=0.01
2016-08-12,0.75,0,0,0,0.25,S0|cap=0.2|band=0.01
2016-08-16,0.75,0,0,0,0.25,S0|cap=0.2|band=0.01
2016-08-17,0.75,0,0,0,0.25,S0|cap=0.2|band=0.01
2016-08-18,0.75,0,0,0,0.25,S0|cap=0.2|band=0.01
2016-08-19,0.75,0,0,0,0.25,S0|cap=0.2|band=0.01
2016-08-22,0.75,0,0,0,0.25,S0|cap=0.2|band=0.01
2016-08-23,0.75,0,0,0,0.25,S0|cap=0.2|band=0.01
2016-08-24,0.75,0,0,0,0.25,S0|cap=0.2|band=0.01
2016-08-25,0.75,0,0,0,0.25,S0|cap=0.2|band=0.01
2016-08-26,0.75,0,0,0,0.25,S0|cap=0.2|band=0.01
2016-08-29,0.75,0,0,0,0.25,S0|cap=0.2|band=0.01
2016-08-30,0.75,0,0,0,0.25,S0|cap=0.2|band=0.01
2016-08-31,0.75,0,0,0,0.25,S0|cap=0.2|band=0.01
2016-09-01,0.75,0,0,0,0.25,S0|cap=0.2|band=0.01
2016-09-02,0.75,0,0,0,0.25,S0|cap=0.2|band=0.01
2016-09-06,0.75,0,0,0,0.25,S0|cap=0.2|band=0.01
2016-09-07,0.75,0,0,0,0.25,S0|cap=0.2|band=0.01
2016-09-08,0.75,0,0,0,0.25,S0|cap=0.2|band=0.01
2016-09-09,0.75,0,0,0,0.25,S0|cap=0.2|band=0.01
2016-09-12,0.75,0,0,0,0.25,S0|cap=0.2|band=0.01
2016-09-14,0.75,0,0,0,0.25,S0|cap=0.2|band=0.01
2016-09-15,0.75,0,0,0,0.25,S0|cap=0.2|band=0.01
2016-09-16,0.75,0,0,0,0.25,S0|cap=0.2|band=0.01
2016-09-19,0.75,0,0,0,0.25,S0|cap=0.2|band=0.01
2016-09-20,0.75,0,0,0,0.25,S0|cap=0.2|band=0.01
2016-09-21,0.75,0,0,0,0.25,S0|cap=0.2|band=0.01
2016-09-22,0.75,0,0,0,0.25,S0|cap=0.2|band=0.01
2016-09-23,0.75,0,0,0,0.25,S0|cap=0.2|band=0.01
2016-09-26,0.75,0,0,0,0.25,S0|cap=0.2|band=0.01
2016-09-27,0.75,0,0,0,0.25,S0|cap=0.2|band=0.01
2016-09-28,0.75,0,0,0,0.25,S0|cap=0.2|band=0.01
2016-09-29,0.75,0,0,0,0.25,S0|cap=0.2|band=0.01
2016-09-30,0.75,0,0,0,0.25,S0|cap=0.2|band=0.01
2016-10-03,0.75,0,0,0,0.25,S0|cap=0.2|band=0.01
2016-10-04,0.75,0,0,0,0.25,S0|cap=0.2|band=0.01
2016-10-05,0.75,0,0,0,0.25,S0|cap=0.2|band=0.01
2016-10-06,0.75,0,0,0,0.25,S0|cap=0.2|band=0.01
2016-10-07,0.75,0,0,0,0.25,S0|cap=0.2|band=0.01
2016-10-10,0.75,0,0,0,0.25,S0|cap=0.2|band=0.01
2016-10-13,0.75,0,0,0,0.25,S0|cap=0.2|band=0.01
2016-10-14,0.75,0,0,0,0.25,S0|cap=0.2|band=0.01
2016-10-17,0.75,0,0,0,0.25,S0|cap=0.2|band=0.01
2016-10-18,0.75,0,0,0,0.25,S0|cap=0.2|band=0.01
2016-10-19,0.75,0,0,0,0.25,S0|cap=0.2|band=0.01
2016-10-20,0.75,0,0,0,0.25,S0|cap=0.2|band=0.01
2016-10-21,0.75,0,0,0,0.25,S0|cap=0.2|band=0.01
2016-10-24,0.75,0,0,0,0.25,S0|cap=0.2|band=0.01
2016-10-25,0.75,0,0,0,0.25,S0|cap=0.2|band=0.01
2016-10-26,0.75,0,0,0,0.25,S0|cap=0.2|band=0.01
2016-10-27,0.75,0,0,0,0.25,S0|cap=0.2|band=0.01
2016-10-28,0.75,0,0,0,0.25,S0|cap=0.2|band=0.01
2016-10-30,0.75,0,0,0,0.25,S0|cap=0.2|band=0.01
2016-11-01,0.75,0,0,0,0.25,S0|cap=0.2|band=0.01
2016-11-02,0.75,0,0,0,0.25,S0|cap=0.2|band=0.01
2016-11-03,0.75,0,0,0,0.25,S0|cap=0.2|band=0.01
2016-11-04,0.75,0,0,0,0.25,S0|cap=0.2|band=0.01
2016-11-07,0.75,0,0,0,0.25,S0|cap=0.2|band=0.01
2016-11-08,0.75,0,0,0,0.25,S0|cap=0.2|band=0.01
2016-11-09,0.75,0,0,0,0.25,S0|cap=0.2|band=0.01
2016-11-10,0.75,0,0,0,0.25,S0|cap=0.2|band=0.01
2016-11-11,0.75,0,0,0,0.25,S0|cap=0.2|band=0.01
2016-11-15,0.75,0,0,0,0.25,S0|cap=0.2|band=0.01
2016-11-16,0.75,0,0,0,0.25,S0|cap=0.2|band=0.01
2016-11-17,0.75,0,0,0,0.25,S0|cap=0.2|band=0.01
2016-11-18,0.75,0,0,0,0.25,S0|cap=0.2|band=0.01
2016-11-21,0.75,0,0,0,0.25,S0|cap=0.2|band=0.01
2016-11-22,0.75,0,0,0,0.25,S0|cap=0.2|band=0.01
2016-11-23,0.75,0,0,0,0.25,S0|cap=0.2|band=0.01
2016-11-24,0.75,0,0,0,0.25,S0|cap=0.2|band=0.01
2016-11-25,0.75,0,0,0,0.25,S0|cap=0.2|band=0.01
2016-11-28,0.75,0,0,0,0.25,S0|cap=0.2|band=0.01
2016-11-29,0.75,0,0,0,0.25,S0|cap=0.2|band=0.01
2016-11-30,0.75,0,0,0,0.25,S0|cap=0.2|band=0.01
2016-12-01,0.75,0,0,0,0.25,S0|cap=0.2|band=0.01
2016-12-02,0.75,0,0,0,0.25,S0|cap=0.2|band=0.01
2016-12-05,0.75,0,0,0,0.25,S0|cap=0.2|band=0.01
2016-12-06,0.75,0,0,0,0.25,S0|cap=0.2|band=0.01
2016-12-07,0.75,0,0,0,0.25,S0|cap=0.2|band=0.01
2016-12-08,0.75,0,0,0,0.25,S0|cap=0.2|band=0.01
2016-12-09,0.75,0,0,0,0.25,S0|cap=0.2|band=0.01
2016-12-12,0.75,0,0,0,0.25,S0|cap=0.2|band=0.01
2016-12-13,0.75,0,0,0,0.25,S0|cap=0.2|band=0.01
2016-12-14,0.75,0,0,0,0.25,S0|cap=0.2|band=0.01
2016-12-15,0.75,0,0,0,0.25,S0|cap=0.2|band=0.01
2016-12-16,0.75,0,0,0,0.25,S0|cap=0.2|band=0.01
2016-12-19,0.75,0,0,0,0.25,S0|cap=0.2|band=0.01
2016-12-20,0.75,0,0,0,0.25,S0|cap=0.2|band=0.01
2016-12-21,0.75,0,0,0,0.25,S0|cap=0.2|band=0.01
2016-12-22,0.75,0,0,0,0.25,S0|cap=0.2|band=0.01
2016-12-23,0.75,0,0,0,0.25,S0|cap=0.2|band=0.01
2016-12-26,0.75,0,0,0,0.25,S0|cap=0.2|band=0.01
2016-12-27,0.75,0,0,0,0.25,S0|cap=0.2|band=0.01
2016-12-28,0.75,0,0,0,0.25,S0|cap=0.2|band=0.01
2016-12-29,0.75,0,0,0,0.25,S0|cap=0.2|band=0.01
2016-12-30,0.75,0,0,0,0.25,S0|cap=0.2|band=0.01
2017-01-02,0.75,0,0,0,0.25,S0|cap=0.2|band=0.01
2017-01-03,0.75,0,0,0,0.25,S0|cap=0.2|band=0.01
2017-01-04,0.75,0,0,0,0.25,S0|cap=0.2|band=0.01
2017-01-05,0.75,0,0,0,0.25,S0|cap=0.2|band=0.01
2017-01-06,0.75,0,0,0,0.25,S0|cap=0.2|band=0.01
2017-01-09,0.75,0,0,0,0.25,S0|cap=0.2|band=0.01
2017-01-10,0.75,0,0,0,0.25,S0|cap=0.2|band=0.01
2017-01-11,0.75,0,0,0,0.25,S0|cap=0.2|band=0.01
2017-01-12,0.75,0,0,0,0.25,S0|cap=0.2|band=0.01
2017-01-13,0.75,0,0,0,0.25,S0|cap=0.2|band=0.01
2017-01-16,0.75,0,0,0,0.25,S0|cap=0.2|band=0.01
2017-01-17,0.75,0,0,0,0.25,S0|cap=0.2|band=0.01
2017-01-18,0.75,0,0,0,0.25,S0|cap=0.2|band=0.01
2017-01-19,0.75,0,0,0,0.25,S0|cap=0.2|band=0.01
2017-01-20,0.75,0,0,0,0.25,S0|cap=0.2|band=0.01
2017-01-23,0.75,0,0,0,0.25,S0|cap=0.2|band=0.01
2017-01-24,0.75,0,0,0,0.25,S0|cap=0.2|band=0.01
2017-01-25,0.75,0,0,0,0.25,S0|cap=0.2|band=0.01
2017-01-27,0.75,0,0,0,0.25,S0|cap=0.2|band=0.01
2017-01-30,0.75,0,0,0,0.25,S0|cap=0.2|band=0.01
2017-01-31,0.75,0,0,0,0.25,S0|cap=0.2|band=0.01
2017-02-01,0.75,0,0,0,0.25,S0|cap=0.2|band=0.01
2017-02-02,0.75,0,0,0,0.25,S0|cap=0.2|band=0.01
2017-02-03,0.75,0,0,0,0.25,S0|cap=0.2|band=0.01
2017-02-06,0.75,0,0,0,0.25,S0|cap=0.2|band=0.01
2017-02-07,0.75,0,0,0,0.25,S0|cap=0.2|band=0.01
2017-02-08,0.75,0,0,0,0.25,S0|cap=0.2|band=0.01
2017-02-09,0.75,0,0,0,0.25,S0|cap=0.2|band=0.01
2017-02-10,0.75,0,0,0,0.25,S0|cap=0.2|band=0.01
2017-02-13,0.75,0,0,0,0.25,S0|cap=0.2|band=0.01
2017-02-14,0.75,0,0,0,0.25,S0|cap=0.2|band=0.01
2017-02-15,0.75,0,0,0,0.25,S0|cap=0.2|band=0.01
2017-02-16,0.75,0,0,0,0.25,S0|cap=0.2|band=0.01
2017-02-17,0.75,0,0,0,0.25,S0|cap=0.2|band=0.01
2017-02-20,0.75,0,0,0,0.25,S0|cap=0.2|band=0.01
2017-02-21,0.75,0,0,0,0.25,S0|cap=0.2|band=0.01
2017-02-22,0.75,0,0,0,0.25,S0|cap=0.2|band=0.01
2017-02-23,0.75,0,0,0,0.25,S0|cap=0.2|band=0.01
2017-02-27,0.75,0,0,0,0.25,S0|cap=0.2|band=0.01
2017-02-28,0.75,0,0,0,0.25,S0|cap=0.2|band=0.01
2017-03-01,0.75,0,0,0,0.25,S0|cap=0.2|band=0.01
2017-03-02,0.75,0,0,0,0.25,S0|cap=0.2|band=0.01
2017-03-03,0.75,0,0,0,0.25,S0|cap=0.2|band=0.01
2017-03-06,0.75,0,0,0,0.25,S0|cap=0.2|band=0.01
2017-03-07,0.75,0,0,0,0.25,S0|cap=0.2|band=0.01
2017-03-08,0.75,0,0,0,0.25,S0|cap=0.2|band=0.01
2017-03-09,0.75,0,0,0,0.25,S0|cap=0.2|band=0.01
2017-03-10,0.75,0,0,0,0.25,S0|cap=0.2|band=0.01
2017-03-14,0.75,0,0,0,0.25,S0|cap=0.2|band=0.01
2017-03-15,0.75,0,0,0,0.25,S0|cap=0.2|band=0.01
2017-03-16,0.75,0,0,0,0.25,S0|cap=0.2|band=0.01
2017-03-17,0.75,0,0,0,0.25,S0|cap=0.2|band=0.01
2017-03-20,0.75,0,0,0,0.25,S0|cap=0.2|band=0.01
2017-03-21,0.75,0,0,0,0.25,S0|cap=0.2|band=0.01
2017-03-22,0.75,0,0,0,0.25,S0|cap=0.2|band=0.01
2017-03-23,0.75,0,0,0,0.25,S0|cap=0.2|band=0.01
2017-03-24,0.75,0,0,0,0.25,S0|cap=0.2|band=0.01
2017-03-27,0.75,0,0,0,0.25,S0|cap=0.2|band=0.01
2017-03-28,0.75,0,0,0,0.25,S0|cap=0.2|band=0.01
2017-03-29,0.75,0,0,0,0.25,S0|cap=0.2|band=0.01
2017-03-30,0.75,0,0,0,0.25,S0|cap=0.2|band=0.01
2017-03-31,0.75,0,0,0,0.25,S0|cap=0.2|band=0.01
2017-04-03,0.75,0,0,0,0.25,S0|cap=0.2|band=0.01
2017-04-05,0.75,0,0,0,0.25,S0|cap=0.2|band=0.01
2017-04-06,0.75,0,0,0,0.25,S0|cap=0.2|band=0.01
2017-04-07,0.75,0,0,0,0.25,S0|cap=0.2|band=0.01
2017-04-10,0.75,0,0,0,0.25,S0|cap=0.2|band=0.01
2017-04-11,0.75,0,0,0,0.25,S0|cap=0.2|band=0.01
2017-04-12,0.75,0,0,0,0.25,S0|cap=0.2|band=0.01
2017-04-13,0.75,0,0,0,0.25,S0|cap=0.2|band=0.01
2017-04-17,0.75,0,0,0,0.25,S0|cap=0.2|band=0.01
2017-04-18,0.75,0,0,0,0.25,S0|cap=0.2|band=0.01
2017-04-19,0.75,0,0,0,0.25,S0|cap=0.2|band=0.01
2017-04-20,0.75,0,0,0,0.25,S0|cap=0.2|band=0.01
2017-04-21,0.75,0,0,0,0.25,S0|cap=0.2|band=0.01
2017-04-24,0.75,0,0,0,0.25,S0|cap=0.2|band=0.01
2017-04-25,0.75,0,0,0,0.25,S0|cap=0.2|band=0.01
2017-04-26,0.75,0,0,0,0.25,S0|cap=0.2|band=0.01
2017-04-27,0.75,0,0,0,0.25,S0|cap=0.2|band=0.01
2017-04-28,0.75,0,0,0,0.25,S0|cap=0.2|band=0.01
2017-05-02,0.75,0,0,0,0.25,S0|cap=0.2|band=0.01
2017-05-03,0.75,0,0,0,0.25,S0|cap=0.2|band=0.01
2017-05-04,0.75,0,0,0,0.25,S0|cap=0.2|band=0.01
2017-05-05,0.75,0,0,0,0.25,S0|cap=0.2|band=0.01
2017-05-08,0.75,0,0,0,0.25,S0|cap=0.2|band=0.01
2017-05-09,0.75,0,0,0,0.25,S0|cap=0.2|band=0.01
2017-05-10,0.75,0,0,0,0.25,S0|cap=0.2|band=0.01
2017-05-11,0.75,0,0,0,0.25,S0|cap=0.2|band=0.01
2017-05-12,0.75,0,0,0,0.25,S0|cap=0.2|band=0.01
2017-05-15,0.75,0,0,0,0.25,S0|cap=0.2|band=0.01
2017-05-16,0.75,0,0,0,0.25,S0|cap=0.2|band=0.01
2017-05-17,0.75,0,0,0,0.25,S0|cap=0.2|band=0.01
2017-05-18,0.75,0,0,0,0.25,S0|cap=0.2|band=0.01
2017-05-19,0.75,0,0,0,0.25,S0|cap=0.2|band=0.01
2017-05-22,0.75,0,0,0,0.25,S0|cap=0.2|band=0.01
2017-05-23,0.75,0,0,0,0.25,S0|cap=0.2|band=0.01
2017-05-24,0.75,0,0,0,0.25,S0|cap=0.2|band=0.01
2017-05-25,0.75,0,0,0,0.25,S0|cap=0.2|band=0.01
2017-05-26,0.75,0,0,0,0.25,S0|cap=0.2|band=0.01
2017-05-29,0.75,0,0,0,0.25,S0|cap=0.2|band=0.01
2017-05-30,0.75,0,0,0,0.25,S0|cap=0.2|band=0.01
2017-05-31,0.75,0,0,0,0.25,S0|cap=0.2|band=0.01
2017-06-01,0.75,0,0,0,0.25,S0|cap=0.2|band=0.01
2017-06-02,0.75,0,0,0,0.25,S0|cap=0.2|band=0.01
2017-06-05,0.75,0,0,0,0.25,S0|cap=0.2|band=0.01
2017-06-06,0.75,0,0,0,0.25,S0|cap=0.2|band=0.01
2017-06-07,0.75,0,0,0,0.25,S0|cap=0.2|band=0.01
2017-06-08,0.75,0,0,0,0.25,S0|cap=0.2|band=0.01
2017-06-09,0.75,0,0,0,0.25,S0|cap=0.2|band=0.01
2017-06-12,0.75,0,0,0,0.25,S0|cap=0.2|band=0.01
2017-06-13,0.75,0,0,0,0.25,S0|cap=0.2|band=0.01
2017-06-14,0.75,0,0,0,0.25,S0|cap=0.2|band=0.01
2017-06-15,0.75,0,0,0,0.25,S0|cap=0.2|band=0.01
2017-06-16,0.75,0,0,0,0.25,S0|cap=0.2|band=0.01
2017-06-19,0.75,0,0,0,0.25,S0|cap=0.2|band=0.01
2017-06-20,0.75,0,0,0,0.25,S0|cap=0.2|band=0.01
2017-06-21,0.75,0,0,0,0.25,S0|cap=0.2|band=0.01
2017-06-22,0.75,0,0,0,0.25,S0|cap=0.2|band=0.01
2017-06-23,0.75,0,0,0,0.25,S0|cap=0.2|band=0.01
2017-06-27,0.75,0,0,0,0.25,S0|cap=0.2|band=0.01
2017-06-28,0.75,0,0,0,0.25,S0|cap=0.2|band=0.01
2017-06-29,0.75,0,0,0,0.25,S0|cap=0.2|band=0.01
2017-06-30,0.75,0,0,0,0.25,S0|cap=0.2|band=0.01
2017-07-03,0.75,0,0,0,0.25,S0|cap=0.2|band=0.01
2017-07-04,0.75,0,0,0,0.25,S0|cap=0.2|band=0.01
2017-07-05,0.75,0,0,0,0.25,S0|cap=0.2|band=0.01
2017-07-06,0.75,0,0,0,0.25,S0|cap=0.2|band=0.01
2017-07-07,0.75,0,0,0,0.25,S0|cap=0.2|band=0.01
2017-07-10,0.75,0,0,0,0.25,S0|cap=0.2|band=0.01
2017-07-11,0.75,0,0,0,0.25,S0|cap=0.2|band=0.01
2017-07-12,0.75,0,0,0,0.25,S0|cap=0.2|band=0.01
2017-07-13,0.75,0,0,0,0.25,S0|cap=0.2|band=0.01
2017-07-14,0.75,0,0,0,0.25,S0|cap=0.2|band=0.01
2017-07-17,0.75,0,0,0,0.25,S0|cap=0.2|band=0.01
2017-07-18,0.75,0,0,0,0.25,S0|cap=0.2|band=0.01
2017-07-19,0.75,0,0,0,0.25,S0|cap=0.2|band=0.01
2017-07-20,0.75,0,0,0,0.25,S0|cap=0.2|band=0.01
2017-07-21,0.75,0,0,0,0.25,S0|cap=0.2|band=0.01
2017-07-24,0.75,0,0,0,0.25,S0|cap=0.2|band=0.01
2017-07-25,0.75,0,0,0,0.25,S0|cap=0.2|band=0.01
2017-07-26,0.75,0,0,0,0.25,S0|cap=0.2|band=0.01
2017-07-27,0.75,0,0,0,0.25,S0|cap=0.2|band=0.01
2017-07-28,0.75,0,0,0,0.25,S0|cap=0.2|band=0.01
2017-07-31,0.75,0,0,0,0.25,S0|cap=0.2|band=0.01
2017-08-01,0.75,0,0,0,0.25,S0|cap=0.2|band=0.01
2017-08-02,0.75,0,0,0,0.25,S0|cap=0.2|band=0.01
2017-08-03,0.75,0,0,0,0.25,S0|cap=0.2|band=0.01
2017-08-04,0.75,0,0,0,0.25,S0|cap=0.2|band=0.01
2017-08-07,0.75,0,0,0,0.25,S0|cap=0.2|band=0.01
2017-08-08,0.75,0,0,0,0.25,S0|cap=0.2|band=0.01
2017-08-09,0.75,0,0,0,0.25,S0|cap=0.2|band=0.01
2017-08-10,0.75,0,0,0,0.25,S0|cap=0.2|band=0.01
2017-08-11,0.75,0,0,0,0.25,S0|cap=0.2|band=0.01
2017-08-14,0.75,0,0,0,0.25,S0|cap=0.2|band=0.01
2017-08-16,0.75,0,0,0,0.25,S0|cap=0.2|band=0.01
2017-08-17,0.75,0,0,0,0.25,S0|cap=0.2|band=0.01
2017-08-18,0.75,0,0,0,0.25,S0|cap=0.2|band=0.01
2017-08-21,0.75,0,0,0,0.25,S0|cap=0.2|band=0.01
2017-08-22,0.75,0,0,0,0.25,S0|cap=0.2|band=0.01
2017-08-23,0.75,0,0,0,0.25,S0|cap=0.2|band=0.01
2017-08-24,0.75,0,0,0,0.25,S0|cap=0.2|band=0.01
2017-08-28,0.75,0,0,0,0.25,S0|cap=0.2|band=0.01
2017-08-29,0.75,0,0,0,0.25,S0|cap=0.2|band=0.01
2017-08-30,0.75,0,0,0,0.25,S0|cap=0.2|band=0.01
2017-08-31,0.75,0,0,0,0.25,S0|cap=0.2|band=0.01
2017-09-01,0.75,0,0,0,0.25,S0|cap=0.2|band=0.01
2017-09-04,0.75,0,0,0,0.25,S0|cap=0.2|band=0.01
2017-09-05,0.75,0,0,0,0.25,S0|cap=0.2|band=0.01
2017-09-06,0.75,0,0,0,0.25,S0|cap=0.2|band=0.01
2017-09-07,0.75,0,0,0,0.25,S0|cap=0.2|band=0.01
2017-09-08,0.75,0,0,0,0.25,S0|cap=0.2|band=0.01
2017-09-11,0.75,0,0,0,0.25,S0|cap=0.2|band=0.01
2017-09-12,0.75,0,0,0,0.25,S0|cap=0.2|band=0.01
2017-09-13,0.75,0,0,0,0.25,S0|cap=0.2|band=0.01
2017-09-14,0.75,0,0,0,0.25,S0|cap=0.2|band=0.01
2017-09-15,0.75,0,0,0,0.25,S0|cap=0.2|band=0.01
2017-09-18,0.75,0,0,0,0.25,S0|cap=0.2|band=0.01
2017-09-19,0.75,0,0,0,0.25,S0|cap=0.2|band=0.01
2017-09-20,0.75,0,0,0,0.25,S0|cap=0.2|band=0.01
2017-09-21,0.75,0,0,0,0.25,S0|cap=0.2|band=0.01
2017-09-22,0.75,0,0,0,0.25,S0|cap=0.2|band=0.01
2017-09-25,0.75,0,0,0,0.25,S0|cap=0.2|band=0.01
2017-09-26,0.75,0,0,0,0.25,S0|cap=0.2|band=0.01
2017-09-27,0.75,0,0,0,0.25,S0|cap=0.2|band=0.01
2017-09-28,0.75,0,0,0,0.25,S0|cap=0.2|band=0.01
2017-09-29,0.75,0,0,0,0.25,S0|cap=0.2|band=0.01
2017-10-03,0.75,0,0,0,0.25,S0|cap=0.2|band=0.01
2017-10-04,0.75,0,0,0,0.25,S0|cap=0.2|band=0.01
2017-10-05,0.75,0,0,0,0.25,S0|cap=0.2|band=0.01
2017-10-06,0.75,0,0,0,0.25,S0|cap=0.2|band=0.01
2017-10-09,0.75,0,0,0,0.25,S0|cap=0.2|band=0.01
2017-10-10,0.75,0,0,0,0.25,S0|cap=0.2|band=0.01
2017-10-11,0.75,0,0,0,0.25,S0|cap=0.2|band=0.01
2017-10-12,0.75,0,0,0,0.25,S0|cap=0.2|band=0.01
2017-10-13,0.75,0,0,0,0.25,S0|cap=0.2|band=0.01
2017-10-16,0.75,0,0,0,0.25,S0|cap=0.2|band=0.01
2017-10-17,0.75,0,0,0,0.25,S0|cap=0.2|band=0.01
2017-10-18,0.75,0,0,0,0.25,S0|cap=0.2|band=0.01
2017-10-19,0.75,0,0,0,0.25,S0|cap=0.2|band=0.01
2017-10-23,0.75,0,0,0,0.25,S0|cap=0.2|band=0.01
2017-10-24,0.75,0,0,0,0.25,S0|cap=0.2|band=0.01
2017-10-25,0.75,0,0,0,0.25,S0|cap=0.2|band=0.01
2017-10-26,0.75,0,0,0,0.25,S0|cap=0.2|band=0.01
2017-10-27,0.75,0,0,0,0.25,S0|cap=0.2|band=0.01
2017-10-30,0.75,0,0,0,0.25,S0|cap=0.2|band=0.01
2017-10-31,0.75,0,0,0,0.25,S0|cap=0.2|band=0.01
2017-11-01,0.75,0,0,0,0.25,S0|cap=0.2|band=0.01
2017-11-02,0.75,0,0,0,0.25,S0|cap=0.2|band=0.01
2017-11-03,0.75,0,0,0,0.25,S0|cap=0.2|band=0.01
2017-11-06,0.75,0,0,0,0.25,S0|cap=0.2|band=0.01
2017-11-07,0.75,0,0,0,0.25,S0|cap=0.2|band=0.01
2017-11-08,0.75,0,0,0,0.25,S0|cap=0.2|band=0.01
2017-11-09,0.75,0,0,0,0.25,S0|cap=0.2|band=0.01
2017-11-10,0.75,0,0,0,0.25,S0|cap=0.2|band=0.01
2017-11-13,0.75,0,0,0,0.25,S0|cap=0.2|band=0.01
2017-11-14,0.75,0,0,0,0.25,S0|cap=0.2|band=0.01
2017-11-15,0.75,0,0,0,0.25,S0|cap=0.2|band=0.01
2017-11-16,0.75,0,0,0,0.25,S0|cap=0.2|band=0.01
2017-11-17,0.75,0,0,0,0.25,S0|cap=0.2|band=0.01
2017-11-20,0.75,0,0,0,0.25,S0|cap=0.2|band=0.01
2017-11-21,0.75,0,0,0,0.25,S0|cap=0.2|band=0.01
2017-11-22,0.75,0,0,0,0.25,S0|cap=0.2|band=0.01
2017-11-23,0.75,0,0,0,0.25,S0|cap=0.2|band=0.01
2017-11-24,0.75,0,0,0,0.25,S0|cap=0.2|band=0.01
2017-11-27,0.75,0,0,0,0.25,S0|cap=0.2|band=0.01
2017-11-28,0.75,0,0,0,0.25,S0|cap=0.2|band=0.01
2017-11-29,0.75,0,0,0,0.25,S0|cap=0.2|band=0.01
2017-11-30,0.75,0,0,0,0.25,S0|cap=0.2|band=0.01
2017-12-01,0.75,0,0,0,0.25,S0|cap=0.2|band=0.01
2017-12-04,0.75,0,0,0,0.25,S0|cap=0.2|band=0.01
2017-12-05,0.75,0,0,0,0.25,S0|cap=0.2|band=0.01
2017-12-06,0.75,0,0,0,0.25,S0|cap=0.2|band=0.01
2017-12-07,0.75,0,0,0,0.25,S0|cap=0.2|band=0.01
2017-12-08,0.75,0,0,0,0.25,S0|cap=0.2|band=0.01
2017-12-11,0.75,0,0,0,0.25,S0|cap=0.2|band=0.01
2017-12-12,0.75,0,0,0,0.25,S0|cap=0.2|band=0.01
2017-12-13,0.75,0,0,0,0.25,S0|cap=0.2|band=0.01
2017-12-14,0.75,0,0,0,0.25,S0|cap=0.2|band=0.01
2017-12-15,0.75,0,0,0,0.25,S0|cap=0.2|band=0.01
2017-12-18,0.75,0,0,0,0.25,S0|cap=0.2|band=0.01
2017-12-19,0.75,0,0,0,0.25,S0|cap=0.2|band=0.01
2017-12-20,0.75,0,0,0,0.25,S0|cap=0.2|band=0.01
2017-12-21,0.75,0,0,0,0.25,S0|cap=0.2|band=0.01
2017-12-22,0.75,0,0,0,0.25,S0|cap=0.2|band=0.01
2017-12-26,0.75,0,0,0,0.25,S0|cap=0.2|band=0.01
2017-12-27,0.75,0,0,0,0.25,S0|cap=0.2|band=0.01
2017-12-28,0.75,0,0,0,0.25,S0|cap=0.2|band=0.01
2017-12-29,0.75,0,0,0,0.25,S0|cap=0.2|band=0.01
2018-01-01,0.75,0,0,0,0.25,S0|cap=0.2|band=0.01
2018-01-02,0.75,0,0,0,0.25,S0|cap=0.2|band=0.01
2018-01-03,0.75,0,0,0,0.25,S0|cap=0.2|band=0.01
2018-01-04,0.75,0,0,0,0.25,S0|cap=0.2|band=0.01
2018-01-05,0.75,0,0,0,0.25,S0|cap=0.2|band=0.01
2018-01-08,0.75,0,0,0,0.25,S0|cap=0.2|band=0.01
2018-01-09,0.75,0,0,0,0.25,S0|cap=0.2|band=0.01
2018-01-10,0.75,0,0,0,0.25,S0|cap=0.2|band=0.01
2018-01-11,0.75,0,0,0,0.25,S0|cap=0.2|band=0.01
2018-01-12,0.75,0,0,0,0.25,S0|cap=0.2|band=0.01
2018-01-15,0.75,0,0,0,0.25,S0|cap=0.2|band=0.01
2018-01-16,0.75,0,0,0,0.25,S0|cap=0.2|band=0.01
2018-01-17,0.75,0,0,0,0.25,S0|cap=0.2|band=0.01
2018-01-18,0.75,0,0,0,0.25,S0|cap=0.2|band=0.01
2018-01-19,0.75,0,0,0,0.25,S0|cap=0.2|band=0.01
2018-01-22,0.75,0,0,0,0.25,S0|cap=0.2|band=0.01
2018-01-23,0.75,0,0,0,0.25,S0|cap=0.2|band=0.01
2018-01-24,0.75,0,0,0,0.25,S0|cap=0.2|band=0.01
2018-01-25,0.75,0,0,0,0.25,S0|cap=0.2|band=0.01
2018-01-29,0.75,0,0,0,0.25,S0|cap=0.2|band=0.01
2018-01-30,0.75,0,0,0,0.25,S0|cap=0.2|band=0.01
2018-01-31,0.75,0,0,0,0.25,S0|cap=0.2|band=0.01
2018-02-01,0.75,0,0,0,0.25,S0|cap=0.2|band=0.01
2018-02-02,0.75,0,0,0,0.25,S0|cap=0.2|band=0.01
2018-02-05,0.75,0,0,0,0.25,S0|cap=0.2|band=0.01
2018-02-06,0.75,0,0,0,0.25,S0|cap=0.2|band=0.01
2018-02-07,0.75,0,0,0,0.25,S0|cap=0.2|band=0.01
2018-02-08,0.75,0,0,0,0.25,S0|cap=0.2|band=0.01
2018-02-09,0.75,0,0,0,0.25,S0|cap=0.2|band=0.01
2018-02-12,0.75,0,0,0,0.25,S0|cap=0.2|band=0.01
2018-02-14,0.75,0,0,0,0.25,S0|cap=0.2|band=0.01
2018-02-15,0.75,0,0,0,0.25,S0|cap=0.2|band=0.01
2018-02-16,0.75,0,0,0,0.25,S0|cap=0.2|band=0.01
2018-02-19,0.75,0,0,0,0.25,S0|cap=0.2|band=0.01
2018-02-20,0.75,0,0,0,0.25,S0|cap=0.2|band=0.01
2018-02-21,0.75,0,0,0,0.25,S0|cap=0.2|band=0.01
2018-02-22,0.75,0,0,0,0.25,S0|cap=0.2|band=0.01
2018-02-23,0.75,0,0,0,0.25,S0|cap=0.2|band=0.01
2018-02-26,0.75,0,0,0,0.25,S0|cap=0.2|band=0.01
2018-02-27,0.75,0,0,0,0.25,S0|cap=0.2|band=0.01
2018-02-28,0.75,0,0,0,0.25,S0|cap=0.2|band=0.01
2018-03-01,0.75,0,0,0,0.25,S0|cap=0.2|band=0.01
2018-03-05,0.75,0,0,0,0.25,S0|cap=0.2|band=0.01
2018-03-06,0.75,0,0,0,0.25,S0|cap=0.2|band=0.01
2018-03-07,0.75,0,0,0,0.25,S0|cap=0.2|band=0.01
2018-03-08,0.75,0,0,0,0.25,S0|cap=0.2|band=0.01
2018-03-09,0.75,0,0,0,0.25,S0|cap=0.2|band=0.01
2018-03-12,0.75,0,0,0,0.25,S0|cap=0.2|band=0.01
2018-03-13,0.75,0,0,0,0.25,S0|cap=0.2|band=0.01
2018-03-14,0.75,0,0,0,0.25,S0|cap=0.2|band=0.01
2018-03-15,0.75,0,0,0,0.25,S0|cap=0.2|band=0.01
2018-03-16,0.75,0,0,0,0.25,S0|cap=0.2|band=0.01
2018-03-19,0.75,0,0,0,0.25,S0|cap=0.2|band=0.01
2018-03-20,0.75,0,0,0,0.25,S0|cap=0.2|band=0.01
2018-03-21,0.75,0,0,0,0.25,S0|cap=0.2|band=0.01
2018-03-22,0.75,0,0,0,0.25,S0|cap=0.2|band=0.01
2018-03-23,0.75,0,0,0,0.25,S0|cap=0.2|band=0.01
2018-03-26,0.75,0,0,0,0.25,S0|cap=0.2|band=0.01
2018-03-27,0.75,0,0,0,0.25,S0|cap=0.2|band=0.01
2018-03-28,0.75,0,0,0,0.25,S0|cap=0.2|band=0.01
2018-04-02,0.75,0,0,0,0.25,S0|cap=0.2|band=0.01
2018-04-03,0.75,0,0,0,0.25,S0|cap=0.2|band=0.01
2018-04-04,0.75,0,0,0,0.25,S0|cap=0.2|band=0.01
2018-04-05,0.75,0,0,0,0.25,S0|cap=0.2|band=0.01
2018-04-06,0.75,0,0,0,0.25,S0|cap=0.2|band=0.01
2018-04-09,0.75,0,0,0,0.25,S0|cap=0.2|band=0.01
2018-04-10,0.75,0,0,0,0.25,S0|cap=0.2|band=0.01
2018-04-11,0.75,0,0,0,0.25,S0|cap=0.2|band=0.01
2018-04-12,0.75,0,0,0,0.25,S0|cap=0.2|band=0.01
2018-04-13,0.75,0,0,0,0.25,S0|cap=0.2|band=0.01
2018-04-16,0.75,0,0,0,0.25,S0|cap=0.2|band=0.01
2018-04-17,0.75,0,0,0,0.25,S0|cap=0.2|band=0.01
2018-04-18,0.75,0,0,0,0.25,S0|cap=0.2|band=0.01
2018-04-19,0.75,0,0,0,0.25,S0|cap=0.2|band=0.01
2018-04-20,0.75,0,0,0,0.25,S0|cap=0.2|band=0.01
2018-04-23,0.75,0,0,0,0.25,S0|cap=0.2|band=0.01
2018-04-24,0.75,0,0,0,0.25,S0|cap=0.2|band=0.01
2018-04-25,0.75,0,0,0,0.25,S0|cap=0.2|band=0.01
2018-04-26,0.75,0,0,0,0.25,S0|cap=0.2|band=0.01
2018-04-27,0.75,0,0,0,0.25,S0|cap=0.2|band=0.01
2018-04-30,0.75,0,0,0,0.25,S0|cap=0.2|band=0.01
2018-05-02,0.75,0,0,0,0.25,S0|cap=0.2|band=0.01
2018-05-03,0.75,0,0,0,0.25,S0|cap=0.2|band=0.01
2018-05-04,0.75,0,0,0,0.25,S0|cap=0.2|band=0.01
2018-05-07,0.75,0,0,0,0.25,S0|cap=0.2|band=0.01
2018-05-08,0.75,0,0,0,0.25,S0|cap=0.2|band=0.01
2018-05-09,0.75,0,0,0,0.25,S0|cap=0.2|band=0.01
2018-05-10,0.75,0,0,0,0.25,S0|cap=0.2|band=0.01
2018-05-11,0.75,0,0,0,0.25,S0|cap=0.2|band=0.01
2018-05-14,0.75,0,0,0,0.25,S0|cap=0.2|band=0.01
2018-05-15,0.75,0,0,0,0.25,S0|cap=0.2|band=0.01
2018-05-16,0.75,0,0,0,0.25,S0|cap=0.2|band=0.01
2018-05-17,0.75,0,0,0,0.25,S0|cap=0.2|band=0.01
2018-05-18,0.75,0,0,0,0.25,S0|cap=0.2|band=0.01
2018-05-21,0.75,0,0,0,0.25,S0|cap=0.2|band=0.01
2018-05-22,0.75,0,0,0,0.25,S0|cap=0.2|band=0.01
2018-05-23,0.75,0,0,0,0.25,S0|cap=0.2|band=0.01
2018-05-24,0.75,0,0,0,0.25,S0|cap=0.2|band=0.01
2018-05-25,0.75,0,0,0,0.25,S0|cap=0.2|band=0.01
2018-05-28,0.75,0,0,0,0.25,S0|cap=0.2|band=0.01
2018-05-29,0.75,0,0,0,0.25,S0|cap=0.2|band=0.01
2018-05-30,0.75,0,0,0,0.25,S0|cap=0.2|band=0.01
2018-05-31,0.75,0,0,0,0.25,S0|cap=0.2|band=0.01
2018-06-01,0.75,0,0,0,0.25,S0|cap=0.2|band=0.01
2018-06-04,0.75,0,0,0,0.25,S0|cap=0.2|band=0.01
2018-06-05,0.75,0,0,0,0.25,S0|cap=0.2|band=0.01
2018-06-06,0.75,0,0,0,0.25,S0|cap=0.2|band=0.01
2018-06-07,0.75,0,0,0,0.25,S0|cap=0.2|band=0.01
2018-06-08,0.75,0,0,0,0.25,S0|cap=0.2|band=0.01
2018-06-11,0.75,0,0,0,0.25,S0|cap=0.2|band=0.01
2018-06-12,0.75,0,0,0,0.25,S0|cap=0.2|band=0.01
2018-06-13,0.75,0,0,0,0.25,S0|cap=0.2|band=0.01
2018-06-14,0.75,0,0,0,0.25,S0|cap=0.2|band=0.01
2018-06-15,0.75,0,0,0,0.25,S0|cap=0.2|band=0.01
2018-06-18,0.75,0,0,0,0.25,S0|cap=0.2|band=0.01
2018-06-19,0.75,0,0,0,0.25,S0|cap=0.2|band=0.01
2018-06-20,0.75,0,0,0,0.25,S0|cap=0.2|band=0.01
2018-06-21,0.75,0,0,0,0.25,S0|cap=0.2|band=0.01
2018-06-22,0.75,0,0,0,0.25,S0|cap=0.2|band=0.01
2018-06-25,0.75,0,0,0,0.25,S0|cap=0.2|band=0.01
2018-06-26,0.75,0,0,0,0.25,S0|cap=0.2|band=0.01
2018-06-27,0.75,0,0,0,0.25,S0|cap=0.2|band=0.01
2018-06-28,0.75,0,0,0,0.25,S0|cap=0.2|band=0.01
2018-06-29,0.75,0,0,0,0.25,S0|cap=0.2|band=0.01
2018-07-02,0.75,0,0,0,0.25,S0|cap=0.2|band=0.01
2018-07-03,0.75,0,0,0,0.25,S0|cap=0.2|band=0.01
2018-07-04,0.75,0,0,0,0.25,S0|cap=0.2|band=0.01
2018-07-05,0.75,0,0,0,0.25,S0|cap=0.2|band=0.01
2018-07-06,0.75,0,0,0,0.25,S0|cap=0.2|band=0.01
2018-07-09,0.75,0,0,0,0.25,S0|cap=0.2|band=0.01
2018-07-10,0.75,0,0,0,0.25,S0|cap=0.2|band=0.01
2018-07-11,0.75,0,0,0,0.25,S0|cap=0.2|band=0.01
2018-07-12,0.75,0,0,0,0.25,S0|cap=0.2|band=0.01
2018-07-13,0.75,0,0,0,0.25,S0|cap=0.2|band=0.01
2018-07-16,0.75,0,0,0,0.25,S0|cap=0.2|band=0.01
2018-07-17,0.75,0,0,0,0.25,S0|cap=0.2|band=0.01
2018-07-18,0.75,0,0,0,0.25,S0|cap=0.2|band=0.01
2018-07-19,0.75,0,0,0,0.25,S0|cap=0.2|band=0.01
2018-07-20,0.75,0,0,0,0.25,S0|cap=0.2|band=0.01
2018-07-23,0.75,0,0,0,0.25,S0|cap=0.2|band=0.01
2018-07-24,0.75,0,0,0,0.25,S0|cap=0.2|band=0.01
2018-07-25,0.75,0,0,0,0.25,S0|cap=0.2|band=0.01
2018-07-26,0.75,0,0,0,0.25,S0|cap=0.2|band=0.01
2018-07-27,0.75,0,0,0,0.25,S0|cap=0.2|band=0.01
2018-07-30,0.75,0,0,0,0.25,S0|cap=0.2|band=0.01
2018-07-31,0.75,0,0,0,0.25,S0|cap=0.2|band=0.01
2018-08-01,0.75,0,0,0,0.25,S0|cap=0.2|band=0.01
2018-08-02,0.75,0,0,0,0.25,S0|cap=0.2|band=0.01
2018-08-03,0.75,0,0,0,0.25,S0|cap=0.2|band=0.01
2018-08-06,0.75,0,0,0,0.25,S0|cap=0.2|band=0.01
2018-08-07,0.75,0,0,0,0.25,S0|cap=0.2|band=0.01
2018-08-08,0.75,0,0,0,0.25,S0|cap=0.2|band=0.01
2018-08-09,0.75,0,0,0,0.25,S0|cap=0.2|band=0.01
2018-08-10,0.75,0,0,0,0.25,S0|cap=0.2|band=0.01
2018-08-13,0.75,0,0,0,0.25,S0|cap=0.2|band=0.01
2018-08-14,0.75,0,0,0,0.25,S0|cap=0.2|band=0.01
2018-08-16,0.75,0,0,0,0.25,S0|cap=0.2|band=0.01
2018-08-17,0.75,0,0,0,0.25,S0|cap=0.2|band=0.01
2018-08-20,0.75,0,0,0,0.25,S0|cap=0.2|band=0.01
2018-08-21,0.75,0,0,0,0.25,S0|cap=0.2|band=0.01
2018-08-23,0.75,0,0,0,0.25,S0|cap=0.2|band=0.01
2018-08-24,0.75,0,0,0,0.25,S0|cap=0.2|band=0.01
2018-08-27,0.75,0,0,0,0.25,S0|cap=0.2|band=0.01
2018-08-28,0.75,0,0,0,0.25,S0|cap=0.2|band=0.01
2018-08-29,0.75,0,0,0,0.25,S0|cap=0.2|band=0.01
2018-08-30,0.75,0,0,0,0.25,S0|cap=0.2|band=0.01
2018-08-31,0.75,0,0,0,0.25,S0|cap=0.2|band=0.01
2018-09-03,0.75,0,0,0,0.25,S0|cap=0.2|band=0.01
2018-09-04,0.75,0,0,0,0.25,S0|cap=0.2|band=0.01
2018-09-05,0.75,0,0,0,0.25,S0|cap=0.2|band=0.01
2018-09-06,0.75,0,0,0,0.25,S0|cap=0.2|band=0.01
2018-09-07,0.75,0,0,0,0.25,S0|cap=0.2|band=0.01
2018-09-10,0.75,0,0,0,0.25,S0|cap=0.2|band=0.01
2018-09-11,0.75,0,0,0,0.25,S0|cap=0.2|band=0.01
2018-09-12,0.75,0,0,0,0.25,S0|cap=0.2|band=0.01
2018-09-14,0.75,0,0,0,0.25,S0|cap=0.2|band=0.01
2018-09-17,0.75,0,0,0,0.25,S0|cap=0.2|band=0.01
2018-09-18,0.75,0,0,0,0.25,S0|cap=0.2|band=0.01
2018-09-19,0.75,0,0,0,0.25,S0|cap=0.2|band=0.01
2018-09-21,0.75,0,0,0,0.25,S0|cap=0.2|band=0.01
2018-09-24,0.75,0,0,0,0.25,S0|cap=0.2|band=0.01
2018-09-25,0.75,0,0,0,0.25,S0|cap=0.2|band=0.01
2018-09-26,0.75,0,0,0,0.25,S0|cap=0.2|band=0.01
2018-09-27,0.75,0,0,0,0.25,S0|cap=0.2|band=0.01
2018-09-28,0.75,0,0,0,0.25,S0|cap=0.2|band=0.01
2018-10-01,0.75,0,0,0,0.25,S0|cap=0.2|band=0.01
2018-10-03,0.75,0,0,0,0.25,S0|cap=0.2|band=0.01
2018-10-04,0.75,0,0,0,0.25,S0|cap=0.2|band=0.01
2018-10-05,0.75,0,0,0,0.25,S0|cap=0.2|band=0.01
2018-10-08,0.75,0,0,0,0.25,S0|cap=0.2|band=0.01
2018-10-09,0.75,0,0,0,0.25,S0|cap=0.2|band=0.01
2018-10-10,0.75,0,0,0,0.25,S0|cap=0.2|band=0.01
2018-10-11,0.75,0,0,0,0.25,S0|cap=0.2|band=0.01
2018-10-12,0.75,0,0,0,0.25,S0|cap=0.2|band=0.01
2018-10-15,0.75,0,0,0,0.25,S0|cap=0.2|band=0.01
2018-10-16,0.75,0,0,0,0.25,S0|cap=0.2|band=0.01
2018-10-17,0.75,0,0,0,0.25,S0|cap=0.2|band=0.01
2018-10-19,0.75,0,0,0,0.25,S0|cap=0.2|band=0.01
2018-10-22,0.75,0,0,0,0.25,S0|cap=0.2|band=0.01
2018-10-23,0.75,0,0,0,0.25,S0|cap=0.2|band=0.01
2018-10-24,0.75,0,0,0,0.25,S0|cap=0.2|band=0.01
2018-10-25,0.75,0,0,0,0.25,S0|cap=0.2|band=0.01
2018-10-26,0.75,0,0,0,0.25,S0|cap=0.2|band=0.01
2018-10-29,0.75,0,0,0,0.25,S0|cap=0.2|band=0.01
2018-10-30,0.75,0,0,0,0.25,S0|cap=0.2|band=0.01
2018-10-31,0.75,0,0,0,0.25,S0|cap=0.2|band=0.01
2018-11-01,0.75,0,0,0,0.25,S0|cap=0.2|band=0.01
2018-11-02,0.75,0,0,0,0.25,S0|cap=0.2|band=0.01
2018-11-05,0.75,0,0,0,0.25,S0|cap=0.2|band=0.01
2018-11-06,0.75,0,0,0,0.25,S0|cap=0.2|band=0.01
2018-11-07,0.75,0,0,0,0.25,S0|cap=0.2|band=0.01
2018-11-09,0.75,0,0,0,0.25,S0|cap=0.2|band=0.01
2018-11-12,0.75,0,0,0,0.25,S0|cap=0.2|band=0.01
2018-11-13,0.75,0,0,0,0.25,S0|cap=0.2|band=0.01
2018-11-14,0.75,0,0,0,0.25,S0|cap=0.2|band=0.01
2018-11-15,0.75,0,0,0,0.25,S0|cap=0.2|band=0.01
2018-11-16,0.75,0,0,0,0.25,S0|cap=0.2|band=0.01
2018-11-19,0.75,0,0,0,0.25,S0|cap=0.2|band=0.01
2018-11-20,0.75,0,0,0,0.25,S0|cap=0.2|band=0.01
2018-11-21,0.75,0,0,0,0.25,S0|cap=0.2|band=0.01
2018-11-22,0.75,0,0,0,0.25,S0|cap=0.2|band=0.01
2018-11-26,0.75,0,0,0,0.25,S0|cap=0.2|band=0.01
2018-11-27,0.75,0,0,0,0.25,S0|cap=0.2|band=0.01
2018-11-28,0.75,0,0,0,0.25,S0|cap=0.2|band=0.01
2018-11-29,0.75,0,0,0,0.25,S0|cap=0.2|band=0.01
2018-11-30,0.75,0,0,0,0.25,S0|cap=0.2|band=0.01
2018-12-03,0.75,0,0,0,0.25,S0|cap=0.2|band=0.01
2018-12-04,0.75,0,0,0,0.25,S0|cap=0.2|band=0.01
2018-12-05,0.75,0,0,0,0.25,S0|cap=0.2|band=0.01
2018-12-06,0.75,0,0,0,0.25,S0|cap=0.2|band=0.01
2018-12-07,0.75,0,0,0,0.25,S0|cap=0.2|band=0.01
2018-12-10,0.75,0,0,0,0.25,S0|cap=0.2|band=0.01
2018-12-11,0.75,0,0,0,0.25,S0|cap=0.2|band=0.01
2018-12-12,0.75,0,0,0,0.25,S0|cap=0.2|band=0.01
2018-12-13,0.75,0,0,0,0.25,S0|cap=0.2|band=0.01
2018-12-14,0.75,0,0,0,0.25,S0|cap=0.2|band=0.01
2018-12-17,0.75,0,0,0,0.25,S0|cap=0.2|band=0.01
2018-12-18,0.75,0,0,0,0.25,S0|cap=0.2|band=0.01
2018-12-19,0.75,0,0,0,0.25,S0|cap=0.2|band=0.01
2018-12-20,0.75,0,0,0,0.25,S0|cap=0.2|band=0.01
2018-12-21,0.75,0,0,0,0.25,S0|cap=0.2|band=0.01
2018-12-24,0.75,0,0,0,0.25,S0|cap=0.2|band=0.01
2018-12-26,0.75,0,0,0,0.25,S0|cap=0.2|band=0.01
2018-12-27,0.75,0,0,0,0.25,S0|cap=0.2|band=0.01
2018-12-28,0.75,0,0,0,0.25,S0|cap=0.2|band=0.01
2018-12-31,0.75,0,0,0,0.25,S0|cap=0.2|band=0.01
2019-01-01,0.75,0,0,0,0.25,S0|cap=0.2|band=0.01
2019-01-02,0.75,0,0,0,0.25,S0|cap=0.2|band=0.01
2019-01-03,0.75,0,0,0,0.25,S0|cap=0.2|band=0.01
2019-01-04,0.75,0,0,0,0.25,S0|cap=0.2|band=0.01
2019-01-07,0.75,0,0,0,0.25,S0|cap=0.2|band=0.01
2019-01-08,0.75,0,0,0,0.25,S0|cap=0.2|band=0.01
2019-01-09,0.75,0,0,0,0.25,S0|cap=0.2|band=0.01
2019-01-10,0.75,0,0,0,0.25,S0|cap=0.2|band=0.01
2019-01-11,0.75,0,0,0,0.25,S0|cap=0.2|band=0.01
2019-01-14,0.75,0,0,0,0.25,S0|cap=0.2|band=0.01
2019-01-15,0.75,0,0,0,0.25,S0|cap=0.2|band=0.01
2019-01-16,0.75,0,0,0,0.25,S0|cap=0.2|band=0.01
2019-01-17,0.75,0,0,0,0.25,S0|cap=0.2|band=0.01
2019-01-18,0.75,0,0,0,0.25,S0|cap=0.2|band=0.01
2019-01-21,0.75,0,0,0,0.25,S0|cap=0.2|band=0.01
2019-01-22,0.75,0,0,0,0.25,S0|cap=0.2|band=0.01
2019-01-23,0.75,0,0,0,0.25,S0|cap=0.2|band=0.01
2019-01-24,0.75,0,0,0,0.25,S0|cap=0.2|band=0.01
2019-01-25,0.75,0,0,0,0.25,S0|cap=0.2|band=0.01
2019-01-28,0.75,0,0,0,0.25,S0|cap=0.2|band=0.01
2019-01-29,0.75,0,0,0,0.25,S0|cap=0.2|band=0.01
2019-01-30,0.75,0,0,0,0.25,S0|cap=0.2|band=0.01
2019-01-31,0.75,0,0,0,0.25,S0|cap=0.2|band=0.01
2019-02-01,0.75,0,0,0,0.25,S0|cap=0.2|band=0.01
2019-02-04,0.75,0,0,0,0.25,S0|cap=0.2|band=0.01
2019-02-05,0.75,0,0,0,0.25,S0|cap=0.2|band=0.01
2019-02-06,0.75,0,0,0,0.25,S0|cap=0.2|band=0.01
2019-02-07,0.75,0,0,0,0.25,S0|cap=0.2|band=0.01
2019-02-08,0.75,0,0,0,0.25,S0|cap=0.2|band=0.01
2019-02-11,0.75,0,0,0,0.25,S0|cap=0.2|band=0.01
2019-02-12,0.75,0,0,0,0.25,S0|cap=0.2|band=0.01
2019-02-13,0.75,0,0,0,0.25,S0|cap=0.2|band=0.01
2019-02-14,0.75,0,0,0,0.25,S0|cap=0.2|band=0.01
2019-02-15,0.75,0,0,0,0.25,S0|cap=0.2|band=0.01
2019-02-18,0.75,0,0,0,0.25,S0|cap=0.2|band=0.01
2019-02-19,0.75,0,0,0,0.25,S0|cap=0.2|band=0.01
2019-02-20,0.75,0,0,0,0.25,S0|cap=0.2|band=0.01
2019-02-21,0.75,0,0,0,0.25,S0|cap=0.2|band=0.01
2019-02-22,0.75,0,0,0,0.25,S0|cap=0.2|band=0.01
2019-02-25,0.75,0,0,0,0.25,S0|cap=0.2|band=0.01
2019-02-26,0.75,0,0,0,0.25,S0|cap=0.2|band=0.01
2019-02-27,0.75,0,0,0,0.25,S0|cap=0.2|band=0.01
2019-02-28,0.75,0,0,0,0.25,S0|cap=0.2|band=0.01
2019-03-01,0.75,0,0,0,0.25,S0|cap=0.2|band=0.01
2019-03-05,0.75,0,0,0,0.25,S0|cap=0.2|band=0.01
2019-03-06,0.75,0,0,0,0.25,S0|cap=0.2|band=0.01
2019-03-07,0.75,0,0,0,0.25,S0|cap=0.2|band=0.01
2019-03-08,0.75,0,0,0,0.25,S0|cap=0.2|band=0.01
2019-03-11,0.75,0,0,0,0.25,S0|cap=0.2|band=0.01
2019-03-12,0.75,0,0,0,0.25,S0|cap=0.2|band=0.01
2019-03-13,0.75,0,0,0,0.25,S0|cap=0.2|band=0.01
2019-03-14,0.75,0,0,0,0.25,S0|cap=0.2|band=0.01
2019-03-15,0.75,0,0,0,0.25,S0|cap=0.2|band=0.01
2019-03-18,0.75,0,0,0,0.25,S0|cap=0.2|band=0.01
2019-03-19,0.75,0,0,0,0.25,S0|cap=0.2|band=0.01
2019-03-20,0.75,0,0,0,0.25,S0|cap=0.2|band=0.01
2019-03-22,0.75,0,0,0,0.25,S0|cap=0.2|band=0.01
2019-03-25,0.75,0,0,0,0.25,S0|cap=0.2|band=0.01
2019-03-26,0.75,0,0,0,0.25,S0|cap=0.2|band=0.01
2019-03-27,0.75,0,0,0,0.25,S0|cap=0.2|band=0.01
2019-03-28,0.75,0,0,0,0.25,S0|cap=0.2|band=0.01
2019-03-29,0.75,0,0,0,0.25,S0|cap=0.2|band=0.01
2019-04-01,0.75,0,0,0,0.25,S0|cap=0.2|band=0.01
2019-04-02,0.75,0,0,0,0.25,S0|cap=0.2|band=0.01
2019-04-03,0.75,0,0,0,0.25,S0|cap=0.2|band=0.01
2019-04-04,0.75,0,0,0,0.25,S0|cap=0.2|band=0.01
2019-04-05,0.75,0,0,0,0.25,S0|cap=0.2|band=0.01
2019-04-08,0.75,0,0,0,0.25,S0|cap=0.2|band=0.01
2019-04-09,0.75,0,0,0,0.25,S0|cap=0.2|band=0.01
2019-04-10,0.75,0,0,0,0.25,S0|cap=0.2|band=0.01
2019-04-11,0.75,0,0,0,0.25,S0|cap=0.2|band=0.01
2019-04-12,0.75,0,0,0,0.25,S0|cap=0.2|band=0.01
2019-04-15,0.75,0,0,0,0.25,S0|cap=0.2|band=0.01
2019-04-16,0.75,0,0,0,0.25,S0|cap=0.2|band=0.01
2019-04-18,0.75,0,0,0,0.25,S0|cap=0.2|band=0.01
2019-04-22,0.75,0,0,0,0.25,S0|cap=0.2|band=0.01
2019-04-23,0.75,0,0,0,0.25,S0|cap=0.2|band=0.01
2019-04-24,0.75,0,0,0,0.25,S0|cap=0.2|band=0.01
2019-04-25,0.75,0,0,0,0.25,S0|cap=0.2|band=0.01
2019-04-26,0.75,0,0,0,0.25,S0|cap=0.2|band=0.01
2019-04-30,0.75,0,0,0,0.25,S0|cap=0.2|band=0.01
2019-05-02,0.75,0,0,0,0.25,S0|cap=0.2|band=0.01
2019-05-03,0.75,0,0,0,0.25,S0|cap=0.2|band=0.01
2019-05-06,0.75,0,0,0,0.25,S0|cap=0.2|band=0.01
2019-05-07,0.75,0,0,0,0.25,S0|cap=0.2|band=0.01
2019-05-08,0.75,0,0,0,0.25,S0|cap=0.2|band=0.01
2019-05-09,0.75,0,0,0,0.25,S0|cap=0.2|band=0.01
2019-05-10,0.75,0,0,0,0.25,S0|cap=0.2|band=0.01
2019-05-13,0.75,0,0,0,0.25,S0|cap=0.2|band=0.01
2019-05-14,0.75,0,0,0,0.25,S0|cap=0.2|band=0.01
2019-05-15,0.75,0,0,0,0.25,S0|cap=0.2|band=0.01
2019-05-16,0.75,0,0,0,0.25,S0|cap=0.2|band=0.01
2019-05-17,0.75,0,0,0,0.25,S0|cap=0.2|band=0.01
2019-05-20,0.75,0,0,0,0.25,S0|cap=0.2|band=0.01
2019-05-21,0.75,0,0,0,0.25,S0|cap=0.2|band=0.01
2019-05-22,0.75,0,0,0,0.25,S0|cap=0.2|band=0.01
2019-05-23,0.75,0,0,0,0.25,S0|cap=0.2|band=0.01
2019-05-24,0.75,0,0,0,0.25,S0|cap=0.2|band=0.01
2019-05-27,0.75,0,0,0,0.25,S0|cap=0.2|band=0.01
2019-05-28,0.75,0,0,0,0.25,S0|cap=0.2|band=0.01
2019-05-29,0.75,0,0,0,0.25,S0|cap=0.2|band=0.01
2019-05-30,0.75,0,0,0,0.25,S0|cap=0.2|band=0.01
2019-05-31,0.75,0,0,0,0.25,S0|cap=0.2|band=0.01
2019-06-03,0.75,0,0,0,0.25,S0|cap=0.2|band=0.01
2019-06-04,0.75,0,0,0,0.25,S0|cap=0.2|band=0.01
2019-06-06,0.75,0,0,0,0.25,S0|cap=0.2|band=0.01
2019-06-07,0.75,0,0,0,0.25,S0|cap=0.2|band=0.01
2019-06-10,0.75,0,0,0,0.25,S0|cap=0.2|band=0.01
2019-06-11,0.75,0,0,0,0.25,S0|cap=0.2|band=0.01
2019-06-12,0.75,0,0,0,0.25,S0|cap=0.2|band=0.01
2019-06-13,0.75,0,0,0,0.25,S0|cap=0.2|band=0.01
2019-06-14,0.75,0,0,0,0.25,S0|cap=0.2|band=0.01
2019-06-17,0.75,0,0,0,0.25,S0|cap=0.2|band=0.01
2019-06-18,0.75,0,0,0,0.25,S0|cap=0.2|band=0.01
2019-06-19,0.75,0,0,0,0.25,S0|cap=0.2|band=0.01
2019-06-20,0.75,0,0,0,0.25,S0|cap=0.2|band=0.01
2019-06-21,0.75,0,0,0,0.25,S0|cap=0.2|band=0.01
2019-06-24,0.75,0,0,0,0.25,S0|cap=0.2|band=0.01
2019-06-25,0.75,0,0,0,0.25,S0|cap=0.2|band=0.01
2019-06-26,0.75,0,0,0,0.25,S0|cap=0.2|band=0.01
2019-06-27,0.75,0,0,0,0.25,S0|cap=0.2|band=0.01
2019-06-28,0.75,0,0,0,0.25,S0|cap=0.2|band=0.01
2019-07-01,0.75,0,0,0,0.25,S0|cap=0.2|band=0.01
2019-07-02,0.75,0,0,0,0.25,S0|cap=0.2|band=0.01
2019-07-03,0.75,0,0,0,0.25,S0|cap=0.2|band=0.01
2019-07-04,0.75,0,0,0,0.25,S0|cap=0.2|band=0.01
2019-07-05,0.75,0,0,0,0.25,S0|cap=0.2|band=0.01
2019-07-08,0.75,0,0,0,0.25,S0|cap=0.2|band=0.01
2019-07-09,0.75,0,0,0,0.25,S0|cap=0.2|band=0.01
2019-07-10,0.75,0,0,0,0.25,S0|cap=0.2|band=0.01
2019-07-11,0.75,0,0,0,0.25,S0|cap=0.2|band=0.01
2019-07-12,0.75,0,0,0,0.25,S0|cap=0.2|band=0.01
2019-07-15,0.75,0,0,0,0.25,S0|cap=0.2|band=0.01
2019-07-16,0.75,0,0,0,0.25,S0|cap=0.2|band=0.01
2019-07-17,0.75,0,0,0,0.25,S0|cap=0.2|band=0.01
2019-07-18,0.75,0,0,0,0.25,S0|cap=0.2|band=0.01
2019-07-19,0.75,0,0,0,0.25,S0|cap=0.2|band=0.01
2019-07-22,0.75,0,0,0,0.25,S0|cap=0.2|band=0.01
2019-07-23,0.75,0,0,0,0.25,S0|cap=0.2|band=0.01
2019-07-24,0.75,0,0,0,0.25,S0|cap=0.2|band=0.01
2019-07-25,0.75,0,0,0,0.25,S0|cap=0.2|band=0.01
2019-07-26,0.75,0,0,0,0.25,S0|cap=0.2|band=0.01
2019-07-29,0.75,0,0,0,0.25,S0|cap=0.2|band=0.01
2019-07-30,0.75,0,0,0,0.25,S0|cap=0.2|band=0.01
2019-07-31,0.75,0,0,0,0.25,S0|cap=0.2|band=0.01
2019-08-01,0.75,0,0,0,0.25,S0|cap=0.2|band=0.01
2019-08-02,0.75,0,0,0,0.25,S0|cap=0.2|band=0.01
2019-08-05,0.75,0,0,0,0.25,S0|cap=0.2|band=0.01
2019-08-06,0.75,0,0,0,0.25,S0|cap=0.2|band=0.01
2019-08-07,0.75,0,0,0,0.25,S0|cap=0.2|band=0.01
2019-08-08,0.75,0,0,0,0.25,S0|cap=0.2|band=0.01
2019-08-09,0.75,0,0,0,0.25,S0|cap=0.2|band=0.01
2019-08-13,0.75,0,0,0,0.25,S0|cap=0.2|band=0.01
2019-08-14,0.75,0,0,0,0.25,S0|cap=0.2|band=0.01
2019-08-16,0.75,0,0,0,0.25,S0|cap=0.2|band=0.01
2019-08-19,0.75,0,0,0,0.25,S0|cap=0.2|band=0.01
2019-08-20,0.75,0,0,0,0.25,S0|cap=0.2|band=0.01
2019-08-21,0.75,0,0,0,0.25,S0|cap=0.2|band=0.01
2019-08-22,0.75,0,0,0,0.25,S0|cap=0.2|band=0.01
2019-08-23,0.75,0,0,0,0.25,S0|cap=0.2|band=0.01
2019-08-26,0.75,0,0,0,0.25,S0|cap=0.2|band=0.01
2019-08-27,0.75,0,0,0,0.25,S0|cap=0.2|band=0.01
2019-08-28,0.75,0,0,0,0.25,S0|cap=0.2|band=0.01
2019-08-29,0.75,0,0,0,0.25,S0|cap=0.2|band=0.01
2019-08-30,0.75,0,0,0,0.25,S0|cap=0.2|band=0.01
2019-09-03,0.75,0,0,0,0.25,S0|cap=0.2|band=0.01
2019-09-04,0.75,0,0,0,0.25,S0|cap=0.2|band=0.01
2019-09-05,0.75,0,0,0,0.25,S0|cap=0.2|band=0.01
2019-09-06,0.75,0,0,0,0.25,S0|cap=0.2|band=0.01
2019-09-09,0.75,0,0,0,0.25,S0|cap=0.2|band=0.01
2019-09-11,0.75,0,0,0,0.25,S0|cap=0.2|band=0.01
2019-09-12,0.75,0,0,0,0.25,S0|cap=0.2|band=0.01
2019-09-13,0.75,0,0,0,0.25,S0|cap=0.2|band=0.01
2019-09-16,0.75,0,0,0,0.25,S0|cap=0.2|band=0.01
2019-09-17,0.75,0,0,0,0.25,S0|cap=0.2|band=0.01
2019-09-18,0.75,0,0,0,0.25,S0|cap=0.2|band=0.01
2019-09-19,0.75,0,0,0,0.25,S0|cap=0.2|band=0.01
2019-09-20,0.75,0,0,0,0.25,S0|cap=0.2|band=0.01
2019-09-23,0.75,0,0,0,0.25,S0|cap=0.2|band=0.01
2019-09-24,0.75,0,0,0,0.25,S0|cap=0.2|band=0.01
2019-09-25,0.75,0,0,0,0.25,S0|cap=0.2|band=0.01
2019-09-26,0.75,0,0,0,0.25,S0|cap=0.2|band=0.01
2019-09-27,0.75,0,0,0,0.25,S0|cap=0.2|band=0.01
2019-09-30,0.75,0,0,0,0.25,S0|cap=0.2|band=0.01
2019-10-01,0.75,0,0,0,0.25,S0|cap=0.2|band=0.01
2019-10-03,0.75,0,0,0,0.25,S0|cap=0.2|band=0.01
2019-10-04,0.75,0,0,0,0.25,S0|cap=0.2|band=0.01
2019-10-07,0.75,0,0,0,0.25,S0|cap=0.2|band=0.01
2019-10-09,0.75,0,0,0,0.25,S0|cap=0.2|band=0.01
2019-10-10,0.75,0,0,0,0.25,S0|cap=0.2|band=0.01
2019-10-11,0.75,0,0,0,0.25,S0|cap=0.2|band=0.01
2019-10-14,0.75,0,0,0,0.25,S0|cap=0.2|band=0.01
2019-10-15,0.75,0,0,0,0.25,S0|cap=0.2|band=0.01
2019-10-16,0.75,0,0,0,0.25,S0|cap=0.2|band=0.01
2019-10-17,0.75,0,0,0,0.25,S0|cap=0.2|band=0.01
2019-10-18,0.75,0,0,0,0.25,S0|cap=0.2|band=0.01
2019-10-22,0.75,0,0,0,0.25,S0|cap=0.2|band=0.01
2019-10-23,0.75,0,0,0,0.25,S0|cap=0.2|band=0.01
2019-10-24,0.75,0,0,0,0.25,S0|cap=0.2|band=0.01
2019-10-25,0.75,0,0,0,0.25,S0|cap=0.2|band=0.01
2019-10-27,0.75,0,0,0,0.25,S0|cap=0.2|band=0.01
2019-10-29,0.75,0,0,0,0.25,S0|cap=0.2|band=0.01
2019-10-30,0.75,0,0,0,0.25,S0|cap=0.2|band=0.01
2019-10-31,0.75,0,0,0,0.25,S0|cap=0.2|band=0.01
2019-11-01,0.75,0,0,0,0.25,S0|cap=0.2|band=0.01
2019-11-04,0.75,0,0,0,0.25,S0|cap=0.2|band=0.01
2019-11-05,0.75,0,0,0,0.25,S0|cap=0.2|band=0.01
2019-11-06,0.75,0,0,0,0.25,S0|cap=0.2|band=0.01
2019-11-07,0.75,0,0,0,0.25,S0|cap=0.2|band=0.01
2019-11-08,0.75,0,0,0,0.25,S0|cap=0.2|band=0.01
2019-11-11,0.75,0,0,0,0.25,S0|cap=0.2|band=0.01
2019-11-13,0.75,0,0,0,0.25,S0|cap=0.2|band=0.01
2019-11-14,0.75,0,0,0,0.25,S0|cap=0.2|band=0.01
2019-11-15,0.75,0,0,0,0.25,S0|cap=0.2|band=0.01
2019-11-18,0.75,0,0,0,0.25,S0|cap=0.2|band=0.01
2019-11-19,0.75,0,0,0,0.25,S0|cap=0.2|band=0.01
2019-11-20,0.75,0,0,0,0.25,S0|cap=0.2|band=0.01
2019-11-21,0.75,0,0,0,0.25,S0|cap=0.2|band=0.01
2019-11-22,0.75,0,0,0,0.25,S0|cap=0.2|band=0.01
2019-11-25,0.75,0,0,0,0.25,S0|cap=0.2|band=0.01
2019-11-26,0.75,0,0,0,0.25,S0|cap=0.2|band=0.01
2019-11-27,0.75,0,0,0,0.25,S0|cap=0.2|band=0.01
2019-11-28,0.75,0,0,0,0.25,S0|cap=0.2|band=0.01
2019-11-29,0.75,0,0,0,0.25,S0|cap=0.2|band=0.01
2019-12-02,0.75,0,0,0,0.25,S0|cap=0.2|band=0.01
2019-12-03,0.75,0,0,0,0.25,S0|cap=0.2|band=0.01
2019-12-04,0.75,0,0,0,0.25,S0|cap=0.2|band=0.01
2019-12-05,0.75,0,0,0,0.25,S0|cap=0.2|band=0.01
2019-12-06,0.75,0,0,0,0.25,S0|cap=0.2|band=0.01
2019-12-09,0.75,0,0,0,0.25,S0|cap=0.2|band=0.01
2019-12-10,0.75,0,0,0,0.25,S0|cap=0.2|band=0.01
2019-12-11,0.75,0,0,0,0.25,S0|cap=0.2|band=0.01
2019-12-12,0.75,0,0,0,0.25,S0|cap=0.2|band=0.01
2019-12-13,0.75,0,0,0,0.25,S0|cap=0.2|band=0.01
2019-12-16,0.75,0,0,0,0.25,S0|cap=0.2|band=0.01
2019-12-17,0.75,0,0,0,0.25,S0|cap=0.2|band=0.01
2019-12-18,0.75,0,0,0,0.25,S0|cap=0.2|band=0.01
2019-12-19,0.75,0,0,0,0.25,S0|cap=0.2|band=0.01
2019-12-20,0.75,0,0,0,0.25,S0|cap=0.2|band=0.01
2019-12-23,0.75,0,0,0,0.25,S0|cap=0.2|band=0.01
2019-12-24,0.75,0,0,0,0.25,S0|cap=0.2|band=0.01
2019-12-26,0.75,0,0,0,0.25,S0|cap=0.2|band=0.01
2019-12-27,0.75,0,0,0,0.25,S0|cap=0.2|band=0.01
2019-12-30,0.75,0,0,0,0.25,S0|cap=0.2|band=0.01
2019-12-31,0.75,0,0,0,0.25,S0|cap=0.2|band=0.01
2020-01-01,0.75,0,0,0,0.25,S0|cap=0.2|band=0.01
2020-01-02,0.75,0,0,0,0.25,S0|cap=0.2|band=0.01
2020-01-03,0.75,0,0,0,0.25,S0|cap=0.2|band=0.01
2020-01-06,0.75,0,0,0,0.25,S0|cap=0.2|band=0.01
2020-01-07,0.75,0,0,0,0.25,S0|cap=0.2|band=0.01
2020-01-08,0.75,0,0,0,0.25,S0|cap=0.2|band=0.01
2020-01-09,0.75,0,0,0,0.25,S0|cap=0.2|band=0.01
2020-01-10,0.75,0,0,0,0.25,S0|cap=0.2|band=0.01
2020-01-13,0.75,0,0,0,0.25,S0|cap=0.2|band=0.01
2020-01-14,0.75,0,0,0,0.25,S0|cap=0.2|band=0.01
2020-01-15,0.75,0,0,0,0.25,S0|cap=0.2|band=0.01
2020-01-16,0.75,0,0,0,0.25,S0|cap=0.2|band=0.01
2020-01-17,0.75,0,0,0,0.25,S0|cap=0.2|band=0.01
2020-01-20,0.75,0,0,0,0.25,S0|cap=0.2|band=0.01
2020-01-21,0.75,0,0,0,0.25,S0|cap=0.2|band=0.01
2020-01-22,0.75,0,0,0,0.25,S0|cap=0.2|band=0.01
2020-01-23,0.75,0,0,0,0.25,S0|cap=0.2|band=0.01
2020-01-24,0.75,0,0,0,0.25,S0|cap=0.2|band=0.01
2020-01-27,0.75,0,0,0,0.25,S0|cap=0.2|band=0.01
2020-01-28,0.75,0,0,0,0.25,S0|cap=0.2|band=0.01
2020-01-29,0.75,0,0,0,0.25,S0|cap=0.2|band=0.01
2020-01-30,0.75,0,0,0,0.25,S0|cap=0.2|band=0.01
2020-01-31,0.75,0,0,0,0.25,S0|cap=0.2|band=0.01
2020-02-01,0.75,0,0,0,0.25,S0|cap=0.2|band=0.01
2020-02-03,0.75,0,0,0,0.25,S0|cap=0.2|band=0.01
2020-02-04,0.75,0,0,0,0.25,S0|cap=0.2|band=0.01
2020-02-05,0.75,0,0,0,0.25,S0|cap=0.2|band=0.01
2020-02-06,0.75,0,0,0,0.25,S0|cap=0.2|band=0.01
2020-02-07,0.75,0,0,0,0.25,S0|cap=0.2|band=0.01
2020-02-10,0.75,0,0,0,0.25,S0|cap=0.2|band=0.01
2020-02-11,0.75,0,0,0,0.25,S0|cap=0.2|band=0.01
2020-02-12,0.75,0,0,0,0.25,S0|cap=0.2|band=0.01
2020-02-13,0.75,0,0,0,0.25,S0|cap=0.2|band=0.01
2020-02-14,0.75,0,0,0,0.25,S0|cap=0.2|band=0.01
2020-02-17,0.75,0,0,0,0.25,S0|cap=0.2|band=0.01
2020-02-18,0.75,0,0,0,0.25,S0|cap=0.2|band=0.01
2020-02-19,0.75,0,0,0,0.25,S0|cap=0.2|band=0.01
2020-02-20,0.75,0,0,0,0.25,S0|cap=0.2|band=0.01
2020-02-24,0.75,0,0,0,0.25,S0|cap=0.2|band=0.01
2020-02-25,0.75,0,0,0,0.25,S0|cap=0.2|band=0.01
2020-02-26,0.75,0,0,0,0.25,S0|cap=0.2|band=0.01
2020-02-27,0.75,0,0,0,0.25,S0|cap=0.2|band=0.01
2020-02-28,0.75,0,0,0,0.25,S0|cap=0.2|band=0.01
2020-03-02,0.75,0,0,0,0.25,S0|cap=0.2|band=0.01
2020-03-03,0.75,0,0,0,0.25,S0|cap=0.2|band=0.01
2020-03-04,0.75,0,0,0,0.25,S0|cap=0.2|band=0.01
2020-03-05,0.75,0,0,0,0.25,S0|cap=0.2|band=0.01
2020-03-06,0.75,0,0,0,0.25,S0|cap=0.2|band=0.01
2020-03-09,0.75,0,0,0,0.25,S0|cap=0.2|band=0.01
2020-03-11,0.75,0,0,0,0.25,S0|cap=0.2|band=0.01
2020-03-12,0.75,0,0,0,0.25,S0|cap=0.2|band=0.01
2020-03-13,0.75,0,0,0,0.25,S0|cap=0.2|band=0.01
2020-03-16,0.75,0,0,0,0.25,S0|cap=0.2|band=0.01
2020-03-17,0.75,0,0,0,0.25,S0|cap=0.2|band=0.01
2020-03-18,0.7,0,0,0,0.3,S0|cap=0.2|band=0.01
2020-03-19,0.55,0,0,0,0.45,S0|cap=0.2|band=0.01
2020-03-20,0.55,0,0,0,0.45,S0|cap=0.2|band=0.01
2020-03-23,0.5,0,0,0,0.5,S0|cap=0.2|band=0.01
2020-03-24,0.5,0,0,0,0.5,S0|cap=0.2|band=0.01
2020-03-25,0.5,0,0,0,0.5,S0|cap=0.2|band=0.01
2020-03-26,0.5,0,0,0,0.5,S0|cap=0.2|band=0.01
2020-03-27,0.5,0,0,0,0.5,S0|cap=0.2|band=0.01
2020-03-30,0.5,0,0,0,0.5,S0|cap=0.2|band=0.01
2020-03-31,0.5,0,0,0,0.5,S0|cap=0.2|band=0.01
2020-04-01,0.5,0,0,0,0.5,S0|cap=0.2|band=0.01
2020-04-03,0.5,0,0,0,0.5,S0|cap=0.2|band=0.01
2020-04-07,0.5,0,0,0,0.5,S0|cap=0.2|band=0.01
2020-04-08,0.5,0,0,0,0.5,S0|cap=0.2|band=0.01
2020-04-09,0.5,0,0,0,0.5,S0|cap=0.2|band=0.01
2020-04-13,0.5,0,0,0,0.5,S0|cap=0.2|band=0.01
2020-04-15,0.5,0,0,0,0.5,S0|cap=0.2|band=0.01
2020-04-16,0.5,0,0,0,0.5,S0|cap=0.2|band=0.01
2020-04-17,0.5,0,0,0,0.5,S0|cap=0.2|band=0.01
2020-04-20,0.5,0,0,0,0.5,S0|cap=0.2|band=0.01
2020-04-21,0.5,0,0,0,0.5,S0|cap=0.2|band=0.01
2020-04-22,0.5,0,0,0,0.5,S0|cap=0.2|band=0.01
2020-04-23,0.5,0,0,0,0.5,S0|cap=0.2|band=0.01
2020-04-24,0.5,0,0,0,0.5,S0|cap=0.2|band=0.01
2020-04-27,0.5,0,0,0,0.5,S0|cap=0.2|band=0.01
2020-04-28,0.5,0,0,0,0.5,S0|cap=0.2|band=0.01
2020-04-29,0.5,0,0,0,0.5,S0|cap=0.2|band=0.01
2020-04-30,0.5,0,0,0,0.5,S0|cap=0.2|band=0.01
2020-05-04,0.5,0,0,0,0.5,S0|cap=0.2|band=0.01
2020-05-05,0.5,0,0,0,0.5,S0|cap=0.2|band=0.01
2020-05-06,0.5,0,0,0,0.5,S0|cap=0.2|band=0.01
2020-05-07,0.5,0,0,0,0.5,S0|cap=0.2|band=0.01
2020-05-08,0.5,0,0,0,0.5,S0|cap=0.2|band=0.01
2020-05-11,0.5,0,0,0,0.5,S0|cap=0.2|band=0.01
2020-05-12,0.5,0,0,0,0.5,S0|cap=0.2|band=0.01
2020-05-13,0.5,0,0,0,0.5,S0|cap=0.2|band=0.01
2020-05-14,0.5,0,0,0,0.5,S0|cap=0.2|band=0.01
2020-05-15,0.5,0,0,0,0.5,S0|cap=0.2|band=0.01
2020-05-18,0.5,0,0,0,0.5,S0|cap=0.2|band=0.01
2020-05-19,0.5,0,0,0,0.5,S0|cap=0.2|band=0.01
2020-05-20,0.5,0,0,0,0.5,S0|cap=0.2|band=0.01
2020-05-21,0.5,0,0,0,0.5,S0|cap=0.2|band=0.01
2020-05-22,0.5,0,0,0,0.5,S0|cap=0.2|band=0.01
2020-05-26,0.5,0,0,0,0.5,S0|cap=0.2|band=0.01
2020-05-27,0.5,0,0,0,0.5,S0|cap=0.2|band=0.01
2020-05-28,0.5,0,0,0,0.5,S0|cap=0.2|band=0.01
2020-05-29,0.5,0,0,0,0.5,S0|cap=0.2|band=0.01
2020-06-01,0.5,0,0,0,0.5,S0|cap=0.2|band=0.01
2020-06-02,0.5,0,0,0,0.5,S0|cap=0.2|band=0.01
2020-06-03,0.5,0,0,0,0.5,S0|cap=0.2|band=0.01
2020-06-04,0.5,0,0,0,0.5,S0|cap=0.2|band=0.01
2020-06-05,0.5,0,0,0,0.5,S0|cap=0.2|band=0.01
2020-06-08,0.5,0,0,0,0.5,S0|cap=0.2|band=0.01
2020-06-09,0.5,0,0,0,0.5,S0|cap=0.2|band=0.01
2020-06-10,0.5,0,0,0,0.5,S0|cap=0.2|band=0.01
2020-06-11,0.5,0,0,0,0.5,S0|cap=0.2|band=0.01
2020-06-12,0.5,0,0,0,0.5,S0|cap=0.2|band=0.01
2020-06-15,0.5,0,0,0,0.5,S0|cap=0.2|band=0.01
2020-06-16,0.5,0,0,0,0.5,S0|cap=0.2|band=0.01
2020-06-17,0.5,0,0,0,0.5,S0|cap=0.2|band=0.01
2020-06-18,0.5,0,0,0,0.5,S0|cap=0.2|band=0.01
2020-06-19,0.5,0,0,0,0.5,S0|cap=0.2|band=0.01
2020-06-22,0.5,0,0,0,0.5,S0|cap=0.2|band=0.01
2020-06-23,0.5,0,0,0,0.5,S0|cap=0.2|band=0.01
2020-06-24,0.5,0,0,0,0.5,S0|cap=0.2|band=0.01
2020-06-25,0.5,0,0,0,0.5,S0|cap=0.2|band=0.01
2020-06-26,0.5,0,0,0,0.5,S0|cap=0.2|band=0.01
2020-06-29,0.5,0,0,0,0.5,S0|cap=0.2|band=0.01
2020-06-30,0.5,0,0,0,0.5,S0|cap=0.2|band=0.01
2020-07-01,0.5,0,0,0,0.5,S0|cap=0.2|band=0.01
2020-07-02,0.5,0,0,0,0.5,S0|cap=0.2|band=0.01
2020-07-03,0.5,0,0,0,0.5,S0|cap=0.2|band=0.01
2020-07-06,0.5,0,0,0,0.5,S0|cap=0.2|band=0.01
2020-07-07,0.5,0,0,0,0.5,S0|cap=0.2|band=0.01
2020-07-08,0.5,0,0,0,0.5,S0|cap=0.2|band=0.01
2020-07-09,0.5,0,0,0,0.5,S0|cap=0.2|band=0.01
2020-07-10,0.5,0,0,0,0.5,S0|cap=0.2|band=0.01
2020-07-13,0.5,0,0,0,0.5,S0|cap=0.2|band=0.01
2020-07-14,0.5,0,0,0,0.5,S0|cap=0.2|band=0.01
2020-07-15,0.5,0,0,0,0.5,S0|cap=0.2|band=0.01
2020-07-16,0.5,0,0,0,0.5,S0|cap=0.2|band=0.01
2020-07-17,0.5,0,0,0,0.5,S0|cap=0.2|band=0.01
2020-07-20,0.5,0,0,0,0.5,S0|cap=0.2|band=0.01
2020-07-21,0.5,0,0,0,0.5,S0|cap=0.2|band=0.01
2020-07-22,0.5,0,0,0,0.5,S0|cap=0.2|band=0.01
2020-07-23,0.5,0,0,0,0.5,S0|cap=0.2|band=0.01
2020-07-24,0.5,0,0,0,0.5,S0|cap=0.2|band=0.01
2020-07-27,0.5,0,0,0,0.5,S0|cap=0.2|band=0.01
2020-07-28,0.5,0,0,0,0.5,S0|cap=0.2|band=0.01
2020-07-29,0.5,0,0,0,0.5,S0|cap=0.2|band=0.01
2020-07-30,0.5,0,0,0,0.5,S0|cap=0.2|band=0.01
2020-07-31,0.5,0,0,0,0.5,S0|cap=0.2|band=0.01
2020-08-03,0.5,0,0,0,0.5,S0|cap=0.2|band=0.01
2020-08-04,0.5,0,0,0,0.5,S0|cap=0.2|band=0.01
2020-08-05,0.5,0,0,0,0.5,S0|cap=0.2|band=0.01
2020-08-06,0.5,0,0,0,0.5,S0|cap=0.2|band=0.01
2020-08-07,0.5,0,0,0,0.5,S0|cap=0.2|band=0.01
2020-08-10,0.5,0,0,0,0.5,S0|cap=0.2|band=0.01
2020-08-11,0.5,0,0,0,0.5,S0|cap=0.2|band=0.01
2020-08-12,0.5,0,0,0,0.5,S0|cap=0.2|band=0.01
2020-08-13,0.5,0,0,0,0.5,S0|cap=0.2|band=0.01
2020-08-14,0.5,0,0,0,0.5,S0|cap=0.2|band=0.01
2020-08-17,0.5,0,0,0,0.5,S0|cap=0.2|band=0.01
2020-08-18,0.5,0,0,0,0.5,S0|cap=0.2|band=0.01
2020-08-19,0.5,0,0,0,0.5,S0|cap=0.2|band=0.01
2020-08-20,0.5,0,0,0,0.5,S0|cap=0.2|band=0.01
2020-08-21,0.5,0,0,0,0.5,S0|cap=0.2|band=0.01
2020-08-24,0.5,0,0,0,0.5,S0|cap=0.2|band=0.01
2020-08-25,0.5,0,0,0,0.5,S0|cap=0.2|band=0.01
2020-08-26,0.5,0,0,0,0.5,S0|cap=0.2|band=0.01
2020-08-27,0.5,0,0,0,0.5,S0|cap=0.2|band=0.01
2020-08-28,0.5,0,0,0,0.5,S0|cap=0.2|band=0.01
2020-08-31,0.5,0,0,0,0.5,S0|cap=0.2|band=0.01
2020-09-01,0.5,0,0,0,0.5,S0|cap=0.2|band=0.01
2020-09-02,0.5,0,0,0,0.5,S0|cap=0.2|band=0.01
2020-09-03,0.5,0,0,0,0.5,S0|cap=0.2|band=0.01
2020-09-04,0.5,0,0,0,0.5,S0|cap=0.2|band=0.01
2020-09-07,0.5,0,0,0,0.5,S0|cap=0.2|band=0.01
2020-09-08,0.5,0,0,0,0.5,S0|cap=0.2|band=0.01
2020-09-09,0.5,0,0,0,0.5,S0|cap=0.2|band=0.01
2020-09-10,0.5,0,0,0,0.5,S0|cap=0.2|band=0.01
2020-09-11,0.5,0,0,0,0.5,S0|cap=0.2|band=0.01
2020-09-14,0.5,0,0,0,0.5,S0|cap=0.2|band=0.01
2020-09-15,0.5,0,0,0,0.5,S0|cap=0.2|band=0.01
2020-09-16,0.5,0,0,0,0.5,S0|cap=0.2|band=0.01
2020-09-17,0.5,0,0,0,0.5,S0|cap=0.2|band=0.01
2020-09-18,0.5,0,0,0,0.5,S0|cap=0.2|band=0.01
2020-09-21,0.5,0,0,0,0.5,S0|cap=0.2|band=0.01
2020-09-22,0.5,0,0,0,0.5,S0|cap=0.2|band=0.01
2020-09-23,0.5,0,0,0,0.5,S0|cap=0.2|band=0.01
2020-09-24,0.5,0,0,0,0.5,S0|cap=0.2|band=0.01
2020-09-25,0.5,0,0,0,0.5,S0|cap=0.2|band=0.01
2020-09-28,0.5,0,0,0,0.5,S0|cap=0.2|band=0.01
2020-09-29,0.5,0,0,0,0.5,S0|cap=0.2|band=0.01
2020-09-30,0.5,0,0,0,0.5,S0|cap=0.2|band=0.01
2020-10-01,0.5,0,0,0,0.5,S0|cap=0.2|band=0.01
2020-10-05,0.5,0,0,0,0.5,S0|cap=0.2|band=0.01
2020-10-06,0.5,0,0,0,0.5,S0|cap=0.2|band=0.01
2020-10-07,0.5,0,0,0,0.5,S0|cap=0.2|band=0.01
2020-10-08,0.5,0,0,0,0.5,S0|cap=0.2|band=0.01
2020-10-09,0.5,0,0,0,0.5,S0|cap=0.2|band=0.01
2020-10-12,0.5,0,0,0,0.5,S0|cap=0.2|band=0.01
2020-10-13,0.5,0,0,0,0.5,S0|cap=0.2|band=0.01
2020-10-14,0.5,0,0,0,0.5,S0|cap=0.2|band=0.01
2020-10-15,0.5,0,0,0,0.5,S0|cap=0.2|band=0.01
2020-10-16,0.5,0,0,0,0.5,S0|cap=0.2|band=0.01
2020-10-19,0.5,0,0,0,0.5,S0|cap=0.2|band=0.01
2020-10-20,0.5,0,0,0,0.5,S0|cap=0.2|band=0.01
2020-10-21,0.5,0,0,0,0.5,S0|cap=0.2|band=0.01
2020-10-22,0.5,0,0,0,0.5,S0|cap=0.2|band=0.01
2020-10-23,0.5,0,0,0,0.5,S0|cap=0.2|band=0.01
2020-10-26,0.5,0,0,0,0.5,S0|cap=0.2|band=0.01
2020-10-27,0.5,0,0,0,0.5,S0|cap=0.2|band=0.01
2020-10-28,0.5,0,0,0,0.5,S0|cap=0.2|band=0.01
2020-10-29,0.5,0,0,0,0.5,S0|cap=0.2|band=0.01
2020-10-30,0.5,0,0,0,0.5,S0|cap=0.2|band=0.01
2020-11-02,0.5,0,0,0,0.5,S0|cap=0.2|band=0.01
2020-11-03,0.5,0,0,0,0.5,S0|cap=0.2|band=0.01
2020-11-04,0.5,0,0,0,0.5,S0|cap=0.2|band=0.01
2020-11-05,0.5,0,0,0,0.5,S0|cap=0.2|band=0.01
2020-11-06,0.5,0,0,0,0.5,S0|cap=0.2|band=0.01
2020-11-09,0.5,0,0,0,0.5,S0|cap=0.2|band=0.01
2020-11-10,0.5,0,0,0,0.5,S0|cap=0.2|band=0.01
2020-11-11,0.5,0,0,0,0.5,S0|cap=0.2|band=0.01
2020-11-12,0.5,0,0,0,0.5,S0|cap=0.2|band=0.01
2020-11-13,0.5,0,0,0,0.5,S0|cap=0.2|band=0.01
2020-11-14,0.5,0,0,0,0.5,S0|cap=0.2|band=0.01
2020-11-17,0.5,0,0,0,0.5,S0|cap=0.2|band=0.01
2020-11-18,0.5,0,0,0,0.5,S0|cap=0.2|band=0.01
2020-11-19,0.5,0,0,0,0.5,S0|cap=0.2|band=0.01
2020-11-20,0.5,0,0,0,0.5,S0|cap=0.2|band=0.01
2020-11-23,0.5,0,0,0,0.5,S0|cap=0.2|band=0.01
2020-11-24,0.5,0,0,0,0.5,S0|cap=0.2|band=0.01
2020-11-25,0.5,0,0,0,0.5,S0|cap=0.2|band=0.01
2020-11-26,0.5,0,0,0,0.5,S0|cap=0.2|band=0.01
2020-11-27,0.5,0,0,0,0.5,S0|cap=0.2|band=0.01
2020-12-01,0.5,0,0,0,0.5,S0|cap=0.2|band=0.01
2020-12-02,0.5,0,0,0,0.5,S0|cap=0.2|band=0.01
2020-12-03,0.5,0,0,0,0.5,S0|cap=0.2|band=0.01
2020-12-04,0.5,0,0,0,0.5,S0|cap=0.2|band=0.01
2020-12-07,0.5,0,0,0,0.5,S0|cap=0.2|band=0.01
2020-12-08,0.5,0,0,0,0.5,S0|cap=0.2|band=0.01
2020-12-09,0.5,0,0,0,0.5,S0|cap=0.2|band=0.01
2020-12-10,0.5,0,0,0,0.5,S0|cap=0.2|band=0.01
2020-12-11,0.5,0,0,0,0.5,S0|cap=0.2|band=0.01
2020-12-14,0.5,0,0,0,0.5,S0|cap=0.2|band=0.01
2020-12-15,0.5,0,0,0,0.5,S0|cap=0.2|band=0.01
2020-12-16,0.5,0,0,0,0.5,S0|cap=0.2|band=0.01
2020-12-17,0.5,0,0,0,0.5,S0|cap=0.2|band=0.01
2020-12-18,0.5,0,0,0,0.5,S0|cap=0.2|band=0.01
2020-12-21,0.5,0,0,0,0.5,S0|cap=0.2|band=0.01
2020-12-22,0.5,0,0,0,0.5,S0|cap=0.2|band=0.01
2020-12-23,0.5,0,0,0,0.5,S0|cap=0.2|band=0.01
2020-12-24,0.5,0,0,0,0.5,S0|cap=0.2|band=0.01
2020-12-28,0.5,0,0,0,0.5,S0|cap=0.2|band=0.01
2020-12-29,0.5,0,0,0,0.5,S0|cap=0.2|band=0.01
2020-12-30,0.5,0,0,0,0.5,S0|cap=0.2|band=0.01
2020-12-31,0.5,0,0,0,0.5,S0|cap=0.2|band=0.01
2021-01-01,0.5,0,0,0,0.5,S0|cap=0.2|band=0.01
2021-01-04,0.5,0,0,0,0.5,S0|cap=0.2|band=0.01
2021-01-05,0.5,0,0,0,0.5,S0|cap=0.2|band=0.01
2021-01-06,0.5,0,0,0,0.5,S0|cap=0.2|band=0.01
2021-01-07,0.5,0,0,0,0.5,S0|cap=0.2|band=0.01
2021-01-08,0.5,0,0,0,0.5,S0|cap=0.2|band=0.01
2021-01-11,0.5,0,0,0,0.5,S0|cap=0.2|band=0.01
2021-01-12,0.5,0,0,0,0.5,S0|cap=0.2|band=0.01
2021-01-13,0.5,0,0,0,0.5,S0|cap=0.2|band=0.01
2021-01-14,0.5,0,0,0,0.5,S0|cap=0.2|band=0.01
2021-01-15,0.5,0,0,0,0.5,S0|cap=0.2|band=0.01
2021-01-18,0.5,0,0,0,0.5,S0|cap=0.2|band=0.01
2021-01-19,0.5,0,0,0,0.5,S0|cap=0.2|band=0.01
2021-01-20,0.5,0,0,0,0.5,S0|cap=0.2|band=0.01
2021-01-21,0.5,0,0,0,0.5,S0|cap=0.2|band=0.01
2021-01-22,0.5,0,0,0,0.5,S0|cap=0.2|band=0.01
2021-01-25,0.5,0,0,0,0.5,S0|cap=0.2|band=0.01
2021-01-27,0.5,0,0,0,0.5,S0|cap=0.2|band=0.01
2021-01-28,0.5,0,0,0,0.5,S0|cap=0.2|band=0.01
2021-01-29,0.5,0,0,0,0.5,S0|cap=0.2|band=0.01
2021-02-01,0.5,0,0,0,0.5,S0|cap=0.2|band=0.01
2021-02-02,0.5,0,0,0,0.5,S0|cap=0.2|band=0.01
2021-02-03,0.5,0,0,0,0.5,S0|cap=0.2|band=0.01
2021-02-04,0.5,0,0,0,0.5,S0|cap=0.2|band=0.01
2021-02-05,0.5,0,0,0,0.5,S0|cap=0.2|band=0.01
2021-02-08,0.5,0,0,0,0.5,S0|cap=0.2|band=0.01
2021-02-09,0.5,0,0,0,0.5,S0|cap=0.2|band=0.01
2021-02-10,0.5,0,0,0,0.5,S0|cap=0.2|band=0.01
2021-02-11,0.5,0,0,0,0.5,S0|cap=0.2|band=0.01
2021-02-12,0.5,0,0,0,0.5,S0|cap=0.2|band=0.01
2021-02-15,0.5,0,0,0,0.5,S0|cap=0.2|band=0.01
2021-02-16,0.5,0,0,0,0.5,S0|cap=0.2|band=0.01
2021-02-17,0.5,0,0,0,0.5,S0|cap=0.2|band=0.01
2021-02-18,0.5,0,0,0,0.5,S0|cap=0.2|band=0.01
2021-02-19,0.5,0,0,0,0.5,S0|cap=0.2|band=0.01
2021-02-22,0.5,0,0,0,0.5,S0|cap=0.2|band=0.01
2021-02-23,0.5,0,0,0,0.5,S0|cap=0.2|band=0.01
2021-02-24,0.5,0,0,0,0.5,S0|cap=0.2|band=0.01
2021-02-25,0.5,0,0,0,0.5,S0|cap=0.2|band=0.01
2021-02-26,0.5,0,0,0,0.5,S0|cap=0.2|band=0.01
2021-03-01,0.5,0,0,0,0.5,S0|cap=0.2|band=0.01
2021-03-02,0.5,0,0,0,0.5,S0|cap=0.2|band=0.01
2021-03-03,0.5,0,0,0,0.5,S0|cap=0.2|band=0.01
2021-03-04,0.5,0,0,0,0.5,S0|cap=0.2|band=0.01
2021-03-05,0.5,0,0,0,0.5,S0|cap=0.2|band=0.01
2021-03-08,0.5,0,0,0,0.5,S0|cap=0.2|band=0.01
2021-03-09,0.5,0,0,0,0.5,S0|cap=0.2|band=0.01
2021-03-10,0.5,0,0,0,0.5,S0|cap=0.2|band=0.01
2021-03-12,0.5,0,0,0,0.5,S0|cap=0.2|band=0.01
2021-03-15,0.5,0,0,0,0.5,S0|cap=0.2|band=0.01
2021-03-16,0.5,0,0,0,0.5,S0|cap=0.2|band=0.01
2021-03-17,0.5,0,0,0,0.5,S0|cap=0.2|band=0.01
2021-03-18,0.5,0,0,0,0.5,S0|cap=0.2|band=0.01
2021-03-19,0.5,0,0,0,0.5,S0|cap=0.2|band=0.01
2021-03-22,0.5,0,0,0,0.5,S0|cap=0.2|band=0.01
2021-03-23,0.5,0,0,0,0.5,S0|cap=0.2|band=0.01
2021-03-24,0.5,0,0,0,0.5,S0|cap=0.2|band=0.01
2021-03-25,0.5,0,0,0,0.5,S0|cap=0.2|band=0.01
2021-03-26,0.5,0,0,0,0.5,S0|cap=0.2|band=0.01
2021-03-30,0.5,0,0,0,0.5,S0|cap=0.2|band=0.01
2021-03-31,0.5,0,0,0,0.5,S0|cap=0.2|band=0.01
2021-04-01,0.5,0,0,0,0.5,S0|cap=0.2|band=0.01
2021-04-05,0.5,0,0,0,0.5,S0|cap=0.2|band=0.01
2021-04-06,0.5,0,0,0,0.5,S0|cap=0.2|band=0.01
2021-04-07,0.5,0,0,0,0.5,S0|cap=0.2|band=0.01
2021-04-08,0.5,0,0,0,0.5,S0|cap=0.2|band=0.01
2021-04-09,0.5,0,0,0,0.5,S0|cap=0.2|band=0.01
2021-04-12,0.5,0,0,0,0.5,S0|cap=0.2|band=0.01
2021-04-13,0.5,0,0,0,0.5,S0|cap=0.2|band=0.01
2021-04-15,0.5,0,0,0,0.5,S0|cap=0.2|band=0.01
2021-04-16,0.5,0,0,0,0.5,S0|cap=0.2|band=0.01
2021-04-19,0.5,0,0,0,0.5,S0|cap=0.2|band=0.01
2021-04-20,0.5,0,0,0,0.5,S0|cap=0.2|band=0.01
2021-04-22,0.5,0,0,0,0.5,S0|cap=0.2|band=0.01
2021-04-23,0.5,0,0,0,0.5,S0|cap=0.2|band=0.01
2021-04-26,0.5,0,0,0,0.5,S0|cap=0.2|band=0.01
2021-04-27,0.5,0,0,0,0.5,S0|cap=0.2|band=0.01
2021-04-28,0.5,0,0,0,0.5,S0|cap=0.2|band=0.01
2021-04-29,0.5,0,0,0,0.5,S0|cap=0.2|band=0.01
2021-04-30,0.5,0,0,0,0.5,S0|cap=0.2|band=0.01
2021-05-03,0.5,0,0,0,0.5,S0|cap=0.2|band=0.01
2021-05-04,0.5,0,0,0,0.5,S0|cap=0.2|band=0.01
2021-05-05,0.5,0,0,0,0.5,S0|cap=0.2|band=0.01
2021-05-06,0.5,0,0,0,0.5,S0|cap=0.2|band=0.01
2021-05-07,0.5,0,0,0,0.5,S0|cap=0.2|band=0.01
2021-05-10,0.5,0,0,0,0.5,S0|cap=0.2|band=0.01
2021-05-11,0.5,0,0,0,0.5,S0|cap=0.2|band=0.01
2021-05-12,0.5,0,0,0,0.5,S0|cap=0.2|band=0.01
2021-05-14,0.5,0,0,0,0.5,S0|cap=0.2|band=0.01
2021-05-17,0.5,0,0,0,0.5,S0|cap=0.2|band=0.01
2021-05-18,0.5,0,0,0,0.5,S0|cap=0.2|band=0.01
2021-05-19,0.5,0,0,0,0.5,S0|cap=0.2|band=0.01
2021-05-20,0.5,0,0,0,0.5,S0|cap=0.2|band=0.01
2021-05-21,0.5,0,0,0,0.5,S0|cap=0.2|band=0.01
2021-05-24,0.5,0,0,0,0.5,S0|cap=0.2|band=0.01
2021-05-25,0.5,0,0,0,0.5,S0|cap=0.2|band=0.01
2021-05-26,0.5,0,0,0,0.5,S0|cap=0.2|band=0.01
2021-05-27,0.5,0,0,0,0.5,S0|cap=0.2|band=0.01
2021-05-28,0.5,0,0,0,0.5,S0|cap=0.2|band=0.01
2021-05-31,0.5,0,0,0,0.5,S0|cap=0.2|band=0.01
2021-06-01,0.5,0,0,0,0.5,S0|cap=0.2|band=0.01
2021-06-02,0.5,0,0,0,0.5,S0|cap=0.2|band=0.01
2021-06-03,0.5,0,0,0,0.5,S0|cap=0.2|band=0.01
2021-06-04,0.5,0,0,0,0.5,S0|cap=0.2|band=0.01
2021-06-07,0.5,0,0,0,0.5,S0|cap=0.2|band=0.01
2021-06-08,0.5,0,0,0,0.5,S0|cap=0.2|band=0.01
2021-06-09,0.5,0,0,0,0.5,S0|cap=0.2|band=0.01
2021-06-10,0.5,0,0,0,0.5,S0|cap=0.2|band=0.01
2021-06-11,0.5,0,0,0,0.5,S0|cap=0.2|band=0.01
2021-06-14,0.5,0,0,0,0.5,S0|cap=0.2|band=0.01
2021-06-15,0.5,0,0,0,0.5,S0|cap=0.2|band=0.01
2021-06-16,0.5,0,0,0,0.5,S0|cap=0.2|band=0.01
2021-06-17,0.5,0,0,0,0.5,S0|cap=0.2|band=0.01
2021-06-18,0.5,0,0,0,0.5,S0|cap=0.2|band=0.01
2021-06-21,0.5,0,0,0,0.5,S0|cap=0.2|band=0.01
2021-06-22,0.5,0,0,0,0.5,S0|cap=0.2|band=0.01
2021-06-23,0.5,0,0,0,0.5,S0|cap=0.2|band=0.01
2021-06-24,0.5,0,0,0,0.5,S0|cap=0.2|band=0.01
2021-06-25,0.5,0,0,0,0.5,S0|cap=0.2|band=0.01
2021-06-28,0.5,0,0,0,0.5,S0|cap=0.2|band=0.01
2021-06-29,0.5,0,0,0,0.5,S0|cap=0.2|band=0.01
2021-06-30,0.5,0,0,0,0.5,S0|cap=0.2|band=0.01
2021-07-01,0.5,0,0,0,0.5,S0|cap=0.2|band=0.01
2021-07-02,0.5,0,0,0,0.5,S0|cap=0.2|band=0.01
2021-07-05,0.5,0,0,0,0.5,S0|cap=0.2|band=0.01
2021-07-06,0.5,0,0,0,0.5,S0|cap=0.2|band=0.01
2021-07-07,0.5,0,0,0,0.5,S0|cap=0.2|band=0.01
2021-07-08,0.5,0,0,0,0.5,S0|cap=0.2|band=0.01
2021-07-09,0.5,0,0,0,0.5,S0|cap=0.2|band=0.01
2021-07-12,0.5,0,0,0,0.5,S0|cap=0.2|band=0.01
2021-07-13,0.5,0,0,0,0.5,S0|cap=0.2|band=0.01
2021-07-14,0.5,0,0,0,0.5,S0|cap=0.2|band=0.01
2021-07-15,0.5,0,0,0,0.5,S0|cap=0.2|band=0.01
2021-07-16,0.5,0,0,0,0.5,S0|cap=0.2|band=0.01
2021-07-19,0.5,0,0,0,0.5,S0|cap=0.2|band=0.01
2021-07-20,0.5,0,0,0,0.5,S0|cap=0.2|band=0.01
2021-07-22,0.5,0,0,0,0.5,S0|cap=0.2|band=0.01
2021-07-23,0.5,0,0,0,0.5,S0|cap=0.2|band=0.01
2021-07-26,0.5,0,0,0,0.5,S0|cap=0.2|band=0.01
2021-07-27,0.5,0,0,0,0.5,S0|cap=0.2|band=0.01
2021-07-28,0.5,0,0,0,0.5,S0|cap=0.2|band=0.01
2021-07-29,0.5,0,0,0,0.5,S0|cap=0.2|band=0.01
2021-07-30,0.5,0,0,0,0.5,S0|cap=0.2|band=0.01
2021-08-02,0.5,0,0,0,0.5,S0|cap=0.2|band=0.01
2021-08-03,0.5,0,0,0,0.5,S0|cap=0.2|band=0.01
2021-08-04,0.5,0,0,0,0.5,S0|cap=0.2|band=0.01
2021-08-05,0.5,0,0,0,0.5,S0|cap=0.2|band=0.01
2021-08-06,0.5,0,0,0,0.5,S0|cap=0.2|band=0.01
2021-08-09,0.5,0,0,0,0.5,S0|cap=0.2|band=0.01
2021-08-10,0.5,0,0,0,0.5,S0|cap=0.2|band=0.01
2021-08-11,0.5,0,0,0,0.5,S0|cap=0.2|band=0.01
2021-08-12,0.5,0,0,0,0.5,S0|cap=0.2|band=0.01
2021-08-13,0.5,0,0,0,0.5,S0|cap=0.2|band=0.01
2021-08-16,0.5,0,0,0,0.5,S0|cap=0.2|band=0.01
2021-08-17,0.5,0,0,0,0.5,S0|cap=0.2|band=0.01
2021-08-18,0.5,0,0,0,0.5,S0|cap=0.2|band=0.01
2021-08-20,0.5,0,0,0,0.5,S0|cap=0.2|band=0.01
2021-08-23,0.5,0,0,0,0.5,S0|cap=0.2|band=0.01
2021-08-24,0.5,0,0,0,0.5,S0|cap=0.2|band=0.01
2021-08-25,0.5,0,0,0,0.5,S0|cap=0.2|band=0.01
2021-08-26,0.5,0,0,0,0.5,S0|cap=0.2|band=0.01
2021-08-27,0.5,0,0,0,0.5,S0|cap=0.2|band=0.01
2021-08-30,0.5,0,0,0,0.5,S0|cap=0.2|band=0.01
2021-08-31,0.5,0,0,0,0.5,S0|cap=0.2|band=0.01
2021-09-01,0.5,0,0,0,0.5,S0|cap=0.2|band=0.01
2021-09-02,0.5,0,0,0,0.5,S0|cap=0.2|band=0.01
2021-09-03,0.5,0,0,0,0.5,S0|cap=0.2|band=0.01
2021-09-06,0.5,0,0,0,0.5,S0|cap=0.2|band=0.01
2021-09-07,0.5,0,0,0,0.5,S0|cap=0.2|band=0.01
2021-09-08,0.5,0,0,0,0.5,S0|cap=0.2|band=0.01
2021-09-09,0.5,0,0,0,0.5,S0|cap=0.2|band=0.01
2021-09-13,0.5,0,0,0,0.5,S0|cap=0.2|band=0.01
2021-09-14,0.5,0,0,0,0.5,S0|cap=0.2|band=0.01
2021-09-15,0.5,0,0,0,0.5,S0|cap=0.2|band=0.01
2021-09-16,0.5,0,0,0,0.5,S0|cap=0.2|band=0.01
2021-09-17,0.5,0,0,0,0.5,S0|cap=0.2|band=0.01
2021-09-20,0.5,0,0,0,0.5,S0|cap=0.2|band=0.01
2021-09-21,0.5,0,0,0,0.5,S0|cap=0.2|band=0.01
2021-09-22,0.5,0,0,0,0.5,S0|cap=0.2|band=0.01
2021-09-23,0.5,0,0,0,0.5,S0|cap=0.2|band=0.01
2021-09-24,0.5,0,0,0,0.5,S0|cap=0.2|band=0.01
2021-09-27,0.5,0,0,0,0.5,S0|cap=0.2|band=0.01
2021-09-28,0.5,0,0,0,0.5,S0|cap=0.2|band=0.01
2021-09-29,0.5,0,0,0,0.5,S0|cap=0.2|band=0.01
2021-09-30,0.5,0,0,0,0.5,S0|cap=0.2|band=0.01
2021-10-01,0.5,0,0,0,0.5,S0|cap=0.2|band=0.01
2021-10-04,0.5,0,0,0,0.5,S0|cap=0.2|band=0.01
2021-10-05,0.5,0,0,0,0.5,S0|cap=0.2|band=0.01
2021-10-06,0.5,0,0,0,0.5,S0|cap=0.2|band=0.01
2021-10-07,0.5,0,0,0,0.5,S0|cap=0.2|band=0.01
2021-10-08,0.5,0,0,0,0.5,S0|cap=0.2|band=0.01
2021-10-11,0.5,0,0,0,0.5,S0|cap=0.2|band=0.01
2021-10-12,0.5,0,0,0,0.5,S0|cap=0.2|band=0.01
2021-10-13,0.5,0,0,0,0.5,S0|cap=0.2|band=0.01
2021-10-14,0.5,0,0,0,0.5,S0|cap=0.2|band=0.01
2021-10-18,0.5,0,0,0,0.5,S0|cap=0.2|band=0.01
2021-10-19,0.5,0,0,0,0.5,S0|cap=0.2|band=0.01
2021-10-20,0.5,0,0,0,0.5,S0|cap=0.2|band=0.01
2021-10-21,0.5,0,0,0,0.5,S0|cap=0.2|band=0.01
2021-10-22,0.5,0,0,0,0.5,S0|cap=0.2|band=0.01
2021-10-25,0.5,0,0,0,0.5,S0|cap=0.2|band=0.01
2021-10-26,0.5,0,0,0,0.5,S0|cap=0.2|band=0.01
2021-10-27,0.5,0,0,0,0.5,S0|cap=0.2|band=0.01
2021-10-28,0.5,0,0,0,0.5,S0|cap=0.2|band=0.01
2021-10-29,0.5,0,0,0,0.5,S0|cap=0.2|band=0.01
2021-11-01,0.5,0,0,0,0.5,S0|cap=0.2|band=0.01
2021-11-02,0.5,0,0,0,0.5,S0|cap=0.2|band=0.01
2021-11-03,0.5,0,0,0,0.5,S0|cap=0.2|band=0.01
2021-11-04,0.5,0,0,0,0.5,S0|cap=0.2|band=0.01
2021-11-08,0.5,0,0,0,0.5,S0|cap=0.2|band=0.01
2021-11-09,0.5,0,0,0,0.5,S0|cap=0.2|band=0.01
2021-11-10,0.5,0,0,0,0.5,S0|cap=0.2|band=0.01
2021-11-11,0.5,0,0,0,0.5,S0|cap=0.2|band=0.01
2021-11-12,0.5,0,0,0,0.5,S0|cap=0.2|band=0.01
2021-11-15,0.5,0,0,0,0.5,S0|cap=0.2|band=0.01
2021-11-16,0.5,0,0,0,0.5,S0|cap=0.2|band=0.01
2021-11-17,0.5,0,0,0,0.5,S0|cap=0.2|band=0.01
2021-11-18,0.5,0,0,0,0.5,S0|cap=0.2|band=0.01
2021-11-22,0.5,0,0,0,0.5,S0|cap=0.2|band=0.01
2021-11-23,0.5,0,0,0,0.5,S0|cap=0.2|band=0.01
2021-11-24,0.5,0,0,0,0.5,S0|cap=0.2|band=0.01
2021-11-25,0.5,0,0,0,0.5,S0|cap=0.2|band=0.01
2021-11-26,0.5,0,0,0,0.5,S0|cap=0.2|band=0.01
2021-11-29,0.5,0,0,0,0.5,S0|cap=0.2|band=0.01
2021-11-30,0.5,0,0,0,0.5,S0|cap=0.2|band=0.01
2021-12-01,0.5,0,0,0,0.5,S0|cap=0.2|band=0.01
2021-12-02,0.5,0,0,0,0.5,S0|cap=0.2|band=0.01
2021-12-03,0.5,0,0,0,0.5,S0|cap=0.2|band=0.01
2021-12-06,0.5,0,0,0,0.5,S0|cap=0.2|band=0.01
2021-12-07,0.5,0,0,0,0.5,S0|cap=0.2|band=0.01
2021-12-08,0.5,0,0,0,0.5,S0|cap=0.2|band=0.01
2021-12-09,0.5,0,0,0,0.5,S0|cap=0.2|band=0.01
2021-12-10,0.5,0,0,0,0.5,S0|cap=0.2|band=0.01
2021-12-13,0.5,0,0,0,0.5,S0|cap=0.2|band=0.01
2021-12-14,0.5,0,0,0,0.5,S0|cap=0.2|band=0.01
2021-12-15,0.5,0,0,0,0.5,S0|cap=0.2|band=0.01
2021-12-16,0.5,0,0,0,0.5,S0|cap=0.2|band=0.01
2021-12-17,0.5,0,0,0,0.5,S0|cap=0.2|band=0.01
2021-12-20,0.5,0,0,0,0.5,S0|cap=0.2|band=0.01
2021-12-21,0.5,0,0,0,0.5,S0|cap=0.2|band=0.01
2021-12-22,0.5,0,0,0,0.5,S0|cap=0.2|band=0.01
2021-12-23,0.5,0,0,0,0.5,S0|cap=0.2|band=0.01
2021-12-24,0.5,0,0,0,0.5,S0|cap=0.2|band=0.01
2021-12-27,0.5,0,0,0,0.5,S0|cap=0.2|band=0.01
2021-12-28,0.5,0,0,0,0.5,S0|cap=0.2|band=0.01
2021-12-29,0.5,0,0,0,0.5,S0|cap=0.2|band=0.01
2021-12-30,0.5,0,0,0,0.5,S0|cap=0.2|band=0.01
2021-12-31,0.5,0,0,0,0.5,S0|cap=0.2|band=0.01
2022-01-03,0.5,0,0,0,0.5,S0|cap=0.2|band=0.01
2022-01-04,0.5,0,0,0,0.5,S0|cap=0.2|band=0.01
2022-01-05,0.5,0,0,0,0.5,S0|cap=0.2|band=0.01
2022-01-06,0.5,0,0,0,0.5,S0|cap=0.2|band=0.01
2022-01-07,0.5,0,0,0,0.5,S0|cap=0.2|band=0.01
2022-01-10,0.5,0,0,0,0.5,S0|cap=0.2|band=0.01
2022-01-11,0.5,0,0,0,0.5,S0|cap=0.2|band=0.01
2022-01-12,0.5,0,0,0,0.5,S0|cap=0.2|band=0.01
2022-01-13,0.5,0,0,0,0.5,S0|cap=0.2|band=0.01
2022-01-14,0.5,0,0,0,0.5,S0|cap=0.2|band=0.01
2022-01-17,0.5,0,0,0,0.5,S0|cap=0.2|band=0.01
2022-01-18,0.5,0,0,0,0.5,S0|cap=0.2|band=0.01
2022-01-19,0.5,0,0,0,0.5,S0|cap=0.2|band=0.01
2022-01-20,0.5,0,0,0,0.5,S0|cap=0.2|band=0.01
2022-01-21,0.5,0,0,0,0.5,S0|cap=0.2|band=0.01
2022-01-24,0.5,0,0,0,0.5,S0|cap=0.2|band=0.01
2022-01-25,0.5,0,0,0,0.5,S0|cap=0.2|band=0.01
2022-01-27,0.5,0,0,0,0.5,S0|cap=0.2|band=0.01
2022-01-28,0.5,0,0,0,0.5,S0|cap=0.2|band=0.01
2022-01-31,0.5,0,0,0,0.5,S0|cap=0.2|band=0.01
2022-02-01,0.5,0,0,0,0.5,S0|cap=0.2|band=0.01
2022-02-02,0.5,0,0,0,0.5,S0|cap=0.2|band=0.01
2022-02-03,0.5,0,0,0,0.5,S0|cap=0.2|band=0.01
2022-02-04,0.5,0,0,0,0.5,S0|cap=0.2|band=0.01
2022-02-07,0.5,0,0,0,0.5,S0|cap=0.2|band=0.01
2022-02-08,0.5,0,0,0,0.5,S0|cap=0.2|band=0.01
2022-02-09,0.5,0,0,0,0.5,S0|cap=0.2|band=0.01
2022-02-10,0.5,0,0,0,0.5,S0|cap=0.2|band=0.01
2022-02-11,0.5,0,0,0,0.5,S0|cap=0.2|band=0.01
2022-02-14,0.5,0,0,0,0.5,S0|cap=0.2|band=0.01
2022-02-15,0.5,0,0,0,0.5,S0|cap=0.2|band=0.01
2022-02-16,0.5,0,0,0,0.5,S0|cap=0.2|band=0.01
2022-02-17,0.5,0,0,0,0.5,S0|cap=0.2|band=0.01
2022-02-18,0.5,0,0,0,0.5,S0|cap=0.2|band=0.01
2022-02-21,0.5,0,0,0,0.5,S0|cap=0.2|band=0.01
2022-02-22,0.5,0,0,0,0.5,S0|cap=0.2|band=0.01
2022-02-23,0.5,0,0,0,0.5,S0|cap=0.2|band=0.01
2022-02-24,0.5,0,0,0,0.5,S0|cap=0.2|band=0.01
2022-02-25,0.5,0,0,0,0.5,S0|cap=0.2|band=0.01
2022-02-28,0.5,0,0,0,0.5,S0|cap=0.2|band=0.01
2022-03-02,0.5,0,0,0,0.5,S0|cap=0.2|band=0.01
2022-03-03,0.5,0,0,0,0.5,S0|cap=0.2|band=0.01
2022-03-04,0.5,0,0,0,0.5,S0|cap=0.2|band=0.01
2022-03-07,0.5,0,0,0,0.5,S0|cap=0.2|band=0.01
2022-03-08,0.5,0,0,0,0.5,S0|cap=0.2|band=0.01
2022-03-09,0.5,0,0,0,0.5,S0|cap=0.2|band=0.01
2022-03-10,0.5,0,0,0,0.5,S0|cap=0.2|band=0.01
2022-03-11,0.5,0,0,0,0.5,S0|cap=0.2|band=0.01
2022-03-14,0.5,0,0,0,0.5,S0|cap=0.2|band=0.01
2022-03-15,0.5,0,0,0,0.5,S0|cap=0.2|band=0.01
2022-03-16,0.5,0,0,0,0.5,S0|cap=0.2|band=0.01
2022-03-17,0.5,0,0,0,0.5,S0|cap=0.2|band=0.01
2022-03-21,0.5,0,0,0,0.5,S0|cap=0.2|band=0.01
2022-03-22,0.5,0,0,0,0.5,S0|cap=0.2|band=0.01
2022-03-23,0.5,0,0,0,0.5,S0|cap=0.2|band=0.01
2022-03-24,0.5,0,0,0,0.5,S0|cap=0.2|band=0.01
2022-03-25,0.5,0,0,0,0.5,S0|cap=0.2|band=0.01
2022-03-28,0.5,0,0,0,0.5,S0|cap=0.2|band=0.01
2022-03-29,0.5,0,0,0,0.5,S0|cap=0.2|band=0.01
2022-03-30,0.5,0,0,0,0.5,S0|cap=0.2|band=0.01
2022-03-31,0.5,0,0,0,0.5,S0|cap=0.2|band=0.01
2022-04-01,0.5,0,0,0,0.5,S0|cap=0.2|band=0.01
2022-04-04,0.5,0,0,0,0.5,S0|cap=0.2|band=0.01
2022-04-05,0.5,0,0,0,0.5,S0|cap=0.2|band=0.01
2022-04-06,0.5,0,0,0,0.5,S0|cap=0.2|band=0.01
2022-04-07,0.5,0,0,0,0.5,S0|cap=0.2|band=0.01
2022-04-08,0.5,0,0,0,0.5,S0|cap=0.2|band=0.01
2022-04-11,0.5,0,0,0,0.5,S0|cap=0.2|band=0.01
2022-04-12,0.5,0,0,0,0.5,S0|cap=0.2|band=0.01
2022-04-13,0.5,0,0,0,0.5,S0|cap=0.2|band=0.01
2022-04-18,0.5,0,0,0,0.5,S0|cap=0.2|band=0.01
2022-04-19,0.5,0,0,0,0.5,S0|cap=0.2|band=0.01
2022-04-20,0.5,0,0,0,0.5,S0|cap=0.2|band=0.01
2022-04-21,0.5,0,0,0,0.5,S0|cap=0.2|band=0.01
2022-04-22,0.5,0,0,0,0.5,S0|cap=0.2|band=0.01
2022-04-25,0.5,0,0,0,0.5,S0|cap=0.2|band=0.01
2022-04-26,0.5,0,0,0,0.5,S0|cap=0.2|band=0.01
2022-04-27,0.5,0,0,0,0.5,S0|cap=0.2|band=0.01
2022-04-28,0.5,0,0,0,0.5,S0|cap=0.2|band=0.01
2022-04-29,0.5,0,0,0,0.5,S0|cap=0.2|band=0.01
2022-05-02,0.5,0,0,0,0.5,S0|cap=0.2|band=0.01
2022-05-04,0.5,0,0,0,0.5,S0|cap=0.2|band=0.01
2022-05-05,0.5,0,0,0,0.5,S0|cap=0.2|band=0.01
2022-05-06,0.5,0,0,0,0.5,S0|cap=0.2|band=0.01
2022-05-09,0.5,0,0,0,0.5,S0|cap=0.2|band=0.01
2022-05-10,0.5,0,0,0,0.5,S0|cap=0.2|band=0.01
2022-05-11,0.5,0,0,0,0.5,S0|cap=0.2|band=0.01
2022-05-12,0.5,0,0,0,0.5,S0|cap=0.2|band=0.01
2022-05-13,0.5,0,0,0,0.5,S0|cap=0.2|band=0.01
2022-05-16,0.5,0,0,0,0.5,S0|cap=0.2|band=0.01
2022-05-17,0.5,0,0,0,0.5,S0|cap=0.2|band=0.01
2022-05-18,0.5,0,0,0,0.5,S0|cap=0.2|band=0.01
2022-05-19,0.5,0,0,0,0.5,S0|cap=0.2|band=0.01
2022-05-20,0.5,0,0,0,0.5,S0|cap=0.2|band=0.01
2022-05-23,0.5,0,0,0,0.5,S0|cap=0.2|band=0.01
2022-05-24,0.5,0,0,0,0.5,S0|cap=0.2|band=0.01
2022-05-25,0.5,0,0,0,0.5,S0|cap=0.2|band=0.01
2022-05-26,0.5,0,0,0,0.5,S0|cap=0.2|band=0.01
2022-05-27,0.5,0,0,0,0.5,S0|cap=0.2|band=0.01
2022-05-30,0.5,0,0,0,0.5,S0|cap=0.2|band=0.01
2022-05-31,0.5,0,0,0,0.5,S0|cap=0.2|band=0.01
2022-06-01,0.5,0,0,0,0.5,S0|cap=0.2|band=0.01
2022-06-02,0.5,0,0,0,0.5,S0|cap=0.2|band=0.01
2022-06-03,0.5,0,0,0,0.5,S0|cap=0.2|band=0.01
2022-06-06,0.5,0,0,0,0.5,S0|cap=0.2|band=0.01
2022-06-07,0.5,0,0,0,0.5,S0|cap=0.2|band=0.01
2022-06-08,0.5,0,0,0,0.5,S0|cap=0.2|band=0.01
2022-06-09,0.5,0,0,0,0.5,S0|cap=0.2|band=0.01
2022-06-10,0.5,0,0,0,0.5,S0|cap=0.2|band=0.01
2022-06-13,0.5,0,0,0,0.5,S0|cap=0.2|band=0.01
2022-06-14,0.5,0,0,0,0.5,S0|cap=0.2|band=0.01
2022-06-15,0.5,0,0,0,0.5,S0|cap=0.2|band=0.01
2022-06-16,0.5,0,0,0,0.5,S0|cap=0.2|band=0.01
2022-06-17,0.5,0,0,0,0.5,S0|cap=0.2|band=0.01
2022-06-20,0.5,0,0,0,0.5,S0|cap=0.2|band=0.01
2022-06-21,0.5,0,0,0,0.5,S0|cap=0.2|band=0.01
2022-06-22,0.5,0,0,0,0.5,S0|cap=0.2|band=0.01
2022-06-23,0.5,0,0,0,0.5,S0|cap=0.2|band=0.01
2022-06-24,0.5,0,0,0,0.5,S0|cap=0.2|band=0.01
2022-06-27,0.5,0,0,0,0.5,S0|cap=0.2|band=0.01
2022-06-28,0.5,0,0,0,0.5,S0|cap=0.2|band=0.01
2022-06-29,0.5,0,0,0,0.5,S0|cap=0.2|band=0.01
2022-06-30,0.5,0,0,0,0.5,S0|cap=0.2|band=0.01
2022-07-01,0.5,0,0,0,0.5,S0|cap=0.2|band=0.01
2022-07-04,0.5,0,0,0,0.5,S0|cap=0.2|band=0.01
2022-07-05,0.5,0,0,0,0.5,S0|cap=0.2|band=0.01
2022-07-06,0.5,0,0,0,0.5,S0|cap=0.2|band=0.01
2022-07-07,0.5,0,0,0,0.5,S0|cap=0.2|band=0.01
2022-07-08,0.5,0,0,0,0.5,S0|cap=0.2|band=0.01
2022-07-11,0.5,0,0,0,0.5,S0|cap=0.2|band=0.01
2022-07-12,0.5,0,0,0,0.5,S0|cap=0.2|band=0.01
2022-07-13,0.5,0,0,0,0.5,S0|cap=0.2|band=0.01
2022-07-14,0.5,0,0,0,0.5,S0|cap=0.2|band=0.01
2022-07-15,0.5,0,0,0,0.5,S0|cap=0.2|band=0.01
2022-07-18,0.5,0,0,0,0.5,S0|cap=0.2|band=0.01
2022-07-19,0.5,0,0,0,0.5,S0|cap=0.2|band=0.01
2022-07-20,0.5,0,0,0,0.5,S0|cap=0.2|band=0.01
2022-07-21,0.5,0,0,0,0.5,S0|cap=0.2|band=0.01
2022-07-22,0.5,0,0,0,0.5,S0|cap=0.2|band=0.01
2022-07-25,0.5,0,0,0,0.5,S0|cap=0.2|band=0.01
2022-07-26,0.5,0,0,0,0.5,S0|cap=0.2|band=0.01
2022-07-27,0.5,0,0,0,0.5,S0|cap=0.2|band=0.01
2022-07-28,0.5,0,0,0,0.5,S0|cap=0.2|band=0.01
2022-07-29,0.5,0,0,0,0.5,S0|cap=0.2|band=0.01
2022-08-01,0.5,0,0,0,0.5,S0|cap=0.2|band=0.01
2022-08-02,0.5,0,0,0,0.5,S0|cap=0.2|band=0.01
2022-08-03,0.5,0,0,0,0.5,S0|cap=0.2|band=0.01
2022-08-04,0.5,0,0,0,0.5,S0|cap=0.2|band=0.01
2022-08-05,0.5,0,0,0,0.5,S0|cap=0.2|band=0.01
2022-08-08,0.5,0,0,0,0.5,S0|cap=0.2|band=0.01
2022-08-10,0.5,0,0,0,0.5,S0|cap=0.2|band=0.01
2022-08-11,0.5,0,0,0,0.5,S0|cap=0.2|band=0.01
2022-08-12,0.5,0,0,0,0.5,S0|cap=0.2|band=0.01
2022-08-16,0.5,0,0,0,0.5,S0|cap=0.2|band=0.01
2022-08-17,0.5,0,0,0,0.5,S0|cap=0.2|band=0.01
2022-08-18,0.5,0,0,0,0.5,S0|cap=0.2|band=0.01
2022-08-19,0.5,0,0,0,0.5,S0|cap=0.2|band=0.01
2022-08-22,0.5,0,0,0,0.5,S0|cap=0.2|band=0.01
2022-08-23,0.5,0,0,0,0.5,S0|cap=0.2|band=0.01
2022-08-24,0.5,0,0,0,0.5,S0|cap=0.2|band=0.01
2022-08-25,0.5,0,0,0,0.5,S0|cap=0.2|band=0.01
2022-08-26,0.5,0,0,0,0.5,S0|cap=0.2|band=0.01
2022-08-29,0.5,0,0,0,0.5,S0|cap=0.2|band=0.01
2022-08-30,0.5,0,0,0,0.5,S0|cap=0.2|band=0.01
2022-09-01,0.5,0,0,0,0.5,S0|cap=0.2|band=0.01
2022-09-02,0.5,0,0,0,0.5,S0|cap=0.2|band=0.01
2022-09-05,0.5,0,0,0,0.5,S0|cap=0.2|band=0.01
2022-09-06,0.5,0,0,0,0.5,S0|cap=0.2|band=0.01
2022-09-07,0.5,0,0,0,0.5,S0|cap=0.2|band=0.01
2022-09-08,0.5,0,0,0,0.5,S0|cap=0.2|band=0.01
2022-09-09,0.5,0,0,0,0.5,S0|cap=0.2|band=0.01
2022-09-12,0.5,0,0,0,0.5,S0|cap=0.2|band=0.01
2022-09-13,0.5,0,0,0,0.5,S0|cap=0.2|band=0.01
2022-09-14,0.5,0,0,0,0.5,S0|cap=0.2|band=0.01
2022-09-15,0.5,0,0,0,0.5,S0|cap=0.2|band=0.01
2022-09-16,0.5,0,0,0,0.5,S0|cap=0.2|band=0.01
2022-09-19,0.5,0,0,0,0.5,S0|cap=0.2|band=0.01
2022-09-20,0.5,0,0,0,0.5,S0|cap=0.2|band=0.01
2022-09-21,0.5,0,0,0,0.5,S0|cap=0.2|band=0.01
2022-09-22,0.5,0,0,0,0.5,S0|cap=0.2|band=0.01
2022-09-23,0.5,0,0,0,0.5,S0|cap=0.2|band=0.01
2022-09-26,0.5,0,0,0,0.5,S0|cap=0.2|band=0.01
2022-09-27,0.5,0,0,0,0.5,S0|cap=0.2|band=0.01
2022-09-28,0.5,0,0,0,0.5,S0|cap=0.2|band=0.01
2022-09-29,0.5,0,0,0,0.5,S0|cap=0.2|band=0.01
2022-09-30,0.5,0,0,0,0.5,S0|cap=0.2|band=0.01
2022-10-03,0.5,0,0,0,0.5,S0|cap=0.2|band=0.01
2022-10-04,0.5,0,0,0,0.5,S0|cap=0.2|band=0.01
2022-10-06,0.5,0,0,0,0.5,S0|cap=0.2|band=0.01
2022-10-07,0.5,0,0,0,0.5,S0|cap=0.2|band=0.01
2022-10-10,0.5,0,0,0,0.5,S0|cap=0.2|band=0.01
2022-10-11,0.5,0,0,0,0.5,S0|cap=0.2|band=0.01
2022-10-12,0.5,0,0,0,0.5,S0|cap=0.2|band=0.01
2022-10-13,0.5,0,0,0,0.5,S0|cap=0.2|band=0.01
2022-10-14,0.5,0,0,0,0.5,S0|cap=0.2|band=0.01
2022-10-17,0.5,0,0,0,0.5,S0|cap=0.2|band=0.01
2022-10-18,0.5,0,0,0,0.5,S0|cap=0.2|band=0.01
2022-10-19,0.5,0,0,0,0.5,S0|cap=0.2|band=0.01
2022-10-20,0.5,0,0,0,0.5,S0|cap=0.2|band=0.01
2022-10-21,0.5,0,0,0,0.5,S0|cap=0.2|band=0.01
2022-10-24,0.5,0,0,0,0.5,S0|cap=0.2|band=0.01
2022-10-25,0.5,0,0,0,0.5,S0|cap=0.2|band=0.01
2022-10-27,0.5,0,0,0,0.5,S0|cap=0.2|band=0.01
2022-10-28,0.5,0,0,0,0.5,S0|cap=0.2|band=0.01
2022-10-31,0.5,0,0,0,0.5,S0|cap=0.2|band=0.01
2022-11-01,0.5,0,0,0,0.5,S0|cap=0.2|band=0.01
2022-11-02,0.5,0,0,0,0.5,S0|cap=0.2|band=0.01
2022-11-03,0.5,0,0,0,0.5,S0|cap=0.2|band=0.01
2022-11-04,0.5,0,0,0,0.5,S0|cap=0.2|band=0.01
2022-11-07,0.5,0,0,0,0.5,S0|cap=0.2|band=0.01
2022-11-09,0.5,0,0,0,0.5,S0|cap=0.2|band=0.01
2022-11-10,0.5,0,0,0,0.5,S0|cap=0.2|band=0.01
2022-11-11,0.5,0,0,0,0.5,S0|cap=0.2|band=0.01
2022-11-14,0.5,0,0,0,0.5,S0|cap=0.2|band=0.01
2022-11-15,0.5,0,0,0,0.5,S0|cap=0.2|band=0.01
2022-11-16,0.5,0,0,0,0.5,S0|cap=0.2|band=0.01
2022-11-17,0.5,0,0,0,0.5,S0|cap=0.2|band=0.01
2022-11-18,0.5,0,0,0,0.5,S0|cap=0.2|band=0.01
2022-11-21,0.5,0,0,0,0.5,S0|cap=0.2|band=0.01
2022-11-22,0.5,0,0,0,0.5,S0|cap=0.2|band=0.01
2022-11-23,0.5,0,0,0,0.5,S0|cap=0.2|band=0.01
2022-11-24,0.5,0,0,0,0.5,S0|cap=0.2|band=0.01
2022-11-25,0.5,0,0,0,0.5,S0|cap=0.2|band=0.01
2022-11-28,0.5,0,0,0,0.5,S0|cap=0.2|band=0.01
2022-11-29,0.5,0,0,0,0.5,S0|cap=0.2|band=0.01
2022-11-30,0.5,0,0,0,0.5,S0|cap=0.2|band=0.01
2022-12-01,0.5,0,0,0,0.5,S0|cap=0.2|band=0.01
2022-12-02,0.5,0,0,0,0.5,S0|cap=0.2|band=0.01
2022-12-05,0.5,0,0,0,0.5,S0|cap=0.2|band=0.01
2022-12-06,0.5,0,0,0,0.5,S0|cap=0.2|band=0.01
2022-12-07,0.5,0,0,0,0.5,S0|cap=0.2|band=0.01
2022-12-08,0.5,0,0,0,0.5,S0|cap=0.2|band=0.01
2022-12-09,0.5,0,0,0,0.5,S0|cap=0.2|band=0.01
2022-12-12,0.5,0,0,0,0.5,S0|cap=0.2|band=0.01
2022-12-13,0.5,0,0,0,0.5,S0|cap=0.2|band=0.01
2022-12-14,0.5,0,0,0,0.5,S0|cap=0.2|band=0.01
2022-12-15,0.5,0,0,0,0.5,S0|cap=0.2|band=0.01
2022-12-16,0.5,0,0,0,0.5,S0|cap=0.2|band=0.01
2022-12-19,0.5,0,0,0,0.5,S0|cap=0.2|band=0.01
2022-12-20,0.5,0,0,0,0.5,S0|cap=0.2|band=0.01
2022-12-21,0.5,0,0,0,0.5,S0|cap=0.2|band=0.01
2022-12-22,0.5,0,0,0,0.5,S0|cap=0.2|band=0.01
2022-12-23,0.5,0,0,0,0.5,S0|cap=0.2|band=0.01
2022-12-26,0.5,0,0,0,0.5,S0|cap=0.2|band=0.01
2022-12-27,0.5,0,0,0,0.5,S0|cap=0.2|band=0.01
2022-12-28,0.5,0,0,0,0.5,S0|cap=0.2|band=0.01
2022-12-29,0.5,0,0,0,0.5,S0|cap=0.2|band=0.01
2022-12-30,0.5,0,0,0,0.5,S0|cap=0.2|band=0.01
2023-01-02,0.5,0,0,0,0.5,S0|cap=0.2|band=0.01
2023-01-03,0.5,0,0,0,0.5,S0|cap=0.2|band=0.01
2023-01-04,0.5,0,0,0,0.5,S0|cap=0.2|band=0.01
2023-01-05,0.5,0,0,0,0.5,S0|cap=0.2|band=0.01
2023-01-06,0.5,0,0,0,0.5,S0|cap=0.2|band=0.01
2023-01-09,0.5,0,0,0,0.5,S0|cap=0.2|band=0.01
2023-01-10,0.5,0,0,0,0.5,S0|cap=0.2|band=0.01
2023-01-11,0.5,0,0,0,0.5,S0|cap=0.2|band=0.01
2023-01-12,0.5,0,0,0,0.5,S0|cap=0.2|band=0.01
2023-01-13,0.5,0,0,0,0.5,S0|cap=0.2|band=0.01
2023-01-16,0.5,0,0,0,0.5,S0|cap=0.2|band=0.01
2023-01-17,0.5,0,0,0,0.5,S0|cap=0.2|band=0.01
2023-01-18,0.5,0,0,0,0.5,S0|cap=0.2|band=0.01
2023-01-19,0.5,0,0,0,0.5,S0|cap=0.2|band=0.01
2023-01-20,0.5,0,0,0,0.5,S0|cap=0.2|band=0.01
2023-01-23,0.5,0,0,0,0.5,S0|cap=0.2|band=0.01
2023-01-24,0.5,0,0,0,0.5,S0|cap=0.2|band=0.01
2023-01-25,0.5,0,0,0,0.5,S0|cap=0.2|band=0.01
2023-01-27,0.5,0,0,0,0.5,S0|cap=0.2|band=0.01
2023-01-30,0.5,0,0,0,0.5,S0|cap=0.2|band=0.01
2023-01-31,0.5,0,0,0,0.5,S0|cap=0.2|band=0.01
2023-02-01,0.5,0,0,0,0.5,S0|cap=0.2|band=0.01
2023-02-02,0.5,0,0,0,0.5,S0|cap=0.2|band=0.01
2023-02-03,0.5,0,0,0,0.5,S0|cap=0.2|band=0.01
2023-02-06,0.5,0,0,0,0.5,S0|cap=0.2|band=0.01
2023-02-07,0.5,0,0,0,0.5,S0|cap=0.2|band=0.01
2023-02-08,0.5,0,0,0,0.5,S0|cap=0.2|band=0.01
2023-02-09,0.5,0,0,0,0.5,S0|cap=0.2|band=0.01
2023-02-10,0.5,0,0,0,0.5,S0|cap=0.2|band=0.01
2023-02-13,0.5,0,0,0,0.5,S0|cap=0.2|band=0.01
2023-02-14,0.5,0,0,0,0.5,S0|cap=0.2|band=0.01
2023-02-15,0.5,0,0,0,0.5,S0|cap=0.2|band=0.01
2023-02-16,0.5,0,0,0,0.5,S0|cap=0.2|band=0.01
2023-02-17,0.5,0,0,0,0.5,S0|cap=0.2|band=0.01
2023-02-20,0.5,0,0,0,0.5,S0|cap=0.2|band=0.01
2023-02-21,0.5,0,0,0,0.5,S0|cap=0.2|band=0.01
2023-02-22,0.5,0,0,0,0.5,S0|cap=0.2|band=0.01
2023-02-23,0.5,0,0,0,0.5,S0|cap=0.2|band=0.01
2023-02-24,0.5,0,0,0,0.5,S0|cap=0.2|band=0.01
2023-02-27,0.5,0,0,0,0.5,S0|cap=0.2|band=0.01
2023-02-28,0.5,0,0,0,0.5,S0|cap=0.2|band=0.01
2023-03-01,0.5,0,0,0,0.5,S0|cap=0.2|band=0.01
2023-03-02,0.5,0,0,0,0.5,S0|cap=0.2|band=0.01
2023-03-03,0.5,0,0,0,0.5,S0|cap=0.2|band=0.01
2023-03-06,0.5,0,0,0,0.5,S0|cap=0.2|band=0.01
2023-03-08,0.5,0,0,0,0.5,S0|cap=0.2|band=0.01
2023-03-09,0.5,0,0,0,0.5,S0|cap=0.2|band=0.01
2023-03-10,0.5,0,0,0,0.5,S0|cap=0.2|band=0.01
2023-03-13,0.5,0,0,0,0.5,S0|cap=0.2|band=0.01
2023-03-14,0.5,0,0,0,0.5,S0|cap=0.2|band=0.01
2023-03-15,0.5,0,0,0,0.5,S0|cap=0.2|band=0.01
2023-03-16,0.5,0,0,0,0.5,S0|cap=0.2|band=0.01
2023-03-17,0.5,0,0,0,0.5,S0|cap=0.2|band=0.01
2023-03-20,0.5,0,0,0,0.5,S0|cap=0.2|band=0.01
2023-03-21,0.5,0,0,0,0.5,S0|cap=0.2|band=0.01
2023-03-22,0.5,0,0,0,0.5,S0|cap=0.2|band=0.01
2023-03-23,0.5,0,0,0,0.5,S0|cap=0.2|band=0.01
2023-03-24,0.5,0,0,0,0.5,S0|cap=0.2|band=0.01
2023-03-27,0.5,0,0,0,0.5,S0|cap=0.2|band=0.01
2023-03-28,0.5,0,0,0,0.5,S0|cap=0.2|band=0.01
2023-03-29,0.5,0,0,0,0.5,S0|cap=0.2|band=0.01
2023-03-31,0.5,0,0,0,0.5,S0|cap=0.2|band=0.01
2023-04-03,0.5,0,0,0,0.5,S0|cap=0.2|band=0.01
2023-04-05,0.5,0,0,0,0.5,S0|cap=0.2|band=0.01
2023-04-06,0.5,0,0,0,0.5,S0|cap=0.2|band=0.01
2023-04-10,0.5,0,0,0,0.5,S0|cap=0.2|band=0.01
2023-04-11,0.5,0,0,0,0.5,S0|cap=0.2|band=0.01
2023-04-12,0.5,0,0,0,0.5,S0|cap=0.2|band=0.01
2023-04-13,0.5,0,0,0,0.5,S0|cap=0.2|band=0.01
2023-04-17,0.5,0,0,0,0.5,S0|cap=0.2|band=0.01
2023-04-18,0.5,0,0,0,0.5,S0|cap=0.2|band=0.01
2023-04-19,0.5,0,0,0,0.5,S0|cap=0.2|band=0.01
2023-04-20,0.5,0,0,0,0.5,S0|cap=0.2|band=0.01
2023-04-21,0.5,0,0,0,0.5,S0|cap=0.2|band=0.01
2023-04-24,0.5,0,0,0,0.5,S0|cap=0.2|band=0.01
2023-04-25,0.5,0,0,0,0.5,S0|cap=0.2|band=0.01
2023-04-26,0.5,0,0,0,0.5,S0|cap=0.2|band=0.01
2023-04-27,0.5,0,0,0,0.5,S0|cap=0.2|band=0.01
2023-04-28,0.5,0,0,0,0.5,S0|cap=0.2|band=0.01
2023-05-02,0.5,0,0,0,0.5,S0|cap=0.2|band=0.01
2023-05-03,0.5,0,0,0,0.5,S0|cap=0.2|band=0.01
2023-05-04,0.5,0,0,0,0.5,S0|cap=0.2|band=0.01
2023-05-05,0.5,0,0,0,0.5,S0|cap=0.2|band=0.01
2023-05-08,0.5,0,0,0,0.5,S0|cap=0.2|band=0.01
2023-05-09,0.5,0,0,0,0.5,S0|cap=0.2|band=0.01
2023-05-10,0.5,0,0,0,0.5,S0|cap=0.2|band=0.01
2023-05-11,0.5,0,0,0,0.5,S0|cap=0.2|band=0.01
2023-05-12,0.5,0,0,0,0.5,S0|cap=0.2|band=0.01
2023-05-15,0.5,0,0,0,0.5,S0|cap=0.2|band=0.01
2023-05-16,0.5,0,0,0,0.5,S0|cap=0.2|band=0.01
2023-05-17,0.5,0,0,0,0.5,S0|cap=0.2|band=0.01
2023-05-18,0.5,0,0,0,0.5,S0|cap=0.2|band=0.01
2023-05-19,0.5,0,0,0,0.5,S0|cap=0.2|band=0.01
2023-05-22,0.5,0,0,0,0.5,S0|cap=0.2|band=0.01
2023-05-23,0.5,0,0,0,0.5,S0|cap=0.2|band=0.01
2023-05-24,0.5,0,0,0,0.5,S0|cap=0.2|band=0.01
2023-05-25,0.5,0,0,0,0.5,S0|cap=0.2|band=0.01
2023-05-26,0.5,0,0,0,0.5,S0|cap=0.2|band=0.01
2023-05-29,0.5,0,0,0,0.5,S0|cap=0.2|band=0.01
2023-05-30,0.5,0,0,0,0.5,S0|cap=0.2|band=0.01
2023-05-31,0.5,0,0,0,0.5,S0|cap=0.2|band=0.01
2023-06-01,0.5,0,0,0,0.5,S0|cap=0.2|band=0.01
2023-06-02,0.5,0,0,0,0.5,S0|cap=0.2|band=0.01
2023-06-05,0.5,0,0,0,0.5,S0|cap=0.2|band=0.01
2023-06-06,0.5,0,0,0,0.5,S0|cap=0.2|band=0.01
2023-06-07,0.5,0,0,0,0.5,S0|cap=0.2|band=0.01
2023-06-08,0.5,0,0,0,0.5,S0|cap=0.2|band=0.01
2023-06-09,0.5,0,0,0,0.5,S0|cap=0.2|band=0.01
2023-06-12,0.5,0,0,0,0.5,S0|cap=0.2|band=0.01
2023-06-13,0.5,0,0,0,0.5,S0|cap=0.2|band=0.01
2023-06-14,0.5,0,0,0,0.5,S0|cap=0.2|band=0.01
2023-06-15,0.5,0,0,0,0.5,S0|cap=0.2|band=0.01
2023-06-16,0.5,0,0,0,0.5,S0|cap=0.2|band=0.01
2023-06-19,0.5,0,0,0,0.5,S0|cap=0.2|band=0.01
2023-06-20,0.5,0,0,0,0.5,S0|cap=0.2|band=0.01
2023-06-21,0.5,0,0,0,0.5,S0|cap=0.2|band=0.01
2023-06-22,0.5,0,0,0,0.5,S0|cap=0.2|band=0.01
2023-06-23,0.5,0,0,0,0.5,S0|cap=0.2|band=0.01
2023-06-26,0.5,0,0,0,0.5,S0|cap=0.2|band=0.01
2023-06-27,0.5,0,0,0,0.5,S0|cap=0.2|band=0.01
2023-06-28,0.5,0,0,0,0.5,S0|cap=0.2|band=0.01
2023-06-30,0.5,0,0,0,0.5,S0|cap=0.2|band=0.01
2023-07-03,0.5,0,0,0,0.5,S0|cap=0.2|band=0.01
2023-07-04,0.5,0,0,0,0.5,S0|cap=0.2|band=0.01
2023-07-05,0.5,0,0,0,0.5,S0|cap=0.2|band=0.01
2023-07-06,0.5,0,0,0,0.5,S0|cap=0.2|band=0.01
2023-07-07,0.5,0,0,0,0.5,S0|cap=0.2|band=0.01
2023-07-10,0.5,0,0,0,0.5,S0|cap=0.2|band=0.01
2023-07-11,0.5,0,0,0,0.5,S0|cap=0.2|band=0.01
2023-07-12,0.5,0,0,0,0.5,S0|cap=0.2|band=0.01
2023-07-13,0.5,0,0,0,0.5,S0|cap=0.2|band=0.01
2023-07-14,0.5,0,0,0,0.5,S0|cap=0.2|band=0.01
2023-07-17,0.5,0,0,0,0.5,S0|cap=0.2|band=0.01
2023-07-18,0.5,0,0,0,0.5,S0|cap=0.2|band=0.01
2023-07-19,0.5,0,0,0,0.5,S0|cap=0.2|band=0.01
2023-07-20,0.5,0,0,0,0.5,S0|cap=0.2|band=0.01
2023-07-21,0.5,0,0,0,0.5,S0|cap=0.2|band=0.01
2023-07-24,0.5,0,0,0,0.5,S0|cap=0.2|band=0.01
2023-07-25,0.5,0,0,0,0.5,S0|cap=0.2|band=0.01
2023-07-26,0.5,0,0,0,0.5,S0|cap=0.2|band=0.01
2023-07-27,0.5,0,0,0,0.5,S0|cap=0.2|band=0.01
2023-07-28,0.5,0,0,0,0.5,S0|cap=0.2|band=0.01
2023-07-31,0.5,0,0,0,0.5,S0|cap=0.2|band=0.01
2023-08-01,0.5,0,0,0,0.5,S0|cap=0.2|band=0.01
2023-08-02,0.5,0,0,0,0.5,S0|cap=0.2|band=0.01
2023-08-03,0.5,0,0,0,0.5,S0|cap=0.2|band=0.01
2023-08-04,0.5,0,0,0,0.5,S0|cap=0.2|band=0.01
2023-08-07,0.5,0,0,0,0.5,S0|cap=0.2|band=0.01
2023-08-08,0.5,0,0,0,0.5,S0|cap=0.2|band=0.01
2023-08-09,0.5,0,0,0,0.5,S0|cap=0.2|band=0.01
2023-08-10,0.5,0,0,0,0.5,S0|cap=0.2|band=0.01
2023-08-11,0.5,0,0,0,0.5,S0|cap=0.2|band=0.01
2023-08-14,0.5,0,0,0,0.5,S0|cap=0.2|band=0.01
2023-08-16,0.5,0,0,0,0.5,S0|cap=0.2|band=0.01
2023-08-17,0.5,0,0,0,0.5,S0|cap=0.2|band=0.01
2023-08-18,0.5,0,0,0,0.5,S0|cap=0.2|band=0.01
2023-08-21,0.5,0,0,0,0.5,S0|cap=0.2|band=0.01
2023-08-22,0.5,0,0,0,0.5,S0|cap=0.2|band=0.01
2023-08-23,0.5,0,0,0,0.5,S0|cap=0.2|band=0.01
2023-08-24,0.5,0,0,0,0.5,S0|cap=0.2|band=0.01
2023-08-25,0.5,0,0,0,0.5,S0|cap=0.2|band=0.01
2023-08-28,0.5,0,0,0,0.5,S0|cap=0.2|band=0.01
2023-08-29,0.5,0,0,0,0.5,S0|cap=0.2|band=0.01
2023-08-30,0.5,0,0,0,0.5,S0|cap=0.2|band=0.01
2023-08-31,0.5,0,0,0,0.5,S0|cap=0.2|band=0.01
2023-09-01,0.5,0,0,0,0.5,S0|cap=0.2|band=0.01
2023-09-04,0.5,0,0,0,0.5,S0|cap=0.2|band=0.01
2023-09-05,0.5,0,0,0,0.5,S0|cap=0.2|band=0.01
2023-09-06,0.5,0,0,0,0.5,S0|cap=0.2|band=0.01
2023-09-07,0.5,0,0,0,0.5,S0|cap=0.2|band=0.01
2023-09-08,0.5,0,0,0,0.5,S0|cap=0.2|band=0.01
2023-09-11,0.5,0,0,0,0.5,S0|cap=0.2|band=0.01
2023-09-12,0.5,0,0,0,0.5,S0|cap=0.2|band=0.01
2023-09-13,0.5,0,0,0,0.5,S0|cap=0.2|band=0.01
2023-09-14,0.5,0,0,0,0.5,S0|cap=0.2|band=0.01
2023-09-15,0.5,0,0,0,0.5,S0|cap=0.2|band=0.01
2023-09-18,0.5,0,0,0,0.5,S0|cap=0.2|band=0.01
2023-09-20,0.5,0,0,0,0.5,S0|cap=0.2|band=0.01
2023-09-21,0.5,0,0,0,0.5,S0|cap=0.2|band=0.01
2023-09-22,0.5,0,0,0,0.5,S0|cap=0.2|band=0.01
2023-09-25,0.5,0,0,0,0.5,S0|cap=0.2|band=0.01
2023-09-26,0.5,0,0,0,0.5,S0|cap=0.2|band=0.01
2023-09-27,0.5,0,0,0,0.5,S0|cap=0.2|band=0.01
2023-09-28,0.5,0,0,0,0.5,S0|cap=0.2|band=0.01
2023-09-29,0.5,0,0,0,0.5,S0|cap=0.2|band=0.01
2023-10-03,0.5,0,0,0,0.5,S0|cap=0.2|band=0.01
2023-10-04,0.5,0,0,0,0.5,S0|cap=0.2|band=0.01
2023-10-05,0.5,0,0,0,0.5,S0|cap=0.2|band=0.01
2023-10-06,0.5,0,0,0,0.5,S0|cap=0.2|band=0.01
2023-10-09,0.5,0,0,0,0.5,S0|cap=0.2|band=0.01
2023-10-10,0.5,0,0,0,0.5,S0|cap=0.2|band=0.01
2023-10-11,0.5,0,0,0,0.5,S0|cap=0.2|band=0.01
2023-10-12,0.5,0,0,0,0.5,S0|cap=0.2|band=0.01
2023-10-13,0.5,0,0,0,0.5,S0|cap=0.2|band=0.01
2023-10-16,0.5,0,0,0,0.5,S0|cap=0.2|band=0.01
2023-10-17,0.5,0,0,0,0.5,S0|cap=0.2|band=0.01
2023-10-18,0.5,0,0,0,0.5,S0|cap=0.2|band=0.01
2023-10-19,0.5,0,0,0,0.5,S0|cap=0.2|band=0.01
2023-10-20,0.5,0,0,0,0.5,S0|cap=0.2|band=0.01
2023-10-23,0.5,0,0,0,0.5,S0|cap=0.2|band=0.01
2023-10-25,0.5,0,0,0,0.5,S0|cap=0.2|band=0.01
2023-10-26,0.5,0,0,0,0.5,S0|cap=0.2|band=0.01
2023-10-27,0.5,0,0,0,0.5,S0|cap=0.2|band=0.01
2023-10-30,0.5,0,0,0,0.5,S0|cap=0.2|band=0.01
2023-10-31,0.5,0,0,0,0.5,S0|cap=0.2|band=0.01
2023-11-01,0.5,0,0,0,0.5,S0|cap=0.2|band=0.01
2023-11-02,0.5,0,0,0,0.5,S0|cap=0.2|band=0.01
2023-11-03,0.5,0,0,0,0.5,S0|cap=0.2|band=0.01
2023-11-06,0.5,0,0,0,0.5,S0|cap=0.2|band=0.01
2023-11-07,0.5,0,0,0,0.5,S0|cap=0.2|band=0.01
2023-11-08,0.5,0,0,0,0.5,S0|cap=0.2|band=0.01
2023-11-09,0.5,0,0,0,0.5,S0|cap=0.2|band=0.01
2023-11-10,0.5,0,0,0,0.5,S0|cap=0.2|band=0.01
2023-11-12,0.5,0,0,0,0.5,S0|cap=0.2|band=0.01
2023-11-13,0.5,0,0,0,0.5,S0|cap=0.2|band=0.01
2023-11-15,0.5,0,0,0,0.5,S0|cap=0.2|band=0.01
2023-11-16,0.5,0,0,0,0.5,S0|cap=0.2|band=0.01
2023-11-17,0.5,0,0,0,0.5,S0|cap=0.2|band=0.01
2023-11-20,0.5,0,0,0,0.5,S0|cap=0.2|band=0.01
2023-11-21,0.5,0,0,0,0.5,S0|cap=0.2|band=0.01
2023-11-22,0.5,0,0,0,0.5,S0|cap=0.2|band=0.01
2023-11-23,0.5,0,0,0,0.5,S0|cap=0.2|band=0.01
2023-11-24,0.5,0,0,0,0.5,S0|cap=0.2|band=0.01
2023-11-28,0.5,0,0,0,0.5,S0|cap=0.2|band=0.01
2023-11-29,0.5,0,0,0,0.5,S0|cap=0.2|band=0.01
2023-11-30,0.5,0,0,0,0.5,S0|cap=0.2|band=0.01
2023-12-01,0.5,0,0,0,0.5,S0|cap=0.2|band=0.01
2023-12-04,0.5,0,0,0,0.5,S0|cap=0.2|band=0.01
2023-12-05,0.5,0,0,0,0.5,S0|cap=0.2|band=0.01
2023-12-06,0.5,0,0,0,0.5,S0|cap=0.2|band=0.01
2023-12-07,0.5,0,0,0,0.5,S0|cap=0.2|band=0.01
2023-12-08,0.5,0,0,0,0.5,S0|cap=0.2|band=0.01
2023-12-11,0.5,0,0,0,0.5,S0|cap=0.2|band=0.01
2023-12-12,0.5,0,0,0,0.5,S0|cap=0.2|band=0.01
2023-12-13,0.5,0,0,0,0.5,S0|cap=0.2|band=0.01
2023-12-14,0.5,0,0,0,0.5,S0|cap=0.2|band=0.01
2023-12-15,0.5,0,0,0,0.5,S0|cap=0.2|band=0.01
2023-12-18,0.5,0,0,0,0.5,S0|cap=0.2|band=0.01
2023-12-19,0.5,0,0,0,0.5,S0|cap=0.2|band=0.01
2023-12-20,0.5,0,0,0,0.5,S0|cap=0.2|band=0.01
2023-12-21,0.5,0,0,0,0.5,S0|cap=0.2|band=0.01
2023-12-22,0.5,0,0,0,0.5,S0|cap=0.2|band=0.01
2023-12-26,0.5,0,0,0,0.5,S0|cap=0.2|band=0.01
2023-12-27,0.5,0,0,0,0.5,S0|cap=0.2|band=0.01
2023-12-28,0.5,0,0,0,0.5,S0|cap=0.2|band=0.01
2023-12-29,0.5,0,0,0,0.5,S0|cap=0.2|band=0.01
2024-01-01,0.5,0,0,0,0.5,S0|cap=0.2|band=0.01
2024-01-02,0.5,0,0,0,0.5,S0|cap=0.2|band=0.01
2024-01-03,0.5,0,0,0,0.5,S0|cap=0.2|band=0.01
2024-01-04,0.5,0,0,0,0.5,S0|cap=0.2|band=0.01
2024-01-05,0.5,0,0,0,0.5,S0|cap=0.2|band=0.01
2024-01-08,0.5,0,0,0,0.5,S0|cap=0.2|band=0.01
2024-01-09,0.5,0,0,0,0.5,S0|cap=0.2|band=0.01
2024-01-10,0.5,0,0,0,0.5,S0|cap=0.2|band=0.01
2024-01-11,0.5,0,0,0,0.5,S0|cap=0.2|band=0.01
2024-01-12,0.5,0,0,0,0.5,S0|cap=0.2|band=0.01
2024-01-15,0.5,0,0,0,0.5,S0|cap=0.2|band=0.01
2024-01-16,0.5,0,0,0,0.5,S0|cap=0.2|band=0.01
2024-01-17,0.5,0,0,0,0.5,S0|cap=0.2|band=0.01
2024-01-18,0.5,0,0,0,0.5,S0|cap=0.2|band=0.01
2024-01-19,0.5,0,0,0,0.5,S0|cap=0.2|band=0.01
2024-01-20,0.5,0,0,0,0.5,S0|cap=0.2|band=0.01
2024-01-23,0.5,0,0,0,0.5,S0|cap=0.2|band=0.01
2024-01-24,0.5,0,0,0,0.5,S0|cap=0.2|band=0.01
2024-01-25,0.5,0,0,0,0.5,S0|cap=0.2|band=0.01
2024-01-29,0.5,0,0,0,0.5,S0|cap=0.2|band=0.01
2024-01-30,0.5,0,0,0,0.5,S0|cap=0.2|band=0.01
2024-01-31,0.5,0,0,0,0.5,S0|cap=0.2|band=0.01
2024-02-01,0.5,0,0,0,0.5,S0|cap=0.2|band=0.01
2024-02-02,0.5,0,0,0,0.5,S0|cap=0.2|band=0.01
2024-02-05,0.5,0,0,0,0.5,S0|cap=0.2|band=0.01
2024-02-06,0.5,0,0,0,0.5,S0|cap=0.2|band=0.01
2024-02-07,0.5,0,0,0,0.5,S0|cap=0.2|band=0.01
2024-02-08,0.5,0,0,0,0.5,S0|cap=0.2|band=0.01
2024-02-09,0.5,0,0,0,0.5,S0|cap=0.2|band=0.01
2024-02-12,0.5,0,0,0,0.5,S0|cap=0.2|band=0.01
2024-02-13,0.5,0,0,0,0.5,S0|cap=0.2|band=0.01
2024-02-14,0.5,0,0,0,0.5,S0|cap=0.2|band=0.01
2024-02-15,0.5,0,0,0,0.5,S0|cap=0.2|band=0.01
2024-02-16,0.5,0,0,0,0.5,S0|cap=0.2|band=0.01
2024-02-19,0.5,0,0,0,0.5,S0|cap=0.2|band=0.01
2024-02-20,0.5,0,0,0,0.5,S0|cap=0.2|band=0.01
2024-02-21,0.5,0,0,0,0.5,S0|cap=0.2|band=0.01
2024-02-22,0.5,0,0,0,0.5,S0|cap=0.2|band=0.01
2024-02-23,0.5,0,0,0,0.5,S0|cap=0.2|band=0.01
2024-02-26,0.5,0,0,0,0.5,S0|cap=0.2|band=0.01
2024-02-27,0.5,0,0,0,0.5,S0|cap=0.2|band=0.01
2024-02-28,0.5,0,0,0,0.5,S0|cap=0.2|band=0.01
2024-02-29,0.5,0,0,0,0.5,S0|cap=0.2|band=0.01
2024-03-01,0.5,0,0,0,0.5,S0|cap=0.2|band=0.01
2024-03-02,0.5,0,0,0,0.5,S0|cap=0.2|band=0.01
2024-03-04,0.5,0,0,0,0.5,S0|cap=0.2|band=0.01
2024-03-05,0.5,0,0,0,0.5,S0|cap=0.2|band=0.01
2024-03-06,0.5,0,0,0,0.5,S0|cap=0.2|band=0.01
2024-03-07,0.5,0,0,0,0.5,S0|cap=0.2|band=0.01
2024-03-11,0.5,0,0,0,0.5,S0|cap=0.2|band=0.01
2024-03-12,0.5,0,0,0,0.5,S0|cap=0.2|band=0.01
2024-03-13,0.5,0,0,0,0.5,S0|cap=0.2|band=0.01
2024-03-14,0.5,0,0,0,0.5,S0|cap=0.2|band=0.01
2024-03-15,0.5,0,0,0,0.5,S0|cap=0.2|band=0.01
2024-03-18,0.5,0,0,0,0.5,S0|cap=0.2|band=0.01
2024-03-19,0.5,0,0,0,0.5,S0|cap=0.2|band=0.01
2024-03-20,0.5,0,0,0,0.5,S0|cap=0.2|band=0.01
2024-03-21,0.5,0,0,0,0.5,S0|cap=0.2|band=0.01
2024-03-22,0.5,0,0,0,0.5,S0|cap=0.2|band=0.01
2024-03-26,0.5,0,0,0,0.5,S0|cap=0.2|band=0.01
2024-03-27,0.5,0,0,0,0.5,S0|cap=0.2|band=0.01
2024-03-28,0.5,0,0,0,0.5,S0|cap=0.2|band=0.01
2024-04-01,0.2,0.2,0.2,0.2,0.2,"E1|equal-weight,rebalance=year|band=0.01"
2024-04-02,0.1996935529,0.2014335326,0.1990077343,0.200417807,0.1994473732,"E1|equal-weight,rebalance=year|band=0.01"
2024-04-03,0.1993746604,0.2017826542,0.1990374382,0.200589761,0.1992154863,"E1|equal-weight,rebalance=year|band=0.01"
2024-04-04,0.1993308259,0.200278874,0.2002585735,0.2014261599,0.1987055667,"E1|equal-weight,rebalance=year|band=0.01"
2024-04-05,0.1987224461,0.2011466868,0.2013960316,0.2004471682,0.1982876673,"E1|equal-weight,rebalance=year|band=0.01"
2024-04-08,0.1986692297,0.2010068755,0.2002891966,0.2030135648,0.1970211333,"E1|equal-weight,rebalance=year|band=0.01"
2024-04-09,0.198340304,0.2001282416,0.2009611419,0.2038300749,0.1967402376,"E1|equal-weight,rebalance=year|band=0.01"
2024-04-10,0.1983109436,0.2012225184,0.2009782931,0.2033623384,0.1961259064,"E1|equal-weight,rebalance=year|band=0.01"
2024-04-12,0.1966640869,0.2000223841,0.1995517963,0.2076240465,0.1961376862,"E1|equal-weight,rebalance=year|band=0.01"
2024-04-15,0.1966331923,0.1991164642,0.1983406749,0.2075484699,0.1983611988,"E1|equal-weight,rebalance=year|band=0.01"
2024-04-16,0.1954776923,0.1991553166,0.1973468604,0.2096995866,0.1983205442,"E1|equal-weight,rebalance=year|band=0.01"
2024-04-18,0.1948237975,0.199408996,0.1961668431,0.2105897155,0.1990106479,"E1|equal-weight,rebalance=year|band=0.01"
2024-04-19,0.1952949703,0.1985095054,0.1972845847,0.2106797733,0.1982311664,"E1|equal-weight,rebalance=year|band=0.01"
2024-04-22,0.195946367,0.200125,0.1981839956,0.2081751697,0.1975694676,"E1|equal-weight,rebalance=year|band=0.01"
2024-04-23,0.1972136411,0.2014836662,0.1987824619,0.2040442749,0.1984759558,"E1|equal-weight,rebalance=year|band=0.01"
2024-04-24,0.1965206353,0.2021423694,0.198774786,0.2048479431,0.1977142662,"E1|equal-weight,rebalance=year|band=0.01"
2024-04-25,0.1968140755,0.2024696872,0.1992455495,0.2044960165,0.1969746713,"E1|equal-weight,rebalance=year|band=0.01"
2024-04-26,0.1958586417,0.2037591691,0.1979202724,0.2057599975,0.1967019193,"E1|equal-weight,rebalance=year|band=0.01"
2024-04-29,0.1961516363,0.2028819589,0.2013535066,0.2041998589,0.1954130392,"E1|equal-weight,rebalance=year|band=0.01"
2024-04-30,0.1957984459,0.2045727919,0.2012567057,0.202864671,0.1955073855,"E1|equal-weight,rebalance=year|band=0.01"
2024-05-02,0.1957832104,0.2069456496,0.2001879931,0.202118469,0.1949646779,"E1|equal-weight,rebalance=year|band=0.01"
2024-05-03,0.1949152297,0.2076880587,0.199944697,0.2016792562,0.1957727584,"E1|equal-weight,rebalance=year|band=0.01"
2024-05-06,0.1951043558,0.2055170852,0.2000188937,0.2029861258,0.1963735394,"E1|equal-weight,rebalance=year|band=0.01"
2024-05-07,0.1953735583,0.203645294,0.1991358646,0.2041680597,0.1976772234,"E1|equal-weight,rebalance=year|band=0.01"
2024-05-08,0.1953080516,0.2057660612,0.1980065633,0.2033871689,0.197532155,"E1|equal-weight,rebalance=year|band=0.01"
2024-05-09,0.1941197072,0.2037624817,0.1977402847,0.204991561,0.1993859654,"E1|equal-weight,rebalance=year|band=0.01"
2024-05-10,0.1936406691,0.2038565454,0.196485246,0.2082962177,0.1977213218,"E1|equal-weight,rebalance=year|band=0.01"
2024-05-13,0.193752316,0.2050213941,0.1977643277,0.2056650593,0.1977969029,"E1|equal-weight,rebalance=year|band=0.01"
2024-05-14,0.1940172418,0.2070096093,0.1971561347,0.2048692889,0.1969477253,"E1|equal-weight,rebalance=year|band=0.01"
2024-05-15,0.1934721748,0.2076955578,0.1960548898,0.2061887047,0.1965886729,"E1|equal-weight,rebalance=year|band=0.01"
2024-05-16,0.1939096536,0.2082000214,0.196060113,0.2061536856,0.1956765264,"E1|equal-weight,rebalance=year|band=0.01"
2024-05-17,0.1936049869,0.2104121485,0.1957652393,0.205242144,0.1949754812,"E1|equal-weight,rebalance=year|band=0.01"
2024-05-18,0.1928240942,0.2110259634,0.1949944748,0.2072159171,0.1939395505,"E1|equal-weight,rebalance=year|band=0.01"
2024-05-21,0.1930640806,0.2125422205,0.1945316292,0.2060452225,0.1938168473,"E1|equal-weight,rebalance=year|band=0.01"
2024-05-22,0.1934778137,0.2129820557,0.1936077466,0.2061398615,0.1937925225,"E1|equal-weight,rebalance=year|band=0.01"
2024-05-23,0.1956705893,0.2132143927,0.1963348307,0.2017830717,0.1929971157,"E1|equal-weight,rebalance=year|band=0.01"
2024-05-24,0.1961444505,0.2142353908,0.1973049331,0.1993345804,0.1929806452,"E1|equal-weight,rebalance=year|band=0.01"
2024-05-27,0.1956886835,0.2140517048,0.197986803,0.1994340296,0.1928387791,"E1|equal-weight,rebalance=year|band=0.01"
2024-05-28,0.1956582974,0.2126676542,0.1982310515,0.2002040381,0.1932389588,"E1|equal-weight,rebalance=year|band=0.01"
2024-05-29,0.1951891907,0.2122413862,0.1969223675,0.2014355977,0.1942114578,"E1|equal-weight,rebalance=year|band=0.01"
2024-05-30,0.1944293575,0.2114926597,0.1982749255,0.2007501122,0.1950529451,"E1|equal-weight,rebalance=year|band=0.01"
2024-05-31,0.1942775562,0.2107656343,0.198874234,0.2017650012,0.1943175744,"E1|equal-weight,rebalance=year|band=0.01"
2024-06-03,0.1957610948,0.2153149825,0.2027691121,0.1955414339,0.1906133767,"E1|equal-weight,rebalance=year|band=0.01"
2024-06-04,0.1930954338,0.2159779148,0.1984452917,0.1986788235,0.1938025362,"E1|equal-weight,rebalance=year|band=0.01"
2024-06-05,0.1951760559,0.2093888681,0.1995833429,0.2005609531,0.1952907799,"E1|equal-weight,rebalance=year|band=0.01"
2024-06-06,0.1947923481,0.211762496,0.1984315203,0.2013605346,0.1936531011,"E1|equal-weight,rebalance=year|band=0.01"
2024-06-07,0.1973872353,0.2129252589,0.198971876,0.198577405,0.1921382249,"E1|equal-weight,rebalance=year|band=0.01"
2024-06-10,0.1973515418,0.215118766,0.1991730027,0.1957851714,0.1925715182,"E1|equal-weight,rebalance=year|band=0.01"
2024-06-11,0.1977558609,0.2146465221,0.1987575515,0.1964773882,0.1923626773,"E1|equal-weight,rebalance=year|band=0.01"
2024-06-12,0.1975240315,0.21543181,0.1989534878,0.1963515925,0.1917390781,"E1|equal-weight,rebalance=year|band=0.01"
2024-06-13,0.1977251764,0.2167113068,0.1984015504,0.195864406,0.1912975605,"E1|equal-weight,rebalance=year|band=0.01"
2024-06-14,0.1972001571,0.2188750798,0.1982399726,0.1951142169,0.1905705735,"E1|equal-weight,rebalance=year|band=0.01"
2024-06-18,0.1973127838,0.2195200634,0.1993265644,0.1936796467,0.1901609416,"E1|equal-weight,rebalance=year|band=0.01"
2024-06-19,0.1966008983,0.2169457854,0.2024808603,0.1943301298,0.1896423262,"E1|equal-weight,rebalance=year|band=0.01"
2024-06-20,0.1962396745,0.2164843726,0.2034498115,0.1947421843,0.1890839571,"E1|equal-weight,rebalance=year|band=0.01"
2024-06-21,0.1958255162,0.2152284878,0.203048246,0.1965616643,0.1893360856,"E1|equal-weight,rebalance=year|band=0.01"
2024-06-24,0.1965734913,0.216637931,0.2033890774,0.1938073797,0.1895921206,"E1|equal-weight,rebalance=year|band=0.01"
2024-06-25,0.1970970457,0.2150075554,0.2058500795,0.193314411,0.1887309084,"E1|equal-weight,rebalance=year|band=0.01"
2024-06-26,0.1979855573,0.2146329286,0.2065606681,0.1922233559,0.18859749,"E1|equal-weight,rebalance=year|band=0.01"
2024-06-27,0.199251525,0.2144327478,0.2062561712,0.1916019062,0.1884576499,"E1|equal-weight,rebalance=year|band=0.01"
2024-06-28,0.1994735021,0.2147966449,0.20496651,0.1924191226,0.1883442204,"E1|equal-weight,rebalance=year|band=0.01"
2024-07-01,0.1994442043,0.2160302459,0.2051011363,0.1915497807,0.1878746328,"E1|equal-weight,rebalance=year|band=0.01"
2024-07-02,0.200037352,0.2160622769,0.2037834084,0.1921360739,0.1879808888,"E1|equal-weight,rebalance=year|band=0.01"
2024-07-03,0.1996946216,0.2161522443,0.2052341621,0.192055828,0.1868631441,"E1|equal-weight,rebalance=year|band=0.01"
2024-07-04,0.1994593908,0.21679111,0.2049725526,0.1923071541,0.1864697925,"E1|equal-weight,rebalance=year|band=0.01"
2024-07-05,0.1992708294,0.2183285099,0.2033542444,0.1927209459,0.1863254705,"E1|equal-weight,rebalance=year|band=0.01"
2024-07-08,0.1990066117,0.2186438481,0.2027367345,0.1930969097,0.1865158961,"E1|equal-weight,rebalance=year|band=0.01"
2024-07-09,0.1996415771,0.2191354423,0.2028385323,0.1921616865,0.1862227617,"E1|equal-weight,rebalance=year|band=0.01"
2024-07-10,0.1995098394,0.2194156242,0.2017603078,0.1928623738,0.1864518549,"E1|equal-weight,rebalance=year|band=0.01"
2024-07-11,0.1991573597,0.2197083618,0.201774932,0.1930807706,0.1862785759,"E1|equal-weight,rebalance=year|band=0.01"
2024-07-12,0.1999360794,0.2187563444,0.2014367324,0.1936445706,0.1862262732,"E1|equal-weight,rebalance=year|band=0.01"
2024-07-15,0.2000413966,0.2196465401,0.2016385553,0.1930242137,0.1856492942,"E1|equal-weight,rebalance=year|band=0.01"
2024-07-16,0.2002533483,0.2183874356,0.201269316,0.1945237913,0.1855661089,"E1|equal-weight,rebalance=year|band=0.01"
2024-07-18,0.2014945857,0.2157558966,0.2014877263,0.1957998988,0.1854618925,"E1|equal-weight,rebalance=year|band=0.01"
2024-07-19,0.2017850024,0.2127697246,0.2020686151,0.1961038364,0.1872728215,"E1|equal-weight,rebalance=year|band=0.01"
2024-07-22,0.2009749495,0.2150173298,0.2019232161,0.1948828346,0.18720167,"E1|equal-weight,rebalance=year|band=0.01"
2024-07-23,0.203005879,0.2154240759,0.2019434868,0.1906310471,0.1889955111,"E1|equal-weight,rebalance=year|band=0.01"
2024-07-24,0.2031109263,0.2165796319,0.2011835356,0.189475506,0.1896504003,"E1|equal-weight,rebalance=year|band=0.01"
2024-07-25,0.2034816472,0.2176561935,0.1997826723,0.1890679458,0.1900115412,"E1|equal-weight,rebalance=year|band=0.01"
2024-07-26,0.2044528974,0.2193367196,0.1990445043,0.1890755671,0.1880903117,"E1|equal-weight,rebalance=year|band=0.01"
2024-07-29,0.2050151581,0.221581179,0.1997587874,0.1853551047,0.1882897708,"E1|equal-weight,rebalance=year|band=0.01"
2024-07-30,0.2054762474,0.2214903435,0.2004357363,0.1841334643,0.1884642085,"E1|equal-weight,rebalance=year|band=0.01"
2024-07-31,0.2052861116,0.2222444788,0.2000160823,0.1845705346,0.1878827928,"E1|equal-weight,rebalance=year|band=0.01"
2024-08-01,0.2055417729,0.2212162925,0.199776069,0.1857038178,0.1877620479,"E1|equal-weight,rebalance=year|band=0.01"
2024-08-02,0.2042303086,0.2194901033,0.1997806584,0.188114374,0.1883845557,"E1|equal-weight,rebalance=year|band=0.01"
2024-08-05,0.2029572098,0.2187644667,0.198374735,0.1882689285,0.19163466,"E1|equal-weight,rebalance=year|band=0.01"
2024-08-06,0.2032577573,0.2155400222,0.1984324192,0.1894773793,0.1932924219,"E1|equal-weight,rebalance=year|band=0.01"
2024-08-07,0.2041684998,0.2194533498,0.1981504076,0.1865301195,0.1916976232,"E1|equal-weight,rebalance=year|band=0.01"
2024-08-08,0.2033641703,0.2191851786,0.1985548422,0.186662831,0.1922329778,"E1|equal-weight,rebalance=year|band=0.01"
2024-08-09,0.2036372352,0.2199346445,0.1983255028,0.1871768952,0.1909257222,"E1|equal-weight,rebalance=year|band=0.01"
2024-08-12,0.2032921995,0.2189491972,0.1988345783,0.188110413,0.190813612,"E1|equal-weight,rebalance=year|band=0.01"
2024-08-13,0.2028748327,0.2176974151,0.197336662,0.1902787919,0.1918122982,"E1|equal-weight,rebalance=year|band=0.01"
2024-08-14,0.2026495801,0.2178857855,0.1968335524,0.1908669519,0.19176413,"E1|equal-weight,rebalance=year|band=0.01"
2024-08-16,0.2042075695,0.2191632491,0.1977225406,0.1887501186,0.1901565222,"E1|equal-weight,rebalance=year|band=0.01"
2024-08-19,0.2037951991,0.2196177509,0.1964443356,0.1906928602,0.1894498542,"E1|equal-weight,rebalance=year|band=0.01"
2024-08-20,0.2036172334,0.2204020327,0.1970214788,0.1905960042,0.1883632509,"E1|equal-weight,rebalance=year|band=0.01"
2024-08-21,0.2039061503,0.2211760792,0.1966971064,0.1897546089,0.1884660553,"E1|equal-weight,rebalance=year|band=0.01"
2024-08-22,0.2035835408,0.2220602021,0.196970303,0.1894270568,0.1879588973,"E1|equal-weight,rebalance=year|band=0.01"
2024-08-23,0.2039338966,0.2217012733,0.1970841074,0.1890431985,0.1882375242,"E1|equal-weight,rebalance=year|band=0.01"
2024-08-26,0.2044872134,0.2215439015,0.1967892178,0.1898434698,0.1873361975,"E1|equal-weight,rebalance=year|band=0.01"
2024-08-27,0.2044299679,0.2217763604,0.1973696099,0.1890116193,0.1874124424,"E1|equal-weight,rebalance=year|band=0.01"
2024-08-28,0.2045477053,0.2221932888,0.1969081748,0.1889577576,0.1873930735,"E1|equal-weight,rebalance=year|band=0.01"
2024-08-29,0.2052977904,0.2216462375,0.1967930341,0.1889276418,0.1873352962,"E1|equal-weight,rebalance=year|band=0.01"
2024-08-30,0.20549654,0.2218537289,0.1970224104,0.1887312163,0.1868961043,"E1|equal-weight,rebalance=year|band=0.01"
2024-09-02,0.205859766,0.2221447033,0.1973656577,0.187540054,0.1870898191,"E1|equal-weight,rebalance=year|band=0.01"
2024-09-03,0.2056962006,0.2220566692,0.1978977052,0.1875532461,0.1867961789,"E1|equal-weight,rebalance=year|band=0.01"
2024-09-04,0.2057310472,0.2229814906,0.1979040621,0.1862287593,0.1871546408,"E1|equal-weight,rebalance=year|band=0.01"
2024-09-05,0.2048875875,0.2220961285,0.1977648521,0.1882660834,0.1869853485,"E1|equal-weight,rebalance=year|band=0.01"
2024-09-06,0.2043642795,0.2215471005,0.1959026227,0.1898937413,0.188292256,"E1|equal-weight,rebalance=year|band=0.01"
2024-09-09,0.2042604276,0.2216241105,0.1973883753,0.1883277108,0.1883993757,"E1|equal-weight,rebalance=year|band=0.01"
2024-09-10,0.2047314408,0.2214891984,0.1975843161,0.1883584568,0.1878365879,"E1|equal-weight,rebalance=year|band=0.01"
2024-09-11,0.2040512343,0.2208799623,0.1967515471,0.1899505865,0.1883666699,"E1|equal-weight,rebalance=year|band=0.01"
2024-09-12,0.2059640323,0.2215616735,0.1978677618,0.1879149198,0.1866916125,"E1|equal-weight,rebalance=year|band=0.01"
2024-09-13,0.205423183,0.2208057209,0.1975666544,0.1902834139,0.1859210277,"E1|equal-weight,rebalance=year|band=0.01"
2024-09-16,0.2050053583,0.2202943763,0.1979977733,0.1911054971,0.185596995,"E1|equal-weight,rebalance=year|band=0.01"
2024-09-17,0.2055517413,0.220083981,0.1983067692,0.1903335862,0.1857239223,"E1|equal-weight,rebalance=year|band=0.01"
2024-09-18,0.2050525113,0.2191412174,0.2002018331,0.1899492913,0.1856551469,"E1|equal-weight,rebalance=year|band=0.01"
2024-09-19,0.2050806401,0.2172791793,0.2011167305,0.191168353,0.1853550971,"E1|equal-weight,rebalance=year|band=0.01"
2024-09-20,0.2057040942,0.2181750517,0.2018654765,0.1903574339,0.1838979437,"E1|equal-weight,rebalance=year|band=0.01"
2024-09-23,0.2056166643,0.2195676231,0.2023590491,0.1899526642,0.1825039993,"E1|equal-weight,rebalance=year|band=0.01"
2024-09-24,0.2055877422,0.2198091497,0.2015659528,0.1904965679,0.1825405874,"E1|equal-weight,rebalance=year|band=0.01"
2024-09-25,0.2057266875,0.218706483,0.2012399666,0.1921282705,0.1821985925,"E1|equal-weight,rebalance=year|band=0.01"
2024-09-26,0.2059801674,0.21924038,0.201498253,0.1917324146,0.1815487849,"E1|equal-weight,rebalance=year|band=0.01"
2024-09-27,0.2063768521,0.2209303077,0.2000697737,0.190952978,0.1816700884,"E1|equal-weight,rebalance=year|band=0.01"
2024-09-30,0.205151199,0.2212052674,0.1982819045,0.1923938745,0.1829677547,"E1|equal-weight,rebalance=year|band=0.01"
2024-10-01,0.2050735192,0.2212678105,0.1981295923,0.1925155103,0.1830135677,"E1|equal-weight,rebalance=year|band=0.01"
2024-10-03,0.2033361166,0.2198581825,0.1967185966,0.1949584627,0.1851286416,"E1|equal-weight,rebalance=year|band=0.01"
2024-10-04,0.2022762007,0.2194845589,0.1957423027,0.196622419,0.1858745188,"E1|equal-weight,rebalance=year|band=0.01"
2024-10-07,0.2027657066,0.2166772218,0.1946366741,0.1980567262,0.1878636713,"E1|equal-weight,rebalance=year|band=0.01"
2024-10-08,0.2029185188,0.2188017689,0.1950665361,0.1961072601,0.1871059161,"E1|equal-weight,rebalance=year|band=0.01"
2024-10-09,0.2023279017,0.2210791353,0.1948507349,0.1946851414,0.1870570867,"E1|equal-weight,rebalance=year|band=0.01"
2024-10-10,0.2023985601,0.2203131203,0.1962009546,0.1943178632,0.1867695018,"E1|equal-weight,rebalance=year|band=0.01"
2024-10-11,0.2018828482,0.2204420636,0.1950965878,0.1958597808,0.1867187195,"E1|equal-weight,rebalance=year|band=0.01"
2024-10-14,0.2022115218,0.2199761982,0.1959473228,0.1961018377,0.1857631195,"E1|equal-weight,rebalance=year|band=0.01"
2024-10-15,0.2015408522,0.2206403599,0.1962928675,0.1957331999,0.1857927205,"E1|equal-weight,rebalance=year|band=0.01"
2024-10-16,0.2005786034,0.2201885544,0.1959017097,0.1975066392,0.1858244934,"E1|equal-weight,rebalance=year|band=0.01"
2024-10-17,0.2008621192,0.2170242683,0.1956977264,0.1990796519,0.1873362342,"E1|equal-weight,rebalance=year|band=0.01"
2024-10-18,0.2001653471,0.216457571,0.1971629307,0.2000599142,0.1861542371,"E1|equal-weight,rebalance=year|band=0.01"
2024-10-21,0.1998890253,0.2139775688,0.1969946044,0.2024266034,0.186712198,"E1|equal-weight,rebalance=year|band=0.01"
2024-10-22,0.1998962153,0.2100556929,0.1969139775,0.204400697,0.1887334173,"E1|equal-weight,rebalance=year|band=0.01"
2024-10-23,0.1995154704,0.2093970612,0.1966528932,0.2056994068,0.1887351684,"E1|equal-weight,rebalance=year|band=0.01"
2024-10-24,0.1992086197,0.2088117841,0.1979904573,0.2048378387,0.1891513001,"E1|equal-weight,rebalance=year|band=0.01"
2024-10-25,0.1994178097,0.2077369565,0.1969557904,0.2053549609,0.1905344825,"E1|equal-weight,rebalance=year|band=0.01"
2024-10-28,0.1995649374,0.2076510617,0.1976393302,0.2054110827,0.189733588,"E1|equal-weight,rebalance=year|band=0.01"
2024-10-29,0.1991723462,0.2074040508,0.1997438539,0.2054041018,0.1882756474,"E1|equal-weight,rebalance=year|band=0.01"
2024-10-30,0.1983134596,0.2068060079,0.198570476,0.2078256186,0.1884844378,"E1|equal-weight,rebalance=year|band=0.01"
2024-10-31,0.1978815284,0.2065958302,0.1981285462,0.2082264847,0.1891676105,"E1|equal-weight,rebalance=year|band=0.01"
2024-11-01,0.1985010643,0.2085383546,0.1977847668,0.2066212388,0.1885545755,"E1|equal-weight,rebalance=year|band=0.01"
2024-11-04,0.1977028938,0.2065225334,0.1982046339,0.2068995504,0.1906703885,"E1|equal-weight,rebalance=year|band=0.01"
2024-11-05,0.198235476,0.2063991106,0.2003430854,0.2054302819,0.189592046,"E1|equal-weight,rebalance=year|band=0.01"
2024-11-06,0.1991117729,0.2096435635,0.2000411663,0.2029053257,0.1882981716,"E1|equal-weight,rebalance=year|band=0.01"
2024-11-07,0.1988051482,0.209545928,0.2003167893,0.2010572259,0.1902749085,"E1|equal-weight,rebalance=year|band=0.01"
2024-11-08,0.1987548703,0.2075251129,0.1993809772,0.203603802,0.1907352377,"E1|equal-weight,rebalance=year|band=0.01"
2024-11-11,0.1986840677,0.2081846186,0.2003218213,0.2019866954,0.1908227969,"E1|equal-weight,rebalance=year|band=0.01"
2024-11-12,0.199437771,0.2064704142,0.2008940081,0.1996210825,0.1935767241,"E1|equal-weight,rebalance=year|band=0.01"
2024-11-13,0.1986554354,0.2045178975,0.1985598999,0.2028226454,0.1954441217,"E1|equal-weight,rebalance=year|band=0.01"
2024-11-14,0.199272155,0.2061315306,0.1996469815,0.1988087981,0.1961405347,"E1|equal-weight,rebalance=year|band=0.01"
2024-11-18,0.197850269,0.2053272812,0.1993424108,0.2017782648,0.1957017743,"E1|equal-weight,rebalance=year|band=0.01"
2024-11-19,0.1972970701,0.2053789716,0.1992026786,0.2033723195,0.1947489602,"E1|equal-weight,rebalance=year|band=0.01"
2024-11-21,0.1964598839,0.2029639873,0.1986546532,0.2066087187,0.1953127569,"E1|equal-weight,rebalance=year|band=0.01"
2024-11-22,0.1979458083,0.2039026744,0.1992089987,0.2062254452,0.1927170734,"E1|equal-weight,rebalance=year|band=0.01"
2024-11-25,0.1992484085,0.2063521569,0.2014377727,0.2016397796,0.1913218824,"E1|equal-weight,rebalance=year|band=0.01"
2024-11-26,0.1996478457,0.2073802579,0.2020211081,0.1990768031,0.1918739853,"E1|equal-weight,rebalance=year|band=0.01"
2024-11-27,0.1994054457,0.2082527961,0.2014873598,0.1998841785,0.1909702199,"E1|equal-weight,rebalance=year|band=0.01"
2024-11-28,0.19727335,0.2092341219,0.2009593718,0.2008494205,0.1916837358,"E1|equal-weight,rebalance=year|band=0.01"
2024-11-29,0.1980970986,0.2097340638,0.2003900892,0.20082492,0.1909538283,"E1|equal-weight,rebalance=year|band=0.01"
2024-12-02,0.1989564188,0.2108585657,0.2004244994,0.1989276669,0.1908328492,"E1|equal-weight,rebalance=year|band=0.01"
2024-12-03,0.19882898,0.2116909326,0.2012909642,0.1985649329,0.1896241902,"E1|equal-weight,rebalance=year|band=0.01"
2024-12-04,0.198495001,0.2119326641,0.2027911782,0.1977506876,0.189030469,"E1|equal-weight,rebalance=year|band=0.01"
2024-12-05,0.1995731375,0.2117329698,0.203129524,0.197184422,0.1883799467,"E1|equal-weight,rebalance=year|band=0.01"
2024-12-06,0.1992213155,0.2127650623,0.2032441857,0.1966502307,0.1881192058,"E1|equal-weight,rebalance=year|band=0.01"
2024-12-09,0.1988682843,0.2124121553,0.2025717586,0.1977525004,0.1883953014,"E1|equal-weight,rebalance=year|band=0.01"
2024-12-10,0.1980237733,0.2129884625,0.2026357846,0.1984083372,0.1879436425,"E1|equal-weight,rebalance=year|band=0.01"
2024-12-11,0.1980580852,0.2132205092,0.2015432187,0.1993675898,0.1878105972,"E1|equal-weight,rebalance=year|band=0.01"
2024-12-12,0.1974667235,0.2127351273,0.2011406277,0.2007828612,0.1878746603,"E1|equal-weight,rebalance=year|band=0.01"
2024-12-13,0.1989696244,0.2124950667,0.2024052647,0.19816107,0.1879689743,"E1|equal-weight,rebalance=year|band=0.01"
2024-12-16,0.1985678895,0.2131335233,0.2023922909,0.1977929183,0.1881133781,"E1|equal-weight,rebalance=year|band=0.01"
2024-12-17,0.1979555991,0.2122164,0.2016471269,0.1983684289,0.1898124452,"E1|equal-weight,rebalance=year|band=0.01"
2024-12-18,0.1978951209,0.2105207066,0.2004396301,0.2002924446,0.1908520978,"E1|equal-weight,rebalance=year|band=0.01"
2024-12-19,0.1977032029,0.2102560483,0.1997639965,0.1999395238,0.1923372286,"E1|equal-weight,rebalance=year|band=0.01"
2024-12-20,0.1972353982,0.2074821087,0.1990787897,0.2012064581,0.1949972454,"E1|equal-weight,rebalance=year|band=0.01"
2024-12-23,0.1971384464,0.2066395032,0.2003177416,0.2020171667,0.1938871421,"E1|equal-weight,rebalance=year|band=0.01"
2024-12-24,0.19724398,0.2070062288,0.2002872378,0.2013378414,0.194124712,"E1|equal-weight,rebalance=year|band=0.01"
2024-12-26,0.1971301883,0.2073110921,0.1995083782,0.2020958329,0.1939545086,"E1|equal-weight,rebalance=year|band=0.01"
2024-12-27,0.197573372,0.2057615768,0.2000994882,0.2026655482,0.1939000147,"E1|equal-weight,rebalance=year|band=0.01"
2024-12-30,0.1970329259,0.2052039635,0.1998071048,0.2029894063,0.1949665994,"E1|equal-weight,rebalance=year|band=0.01"
2024-12-31,0.197136055,0.2050898629,0.1993746428,0.2033043548,0.1950950845,"E1|equal-weight,rebalance=year|band=0.01"
2025-01-01,0.1973309753,0.2051467858,0.1995398622,0.2034692848,0.1945130919,"E1|equal-weight,rebalance=year|band=0.01"
2025-01-02,0.1989497133,0.2060982248,0.1992613281,0.202654292,0.1930364419,"E1|equal-weight,rebalance=year|band=0.01"
2025-01-03,0.1980877007,0.2066439708,0.1976115615,0.2043649387,0.1932918283,"E1|equal-weight,rebalance=year|band=0.01"
2025-01-06,0.1981665485,0.2033666241,0.1960927886,0.2060174531,0.1963565857,"E1|equal-weight,rebalance=year|band=0.01"
2025-01-07,0.1983299938,0.2025991024,0.1968533433,0.2061679007,0.1960496598,"E1|equal-weight,rebalance=year|band=0.01"
2025-01-08,0.1985883211,0.2013729186,0.1957964092,0.2077399934,0.1965023578,"E1|equal-weight,rebalance=year|band=0.01"
2025-01-09,0.1980715628,0.1996844732,0.1954220539,0.2094899851,0.197331925,"E1|equal-weight,rebalance=year|band=0.01"
2025-01-10,0.1984696479,0.1970314311,0.19366695,0.2123626449,0.1984693261,"E1|equal-weight,rebalance=year|band=0.01"
2025-01-13,0.1979317846,0.1915982181,0.193532321,0.2159611728,0.2009765036,"E1|equal-weight,rebalance=year|band=0.01"
2025-01-14,0.1972789436,0.1942810942,0.1948936737,0.213854821,0.1996914675,"E1|equal-weight,rebalance=year|band=0.01"
2025-01-15,0.1970029231,0.1953929423,0.1943927181,0.2140028896,0.1992085269,"E1|equal-weight,rebalance=year|band=0.01"
2025-01-16,0.1966350305,0.1967585137,0.1948675499,0.2137284425,0.1980104634,"E1|equal-weight,rebalance=year|band=0.01"
2025-01-17,0.1962253088,0.1989277119,0.1922006961,0.2142881225,0.1983581607,"E1|equal-weight,rebalance=year|band=0.01"
2025-01-20,0.1964840449,0.198241867,0.1946009325,0.2130984447,0.1975747109,"E1|equal-weight,rebalance=year|band=0.01"
2025-01-21,0.1957513272,0.1948428451,0.1937016839,0.216248886,0.1994552579,"E1|equal-weight,rebalance=year|band=0.01"
2025-01-22,0.1961004211,0.1927468457,0.1940285022,0.2180079279,0.1991163031,"E1|equal-weight,rebalance=year|band=0.01"
2025-01-23,0.1963270142,0.1944114547,0.1932903237,0.2170930336,0.1988781738,"E1|equal-weight,rebalance=year|band=0.01"
2025-01-24,0.1961455177,0.1921597993,0.1928512583,0.219100425,0.1997429997,"E1|equal-weight,rebalance=year|band=0.01"
2025-01-27,0.1958503033,0.1883487978,0.1936403873,0.2206489084,0.2015116032,"E1|equal-weight,rebalance=year|band=0.01"
2025-01-28,0.1962580938,0.1880547701,0.1956592906,0.2193421558,0.2006856897,"E1|equal-weight,rebalance=year|band=0.01"
2025-01-29,0.1963932758,0.1903821615,0.1952848018,0.2186607067,0.1992790541,"E1|equal-weight,rebalance=year|band=0.01"
2025-01-30,0.1965389256,0.190085562,0.1956991366,0.2188557709,0.198820605,"E1|equal-weight,rebalance=year|band=0.01"
2025-01-31,0.1967738463,0.1916764106,0.1946045936,0.2199534199,0.1969917295,"E1|equal-weight,rebalance=year|band=0.01"
2025-02-01,0.1962269909,0.1922937521,0.1947270072,0.2196559899,0.1970962599,"E1|equal-weight,rebalance=year|band=0.01"
2025-02-03,0.1960749362,0.1900556066,0.1940735673,0.2222417979,0.1975540921,"E1|equal-weight,rebalance=year|band=0.01"
2025-02-04,0.1967404054,0.1911392102,0.1951553553,0.221373999,0.1955910302,"E1|equal-weight,rebalance=year|band=0.01"
2025-02-05,0.1955373633,0.1909878098,0.194649284,0.2245288453,0.1942966976,"E1|equal-weight,rebalance=year|band=0.01"
2025-02-06,0.1953074078,0.1899526752,0.1954077086,0.2245711478,0.1947610606,"E1|equal-weight,rebalance=year|band=0.01"
2025-02-07,0.1950272858,0.1902184679,0.194655471,0.2251223471,0.1949764282,"E1|equal-weight,rebalance=year|band=0.01"
2025-02-10,0.1940669768,0.1871414054,0.1946102867,0.2286865913,0.1954947399,"E1|equal-weight,rebalance=year|band=0.01"
2025-02-11,0.1937307,0.1844366371,0.1945782526,0.2295263295,0.1977280807,"E1|equal-weight,rebalance=year|band=0.01"
2025-02-12,0.1937924605,0.1848005259,0.1951392234,0.2282198734,0.1980479168,"E1|equal-weight,rebalance=year|band=0.01"
2025-02-13,0.1935316216,0.1849608875,0.1943345726,0.2292770416,0.1978958767,"E1|equal-weight,rebalance=year|band=0.01"
2025-02-14,0.1935218937,0.1817165975,0.1944228502,0.2314758732,0.1988627854,"E1|equal-weight,rebalance=year|band=0.01"
2025-02-17,0.1939359914,0.1814611292,0.1953312331,0.2299971236,0.1992745227,"E1|equal-weight,rebalance=year|band=0.01"
2025-02-18,0.1936669978,0.1817509466,0.1943587631,0.2309785044,0.1992447881,"E1|equal-weight,rebalance=year|band=0.01"
2025-02-19,0.1924141828,0.1825414083,0.1952597126,0.2318303193,0.1979543769,"E1|equal-weight,rebalance=year|band=0.01"
2025-02-20,0.1922222904,0.1850162025,0.1940692077,0.2308708177,0.1978214817,"E1|equal-weight,rebalance=year|band=0.01"
2025-02-21,0.192314083,0.1843488887,0.1934975849,0.2308610864,0.198978357,"E1|equal-weight,rebalance=year|band=0.01"
2025-02-24,0.1909721109,0.1828587871,0.193048068,0.2333329246,0.1997881094,"E1|equal-weight,rebalance=year|band=0.01"
2025-02-25,0.1911520163,0.181709701,0.1928844309,0.2341463976,0.2001074542,"E1|equal-weight,rebalance=year|band=0.01"
2025-02-27,0.1917637921,0.1807818143,0.194226139,0.2322613107,0.200966944,"E1|equal-weight,rebalance=year|band=0.01"
2025-02-28,0.1908887072,0.1779817761,0.1952566738,0.2324757193,0.2033971237,"E1|equal-weight,rebalance=year|band=0.01"
2025-03-03,0.1904519378,0.1790813461,0.1939298682,0.2331673676,0.2033694802,"E1|equal-weight,rebalance=year|band=0.01"
2025-03-04,0.1890740748,0.179367695,0.1937168477,0.2354504975,0.202390885,"E1|equal-weight,rebalance=year|band=0.01"
2025-03-05,0.1900134319,0.1826375462,0.1930345761,0.2333114571,0.2010029887,"E1|equal-weight,rebalance=year|band=0.01"
2025-03-06,0.1910351137,0.1842016652,0.1932227758,0.2312369777,0.2003034676,"E1|equal-weight,rebalance=year|band=0.01"
2025-03-07,0.191139079,0.1834209007,0.192767913,0.2323099526,0.2003621548,"E1|equal-weight,rebalance=year|band=0.01"
2025-03-10,0.1912801062,0.1815616563,0.192307065,0.2333585911,0.2014925815,"E1|equal-weight,rebalance=year|band=0.01"
2025-03-11,0.1915837751,0.1825840522,0.1911236959,0.233131994,0.2015764827,"E1|equal-weight,rebalance=year|band=0.01"
2025-03-12,0.1911046797,0.1823274748,0.1915479705,0.2336384279,0.2013814471,"E1|equal-weight,rebalance=year|band=0.01"
2025-03-13,0.1905646124,0.1812905889,0.191523995,0.2352242918,0.2013965119,"E1|equal-weight,rebalance=year|band=0.01"
2025-03-17,0.1903448233,0.1815513284,0.1914884176,0.2361901377,0.200425293,"E1|equal-weight,rebalance=year|band=0.01"
2025-03-18,0.1905074165,0.1838812414,0.1929065182,0.2349298259,0.197774998,"E1|equal-weight,rebalance=year|band=0.01"
2025-03-19,0.1900715196,0.185790827,0.1934873417,0.2339668888,0.196683423,"E1|equal-weight,rebalance=year|band=0.01"
2025-03-20,0.1910898598,0.1860062464,0.193527559,0.233596519,0.1957798158,"E1|equal-weight,rebalance=year|band=0.01"
2025-03-21,0.1918527075,0.186837135,0.1947799684,0.2312504766,0.1952797125,"E1|equal-weight,rebalance=year|band=0.01"
2025-03-24,0.1933441976,0.1879930164,0.1978101443,0.2267455689,0.1941070728,"E1|equal-weight,rebalance=year|band=0.01"
2025-03-25,0.1936902595,0.1857256939,0.1979433242,0.2280134256,0.1946272968,"E1|equal-weight,rebalance=year|band=0.01"
2025-03-26,0.1930354818,0.1855998455,0.1971033801,0.228886907,0.1953743855,"E1|equal-weight,rebalance=year|band=0.01"
2025-03-27,0.1924608503,0.1867739292,0.1973916381,0.2291954496,0.1941781328,"E1|equal-weight,rebalance=year|band=0.01"
2025-03-28,0.1920962917,0.1856366315,0.1975227223,0.2303313647,0.1944129898,"E1|equal-weight,rebalance=year|band=0.01"
2025-04-01,0.2,0.2,0.2,0.2,0.2,"E1|equal-weight,rebalance=year|band=0.01"
2025-04-02,0.20067552,0.2014005513,0.2008544997,0.197839165,0.1992302639,"E1|equal-weight,rebalance=year|band=0.01"
2025-04-03,0.1999356934,0.2016178475,0.2019447113,0.1970157636,0.1994859842,"E1|equal-weight,rebalance=year|band=0.01"
2025-04-04,0.1993572375,0.1984312769,0.2039945292,0.1967107243,0.2015062321,"E1|equal-weight,rebalance=year|band=0.01"
2025-04-07,0.1972024411,0.1969446968,0.2022068454,0.1977732369,0.2058727799,"E1|equal-weight,rebalance=year|band=0.01"
2025-04-08,0.1984881806,0.1987750269,0.2026298164,0.1958126519,0.2042943243,"E1|equal-weight,rebalance=year|band=0.01"
2025-04-09,0.1970485196,0.1982742803,0.2015303701,0.1989149729,0.2042318571,"E1|equal-weight,rebalance=year|band=0.01"
2025-04-11,0.1975352715,0.1974778509,0.2007127999,0.2034178861,0.2008561916,"E1|equal-weight,rebalance=year|band=0.01"
2025-04-15,0.1985077333,0.2003335622,0.2029997818,0.1999616779,0.1981972447,"E1|equal-weight,rebalance=year|band=0.01"
2025-04-16,0.1975360758,0.1997633695,0.2040253929,0.2021995065,0.1964756553,"E1|equal-weight,rebalance=year|band=0.01"
2025-04-17,0.1990335037,0.1990004356,0.2064549032,0.2009513237,0.1945598338,"E1|equal-weight,rebalance=year|band=0.01"
2025-04-21,0.1986296216,0.1998682406,0.2074467438,0.2020316151,0.1920237788,"E1|equal-weight,rebalance=year|band=0.01"
2025-04-22,0.1975568229,0.198855285,0.207605547,0.2052099791,0.190772366,"E1|equal-weight,rebalance=year|band=0.01"
2025-04-23,0.1997690391,0.201186755,0.2074445789,0.1999147762,0.1916848508,"E1|equal-weight,rebalance=year|band=0.01"
2025-04-24,0.1994360935,0.2011158327,0.2069143394,0.2005213058,0.1920124286,"E1|equal-weight,rebalance=year|band=0.01"
2025-04-25,0.1995824109,0.198577198,0.2068032362,0.2011947589,0.193842396,"E1|equal-weight,rebalance=year|band=0.01"
2025-04-28,0.2010133689,0.1994922836,0.2087709208,0.1977487299,0.1929746968,"E1|equal-weight,rebalance=year|band=0.01"
2025-04-29,0.2006265212,0.1988744636,0.2080494963,0.199832599,0.19261692,"E1|equal-weight,rebalance=year|band=0.01"
2025-04-30,0.2016346986,0.1983944048,0.2080119641,0.1983946712,0.1935642613,"E1|equal-weight,rebalance=year|band=0.01"
2025-05-02,0.2017665921,0.1983679625,0.2081205693,0.1980289414,0.1937159347,"E1|equal-weight,rebalance=year|band=0.01"
2025-05-05,0.2023197575,0.2001676019,0.2062658799,0.1985500702,0.1926966906,"E1|equal-weight,rebalance=year|band=0.01"
2025-05-06,0.2013781044,0.1961479279,0.2040852753,0.2052978087,0.1930908836,"E1|equal-weight,rebalance=year|band=0.01"
2025-05-07,0.201492602,0.1970501384,0.2052165069,0.2031470164,0.1930937363,"E1|equal-weight,rebalance=year|band=0.01"
2025-05-08,0.201574232,0.1943150812,0.2059777594,0.2036858779,0.1944470495,"E1|equal-weight,rebalance=year|band=0.01"
2025-05-09,0.2008095177,0.1948291599,0.2043064262,0.2044860251,0.195568871,"E1|equal-weight,rebalance=year|band=0.01"
2025-05-12,0.2054349067,0.1994704852,0.2080843978,0.1943313052,0.1926789051,"E1|equal-weight,rebalance=year|band=0.01"
2025-05-13,0.2032960188,0.1997382064,0.2066403101,0.1973234544,0.1930020104,"E1|equal-weight,rebalance=year|band=0.01"
2025-05-14,0.2039098949,0.2011594404,0.2059109891,0.1960384904,0.1929811853,"E1|equal-weight,rebalance=year|band=0.01"
2025-05-15,0.2060442282,0.2023969542,0.2073207227,0.1917128358,0.1925252591,"E1|equal-weight,rebalance=year|band=0.01"
2025-05-16,0.2050130541,0.2042760338,0.2065812735,0.1925581559,0.1915714827,"E1|equal-weight,rebalance=year|band=0.01"
2025-05-19,0.2038795447,0.2048846341,0.2064218835,0.1935135852,0.1913003525,"E1|equal-weight,rebalance=year|band=0.01"
2025-05-20,0.20367343,0.2025896419,0.206378565,0.1946141497,0.1927442135,"E1|equal-weight,rebalance=year|band=0.01"
2025-05-21,0.2028917851,0.2035571584,0.2053122127,0.1966466056,0.1915922381,"E1|equal-weight,rebalance=year|band=0.01"
2025-05-22,0.2020137062,0.2031836237,0.20513248,0.1977273746,0.1919428156,"E1|equal-weight,rebalance=year|band=0.01"
2025-05-23,0.2030168264,0.2034880064,0.2060489412,0.196212853,0.1912333729,"E1|equal-weight,rebalance=year|band=0.01"
2025-05-26,0.2034359644,0.2036596465,0.2060219403,0.1961896245,0.1906928243,"E1|equal-weight,rebalance=year|band=0.01"
2025-05-27,0.2028852768,0.2033871669,0.2061057917,0.1962936395,0.1913281251,"E1|equal-weight,rebalance=year|band=0.01"
2025-05-28,0.2024027192,0.2028281157,0.2060193487,0.1974548393,0.1912949771,"E1|equal-weight,rebalance=year|band=0.01"
2025-05-29,0.2032048215,0.2033054162,0.206727186,0.195262576,0.1915000003,"E1|equal-weight,rebalance=year|band=0.01"
2025-05-30,0.2026062935,0.2025499472,0.2074328959,0.1960485323,0.1913623311,"E1|equal-weight,rebalance=year|band=0.01"
2025-06-02,0.2016050976,0.2025601087,0.2071959647,0.1978708902,0.1907679388,"E1|equal-weight,rebalance=year|band=0.01"
2025-06-03,0.2007744751,0.2020567133,0.2064150201,0.1994718949,0.1912818966,"E1|equal-weight,rebalance=year|band=0.01"
2025-06-04,0.2008145422,0.2021912174,0.206273362,0.1998494285,0.1908714499,"E1|equal-weight,rebalance=year|band=0.01"
2025-06-05,0.2013083317,0.2022554194,0.2059294639,0.2002241429,0.1902826422,"E1|equal-weight,rebalance=year|band=0.01"
2025-06-06,0.2017615184,0.2031573786,0.208225714,0.1977051668,0.1891502223,"E1|equal-weight,rebalance=year|band=0.01"
2025-06-09,0.2019276695,0.2051431198,0.2086530136,0.1954487851,0.1888274121,"E1|equal-weight,rebalance=year|band=0.01"
2025-06-10,0.2020032651,0.2057711622,0.2075122836,0.1958099448,0.1889033443,"E1|equal-weight,rebalance=year|band=0.01"
2025-06-11,0.2024781721,0.2051497843,0.2070241668,0.1963006602,0.1890472166,"E1|equal-weight,rebalance=year|band=0.01"
2025-06-12,0.2014121323,0.2030511934,0.2066459796,0.1988503703,0.1900403245,"E1|equal-weight,rebalance=year|band=0.01"
2025-06-13,0.2002395703,0.2016803475,0.2045894179,0.2032671759,0.1902234884,"E1|equal-weight,rebalance=year|band=0.01"
2025-06-16,0.2011247288,0.2020193047,0.2053148883,0.2021705339,0.1893705443,"E1|equal-weight,rebalance=year|band=0.01"
2025-06-17,0.2012465053,0.2014195038,0.2052587601,0.2018034574,0.1902717734,"E1|equal-weight,rebalance=year|band=0.01"
2025-06-18,0.2009552293,0.2008391479,0.2056147052,0.2023269449,0.1902639726,"E1|equal-weight,rebalance=year|band=0.01"
2025-06-19,0.201475265,0.1988250569,0.2055909743,0.2030914021,0.1910173018,"E1|equal-weight,rebalance=year|band=0.01"
2025-06-20,0.2027991175,0.2002087321,0.2066859154,0.2004536856,0.1898525494,"E1|equal-weight,rebalance=year|band=0.01"
2025-06-23,0.2023202342,0.2002611099,0.2060047838,0.2014841662,0.1899297058,"E1|equal-weight,rebalance=year|band=0.01"
2025-06-24,0.2027800507,0.2021722473,0.2076032117,0.1974370725,0.1900074178,"E1|equal-weight,rebalance=year|band=0.01"
2025-06-25,0.2035261412,0.2023889342,0.207597218,0.1970949623,0.1893927444,"E1|equal-weight,rebalance=year|band=0.01"
2025-06-26,0.2045544815,0.2026109502,0.2083866265,0.1960537643,0.1883941775,"E1|equal-weight,rebalance=year|band=0.01"
2025-06-27,0.2055549765,0.2036461616,0.2097236004,0.1927743447,0.1883009169,"E1|equal-weight,rebalance=year|band=0.01"
2025-06-30,0.2045440697,0.2045082766,0.2092724784,0.1932319332,0.188443242,"E1|equal-weight,rebalance=year|band=0.01"
2025-07-01,0.2040883282,0.2036878714,0.2092349227,0.1951315828,0.1878572949,"E1|equal-weight,rebalance=year|band=0.01"
2025-07-02,0.2037986789,0.2040950141,0.2080527292,0.1957221725,0.1883314053,"E1|equal-weight,rebalance=year|band=0.01"
2025-07-03,0.2039866658,0.2036233516,0.2076545378,0.1959285634,0.1888068814,"E1|equal-weight,rebalance=year|band=0.01"
2025-07-04,0.2041258705,0.204017731,0.2080860624,0.1952791796,0.1884911564,"E1|equal-weight,rebalance=year|band=0.01"
2025-07-07,0.2043172239,0.2042347604,0.2080402307,0.1946195465,0.1887882385,"E1|equal-weight,rebalance=year|band=0.01"
2025-07-08,0.2044098332,0.2039174311,0.20858485,0.1947403926,0.1883474931,"E1|equal-weight,rebalance=year|band=0.01"
2025-07-09,0.2045781606,0.2043468805,0.2089132756,0.1933675319,0.1887941514,"E1|equal-weight,rebalance=year|band=0.01"
2025-07-10,0.2037308842,0.2039875022,0.2082438043,0.1951154704,0.1889223389,"E1|equal-weight,rebalance=year|band=0.01"
2025-07-11,0.2028236237,0.2028926578,0.2080977367,0.196719742,0.1894662399,"E1|equal-weight,rebalance=year|band=0.01"
2025-07-14,0.201978715,0.2032608824,0.2077799504,0.1979421861,0.1890382661,"E1|equal-weight,rebalance=year|band=0.01"
2025-07-15,0.2021928399,0.2039287327,0.2083063313,0.1969610697,0.1886110264,"E1|equal-weight,rebalance=year|band=0.01"
2025-07-16,0.2021783487,0.2043019447,0.2086472442,0.1962098563,0.1886626061,"E1|equal-weight,rebalance=year|band=0.01"
2025-07-17,0.2020842222,0.2045222556,0.2080277614,0.1962208109,0.1891449498,"E1|equal-weight,rebalance=year|band=0.01"
2025-07-18,0.2015909996,0.2037321463,0.2069310625,0.1980972015,0.1896485901,"E1|equal-weight,rebalance=year|band=0.01"
2025-07-21,0.2013118029,0.2036335275,0.2079384923,0.1982064659,0.1889097114,"E1|equal-weight,rebalance=year|band=0.01"
2025-07-22,0.2011692104,0.2028723106,0.2072819307,0.1997439628,0.1889325854,"E1|equal-weight,rebalance=year|band=0.01"
2025-07-23,0.2011964836,0.2020370593,0.2076580386,0.2010954655,0.188012953,"E1|equal-weight,rebalance=year|band=0.01"
2025-07-24,0.2012101492,0.2027949794,0.2083594033,0.198629032,0.1890064362,"E1|equal-weight,rebalance=year|band=0.01"
2025-07-25,0.2011088724,0.2011316358,0.207914802,0.1995105756,0.1903341141,"E1|equal-weight,rebalance=year|band=0.01"
2025-07-28,0.2007616945,0.2007626374,0.2072369086,0.2000967584,0.1911420011,"E1|equal-weight,rebalance=year|band=0.01"
2025-07-29,0.2012515123,0.2019238337,0.2071384183,0.199147367,0.1905388686,"E1|equal-weight,rebalance=year|band=0.01"
2025-07-30,0.2010729296,0.201821871,0.2066322691,0.2001080598,0.1903648704,"E1|equal-weight,rebalance=year|band=0.01"
2025-07-31,0.2009767192,0.2013634541,0.2065897016,0.2001727383,0.1908973867,"E1|equal-weight,rebalance=year|band=0.01"
2025-08-01,0.200716859,0.2000659532,0.2065446355,0.2006784481,0.1919941042,"E1|equal-weight,rebalance=year|band=0.01"
2025-08-04,0.2004953834,0.2009473744,0.2052247865,0.2024928611,0.1908395947,"E1|equal-weight,rebalance=year|band=0.01"
2025-08-05,0.2002292599,0.2005661099,0.2044370466,0.2036659415,0.1911016422,"E1|equal-weight,rebalance=year|band=0.01"
2025-08-06,0.2001056715,0.1994518591,0.2051269782,0.2037343493,0.1915811419,"E1|equal-weight,rebalance=year|band=0.01"
2025-08-07,0.1996943293,0.1995181099,0.2050066761,0.204548634,0.1912322508,"E1|equal-weight,rebalance=year|band=0.01"
2025-08-08,0.1990568342,0.1980167671,0.2042719682,0.2065171033,0.1921373271,"E1|equal-weight,rebalance=year|band=0.01"
2025-08-11,0.2001025071,0.199637005,0.2052928902,0.2032330388,0.1917345589,"E1|equal-weight,rebalance=year|band=0.01"
2025-08-12,0.2000009897,0.1998463588,0.2048961718,0.2030690376,0.192187442,"E1|equal-weight,rebalance=year|band=0.01"
2025-08-13,0.2003811324,0.2005891492,0.204583613,0.2028840968,0.1915620086,"E1|equal-weight,rebalance=year|band=0.01"
2025-08-14,0.2004561568,0.2003055562,0.205032585,0.2026849761,0.1915207259,"E1|equal-weight,rebalance=year|band=0.01"
2025-08-18,0.2014894143,0.2018589154,0.205244476,0.2007251713,0.1906820229,"E1|equal-weight,rebalance=year|band=0.01"
2025-08-19,0.2018599329,0.2028913656,0.2053966585,0.1993936476,0.1904583954,"E1|equal-weight,rebalance=year|band=0.01"
2025-08-20,0.2022070176,0.2037026022,0.2048684631,0.1987835617,0.1904383554,"E1|equal-weight,rebalance=year|band=0.01"
2025-08-21,0.2023493161,0.2027651637,0.2049664689,0.1996808469,0.1902382044,"E1|equal-weight,rebalance=year|band=0.01"
2025-08-22,0.2016961547,0.2025225486,0.2037236656,0.2008441277,0.1912135035,"E1|equal-weight,rebalance=year|band=0.01"
2025-08-25,0.2016728191,0.202568044,0.202820984,0.2022897727,0.1906483802,"E1|equal-weight,rebalance=year|band=0.01"
2025-08-26,0.2009807448,0.2011718751,0.2017369691,0.2042998203,0.1918105908,"E1|equal-weight,rebalance=year|band=0.01"
2025-08-28,0.2004252706,0.1995916033,0.2004441458,0.2067397157,0.1927992646,"E1|equal-weight,rebalance=year|band=0.01"
2025-08-29,0.1997038363,0.1989403369,0.1997187137,0.2088967372,0.1927403759,"E1|equal-weight,rebalance=year|band=0.01"
2025-09-01,0.1995768664,0.1998029993,0.1991234797,0.2102560151,0.1912406395,"E1|equal-weight,rebalance=year|band=0.01"
2025-09-02,0.1993385159,0.2007999186,0.1980974802,0.2103830527,0.1913810326,"E1|equal-weight,rebalance=year|band=0.01"
2025-09-03,0.1989327097,0.2006696705,0.1981670579,0.2120711268,0.1901594352,"E1|equal-weight,rebalance=year|band=0.01"
2025-09-04,0.1991742921,0.1999221423,0.1980278251,0.2127153959,0.1901603446,"E1|equal-weight,rebalance=year|band=0.01"
2025-09-05,0.1990376476,0.1995434075,0.1980124988,0.213536882,0.189869564,"E1|equal-weight,rebalance=year|band=0.01"
2025-09-08,0.1983559457,0.1993788209,0.1975246265,0.2156973379,0.1890432689,"E1|equal-weight,rebalance=year|band=0.01"
2025-09-09,0.1980733743,0.1989569564,0.1967336152,0.2178107729,0.1884252812,"E1|equal-weight,rebalance=year|band=0.01"
2025-09-10,0.1984664777,0.1994505413,0.1975389349,0.2165930461,0.187951,"E1|equal-weight,rebalance=year|band=0.01"
2025-09-11,0.1988075832,0.1996390973,0.1979412479,0.2157687413,0.1878433302,"E1|equal-weight,rebalance=year|band=0.01"
2025-09-12,0.1988597776,0.199639242,0.1976333161,0.2165983409,0.1872693235,"E1|equal-weight,rebalance=year|band=0.01"
2025-09-15,0.198486603,0.2006509442,0.1979108211,0.2156831266,0.187268505,"E1|equal-weight,rebalance=year|band=0.01"
2025-09-16,0.1984825016,0.200367,0.1974881347,0.217521222,0.1861411416,"E1|equal-weight,rebalance=year|band=0.01"
2025-09-17,0.1991159033,0.2011144639,0.1987313446,0.2149805916,0.1860576966,"E1|equal-weight,rebalance=year|band=0.01"
2025-09-18,0.1991185773,0.2011061307,0.1988844457,0.2152661063,0.18562474,"E1|equal-weight,rebalance=year|band=0.01"
2025-09-19,0.1987579474,0.2023358979,0.1983223818,0.2147482576,0.1858355153,"E1|equal-weight,rebalance=year|band=0.01"
2025-09-22,0.197202544,0.20205464,0.1969008115,0.218462971,0.1853790335,"E1|equal-weight,rebalance=year|band=0.01"
2025-09-23,0.1961838153,0.2006619434,0.1965292218,0.2220872028,0.1845378167,"E1|equal-weight,rebalance=year|band=0.01"
2025-09-24,0.1963005864,0.1996587394,0.1961837228,0.2222236002,0.1856333512,"E1|equal-weight,rebalance=year|band=0.01"
2025-09-25,0.1958033323,0.1988529254,0.1966339302,0.2224585351,0.186251277,"E1|equal-weight,rebalance=year|band=0.01"
2025-09-26,0.1955292296,0.1970289751,0.1961168198,0.2236410833,0.1876838921,"E1|equal-weight,rebalance=year|band=0.01"
2025-09-29,0.1943162666,0.1976719673,0.1949186939,0.2263790784,0.1867139939,"E1|equal-weight,rebalance=year|band=0.01"
2025-09-30,0.1935808382,0.1978943522,0.1954915056,0.2262331749,0.1868001291,"E1|equal-weight,rebalance=year|band=0.01"
2025-10-01,0.193828685,0.1964116649,0.1964052149,0.2282701291,0.1850843061,"E1|equal-weight,rebalance=year|band=0.01"
2025-10-03,0.1941206318,0.1972001116,0.1969022965,0.2267771458,0.1849998144,"E1|equal-weight,rebalance=year|band=0.01"
2025-10-06,0.1935769687,0.1960439801,0.1974616745,0.2295911569,0.1833262199,"E1|equal-weight,rebalance=year|band=0.01"
2025-10-07,0.1936519197,0.1955260425,0.1971957775,0.2304218257,0.1832044346,"E1|equal-weight,rebalance=year|band=0.01"
2025-10-08,0.1925975473,0.1938319211,0.1959858675,0.2346881489,0.1828965152,"E1|equal-weight,rebalance=year|band=0.01"
2025-10-09,0.1932446174,0.1943075994,0.1964087187,0.2335857617,0.1824533027,"E1|equal-weight,rebalance=year|band=0.01"
2025-10-10,0.1939915273,0.194611614,0.1977142282,0.2314421153,0.1822405151,"E1|equal-weight,rebalance=year|band=0.01"
2025-10-13,0.192687612,0.1936616971,0.19685774,0.2351326354,0.1816603155,"E1|equal-weight,rebalance=year|band=0.01"
2025-10-14,0.19136427,0.1919950809,0.1957275837,0.2398691033,0.1810439621,"E1|equal-weight,rebalance=year|band=0.01"
2025-10-15,0.1919074764,0.1932746465,0.1957380673,0.239002695,0.1800771148,"E1|equal-weight,rebalance=year|band=0.01"
2025-10-16,0.1927498823,0.1933485979,0.1966097497,0.2380457388,0.1792460314,"E1|equal-weight,rebalance=year|band=0.01"
2025-10-17,0.1921359111,0.1918721592,0.1959754997,0.2422244596,0.1777919704,"E1|equal-weight,rebalance=year|band=0.01"
2025-10-20,0.194015817,0.192971257,0.1979375468,0.2364975388,0.1785778404,"E1|equal-weight,rebalance=year|band=0.01"
2025-10-21,0.1937497958,0.1929426179,0.1975801234,0.2374005863,0.1783268766,"E1|equal-weight,rebalance=year|band=0.01"
2025-10-23,0.1958039516,0.1943524997,0.1994097218,0.2304496133,0.1799842136,"E1|equal-weight,rebalance=year|band=0.01"
2025-10-24,0.1959128708,0.1952344114,0.1991736696,0.2287318265,0.1809472217,"E1|equal-weight,rebalance=year|band=0.01"
2025-10-27,0.1968577339,0.1953068077,0.1999737035,0.2273893237,0.1804724312,"E1|equal-weight,rebalance=year|band=0.01"
2025-10-28,0.1983212698,0.1959587466,0.2020058584,0.221719735,0.1819943901,"E1|equal-weight,rebalance=year|band=0.01"
2025-10-29,0.1970756654,0.1960367081,0.2005484867,0.2263219075,0.1800172323,"E1|equal-weight,rebalance=year|band=0.01"
2025-10-30,0.1964025899,0.1961926085,0.2003837065,0.2264157833,0.1806053118,"E1|equal-weight,rebalance=year|band=0.01"
2025-10-31,0.1956597616,0.1962121666,0.199755056,0.2274951268,0.180877889,"E1|equal-weight,rebalance=year|band=0.01"
2025-11-03,0.1952534276,0.1973764009,0.2000589334,0.2268803226,0.1804309155,"E1|equal-weight,rebalance=year|band=0.01"
2025-11-04,0.194756971,0.1972109981,0.1998262983,0.2271099103,0.1810958223,"E1|equal-weight,rebalance=year|band=0.01"
2025-11-06,0.1945251665,0.1956218094,0.1995496754,0.2285185925,0.1817847562,"E1|equal-weight,rebalance=year|band=0.01"
2025-11-07,0.1944020373,0.1955274791,0.2005792346,0.2279191224,0.1815721266,"E1|equal-weight,rebalance=year|band=0.01"
2025-11-10,0.1940237005,0.1952545795,0.199432771,0.2306419303,0.1806470187,"E1|equal-weight,rebalance=year|band=0.01"
2025-11-11,0.1939128103,0.194364584,0.1989313204,0.2330432894,0.179747996,"E1|equal-weight,rebalance=year|band=0.01"
2025-11-12,0.1950123239,0.1945915372,0.1992810433,0.2314908924,0.1796242031,"E1|equal-weight,rebalance=year|band=0.01"
2025-11-13,0.1936205899,0.1933951202,0.1983061546,0.236103322,0.1785748134,"E1|equal-weight,rebalance=year|band=0.01"
2025-11-14,0.1944695842,0.1938350956,0.199302581,0.2332767216,0.1791160175,"E1|equal-weight,rebalance=year|band=0.01"
2025-11-17,0.1954071783,0.1949522533,0.2009880843,0.2292863624,0.1793661217,"E1|equal-weight,rebalance=year|band=0.01"
2025-11-18,0.1955662104,0.1945028659,0.2018448943,0.2279297265,0.1801563028,"E1|equal-weight,rebalance=year|band=0.01"
2025-11-19,0.1955729948,0.1935354739,0.2017346697,0.229821044,0.1793358176,"E1|equal-weight,rebalance=year|band=0.01"
2025-11-20,0.196509919,0.1933973192,0.2022436718,0.2284006339,0.1794484561,"E1|equal-weight,rebalance=year|band=0.01"
2025-11-21,0.196390539,0.1917007761,0.2014340208,0.2303016518,0.1801730124,"E1|equal-weight,rebalance=year|band=0.01"
2025-11-24,0.1961090004,0.1902099791,0.2017649418,0.2312916305,0.1806244481,"E1|equal-weight,rebalance=year|band=0.01"
2025-11-25,0.1951501721,0.1901293364,0.2011440767,0.2334234374,0.1801529773,"E1|equal-weight,rebalance=year|band=0.01"
2025-11-26,0.1955880602,0.1910423123,0.2018880384,0.2329251606,0.1785564285,"E1|equal-weight,rebalance=year|band=0.01"
2025-11-27,0.1957831058,0.1907269811,0.202296115,0.2326784977,0.1785153004,"E1|equal-weight,rebalance=year|band=0.01"
2025-11-28,0.1954868527,0.190711218,0.2021620698,0.2334093849,0.1782304746,"E1|equal-weight,rebalance=year|band=0.01"
2025-12-01,0.1942850788,0.1899822872,0.2013438312,0.2369424915,0.1774463113,"E1|equal-weight,rebalance=year|band=0.01"
2025-12-02,0.1942713301,0.1907511394,0.2009983062,0.2356518767,0.1783273475,"E1|equal-weight,rebalance=year|band=0.01"
2025-12-03,0.1938667027,0.1883922693,0.2014261129,0.2378142701,0.178500645,"E1|equal-weight,rebalance=year|band=0.01"
2025-12-04,0.1944055089,0.1894177314,0.2008063605,0.236695001,0.1786753983,"E1|equal-weight,rebalance=year|band=0.01"
2025-12-05,0.1944521452,0.1888654438,0.2013037413,0.2375962199,0.1777824498,"E1|equal-weight,rebalance=year|band=0.01"
2025-12-08,0.1941382892,0.1863096018,0.2012347215,0.2391925809,0.1791248066,"E1|equal-weight,rebalance=year|band=0.01"
2025-12-09,0.1936576062,0.1876496269,0.2010996324,0.2382204829,0.1793726516,"E1|equal-weight,rebalance=year|band=0.01"
2025-12-10,0.1935097224,0.1875319524,0.2006486315,0.2385712597,0.179738434,"E1|equal-weight,rebalance=year|band=0.01"
2025-12-11,0.1934634261,0.1877012933,0.2005002131,0.2394546594,0.178880408,"E1|equal-weight,rebalance=year|band=0.01"
2025-12-12,0.1928945048,0.1873699289,0.1996479175,0.242773192,0.1773144568,"E1|equal-weight,rebalance=year|band=0.01"
2025-12-15,0.1921691312,0.1869937136,0.1990795791,0.2449417096,0.1768158665,"E1|equal-weight,rebalance=year|band=0.01"
2025-12-16,0.1920679967,0.1876953743,0.1990581119,0.2432986818,0.1778798352,"E1|equal-weight,rebalance=year|band=0.01"
2025-12-17,0.1916484323,0.1870729762,0.1986622465,0.2445137294,0.1781026157,"E1|equal-weight,rebalance=year|band=0.01"
2025-12-18,0.1919137404,0.1865174433,0.198770138,0.2444983868,0.1783002916,"E1|equal-weight,rebalance=year|band=0.01"
2025-12-19,0.1924416401,0.1871986354,0.1988140703,0.2437009763,0.1778446778,"E1|equal-weight,rebalance=year|band=0.01"
2025-12-22,0.1926031841,0.1870973501,0.1980630582,0.2455099643,0.1767264433,"E1|equal-weight,rebalance=year|band=0.01"
2025-12-23,0.1917221633,0.1872156617,0.1969637475,0.2481470234,0.1759514041,"E1|equal-weight,rebalance=year|band=0.01"
2025-12-24,0.1916689441,0.1869322873,0.1968805944,0.2484706805,0.1760474937,"E1|equal-weight,rebalance=year|band=0.01"
2025-12-26,0.1907666768,0.1867195066,0.1960367805,0.2505858393,0.1758911968,"E1|equal-weight,rebalance=year|band=0.01"
2025-12-29,0.190795513,0.1868536388,0.1966382374,0.2489247503,0.1767878605,"E1|equal-weight,rebalance=year|band=0.01"
2025-12-30,0.1913813981,0.1874557466,0.1984941889,0.2454379678,0.1772306986,"E1|equal-weight,rebalance=year|band=0.01"
2025-12-31,0.1923559898,0.1885991071,0.1993335709,0.2426891818,0.1770221504,"E1|equal-weight,rebalance=year|band=0.01"
2026-01-01,0.1920400832,0.189004571,0.1990283098,0.2431763246,0.1767507114,"E1|equal-weight,rebalance=year|band=0.01"
2026-01-02,0.1919730229,0.1895602924,0.1989571583,0.2441157672,0.1753937592,"E1|equal-weight,rebalance=year|band=0.01"
2026-01-05,0.1909329767,0.1893235222,0.1984192233,0.2461246183,0.1751996594,"E1|equal-weight,rebalance=year|band=0.01"
2026-01-06,0.1904110843,0.1899873992,0.198364752,0.2462540832,0.1749826813,"E1|equal-weight,rebalance=year|band=0.01"
2026-01-07,0.1903592811,0.190376112,0.1982045577,0.245935861,0.1751241882,"E1|equal-weight,rebalance=year|band=0.01"
2026-01-08,0.1900703588,0.1878470186,0.1990107641,0.2465401857,0.1765316727,"E1|equal-weight,rebalance=year|band=0.01"
2026-01-09,0.1889309129,0.1863391587,0.1978808669,0.2499395664,0.176909495,"E1|equal-weight,rebalance=year|band=0.01"
2026-01-12,0.1881165023,0.1850604679,0.1967248896,0.2546405815,0.1754575587,"E1|equal-weight,rebalance=year|band=0.01"
2026-01-13,0.1879012487,0.1849146444,0.1973171076,0.2541439843,0.175723015,"E1|equal-weight,rebalance=year|band=0.01"
2026-01-14,0.1867852633,0.185175257,0.1964431875,0.2566092126,0.1749870795,"E1|equal-weight,rebalance=year|band=0.01"
2026-01-16,0.1867737319,0.1847674027,0.1979016617,0.255758902,0.1747983017,"E1|equal-weight,rebalance=year|band=0.01"
2026-01-19,0.1849453959,0.1833380807,0.1960607449,0.2616617352,0.1739940433,"E1|equal-weight,rebalance=year|band=0.01"
2026-01-20,0.1823344364,0.1789062223,0.1939547461,0.2712448566,0.1735597387,"E1|equal-weight,rebalance=year|band=0.01"
2026-01-21,0.1786247698,0.1752193351,0.189021399,0.2862901214,0.1708443747,"E1|equal-weight,rebalance=year|band=0.01"
2026-01-22,0.1829453523,0.1804973739,0.1939994978,0.2685573227,0.1740004533,"E1|equal-weight,rebalance=year|band=0.01"
2026-01-23,0.1814004082,0.177155872,0.1917686299,0.2754807552,0.1741943347,"E1|equal-weight,rebalance=year|band=0.01"
2026-01-27,0.1798858401,0.1757916562,0.1917286754,0.2805263672,0.1720674612,"E1|equal-weight,rebalance=year|band=0.01"
2026-01-28,0.1781189194,0.176829839,0.1898614422,0.2856133694,0.16957643,"E1|equal-weight,rebalance=year|band=0.01"
2026-01-29,0.174293962,0.1730346771,0.1864334535,0.3007208622,0.1655170451,"E1|equal-weight,rebalance=year|band=0.01"
2026-01-30,0.1799657257,0.1780054105,0.1922461537,0.2784721077,0.1713106023,"E1|equal-weight,rebalance=year|band=0.01"
2026-02-01,0.1823674561,0.1802586428,0.193805309,0.2672546863,0.1763139059,"E1|equal-weight,rebalance=year|band=0.01"
2026-02-02,0.1844200984,0.1820829031,0.1953054156,0.2608066782,0.1773849047,"E1|equal-weight,rebalance=year|band=0.01"
2026-02-03,0.1839285774,0.1813614401,0.1946369224,0.2675460924,0.1725269676,"E1|equal-weight,rebalance=year|band=0.01"
2026-02-04,0.1821026203,0.1805851745,0.1928685982,0.2738137857,0.1706298214,"E1|equal-weight,rebalance=year|band=0.01"
2026-02-05,0.1833182432,0.1816916473,0.1948997645,0.2675183947,0.1725719502,"E1|equal-weight,rebalance=year|band=0.01"
2026-02-06,0.1834981978,0.1821387419,0.1946510358,0.2671200793,0.1725919452,"E1|equal-weight,rebalance=year|band=0.01"
2026-02-09,0.1827157092,0.1817487064,0.19426124,0.2704575692,0.1708167752,"E1|equal-weight,rebalance=year|band=0.01"
2026-02-10,0.1829001864,0.1820269016,0.1940646048,0.2705673562,0.1704409509,"E1|equal-weight,rebalance=year|band=0.01"
2026-02-11,0.182718216,0.1822077512,0.1941503604,0.2707888588,0.1701348137,"E1|equal-weight,rebalance=year|band=0.01"
2026-02-12,0.1820895495,0.1818819525,0.1945903023,0.2709365478,0.1705016479,"E1|equal-weight,rebalance=year|band=0.01"
2026-02-13,0.182031511,0.1814778492,0.1951188745,0.2688780274,0.1724937378,"E1|equal-weight,rebalance=year|band=0.01"
2026-02-16,0.1820375065,0.1818543573,0.1957754278,0.2688762084,0.1714565,"E1|equal-weight,rebalance=year|band=0.01"
2026-02-17,0.1829989658,0.1833167229,0.197120753,0.2646212403,0.171942318,"E1|equal-weight,rebalance=year|band=0.01"
2026-02-18,0.1828746753,0.1837608949,0.1979636899,0.2639531752,0.1714475647,"E1|equal-weight,rebalance=year|band=0.01"
2026-02-19,0.181033721,0.1814120047,0.1955938371,0.2699614886,0.1719989486,"E1|equal-weight,rebalance=year|band=0.01"
2026-02-20,0.1808351166,0.1816817256,0.1963228554,0.269824847,0.1713354554,"E1|equal-weight,rebalance=year|band=0.01"
2026-02-23,0.1803924848,0.1809851531,0.1951371058,0.2732036556,0.1702816007,"E1|equal-weight,rebalance=year|band=0.01"
2026-02-24,0.1786676824,0.1810209741,0.1945106668,0.2755978959,0.1702027809,"E1|equal-weight,rebalance=year|band=0.01"
2026-02-25,0.1786631518,0.1819059144,0.1938353734,0.2758305805,0.1697649799,"E1|equal-weight,rebalance=year|band=0.01"
2026-02-26,0.1789249141,0.1828450709,0.1944182473,0.2737440134,0.1700677543,"E1|equal-weight,rebalance=year|band=0.01"
2026-02-27,0.1775242898,0.1815248622,0.1931459575,0.2770915093,0.1707133812,"E1|equal-weight,rebalance=year|band=0.01"
2026-03-02,0.1741005616,0.1776180153,0.1897584926,0.2890280248,0.1694949058,"E1|equal-weight,rebalance=year|band=0.01"
2026-03-04,0.1747718225,0.1763766832,0.1901033542,0.2856988158,0.1730493243,"E1|equal-weight,rebalance=year|band=0.01"
2026-03-05,0.1764698044,0.1784463915,0.1905784882,0.2816623371,0.1728429787,"E1|equal-weight,rebalance=year|band=0.01"
2026-03-06,0.1761095564,0.1795523098,0.1887169606,0.2811781746,0.1744429986,"E1|equal-weight,rebalance=year|band=0.01"
2026-03-09,0.1750291539,0.1777037048,0.1851827691,0.2855601333,0.1765242389,"E1|equal-weight,rebalance=year|band=0.01"
2026-03-10,0.1749753822,0.1791610029,0.1863095562,0.2846759482,0.1748781105,"E1|equal-weight,rebalance=year|band=0.01"
2026-03-11,0.1734800016,0.1786078364,0.1837625445,0.287929107,0.1762205105,"E1|equal-weight,rebalance=year|band=0.01"
2026-03-12,0.1726057199,0.1792500769,0.182416332,0.2886689706,0.1770589006,"E1|equal-weight,rebalance=year|band=0.01"
2026-03-13,0.1720376727,0.1781245814,0.1810385628,0.2887933466,0.1800058365,"E1|equal-weight,rebalance=year|band=0.01"
2026-03-16,0.1744856119,0.1774179369,0.1839231066,0.2832502748,0.1809230698,"E1|equal-weight,rebalance=year|band=0.01"
2026-03-17,0.1745699385,0.1779508692,0.1842572201,0.283497929,0.1797240432,"E1|equal-weight,rebalance=year|band=0.01"
2026-03-18,0.1754970605,0.1788749499,0.18451436,0.2819190923,0.1791945373,"E1|equal-weight,rebalance=year|band=0.01"
2026-03-19,0.1759513097,0.179553926,0.1842272539,0.2755629594,0.184704551,"E1|equal-weight,rebalance=year|band=0.01"
2026-03-20,0.1760569216,0.1797925969,0.1840889459,0.2751899432,0.1848715924,"E1|equal-weight,rebalance=year|band=0.01"
2026-03-23,0.1788066121,0.1803778727,0.1853449834,0.2625488819,0.1929216499,"E1|equal-weight,rebalance=year|band=0.01"
2026-03-24,0.1782854156,0.1793118261,0.1853570134,0.2681433307,0.1889024142,"E1|equal-weight,rebalance=year|band=0.01"
2026-03-25,0.1778124973,0.1796227947,0.1853374407,0.2718064729,0.1854207944,"E1|equal-weight,rebalance=year|band=0.01"
2026-03-27,0.1771204898,0.1784598975,0.1838717714,0.2720810902,0.1884667512,"E1|equal-weight,rebalance=year|band=0.01"
2026-03-30,0.1745723097,0.1745448089,0.1784864426,0.2824639822,0.1899324566,"E1|equal-weight,rebalance=year|band=0.01"
2026-04-01,0.2,0.2,0.2,0.2,0.2,"E1|equal-weight,rebalance=year|band=0.01"
2026-04-02,0.201078253,0.200686291,0.2005804055,0.1964088246,0.2012462259,"E1|equal-weight,rebalance=year|band=0.01"
2026-04-06,0.2006518164,0.2006182766,0.2021881181,0.1975920287,0.1989497601,"E1|equal-weight,rebalance=year|band=0.01"
2026-04-07,0.2014410863,0.2016612923,0.2022631442,0.1957877381,0.198846739,"E1|equal-weight,rebalance=year|band=0.01"
2026-04-08,0.2024986294,0.2044660849,0.2071055769,0.1934787259,0.192450983,"E1|equal-weight,rebalance=year|band=0.01"
2026-04-09,0.202214878,0.2059484547,0.2050917935,0.1929299894,0.1938148844,"E1|equal-weight,rebalance=year|band=0.01"
2026-04-10,0.2019770006,0.2082825448,0.2064566041,0.1913938495,0.1918900011,"E1|equal-weight,rebalance=year|band=0.01"
2026-04-13,0.2009916485,0.2074550973,0.2061607771,0.1925975004,0.1927949767,"E1|equal-weight,rebalance=year|band=0.01"
2026-04-15,0.2017214697,0.2092309218,0.2061866722,0.1922950139,0.1905659223,"E1|equal-weight,rebalance=year|band=0.01"
2026-04-16,0.2013772264,0.2108674526,0.2049154942,0.1926844187,0.190155408,"E1|equal-weight,rebalance=year|band=0.01"
2026-04-17,0.2017203036,0.2129725554,0.205695855,0.1904333709,0.1891779151,"E1|equal-weight,rebalance=year|band=0.01"
2026-04-20,0.2013233949,0.2127679495,0.2057410789,0.190819775,0.1893478018,"E1|equal-weight,rebalance=year|band=0.01"
2026-04-21,0.2017272972,0.2130292852,0.2072781134,0.1898695441,0.1880957602,"E1|equal-weight,rebalance=year|band=0.01"
2026-04-22,0.2004653791,0.2148075545,0.2067454851,0.1896949362,0.1882866452,"E1|equal-weight,rebalance=year|band=0.01"
2026-04-23,0.2006696499,0.2140739294,0.2056638861,0.1898002662,0.1897922685,"E1|equal-weight,rebalance=year|band=0.01"
2026-04-24,0.1996264475,0.2135326034,0.2056928453,0.1904580808,0.190690023,"E1|equal-weight,rebalance=year|band=0.01"
2026-04-27,0.1997576401,0.2151217557,0.2051831237,0.190057384,0.1898800966,"E1|equal-weight,rebalance=year|band=0.01"
2026-04-28,0.2002930642,0.2160254646,0.203661874,0.1888796498,0.1911399473,"E1|equal-weight,rebalance=year|band=0.01"
2026-04-29,0.2017376037,0.2157408651,0.2037453402,0.187397125,0.1913790661,"E1|equal-weight,rebalance=year|band=0.01"
2026-04-30,0.2012227916,0.2140969337,0.2024412262,0.1905444746,0.191694574,"E1|equal-weight,rebalance=year|band=0.01"
2026-05-04,0.2019334683,0.2158047395,0.2017239145,0.1888202555,0.1917176222,"E1|equal-weight,rebalance=year|band=0.01"
2026-05-05,0.2015049384,0.2169227228,0.2010126825,0.1886472195,0.1919124367,"E1|equal-weight,rebalance=year|band=0.01"
2026-05-06,0.2012851598,0.2169627085,0.2034713776,0.1889308134,0.1893499407,"E1|equal-weight,rebalance=year|band=0.01"
2026-05-07,0.2006961467,0.2173008268,0.2033451635,0.1894462318,0.1892116311,"E1|equal-weight,rebalance=year|band=0.01"
2026-05-08,0.2006748411,0.217340868,0.2018782725,0.1900320591,0.1900739594,"E1|equal-weight,rebalance=year|band=0.01"
2026-05-11,0.2000747587,0.2161179345,0.2010328945,0.1904879454,0.1922864668,"E1|equal-weight,rebalance=year|band=0.01"
2026-05-12,0.198348687,0.2130390697,0.1997295853,0.1945977206,0.1942849374,"E1|equal-weight,rebalance=year|band=0.01"
2026-05-13,0.1961513904,0.2118950819,0.1969236307,0.203154297,0.1918756,"E1|equal-weight,rebalance=year|band=0.01"
2026-05-14,0.1968388208,0.2126076999,0.1979815131,0.2019123924,0.1906595738,"E1|equal-weight,rebalance=year|band=0.01"
2026-05-15,0.1977394631,0.2126930185,0.1976614238,0.1997770338,0.1921290608,"E1|equal-weight,rebalance=year|band=0.01"
2026-05-18,0.1982267335,0.2109263417,0.197848194,0.2005080819,0.1924906489,"E1|equal-weight,rebalance=year|band=0.01"
2026-05-19,0.1977985445,0.2116405878,0.1969777452,0.2015024155,0.1920807071,"E1|equal-weight,rebalance=year|band=0.01"
2026-05-20,0.197969904,0.2122400238,0.1971669761,0.2006677941,0.191955302,"E1|equal-weight,rebalance=year|band=0.01"
2026-05-21,0.1978305601,0.2125567703,0.1966507855,0.2012381085,0.1917237757,"E1|equal-weight,rebalance=year|band=0.01"
2026-05-22,0.1977045921,0.2127865406,0.1984357364,0.200076878,0.1909962529,"E1|equal-weight,rebalance=year|band=0.01"
2026-05-25,0.1979464405,0.2139839384,0.2005717115,0.1982083201,0.1892895896,"E1|equal-weight,rebalance=year|band=0.01"
2026-05-26,0.197631604,0.2148055344,0.2004165836,0.1973244645,0.1898218135,"E1|equal-weight,rebalance=year|band=0.01"
2026-05-27,0.1974492624,0.2171622171,0.1995418915,0.1962411477,0.1896054814,"E1|equal-weight,rebalance=year|band=0.01"
2026-05-29,0.1965080649,0.2166321071,0.1988091458,0.1970132175,0.1910374648,"E1|equal-weight,rebalance=year|band=0.01"
2026-06-01,0.1967500866,0.2151385373,0.197955132,0.1971410863,0.1930151578,"E1|equal-weight,rebalance=year|band=0.01"
2026-06-02,0.1963977317,0.2149484945,0.1980843962,0.19823613,0.1923332477,"E1|equal-weight,rebalance=year|band=0.01"
2026-06-03,0.1963581881,0.2142820824,0.1997369158,0.1969576425,0.1926651712,"E1|equal-weight,rebalance=year|band=0.01"
2026-06-04,0.1958791683,0.2143712145,0.1997816573,0.1977637278,0.192204232,"E1|equal-weight,rebalance=year|band=0.01"
2026-06-05,0.1957227258,0.2148701124,0.200446972,0.1966762922,0.1922838976,"E1|equal-weight,rebalance=year|band=0.01"
2026-06-08,0.1961548902,0.2139416926,0.2014561926,0.193568913,0.1948783116,"E1|equal-weight,rebalance=year|band=0.01"
2026-06-09,0.1952266347,0.2148420877,0.2032812757,0.1935881754,0.1930618265,"E1|equal-weight,rebalance=year|band=0.01"
2026-06-10,0.1966104742,0.2145146586,0.2048722364,0.1889407206,0.1950619103,"E1|equal-weight,rebalance=year|band=0.01"
2026-06-11,0.1972802511,0.2132635106,0.2063755718,0.1869778838,0.1961027827,"E1|equal-weight,rebalance=year|band=0.01"
2026-06-12,0.1974650867,0.2141843112,0.2082924903,0.1875602233,0.1924978884,"E1|equal-weight,rebalance=year|band=0.01"
2026-06-15,0.1971257932,0.2165815474,0.2073039206,0.1886503535,0.1903383853,"E1|equal-weight,rebalance=year|band=0.01"
2026-06-16,0.1975710882,0.2166200483,0.2073067579,0.1883982141,0.1901038915,"E1|equal-weight,rebalance=year|band=0.01"
2026-06-17,0.1980318628,0.2173909776,0.2077585279,0.1872518036,0.1895668281,"E1|equal-weight,rebalance=year|band=0.01"
2026-06-18,0.1985274121,0.2182621258,0.2090620421,0.1846662792,0.1894821409,"E1|equal-weight,rebalance=year|band=0.01"
2026-06-19,0.1987947465,0.2186923637,0.2099676861,0.1820646795,0.1904805241,"E1|equal-weight,rebalance=year|band=0.01"
2026-06-22,0.1983602486,0.2192536842,0.2095312834,0.1832004961,0.1896542877,"E1|equal-weight,rebalance=year|band=0.01"
2026-06-23,0.1982821748,0.2190527656,0.2093850122,0.1816703958,0.1916096516,"E1|equal-weight,rebalance=year|band=0.01"
2026-06-24,0.1990807084,0.2184828021,0.2122256806,0.179109574,0.1911012348,"E1|equal-weight,rebalance=year|band=0.01"
2026-06-25,0.2002582124,0.2195241952,0.2127681158,0.1757010105,0.191748466,"E1|equal-weight,rebalance=year|band=0.01"
2026-06-29,0.1996939468,0.2180399944,0.2117704646,0.1782743383,0.1922212558,"E1|equal-weight,rebalance=year|band=0.01"
2026-06-30,0.1996684485,0.2185728984,0.2114303967,0.177769407,0.1925588494,"E1|equal-weight,rebalance=year|band=0.01"
2026-07-01,0.1997657967,0.2192930932,0.2125568532,0.1763925447,0.1919917122,"E1|equal-weight,rebalance=year|band=0.01"
2026-07-02,0.1998191135,0.2191478439,0.2110008659,0.1789293629,0.1911028138,"E1|equal-weight,rebalance=year|band=0.01"
2026-07-03,0.2000641405,0.2176356773,0.2100213826,0.1820484014,0.190230398,"E1|equal-weight,rebalance=year|band=0.01"
2026-07-06,0.2007414253,0.2183248891,0.2105975443,0.1804559305,0.1898802108,"E1|equal-weight,rebalance=year|band=0.01"
2026-07-07,0.2010325311,0.2176693093,0.2113217948,0.1795572575,0.1904191074,"E1|equal-weight,rebalance=year|band=0.01"
2026-07-08,0.2003202028,0.2170952712,0.2091260909,0.1799582613,0.1935001739,"E1|equal-weight,rebalance=year|band=0.01"
2026-07-09,0.1998093537,0.2173650418,0.2095033954,0.1810270697,0.1922951394,"E1|equal-weight,rebalance=year|band=0.01"
2026-07-10,0.2001327468,0.2186940195,0.2107525377,0.1793722379,0.1910484582,"E1|equal-weight,rebalance=year|band=0.01"
2026-07-13,0.2007198514,0.2184067334,0.2113947838,0.1779375772,0.1915410542,"E1|equal-weight,rebalance=year|band=0.01"
2026-07-14,0.200498794,0.2189329642,0.2103460287,0.1775248369,0.1926973761,"E1|equal-weight,rebalance=year|band=0.01"
2026-07-15,0.2001720283,0.219017518,0.2109621072,0.1776605764,0.1921877701,"E1|equal-weight,rebalance=year|band=0.01"
2026-07-16,0.2004706662,0.2185568883,0.2108528716,0.1778334804,0.1922860935,"E1|equal-weight,rebalance=year|band=0.01"
2026-07-17,0.2016049893,0.2175859201,0.2129002433,0.1762070812,0.1917017661,"E1|equal-weight,rebalance=year|band=0.01"
2026-07-20,0.2007821696,0.2188967985,0.2110591938,0.1776447294,0.1916171087,"E1|equal-weight,rebalance=year|band=0.01"
2026-07-21,0.2001245922,0.2193588921,0.2104803321,0.1787034707,0.1913327129,"E1|equal-weight,rebalance=year|band=0.01"
2026-07-22,0.1994444652,0.2186769267,0.2085491194,0.1813961019,0.1919333867,"E1|equal-weight,rebalance=year|band=0.01"
2026-07-23,0.1993431184,0.2187252061,0.2075481048,0.1815355727,0.192847998,"E1|equal-weight,rebalance=year|band=0.01"
2026-07-24,0.1990427223,0.2190325846,0.2081920934,0.1805820484,0.1931505513,"E1|equal-weight,rebalance=year|band=0.01"
2026-07-27,0.199542793,0.2196775366,0.2081949167,0.1805415133,0.1920432404,"E1|equal-weight,rebalance=year|band=0.01"
2026-07-28,0.2005418587,0.2197350297,0.2079031695,0.1787465954,0.1930733468,"E1|equal-weight,rebalance=year|band=0.01"
2026-07-29,0.2013478543,0.2198894197,0.2084854638,0.1780054502,0.1922718121,"E1|equal-weight,rebalance=year|band=0.01"
2026-07-30,0.2015711544,0.219835281,0.2079786813,0.1785621434,0.1920527399,"E1|equal-weight,rebalance=year|band=0.01"
2026-07-31,0.2014608209,0.2221331814,0.2075815905,0.1774721229,0.1913522844,"E1|equal-weight,rebalance=year|band=0.01"
2026-08-03,0.2021176856,0.2225557386,0.2082059649,0.1767181637,0.1904024472,"E1|equal-weight,rebalance=year|band=0.01"
2026-08-04,0.2016085331,0.2229690707,0.2079345514,0.1767898561,0.1906979887,"E1|equal-weight,rebalance=year|band=0.01"
2026-08-05,0.2013468583,0.2227831471,0.2069877131,0.1791843833,0.1896978981,"E1|equal-weight,rebalance=year|band=0.01"
2026-08-06,0.2004205449,0.221674961,0.2069000985,0.182565436,0.1884389597,"E1|equal-weight,rebalance=year|band=0.01"
2026-08-07,0.1997792688,0.2216701051,0.2063227102,0.1838461917,0.1883817242,"E1|equal-weight,rebalance=year|band=0.01"
2026-08-10,0.1998308225,0.2216045155,0.2052211562,0.1852350659,0.1881084399,"E1|equal-weight,rebalance=year|band=0.01"
2026-08-11,0.1989879175,0.2213649267,0.2046755,0.1867310131,0.1882406427,"E1|equal-weight,rebalance=year|band=0.01"
2026-08-12,0.1980394334,0.220570711,0.2057145136,0.1877627444,0.1879125976,"E1|equal-weight,rebalance=year|band=0.01"
2026-08-13,0.1982217949,0.2212788829,0.2056646846,0.1866012584,0.1882333792,"E1|equal-weight,rebalance=year|band=0.01"
2026-08-14,0.1985302663,0.2215048614,0.2052933535,0.1862431359,0.188428383,"E1|equal-weight,rebalance=year|band=0.01"
2026-08-17,0.1977162821,0.2210717547,0.2054792453,0.1876883768,0.1880443411,"E1|equal-weight,rebalance=year|band=0.01"
2026-08-18,0.1970425772,0.2211125361,0.2048953207,0.1882899508,0.1886596152,"E1|equal-weight,rebalance=year|band=0.01"
2026-08-19,0.1968281409,0.2203951912,0.2052218962,0.1880517047,0.1895030671,"E1|equal-weight,rebalance=year|band=0.01"
2026-08-20,0.1966531392,0.219537839,0.2045546674,0.1912338078,0.1880205467,"E1|equal-weight,rebalance=year|band=0.01"
2026-08-21,0.1960846348,0.2179793313,0.2044046132,0.1941576233,0.1873737973,"E1|equal-weight,rebalance=year|band=0.01"
2026-08-24,0.1952897618,0.2177062776,0.2031872912,0.1965057559,0.1873109135,"E1|equal-weight,rebalance=year|band=0.01"
2026-08-25,0.195712819,0.2184760261,0.2029669109,0.1958166337,0.1870276103,"E1|equal-weight,rebalance=year|band=0.01"
2026-08-26,0.1954239107,0.2188390536,0.2041409213,0.1948675276,0.1867285868,"E1|equal-weight,rebalance=year|band=0.01"
2026-08-27,0.1956023278,0.2197501949,0.2043240019,0.1925164903,0.1878069851,"E1|equal-weight,rebalance=year|band=0.01"
2026-08-28,0.1955840118,0.2186003647,0.2041438031,0.1937669397,0.1879048806,"E1|equal-weight,rebalance=year|band=0.01"
2026-08-31,0.1965952746,0.2182871596,0.2055935279,0.1900315426,0.1894924954,"E1|equal-weight,rebalance=year|band=0.01"
2026-09-01,0.19666562,0.2180854606,0.2062646268,0.188252736,0.1907315566,"E1|equal-weight,rebalance=year|band=0.01"
2026-09-02,0.1968499942,0.21890639,0.2066216267,0.1861632278,0.1914587613,"E1|equal-weight,rebalance=year|band=0.01"
2026-09-03,0.1958350766,0.2178157312,0.2066337574,0.1892181327,0.1904973021,"E1|equal-weight,rebalance=year|band=0.01"
2026-09-04,0.1957827388,0.2178892958,0.2061569667,0.1901299112,0.1900410876,"E1|equal-weight,rebalance=year|band=0.01"
2026-09-07,0.1956168772,0.2180245218,0.2059385768,0.1890185525,0.1914014718,"E1|equal-weight,rebalance=year|band=0.01"
2026-09-08,0.1949579346,0.2185926044,0.2052588943,0.1895827308,0.1916078359,"E1|equal-weight,rebalance=year|band=0.01"
2026-09-09,0.1939853484,0.2195382927,0.204557774,0.1898829847,0.1920356001,"E1|equal-weight,rebalance=year|band=0.01"
2026-09-10,0.193636816,0.2189501655,0.204117194,0.1908723097,0.1924235149,"E1|equal-weight,rebalance=year|band=0.01"
2026-09-11,0.193947927,0.2182575601,0.2054597479,0.1895641848,0.1927705803,"E1|equal-weight,rebalance=year|band=0.01"
2026-09-15,0.1943960199,0.2154409894,0.2054376206,0.1895406769,0.1951846932,"E1|equal-weight,rebalance=year|band=0.01"
2026-09-16,0.1939217491,0.2151521269,0.2057792512,0.1907341287,0.1944127441,"E1|equal-weight,rebalance=year|band=0.01"
2026-09-17,0.1943661241,0.2167855975,0.2050624819,0.1896779185,0.194107878,"E1|equal-weight,rebalance=year|band=0.01"
2026-09-18,0.1933905208,0.2178912645,0.2043680893,0.1915112417,0.1928388837,"E1|equal-weight,rebalance=year|band=0.01"
2026-09-21,0.1941763129,0.2181061794,0.2048543809,0.1900289534,0.1928341734,"E1|equal-weight,rebalance=year|band=0.01"
2026-09-22,0.1940038023,0.2177759856,0.2049105355,0.1897921675,0.1935175091,"E1|equal-weight,rebalance=year|band=0.01"
2026-09-23,0.1941696159,0.2188593075,0.2050755155,0.1888711592,0.193024402,"E1|equal-weight,rebalance=year|band=0.01"
2026-09-24,0.1936819605,0.2182461087,0.2039188126,0.1889756105,0.1951775077,"E1|equal-weight,rebalance=year|band=0.01"
2026-09-25,0.1932801521,0.2185021821,0.2035468356,0.1900106571,0.1946601732,"E1|equal-weight,rebalance=year|band=0.01"
2026-09-28,0.1936256807,0.217741775,0.2028258006,0.1879678989,0.1978388447,"E1|equal-weight,rebalance=year|band=0.01"
2026-09-29,0.193255027,0.2180938072,0.2028942052,0.1875073551,0.1982496055,"E1|equal-weight,rebalance=year|band=0.01"
2026-09-30,0.192474707,0.2164968093,0.2039113314,0.1889271223,0.19819003,"E1|equal-weight,rebalance=year|band=0.01"
