date,NIFTYBEES,JUNIORBEES,BANKBEES,GOLDBEES,cash,multiplier,strategy
2013-04-01,0.2,0.2,0.2,0.2,0.2,1,"E1|equal-weight,rebalance=year|band=0.01"
2013-04-02,0.2004762425,0.199973906,0.2010537809,0.1989161504,0.1995799202,1,"E1|equal-weight,rebalance=year|band=0.01"
2013-04-03,0.2001666339,0.2012512127,0.1994389308,0.1978621145,0.2012811081,1,"E1|equal-weight,rebalance=year|band=0.01"
2013-04-04,0.2006109845,0.1989668358,0.1980334969,0.1986979228,0.20369076,1,"E1|equal-weight,rebalance=year|band=0.01"
2013-04-05,0.1982706068,0.1999699488,0.1973886597,0.2002117284,0.2041590563,1,"E1|equal-weight,rebalance=year|band=0.01"
2013-04-08,0.1986022717,0.1995545114,0.1963022709,0.2017933021,0.2037476439,1,"E1|equal-weight,rebalance=year|band=0.01"
2013-04-09,0.1980423493,0.2006978879,0.1943588979,0.2022325037,0.2046683612,1,"E1|equal-weight,rebalance=year|band=0.01"
2013-04-10,0.1990764205,0.1998982531,0.1965364034,0.2012262635,0.2032626595,1,"E1|equal-weight,rebalance=year|band=0.01"
2013-04-11,0.1982662673,0.2014542725,0.1986492394,0.1984818537,0.2031483671,1,"E1|equal-weight,rebalance=year|band=0.01"
2013-04-12,0.1970583736,0.2012443202,0.2010318022,0.1974645376,0.2032009664,1,"E1|equal-weight,rebalance=year|band=0.01"
2013-04-15,0.2002051726,0.2047969243,0.2057276082,0.1833231695,0.2059471254,1,"E1|equal-weight,rebalance=year|band=0.01"
2013-04-16,0.2018942195,0.2066662044,0.2094197445,0.178299646,0.2037201856,1,"E1|equal-weight,rebalance=year|band=0.01"
2013-04-17,0.2013554564,0.206832645,0.2105465964,0.1776317902,0.203633512,1,"E1|equal-weight,rebalance=year|band=0.01"
2013-04-18,0.2026064151,0.2043839064,0.2139021797,0.1771205451,0.2019869537,1,"E1|equal-weight,rebalance=year|band=0.01"
2013-04-22,0.2021215026,0.2054390762,0.215420129,0.1775359127,0.1994833795,1,"E1|equal-weight,rebalance=year|band=0.01"
2013-04-23,0.2020683781,0.2054109821,0.2154112889,0.1774699121,0.1996394388,1,"E1|equal-weight,rebalance=year|band=0.01"
2013-04-25,0.2027389963,0.2048511117,0.2150119997,0.1790198609,0.1983780314,1,"E1|equal-weight,rebalance=year|band=0.01"
2013-04-26,0.2025265852,0.203983006,0.2128560266,0.1816144259,0.1990199563,1,"E1|equal-weight,rebalance=year|band=0.01"
2013-04-29,0.2022867891,0.2049351065,0.2134296266,0.1812732318,0.198075246,1,"E1|equal-weight,rebalance=year|band=0.01"
2013-04-30,0.203091279,0.2069134763,0.2117479789,0.1799238773,0.1983233885,1,"E1|equal-weight,rebalance=year|band=0.01"
2013-05-02,0.2041616813,0.2077747221,0.214063837,0.1771675661,0.1968321935,1,"E1|equal-weight,rebalance=year|band=0.01"
2013-05-03,0.2025658651,0.2102002625,0.209811539,0.1801743746,0.1972479588,1,"E1|equal-weight,rebalance=year|band=0.01"
2013-05-06,0.203371722,0.2096201466,0.2093364937,0.1803602533,0.1973113844,1,"E1|equal-weight,rebalance=year|band=0.01"
2013-05-07,0.2043670279,0.2105962948,0.2114407919,0.1776723187,0.1959235667,1,"E1|equal-weight,rebalance=year|band=0.01"
2013-05-08,0.2051120028,0.2100808725,0.2121116355,0.1768864974,0.1958089918,1,"E1|equal-weight,rebalance=year|band=0.01"
2013-05-09,0.2042949128,0.2096668973,0.2108450671,0.1792132639,0.1959798589,1,"E1|equal-weight,rebalance=year|band=0.01"
2013-05-10,0.2049696071,0.2093124607,0.2133046638,0.1774033797,0.1950098887,1,"E1|equal-weight,rebalance=year|band=0.01"
2013-05-11,0.205178921,0.2091803659,0.2127439649,0.1780891697,0.1948075785,1,"E1|equal-weight,rebalance=year|band=0.01"
2013-05-13,0.2033606627,0.2096138439,0.2121813999,0.1778796506,0.1969644429,1,"E1|equal-weight,rebalance=year|band=0.01"
2013-05-14,0.2036673199,0.2094199525,0.2124930386,0.1776235155,0.1967961735,1,"E1|equal-weight,rebalance=year|band=0.01"
2013-05-15,0.2055328745,0.2115745234,0.2160906276,0.1731271066,0.1936748679,1,"E1|equal-weight,rebalance=year|band=0.01"
2013-05-16,0.2055227352,0.2128177346,0.2190048919,0.1692788099,0.1933758284,1,"E1|equal-weight,rebalance=year|band=0.01"
2013-05-17,0.2053350667,0.2135861581,0.2194038804,0.1689455251,0.1927293697,1,"E1|equal-weight,rebalance=year|band=0.01"
2013-05-20,0.2061027356,0.2114933076,0.220547995,0.1674426486,0.1944133132,1,"E1|equal-weight,rebalance=year|band=0.01"
2013-05-21,0.2052307928,0.2111873687,0.2178496105,0.1706490504,0.1950831776,1,"E1|equal-weight,rebalance=year|band=0.01"
2013-05-22,0.2051038204,0.2105129576,0.2174319824,0.1716129659,0.1953382737,1,"E1|equal-weight,rebalance=year|band=0.01"
2013-05-23,0.2047551943,0.2063096282,0.2148477118,0.1750463049,0.1990411608,1,"E1|equal-weight,rebalance=year|band=0.01"
2013-05-24,0.2038874579,0.2095351608,0.215679809,0.1734900359,0.1974075364,1,"E1|equal-weight,rebalance=year|band=0.01"
2013-05-27,0.2047454533,0.2108041089,0.2164036664,0.1723720263,0.1956747451,1,"E1|equal-weight,rebalance=year|band=0.01"
2013-05-28,0.2057465321,0.2103849373,0.2167053362,0.1715644111,0.1955987833,1,"E1|equal-weight,rebalance=year|band=0.01"
2013-05-29,0.2058449307,0.2095554534,0.2148953736,0.1734198855,0.1962843568,1,"E1|equal-weight,rebalance=year|band=0.01"
2013-05-30,0.2052992554,0.210290857,0.2150429157,0.1744914566,0.1948755153,1,"E1|equal-weight,rebalance=year|band=0.01"
2013-05-31,0.2042762716,0.2098033363,0.2109050287,0.1781527936,0.1968625698,1,"E1|equal-weight,rebalance=year|band=0.01"
2013-06-03,0.2032275117,0.211518456,0.2101477681,0.1774819411,0.1976243231,1,"E1|equal-weight,rebalance=year|band=0.01"
2013-06-04,0.2023070469,0.2131428509,0.2091768668,0.1778847907,0.1974884447,1,"E1|equal-weight,rebalance=year|band=0.01"
2013-06-05,0.2022963197,0.2133265276,0.2093516615,0.1775129452,0.197512546,1,"E1|equal-weight,rebalance=year|band=0.01"
2013-06-06,0.2018998166,0.2110390021,0.2105817678,0.1796001453,0.1968792682,1,"E1|equal-weight,rebalance=year|band=0.01"
2013-06-07,0.2010991074,0.2098364727,0.2096169809,0.1819347713,0.1975126677,1,"E1|equal-weight,rebalance=year|band=0.01"
2013-06-10,0.2017313679,0.208412492,0.2098343886,0.1814957915,0.19852596,1,"E1|equal-weight,rebalance=year|band=0.01"
2013-06-11,0.2007939091,0.2070952148,0.2088884024,0.1829298367,0.200292637,1,"E1|equal-weight,rebalance=year|band=0.01"
2013-06-12,0.20164026,0.2052627928,0.2067619944,0.1844015991,0.2019333537,1,"E1|equal-weight,rebalance=year|band=0.01"
2013-06-13,0.200701732,0.2029867321,0.2060925829,0.1872800919,0.2029388611,1,"E1|equal-weight,rebalance=year|band=0.01"
2013-06-14,0.2025737267,0.2043936481,0.2071668726,0.1841834591,0.2016822935,1,"E1|equal-weight,rebalance=year|band=0.01"
2013-06-17,0.2028584004,0.2050780639,0.2071144113,0.1845125582,0.2004365662,1,"E1|equal-weight,rebalance=year|band=0.01"
2013-06-18,0.2018992663,0.2063888452,0.2057423572,0.1856644422,0.2003050891,1,"E1|equal-weight,rebalance=year|band=0.01"
2013-06-19,0.202067089,0.2072791953,0.2044513528,0.1852753204,0.2009270425,1,"E1|equal-weight,rebalance=year|band=0.01"
2013-06-20,0.2007222122,0.2085127499,0.2034545504,0.1828443598,0.2044661277,1,"E1|equal-weight,rebalance=year|band=0.01"
2013-06-21,0.2013560519,0.2073493042,0.2036665612,0.1822010598,0.2054270229,1,"E1|equal-weight,rebalance=year|band=0.01"
2013-06-24,0.2011640426,0.2052748164,0.2020052622,0.1840475248,0.207508354,1,"E1|equal-weight,rebalance=year|band=0.01"
2013-06-25,0.2019797092,0.2065612633,0.2014223535,0.1828650822,0.2071715918,1,"E1|equal-weight,rebalance=year|band=0.01"
2013-06-26,0.2020350385,0.2081952393,0.2012559076,0.1792038884,0.2093099262,1,"E1|equal-weight,rebalance=year|band=0.01"
2013-06-27,0.2039150188,0.2079650919,0.2011223414,0.1787215927,0.2082759552,1,"E1|equal-weight,rebalance=year|band=0.01"
2013-06-28,0.2089992209,0.2070382706,0.2050011069,0.1721383126,0.206823089,1,"E1|equal-weight,rebalance=year|band=0.01"
2013-07-01,0.2070657186,0.2096338633,0.205349398,0.1739408162,0.2040102039,1,"E1|equal-weight,rebalance=year|band=0.01"
2013-07-02,0.2060406249,0.2087623616,0.2048889005,0.1763082124,0.2039999006,1,"E1|equal-weight,rebalance=year|band=0.01"
2013-07-03,0.2070374531,0.2061598545,0.2023897688,0.1783927798,0.2060201438,1,"E1|equal-weight,rebalance=year|band=0.01"
2013-07-04,0.2061297102,0.2087011771,0.2024247038,0.1778076546,0.2049367543,1,"E1|equal-weight,rebalance=year|band=0.01"
2013-07-05,0.2068478281,0.2096106586,0.2017733929,0.1770715107,0.2046966097,1,"E1|equal-weight,rebalance=year|band=0.01"
2013-07-08,0.206379149,0.2107882835,0.2005085555,0.176841903,0.205482109,1,"E1|equal-weight,rebalance=year|band=0.01"
2013-07-09,0.2067272522,0.2099824374,0.2012703928,0.1772435117,0.2047764059,1,"E1|equal-weight,rebalance=year|band=0.01"
2013-07-10,0.2052181627,0.211442269,0.2015347525,0.1769869409,0.2048178749,1,"E1|equal-weight,rebalance=year|band=0.01"
2013-07-11,0.2064342509,0.2108052963,0.2021844554,0.1780521949,0.2025238025,1,"E1|equal-weight,rebalance=year|band=0.01"
2013-07-12,0.2085077426,0.2099975772,0.2028025131,0.1767332879,0.2019588792,1,"E1|equal-weight,rebalance=year|band=0.01"
2013-07-15,0.2084559708,0.2096555425,0.2038682918,0.1769393246,0.2010808703,1,"E1|equal-weight,rebalance=year|band=0.01"
2013-07-16,0.2093586205,0.211159512,0.1967335711,0.1786925237,0.2040557727,1,"E1|equal-weight,rebalance=year|band=0.01"
2013-07-17,0.2099980847,0.2095583252,0.1968665568,0.1793422307,0.2042348026,1,"E1|equal-weight,rebalance=year|band=0.01"
2013-07-18,0.2107403586,0.2129846297,0.1953021247,0.1779932227,0.2029796643,1,"E1|equal-weight,rebalance=year|band=0.01"
2013-07-19,0.211330023,0.2122306842,0.1934433427,0.1793841578,0.2036117923,1,"E1|equal-weight,rebalance=year|band=0.01"
2013-07-22,0.2105136035,0.2125876868,0.1920836721,0.181891512,0.2029235256,1,"E1|equal-weight,rebalance=year|band=0.01"
2013-07-23,0.2111514501,0.2086292089,0.1942122747,0.1839285532,0.2020785131,1,"E1|equal-weight,rebalance=year|band=0.01"
2013-07-24,0.2115226975,0.2074059025,0.1905590855,0.1851540353,0.2053582792,1,"E1|equal-weight,rebalance=year|band=0.01"
2013-07-25,0.2104459896,0.2080995228,0.1909951674,0.1837356983,0.2067236219,1,"E1|equal-weight,rebalance=year|band=0.01"
2013-07-26,0.2092811915,0.2084699036,0.1895287045,0.1858811114,0.206839089,1,"E1|equal-weight,rebalance=year|band=0.01"
2013-07-29,0.2089911754,0.2073905739,0.1850285067,0.1901847278,0.2084050162,1,"E1|equal-weight,rebalance=year|band=0.01"
2013-07-30,0.208082391,0.2043349283,0.1851239584,0.1928780575,0.2095806648,1,"E1|equal-weight,rebalance=year|band=0.01"
2013-07-31,0.2064520424,0.2037975032,0.1880108218,0.1934735439,0.2082660887,1,"E1|equal-weight,rebalance=year|band=0.01"
2013-08-01,0.2071899593,0.2010177505,0.1901120771,0.1918806181,0.209799595,1,"E1|equal-weight,rebalance=year|band=0.01"
2013-08-02,0.2076527554,0.197612921,0.1942644102,0.1898281654,0.210641748,1,"E1|equal-weight,rebalance=year|band=0.01"
2013-08-05,0.2061978778,0.1970799534,0.1917398659,0.1939809504,0.2110013525,1,"E1|equal-weight,rebalance=year|band=0.01"
2013-08-06,0.2034168613,0.1995105465,0.190414637,0.1945319152,0.21212604,1,"E1|equal-weight,rebalance=year|band=0.01"
2013-08-07,0.2041091555,0.203407776,0.1848851478,0.1934464908,0.2141514299,1,"E1|equal-weight,rebalance=year|band=0.01"
2013-08-08,0.2039312376,0.205786261,0.1839300242,0.1938165709,0.2125359063,1,"E1|equal-weight,rebalance=year|band=0.01"
2013-08-12,0.2047761435,0.2040085052,0.1799107296,0.1989917244,0.2123128973,1,"E1|equal-weight,rebalance=year|band=0.01"
2013-08-13,0.2057743201,0.2033892253,0.1800479545,0.2008935186,0.2098949815,1,"E1|equal-weight,rebalance=year|band=0.01"
2013-08-14,0.206497769,0.2035151801,0.1804748014,0.1999083485,0.209603901,1,"E1|equal-weight,rebalance=year|band=0.01"
2013-08-16,0.2010804526,0.2019231166,0.17641631,0.2089297094,0.2116504114,1,"E1|equal-weight,rebalance=year|band=0.01"
2013-08-19,0.1993371251,0.1992379781,0.1730753659,0.2144925252,0.2138570057,1,"E1|equal-weight,rebalance=year|band=0.01"
2013-08-20,0.1994517006,0.1973825961,0.1717456811,0.216156936,0.2152630862,1,"E1|equal-weight,rebalance=year|band=0.01"
2013-08-21,0.1974434712,0.1957935613,0.1729781276,0.217762127,0.2160227129,1,"E1|equal-weight,rebalance=year|band=0.01"
2013-08-22,0.1999401442,0.1935015707,0.173567766,0.2174786614,0.2155118577,1,"E1|equal-weight,rebalance=year|band=0.01"
2013-08-23,0.2003472404,0.1951760005,0.175446794,0.2146861552,0.2143438099,1,"E1|equal-weight,rebalance=year|band=0.01"
2013-08-26,0.1997516958,0.1964455098,0.1735823581,0.2166597354,0.2135607009,1,"E1|equal-weight,rebalance=year|band=0.01"
2013-08-27,0.1970772162,0.1961637215,0.1674735919,0.2223527878,0.2169326826,1,"E1|equal-weight,rebalance=year|band=0.01"
2013-08-28,0.1972826647,0.1937392812,0.1650209636,0.2262659973,0.2176910932,1,"E1|equal-weight,rebalance=year|band=0.01"
2013-08-29,0.1992889403,0.1948077308,0.1671643555,0.2228284467,0.2159105267,1,"E1|equal-weight,rebalance=year|band=0.01"
2013-08-30,0.2022537141,0.1953841608,0.1672976575,0.2178047788,0.2172596888,1,"E1|equal-weight,rebalance=year|band=0.01"
2013-09-02,0.2035207293,0.1973387981,0.1681519305,0.2160032605,0.2149852816,1,"E1|equal-weight,rebalance=year|band=0.01"
2013-09-03,0.1996236617,0.1946800948,0.1632535684,0.224553232,0.2178894431,1,"E1|equal-weight,rebalance=year|band=0.01"
2013-09-04,0.2008682145,0.1970551912,0.164383557,0.2214002076,0.2162928297,1,"E1|equal-weight,rebalance=year|band=0.01"
2013-09-05,0.2028200396,0.1952909427,0.1750775723,0.2139406439,0.2128708015,1,"E1|equal-weight,rebalance=year|band=0.01"
2013-09-06,0.2050924821,0.1950671037,0.1793458467,0.2083789784,0.2121155891,1,"E1|equal-weight,rebalance=year|band=0.01"
2013-09-10,0.2096863885,0.1972749853,0.1803674781,0.2031091552,0.2095619929,1,"E1|equal-weight,rebalance=year|band=0.01"
2013-09-11,0.2097544205,0.196754641,0.1831698943,0.2015370509,0.2087839933,1,"E1|equal-weight,rebalance=year|band=0.01"
2013-09-12,0.2086910948,0.198182147,0.1806965417,0.2025610703,0.2098691462,1,"E1|equal-weight,rebalance=year|band=0.01"
2013-09-13,0.2093403704,0.1981242269,0.1823436645,0.1997919012,0.210399837,1,"E1|equal-weight,rebalance=year|band=0.01"
2013-09-16,0.2089592095,0.1969969899,0.1847635031,0.1987935432,0.2104867543,1,"E1|equal-weight,rebalance=year|band=0.01"
2013-09-17,0.209212309,0.1971273187,0.1826906971,0.2005860067,0.2103836685,1,"E1|equal-weight,rebalance=year|band=0.01"
2013-09-18,0.2101790425,0.1969430522,0.1850486124,0.1978810991,0.2099481938,1,"E1|equal-weight,rebalance=year|band=0.01"
2013-09-19,0.2107135785,0.1982749839,0.1916171484,0.1963005717,0.2030937175,1,"E1|equal-weight,rebalance=year|band=0.01"
2013-09-20,0.2099884391,0.1993684283,0.1869015678,0.1980192573,0.2057223075,1,"E1|equal-weight,rebalance=year|band=0.01"
2013-09-23,0.2093298662,0.1995109461,0.1828282477,0.1992895186,0.2090414214,1,"E1|equal-weight,rebalance=year|band=0.01"
2013-09-24,0.2089328163,0.2011668969,0.1823715762,0.198393552,0.2091351586,1,"E1|equal-weight,rebalance=year|band=0.01"
2013-09-25,0.2087081552,0.2011262675,0.1810873068,0.1996854836,0.2093927869,1,"E1|equal-weight,rebalance=year|band=0.01"
2013-09-26,0.2092513114,0.2008260482,0.1807046807,0.1998010853,0.2094168744,1,"E1|equal-weight,rebalance=year|band=0.01"
2013-09-27,0.2080666729,0.2030444936,0.1778455635,0.2009360101,0.2101072599,1,"E1|equal-weight,rebalance=year|band=0.01"
2013-09-30,0.2063169123,0.2036357339,0.1732818844,0.2051592394,0.21160623,1,"E1|equal-weight,rebalance=year|band=0.01"
2013-10-01,0.2068748297,0.2048048794,0.1755559061,0.2018956121,0.2108687727,1,"E1|equal-weight,rebalance=year|band=0.01"
2013-10-03,0.2093187849,0.2033745616,0.1794748044,0.1987686927,0.2090631564,1,"E1|equal-weight,rebalance=year|band=0.01"
2013-10-04,0.2090370109,0.2033349592,0.1796568731,0.1987799291,0.2091912277,1,"E1|equal-weight,rebalance=year|band=0.01"
2013-10-07,0.2095870555,0.2044180365,0.1768490639,0.1995533145,0.2095925296,1,"E1|equal-weight,rebalance=year|band=0.01"
2013-10-08,0.2092382581,0.204311025,0.1763269798,0.2027217397,0.2074019974,1,"E1|equal-weight,rebalance=year|band=0.01"
2013-10-09,0.2105805462,0.2054392179,0.1776041644,0.1996261123,0.2067499592,1,"E1|equal-weight,rebalance=year|band=0.01"
2013-10-10,0.2104248064,0.2048829871,0.1784870436,0.1996208381,0.2065843248,1,"E1|equal-weight,rebalance=year|band=0.01"
2013-10-11,0.2109993455,0.2055059688,0.1825188748,0.195795984,0.2051798269,1,"E1|equal-weight,rebalance=year|band=0.01"
2013-10-14,0.2105928389,0.2053735052,0.1829992125,0.1966410244,0.204393419,1,"E1|equal-weight,rebalance=year|band=0.01"
2013-10-15,0.2118958584,0.2041741354,0.1800393622,0.1973005794,0.2065900646,1,"E1|equal-weight,rebalance=year|band=0.01"
2013-10-17,0.2099511126,0.203983734,0.1793617589,0.2006299591,0.2060734354,1,"E1|equal-weight,rebalance=year|band=0.01"
2013-10-18,0.2117315876,0.2020670167,0.1835866352,0.1992676733,0.2033470872,1,"E1|equal-weight,rebalance=year|band=0.01"
2013-10-21,0.2109735687,0.205193988,0.1825258965,0.1992387547,0.2020677921,1,"E1|equal-weight,rebalance=year|band=0.01"
2013-10-22,0.2105808802,0.2041262009,0.182733839,0.2006706527,0.2018884272,1,"E1|equal-weight,rebalance=year|band=0.01"
2013-10-23,0.2087699648,0.2046868314,0.1828553011,0.2026419034,0.2010459993,1,"E1|equal-weight,rebalance=year|band=0.01"
2013-10-24,0.2088780371,0.203036595,0.1840499825,0.2024981109,0.2015372745,1,"E1|equal-weight,rebalance=year|band=0.01"
2013-10-25,0.2084087597,0.2029475159,0.1841931409,0.2030140236,0.2014365599,1,"E1|equal-weight,rebalance=year|band=0.01"
2013-10-28,0.2076932144,0.2029098311,0.1823617854,0.2046323315,0.2024028376,1,"E1|equal-weight,rebalance=year|band=0.01"
2013-10-29,0.2099107706,0.202537647,0.1882772546,0.1983128001,0.2009615277,1,"E1|equal-weight,rebalance=year|band=0.01"
2013-10-30,0.2104555683,0.2035676189,0.1878197298,0.1974523003,0.2007047827,1,"E1|equal-weight,rebalance=year|band=0.01"
2013-10-31,0.2112000683,0.2035952651,0.1912848397,0.1938767909,0.200043036,1,"E1|equal-weight,rebalance=year|band=0.01"
2013-11-01,0.2104923171,0.2040540685,0.1930792273,0.1936061925,0.1987681946,1,"E1|equal-weight,rebalance=year|band=0.01"
2013-11-03,0.210323088,0.2054095142,0.1919351283,0.1938607487,0.1984715208,1,"E1|equal-weight,rebalance=year|band=0.01"
2013-11-05,0.2095638552,0.2074322596,0.1914309333,0.1919681209,0.199604831,1,"E1|equal-weight,rebalance=year|band=0.01"
2013-11-06,0.2094146693,0.2056274941,0.1889368172,0.1951292001,0.2008918193,1,"E1|equal-weight,rebalance=year|band=0.01"
2013-11-07,0.2098277839,0.2056565295,0.1868499511,0.1952721466,0.2023935889,1,"E1|equal-weight,rebalance=year|band=0.01"
2013-11-08,0.2094478237,0.2049269483,0.1851552285,0.1970703771,0.2033996224,1,"E1|equal-weight,rebalance=year|band=0.01"
2013-11-11,0.2082111103,0.2064880823,0.1836247275,0.1974295296,0.2042465503,1,"E1|equal-weight,rebalance=year|band=0.01"
2013-11-12,0.2073720436,0.2053624726,0.1814010779,0.2007665683,0.2050978376,1,"E1|equal-weight,rebalance=year|band=0.01"
2013-11-13,0.2069092403,0.2045836385,0.1809537417,0.2012736417,0.2062797378,1,"E1|equal-weight,rebalance=year|band=0.01"
2013-11-14,0.2062341855,0.2071189231,0.1840964434,0.1989156019,0.2036348461,1,"E1|equal-weight,rebalance=year|band=0.01"
2013-11-18,0.2080654808,0.2078138347,0.1860904234,0.1967360718,0.2012941893,1,"E1|equal-weight,rebalance=year|band=0.01"
2013-11-19,0.2089311959,0.2064198357,0.187258517,0.1958683529,0.2015220985,1,"E1|equal-weight,rebalance=year|band=0.01"
2013-11-20,0.2080035911,0.205892608,0.1855128433,0.1974689202,0.2031220374,1,"E1|equal-weight,rebalance=year|band=0.01"
2013-11-21,0.2063951324,0.2054235207,0.1834308188,0.1990853738,0.2056651543,1,"E1|equal-weight,rebalance=year|band=0.01"
2013-11-22,0.2059565929,0.2069328266,0.1824256692,0.1991021596,0.2055827517,1,"E1|equal-weight,rebalance=year|band=0.01"
2013-11-25,0.2083093188,0.2059590672,0.1870765232,0.1946775054,0.2039775854,1,"E1|equal-weight,rebalance=year|band=0.01"
2013-11-26,0.2066552312,0.2068710489,0.1851822297,0.1970317024,0.2042597878,1,"E1|equal-weight,rebalance=year|band=0.01"
2013-11-27,0.207148792,0.2056430101,0.1850928314,0.1970806169,0.2050347496,1,"E1|equal-weight,rebalance=year|band=0.01"
2013-11-28,0.2076580894,0.207308223,0.1846677384,0.1956705353,0.2046954139,1,"E1|equal-weight,rebalance=year|band=0.01"
2013-11-29,0.2080532555,0.2071828941,0.1872295295,0.1952666192,0.2022677017,1,"E1|equal-weight,rebalance=year|band=0.01"
2013-12-02,0.2087308449,0.2081210285,0.1882862059,0.1933401881,0.2015217326,1,"E1|equal-weight,rebalance=year|band=0.01"
2013-12-03,0.208469417,0.2093511307,0.1871335989,0.1931102718,0.2019355816,1,"E1|equal-weight,rebalance=year|band=0.01"
2013-12-04,0.2078909675,0.207787206,0.1872445223,0.1943948111,0.2026824931,1,"E1|equal-weight,rebalance=year|band=0.01"
2013-12-05,0.20819196,0.2074180917,0.1922955445,0.1921484927,0.1999459111,1,"E1|equal-weight,rebalance=year|band=0.01"
2013-12-06,0.2085172719,0.207580158,0.1941850162,0.1902347968,0.1994827571,1,"E1|equal-weight,rebalance=year|band=0.01"
2013-12-09,0.2093847534,0.2073272169,0.197922142,0.1870050879,0.1983607998,1,"E1|equal-weight,rebalance=year|band=0.01"
2013-12-10,0.2093891525,0.2071704609,0.1957289699,0.1886149699,0.1990964468,1,"E1|equal-weight,rebalance=year|band=0.01"
2013-12-11,0.2094864583,0.2063697797,0.1944818996,0.189886435,0.1997754274,1,"E1|equal-weight,rebalance=year|band=0.01"
2013-12-12,0.2087699832,0.2060190522,0.1935402627,0.1902155548,0.2014551471,1,"E1|equal-weight,rebalance=year|band=0.01"
2013-12-13,0.2081468946,0.206185903,0.1914539194,0.1912634124,0.2029498706,1,"E1|equal-weight,rebalance=year|band=0.01"
2013-12-16,0.2066086904,0.2071064521,0.1942705906,0.1898836272,0.2021306397,1,"E1|equal-weight,rebalance=year|band=0.01"
2013-12-17,0.2071770562,0.2078469348,0.1913358292,0.1901453564,0.2034948234,1,"E1|equal-weight,rebalance=year|band=0.01"
2013-12-18,0.2089580221,0.2094492427,0.1901180168,0.1889668997,0.2025078187,1,"E1|equal-weight,rebalance=year|band=0.01"
2013-12-19,0.2083843992,0.2109876815,0.187134261,0.189317318,0.2041763403,1,"E1|equal-weight,rebalance=year|band=0.01"
2013-12-20,0.2102758423,0.2133783766,0.1879559194,0.1862461131,0.2021437486,1,"E1|equal-weight,rebalance=year|band=0.01"
2013-12-23,0.2103304843,0.2120572532,0.1898409225,0.1860197673,0.2017515727,1,"E1|equal-weight,rebalance=year|band=0.01"
2013-12-24,0.2094993452,0.2143413632,0.1890186061,0.1852909275,0.201849758,1,"E1|equal-weight,rebalance=year|band=0.01"
2013-12-26,0.2094728133,0.214487594,0.1893172829,0.1853861129,0.2013361969,1,"E1|equal-weight,rebalance=year|band=0.01"
2013-12-27,0.2105124784,0.2139609126,0.1899957462,0.1841574651,0.2013733977,1,"E1|equal-weight,rebalance=year|band=0.01"
2013-12-30,0.2102769831,0.2145333905,0.189379507,0.1835591346,0.2022509848,1,"E1|equal-weight,rebalance=year|band=0.01"
2013-12-31,0.210429558,0.2158628352,0.1891018488,0.1827107261,0.2018950319,1,"E1|equal-weight,rebalance=year|band=0.01"
2014-01-01,0.2100572788,0.2161109076,0.189194566,0.1829414377,0.2016958099,1,"E1|equal-weight,rebalance=year|band=0.01"
2014-01-02,0.2079402506,0.2183371516,0.1862184384,0.1850498073,0.2024543521,1,"E1|equal-weight,rebalance=year|band=0.01"
2014-01-03,0.2084844053,0.2143129798,0.1869357113,0.1870250961,0.2032418075,1,"E1|equal-weight,rebalance=year|band=0.01"
2014-01-06,0.2078069158,0.2175512886,0.184115931,0.1869865346,0.20353933,1,"E1|equal-weight,rebalance=year|band=0.01"
2014-01-07,0.2080144131,0.2158154374,0.1843834724,0.18751196,0.2042747171,1,"E1|equal-weight,rebalance=year|band=0.01"
2014-01-08,0.2081264137,0.2161964595,0.1853136654,0.186059951,0.2043035104,1,"E1|equal-weight,rebalance=year|band=0.01"
2014-01-09,0.2081602562,0.2167845958,0.1838994327,0.1865171907,0.2046385246,1,"E1|equal-weight,rebalance=year|band=0.01"
2014-01-10,0.2089906767,0.2166924541,0.1816389274,0.18754689,0.2051310518,1,"E1|equal-weight,rebalance=year|band=0.01"
2014-01-13,0.2100675993,0.2164472964,0.1836050535,0.1864313812,0.2034486696,1,"E1|equal-weight,rebalance=year|band=0.01"
2014-01-14,0.2098138018,0.2152507614,0.1831268197,0.187687252,0.2041213651,1,"E1|equal-weight,rebalance=year|band=0.01"
2014-01-15,0.211152121,0.2152367483,0.1848401195,0.1856096607,0.2031613505,1,"E1|equal-weight,rebalance=year|band=0.01"
2014-01-16,0.2117414438,0.2129650511,0.1855125083,0.1862395483,0.2035414485,1,"E1|equal-weight,rebalance=year|band=0.01"
2014-01-17,0.2118430547,0.2091253689,0.1851031259,0.1881333992,0.2057950513,1,"E1|equal-weight,rebalance=year|band=0.01"
2014-01-20,0.2126418598,0.2101566741,0.1845305631,0.1880574346,0.2046134684,1,"E1|equal-weight,rebalance=year|band=0.01"
2014-01-21,0.2118789428,0.20963973,0.1864867413,0.1875241295,0.2044704564,1,"E1|equal-weight,rebalance=year|band=0.01"
2014-01-22,0.2127893842,0.2103827121,0.1871863229,0.1859437623,0.2036978185,1,"E1|equal-weight,rebalance=year|band=0.01"
2014-01-23,0.2128345921,0.2111646009,0.186884394,0.1854845954,0.2036318176,1,"E1|equal-weight,rebalance=year|band=0.01"
2014-01-24,0.2115080614,0.2111588228,0.1844848028,0.187795909,0.205052404,1,"E1|equal-weight,rebalance=year|band=0.01"
2014-01-27,0.2104707198,0.2083749538,0.1803207216,0.1921646503,0.2086689545,1,"E1|equal-weight,rebalance=year|band=0.01"
2014-01-28,0.2109128689,0.207586213,0.1804884628,0.1919529314,0.2090595239,1,"E1|equal-weight,rebalance=year|band=0.01"
2014-01-29,0.2114171748,0.206574026,0.1792815134,0.1941220326,0.2086052532,1,"E1|equal-weight,rebalance=year|band=0.01"
2014-01-30,0.2114336919,0.2071012885,0.1761368664,0.1941007122,0.211227441,1,"E1|equal-weight,rebalance=year|band=0.01"
2014-01-31,0.2111129641,0.2084465902,0.176980222,0.1926738952,0.2107863285,1,"E1|equal-weight,rebalance=year|band=0.01"
2014-02-03,0.2107233921,0.2086828868,0.1752388249,0.1933233448,0.2120315514,1,"E1|equal-weight,rebalance=year|band=0.01"
2014-02-04,0.2092810549,0.2075063697,0.1774616593,0.1938799462,0.2118709699,1,"E1|equal-weight,rebalance=year|band=0.01"
2014-02-05,0.209657557,0.2083901632,0.1765209928,0.193685103,0.211746184,1,"E1|equal-weight,rebalance=year|band=0.01"
2014-02-06,0.2093416614,0.2095304534,0.1762589793,0.1934396853,0.2114292206,1,"E1|equal-weight,rebalance=year|band=0.01"
2014-02-07,0.2104504535,0.209846437,0.1757351835,0.1930908922,0.2108770338,1,"E1|equal-weight,rebalance=year|band=0.01"
2014-02-10,0.2103339317,0.2078498783,0.1759552759,0.1945189316,0.2113419825,1,"E1|equal-weight,rebalance=year|band=0.01"
2014-02-11,0.210419898,0.2079084589,0.1756485691,0.1949569171,0.2110661569,1,"E1|equal-weight,rebalance=year|band=0.01"
2014-02-12,0.2103688812,0.2076741909,0.1769812626,0.1943416894,0.2106339759,1,"E1|equal-weight,rebalance=year|band=0.01"
2014-02-13,0.2092407532,0.206344687,0.1759481958,0.1958433959,0.2126229681,1,"E1|equal-weight,rebalance=year|band=0.01"
2014-02-14,0.2102957375,0.2054876392,0.175980137,0.1962508989,0.2119855874,1,"E1|equal-weight,rebalance=year|band=0.01"
2014-02-17,0.2100587139,0.2042546258,0.1766595047,0.1980936399,0.2109335157,1,"E1|equal-weight,rebalance=year|band=0.01"
2014-02-18,0.2092703874,0.2053294995,0.1798895619,0.1965970594,0.2089134918,1,"E1|equal-weight,rebalance=year|band=0.01"
2014-02-19,0.2093027886,0.2065396109,0.179929716,0.1960854552,0.2081424293,1,"E1|equal-weight,rebalance=year|band=0.01"
2014-02-20,0.2091379075,0.2065889773,0.1780152506,0.1968137953,0.2094440693,1,"E1|equal-weight,rebalance=year|band=0.01"
2014-02-21,0.2098088986,0.2080655254,0.1785989942,0.1950301798,0.208496402,1,"E1|equal-weight,rebalance=year|band=0.01"
2014-02-24,0.2107397339,0.2047005053,0.1799321238,0.1959551193,0.2086725177,1,"E1|equal-weight,rebalance=year|band=0.01"
2014-02-25,0.2107243917,0.2065440204,0.1798959943,0.1948202569,0.2080153367,1,"E1|equal-weight,rebalance=year|band=0.01"
2014-02-26,0.2112831432,0.205576685,0.1805560683,0.1948473356,0.2077367679,1,"E1|equal-weight,rebalance=year|band=0.01"
2014-02-28,0.2119901696,0.2059041607,0.1807996441,0.1940068349,0.2072991907,1,"E1|equal-weight,rebalance=year|band=0.01"
2014-03-03,0.2103036991,0.2077772056,0.1793279288,0.1949534827,0.2076376838,1,"E1|equal-weight,rebalance=year|band=0.01"
2014-03-04,0.2109934814,0.208623364,0.1824529961,0.1921011909,0.2058289676,1,"E1|equal-weight,rebalance=year|band=0.01"
2014-03-05,0.2108205352,0.2098987287,0.1844682618,0.1902455969,0.2045668774,1,"E1|equal-weight,rebalance=year|band=0.01"
2014-03-06,0.2119961391,0.2094997674,0.1862006803,0.1886387655,0.2036646477,1,"E1|equal-weight,rebalance=year|band=0.01"
2014-03-07,0.2134322113,0.2071115548,0.1927783614,0.1857918077,0.2008860648,1,"E1|equal-weight,rebalance=year|band=0.01"
2014-03-10,0.2122009494,0.2079675416,0.1946322546,0.184455148,0.2007441064,1,"E1|equal-weight,rebalance=year|band=0.01"
2014-03-11,0.2111389496,0.2062843076,0.1952159193,0.1856189669,0.2017418566,1,"E1|equal-weight,rebalance=year|band=0.01"
2014-03-12,0.2110046447,0.2082116832,0.1939808622,0.1856126553,0.2011901546,1,"E1|equal-weight,rebalance=year|band=0.01"
2014-03-13,0.2100356698,0.206765877,0.1958274496,0.1859973508,0.2013736528,1,"E1|equal-weight,rebalance=year|band=0.01"
2014-03-14,0.2109378641,0.2049731048,0.1947694258,0.1874109013,0.201908704,1,"E1|equal-weight,rebalance=year|band=0.01"
2014-03-18,0.2105784104,0.2060158399,0.196843553,0.1851711504,0.2013910463,1,"E1|equal-weight,rebalance=year|band=0.01"
2014-03-19,0.2108865031,0.2085149119,0.1956584374,0.1836484222,0.2012917254,1,"E1|equal-weight,rebalance=year|band=0.01"
2014-03-20,0.2108005217,0.2087921535,0.1954081432,0.1823574508,0.2026417308,1,"E1|equal-weight,rebalance=year|band=0.01"
2014-03-21,0.2103592226,0.2073985752,0.1980985421,0.182215015,0.2019286451,1,"E1|equal-weight,rebalance=year|band=0.01"
2014-03-22,0.2101662262,0.2087005527,0.1978623896,0.1816763911,0.2015944404,1,"E1|equal-weight,rebalance=year|band=0.01"
2014-03-24,0.2117688962,0.2097614603,0.1988570602,0.1788938152,0.2007187681,1,"E1|equal-weight,rebalance=year|band=0.01"
2014-03-25,0.212642363,0.2085353364,0.20014618,0.1774635491,0.2012125715,1,"E1|equal-weight,rebalance=year|band=0.01"
2014-03-26,0.2117584013,0.2103424508,0.2003714152,0.1768116093,0.2007161234,1,"E1|equal-weight,rebalance=year|band=0.01"
2014-03-27,0.2127149356,0.2102071588,0.2011514398,0.1754088586,0.2005176072,1,"E1|equal-weight,rebalance=year|band=0.01"
2014-03-28,0.2138665203,0.2096487554,0.2019869789,0.1748079413,0.1996898041,1,"E1|equal-weight,rebalance=year|band=0.01"
2014-03-31,0.2128760896,0.2128170426,0.2005028677,0.1752140053,0.1985899948,1,"E1|equal-weight,rebalance=year|band=0.01"
2014-04-01,1,0,0,0,0,1,S0|cap=0.3|band=0.01
2014-04-02,1,0,0,0,0,1,S0|cap=0.3|band=0.01
2014-04-03,1,0,0,0,0,1,S0|cap=0.3|band=0.01
2014-04-04,1,0,0,0,0,1,S0|cap=0.3|band=0.01
2014-04-07,1,0,0,0,0,1,S0|cap=0.3|band=0.01
2014-04-09,1,0,0,0,0,1,S0|cap=0.3|band=0.01
2014-04-10,1,0,0,0,0,1,S0|cap=0.3|band=0.01
2014-04-11,1,0,0,0,0,1,S0|cap=0.3|band=0.01
2014-04-15,1,0,0,0,0,1,S0|cap=0.3|band=0.01
2014-04-16,1,0,0,0,0,1,S0|cap=0.3|band=0.01
2014-04-17,1,0,0,0,0,1,S0|cap=0.3|band=0.01
2014-04-21,1,0,0,0,0,1,S0|cap=0.3|band=0.01
2014-04-22,1,0,0,0,0,1,S0|cap=0.3|band=0.01
2014-04-23,1,0,0,0,0,1,S0|cap=0.3|band=0.01
2014-04-25,1,0,0,0,0,1,S0|cap=0.3|band=0.01
2014-04-28,1,0,0,0,0,1,S0|cap=0.3|band=0.01
2014-04-29,1,0,0,0,0,1,S0|cap=0.3|band=0.01
2014-04-30,1,0,0,0,0,1,S0|cap=0.3|band=0.01
2014-05-02,1,0,0,0,0,1,S0|cap=0.3|band=0.01
2014-05-05,1,0,0,0,0,1,S0|cap=0.3|band=0.01
2014-05-06,1,0,0,0,0,1,S0|cap=0.3|band=0.01
2014-05-07,1,0,0,0,0,1,S0|cap=0.3|band=0.01
2014-05-08,1,0,0,0,0,1,S0|cap=0.3|band=0.01
2014-05-09,1,0,0,0,0,1,S0|cap=0.3|band=0.01
2014-05-12,1,0,0,0,0,1,S0|cap=0.3|band=0.01
2014-05-13,1,0,0,0,0,1,S0|cap=0.3|band=0.01
2014-05-14,1,0,0,0,0,1,S0|cap=0.3|band=0.01
2014-05-15,1,0,0,0,0,1,S0|cap=0.3|band=0.01
2014-05-16,1,0,0,0,0,1,S0|cap=0.3|band=0.01
2014-05-19,1,0,0,0,0,1,S0|cap=0.3|band=0.01
2014-05-20,1,0,0,0,0,1,S0|cap=0.3|band=0.01
2014-05-21,1,0,0,0,0,1,S0|cap=0.3|band=0.01
2014-05-22,1,0,0,0,0,1,S0|cap=0.3|band=0.01
2014-05-23,1,0,0,0,0,1,S0|cap=0.3|band=0.01
2014-05-26,1,0,0,0,0,1,S0|cap=0.3|band=0.01
2014-05-27,1,0,0,0,0,1,S0|cap=0.3|band=0.01
2014-05-28,1,0,0,0,0,1,S0|cap=0.3|band=0.01
2014-05-29,1,0,0,0,0,1,S0|cap=0.3|band=0.01
2014-05-30,1,0,0,0,0,1,S0|cap=0.3|band=0.01
2014-06-02,1,0,0,0,0,1,S0|cap=0.3|band=0.01
2014-06-03,1,0,0,0,0,1,S0|cap=0.3|band=0.01
2014-06-04,1,0,0,0,0,1,S0|cap=0.3|band=0.01
2014-06-05,1,0,0,0,0,1,S0|cap=0.3|band=0.01
2014-06-06,1,0,0,0,0,1,S0|cap=0.3|band=0.01
2014-06-09,1,0,0,0,0,1,S0|cap=0.3|band=0.01
2014-06-10,1,0,0,0,0,1,S0|cap=0.3|band=0.01
2014-06-11,1,0,0,0,0,1,S0|cap=0.3|band=0.01
2014-06-12,1,0,0,0,0,1,S0|cap=0.3|band=0.01
2014-06-13,1,0,0,0,0,1,S0|cap=0.3|band=0.01
2014-06-16,1,0,0,0,0,1,S0|cap=0.3|band=0.01
2014-06-17,1,0,0,0,0,1,S0|cap=0.3|band=0.01
2014-06-18,1,0,0,0,0,1,S0|cap=0.3|band=0.01
2014-06-19,1,0,0,0,0,1,S0|cap=0.3|band=0.01
2014-06-20,1,0,0,0,0,1,S0|cap=0.3|band=0.01
2014-06-23,1,0,0,0,0,1,S0|cap=0.3|band=0.01
2014-06-24,1,0,0,0,0,1,S0|cap=0.3|band=0.01
2014-06-25,1,0,0,0,0,1,S0|cap=0.3|band=0.01
2014-06-26,1,0,0,0,0,1,S0|cap=0.3|band=0.01
2014-06-27,1,0,0,0,0,1,S0|cap=0.3|band=0.01
2014-06-30,1,0,0,0,0,1,S0|cap=0.3|band=0.01
2014-07-01,1,0,0,0,0,1,S0|cap=0.3|band=0.01
2014-07-02,1,0,0,0,0,1,S0|cap=0.3|band=0.01
2014-07-03,1,0,0,0,0,1,S0|cap=0.3|band=0.01
2014-07-04,1,0,0,0,0,1,S0|cap=0.3|band=0.01
2014-07-07,1,0,0,0,0,1,S0|cap=0.3|band=0.01
2014-07-08,1,0,0,0,0,1,S0|cap=0.3|band=0.01
2014-07-09,1,0,0,0,0,1,S0|cap=0.3|band=0.01
2014-07-10,1,0,0,0,0,1,S0|cap=0.3|band=0.01
2014-07-11,1,0,0,0,0,1,S0|cap=0.3|band=0.01
2014-07-14,1,0,0,0,0,1,S0|cap=0.3|band=0.01
2014-07-15,1,0,0,0,0,1,S0|cap=0.3|band=0.01
2014-07-16,1,0,0,0,0,1,S0|cap=0.3|band=0.01
2014-07-17,1,0,0,0,0,1,S0|cap=0.3|band=0.01
2014-07-18,1,0,0,0,0,1,S0|cap=0.3|band=0.01
2014-07-21,1,0,0,0,0,1,S0|cap=0.3|band=0.01
2014-07-22,1,0,0,0,0,1,S0|cap=0.3|band=0.01
2014-07-23,1,0,0,0,0,1,S0|cap=0.3|band=0.01
2014-07-24,1,0,0,0,0,1,S0|cap=0.3|band=0.01
2014-07-25,1,0,0,0,0,1,S0|cap=0.3|band=0.01
2014-07-28,1,0,0,0,0,1,S0|cap=0.3|band=0.01
2014-07-30,1,0,0,0,0,1,S0|cap=0.3|band=0.01
2014-07-31,1,0,0,0,0,1,S0|cap=0.3|band=0.01
2014-08-01,1,0,0,0,0,1,S0|cap=0.3|band=0.01
2014-08-04,1,0,0,0,0,1,S0|cap=0.3|band=0.01
2014-08-05,1,0,0,0,0,1,S0|cap=0.3|band=0.01
2014-08-06,1,0,0,0,0,1,S0|cap=0.3|band=0.01
2014-08-07,1,0,0,0,0,1,S0|cap=0.3|band=0.01
2014-08-08,1,0,0,0,0,1,S0|cap=0.3|band=0.01
2014-08-11,1,0,0,0,0,1,S0|cap=0.3|band=0.01
2014-08-12,1,0,0,0,0,1,S0|cap=0.3|band=0.01
2014-08-13,1,0,0,0,0,1,S0|cap=0.3|band=0.01
2014-08-14,1,0,0,0,0,1,S0|cap=0.3|band=0.01
2014-08-18,1,0,0,0,0,1,S0|cap=0.3|band=0.01
2014-08-19,1,0,0,0,0,1,S0|cap=0.3|band=0.01
2014-08-20,1,0,0,0,0,1,S0|cap=0.3|band=0.01
2014-08-21,1,0,0,0,0,1,S0|cap=0.3|band=0.01
2014-08-22,1,0,0,0,0,1,S0|cap=0.3|band=0.01
2014-08-25,1,0,0,0,0,1,S0|cap=0.3|band=0.01
2014-08-26,1,0,0,0,0,1,S0|cap=0.3|band=0.01
2014-08-27,1,0,0,0,0,1,S0|cap=0.3|band=0.01
2014-08-28,1,0,0,0,0,1,S0|cap=0.3|band=0.01
2014-09-01,1,0,0,0,0,1,S0|cap=0.3|band=0.01
2014-09-02,1,0,0,0,0,1,S0|cap=0.3|band=0.01
2014-09-03,1,0,0,0,0,1,S0|cap=0.3|band=0.01
2014-09-04,1,0,0,0,0,1,S0|cap=0.3|band=0.01
2014-09-05,1,0,0,0,0,1,S0|cap=0.3|band=0.01
2014-09-08,1,0,0,0,0,1,S0|cap=0.3|band=0.01
2014-09-09,1,0,0,0,0,1,S0|cap=0.3|band=0.01
2014-09-10,1,0,0,0,0,1,S0|cap=0.3|band=0.01
2014-09-11,1,0,0,0,0,1,S0|cap=0.3|band=0.01
2014-09-12,1,0,0,0,0,1,S0|cap=0.3|band=0.01
2014-09-15,1,0,0,0,0,1,S0|cap=0.3|band=0.01
2014-09-16,1,0,0,0,0,1,S0|cap=0.3|band=0.01
2014-09-17,1,0,0,0,0,1,S0|cap=0.3|band=0.01
2014-09-18,1,0,0,0,0,1,S0|cap=0.3|band=0.01
2014-09-19,1,0,0,0,0,1,S0|cap=0.3|band=0.01
2014-09-22,1,0,0,0,0,1,S0|cap=0.3|band=0.01
2014-09-23,1,0,0,0,0,1,S0|cap=0.3|band=0.01
2014-09-24,1,0,0,0,0,1,S0|cap=0.3|band=0.01
2014-09-25,1,0,0,0,0,1,S0|cap=0.3|band=0.01
2014-09-26,1,0,0,0,0,1,S0|cap=0.3|band=0.01
2014-09-29,1,0,0,0,0,1,S0|cap=0.3|band=0.01
2014-09-30,1,0,0,0,0,1,S0|cap=0.3|band=0.01
2014-10-01,1,0,0,0,0,1,S0|cap=0.3|band=0.01
2014-10-07,1,0,0,0,0,1,S0|cap=0.3|band=0.01
2014-10-08,1,0,0,0,0,1,S0|cap=0.3|band=0.01
2014-10-09,1,0,0,0,0,1,S0|cap=0.3|band=0.01
2014-10-10,1,0,0,0,0,1,S0|cap=0.3|band=0.01
2014-10-13,1,0,0,0,0,1,S0|cap=0.3|band=0.01
2014-10-14,1,0,0,0,0,1,S0|cap=0.3|band=0.01
2014-10-16,1,0,0,0,0,1,S0|cap=0.3|band=0.01
2014-10-17,1,0,0,0,0,1,S0|cap=0.3|band=0.01
2014-10-20,1,0,0,0,0,1,S0|cap=0.3|band=0.01
2014-10-21,1,0,0,0,0,1,S0|cap=0.3|band=0.01
2014-10-22,1,0,0,0,0,1,S0|cap=0.3|band=0.01
2014-10-23,1,0,0,0,0,1,S0|cap=0.3|band=0.01
2014-10-27,1,0,0,0,0,1,S0|cap=0.3|band=0.01
2014-10-28,1,0,0,0,0,1,S0|cap=0.3|band=0.01
2014-10-29,1,0,0,0,0,1,S0|cap=0.3|band=0.01
2014-10-30,1,0,0,0,0,1,S0|cap=0.3|band=0.01
2014-10-31,1,0,0,0,0,1,S0|cap=0.3|band=0.01
2014-11-03,1,0,0,0,0,1,S0|cap=0.3|band=0.01
2014-11-05,1,0,0,0,0,1,S0|cap=0.3|band=0.01
2014-11-07,1,0,0,0,0,1,S0|cap=0.3|band=0.01
2014-11-10,1,0,0,0,0,1,S0|cap=0.3|band=0.01
2014-11-11,1,0,0,0,0,1,S0|cap=0.3|band=0.01
2014-11-12,1,0,0,0,0,1,S0|cap=0.3|band=0.01
2014-11-13,1,0,0,0,0,1,S0|cap=0.3|band=0.01
2014-11-14,1,0,0,0,0,1,S0|cap=0.3|band=0.01
2014-11-17,1,0,0,0,0,1,S0|cap=0.3|band=0.01
2014-11-18,1,0,0,0,0,1,S0|cap=0.3|band=0.01
2014-11-19,1,0,0,0,0,1,S0|cap=0.3|band=0.01
2014-11-20,1,0,0,0,0,1,S0|cap=0.3|band=0.01
2014-11-21,1,0,0,0,0,1,S0|cap=0.3|band=0.01
2014-11-24,1,0,0,0,0,1,S0|cap=0.3|band=0.01
2014-11-25,1,0,0,0,0,1,S0|cap=0.3|band=0.01
2014-11-26,1,0,0,0,0,1,S0|cap=0.3|band=0.01
2014-11-27,1,0,0,0,0,1,S0|cap=0.3|band=0.01
2014-11-28,1,0,0,0,0,1,S0|cap=0.3|band=0.01
2014-12-01,1,0,0,0,0,1,S0|cap=0.3|band=0.01
2014-12-02,1,0,0,0,0,1,S0|cap=0.3|band=0.01
2014-12-03,1,0,0,0,0,1,S0|cap=0.3|band=0.01
2014-12-04,1,0,0,0,0,1,S0|cap=0.3|band=0.01
2014-12-05,1,0,0,0,0,1,S0|cap=0.3|band=0.01
2014-12-08,1,0,0,0,0,1,S0|cap=0.3|band=0.01
2014-12-09,1,0,0,0,0,1,S0|cap=0.3|band=0.01
2014-12-10,1,0,0,0,0,1,S0|cap=0.3|band=0.01
2014-12-11,1,0,0,0,0,1,S0|cap=0.3|band=0.01
2014-12-12,1,0,0,0,0,1,S0|cap=0.3|band=0.01
2014-12-15,1,0,0,0,0,1,S0|cap=0.3|band=0.01
2014-12-16,1,0,0,0,0,1,S0|cap=0.3|band=0.01
2014-12-17,1,0,0,0,0,1,S0|cap=0.3|band=0.01
2014-12-18,1,0,0,0,0,1,S0|cap=0.3|band=0.01
2014-12-19,1,0,0,0,0,1,S0|cap=0.3|band=0.01
2014-12-22,1,0,0,0,0,1,S0|cap=0.3|band=0.01
2014-12-23,1,0,0,0,0,1,S0|cap=0.3|band=0.01
2014-12-24,1,0,0,0,0,1,S0|cap=0.3|band=0.01
2014-12-26,1,0,0,0,0,1,S0|cap=0.3|band=0.01
2014-12-29,1,0,0,0,0,1,S0|cap=0.3|band=0.01
2014-12-30,1,0,0,0,0,1,S0|cap=0.3|band=0.01
2014-12-31,1,0,0,0,0,1,S0|cap=0.3|band=0.01
2015-01-01,1,0,0,0,0,1,S0|cap=0.3|band=0.01
2015-01-02,1,0,0,0,0,1,S0|cap=0.3|band=0.01
2015-01-05,1,0,0,0,0,1,S0|cap=0.3|band=0.01
2015-01-06,1,0,0,0,0,1,S0|cap=0.3|band=0.01
2015-01-07,1,0,0,0,0,1,S0|cap=0.3|band=0.01
2015-01-08,1,0,0,0,0,1,S0|cap=0.3|band=0.01
2015-01-09,1,0,0,0,0,1,S0|cap=0.3|band=0.01
2015-01-12,1,0,0,0,0,1,S0|cap=0.3|band=0.01
2015-01-13,1,0,0,0,0,1,S0|cap=0.3|band=0.01
2015-01-14,1,0,0,0,0,1,S0|cap=0.3|band=0.01
2015-01-15,1,0,0,0,0,1,S0|cap=0.3|band=0.01
2015-01-16,1,0,0,0,0,1,S0|cap=0.3|band=0.01
2015-01-19,1,0,0,0,0,1,S0|cap=0.3|band=0.01
2015-01-20,1,0,0,0,0,1,S0|cap=0.3|band=0.01
2015-01-21,1,0,0,0,0,1,S0|cap=0.3|band=0.01
2015-01-22,1,0,0,0,0,1,S0|cap=0.3|band=0.01
2015-01-23,1,0,0,0,0,1,S0|cap=0.3|band=0.01
2015-01-27,1,0,0,0,0,1,S0|cap=0.3|band=0.01
2015-01-28,1,0,0,0,0,1,S0|cap=0.3|band=0.01
2015-01-29,1,0,0,0,0,1,S0|cap=0.3|band=0.01
2015-01-30,1,0,0,0,0,1,S0|cap=0.3|band=0.01
2015-02-02,1,0,0,0,0,1,S0|cap=0.3|band=0.01
2015-02-03,1,0,0,0,0,1,S0|cap=0.3|band=0.01
2015-02-04,1,0,0,0,0,1,S0|cap=0.3|band=0.01
2015-02-05,1,0,0,0,0,1,S0|cap=0.3|band=0.01
2015-02-06,1,0,0,0,0,1,S0|cap=0.3|band=0.01
2015-02-09,1,0,0,0,0,1,S0|cap=0.3|band=0.01
2015-02-10,1,0,0,0,0,1,S0|cap=0.3|band=0.01
2015-02-11,1,0,0,0,0,1,S0|cap=0.3|band=0.01
2015-02-12,1,0,0,0,0,1,S0|cap=0.3|band=0.01
2015-02-13,1,0,0,0,0,1,S0|cap=0.3|band=0.01
2015-02-16,1,0,0,0,0,1,S0|cap=0.3|band=0.01
2015-02-18,1,0,0,0,0,1,S0|cap=0.3|band=0.01
2015-02-19,1,0,0,0,0,1,S0|cap=0.3|band=0.01
2015-02-20,1,0,0,0,0,1,S0|cap=0.3|band=0.01
2015-02-23,1,0,0,0,0,1,S0|cap=0.3|band=0.01
2015-02-24,1,0,0,0,0,1,S0|cap=0.3|band=0.01
2015-02-25,1,0,0,0,0,1,S0|cap=0.3|band=0.01
2015-02-26,1,0,0,0,0,1,S0|cap=0.3|band=0.01
2015-02-27,1,0,0,0,0,1,S0|cap=0.3|band=0.01
2015-02-28,1,0,0,0,0,1,S0|cap=0.3|band=0.01
2015-03-02,1,0,0,0,0,1,S0|cap=0.3|band=0.01
2015-03-03,1,0,0,0,0,1,S0|cap=0.3|band=0.01
2015-03-04,1,0,0,0,0,1,S0|cap=0.3|band=0.01
2015-03-05,1,0,0,0,0,1,S0|cap=0.3|band=0.01
2015-03-09,1,0,0,0,0,1,S0|cap=0.3|band=0.01
2015-03-10,1,0,0,0,0,1,S0|cap=0.3|band=0.01
2015-03-11,1,0,0,0,0,1,S0|cap=0.3|band=0.01
2015-03-12,1,0,0,0,0,1,S0|cap=0.3|band=0.01
2015-03-13,1,0,0,0,0,1,S0|cap=0.3|band=0.01
2015-03-16,1,0,0,0,0,1,S0|cap=0.3|band=0.01
2015-03-17,1,0,0,0,0,1,S0|cap=0.3|band=0.01
2015-03-18,1,0,0,0,0,1,S0|cap=0.3|band=0.01
2015-03-19,1,0,0,0,0,1,S0|cap=0.3|band=0.01
2015-03-20,1,0,0,0,0,1,S0|cap=0.3|band=0.01
2015-03-23,1,0,0,0,0,1,S0|cap=0.3|band=0.01
2015-03-24,1,0,0,0,0,1,S0|cap=0.3|band=0.01
2015-03-25,1,0,0,0,0,1,S0|cap=0.3|band=0.01
2015-03-26,1,0,0,0,0,1,S0|cap=0.3|band=0.01
2015-03-27,1,0,0,0,0,1,S0|cap=0.3|band=0.01
2015-03-30,1,0,0,0,0,1,S0|cap=0.3|band=0.01
2015-03-31,1,0,0,0,0,1,S0|cap=0.3|band=0.01
2015-04-01,1,0,0,0,0,1,S0|cap=0.3|band=0.01
2015-04-06,1,0,0,0,0,1,S0|cap=0.3|band=0.01
2015-04-07,1,0,0,0,0,1,S0|cap=0.3|band=0.01
2015-04-08,1,0,0,0,0,1,S0|cap=0.3|band=0.01
2015-04-09,1,0,0,0,0,1,S0|cap=0.3|band=0.01
2015-04-10,1,0,0,0,0,1,S0|cap=0.3|band=0.01
2015-04-13,1,0,0,0,0,1,S0|cap=0.3|band=0.01
2015-04-15,1,0,0,0,0,1,S0|cap=0.3|band=0.01
2015-04-16,1,0,0,0,0,1,S0|cap=0.3|band=0.01
2015-04-17,1,0,0,0,0,1,S0|cap=0.3|band=0.01
2015-04-20,1,0,0,0,0,1,S0|cap=0.3|band=0.01
2015-04-21,1,0,0,0,0,1,S0|cap=0.3|band=0.01
2015-04-22,1,0,0,0,0,1,S0|cap=0.3|band=0.01
2015-04-23,1,0,0,0,0,1,S0|cap=0.3|band=0.01
2015-04-24,1,0,0,0,0,1,S0|cap=0.3|band=0.01
2015-04-27,1,0,0,0,0,1,S0|cap=0.3|band=0.01
2015-04-28,1,0,0,0,0,1,S0|cap=0.3|band=0.01
2015-04-29,1,0,0,0,0,1,S0|cap=0.3|band=0.01
2015-04-30,1,0,0,0,0,1,S0|cap=0.3|band=0.01
2015-05-04,1,0,0,0,0,1,S0|cap=0.3|band=0.01
2015-05-05,1,0,0,0,0,1,S0|cap=0.3|band=0.01
2015-05-06,1,0,0,0,0,1,S0|cap=0.3|band=0.01
2015-05-07,1,0,0,0,0,1,S0|cap=0.3|band=0.01
2015-05-08,1,0,0,0,0,1,S0|cap=0.3|band=0.01
2015-05-11,1,0,0,0,0,1,S0|cap=0.3|band=0.01
2015-05-12,1,0,0,0,0,1,S0|cap=0.3|band=0.01
2015-05-13,1,0,0,0,0,1,S0|cap=0.3|band=0.01
2015-05-14,1,0,0,0,0,1,S0|cap=0.3|band=0.01
2015-05-15,1,0,0,0,0,1,S0|cap=0.3|band=0.01
2015-05-18,1,0,0,0,0,1,S0|cap=0.3|band=0.01
2015-05-19,1,0,0,0,0,1,S0|cap=0.3|band=0.01
2015-05-20,1,0,0,0,0,1,S0|cap=0.3|band=0.01
2015-05-21,1,0,0,0,0,1,S0|cap=0.3|band=0.01
2015-05-22,1,0,0,0,0,1,S0|cap=0.3|band=0.01
2015-05-25,1,0,0,0,0,1,S0|cap=0.3|band=0.01
2015-05-26,1,0,0,0,0,1,S0|cap=0.3|band=0.01
2015-05-27,1,0,0,0,0,1,S0|cap=0.3|band=0.01
2015-05-28,1,0,0,0,0,1,S0|cap=0.3|band=0.01
2015-05-29,1,0,0,0,0,1,S0|cap=0.3|band=0.01
2015-06-01,1,0,0,0,0,1,S0|cap=0.3|band=0.01
2015-06-02,1,0,0,0,0,1,S0|cap=0.3|band=0.01
2015-06-03,1,0,0,0,0,1,S0|cap=0.3|band=0.01
2015-06-04,1,0,0,0,0,1,S0|cap=0.3|band=0.01
2015-06-05,1,0,0,0,0,1,S0|cap=0.3|band=0.01
2015-06-08,1,0,0,0,0,1,S0|cap=0.3|band=0.01
2015-06-09,1,0,0,0,0,1,S0|cap=0.3|band=0.01
2015-06-10,1,0,0,0,0,1,S0|cap=0.3|band=0.01
2015-06-11,1,0,0,0,0,1,S0|cap=0.3|band=0.01
2015-06-12,1,0,0,0,0,1,S0|cap=0.3|band=0.01
2015-06-15,1,0,0,0,0,1,S0|cap=0.3|band=0.01
2015-06-16,1,0,0,0,0,1,S0|cap=0.3|band=0.01
2015-06-17,1,0,0,0,0,1,S0|cap=0.3|band=0.01
2015-06-18,1,0,0,0,0,1,S0|cap=0.3|band=0.01
2015-06-19,1,0,0,0,0,1,S0|cap=0.3|band=0.01
2015-06-22,1,0,0,0,0,1,S0|cap=0.3|band=0.01
2015-06-23,1,0,0,0,0,1,S0|cap=0.3|band=0.01
2015-06-24,1,0,0,0,0,1,S0|cap=0.3|band=0.01
2015-06-25,1,0,0,0,0,1,S0|cap=0.3|band=0.01
2015-06-26,1,0,0,0,0,1,S0|cap=0.3|band=0.01
2015-06-29,1,0,0,0,0,1,S0|cap=0.3|band=0.01
2015-06-30,1,0,0,0,0,1,S0|cap=0.3|band=0.01
2015-07-01,1,0,0,0,0,1,S0|cap=0.3|band=0.01
2015-07-02,1,0,0,0,0,1,S0|cap=0.3|band=0.01
2015-07-03,1,0,0,0,0,1,S0|cap=0.3|band=0.01
2015-07-06,1,0,0,0,0,1,S0|cap=0.3|band=0.01
2015-07-07,1,0,0,0,0,1,S0|cap=0.3|band=0.01
2015-07-08,1,0,0,0,0,1,S0|cap=0.3|band=0.01
2015-07-09,1,0,0,0,0,1,S0|cap=0.3|band=0.01
2015-07-10,1,0,0,0,0,1,S0|cap=0.3|band=0.01
2015-07-13,1,0,0,0,0,1,S0|cap=0.3|band=0.01
2015-07-14,1,0,0,0,0,1,S0|cap=0.3|band=0.01
2015-07-15,1,0,0,0,0,1,S0|cap=0.3|band=0.01
2015-07-16,1,0,0,0,0,1,S0|cap=0.3|band=0.01
2015-07-17,1,0,0,0,0,1,S0|cap=0.3|band=0.01
2015-07-20,1,0,0,0,0,1,S0|cap=0.3|band=0.01
2015-07-21,1,0,0,0,0,1,S0|cap=0.3|band=0.01
2015-07-22,1,0,0,0,0,1,S0|cap=0.3|band=0.01
2015-07-23,1,0,0,0,0,1,S0|cap=0.3|band=0.01
2015-07-24,1,0,0,0,0,1,S0|cap=0.3|band=0.01
2015-07-27,1,0,0,0,0,1,S0|cap=0.3|band=0.01
2015-07-28,1,0,0,0,0,1,S0|cap=0.3|band=0.01
2015-07-29,1,0,0,0,0,1,S0|cap=0.3|band=0.01
2015-07-30,1,0,0,0,0,1,S0|cap=0.3|band=0.01
2015-07-31,1,0,0,0,0,1,S0|cap=0.3|band=0.01
2015-08-03,1,0,0,0,0,1,S0|cap=0.3|band=0.01
2015-08-04,1,0,0,0,0,1,S0|cap=0.3|band=0.01
2015-08-05,1,0,0,0,0,1,S0|cap=0.3|band=0.01
2015-08-06,1,0,0,0,0,1,S0|cap=0.3|band=0.01
2015-08-07,1,0,0,0,0,1,S0|cap=0.3|band=0.01
2015-08-10,1,0,0,0,0,1,S0|cap=0.3|band=0.01
2015-08-11,1,0,0,0,0,1,S0|cap=0.3|band=0.01
2015-08-12,1,0,0,0,0,1,S0|cap=0.3|band=0.01
2015-08-13,1,0,0,0,0,1,S0|cap=0.3|band=0.01
2015-08-14,1,0,0,0,0,1,S0|cap=0.3|band=0.01
2015-08-17,1,0,0,0,0,1,S0|cap=0.3|band=0.01
2015-08-18,1,0,0,0,0,1,S0|cap=0.3|band=0.01
2015-08-19,1,0,0,0,0,1,S0|cap=0.3|band=0.01
2015-08-20,1,0,0,0,0,1,S0|cap=0.3|band=0.01
2015-08-21,1,0,0,0,0,1,S0|cap=0.3|band=0.01
2015-08-24,1,0,0,0,0,1,S0|cap=0.3|band=0.01
2015-08-25,1,0,0,0,0,1,S0|cap=0.3|band=0.01
2015-08-26,1,0,0,0,0,1,S0|cap=0.3|band=0.01
2015-08-27,1,0,0,0,0,1,S0|cap=0.3|band=0.01
2015-08-28,1,0,0,0,0,1,S0|cap=0.3|band=0.01
2015-08-31,1,0,0,0,0,1,S0|cap=0.3|band=0.01
2015-09-01,1,0,0,0,0,1,S0|cap=0.3|band=0.01
2015-09-02,1,0,0,0,0,1,S0|cap=0.3|band=0.01
2015-09-03,1,0,0,0,0,1,S0|cap=0.3|band=0.01
2015-09-04,1,0,0,0,0,1,S0|cap=0.3|band=0.01
2015-09-07,1,0,0,0,0,1,S0|cap=0.3|band=0.01
2015-09-08,1,0,0,0,0,1,S0|cap=0.3|band=0.01
2015-09-09,1,0,0,0,0,1,S0|cap=0.3|band=0.01
2015-09-10,1,0,0,0,0,1,S0|cap=0.3|band=0.01
2015-09-11,1,0,0,0,0,1,S0|cap=0.3|band=0.01
2015-09-14,1,0,0,0,0,1,S0|cap=0.3|band=0.01
2015-09-15,1,0,0,0,0,1,S0|cap=0.3|band=0.01
2015-09-16,1,0,0,0,0,1,S0|cap=0.3|band=0.01
2015-09-18,1,0,0,0,0,1,S0|cap=0.3|band=0.01
2015-09-21,1,0,0,0,0,1,S0|cap=0.3|band=0.01
2015-09-22,1,0,0,0,0,1,S0|cap=0.3|band=0.01
2015-09-23,1,0,0,0,0,1,S0|cap=0.3|band=0.01
2015-09-24,1,0,0,0,0,1,S0|cap=0.3|band=0.01
2015-09-28,1,0,0,0,0,1,S0|cap=0.3|band=0.01
2015-09-29,1,0,0,0,0,1,S0|cap=0.3|band=0.01
2015-09-30,1,0,0,0,0,1,S0|cap=0.3|band=0.01
2015-10-01,1,0,0,0,0,1,S0|cap=0.3|band=0.01
2015-10-05,1,0,0,0,0,1,S0|cap=0.3|band=0.01
2015-10-06,1,0,0,0,0,1,S0|cap=0.3|band=0.01
2015-10-07,1,0,0,0,0,1,S0|cap=0.3|band=0.01
2015-10-08,1,0,0,0,0,1,S0|cap=0.3|band=0.01
2015-10-09,1,0,0,0,0,1,S0|cap=0.3|band=0.01
2015-10-12,1,0,0,0,0,1,S0|cap=0.3|band=0.01
2015-10-13,1,0,0,0,0,1,S0|cap=0.3|band=0.01
2015-10-14,1,0,0,0,0,1,S0|cap=0.3|band=0.01
2015-10-15,1,0,0,0,0,1,S0|cap=0.3|band=0.01
2015-10-16,1,0,0,0,0,1,S0|cap=0.3|band=0.01
2015-10-19,1,0,0,0,0,1,S0|cap=0.3|band=0.01
2015-10-20,1,0,0,0,0,1,S0|cap=0.3|band=0.01
2015-10-21,1,0,0,0,0,1,S0|cap=0.3|band=0.01
2015-10-23,1,0,0,0,0,1,S0|cap=0.3|band=0.01
2015-10-26,1,0,0,0,0,1,S0|cap=0.3|band=0.01
2015-10-27,1,0,0,0,0,1,S0|cap=0.3|band=0.01
2015-10-28,1,0,0,0,0,1,S0|cap=0.3|band=0.01
2015-10-29,1,0,0,0,0,1,S0|cap=0.3|band=0.01
2015-10-30,1,0,0,0,0,1,S0|cap=0.3|band=0.01
2015-11-02,1,0,0,0,0,1,S0|cap=0.3|band=0.01
2015-11-03,1,0,0,0,0,1,S0|cap=0.3|band=0.01
2015-11-04,1,0,0,0,0,1,S0|cap=0.3|band=0.01
2015-11-05,1,0,0,0,0,1,S0|cap=0.3|band=0.01
2015-11-06,1,0,0,0,0,1,S0|cap=0.3|band=0.01
2015-11-09,1,0,0,0,0,1,S0|cap=0.3|band=0.01
2015-11-10,1,0,0,0,0,1,S0|cap=0.3|band=0.01
2015-11-11,1,0,0,0,0,1,S0|cap=0.3|band=0.01
2015-11-13,1,0,0,0,0,1,S0|cap=0.3|band=0.01
2015-11-16,1,0,0,0,0,1,S0|cap=0.3|band=0.01
2015-11-17,1,0,0,0,0,1,S0|cap=0.3|band=0.01
2015-11-18,1,0,0,0,0,1,S0|cap=0.3|band=0.01
2015-11-19,1,0,0,0,0,1,S0|cap=0.3|band=0.01
2015-11-20,1,0,0,0,0,1,S0|cap=0.3|band=0.01
2015-11-23,1,0,0,0,0,1,S0|cap=0.3|band=0.01
2015-11-24,1,0,0,0,0,1,S0|cap=0.3|band=0.01
2015-11-26,1,0,0,0,0,1,S0|cap=0.3|band=0.01
2015-11-27,1,0,0,0,0,1,S0|cap=0.3|band=0.01
2015-11-30,1,0,0,0,0,1,S0|cap=0.3|band=0.01
2015-12-01,1,0,0,0,0,1,S0|cap=0.3|band=0.01
2015-12-02,1,0,0,0,0,1,S0|cap=0.3|band=0.01
2015-12-03,1,0,0,0,0,1,S0|cap=0.3|band=0.01
2015-12-04,1,0,0,0,0,1,S0|cap=0.3|band=0.01
2015-12-07,1,0,0,0,0,1,S0|cap=0.3|band=0.01
2015-12-08,1,0,0,0,0,1,S0|cap=0.3|band=0.01
2015-12-09,1,0,0,0,0,1,S0|cap=0.3|band=0.01
2015-12-10,1,0,0,0,0,1,S0|cap=0.3|band=0.01
2015-12-11,1,0,0,0,0,1,S0|cap=0.3|band=0.01
2015-12-14,1,0,0,0,0,1,S0|cap=0.3|band=0.01
2015-12-15,1,0,0,0,0,1,S0|cap=0.3|band=0.01
2015-12-16,1,0,0,0,0,1,S0|cap=0.3|band=0.01
2015-12-17,1,0,0,0,0,1,S0|cap=0.3|band=0.01
2015-12-18,1,0,0,0,0,1,S0|cap=0.3|band=0.01
2015-12-21,1,0,0,0,0,1,S0|cap=0.3|band=0.01
2015-12-22,1,0,0,0,0,1,S0|cap=0.3|band=0.01
2015-12-23,1,0,0,0,0,1,S0|cap=0.3|band=0.01
2015-12-24,1,0,0,0,0,1,S0|cap=0.3|band=0.01
2015-12-28,1,0,0,0,0,1,S0|cap=0.3|band=0.01
2015-12-29,1,0,0,0,0,1,S0|cap=0.3|band=0.01
2015-12-30,1,0,0,0,0,1,S0|cap=0.3|band=0.01
2015-12-31,1,0,0,0,0,1,S0|cap=0.3|band=0.01
2016-01-01,1,0,0,0,0,1,S0|cap=0.3|band=0.01
2016-01-04,1,0,0,0,0,1,S0|cap=0.3|band=0.01
2016-01-05,1,0,0,0,0,1,S0|cap=0.3|band=0.01
2016-01-06,1,0,0,0,0,1,S0|cap=0.3|band=0.01
2016-01-07,1,0,0,0,0,1,S0|cap=0.3|band=0.01
2016-01-08,1,0,0,0,0,1,S0|cap=0.3|band=0.01
2016-01-11,1,0,0,0,0,1,S0|cap=0.3|band=0.01
2016-01-12,0.9587081645,0,0,0,0.04129183551,0.9587081645,S0|cap=0.3|band=0.01
2016-01-13,0.9587081645,0,0,0,0.04129183551,0.9587081645,S0|cap=0.3|band=0.01
2016-01-14,0.9587081645,0,0,0,0.04129183551,0.9587081645,S0|cap=0.3|band=0.01
2016-01-15,0.8970761721,0,0,0,0.1029238279,0.8970761721,S0|cap=0.3|band=0.01
2016-01-18,0.8162439642,0,0,0,0.1837560358,0.8162439642,S0|cap=0.3|band=0.01
2016-01-19,0.8162439642,0,0,0,0.1837560358,0.8162439642,S0|cap=0.3|band=0.01
2016-01-20,0.7768425874,0,0,0,0.2231574126,0.7768425874,S0|cap=0.3|band=0.01
2016-01-21,0.7616001189,0,0,0,0.2383998811,0.7616001189,S0|cap=0.3|band=0.01
2016-01-22,0.7616001189,0,0,0,0.2383998811,0.7616001189,S0|cap=0.3|band=0.01
2016-01-25,0.7616001189,0,0,0,0.2383998811,0.7616001189,S0|cap=0.3|band=0.01
2016-01-27,0.7616001189,0,0,0,0.2383998811,0.7616001189,S0|cap=0.3|band=0.01
2016-01-28,0.7616001189,0,0,0,0.2383998811,0.7616001189,S0|cap=0.3|band=0.01
2016-01-29,0.7616001189,0,0,0,0.2383998811,0.7616001189,S0|cap=0.3|band=0.01
2016-02-01,0.7616001189,0,0,0,0.2383998811,0.7616001189,S0|cap=0.3|band=0.01
2016-02-02,0.7616001189,0,0,0,0.2383998811,0.7616001189,S0|cap=0.3|band=0.01
2016-02-03,0.7616001189,0,0,0,0.2383998811,0.7616001189,S0|cap=0.3|band=0.01
2016-02-04,0.7616001189,0,0,0,0.2383998811,0.7616001189,S0|cap=0.3|band=0.01
2016-02-05,0.7616001189,0,0,0,0.2383998811,0.7616001189,S0|cap=0.3|band=0.01
2016-02-08,0.7616001189,0,0,0,0.2383998811,0.7616001189,S0|cap=0.3|band=0.01
2016-02-09,0.7616001189,0,0,0,0.2383998811,0.7616001189,S0|cap=0.3|band=0.01
2016-02-10,0.7269311818,0,0,0,0.2730688182,0.7269311818,S0|cap=0.3|band=0.01
2016-02-11,0.565987971,0,0,0,0.434012029,0.565987971,S0|cap=0.3|band=0.01
2016-02-12,0.5559982089,0,0,0,0.4440017911,0.5559982089,S0|cap=0.3|band=0.01
2016-02-15,0.5559982089,0,0,0,0.4440017911,0.5559982089,S0|cap=0.3|band=0.01
2016-02-16,0.5559982089,0,0,0,0.4440017911,0.5559982089,S0|cap=0.3|band=0.01
2016-02-17,0.5559982089,0,0,0,0.4440017911,0.5559982089,S0|cap=0.3|band=0.01
2016-02-18,0.5559982089,0,0,0,0.4440017911,0.5559982089,S0|cap=0.3|band=0.01
2016-02-19,0.5559982089,0,0,0,0.4440017911,0.5559982089,S0|cap=0.3|band=0.01
2016-02-22,0.5559982089,0,0,0,0.4440017911,0.5559982089,S0|cap=0.3|band=0.01
2016-02-23,0.5559982089,0,0,0,0.4440017911,0.5559982089,S0|cap=0.3|band=0.01
2016-02-24,0.5559982089,0,0,0,0.4440017911,0.5559982089,S0|cap=0.3|band=0.01
2016-02-25,0.5559982089,0,0,0,0.4440017911,0.5559982089,S0|cap=0.3|band=0.01
2016-02-26,0.5559982089,0,0,0,0.4440017911,0.5559982089,S0|cap=0.3|band=0.01
2016-02-29,0.5559982089,0,0,0,0.4440017911,0.5559982089,S0|cap=0.3|band=0.01
2016-03-01,0.5559982089,0,0,0,0.4440017911,0.5559982089,S0|cap=0.3|band=0.01
2016-03-02,0.5559982089,0,0,0,0.4440017911,0.5559982089,S0|cap=0.3|band=0.01
2016-03-03,0.5559982089,0,0,0,0.4440017911,0.5559982089,S0|cap=0.3|band=0.01
2016-03-04,0.5559982089,0,0,0,0.4440017911,0.5559982089,S0|cap=0.3|band=0.01
2016-03-08,0.5559982089,0,0,0,0.4440017911,0.5559982089,S0|cap=0.3|band=0.01
2016-03-09,0.5559982089,0,0,0,0.4440017911,0.5559982089,S0|cap=0.3|band=0.01
2016-03-10,0.5559982089,0,0,0,0.4440017911,0.5559982089,S0|cap=0.3|band=0.01
2016-03-11,0.5559982089,0,0,0,0.4440017911,0.5559982089,S0|cap=0.3|band=0.01
2016-03-14,0.5559982089,0,0,0,0.4440017911,0.5559982089,S0|cap=0.3|band=0.01
2016-03-15,0.5559982089,0,0,0,0.4440017911,0.5559982089,S0|cap=0.3|band=0.01
2016-03-16,0.5559982089,0,0,0,0.4440017911,0.5559982089,S0|cap=0.3|band=0.01
2016-03-17,0.5559982089,0,0,0,0.4440017911,0.5559982089,S0|cap=0.3|band=0.01
2016-03-18,0.5559982089,0,0,0,0.4440017911,0.5559982089,S0|cap=0.3|band=0.01
2016-03-21,0.5559982089,0,0,0,0.4440017911,0.5559982089,S0|cap=0.3|band=0.01
2016-03-22,0.5559982089,0,0,0,0.4440017911,0.5559982089,S0|cap=0.3|band=0.01
2016-03-23,0.5559982089,0,0,0,0.4440017911,0.5559982089,S0|cap=0.3|band=0.01
2016-03-28,0.5559982089,0,0,0,0.4440017911,0.5559982089,S0|cap=0.3|band=0.01
2016-03-29,0.5559982089,0,0,0,0.4440017911,0.5559982089,S0|cap=0.3|band=0.01
2016-03-30,0.5559982089,0,0,0,0.4440017911,0.5559982089,S0|cap=0.3|band=0.01
2016-03-31,0.5559982089,0,0,0,0.4440017911,0.5559982089,S0|cap=0.3|band=0.01
2016-04-01,0.5559982089,0,0,0,0.4440017911,0.5559982089,S0|cap=0.3|band=0.01
2016-04-04,0.5559982089,0,0,0,0.4440017911,0.5559982089,S0|cap=0.3|band=0.01
2016-04-05,0.5559982089,0,0,0,0.4440017911,0.5559982089,S0|cap=0.3|band=0.01
2016-04-06,0.5559982089,0,0,0,0.4440017911,0.5559982089,S0|cap=0.3|band=0.01
2016-04-07,0.5559982089,0,0,0,0.4440017911,0.5559982089,S0|cap=0.3|band=0.01
2016-04-08,0.5559982089,0,0,0,0.4440017911,0.5559982089,S0|cap=0.3|band=0.01
2016-04-11,0.5559982089,0,0,0,0.4440017911,0.5559982089,S0|cap=0.3|band=0.01
2016-04-12,0.5559982089,0,0,0,0.4440017911,0.5559982089,S0|cap=0.3|band=0.01
2016-04-13,0.5559982089,0,0,0,0.4440017911,0.5559982089,S0|cap=0.3|band=0.01
2016-04-18,0.5559982089,0,0,0,0.4440017911,0.5559982089,S0|cap=0.3|band=0.01
2016-04-20,0.5559982089,0,0,0,0.4440017911,0.5559982089,S0|cap=0.3|band=0.01
2016-04-21,0.5559982089,0,0,0,0.4440017911,0.5559982089,S0|cap=0.3|band=0.01
2016-04-22,0.5559982089,0,0,0,0.4440017911,0.5559982089,S0|cap=0.3|band=0.01
2016-04-25,0.5559982089,0,0,0,0.4440017911,0.5559982089,S0|cap=0.3|band=0.01
2016-04-26,0.5559982089,0,0,0,0.4440017911,0.5559982089,S0|cap=0.3|band=0.01
2016-04-27,0.5559982089,0,0,0,0.4440017911,0.5559982089,S0|cap=0.3|band=0.01
2016-04-28,0.5559982089,0,0,0,0.4440017911,0.5559982089,S0|cap=0.3|band=0.01
2016-04-29,0.5559982089,0,0,0,0.4440017911,0.5559982089,S0|cap=0.3|band=0.01
2016-05-02,0.5559982089,0,0,0,0.4440017911,0.5559982089,S0|cap=0.3|band=0.01
2016-05-03,0.5559982089,0,0,0,0.4440017911,0.5559982089,S0|cap=0.3|band=0.01
2016-05-04,0.5559982089,0,0,0,0.4440017911,0.5559982089,S0|cap=0.3|band=0.01
2016-05-05,0.5559982089,0,0,0,0.4440017911,0.5559982089,S0|cap=0.3|band=0.01
2016-05-06,0.5559982089,0,0,0,0.4440017911,0.5559982089,S0|cap=0.3|band=0.01
2016-05-09,0.5559982089,0,0,0,0.4440017911,0.5559982089,S0|cap=0.3|band=0.01
2016-05-10,0.5559982089,0,0,0,0.4440017911,0.5559982089,S0|cap=0.3|band=0.01
2016-05-11,0.5559982089,0,0,0,0.4440017911,0.5559982089,S0|cap=0.3|band=0.01
2016-05-12,0.5559982089,0,0,0,0.4440017911,0.5559982089,S0|cap=0.3|band=0.01
2016-05-13,0.5559982089,0,0,0,0.4440017911,0.5559982089,S0|cap=0.3|band=0.01
2016-05-16,1,0,0,0,0,1,S0|cap=0.3|band=0.01
2016-05-17,1,0,0,0,0,1,S0|cap=0.3|band=0.01
2016-05-18,1,0,0,0,0,1,S0|cap=0.3|band=0.01
2016-05-19,0.9801318375,0,0,0,0.01986816254,0.9801318375,S0|cap=0.3|band=0.01
2016-05-20,0.9702453226,0,0,0,0.02975467739,0.9702453226,S0|cap=0.3|band=0.01
2016-05-23,0.948295743,0,0,0,0.05170425701,0.948295743,S0|cap=0.3|band=0.01
2016-05-24,0.9439200726,0,0,0,0.05607992741,0.9439200726,S0|cap=0.3|band=0.01
2016-05-25,0.9439200726,0,0,0,0.05607992741,0.9439200726,S0|cap=0.3|band=0.01
2016-05-26,0.9439200726,0,0,0,0.05607992741,0.9439200726,S0|cap=0.3|band=0.01
2016-05-27,0.9439200726,0,0,0,0.05607992741,0.9439200726,S0|cap=0.3|band=0.01
2016-05-30,0.9439200726,0,0,0,0.05607992741,0.9439200726,S0|cap=0.3|band=0.01
2016-05-31,0.9439200726,0,0,0,0.05607992741,0.9439200726,S0|cap=0.3|band=0.01
2016-06-01,0.9439200726,0,0,0,0.05607992741,0.9439200726,S0|cap=0.3|band=0.01
2016-06-02,0.9439200726,0,0,0,0.05607992741,0.9439200726,S0|cap=0.3|band=0.01
2016-06-03,0.9439200726,0,0,0,0.05607992741,0.9439200726,S0|cap=0.3|band=0.01
2016-06-06,0.9439200726,0,0,0,0.05607992741,0.9439200726,S0|cap=0.3|band=0.01
2016-06-07,0.9439200726,0,0,0,0.05607992741,0.9439200726,S0|cap=0.3|band=0.01
2016-06-08,0.9439200726,0,0,0,0.05607992741,0.9439200726,S0|cap=0.3|band=0.01
2016-06-09,0.9439200726,0,0,0,0.05607992741,0.9439200726,S0|cap=0.3|band=0.01
2016-06-10,0.9439200726,0,0,0,0.05607992741,0.9439200726,S0|cap=0.3|band=0.01
2016-06-13,0.9439200726,0,0,0,0.05607992741,0.9439200726,S0|cap=0.3|band=0.01
2016-06-14,0.9439200726,0,0,0,0.05607992741,0.9439200726,S0|cap=0.3|band=0.01
2016-06-15,0.9439200726,0,0,0,0.05607992741,0.9439200726,S0|cap=0.3|band=0.01
2016-06-16,0.9439200726,0,0,0,0.05607992741,0.9439200726,S0|cap=0.3|band=0.01
2016-06-17,0.9439200726,0,0,0,0.05607992741,0.9439200726,S0|cap=0.3|band=0.01
2016-06-20,0.9439200726,0,0,0,0.05607992741,0.9439200726,S0|cap=0.3|band=0.01
2016-06-21,0.9439200726,0,0,0,0.05607992741,0.9439200726,S0|cap=0.3|band=0.01
2016-06-22,0.9439200726,0,0,0,0.05607992741,0.9439200726,S0|cap=0.3|band=0.01
2016-06-23,0.9439200726,0,0,0,0.05607992741,0.9439200726,S0|cap=0.3|band=0.01
2016-06-24,0.9439200726,0,0,0,0.05607992741,0.9439200726,S0|cap=0.3|band=0.01
2016-06-27,0.9439200726,0,0,0,0.05607992741,0.9439200726,S0|cap=0.3|band=0.01
2016-06-28,0.9439200726,0,0,0,0.05607992741,0.9439200726,S0|cap=0.3|band=0.01
2016-06-29,0.9439200726,0,0,0,0.05607992741,0.9439200726,S0|cap=0.3|band=0.01
2016-06-30,0.9439200726,0,0,0,0.05607992741,0.9439200726,S0|cap=0.3|band=0.01
2016-07-01,0.9439200726,0,0,0,0.05607992741,0.9439200726,S0|cap=0.3|band=0.01
2016-07-04,0.9439200726,0,0,0,0.05607992741,0.9439200726,S0|cap=0.3|band=0.01
2016-07-05,0.9439200726,0,0,0,0.05607992741,0.9439200726,S0|cap=0.3|band=0.01
2016-07-07,0.9439200726,0,0,0,0.05607992741,0.9439200726,S0|cap=0.3|band=0.01
2016-07-08,0.9439200726,0,0,0,0.05607992741,0.9439200726,S0|cap=0.3|band=0.01
2016-07-11,0.9439200726,0,0,0,0.05607992741,0.9439200726,S0|cap=0.3|band=0.01
2016-07-12,0.9439200726,0,0,0,0.05607992741,0.9439200726,S0|cap=0.3|band=0.01
2016-07-13,0.9439200726,0,0,0,0.05607992741,0.9439200726,S0|cap=0.3|band=0.01
2016-07-14,0.9439200726,0,0,0,0.05607992741,0.9439200726,S0|cap=0.3|band=0.01
2016-07-15,0.9439200726,0,0,0,0.05607992741,0.9439200726,S0|cap=0.3|band=0.01
2016-07-18,0.9439200726,0,0,0,0.05607992741,0.9439200726,S0|cap=0.3|band=0.01
2016-07-19,0.9439200726,0,0,0,0.05607992741,0.9439200726,S0|cap=0.3|band=0.01
2016-07-20,0.9439200726,0,0,0,0.05607992741,0.9439200726,S0|cap=0.3|band=0.01
2016-07-21,0.9439200726,0,0,0,0.05607992741,0.9439200726,S0|cap=0.3|band=0.01
2016-07-22,0.9439200726,0,0,0,0.05607992741,0.9439200726,S0|cap=0.3|band=0.01
2016-07-25,0.9439200726,0,0,0,0.05607992741,0.9439200726,S0|cap=0.3|band=0.01
2016-07-26,0.9439200726,0,0,0,0.05607992741,0.9439200726,S0|cap=0.3|band=0.01
2016-07-27,0.9439200726,0,0,0,0.05607992741,0.9439200726,S0|cap=0.3|band=0.01
2016-07-28,0.9439200726,0,0,0,0.05607992741,0.9439200726,S0|cap=0.3|band=0.01
2016-07-29,0.9439200726,0,0,0,0.05607992741,0.9439200726,S0|cap=0.3|band=0.01
2016-08-01,0.9439200726,0,0,0,0.05607992741,0.9439200726,S0|cap=0.3|band=0.01
2016-08-02,0.9439200726,0,0,0,0.05607992741,0.9439200726,S0|cap=0.3|band=0.01
2016-08-03,0.9439200726,0,0,0,0.05607992741,0.9439200726,S0|cap=0.3|band=0.01
2016-08-04,0.9439200726,0,0,0,0.05607992741,0.9439200726,S0|cap=0.3|band=0.01
2016-08-05,0.9439200726,0,0,0,0.05607992741,0.9439200726,S0|cap=0.3|band=0.01
2016-08-08,0.9439200726,0,0,0,0.05607992741,0.9439200726,S0|cap=0.3|band=0.01
2016-08-09,0.9439200726,0,0,0,0.05607992741,0.9439200726,S0|cap=0.3|band=0.01
2016-08-10,0.9439200726,0,0,0,0.05607992741,0.9439200726,S0|cap=0.3|band=0.01
2016-08-11,0.9439200726,0,0,0,0.05607992741,0.9439200726,S0|cap=0.3|band=0.01
2016-08-12,0.9439200726,0,0,0,0.05607992741,0.9439200726,S0|cap=0.3|band=0.01
2016-08-16,0.9439200726,0,0,0,0.05607992741,0.9439200726,S0|cap=0.3|band=0.01
2016-08-17,0.9439200726,0,0,0,0.05607992741,0.9439200726,S0|cap=0.3|band=0.01
2016-08-18,1,0,0,0,0,1,S0|cap=0.3|band=0.01
2016-08-19,1,0,0,0,0,1,S0|cap=0.3|band=0.01
2016-08-22,1,0,0,0,0,1,S0|cap=0.3|band=0.01
2016-08-23,1,0,0,0,0,1,S0|cap=0.3|band=0.01
2016-08-24,1,0,0,0,0,1,S0|cap=0.3|band=0.01
2016-08-25,1,0,0,0,0,1,S0|cap=0.3|band=0.01
2016-08-26,1,0,0,0,0,1,S0|cap=0.3|band=0.01
2016-08-29,1,0,0,0,0,1,S0|cap=0.3|band=0.01
2016-08-30,1,0,0,0,0,1,S0|cap=0.3|band=0.01
2016-08-31,1,0,0,0,0,1,S0|cap=0.3|band=0.01
2016-09-01,1,0,0,0,0,1,S0|cap=0.3|band=0.01
2016-09-02,1,0,0,0,0,1,S0|cap=0.3|band=0.01
2016-09-06,1,0,0,0,0,1,S0|cap=0.3|band=0.01
2016-09-07,1,0,0,0,0,1,S0|cap=0.3|band=0.01
2016-09-08,1,0,0,0,0,1,S0|cap=0.3|band=0.01
2016-09-09,1,0,0,0,0,1,S0|cap=0.3|band=0.01
2016-09-12,1,0,0,0,0,1,S0|cap=0.3|band=0.01
2016-09-14,1,0,0,0,0,1,S0|cap=0.3|band=0.01
2016-09-15,1,0,0,0,0,1,S0|cap=0.3|band=0.01
2016-09-16,1,0,0,0,0,1,S0|cap=0.3|band=0.01
2016-09-19,1,0,0,0,0,1,S0|cap=0.3|band=0.01
2016-09-20,1,0,0,0,0,1,S0|cap=0.3|band=0.01
2016-09-21,1,0,0,0,0,1,S0|cap=0.3|band=0.01
2016-09-22,1,0,0,0,0,1,S0|cap=0.3|band=0.01
2016-09-23,1,0,0,0,0,1,S0|cap=0.3|band=0.01
2016-09-26,1,0,0,0,0,1,S0|cap=0.3|band=0.01
2016-09-27,1,0,0,0,0,1,S0|cap=0.3|band=0.01
2016-09-28,1,0,0,0,0,1,S0|cap=0.3|band=0.01
2016-09-29,1,0,0,0,0,1,S0|cap=0.3|band=0.01
2016-09-30,1,0,0,0,0,1,S0|cap=0.3|band=0.01
2016-10-03,1,0,0,0,0,1,S0|cap=0.3|band=0.01
2016-10-04,1,0,0,0,0,1,S0|cap=0.3|band=0.01
2016-10-05,1,0,0,0,0,1,S0|cap=0.3|band=0.01
2016-10-06,1,0,0,0,0,1,S0|cap=0.3|band=0.01
2016-10-07,1,0,0,0,0,1,S0|cap=0.3|band=0.01
2016-10-10,1,0,0,0,0,1,S0|cap=0.3|band=0.01
2016-10-13,1,0,0,0,0,1,S0|cap=0.3|band=0.01
2016-10-14,1,0,0,0,0,1,S0|cap=0.3|band=0.01
2016-10-17,1,0,0,0,0,1,S0|cap=0.3|band=0.01
2016-10-18,1,0,0,0,0,1,S0|cap=0.3|band=0.01
2016-10-19,1,0,0,0,0,1,S0|cap=0.3|band=0.01
2016-10-20,1,0,0,0,0,1,S0|cap=0.3|band=0.01
2016-10-21,1,0,0,0,0,1,S0|cap=0.3|band=0.01
2016-10-24,1,0,0,0,0,1,S0|cap=0.3|band=0.01
2016-10-25,1,0,0,0,0,1,S0|cap=0.3|band=0.01
2016-10-26,1,0,0,0,0,1,S0|cap=0.3|band=0.01
2016-10-27,1,0,0,0,0,1,S0|cap=0.3|band=0.01
2016-10-28,1,0,0,0,0,1,S0|cap=0.3|band=0.01
2016-10-30,1,0,0,0,0,1,S0|cap=0.3|band=0.01
2016-11-01,1,0,0,0,0,1,S0|cap=0.3|band=0.01
2016-11-02,1,0,0,0,0,1,S0|cap=0.3|band=0.01
2016-11-03,1,0,0,0,0,1,S0|cap=0.3|band=0.01
2016-11-04,1,0,0,0,0,1,S0|cap=0.3|band=0.01
2016-11-07,1,0,0,0,0,1,S0|cap=0.3|band=0.01
2016-11-08,1,0,0,0,0,1,S0|cap=0.3|band=0.01
2016-11-09,1,0,0,0,0,1,S0|cap=0.3|band=0.01
2016-11-10,1,0,0,0,0,1,S0|cap=0.3|band=0.01
2016-11-11,1,0,0,0,0,1,S0|cap=0.3|band=0.01
2016-11-15,1,0,0,0,0,1,S0|cap=0.3|band=0.01
2016-11-16,1,0,0,0,0,1,S0|cap=0.3|band=0.01
2016-11-17,1,0,0,0,0,1,S0|cap=0.3|band=0.01
2016-11-18,1,0,0,0,0,1,S0|cap=0.3|band=0.01
2016-11-21,1,0,0,0,0,1,S0|cap=0.3|band=0.01
2016-11-22,1,0,0,0,0,1,S0|cap=0.3|band=0.01
2016-11-23,1,0,0,0,0,1,S0|cap=0.3|band=0.01
2016-11-24,1,0,0,0,0,1,S0|cap=0.3|band=0.01
2016-11-25,1,0,0,0,0,1,S0|cap=0.3|band=0.01
2016-11-28,1,0,0,0,0,1,S0|cap=0.3|band=0.01
2016-11-29,1,0,0,0,0,1,S0|cap=0.3|band=0.01
2016-11-30,1,0,0,0,0,1,S0|cap=0.3|band=0.01
2016-12-01,1,0,0,0,0,1,S0|cap=0.3|band=0.01
2016-12-02,1,0,0,0,0,1,S0|cap=0.3|band=0.01
2016-12-05,1,0,0,0,0,1,S0|cap=0.3|band=0.01
2016-12-06,1,0,0,0,0,1,S0|cap=0.3|band=0.01
2016-12-07,1,0,0,0,0,1,S0|cap=0.3|band=0.01
2016-12-08,1,0,0,0,0,1,S0|cap=0.3|band=0.01
2016-12-09,1,0,0,0,0,1,S0|cap=0.3|band=0.01
2016-12-12,1,0,0,0,0,1,S0|cap=0.3|band=0.01
2016-12-13,1,0,0,0,0,1,S0|cap=0.3|band=0.01
2016-12-14,1,0,0,0,0,1,S0|cap=0.3|band=0.01
2016-12-15,1,0,0,0,0,1,S0|cap=0.3|band=0.01
2016-12-16,1,0,0,0,0,1,S0|cap=0.3|band=0.01
2016-12-19,1,0,0,0,0,1,S0|cap=0.3|band=0.01
2016-12-20,1,0,0,0,0,1,S0|cap=0.3|band=0.01
2016-12-21,1,0,0,0,0,1,S0|cap=0.3|band=0.01
2016-12-22,1,0,0,0,0,1,S0|cap=0.3|band=0.01
2016-12-23,1,0,0,0,0,1,S0|cap=0.3|band=0.01
2016-12-26,1,0,0,0,0,1,S0|cap=0.3|band=0.01
2016-12-27,1,0,0,0,0,1,S0|cap=0.3|band=0.01
2016-12-28,1,0,0,0,0,1,S0|cap=0.3|band=0.01
2016-12-29,1,0,0,0,0,1,S0|cap=0.3|band=0.01
2016-12-30,1,0,0,0,0,1,S0|cap=0.3|band=0.01
2017-01-02,1,0,0,0,0,1,S0|cap=0.3|band=0.01
2017-01-03,1,0,0,0,0,1,S0|cap=0.3|band=0.01
2017-01-04,1,0,0,0,0,1,S0|cap=0.3|band=0.01
2017-01-05,1,0,0,0,0,1,S0|cap=0.3|band=0.01
2017-01-06,1,0,0,0,0,1,S0|cap=0.3|band=0.01
2017-01-09,1,0,0,0,0,1,S0|cap=0.3|band=0.01
2017-01-10,1,0,0,0,0,1,S0|cap=0.3|band=0.01
2017-01-11,1,0,0,0,0,1,S0|cap=0.3|band=0.01
2017-01-12,1,0,0,0,0,1,S0|cap=0.3|band=0.01
2017-01-13,1,0,0,0,0,1,S0|cap=0.3|band=0.01
2017-01-16,1,0,0,0,0,1,S0|cap=0.3|band=0.01
2017-01-17,1,0,0,0,0,1,S0|cap=0.3|band=0.01
2017-01-18,1,0,0,0,0,1,S0|cap=0.3|band=0.01
2017-01-19,1,0,0,0,0,1,S0|cap=0.3|band=0.01
2017-01-20,1,0,0,0,0,1,S0|cap=0.3|band=0.01
2017-01-23,1,0,0,0,0,1,S0|cap=0.3|band=0.01
2017-01-24,1,0,0,0,0,1,S0|cap=0.3|band=0.01
2017-01-25,1,0,0,0,0,1,S0|cap=0.3|band=0.01
2017-01-27,1,0,0,0,0,1,S0|cap=0.3|band=0.01
2017-01-30,1,0,0,0,0,1,S0|cap=0.3|band=0.01
2017-01-31,1,0,0,0,0,1,S0|cap=0.3|band=0.01
2017-02-01,1,0,0,0,0,1,S0|cap=0.3|band=0.01
2017-02-02,1,0,0,0,0,1,S0|cap=0.3|band=0.01
2017-02-03,1,0,0,0,0,1,S0|cap=0.3|band=0.01
2017-02-06,1,0,0,0,0,1,S0|cap=0.3|band=0.01
2017-02-07,1,0,0,0,0,1,S0|cap=0.3|band=0.01
2017-02-08,1,0,0,0,0,1,S0|cap=0.3|band=0.01
2017-02-09,1,0,0,0,0,1,S0|cap=0.3|band=0.01
2017-02-10,1,0,0,0,0,1,S0|cap=0.3|band=0.01
2017-02-13,1,0,0,0,0,1,S0|cap=0.3|band=0.01
2017-02-14,1,0,0,0,0,1,S0|cap=0.3|band=0.01
2017-02-15,1,0,0,0,0,1,S0|cap=0.3|band=0.01
2017-02-16,1,0,0,0,0,1,S0|cap=0.3|band=0.01
2017-02-17,1,0,0,0,0,1,S0|cap=0.3|band=0.01
2017-02-20,1,0,0,0,0,1,S0|cap=0.3|band=0.01
2017-02-21,1,0,0,0,0,1,S0|cap=0.3|band=0.01
2017-02-22,1,0,0,0,0,1,S0|cap=0.3|band=0.01
2017-02-23,1,0,0,0,0,1,S0|cap=0.3|band=0.01
2017-02-27,1,0,0,0,0,1,S0|cap=0.3|band=0.01
2017-02-28,1,0,0,0,0,1,S0|cap=0.3|band=0.01
2017-03-01,1,0,0,0,0,1,S0|cap=0.3|band=0.01
2017-03-02,1,0,0,0,0,1,S0|cap=0.3|band=0.01
2017-03-03,1,0,0,0,0,1,S0|cap=0.3|band=0.01
2017-03-06,1,0,0,0,0,1,S0|cap=0.3|band=0.01
2017-03-07,1,0,0,0,0,1,S0|cap=0.3|band=0.01
2017-03-08,1,0,0,0,0,1,S0|cap=0.3|band=0.01
2017-03-09,1,0,0,0,0,1,S0|cap=0.3|band=0.01
2017-03-10,1,0,0,0,0,1,S0|cap=0.3|band=0.01
2017-03-14,1,0,0,0,0,1,S0|cap=0.3|band=0.01
2017-03-15,1,0,0,0,0,1,S0|cap=0.3|band=0.01
2017-03-16,1,0,0,0,0,1,S0|cap=0.3|band=0.01
2017-03-17,1,0,0,0,0,1,S0|cap=0.3|band=0.01
2017-03-20,1,0,0,0,0,1,S0|cap=0.3|band=0.01
2017-03-21,1,0,0,0,0,1,S0|cap=0.3|band=0.01
2017-03-22,1,0,0,0,0,1,S0|cap=0.3|band=0.01
2017-03-23,1,0,0,0,0,1,S0|cap=0.3|band=0.01
2017-03-24,1,0,0,0,0,1,S0|cap=0.3|band=0.01
2017-03-27,1,0,0,0,0,1,S0|cap=0.3|band=0.01
2017-03-28,1,0,0,0,0,1,S0|cap=0.3|band=0.01
2017-03-29,1,0,0,0,0,1,S0|cap=0.3|band=0.01
2017-03-30,1,0,0,0,0,1,S0|cap=0.3|band=0.01
2017-03-31,1,0,0,0,0,1,S0|cap=0.3|band=0.01
2017-04-03,1,0,0,0,0,1,S0|cap=0.3|band=0.01
2017-04-05,1,0,0,0,0,1,S0|cap=0.3|band=0.01
2017-04-06,1,0,0,0,0,1,S0|cap=0.3|band=0.01
2017-04-07,1,0,0,0,0,1,S0|cap=0.3|band=0.01
2017-04-10,1,0,0,0,0,1,S0|cap=0.3|band=0.01
2017-04-11,1,0,0,0,0,1,S0|cap=0.3|band=0.01
2017-04-12,1,0,0,0,0,1,S0|cap=0.3|band=0.01
2017-04-13,1,0,0,0,0,1,S0|cap=0.3|band=0.01
2017-04-17,1,0,0,0,0,1,S0|cap=0.3|band=0.01
2017-04-18,1,0,0,0,0,1,S0|cap=0.3|band=0.01
2017-04-19,1,0,0,0,0,1,S0|cap=0.3|band=0.01
2017-04-20,1,0,0,0,0,1,S0|cap=0.3|band=0.01
2017-04-21,1,0,0,0,0,1,S0|cap=0.3|band=0.01
2017-04-24,1,0,0,0,0,1,S0|cap=0.3|band=0.01
2017-04-25,1,0,0,0,0,1,S0|cap=0.3|band=0.01
2017-04-26,1,0,0,0,0,1,S0|cap=0.3|band=0.01
2017-04-27,1,0,0,0,0,1,S0|cap=0.3|band=0.01
2017-04-28,1,0,0,0,0,1,S0|cap=0.3|band=0.01
2017-05-02,1,0,0,0,0,1,S0|cap=0.3|band=0.01
2017-05-03,1,0,0,0,0,1,S0|cap=0.3|band=0.01
2017-05-04,1,0,0,0,0,1,S0|cap=0.3|band=0.01
2017-05-05,1,0,0,0,0,1,S0|cap=0.3|band=0.01
2017-05-08,1,0,0,0,0,1,S0|cap=0.3|band=0.01
2017-05-09,1,0,0,0,0,1,S0|cap=0.3|band=0.01
2017-05-10,1,0,0,0,0,1,S0|cap=0.3|band=0.01
2017-05-11,1,0,0,0,0,1,S0|cap=0.3|band=0.01
2017-05-12,1,0,0,0,0,1,S0|cap=0.3|band=0.01
2017-05-15,1,0,0,0,0,1,S0|cap=0.3|band=0.01
2017-05-16,1,0,0,0,0,1,S0|cap=0.3|band=0.01
2017-05-17,1,0,0,0,0,1,S0|cap=0.3|band=0.01
2017-05-18,1,0,0,0,0,1,S0|cap=0.3|band=0.01
2017-05-19,1,0,0,0,0,1,S0|cap=0.3|band=0.01
2017-05-22,1,0,0,0,0,1,S0|cap=0.3|band=0.01
2017-05-23,1,0,0,0,0,1,S0|cap=0.3|band=0.01
2017-05-24,1,0,0,0,0,1,S0|cap=0.3|band=0.01
2017-05-25,1,0,0,0,0,1,S0|cap=0.3|band=0.01
2017-05-26,1,0,0,0,0,1,S0|cap=0.3|band=0.01
2017-05-29,1,0,0,0,0,1,S0|cap=0.3|band=0.01
2017-05-30,1,0,0,0,0,1,S0|cap=0.3|band=0.01
2017-05-31,1,0,0,0,0,1,S0|cap=0.3|band=0.01
2017-06-01,1,0,0,0,0,1,S0|cap=0.3|band=0.01
2017-06-02,1,0,0,0,0,1,S0|cap=0.3|band=0.01
2017-06-05,1,0,0,0,0,1,S0|cap=0.3|band=0.01
2017-06-06,1,0,0,0,0,1,S0|cap=0.3|band=0.01
2017-06-07,1,0,0,0,0,1,S0|cap=0.3|band=0.01
2017-06-08,1,0,0,0,0,1,S0|cap=0.3|band=0.01
2017-06-09,1,0,0,0,0,1,S0|cap=0.3|band=0.01
2017-06-12,1,0,0,0,0,1,S0|cap=0.3|band=0.01
2017-06-13,1,0,0,0,0,1,S0|cap=0.3|band=0.01
2017-06-14,1,0,0,0,0,1,S0|cap=0.3|band=0.01
2017-06-15,1,0,0,0,0,1,S0|cap=0.3|band=0.01
2017-06-16,1,0,0,0,0,1,S0|cap=0.3|band=0.01
2017-06-19,1,0,0,0,0,1,S0|cap=0.3|band=0.01
2017-06-20,1,0,0,0,0,1,S0|cap=0.3|band=0.01
2017-06-21,1,0,0,0,0,1,S0|cap=0.3|band=0.01
2017-06-22,1,0,0,0,0,1,S0|cap=0.3|band=0.01
2017-06-23,1,0,0,0,0,1,S0|cap=0.3|band=0.01
2017-06-27,1,0,0,0,0,1,S0|cap=0.3|band=0.01
2017-06-28,1,0,0,0,0,1,S0|cap=0.3|band=0.01
2017-06-29,1,0,0,0,0,1,S0|cap=0.3|band=0.01
2017-06-30,1,0,0,0,0,1,S0|cap=0.3|band=0.01
2017-07-03,1,0,0,0,0,1,S0|cap=0.3|band=0.01
2017-07-04,1,0,0,0,0,1,S0|cap=0.3|band=0.01
2017-07-05,1,0,0,0,0,1,S0|cap=0.3|band=0.01
2017-07-06,1,0,0,0,0,1,S0|cap=0.3|band=0.01
2017-07-07,1,0,0,0,0,1,S0|cap=0.3|band=0.01
2017-07-10,1,0,0,0,0,1,S0|cap=0.3|band=0.01
2017-07-11,1,0,0,0,0,1,S0|cap=0.3|band=0.01
2017-07-12,1,0,0,0,0,1,S0|cap=0.3|band=0.01
2017-07-13,1,0,0,0,0,1,S0|cap=0.3|band=0.01
2017-07-14,1,0,0,0,0,1,S0|cap=0.3|band=0.01
2017-07-17,1,0,0,0,0,1,S0|cap=0.3|band=0.01
2017-07-18,1,0,0,0,0,1,S0|cap=0.3|band=0.01
2017-07-19,1,0,0,0,0,1,S0|cap=0.3|band=0.01
2017-07-20,1,0,0,0,0,1,S0|cap=0.3|band=0.01
2017-07-21,1,0,0,0,0,1,S0|cap=0.3|band=0.01
2017-07-24,1,0,0,0,0,1,S0|cap=0.3|band=0.01
2017-07-25,1,0,0,0,0,1,S0|cap=0.3|band=0.01
2017-07-26,1,0,0,0,0,1,S0|cap=0.3|band=0.01
2017-07-27,1,0,0,0,0,1,S0|cap=0.3|band=0.01
2017-07-28,1,0,0,0,0,1,S0|cap=0.3|band=0.01
2017-07-31,1,0,0,0,0,1,S0|cap=0.3|band=0.01
2017-08-01,1,0,0,0,0,1,S0|cap=0.3|band=0.01
2017-08-02,1,0,0,0,0,1,S0|cap=0.3|band=0.01
2017-08-03,1,0,0,0,0,1,S0|cap=0.3|band=0.01
2017-08-04,1,0,0,0,0,1,S0|cap=0.3|band=0.01
2017-08-07,1,0,0,0,0,1,S0|cap=0.3|band=0.01
2017-08-08,1,0,0,0,0,1,S0|cap=0.3|band=0.01
2017-08-09,1,0,0,0,0,1,S0|cap=0.3|band=0.01
2017-08-10,1,0,0,0,0,1,S0|cap=0.3|band=0.01
2017-08-11,1,0,0,0,0,1,S0|cap=0.3|band=0.01
2017-08-14,1,0,0,0,0,1,S0|cap=0.3|band=0.01
2017-08-16,1,0,0,0,0,1,S0|cap=0.3|band=0.01
2017-08-17,1,0,0,0,0,1,S0|cap=0.3|band=0.01
2017-08-18,1,0,0,0,0,1,S0|cap=0.3|band=0.01
2017-08-21,1,0,0,0,0,1,S0|cap=0.3|band=0.01
2017-08-22,1,0,0,0,0,1,S0|cap=0.3|band=0.01
2017-08-23,1,0,0,0,0,1,S0|cap=0.3|band=0.01
2017-08-24,1,0,0,0,0,1,S0|cap=0.3|band=0.01
2017-08-28,1,0,0,0,0,1,S0|cap=0.3|band=0.01
2017-08-29,1,0,0,0,0,1,S0|cap=0.3|band=0.01
2017-08-30,1,0,0,0,0,1,S0|cap=0.3|band=0.01
2017-08-31,1,0,0,0,0,1,S0|cap=0.3|band=0.01
2017-09-01,1,0,0,0,0,1,S0|cap=0.3|band=0.01
2017-09-04,1,0,0,0,0,1,S0|cap=0.3|band=0.01
2017-09-05,1,0,0,0,0,1,S0|cap=0.3|band=0.01
2017-09-06,1,0,0,0,0,1,S0|cap=0.3|band=0.01
2017-09-07,1,0,0,0,0,1,S0|cap=0.3|band=0.01
2017-09-08,1,0,0,0,0,1,S0|cap=0.3|band=0.01
2017-09-11,1,0,0,0,0,1,S0|cap=0.3|band=0.01
2017-09-12,1,0,0,0,0,1,S0|cap=0.3|band=0.01
2017-09-13,1,0,0,0,0,1,S0|cap=0.3|band=0.01
2017-09-14,1,0,0,0,0,1,S0|cap=0.3|band=0.01
2017-09-15,1,0,0,0,0,1,S0|cap=0.3|band=0.01
2017-09-18,1,0,0,0,0,1,S0|cap=0.3|band=0.01
2017-09-19,1,0,0,0,0,1,S0|cap=0.3|band=0.01
2017-09-20,1,0,0,0,0,1,S0|cap=0.3|band=0.01
2017-09-21,1,0,0,0,0,1,S0|cap=0.3|band=0.01
2017-09-22,1,0,0,0,0,1,S0|cap=0.3|band=0.01
2017-09-25,1,0,0,0,0,1,S0|cap=0.3|band=0.01
2017-09-26,1,0,0,0,0,1,S0|cap=0.3|band=0.01
2017-09-27,1,0,0,0,0,1,S0|cap=0.3|band=0.01
2017-09-28,1,0,0,0,0,1,S0|cap=0.3|band=0.01
2017-09-29,1,0,0,0,0,1,S0|cap=0.3|band=0.01
2017-10-03,1,0,0,0,0,1,S0|cap=0.3|band=0.01
2017-10-04,1,0,0,0,0,1,S0|cap=0.3|band=0.01
2017-10-05,1,0,0,0,0,1,S0|cap=0.3|band=0.01
2017-10-06,1,0,0,0,0,1,S0|cap=0.3|band=0.01
2017-10-09,1,0,0,0,0,1,S0|cap=0.3|band=0.01
2017-10-10,1,0,0,0,0,1,S0|cap=0.3|band=0.01
2017-10-11,1,0,0,0,0,1,S0|cap=0.3|band=0.01
2017-10-12,1,0,0,0,0,1,S0|cap=0.3|band=0.01
2017-10-13,1,0,0,0,0,1,S0|cap=0.3|band=0.01
2017-10-16,1,0,0,0,0,1,S0|cap=0.3|band=0.01
2017-10-17,1,0,0,0,0,1,S0|cap=0.3|band=0.01
2017-10-18,1,0,0,0,0,1,S0|cap=0.3|band=0.01
2017-10-19,1,0,0,0,0,1,S0|cap=0.3|band=0.01
2017-10-23,1,0,0,0,0,1,S0|cap=0.3|band=0.01
2017-10-24,1,0,0,0,0,1,S0|cap=0.3|band=0.01
2017-10-25,1,0,0,0,0,1,S0|cap=0.3|band=0.01
2017-10-26,1,0,0,0,0,1,S0|cap=0.3|band=0.01
2017-10-27,1,0,0,0,0,1,S0|cap=0.3|band=0.01
2017-10-30,1,0,0,0,0,1,S0|cap=0.3|band=0.01
2017-10-31,1,0,0,0,0,1,S0|cap=0.3|band=0.01
2017-11-01,1,0,0,0,0,1,S0|cap=0.3|band=0.01
2017-11-02,1,0,0,0,0,1,S0|cap=0.3|band=0.01
2017-11-03,1,0,0,0,0,1,S0|cap=0.3|band=0.01
2017-11-06,1,0,0,0,0,1,S0|cap=0.3|band=0.01
2017-11-07,1,0,0,0,0,1,S0|cap=0.3|band=0.01
2017-11-08,1,0,0,0,0,1,S0|cap=0.3|band=0.01
2017-11-09,1,0,0,0,0,1,S0|cap=0.3|band=0.01
2017-11-10,1,0,0,0,0,1,S0|cap=0.3|band=0.01
2017-11-13,1,0,0,0,0,1,S0|cap=0.3|band=0.01
2017-11-14,1,0,0,0,0,1,S0|cap=0.3|band=0.01
2017-11-15,1,0,0,0,0,1,S0|cap=0.3|band=0.01
2017-11-16,1,0,0,0,0,1,S0|cap=0.3|band=0.01
2017-11-17,1,0,0,0,0,1,S0|cap=0.3|band=0.01
2017-11-20,1,0,0,0,0,1,S0|cap=0.3|band=0.01
2017-11-21,1,0,0,0,0,1,S0|cap=0.3|band=0.01
2017-11-22,1,0,0,0,0,1,S0|cap=0.3|band=0.01
2017-11-23,1,0,0,0,0,1,S0|cap=0.3|band=0.01
2017-11-24,1,0,0,0,0,1,S0|cap=0.3|band=0.01
2017-11-27,1,0,0,0,0,1,S0|cap=0.3|band=0.01
2017-11-28,1,0,0,0,0,1,S0|cap=0.3|band=0.01
2017-11-29,1,0,0,0,0,1,S0|cap=0.3|band=0.01
2017-11-30,1,0,0,0,0,1,S0|cap=0.3|band=0.01
2017-12-01,1,0,0,0,0,1,S0|cap=0.3|band=0.01
2017-12-04,1,0,0,0,0,1,S0|cap=0.3|band=0.01
2017-12-05,1,0,0,0,0,1,S0|cap=0.3|band=0.01
2017-12-06,1,0,0,0,0,1,S0|cap=0.3|band=0.01
2017-12-07,1,0,0,0,0,1,S0|cap=0.3|band=0.01
2017-12-08,1,0,0,0,0,1,S0|cap=0.3|band=0.01
2017-12-11,1,0,0,0,0,1,S0|cap=0.3|band=0.01
2017-12-12,1,0,0,0,0,1,S0|cap=0.3|band=0.01
2017-12-13,1,0,0,0,0,1,S0|cap=0.3|band=0.01
2017-12-14,1,0,0,0,0,1,S0|cap=0.3|band=0.01
2017-12-15,1,0,0,0,0,1,S0|cap=0.3|band=0.01
2017-12-18,1,0,0,0,0,1,S0|cap=0.3|band=0.01
2017-12-19,1,0,0,0,0,1,S0|cap=0.3|band=0.01
2017-12-20,1,0,0,0,0,1,S0|cap=0.3|band=0.01
2017-12-21,1,0,0,0,0,1,S0|cap=0.3|band=0.01
2017-12-22,1,0,0,0,0,1,S0|cap=0.3|band=0.01
2017-12-26,1,0,0,0,0,1,S0|cap=0.3|band=0.01
2017-12-27,1,0,0,0,0,1,S0|cap=0.3|band=0.01
2017-12-28,1,0,0,0,0,1,S0|cap=0.3|band=0.01
2017-12-29,1,0,0,0,0,1,S0|cap=0.3|band=0.01
2018-01-01,1,0,0,0,0,1,S0|cap=0.3|band=0.01
2018-01-02,1,0,0,0,0,1,S0|cap=0.3|band=0.01
2018-01-03,1,0,0,0,0,1,S0|cap=0.3|band=0.01
2018-01-04,1,0,0,0,0,1,S0|cap=0.3|band=0.01
2018-01-05,1,0,0,0,0,1,S0|cap=0.3|band=0.01
2018-01-08,1,0,0,0,0,1,S0|cap=0.3|band=0.01
2018-01-09,1,0,0,0,0,1,S0|cap=0.3|band=0.01
2018-01-10,1,0,0,0,0,1,S0|cap=0.3|band=0.01
2018-01-11,1,0,0,0,0,1,S0|cap=0.3|band=0.01
2018-01-12,1,0,0,0,0,1,S0|cap=0.3|band=0.01
2018-01-15,1,0,0,0,0,1,S0|cap=0.3|band=0.01
2018-01-16,1,0,0,0,0,1,S0|cap=0.3|band=0.01
2018-01-17,1,0,0,0,0,1,S0|cap=0.3|band=0.01
2018-01-18,1,0,0,0,0,1,S0|cap=0.3|band=0.01
2018-01-19,1,0,0,0,0,1,S0|cap=0.3|band=0.01
2018-01-22,1,0,0,0,0,1,S0|cap=0.3|band=0.01
2018-01-23,1,0,0,0,0,1,S0|cap=0.3|band=0.01
2018-01-24,1,0,0,0,0,1,S0|cap=0.3|band=0.01
2018-01-25,1,0,0,0,0,1,S0|cap=0.3|band=0.01
2018-01-29,1,0,0,0,0,1,S0|cap=0.3|band=0.01
2018-01-30,1,0,0,0,0,1,S0|cap=0.3|band=0.01
2018-01-31,1,0,0,0,0,1,S0|cap=0.3|band=0.01
2018-02-01,1,0,0,0,0,1,S0|cap=0.3|band=0.01
2018-02-02,1,0,0,0,0,1,S0|cap=0.3|band=0.01
2018-02-05,1,0,0,0,0,1,S0|cap=0.3|band=0.01
2018-02-06,1,0,0,0,0,1,S0|cap=0.3|band=0.01
2018-02-07,1,0,0,0,0,1,S0|cap=0.3|band=0.01
2018-02-08,1,0,0,0,0,1,S0|cap=0.3|band=0.01
2018-02-09,1,0,0,0,0,1,S0|cap=0.3|band=0.01
2018-02-12,1,0,0,0,0,1,S0|cap=0.3|band=0.01
2018-02-14,1,0,0,0,0,1,S0|cap=0.3|band=0.01
2018-02-15,1,0,0,0,0,1,S0|cap=0.3|band=0.01
2018-02-16,1,0,0,0,0,1,S0|cap=0.3|band=0.01
2018-02-19,1,0,0,0,0,1,S0|cap=0.3|band=0.01
2018-02-20,1,0,0,0,0,1,S0|cap=0.3|band=0.01
2018-02-21,1,0,0,0,0,1,S0|cap=0.3|band=0.01
2018-02-22,1,0,0,0,0,1,S0|cap=0.3|band=0.01
2018-02-23,1,0,0,0,0,1,S0|cap=0.3|band=0.01
2018-02-26,1,0,0,0,0,1,S0|cap=0.3|band=0.01
2018-02-27,1,0,0,0,0,1,S0|cap=0.3|band=0.01
2018-02-28,1,0,0,0,0,1,S0|cap=0.3|band=0.01
2018-03-01,1,0,0,0,0,1,S0|cap=0.3|band=0.01
2018-03-05,1,0,0,0,0,1,S0|cap=0.3|band=0.01
2018-03-06,1,0,0,0,0,1,S0|cap=0.3|band=0.01
2018-03-07,1,0,0,0,0,1,S0|cap=0.3|band=0.01
2018-03-08,1,0,0,0,0,1,S0|cap=0.3|band=0.01
2018-03-09,1,0,0,0,0,1,S0|cap=0.3|band=0.01
2018-03-12,1,0,0,0,0,1,S0|cap=0.3|band=0.01
2018-03-13,1,0,0,0,0,1,S0|cap=0.3|band=0.01
2018-03-14,1,0,0,0,0,1,S0|cap=0.3|band=0.01
2018-03-15,1,0,0,0,0,1,S0|cap=0.3|band=0.01
2018-03-16,1,0,0,0,0,1,S0|cap=0.3|band=0.01
2018-03-19,1,0,0,0,0,1,S0|cap=0.3|band=0.01
2018-03-20,1,0,0,0,0,1,S0|cap=0.3|band=0.01
2018-03-21,1,0,0,0,0,1,S0|cap=0.3|band=0.01
2018-03-22,1,0,0,0,0,1,S0|cap=0.3|band=0.01
2018-03-23,1,0,0,0,0,1,S0|cap=0.3|band=0.01
2018-03-26,1,0,0,0,0,1,S0|cap=0.3|band=0.01
2018-03-27,1,0,0,0,0,1,S0|cap=0.3|band=0.01
2018-03-28,1,0,0,0,0,1,S0|cap=0.3|band=0.01
2018-04-02,1,0,0,0,0,1,S0|cap=0.3|band=0.01
2018-04-03,1,0,0,0,0,1,S0|cap=0.3|band=0.01
2018-04-04,1,0,0,0,0,1,S0|cap=0.3|band=0.01
2018-04-05,1,0,0,0,0,1,S0|cap=0.3|band=0.01
2018-04-06,1,0,0,0,0,1,S0|cap=0.3|band=0.01
2018-04-09,1,0,0,0,0,1,S0|cap=0.3|band=0.01
2018-04-10,1,0,0,0,0,1,S0|cap=0.3|band=0.01
2018-04-11,1,0,0,0,0,1,S0|cap=0.3|band=0.01
2018-04-12,1,0,0,0,0,1,S0|cap=0.3|band=0.01
2018-04-13,1,0,0,0,0,1,S0|cap=0.3|band=0.01
2018-04-16,1,0,0,0,0,1,S0|cap=0.3|band=0.01
2018-04-17,1,0,0,0,0,1,S0|cap=0.3|band=0.01
2018-04-18,1,0,0,0,0,1,S0|cap=0.3|band=0.01
2018-04-19,1,0,0,0,0,1,S0|cap=0.3|band=0.01
2018-04-20,1,0,0,0,0,1,S0|cap=0.3|band=0.01
2018-04-23,1,0,0,0,0,1,S0|cap=0.3|band=0.01
2018-04-24,1,0,0,0,0,1,S0|cap=0.3|band=0.01
2018-04-25,1,0,0,0,0,1,S0|cap=0.3|band=0.01
2018-04-26,1,0,0,0,0,1,S0|cap=0.3|band=0.01
2018-04-27,1,0,0,0,0,1,S0|cap=0.3|band=0.01
2018-04-30,1,0,0,0,0,1,S0|cap=0.3|band=0.01
2018-05-02,1,0,0,0,0,1,S0|cap=0.3|band=0.01
2018-05-03,1,0,0,0,0,1,S0|cap=0.3|band=0.01
2018-05-04,1,0,0,0,0,1,S0|cap=0.3|band=0.01
2018-05-07,1,0,0,0,0,1,S0|cap=0.3|band=0.01
2018-05-08,1,0,0,0,0,1,S0|cap=0.3|band=0.01
2018-05-09,1,0,0,0,0,1,S0|cap=0.3|band=0.01
2018-05-10,1,0,0,0,0,1,S0|cap=0.3|band=0.01
2018-05-11,1,0,0,0,0,1,S0|cap=0.3|band=0.01
2018-05-14,1,0,0,0,0,1,S0|cap=0.3|band=0.01
2018-05-15,1,0,0,0,0,1,S0|cap=0.3|band=0.01
2018-05-16,1,0,0,0,0,1,S0|cap=0.3|band=0.01
2018-05-17,1,0,0,0,0,1,S0|cap=0.3|band=0.01
2018-05-18,1,0,0,0,0,1,S0|cap=0.3|band=0.01
2018-05-21,1,0,0,0,0,1,S0|cap=0.3|band=0.01
2018-05-22,1,0,0,0,0,1,S0|cap=0.3|band=0.01
2018-05-23,1,0,0,0,0,1,S0|cap=0.3|band=0.01
2018-05-24,1,0,0,0,0,1,S0|cap=0.3|band=0.01
2018-05-25,1,0,0,0,0,1,S0|cap=0.3|band=0.01
2018-05-28,1,0,0,0,0,1,S0|cap=0.3|band=0.01
2018-05-29,1,0,0,0,0,1,S0|cap=0.3|band=0.01
2018-05-30,1,0,0,0,0,1,S0|cap=0.3|band=0.01
2018-05-31,1,0,0,0,0,1,S0|cap=0.3|band=0.01
2018-06-01,1,0,0,0,0,1,S0|cap=0.3|band=0.01
2018-06-04,1,0,0,0,0,1,S0|cap=0.3|band=0.01
2018-06-05,1,0,0,0,0,1,S0|cap=0.3|band=0.01
2018-06-06,1,0,0,0,0,1,S0|cap=0.3|band=0.01
2018-06-07,1,0,0,0,0,1,S0|cap=0.3|band=0.01
2018-06-08,1,0,0,0,0,1,S0|cap=0.3|band=0.01
2018-06-11,1,0,0,0,0,1,S0|cap=0.3|band=0.01
2018-06-12,1,0,0,0,0,1,S0|cap=0.3|band=0.01
2018-06-13,1,0,0,0,0,1,S0|cap=0.3|band=0.01
2018-06-14,1,0,0,0,0,1,S0|cap=0.3|band=0.01
2018-06-15,1,0,0,0,0,1,S0|cap=0.3|band=0.01
2018-06-18,1,0,0,0,0,1,S0|cap=0.3|band=0.01
2018-06-19,1,0,0,0,0,1,S0|cap=0.3|band=0.01
2018-06-20,1,0,0,0,0,1,S0|cap=0.3|band=0.01
2018-06-21,1,0,0,0,0,1,S0|cap=0.3|band=0.01
2018-06-22,1,0,0,0,0,1,S0|cap=0.3|band=0.01
2018-06-25,1,0,0,0,0,1,S0|cap=0.3|band=0.01
2018-06-26,1,0,0,0,0,1,S0|cap=0.3|band=0.01
2018-06-27,1,0,0,0,0,1,S0|cap=0.3|band=0.01
2018-06-28,1,0,0,0,0,1,S0|cap=0.3|band=0.01
2018-06-29,1,0,0,0,0,1,S0|cap=0.3|band=0.01
2018-07-02,1,0,0,0,0,1,S0|cap=0.3|band=0.01
2018-07-03,1,0,0,0,0,1,S0|cap=0.3|band=0.01
2018-07-04,1,0,0,0,0,1,S0|cap=0.3|band=0.01
2018-07-05,1,0,0,0,0,1,S0|cap=0.3|band=0.01
2018-07-06,1,0,0,0,0,1,S0|cap=0.3|band=0.01
2018-07-09,1,0,0,0,0,1,S0|cap=0.3|band=0.01
2018-07-10,1,0,0,0,0,1,S0|cap=0.3|band=0.01
2018-07-11,1,0,0,0,0,1,S0|cap=0.3|band=0.01
2018-07-12,1,0,0,0,0,1,S0|cap=0.3|band=0.01
2018-07-13,1,0,0,0,0,1,S0|cap=0.3|band=0.01
2018-07-16,1,0,0,0,0,1,S0|cap=0.3|band=0.01
2018-07-17,1,0,0,0,0,1,S0|cap=0.3|band=0.01
2018-07-18,1,0,0,0,0,1,S0|cap=0.3|band=0.01
2018-07-19,1,0,0,0,0,1,S0|cap=0.3|band=0.01
2018-07-20,1,0,0,0,0,1,S0|cap=0.3|band=0.01
2018-07-23,1,0,0,0,0,1,S0|cap=0.3|band=0.01
2018-07-24,1,0,0,0,0,1,S0|cap=0.3|band=0.01
2018-07-25,1,0,0,0,0,1,S0|cap=0.3|band=0.01
2018-07-26,1,0,0,0,0,1,S0|cap=0.3|band=0.01
2018-07-27,1,0,0,0,0,1,S0|cap=0.3|band=0.01
2018-07-30,1,0,0,0,0,1,S0|cap=0.3|band=0.01
2018-07-31,1,0,0,0,0,1,S0|cap=0.3|band=0.01
2018-08-01,1,0,0,0,0,1,S0|cap=0.3|band=0.01
2018-08-02,1,0,0,0,0,1,S0|cap=0.3|band=0.01
2018-08-03,1,0,0,0,0,1,S0|cap=0.3|band=0.01
2018-08-06,1,0,0,0,0,1,S0|cap=0.3|band=0.01
2018-08-07,1,0,0,0,0,1,S0|cap=0.3|band=0.01
2018-08-08,1,0,0,0,0,1,S0|cap=0.3|band=0.01
2018-08-09,1,0,0,0,0,1,S0|cap=0.3|band=0.01
2018-08-10,1,0,0,0,0,1,S0|cap=0.3|band=0.01
2018-08-13,1,0,0,0,0,1,S0|cap=0.3|band=0.01
2018-08-14,1,0,0,0,0,1,S0|cap=0.3|band=0.01
2018-08-16,1,0,0,0,0,1,S0|cap=0.3|band=0.01
2018-08-17,1,0,0,0,0,1,S0|cap=0.3|band=0.01
2018-08-20,1,0,0,0,0,1,S0|cap=0.3|band=0.01
2018-08-21,1,0,0,0,0,1,S0|cap=0.3|band=0.01
2018-08-23,1,0,0,0,0,1,S0|cap=0.3|band=0.01
2018-08-24,1,0,0,0,0,1,S0|cap=0.3|band=0.01
2018-08-27,1,0,0,0,0,1,S0|cap=0.3|band=0.01
2018-08-28,1,0,0,0,0,1,S0|cap=0.3|band=0.01
2018-08-29,1,0,0,0,0,1,S0|cap=0.3|band=0.01
2018-08-30,1,0,0,0,0,1,S0|cap=0.3|band=0.01
2018-08-31,1,0,0,0,0,1,S0|cap=0.3|band=0.01
2018-09-03,1,0,0,0,0,1,S0|cap=0.3|band=0.01
2018-09-04,1,0,0,0,0,1,S0|cap=0.3|band=0.01
2018-09-05,1,0,0,0,0,1,S0|cap=0.3|band=0.01
2018-09-06,1,0,0,0,0,1,S0|cap=0.3|band=0.01
2018-09-07,1,0,0,0,0,1,S0|cap=0.3|band=0.01
2018-09-10,1,0,0,0,0,1,S0|cap=0.3|band=0.01
2018-09-11,1,0,0,0,0,1,S0|cap=0.3|band=0.01
2018-09-12,1,0,0,0,0,1,S0|cap=0.3|band=0.01
2018-09-14,1,0,0,0,0,1,S0|cap=0.3|band=0.01
2018-09-17,1,0,0,0,0,1,S0|cap=0.3|band=0.01
2018-09-18,1,0,0,0,0,1,S0|cap=0.3|band=0.01
2018-09-19,1,0,0,0,0,1,S0|cap=0.3|band=0.01
2018-09-21,1,0,0,0,0,1,S0|cap=0.3|band=0.01
2018-09-24,1,0,0,0,0,1,S0|cap=0.3|band=0.01
2018-09-25,1,0,0,0,0,1,S0|cap=0.3|band=0.01
2018-09-26,1,0,0,0,0,1,S0|cap=0.3|band=0.01
2018-09-27,1,0,0,0,0,1,S0|cap=0.3|band=0.01
2018-09-28,1,0,0,0,0,1,S0|cap=0.3|band=0.01
2018-10-01,1,0,0,0,0,1,S0|cap=0.3|band=0.01
2018-10-03,1,0,0,0,0,1,S0|cap=0.3|band=0.01
2018-10-04,1,0,0,0,0,1,S0|cap=0.3|band=0.01
2018-10-05,1,0,0,0,0,1,S0|cap=0.3|band=0.01
2018-10-08,1,0,0,0,0,1,S0|cap=0.3|band=0.01
2018-10-09,1,0,0,0,0,1,S0|cap=0.3|band=0.01
2018-10-10,1,0,0,0,0,1,S0|cap=0.3|band=0.01
2018-10-11,1,0,0,0,0,1,S0|cap=0.3|band=0.01
2018-10-12,1,0,0,0,0,1,S0|cap=0.3|band=0.01
2018-10-15,1,0,0,0,0,1,S0|cap=0.3|band=0.01
2018-10-16,1,0,0,0,0,1,S0|cap=0.3|band=0.01
2018-10-17,1,0,0,0,0,1,S0|cap=0.3|band=0.01
2018-10-19,1,0,0,0,0,1,S0|cap=0.3|band=0.01
2018-10-22,1,0,0,0,0,1,S0|cap=0.3|band=0.01
2018-10-23,1,0,0,0,0,1,S0|cap=0.3|band=0.01
2018-10-24,1,0,0,0,0,1,S0|cap=0.3|band=0.01
2018-10-25,1,0,0,0,0,1,S0|cap=0.3|band=0.01
2018-10-26,1,0,0,0,0,1,S0|cap=0.3|band=0.01
2018-10-29,1,0,0,0,0,1,S0|cap=0.3|band=0.01
2018-10-30,1,0,0,0,0,1,S0|cap=0.3|band=0.01
2018-10-31,1,0,0,0,0,1,S0|cap=0.3|band=0.01
2018-11-01,1,0,0,0,0,1,S0|cap=0.3|band=0.01
2018-11-02,1,0,0,0,0,1,S0|cap=0.3|band=0.01
2018-11-05,1,0,0,0,0,1,S0|cap=0.3|band=0.01
2018-11-06,1,0,0,0,0,1,S0|cap=0.3|band=0.01
2018-11-07,1,0,0,0,0,1,S0|cap=0.3|band=0.01
2018-11-09,1,0,0,0,0,1,S0|cap=0.3|band=0.01
2018-11-12,1,0,0,0,0,1,S0|cap=0.3|band=0.01
2018-11-13,1,0,0,0,0,1,S0|cap=0.3|band=0.01
2018-11-14,1,0,0,0,0,1,S0|cap=0.3|band=0.01
2018-11-15,1,0,0,0,0,1,S0|cap=0.3|band=0.01
2018-11-16,1,0,0,0,0,1,S0|cap=0.3|band=0.01
2018-11-19,1,0,0,0,0,1,S0|cap=0.3|band=0.01
2018-11-20,1,0,0,0,0,1,S0|cap=0.3|band=0.01
2018-11-21,1,0,0,0,0,1,S0|cap=0.3|band=0.01
2018-11-22,1,0,0,0,0,1,S0|cap=0.3|band=0.01
2018-11-26,1,0,0,0,0,1,S0|cap=0.3|band=0.01
2018-11-27,1,0,0,0,0,1,S0|cap=0.3|band=0.01
2018-11-28,1,0,0,0,0,1,S0|cap=0.3|band=0.01
2018-11-29,1,0,0,0,0,1,S0|cap=0.3|band=0.01
2018-11-30,1,0,0,0,0,1,S0|cap=0.3|band=0.01
2018-12-03,1,0,0,0,0,1,S0|cap=0.3|band=0.01
2018-12-04,1,0,0,0,0,1,S0|cap=0.3|band=0.01
2018-12-05,1,0,0,0,0,1,S0|cap=0.3|band=0.01
2018-12-06,1,0,0,0,0,1,S0|cap=0.3|band=0.01
2018-12-07,1,0,0,0,0,1,S0|cap=0.3|band=0.01
2018-12-10,1,0,0,0,0,1,S0|cap=0.3|band=0.01
2018-12-11,1,0,0,0,0,1,S0|cap=0.3|band=0.01
2018-12-12,1,0,0,0,0,1,S0|cap=0.3|band=0.01
2018-12-13,1,0,0,0,0,1,S0|cap=0.3|band=0.01
2018-12-14,1,0,0,0,0,1,S0|cap=0.3|band=0.01
2018-12-17,1,0,0,0,0,1,S0|cap=0.3|band=0.01
2018-12-18,1,0,0,0,0,1,S0|cap=0.3|band=0.01
2018-12-19,1,0,0,0,0,1,S0|cap=0.3|band=0.01
2018-12-20,1,0,0,0,0,1,S0|cap=0.3|band=0.01
2018-12-21,1,0,0,0,0,1,S0|cap=0.3|band=0.01
2018-12-24,1,0,0,0,0,1,S0|cap=0.3|band=0.01
2018-12-26,1,0,0,0,0,1,S0|cap=0.3|band=0.01
2018-12-27,1,0,0,0,0,1,S0|cap=0.3|band=0.01
2018-12-28,1,0,0,0,0,1,S0|cap=0.3|band=0.01
2018-12-31,1,0,0,0,0,1,S0|cap=0.3|band=0.01
2019-01-01,1,0,0,0,0,1,S0|cap=0.3|band=0.01
2019-01-02,1,0,0,0,0,1,S0|cap=0.3|band=0.01
2019-01-03,1,0,0,0,0,1,S0|cap=0.3|band=0.01
2019-01-04,1,0,0,0,0,1,S0|cap=0.3|band=0.01
2019-01-07,1,0,0,0,0,1,S0|cap=0.3|band=0.01
2019-01-08,1,0,0,0,0,1,S0|cap=0.3|band=0.01
2019-01-09,1,0,0,0,0,1,S0|cap=0.3|band=0.01
2019-01-10,1,0,0,0,0,1,S0|cap=0.3|band=0.01
2019-01-11,1,0,0,0,0,1,S0|cap=0.3|band=0.01
2019-01-14,1,0,0,0,0,1,S0|cap=0.3|band=0.01
2019-01-15,1,0,0,0,0,1,S0|cap=0.3|band=0.01
2019-01-16,1,0,0,0,0,1,S0|cap=0.3|band=0.01
2019-01-17,1,0,0,0,0,1,S0|cap=0.3|band=0.01
2019-01-18,1,0,0,0,0,1,S0|cap=0.3|band=0.01
2019-01-21,1,0,0,0,0,1,S0|cap=0.3|band=0.01
2019-01-22,1,0,0,0,0,1,S0|cap=0.3|band=0.01
2019-01-23,1,0,0,0,0,1,S0|cap=0.3|band=0.01
2019-01-24,1,0,0,0,0,1,S0|cap=0.3|band=0.01
2019-01-25,1,0,0,0,0,1,S0|cap=0.3|band=0.01
2019-01-28,1,0,0,0,0,1,S0|cap=0.3|band=0.01
2019-01-29,1,0,0,0,0,1,S0|cap=0.3|band=0.01
2019-01-30,1,0,0,0,0,1,S0|cap=0.3|band=0.01
2019-01-31,1,0,0,0,0,1,S0|cap=0.3|band=0.01
2019-02-01,1,0,0,0,0,1,S0|cap=0.3|band=0.01
2019-02-04,1,0,0,0,0,1,S0|cap=0.3|band=0.01
2019-02-05,1,0,0,0,0,1,S0|cap=0.3|band=0.01
2019-02-06,1,0,0,0,0,1,S0|cap=0.3|band=0.01
2019-02-07,1,0,0,0,0,1,S0|cap=0.3|band=0.01
2019-02-08,1,0,0,0,0,1,S0|cap=0.3|band=0.01
2019-02-11,1,0,0,0,0,1,S0|cap=0.3|band=0.01
2019-02-12,1,0,0,0,0,1,S0|cap=0.3|band=0.01
2019-02-13,1,0,0,0,0,1,S0|cap=0.3|band=0.01
2019-02-14,1,0,0,0,0,1,S0|cap=0.3|band=0.01
2019-02-15,1,0,0,0,0,1,S0|cap=0.3|band=0.01
2019-02-18,1,0,0,0,0,1,S0|cap=0.3|band=0.01
2019-02-19,1,0,0,0,0,1,S0|cap=0.3|band=0.01
2019-02-20,1,0,0,0,0,1,S0|cap=0.3|band=0.01
2019-02-21,1,0,0,0,0,1,S0|cap=0.3|band=0.01
2019-02-22,1,0,0,0,0,1,S0|cap=0.3|band=0.01
2019-02-25,1,0,0,0,0,1,S0|cap=0.3|band=0.01
2019-02-26,1,0,0,0,0,1,S0|cap=0.3|band=0.01
2019-02-27,1,0,0,0,0,1,S0|cap=0.3|band=0.01
2019-02-28,1,0,0,0,0,1,S0|cap=0.3|band=0.01
2019-03-01,1,0,0,0,0,1,S0|cap=0.3|band=0.01
2019-03-05,1,0,0,0,0,1,S0|cap=0.3|band=0.01
2019-03-06,1,0,0,0,0,1,S0|cap=0.3|band=0.01
2019-03-07,1,0,0,0,0,1,S0|cap=0.3|band=0.01
2019-03-08,1,0,0,0,0,1,S0|cap=0.3|band=0.01
2019-03-11,1,0,0,0,0,1,S0|cap=0.3|band=0.01
2019-03-12,1,0,0,0,0,1,S0|cap=0.3|band=0.01
2019-03-13,1,0,0,0,0,1,S0|cap=0.3|band=0.01
2019-03-14,1,0,0,0,0,1,S0|cap=0.3|band=0.01
2019-03-15,1,0,0,0,0,1,S0|cap=0.3|band=0.01
2019-03-18,1,0,0,0,0,1,S0|cap=0.3|band=0.01
2019-03-19,1,0,0,0,0,1,S0|cap=0.3|band=0.01
2019-03-20,1,0,0,0,0,1,S0|cap=0.3|band=0.01
2019-03-22,1,0,0,0,0,1,S0|cap=0.3|band=0.01
2019-03-25,1,0,0,0,0,1,S0|cap=0.3|band=0.01
2019-03-26,1,0,0,0,0,1,S0|cap=0.3|band=0.01
2019-03-27,1,0,0,0,0,1,S0|cap=0.3|band=0.01
2019-03-28,1,0,0,0,0,1,S0|cap=0.3|band=0.01
2019-03-29,1,0,0,0,0,1,S0|cap=0.3|band=0.01
2019-04-01,1,0,0,0,0,1,S0|cap=0.3|band=0.01
2019-04-02,1,0,0,0,0,1,S0|cap=0.3|band=0.01
2019-04-03,1,0,0,0,0,1,S0|cap=0.3|band=0.01
2019-04-04,1,0,0,0,0,1,S0|cap=0.3|band=0.01
2019-04-05,1,0,0,0,0,1,S0|cap=0.3|band=0.01
2019-04-08,1,0,0,0,0,1,S0|cap=0.3|band=0.01
2019-04-09,1,0,0,0,0,1,S0|cap=0.3|band=0.01
2019-04-10,1,0,0,0,0,1,S0|cap=0.3|band=0.01
2019-04-11,1,0,0,0,0,1,S0|cap=0.3|band=0.01
2019-04-12,1,0,0,0,0,1,S0|cap=0.3|band=0.01
2019-04-15,1,0,0,0,0,1,S0|cap=0.3|band=0.01
2019-04-16,1,0,0,0,0,1,S0|cap=0.3|band=0.01
2019-04-18,1,0,0,0,0,1,S0|cap=0.3|band=0.01
2019-04-22,1,0,0,0,0,1,S0|cap=0.3|band=0.01
2019-04-23,1,0,0,0,0,1,S0|cap=0.3|band=0.01
2019-04-24,1,0,0,0,0,1,S0|cap=0.3|band=0.01
2019-04-25,1,0,0,0,0,1,S0|cap=0.3|band=0.01
2019-04-26,1,0,0,0,0,1,S0|cap=0.3|band=0.01
2019-04-30,1,0,0,0,0,1,S0|cap=0.3|band=0.01
2019-05-02,1,0,0,0,0,1,S0|cap=0.3|band=0.01
2019-05-03,1,0,0,0,0,1,S0|cap=0.3|band=0.01
2019-05-06,1,0,0,0,0,1,S0|cap=0.3|band=0.01
2019-05-07,1,0,0,0,0,1,S0|cap=0.3|band=0.01
2019-05-08,1,0,0,0,0,1,S0|cap=0.3|band=0.01
2019-05-09,1,0,0,0,0,1,S0|cap=0.3|band=0.01
2019-05-10,1,0,0,0,0,1,S0|cap=0.3|band=0.01
2019-05-13,1,0,0,0,0,1,S0|cap=0.3|band=0.01
2019-05-14,1,0,0,0,0,1,S0|cap=0.3|band=0.01
2019-05-15,1,0,0,0,0,1,S0|cap=0.3|band=0.01
2019-05-16,1,0,0,0,0,1,S0|cap=0.3|band=0.01
2019-05-17,1,0,0,0,0,1,S0|cap=0.3|band=0.01
2019-05-20,1,0,0,0,0,1,S0|cap=0.3|band=0.01
2019-05-21,1,0,0,0,0,1,S0|cap=0.3|band=0.01
2019-05-22,1,0,0,0,0,1,S0|cap=0.3|band=0.01
2019-05-23,1,0,0,0,0,1,S0|cap=0.3|band=0.01
2019-05-24,1,0,0,0,0,1,S0|cap=0.3|band=0.01
2019-05-27,1,0,0,0,0,1,S0|cap=0.3|band=0.01
2019-05-28,1,0,0,0,0,1,S0|cap=0.3|band=0.01
2019-05-29,1,0,0,0,0,1,S0|cap=0.3|band=0.01
2019-05-30,1,0,0,0,0,1,S0|cap=0.3|band=0.01
2019-05-31,1,0,0,0,0,1,S0|cap=0.3|band=0.01
2019-06-03,1,0,0,0,0,1,S0|cap=0.3|band=0.01
2019-06-04,1,0,0,0,0,1,S0|cap=0.3|band=0.01
2019-06-06,1,0,0,0,0,1,S0|cap=0.3|band=0.01
2019-06-07,1,0,0,0,0,1,S0|cap=0.3|band=0.01
2019-06-10,1,0,0,0,0,1,S0|cap=0.3|band=0.01
2019-06-11,1,0,0,0,0,1,S0|cap=0.3|band=0.01
2019-06-12,1,0,0,0,0,1,S0|cap=0.3|band=0.01
2019-06-13,1,0,0,0,0,1,S0|cap=0.3|band=0.01
2019-06-14,1,0,0,0,0,1,S0|cap=0.3|band=0.01
2019-06-17,1,0,0,0,0,1,S0|cap=0.3|band=0.01
2019-06-18,1,0,0,0,0,1,S0|cap=0.3|band=0.01
2019-06-19,1,0,0,0,0,1,S0|cap=0.3|band=0.01
2019-06-20,1,0,0,0,0,1,S0|cap=0.3|band=0.01
2019-06-21,1,0,0,0,0,1,S0|cap=0.3|band=0.01
2019-06-24,1,0,0,0,0,1,S0|cap=0.3|band=0.01
2019-06-25,1,0,0,0,0,1,S0|cap=0.3|band=0.01
2019-06-26,1,0,0,0,0,1,S0|cap=0.3|band=0.01
2019-06-27,1,0,0,0,0,1,S0|cap=0.3|band=0.01
2019-06-28,1,0,0,0,0,1,S0|cap=0.3|band=0.01
2019-07-01,1,0,0,0,0,1,S0|cap=0.3|band=0.01
2019-07-02,1,0,0,0,0,1,S0|cap=0.3|band=0.01
2019-07-03,1,0,0,0,0,1,S0|cap=0.3|band=0.01
2019-07-04,1,0,0,0,0,1,S0|cap=0.3|band=0.01
2019-07-05,1,0,0,0,0,1,S0|cap=0.3|band=0.01
2019-07-08,1,0,0,0,0,1,S0|cap=0.3|band=0.01
2019-07-09,1,0,0,0,0,1,S0|cap=0.3|band=0.01
2019-07-10,1,0,0,0,0,1,S0|cap=0.3|band=0.01
2019-07-11,1,0,0,0,0,1,S0|cap=0.3|band=0.01
2019-07-12,1,0,0,0,0,1,S0|cap=0.3|band=0.01
2019-07-15,1,0,0,0,0,1,S0|cap=0.3|band=0.01
2019-07-16,1,0,0,0,0,1,S0|cap=0.3|band=0.01
2019-07-17,1,0,0,0,0,1,S0|cap=0.3|band=0.01
2019-07-18,1,0,0,0,0,1,S0|cap=0.3|band=0.01
2019-07-19,1,0,0,0,0,1,S0|cap=0.3|band=0.01
2019-07-22,1,0,0,0,0,1,S0|cap=0.3|band=0.01
2019-07-23,1,0,0,0,0,1,S0|cap=0.3|band=0.01
2019-07-24,1,0,0,0,0,1,S0|cap=0.3|band=0.01
2019-07-25,1,0,0,0,0,1,S0|cap=0.3|band=0.01
2019-07-26,1,0,0,0,0,1,S0|cap=0.3|band=0.01
2019-07-29,1,0,0,0,0,1,S0|cap=0.3|band=0.01
2019-07-30,1,0,0,0,0,1,S0|cap=0.3|band=0.01
2019-07-31,1,0,0,0,0,1,S0|cap=0.3|band=0.01
2019-08-01,1,0,0,0,0,1,S0|cap=0.3|band=0.01
2019-08-02,1,0,0,0,0,1,S0|cap=0.3|band=0.01
2019-08-05,1,0,0,0,0,1,S0|cap=0.3|band=0.01
2019-08-06,1,0,0,0,0,1,S0|cap=0.3|band=0.01
2019-08-07,1,0,0,0,0,1,S0|cap=0.3|band=0.01
2019-08-08,1,0,0,0,0,1,S0|cap=0.3|band=0.01
2019-08-09,1,0,0,0,0,1,S0|cap=0.3|band=0.01
2019-08-13,1,0,0,0,0,1,S0|cap=0.3|band=0.01
2019-08-14,1,0,0,0,0,1,S0|cap=0.3|band=0.01
2019-08-16,1,0,0,0,0,1,S0|cap=0.3|band=0.01
2019-08-19,1,0,0,0,0,1,S0|cap=0.3|band=0.01
2019-08-20,1,0,0,0,0,1,S0|cap=0.3|band=0.01
2019-08-21,1,0,0,0,0,1,S0|cap=0.3|band=0.01
2019-08-22,1,0,0,0,0,1,S0|cap=0.3|band=0.01
2019-08-23,1,0,0,0,0,1,S0|cap=0.3|band=0.01
2019-08-26,1,0,0,0,0,1,S0|cap=0.3|band=0.01
2019-08-27,1,0,0,0,0,1,S0|cap=0.3|band=0.01
2019-08-28,1,0,0,0,0,1,S0|cap=0.3|band=0.01
2019-08-29,1,0,0,0,0,1,S0|cap=0.3|band=0.01
2019-08-30,1,0,0,0,0,1,S0|cap=0.3|band=0.01
2019-09-03,1,0,0,0,0,1,S0|cap=0.3|band=0.01
2019-09-04,1,0,0,0,0,1,S0|cap=0.3|band=0.01
2019-09-05,1,0,0,0,0,1,S0|cap=0.3|band=0.01
2019-09-06,1,0,0,0,0,1,S0|cap=0.3|band=0.01
2019-09-09,1,0,0,0,0,1,S0|cap=0.3|band=0.01
2019-09-11,1,0,0,0,0,1,S0|cap=0.3|band=0.01
2019-09-12,1,0,0,0,0,1,S0|cap=0.3|band=0.01
2019-09-13,1,0,0,0,0,1,S0|cap=0.3|band=0.01
2019-09-16,1,0,0,0,0,1,S0|cap=0.3|band=0.01
2019-09-17,1,0,0,0,0,1,S0|cap=0.3|band=0.01
2019-09-18,1,0,0,0,0,1,S0|cap=0.3|band=0.01
2019-09-19,1,0,0,0,0,1,S0|cap=0.3|band=0.01
2019-09-20,1,0,0,0,0,1,S0|cap=0.3|band=0.01
2019-09-23,1,0,0,0,0,1,S0|cap=0.3|band=0.01
2019-09-24,1,0,0,0,0,1,S0|cap=0.3|band=0.01
2019-09-25,1,0,0,0,0,1,S0|cap=0.3|band=0.01
2019-09-26,1,0,0,0,0,1,S0|cap=0.3|band=0.01
2019-09-27,1,0,0,0,0,1,S0|cap=0.3|band=0.01
2019-09-30,1,0,0,0,0,1,S0|cap=0.3|band=0.01
2019-10-01,1,0,0,0,0,1,S0|cap=0.3|band=0.01
2019-10-03,1,0,0,0,0,1,S0|cap=0.3|band=0.01
2019-10-04,1,0,0,0,0,1,S0|cap=0.3|band=0.01
2019-10-07,1,0,0,0,0,1,S0|cap=0.3|band=0.01
2019-10-09,1,0,0,0,0,1,S0|cap=0.3|band=0.01
2019-10-10,1,0,0,0,0,1,S0|cap=0.3|band=0.01
2019-10-11,1,0,0,0,0,1,S0|cap=0.3|band=0.01
2019-10-14,1,0,0,0,0,1,S0|cap=0.3|band=0.01
2019-10-15,1,0,0,0,0,1,S0|cap=0.3|band=0.01
2019-10-16,1,0,0,0,0,1,S0|cap=0.3|band=0.01
2019-10-17,1,0,0,0,0,1,S0|cap=0.3|band=0.01
2019-10-18,1,0,0,0,0,1,S0|cap=0.3|band=0.01
2019-10-22,1,0,0,0,0,1,S0|cap=0.3|band=0.01
2019-10-23,1,0,0,0,0,1,S0|cap=0.3|band=0.01
2019-10-24,1,0,0,0,0,1,S0|cap=0.3|band=0.01
2019-10-25,1,0,0,0,0,1,S0|cap=0.3|band=0.01
2019-10-27,1,0,0,0,0,1,S0|cap=0.3|band=0.01
2019-10-29,1,0,0,0,0,1,S0|cap=0.3|band=0.01
2019-10-30,1,0,0,0,0,1,S0|cap=0.3|band=0.01
2019-10-31,1,0,0,0,0,1,S0|cap=0.3|band=0.01
2019-11-01,1,0,0,0,0,1,S0|cap=0.3|band=0.01
2019-11-04,1,0,0,0,0,1,S0|cap=0.3|band=0.01
2019-11-05,1,0,0,0,0,1,S0|cap=0.3|band=0.01
2019-11-06,1,0,0,0,0,1,S0|cap=0.3|band=0.01
2019-11-07,1,0,0,0,0,1,S0|cap=0.3|band=0.01
2019-11-08,1,0,0,0,0,1,S0|cap=0.3|band=0.01
2019-11-11,1,0,0,0,0,1,S0|cap=0.3|band=0.01
2019-11-13,1,0,0,0,0,1,S0|cap=0.3|band=0.01
2019-11-14,1,0,0,0,0,1,S0|cap=0.3|band=0.01
2019-11-15,1,0,0,0,0,1,S0|cap=0.3|band=0.01
2019-11-18,1,0,0,0,0,1,S0|cap=0.3|band=0.01
2019-11-19,1,0,0,0,0,1,S0|cap=0.3|band=0.01
2019-11-20,1,0,0,0,0,1,S0|cap=0.3|band=0.01
2019-11-21,1,0,0,0,0,1,S0|cap=0.3|band=0.01
2019-11-22,1,0,0,0,0,1,S0|cap=0.3|band=0.01
2019-11-25,1,0,0,0,0,1,S0|cap=0.3|band=0.01
2019-11-26,1,0,0,0,0,1,S0|cap=0.3|band=0.01
2019-11-27,1,0,0,0,0,1,S0|cap=0.3|band=0.01
2019-11-28,1,0,0,0,0,1,S0|cap=0.3|band=0.01
2019-11-29,1,0,0,0,0,1,S0|cap=0.3|band=0.01
2019-12-02,1,0,0,0,0,1,S0|cap=0.3|band=0.01
2019-12-03,1,0,0,0,0,1,S0|cap=0.3|band=0.01
2019-12-04,1,0,0,0,0,1,S0|cap=0.3|band=0.01
2019-12-05,1,0,0,0,0,1,S0|cap=0.3|band=0.01
2019-12-06,1,0,0,0,0,1,S0|cap=0.3|band=0.01
2019-12-09,1,0,0,0,0,1,S0|cap=0.3|band=0.01
2019-12-10,1,0,0,0,0,1,S0|cap=0.3|band=0.01
2019-12-11,1,0,0,0,0,1,S0|cap=0.3|band=0.01
2019-12-12,1,0,0,0,0,1,S0|cap=0.3|band=0.01
2019-12-13,1,0,0,0,0,1,S0|cap=0.3|band=0.01
2019-12-16,1,0,0,0,0,1,S0|cap=0.3|band=0.01
2019-12-17,1,0,0,0,0,1,S0|cap=0.3|band=0.01
2019-12-18,1,0,0,0,0,1,S0|cap=0.3|band=0.01
2019-12-19,1,0,0,0,0,1,S0|cap=0.3|band=0.01
2019-12-20,1,0,0,0,0,1,S0|cap=0.3|band=0.01
2019-12-23,1,0,0,0,0,1,S0|cap=0.3|band=0.01
2019-12-24,1,0,0,0,0,1,S0|cap=0.3|band=0.01
2019-12-26,1,0,0,0,0,1,S0|cap=0.3|band=0.01
2019-12-27,1,0,0,0,0,1,S0|cap=0.3|band=0.01
2019-12-30,1,0,0,0,0,1,S0|cap=0.3|band=0.01
2019-12-31,1,0,0,0,0,1,S0|cap=0.3|band=0.01
2020-01-01,1,0,0,0,0,1,S0|cap=0.3|band=0.01
2020-01-02,1,0,0,0,0,1,S0|cap=0.3|band=0.01
2020-01-03,1,0,0,0,0,1,S0|cap=0.3|band=0.01
2020-01-06,1,0,0,0,0,1,S0|cap=0.3|band=0.01
2020-01-07,1,0,0,0,0,1,S0|cap=0.3|band=0.01
2020-01-08,1,0,0,0,0,1,S0|cap=0.3|band=0.01
2020-01-09,1,0,0,0,0,1,S0|cap=0.3|band=0.01
2020-01-10,1,0,0,0,0,1,S0|cap=0.3|band=0.01
2020-01-13,1,0,0,0,0,1,S0|cap=0.3|band=0.01
2020-01-14,1,0,0,0,0,1,S0|cap=0.3|band=0.01
2020-01-15,1,0,0,0,0,1,S0|cap=0.3|band=0.01
2020-01-16,1,0,0,0,0,1,S0|cap=0.3|band=0.01
2020-01-17,1,0,0,0,0,1,S0|cap=0.3|band=0.01
2020-01-20,1,0,0,0,0,1,S0|cap=0.3|band=0.01
2020-01-21,1,0,0,0,0,1,S0|cap=0.3|band=0.01
2020-01-22,1,0,0,0,0,1,S0|cap=0.3|band=0.01
2020-01-23,1,0,0,0,0,1,S0|cap=0.3|band=0.01
2020-01-24,1,0,0,0,0,1,S0|cap=0.3|band=0.01
2020-01-27,1,0,0,0,0,1,S0|cap=0.3|band=0.01
2020-01-28,1,0,0,0,0,1,S0|cap=0.3|band=0.01
2020-01-29,1,0,0,0,0,1,S0|cap=0.3|band=0.01
2020-01-30,1,0,0,0,0,1,S0|cap=0.3|band=0.01
2020-01-31,1,0,0,0,0,1,S0|cap=0.3|band=0.01
2020-02-01,1,0,0,0,0,1,S0|cap=0.3|band=0.01
2020-02-03,1,0,0,0,0,1,S0|cap=0.3|band=0.01
2020-02-04,1,0,0,0,0,1,S0|cap=0.3|band=0.01
2020-02-05,1,0,0,0,0,1,S0|cap=0.3|band=0.01
2020-02-06,1,0,0,0,0,1,S0|cap=0.3|band=0.01
2020-02-07,1,0,0,0,0,1,S0|cap=0.3|band=0.01
2020-02-10,1,0,0,0,0,1,S0|cap=0.3|band=0.01
2020-02-11,1,0,0,0,0,1,S0|cap=0.3|band=0.01
2020-02-12,1,0,0,0,0,1,S0|cap=0.3|band=0.01
2020-02-13,1,0,0,0,0,1,S0|cap=0.3|band=0.01
2020-02-14,1,0,0,0,0,1,S0|cap=0.3|band=0.01
2020-02-17,1,0,0,0,0,1,S0|cap=0.3|band=0.01
2020-02-18,1,0,0,0,0,1,S0|cap=0.3|band=0.01
2020-02-19,1,0,0,0,0,1,S0|cap=0.3|band=0.01
2020-02-20,1,0,0,0,0,1,S0|cap=0.3|band=0.01
2020-02-24,1,0,0,0,0,1,S0|cap=0.3|band=0.01
2020-02-25,1,0,0,0,0,1,S0|cap=0.3|band=0.01
2020-02-26,1,0,0,0,0,1,S0|cap=0.3|band=0.01
2020-02-27,1,0,0,0,0,1,S0|cap=0.3|band=0.01
2020-02-28,1,0,0,0,0,1,S0|cap=0.3|band=0.01
2020-03-02,1,0,0,0,0,1,S0|cap=0.3|band=0.01
2020-03-03,1,0,0,0,0,1,S0|cap=0.3|band=0.01
2020-03-04,1,0,0,0,0,1,S0|cap=0.3|band=0.01
2020-03-05,1,0,0,0,0,1,S0|cap=0.3|band=0.01
2020-03-06,1,0,0,0,0,1,S0|cap=0.3|band=0.01
2020-03-09,1,0,0,0,0,1,S0|cap=0.3|band=0.01
2020-03-11,0.996412327,0,0,0,0.003587672951,0.996412327,S0|cap=0.3|band=0.01
2020-03-12,0.4717720132,0,0,0,0.5282279868,0.4717720132,S0|cap=0.3|band=0.01
2020-03-13,0.4717720132,0,0,0,0.5282279868,0.4717720132,S0|cap=0.3|band=0.01
2020-03-16,0.4717720132,0,0,0,0.5282279868,0.4717720132,S0|cap=0.3|band=0.01
2020-03-17,0.3857906198,0,0,0,0.6142093802,0.3857906198,S0|cap=0.3|band=0.01
2020-03-18,0.2858738371,0,0,0,0.7141261629,0.2858738371,S0|cap=0.3|band=0.01
2020-03-19,0.1002193043,0,0,0,0.8997806957,0.1113547826,S0|cap=0.3|band=0.01
2020-03-20,0.1002193043,0,0,0,0.8997806957,0.1113547826,S0|cap=0.3|band=0.01
2020-03-23,0.06584862592,0,0,0,0.9341513741,0.08779816789,S0|cap=0.3|band=0.01
2020-03-24,0.06584862592,0,0,0,0.9341513741,0.08779816789,S0|cap=0.3|band=0.01
2020-03-25,0.06584862592,0,0,0,0.9341513741,0.08779816789,S0|cap=0.3|band=0.01
2020-03-26,0.06584862592,0,0,0,0.9341513741,0.08779816789,S0|cap=0.3|band=0.01
2020-03-27,0.06584862592,0,0,0,0.9341513741,0.08779816789,S0|cap=0.3|band=0.01
2020-03-30,0.06584862592,0,0,0,0.9341513741,0.08779816789,S0|cap=0.3|band=0.01
2020-03-31,0.06584862592,0,0,0,0.9341513741,0.08779816789,S0|cap=0.3|band=0.01
2020-04-01,0.01755963358,0.01755963358,0.01755963358,0.01755963358,0.9297614657,0.08779816789,"E1|equal-weight,rebalance=year|band=0.01"
2020-04-03,0.01736139639,0.0175919908,0.01674709081,0.01817244513,0.9301270769,0.08779816789,"E1|equal-weight,rebalance=year|band=0.01"
2020-04-07,0.01766368601,0.01777702391,0.01754451827,0.01771745097,0.9292973208,0.08779816789,"E1|equal-weight,rebalance=year|band=0.01"
2020-04-08,0.01764199392,0.01811478185,0.0173692942,0.01767082055,0.9292031095,0.08779816789,"E1|equal-weight,rebalance=year|band=0.01"
2020-04-09,0.0178417742,0.01810861837,0.01759015084,0.01767086999,0.9287885866,0.08779816789,"E1|equal-weight,rebalance=year|band=0.01"
2020-04-13,0.01767378547,0.01788186722,0.01734671604,0.01835034543,0.9287472858,0.08779816789,"E1|equal-weight,rebalance=year|band=0.01"
2020-04-15,0.01757961277,0.01839247393,0.01688135593,0.01841075812,0.9287357992,0.08779816789,"E1|equal-weight,rebalance=year|band=0.01"
2020-04-16,0.01754099121,0.01818733688,0.01712149955,0.01853088465,0.9286192877,0.08779816789,"E1|equal-weight,rebalance=year|band=0.01"
2020-04-17,0.01765158782,0.01814852416,0.01805989181,0.01783557031,0.9283044259,0.08779816789,"E1|equal-weight,rebalance=year|band=0.01"
2020-04-20,0.01780352339,0.01810975493,0.01795937409,0.01763891646,0.9284884311,0.08779816789,"E1|equal-weight,rebalance=year|band=0.01"
2020-04-21,0.01760697429,0.01814008533,0.01744225867,0.01809545515,0.9287152266,0.08779816789,"E1|equal-weight,rebalance=year|band=0.01"
2020-04-22,0.0177741971,0.01811114042,0.01736890557,0.01817223855,0.9285735184,0.08779816789,"E1|equal-weight,rebalance=year|band=0.01"
2020-04-23,0.01785351963,0.01807640603,0.01760328758,0.01802382884,0.9284429579,0.08779816789,"E1|equal-weight,rebalance=year|band=0.01"
2020-04-24,0.01779285247,0.01804765659,0.01723767024,0.01827802117,0.9286437995,0.08779816789,"E1|equal-weight,rebalance=year|band=0.01"
2020-04-27,0.01787499697,0.01807372374,0.0174910356,0.01805912833,0.9285011154,0.08779816789,"E1|equal-weight,rebalance=year|band=0.01"
2020-04-28,0.01789975459,0.01793483957,0.01782648871,0.01796719533,0.9283717218,0.08779816789,"E1|equal-weight,rebalance=year|band=0.01"
2020-04-29,0.01805060541,0.01798603872,0.01806800423,0.0176721687,0.9282231829,0.08779816789,"E1|equal-weight,rebalance=year|band=0.01"
2020-04-30,0.01834405516,0.01802071682,0.01811432015,0.01751424086,0.928006667,0.08779816789,"E1|equal-weight,rebalance=year|band=0.01"
2020-05-04,0.01800412842,0.01789263407,0.01734247175,0.01819385476,0.928566911,0.08779816789,"E1|equal-weight,rebalance=year|band=0.01"
2020-05-05,0.01801978398,0.01808893226,0.01720226462,0.01791102739,0.9287779917,0.08779816789,"E1|equal-weight,rebalance=year|band=0.01"
2020-05-06,0.01810609424,0.01791132234,0.01750083478,0.0177642039,0.9287175448,0.08779816789,"E1|equal-weight,rebalance=year|band=0.01"
2020-05-07,0.01804275377,0.01798681345,0.01742113799,0.01773571179,0.928813583,0.08779816789,"E1|equal-weight,rebalance=year|band=0.01"
2020-05-08,0.01808601294,0.01806920313,0.01719863759,0.01787782592,0.9287683204,0.08779816789,"E1|equal-weight,rebalance=year|band=0.01"
2020-05-11,0.0181638828,0.0182988952,0.01691401829,0.01779141623,0.9288317875,0.08779816789,"E1|equal-weight,rebalance=year|band=0.01"
2020-05-12,0.01814849915,0.01829372144,0.01684103433,0.01785201605,0.928864729,0.08779816789,"E1|equal-weight,rebalance=year|band=0.01"
2020-05-13,0.0182577007,0.01822660596,0.01730546862,0.0175322286,0.9286779961,0.08779816789,"E1|equal-weight,rebalance=year|band=0.01"
2020-05-14,0.01795781091,0.01843910235,0.01694579637,0.01787003393,0.9287872564,0.08779816789,"E1|equal-weight,rebalance=year|band=0.01"
2020-05-15,0.01795209508,0.01835347221,0.01679035003,0.01806085587,0.9288432268,0.08779816789,"E1|equal-weight,rebalance=year|band=0.01"
2020-05-18,0.01774615647,0.01823104975,0.01603329577,0.01877907269,0.9292104253,0.08779816789,"E1|equal-weight,rebalance=year|band=0.01"
2020-05-19,0.01794883117,0.01834202274,0.01598595434,0.01839087933,0.9293323124,0.08779816789,"E1|equal-weight,rebalance=year|band=0.01"
2020-05-20,0.01805849624,0.01843516802,0.01604860981,0.01835964126,0.9290980847,0.08779816789,"E1|equal-weight,rebalance=year|band=0.01"
2020-05-21,0.01814132228,0.01861483963,0.01597982971,0.01816264041,0.929101368,0.08779816789,"E1|equal-weight,rebalance=year|band=0.01"
2020-05-22,0.0181487034,0.01858433648,0.01567593081,0.01837674991,0.9292142794,0.08779816789,"E1|equal-weight,rebalance=year|band=0.01"
2020-05-26,0.0181329374,0.01870291458,0.01583152414,0.01814353208,0.9291890918,0.08779816789,"E1|equal-weight,rebalance=year|band=0.01"
2020-05-27,0.0183371709,0.01834796822,0.01668531398,0.0176641458,0.9289654011,0.08779816789,"E1|equal-weight,rebalance=year|band=0.01"
2020-05-28,0.01840744771,0.01836700374,0.01684116513,0.01765054487,0.9287338386,0.08779816789,"E1|equal-weight,rebalance=year|band=0.01"
2020-05-29,0.01843932555,0.01871270515,0.0168299965,0.01741996734,0.9285980055,0.08779816789,"E1|equal-weight,rebalance=year|band=0.01"
2020-06-01,0.01868947467,0.01858771304,0.01714743888,0.01723426209,0.9283411113,0.08779816789,"E1|equal-weight,rebalance=year|band=0.01"
2020-06-02,0.01875310737,0.01857081944,0.01746362869,0.01704045973,0.9281719848,0.08779816789,"E1|equal-weight,rebalance=year|band=0.01"
2020-06-03,0.01872951176,0.01864321863,0.01772381986,0.01682037555,0.9280830742,0.08779816789,"E1|equal-weight,rebalance=year|band=0.01"
2020-06-04,0.01883119571,0.01869876392,0.01738898207,0.01689703425,0.9281840241,0.08779816789,"E1|equal-weight,rebalance=year|band=0.01"
2020-06-05,0.01879028332,0.01879378987,0.01767418383,0.01679760707,0.9279441359,0.08779816789,"E1|equal-weight,rebalance=year|band=0.01"
2020-06-08,0.01884949826,0.01882472774,0.01782932759,0.01656194446,0.9279345019,0.08779816789,"E1|equal-weight,rebalance=year|band=0.01"
2020-06-09,0.01876249366,0.01887237983,0.01749659561,0.01682195868,0.9280465722,0.08779816789,"E1|equal-weight,rebalance=year|band=0.01"
2020-06-10,0.01874381724,0.01878098583,0.01775504377,0.01678603302,0.9279341201,0.08779816789,"E1|equal-weight,rebalance=year|band=0.01"
2020-06-11,0.01857624814,0.01867103029,0.01742704147,0.0172010394,0.9281246407,0.08779816789,"E1|equal-weight,rebalance=year|band=0.01"
2020-06-12,0.01858365185,0.01873139803,0.01744618758,0.01716828291,0.9280704796,0.08779816789,"E1|equal-weight,rebalance=year|band=0.01"
2020-06-15,0.01859836493,0.01884328964,0.017067006,0.01721863901,0.9282727004,0.08779816789,"E1|equal-weight,rebalance=year|band=0.01"
2020-06-16,0.0185988042,0.01872702846,0.01721989234,0.01728622404,0.928168051,0.08779816789,"E1|equal-weight,rebalance=year|band=0.01"
2020-06-17,0.01857414282,0.01883997024,0.01716424319,0.01722829017,0.9281933536,0.08779816789,"E1|equal-weight,rebalance=year|band=0.01"
2020-06-18,0.01870028425,0.01859298194,0.0176203049,0.01709049184,0.9279959371,0.08779816789,"E1|equal-weight,rebalance=year|band=0.01"
2020-06-19,0.0188374564,0.01863536561,0.01779178913,0.01688738488,0.927848004,0.08779816789,"E1|equal-weight,rebalance=year|band=0.01"
2020-06-22,0.01876877167,0.01873441776,0.01788305749,0.01692770904,0.927686044,0.08779816789,"E1|equal-weight,rebalance=year|band=0.01"
2020-06-23,0.06374403562,0.06395171269,0.06161609318,0.0566515085,0.75403665,0.297875804,"E1|equal-weight,rebalance=year|band=0.01"
2020-06-24,0.0593000129,0.05984037706,0.05583162357,0.05401647608,0.7710115104,0.2779366055,"E1|equal-weight,rebalance=year|band=0.01"
2020-06-25,0.05851067731,0.05937389516,0.05544628834,0.05304313133,0.7736260079,0.2748903766,"E1|equal-weight,rebalance=year|band=0.01"
2020-06-26,0.05901384721,0.05906744352,0.05545242813,0.05294679363,0.7735194875,0.2748903766,"E1|equal-weight,rebalance=year|band=0.01"
2020-06-29,0.05887498565,0.05903472761,0.05518697169,0.05326344624,0.7736398688,0.2748903766,"E1|equal-weight,rebalance=year|band=0.01"
2020-06-30,0.05876522132,0.05893998551,0.05522036917,0.05342138563,0.7736530384,0.2748903766,"E1|equal-weight,rebalance=year|band=0.01"
2020-07-01,0.05895109232,0.05844503019,0.05611546391,0.05334055527,0.7731478583,0.2748903766,"E1|equal-weight,rebalance=year|band=0.01"
2020-07-02,0.05949915012,0.05880579294,0.05617007336,0.05238485335,0.7731401302,0.2748903766,"E1|equal-weight,rebalance=year|band=0.01"
2020-07-03,0.0596832425,0.05902204845,0.05587243415,0.05230586748,0.7731164074,0.2748903766,"E1|equal-weight,rebalance=year|band=0.01"
2020-07-06,0.06017045064,0.05879308286,0.05626356858,0.0520022283,0.7727706696,0.2748903766,"E1|equal-weight,rebalance=year|band=0.01"
2020-07-07,0.05997212817,0.05889964667,0.05681681229,0.05184689335,0.7724645195,0.2748903766,"E1|equal-weight,rebalance=year|band=0.01"
2020-07-08,0.05951880098,0.05843154008,0.05707078513,0.0525372401,0.7724416337,0.2748903766,"E1|equal-weight,rebalance=year|band=0.01"
2020-07-09,0.05979464938,0.05806298672,0.0573703986,0.0526096694,0.7721622959,0.2748903766,"E1|equal-weight,rebalance=year|band=0.01"
2020-07-10,0.05978286093,0.05857472534,0.05644408084,0.05275784193,0.772440491,0.2748903766,"E1|equal-weight,rebalance=year|band=0.01"
2020-07-13,0.0601988243,0.05852592548,0.05571539775,0.05297639306,0.7725834594,0.2748903766,"E1|equal-weight,rebalance=year|band=0.01"
2020-07-14,0.05990412783,0.05890312106,0.05458577261,0.05344447887,0.7731624996,0.2748903766,"E1|equal-weight,rebalance=year|band=0.01"
2020-07-15,0.06005485341,0.05860250526,0.05438627133,0.05368419169,0.7732721783,0.2748903766,"E1|equal-weight,rebalance=year|band=0.01"
2020-07-16,0.06038509601,0.05842279653,0.05479305763,0.05333050231,0.7730685475,0.2748903766,"E1|equal-weight,rebalance=year|band=0.01"
2020-07-17,0.06070077773,0.05891533469,0.05526587257,0.05251454946,0.7726034655,0.2748903766,"E1|equal-weight,rebalance=year|band=0.01"
2020-07-20,0.06089835437,0.05871614173,0.05577082128,0.05235384492,0.7722608377,0.2748903766,"E1|equal-weight,rebalance=year|band=0.01"
2020-07-21,0.06114946562,0.05832332223,0.05651661999,0.05214238976,0.7718682024,0.2748903766,"E1|equal-weight,rebalance=year|band=0.01"
2020-07-22,0.06080149581,0.0581436657,0.0564979781,0.05278018233,0.7717766781,0.2748903766,"E1|equal-weight,rebalance=year|band=0.01"
2020-07-23,0.0608038108,0.05810829305,0.05659365488,0.0530919476,0.7714022937,0.2748903766,"E1|equal-weight,rebalance=year|band=0.01"
2020-07-24,0.06102179842,0.05774675519,0.05579822178,0.05382585774,0.7716073669,0.2748903766,"E1|equal-weight,rebalance=year|band=0.01"
2020-07-27,0.0609511392,0.0572296235,0.05414181555,0.05587650042,0.7718009213,0.2748903766,"E1|equal-weight,rebalance=year|band=0.01"
2020-07-28,0.06144857285,0.05749886496,0.05446611412,0.05504109751,0.7715453506,0.2748903766,"E1|equal-weight,rebalance=year|band=0.01"
2020-07-29,0.06101561221,0.05756000569,0.05429745073,0.05561123599,0.7715156954,0.2748903766,"E1|equal-weight,rebalance=year|band=0.01"
2020-07-30,0.06068244504,0.0581603649,0.0534286713,0.05595316608,0.7717753527,0.2748903766,"E1|equal-weight,rebalance=year|band=0.01"
2020-07-31,0.06038562823,0.05846738686,0.05326252876,0.05635652809,0.7715279281,0.2748903766,"E1|equal-weight,rebalance=year|band=0.01"
2020-08-03,0.05988220331,0.05891170611,0.0523617798,0.05695734925,0.7718869615,0.2748903766,"E1|equal-weight,rebalance=year|band=0.01"
2020-08-04,0.0603976151,0.05870641325,0.05281262027,0.05652078348,0.7715625679,0.2748903766,"E1|equal-weight,rebalance=year|band=0.01"
2020-08-05,0.06009588767,0.05830466718,0.05256461901,0.05771122531,0.7713236008,0.2748903766,"E1|equal-weight,rebalance=year|band=0.01"
2020-08-06,0.06022364542,0.05840987429,0.05251137715,0.05781394791,0.7710411552,0.2748903766,"E1|equal-weight,rebalance=year|band=0.01"
2020-08-07,0.06016410359,0.05849563052,0.05255283875,0.05791511304,0.7708723141,0.2748903766,"E1|equal-weight,rebalance=year|band=0.01"
2020-08-10,0.06032866327,0.05916411821,0.05286630059,0.05686867097,0.770772247,0.2748903766,"E1|equal-weight,rebalance=year|band=0.01"
2020-08-11,0.06064894715,0.05895805224,0.05389948151,0.05565322464,0.7708402945,0.2748903766,"E1|equal-weight,rebalance=year|band=0.01"
2020-08-12,0.06108748428,0.05910260335,0.05440675501,0.05418525131,0.7712179061,0.2748903766,"E1|equal-weight,rebalance=year|band=0.01"
2020-08-13,0.06099005587,0.05956081407,0.05396732399,0.05439363837,0.7710881677,0.2748903766,"E1|equal-weight,rebalance=year|band=0.01"
2020-08-14,0.06078854624,0.05958056542,0.05305068804,0.05516608654,0.7714141138,0.2748903766,"E1|equal-weight,rebalance=year|band=0.01"
2020-08-17,0.06103903812,0.05948754182,0.05319083339,0.05490467505,0.7713779116,0.2748903766,"E1|equal-weight,rebalance=year|band=0.01"
2020-08-18,0.0607426652,0.05942238296,0.05358552762,0.05550674804,0.7707426762,0.2748903766,"E1|equal-weight,rebalance=year|band=0.01"
2020-08-19,0.06088267704,0.05943755117,0.05383020317,0.05505620843,0.7707933602,0.2748903766,"E1|equal-weight,rebalance=year|band=0.01"
2020-08-20,0.06113120356,0.0597955856,0.05363374625,0.0541835046,0.77125596,0.2748903766,"E1|equal-weight,rebalance=year|band=0.01"
2020-08-21,0.06118509975,0.05975504548,0.05405342771,0.05396952094,0.7710369061,0.2748903766,"E1|equal-weight,rebalance=year|band=0.01"
2020-08-24,0.06131249442,0.05939335306,0.05505777456,0.05342902197,0.770807356,0.2748903766,"E1|equal-weight,rebalance=year|band=0.01"
2020-08-25,0.06122836598,0.05962496161,0.05565675283,0.05271754622,0.7707723734,0.2748903766,"E1|equal-weight,rebalance=year|band=0.01"
2020-08-26,0.06138337257,0.05938680789,0.05629693661,0.05234605203,0.7705868309,0.2748903766,"E1|equal-weight,rebalance=year|band=0.01"
2020-08-27,0.06123800042,0.05939501543,0.056497538,0.05244514028,0.7704243059,0.2748903766,"E1|equal-weight,rebalance=year|band=0.01"
2020-08-28,0.06108890381,0.05893400893,0.05817358303,0.05189837859,0.7699051256,0.2748903766,"E1|equal-weight,rebalance=year|band=0.01"
2020-08-31,0.06075355127,0.05783448758,0.05745364318,0.05317859082,0.7707797271,0.2748903766,"E1|equal-weight,rebalance=year|band=0.01"
2020-09-01,0.06108779842,0.05783812023,0.057338002,0.0531211058,0.7706149735,0.2748903766,"E1|equal-weight,rebalance=year|band=0.01"
2020-09-02,0.06120443375,0.05855969826,0.05732627908,0.05242646444,0.7704831245,0.2748903766,"E1|equal-weight,rebalance=year|band=0.01"
2020-09-03,0.06147052794,0.05908992947,0.05674020482,0.05200761431,0.7706917235,0.2748903766,"E1|equal-weight,rebalance=year|band=0.01"
2020-09-04,0.06133277996,0.0584542328,0.05610273591,0.05291213136,0.77119812,0.2748903766,"E1|equal-weight,rebalance=year|band=0.01"
2020-09-07,0.06143674044,0.05836082623,0.05600004025,0.05297177202,0.7712306211,0.2748903766,"E1|equal-weight,rebalance=year|band=0.01"
2020-09-08,0.06149093569,0.05811841471,0.05567053536,0.05328598183,0.7714341324,0.2748903766,"E1|equal-weight,rebalance=year|band=0.01"
2020-09-09,0.06150903791,0.05841531797,0.05475811832,0.05367087407,0.7716466517,0.2748903766,"E1|equal-weight,rebalance=year|band=0.01"
2020-09-10,0.06183752149,0.05845401165,0.05484184704,0.05358128378,0.771285336,0.2748903766,"E1|equal-weight,rebalance=year|band=0.01"
2020-09-11,0.06181116483,0.05879315719,0.05478396733,0.05341599649,0.7711957142,0.2748903766,"E1|equal-weight,rebalance=year|band=0.01"
2020-09-14,0.0620621199,0.05899656037,0.05407897677,0.05346663709,0.7713957059,0.2748903766,"E1|equal-weight,rebalance=year|band=0.01"
2020-09-15,0.06187506021,0.05914143343,0.05441763308,0.05359498336,0.7709708899,0.2748903766,"E1|equal-weight,rebalance=year|band=0.01"
2020-09-16,0.06214628713,0.05916980178,0.05454310866,0.05326617911,0.7708746233,0.2748903766,"E1|equal-weight,rebalance=year|band=0.01"
2020-09-17,0.09535147188,0.0914376327,0.08326961469,0.08165977501,0.6482815057,0.4225096185,"E1|equal-weight,rebalance=year|band=0.01"
2020-09-18,0.09482306863,0.09120282866,0.08174436673,0.08186110823,0.6503686278,0.4200704983,"E1|equal-weight,rebalance=year|band=0.01"
2020-09-21,0.08375118086,0.08018258979,0.07176053346,0.07343253253,0.6908731634,0.3727787503,"E1|equal-weight,rebalance=year|band=0.01"
2020-09-22,0.07755471378,0.07352700441,0.06640490404,0.06744937086,0.7150640069,0.3443842749,"E1|equal-weight,rebalance=year|band=0.01"
2020-09-23,0.07678447198,0.07259028776,0.06586823742,0.06633471294,0.7184222899,0.340420792,"E1|equal-weight,rebalance=year|band=0.01"
2020-09-24,0.06729159432,0.06438090294,0.05743271385,0.05889361958,0.7520011693,0.3009930471,"E1|equal-weight,rebalance=year|band=0.01"
2020-09-25,0.06757849743,0.06488485382,0.05782291546,0.05843426451,0.7512794688,0.3009930471,"E1|equal-weight,rebalance=year|band=0.01"
2020-09-28,0.06783759739,0.06512260594,0.05904140141,0.05732707628,0.750671319,0.3009930471,"E1|equal-weight,rebalance=year|band=0.01"
2020-09-29,0.0677754739,0.0649717994,0.05830159367,0.05835131246,0.7505998206,0.3009930471,"E1|equal-weight,rebalance=year|band=0.01"
2020-09-30,0.06774500549,0.06512999273,0.05827590813,0.05831118045,0.7505379132,0.3009930471,"E1|equal-weight,rebalance=year|band=0.01"
2020-10-01,0.06794424886,0.06479126494,0.05971388333,0.05757032432,0.7499802786,0.3009930471,"E1|equal-weight,rebalance=year|band=0.01"
2020-10-05,0.06817249598,0.06467955781,0.05979566025,0.05750440724,0.7498478787,0.3009930471,"E1|equal-weight,rebalance=year|band=0.01"
2020-10-06,0.06839304704,0.06437481623,0.06041608572,0.05747700179,0.7493390492,0.3009930471,"E1|equal-weight,rebalance=year|band=0.01"
2020-10-07,0.06894693222,0.06420565874,0.06075235928,0.0566921378,0.749402912,0.3009930471,"E1|equal-weight,rebalance=year|band=0.01"
2020-10-08,0.06912243985,0.06423346863,0.06107716674,0.05644015334,0.7491267714,0.3009930471,"E1|equal-weight,rebalance=year|band=0.01"
2020-10-09,0.06905098804,0.06368800894,0.06219669455,0.05641050884,0.7486537996,0.3009930471,"E1|equal-weight,rebalance=year|band=0.01"
2020-10-12,0.06909131271,0.06329998158,0.06194872886,0.05695269321,0.7487072836,0.3009930471,"E1|equal-weight,rebalance=year|band=0.01"
2020-10-13,0.06924757855,0.06338422174,0.06160110399,0.05696537378,0.7488017219,0.3009930471,"E1|equal-weight,rebalance=year|band=0.01"
2020-10-14,0.06927642666,0.06358478494,0.06238139129,0.05608610217,0.7486712949,0.3009930471,"E1|equal-weight,rebalance=year|band=0.01"
2020-10-15,0.06881733882,0.06363490823,0.06109587984,0.05707276202,0.7493791111,0.3009930471,"E1|equal-weight,rebalance=year|band=0.01"
2020-10-16,0.0687409593,0.06354123642,0.06182931694,0.05688475324,0.7490037341,0.3009930471,"E1|equal-weight,rebalance=year|band=0.01"
2020-10-19,0.06869426511,0.06331833199,0.06312265884,0.05635063422,0.7485141098,0.3009930471,"E1|equal-weight,rebalance=year|band=0.01"
2020-10-20,0.06873161877,0.06317779999,0.06323130674,0.05629771985,0.7485615547,0.3009930471,"E1|equal-weight,rebalance=year|band=0.01"
2020-10-21,0.06851596164,0.06293935122,0.06374585216,0.05646952966,0.7483293053,0.3009930471,"E1|equal-weight,rebalance=year|band=0.01"
2020-10-22,0.06845037165,0.06313335397,0.06350596118,0.05652676234,0.7483835509,0.3009930471,"E1|equal-weight,rebalance=year|band=0.01"
2020-10-23,0.06863073282,0.06308620028,0.06358354337,0.05632965016,0.7483698734,0.3009930471,"E1|equal-weight,rebalance=year|band=0.01"
2020-10-26,0.06854974086,0.06279234655,0.06310786976,0.05671723318,0.7488328096,0.3009930471,"E1|equal-weight,rebalance=year|band=0.01"
2020-10-27,0.06835492389,0.06327205319,0.0639980402,0.05607226898,0.7483027137,0.3009930471,"E1|equal-weight,rebalance=year|band=0.01"
2020-10-28,0.06814232486,0.06322495004,0.06328578501,0.05664066016,0.7487062799,0.3009930471,"E1|equal-weight,rebalance=year|band=0.01"
2020-10-29,0.06801809401,0.06340920347,0.06316829216,0.05651433913,0.7488900712,0.3009930471,"E1|equal-weight,rebalance=year|band=0.01"
2020-10-30,0.0680624137,0.06355148147,0.06281831057,0.05658095939,0.7489868349,0.3009930471,"E1|equal-weight,rebalance=year|band=0.01"
2020-11-02,0.0672856535,0.06315050489,0.06465157774,0.05640441243,0.7485078514,0.3009930471,"E1|equal-weight,rebalance=year|band=0.01"
2020-11-03,0.06740360632,0.06278758053,0.06586167155,0.05599288038,0.7479542612,0.3009930471,"E1|equal-weight,rebalance=year|band=0.01"
2020-11-04,0.06761004719,0.06286563625,0.06604657197,0.05576313967,0.7477146049,0.3009930471,"E1|equal-weight,rebalance=year|band=0.01"
2020-11-05,0.06797583814,0.06316789587,0.06641058135,0.05525574955,0.7471899351,0.3009930471,"E1|equal-weight,rebalance=year|band=0.01"
2020-11-06,0.0680645004,0.06275018094,0.06694113676,0.05553681596,0.7467073659,0.3009930471,"E1|equal-weight,rebalance=year|band=0.01"
2020-11-09,0.06816975083,0.06273530219,0.06806683752,0.05499828444,0.746029825,0.3009930471,"E1|equal-weight,rebalance=year|band=0.01"
2020-11-10,0.06896028626,0.06209661162,0.07046558105,0.05260159094,0.7458759301,0.3009930471,"E1|equal-weight,rebalance=year|band=0.01"
2020-11-11,0.06902383028,0.06237680012,0.07057807846,0.05248102366,0.7455402675,0.3009930471,"E1|equal-weight,rebalance=year|band=0.01"
2020-11-12,0.06901927105,0.06304835531,0.06942273583,0.05277023981,0.745739398,0.3009930471,"E1|equal-weight,rebalance=year|band=0.01"
2020-11-13,0.06898846802,0.06331191132,0.06952383494,0.0526357814,0.7455400043,0.3009930471,"E1|equal-weight,rebalance=year|band=0.01"
2020-11-14,0.06889935172,0.06376675495,0.06929243774,0.0527693942,0.7452720614,0.3009930471,"E1|equal-weight,rebalance=year|band=0.01"
2020-11-17,0.06896559066,0.0634255598,0.07040610305,0.05220494037,0.7449978061,0.3009930471,"E1|equal-weight,rebalance=year|band=0.01"
2020-11-18,0.0688664226,0.06328989817,0.07152410244,0.05155201461,0.7447675622,0.3009930471,"E1|equal-weight,rebalance=year|band=0.01"
2020-11-19,0.06882357672,0.06397108378,0.0701756913,0.05173076153,0.7452988867,0.3009930471,"E1|equal-weight,rebalance=year|band=0.01"
2020-11-20,0.06877773316,0.06414876503,0.07066604094,0.05138983426,0.7450176266,0.3009930471,"E1|equal-weight,rebalance=year|band=0.01"
2020-11-23,0.06904905094,0.06465479761,0.06995236078,0.05138991173,0.7449538789,0.3009930471,"E1|equal-weight,rebalance=year|band=0.01"
2020-11-24,0.06959373031,0.06448697783,0.07122810967,0.04990994704,0.7447812352,0.3009930471,"E1|equal-weight,rebalance=year|band=0.01"
2020-11-25,0.069207559,0.06466282112,0.0707036642,0.0502342002,0.7451917555,0.3009930471,"E1|equal-weight,rebalance=year|band=0.01"
2020-11-26,0.0691993117,0.06461550977,0.07105453851,0.05022347548,0.7449071645,0.3009930471,"E1|equal-weight,rebalance=year|band=0.01"
2020-11-27,0.06922004009,0.06483927101,0.07099196564,0.05007081446,0.7448779088,0.3009930471,"E1|equal-weight,rebalance=year|band=0.01"
2020-12-01,0.06956290037,0.0654263178,0.07118744256,0.04917178055,0.7446515587,0.3009930471,"E1|equal-weight,rebalance=year|band=0.01"
2020-12-02,0.06951297857,0.06582353748,0.07039741934,0.04970347026,0.7445625944,0.3009930471,"E1|equal-weight,rebalance=year|band=0.01"
2020-12-03,0.06945209014,0.0660533138,0.07013940662,0.04988118207,0.7444740074,0.3009930471,"E1|equal-weight,rebalance=year|band=0.01"
2020-12-04,0.06951327589,0.0658548109,0.0709767644,0.04950721651,0.7441479323,0.3009930471,"E1|equal-weight,rebalance=year|band=0.01"
2020-12-07,0.06976803661,0.06623342087,0.07100967841,0.0489887651,0.744000099,0.3009930471,"E1|equal-weight,rebalance=year|band=0.01"
2020-12-08,0.0698050556,0.0660281168,0.070838585,0.04948138098,0.7438468616,0.3009930471,"E1|equal-weight,rebalance=year|band=0.01"
2020-12-09,0.07012464111,0.06576132457,0.071549786,0.04899284898,0.7435713994,0.3009930471,"E1|equal-weight,rebalance=year|band=0.01"
2020-12-10,0.070127787,0.06605199439,0.07146680998,0.0485921996,0.743761209,0.3009930471,"E1|equal-weight,rebalance=year|band=0.01"
2020-12-11,0.07003698582,0.06612880288,0.07160102537,0.04856041242,0.7436727735,0.3009930471,"E1|equal-weight,rebalance=year|band=0.01"
2020-12-14,0.07001405626,0.06652517461,0.07166923999,0.04824330047,0.7435482287,0.3009930471,"E1|equal-weight,rebalance=year|band=0.01"
2020-12-15,0.07022096066,0.06604827737,0.07155361147,0.04858383314,0.7435933174,0.3009930471,"E1|equal-weight,rebalance=year|band=0.01"
2020-12-16,0.07042121473,0.06603627988,0.07129604789,0.04889357358,0.7433528839,0.3009930471,"E1|equal-weight,rebalance=year|band=0.01"
2020-12-17,0.0705973202,0.06567033638,0.07133898862,0.04915103018,0.7432423246,0.3009930471,"E1|equal-weight,rebalance=year|band=0.01"
2020-12-18,0.07070484343,0.06587835728,0.07106469097,0.04915935457,0.7431927537,0.3009930471,"E1|equal-weight,rebalance=year|band=0.01"
2020-12-21,0.158696104,0.1481771242,0.1576058314,0.1149098185,0.4206111219,0.6816927958,"E1|equal-weight,rebalance=year|band=0.01"
2020-12-22,0.1595703428,0.1490540005,0.157846488,0.1132898505,0.4202393182,0.6816927958,"E1|equal-weight,rebalance=year|band=0.01"
2020-12-23,0.1598590365,0.1505426161,0.1579101539,0.1121692512,0.4195189424,0.6816927958,"E1|equal-weight,rebalance=year|band=0.01"
2020-12-24,0.1602501117,0.1496834549,0.1595167483,0.111752586,0.4187970992,0.6816927958,"E1|equal-weight,rebalance=year|band=0.01"
2020-12-28,0.1602705913,0.1499417396,0.1606743114,0.1111180082,0.4179953495,0.6816927958,"E1|equal-weight,rebalance=year|band=0.01"
2020-12-29,0.1607020414,0.1493360733,0.1621042113,0.1102466327,0.4176110413,0.6816927958,"E1|equal-weight,rebalance=year|band=0.01"
2020-12-30,0.161070851,0.1496888842,0.1618443634,0.1098773862,0.4175185152,0.6816927958,"E1|equal-weight,rebalance=year|band=0.01"
2020-12-31,0.160770938,0.1499499438,0.1615536418,0.1102483313,0.417477145,0.6816927958,"E1|equal-weight,rebalance=year|band=0.01"
2021-01-01,0.1609318965,0.1504424167,0.1612313282,0.1101406314,0.4172537272,0.6816927958,"E1|equal-weight,rebalance=year|band=0.01"
2021-01-04,0.1609249867,0.1512308461,0.1602446375,0.111074212,0.4165253176,0.6816927958,"E1|equal-weight,rebalance=year|band=0.01"
2021-01-05,0.1601015868,0.1519284471,0.1611336168,0.1111875778,0.4156487716,0.6816927958,"E1|equal-weight,rebalance=year|band=0.01"
2021-01-06,0.1596210329,0.1523763547,0.1612089942,0.1113810966,0.4154125216,0.6816927958,"E1|equal-weight,rebalance=year|band=0.01"
2021-01-07,0.1597257234,0.1531180337,0.1620476851,0.109617658,0.4154908998,0.6816927958,"E1|equal-weight,rebalance=year|band=0.01"
2021-01-08,0.1610712928,0.153800312,0.1619895523,0.1078985515,0.4152402914,0.6816927958,"E1|equal-weight,rebalance=year|band=0.01"
2021-01-11,0.1626529569,0.154391325,0.1617743971,0.1059299934,0.4152513276,0.6816927958,"E1|equal-weight,rebalance=year|band=0.01"
2021-01-12,0.162701617,0.1540164852,0.1627702175,0.1058099225,0.4147017578,0.6816927958,"E1|equal-weight,rebalance=year|band=0.01"
2021-01-13,0.1630328887,0.1526823573,0.164104628,0.1054428597,0.4147372663,0.6816927958,"E1|equal-weight,rebalance=year|band=0.01"
2021-01-14,0.163350873,0.1532172473,0.1639651991,0.1046333354,0.4148333452,0.6816927958,"E1|equal-weight,rebalance=year|band=0.01"
2021-01-15,0.1625783973,0.1524916609,0.1634552454,0.1060669393,0.4154077572,0.6816927958,"E1|equal-weight,rebalance=year|band=0.01"
2021-01-18,0.1629907901,0.1507996598,0.1633501662,0.1061931599,0.4166662241,0.6816927958,"E1|equal-weight,rebalance=year|band=0.01"
2021-01-19,0.1636076023,0.1518202556,0.1641330419,0.1052280963,0.4152110039,0.6816927958,"E1|equal-weight,rebalance=year|band=0.01"
2021-01-20,0.1643910477,0.1515606529,0.163826829,0.1053451952,0.4148762751,0.6816927958,"E1|equal-weight,rebalance=year|band=0.01"
2021-01-21,0.1643723477,0.1512279226,0.162682103,0.1063922321,0.4153253947,0.6816927958,"E1|equal-weight,rebalance=year|band=0.01"
2021-01-22,0.1640924627,0.1522124048,0.1599810642,0.1072187478,0.4164953206,0.6816927958,"E1|equal-weight,rebalance=year|band=0.01"
2021-01-25,0.1635112216,0.151191955,0.1609663944,0.107228593,0.417101836,0.6816927958,"E1|equal-weight,rebalance=year|band=0.01"
2021-01-27,0.1627078274,0.151940656,0.1585116081,0.1082439543,0.4185959542,0.6816927958,"E1|equal-weight,rebalance=year|band=0.01"
2021-01-28,0.1617270747,0.1518576954,0.1587874327,0.1086236819,0.4190041152,0.6816927958,"E1|equal-weight,rebalance=year|band=0.01"
2021-01-29,0.1604854022,0.14936916,0.1611443447,0.1094664484,0.4195346448,0.6816927958,"E1|equal-weight,rebalance=year|band=0.01"
2021-02-01,0.1618516335,0.1482283337,0.1688114502,0.1049827192,0.4161258634,0.6816927958,"E1|equal-weight,rebalance=year|band=0.01"
2021-02-02,0.1629172677,0.1488272817,0.1715057399,0.102226187,0.4145235237,0.6816927958,"E1|equal-weight,rebalance=year|band=0.01"
2021-02-03,0.1636264853,0.1484795885,0.1728040146,0.1010975539,0.4139923577,0.6816927958,"E1|equal-weight,rebalance=year|band=0.01"
2021-02-04,0.163529898,0.1492435894,0.1743873298,0.09951526056,0.4133239222,0.6816927958,"E1|equal-weight,rebalance=year|band=0.01"
2021-02-05,0.1636428213,0.1484116343,0.1758823514,0.09887777104,0.413185422,0.6816927958,"E1|equal-weight,rebalance=year|band=0.01"
2021-02-08,0.1643017895,0.1487529881,0.1761107737,0.09841286214,0.4124215865,0.6816927958,"E1|equal-weight,rebalance=year|band=0.01"
2021-02-09,0.1641019614,0.1481340826,0.1760382271,0.09952680291,0.412198926,0.6816927958,"E1|equal-weight,rebalance=year|band=0.01"
2021-02-10,0.1644362853,0.1486405668,0.1752843743,0.09937333668,0.4122654368,0.6816927958,"E1|equal-weight,rebalance=year|band=0.01"
2021-02-11,0.1646452267,0.1496068206,0.1745709415,0.09913122503,0.4120457862,0.6816927958,"E1|equal-weight,rebalance=year|band=0.01"
2021-02-12,0.1644098987,0.1499378841,0.1761987275,0.09759584624,0.4118576435,0.6816927958,"E1|equal-weight,rebalance=year|band=0.01"
2021-02-15,0.163923912,0.1492666107,0.1799641482,0.09623927355,0.4106060556,0.6816927958,"E1|equal-weight,rebalance=year|band=0.01"
2021-02-16,0.1637955605,0.149951496,0.1787208591,0.09676767804,0.4107644064,0.6816927958,"E1|equal-weight,rebalance=year|band=0.01"
2021-02-17,0.1636744707,0.1510616662,0.1787039948,0.09530884885,0.4112510194,0.6816927958,"E1|equal-weight,rebalance=year|band=0.01"
2021-02-18,0.1633019454,0.1523340187,0.1775260515,0.095385248,0.4114527364,0.6816927958,"E1|equal-weight,rebalance=year|band=0.01"
2021-02-19,0.1637841366,0.151906073,0.1760576262,0.09566087957,0.4125912846,0.6816927958,"E1|equal-weight,rebalance=year|band=0.01"
2021-02-22,0.1622624287,0.1516734235,0.1748805166,0.09752166381,0.4136619674,0.6816927958,"E1|equal-weight,rebalance=year|band=0.01"
2021-02-23,0.162459064,0.1518075512,0.1742330425,0.0979639159,0.4135364265,0.6816927958,"E1|equal-weight,rebalance=year|band=0.01"
2021-02-24,0.1626444962,0.1508046226,0.1780288217,0.09638934317,0.4121327163,0.6816927958,"E1|equal-weight,rebalance=year|band=0.01"
2021-02-25,0.1634869066,0.1521127122,0.1775994987,0.09517469743,0.411626185,0.6816927958,"E1|equal-weight,rebalance=year|band=0.01"
2021-02-26,0.1618307386,0.15271236,0.1739218831,0.09746789475,0.4140671236,0.6816927958,"E1|equal-weight,rebalance=year|band=0.01"
2021-03-01,0.1629422936,0.152284173,0.1748779976,0.09628339714,0.4136121387,0.6816927958,"E1|equal-weight,rebalance=year|band=0.01"
2021-03-02,0.163692277,0.1542685221,0.1741908393,0.09472629566,0.4131220659,0.6816927958,"E1|equal-weight,rebalance=year|band=0.01"
2021-03-03,0.1646768035,0.154034171,0.1767324145,0.09285359754,0.4117030134,0.6816927958,"E1|equal-weight,rebalance=year|band=0.01"
2021-03-04,0.1640155827,0.1557832317,0.1752880461,0.09255100747,0.412362132,0.6816927958,"E1|equal-weight,rebalance=year|band=0.01"
2021-03-05,0.1642248539,0.1552001503,0.1742413594,0.09293806037,0.413395576,0.6816927958,"E1|equal-weight,rebalance=year|band=0.01"
2021-03-08,0.1645757667,0.1547675078,0.174272766,0.09298758801,0.4133963715,0.6816927958,"E1|equal-weight,rebalance=year|band=0.01"
2021-03-09,0.1652036963,0.152899381,0.1761012824,0.09287431234,0.4129213279,0.6816927958,"E1|equal-weight,rebalance=year|band=0.01"
2021-03-10,0.1653664847,0.153132176,0.1760704175,0.09280853001,0.4126223918,0.6816927958,"E1|equal-weight,rebalance=year|band=0.01"
2021-03-12,0.1652510574,0.1533688956,0.1750528696,0.09285792377,0.4134692536,0.6816927958,"E1|equal-weight,rebalance=year|band=0.01"
2021-03-15,0.1649601532,0.1527499296,0.174446914,0.0941188405,0.4137241626,0.6816927958,"E1|equal-weight,rebalance=year|band=0.01"
2021-03-16,0.165348272,0.1531834203,0.1730411642,0.09436811674,0.4140590268,0.6816927958,"E1|equal-weight,rebalance=year|band=0.01"
2021-03-17,0.1649273783,0.1524479694,0.1721085208,0.09553513731,0.4149809942,0.6816927958,"E1|equal-weight,rebalance=year|band=0.01"
2021-03-18,0.2339938559,0.2167180127,0.2433260302,0.137175375,0.1687867263,0.969932635,"E1|equal-weight,rebalance=year|band=0.01"
2021-03-19,0.2351180256,0.2167145318,0.2437272649,0.1365152908,0.1679248869,0.969932635,"E1|equal-weight,rebalance=year|band=0.01"
2021-03-22,0.2350811877,0.2196405326,0.2412203161,0.1356357053,0.1684222584,0.969932635,"E1|equal-weight,rebalance=year|band=0.01"
2021-03-23,0.2346353295,0.2201852213,0.243140893,0.1347487802,0.167289776,0.969932635,"E1|equal-weight,rebalance=year|band=0.01"
2021-03-24,0.2334821787,0.2194944791,0.2396104538,0.13588815,0.1715247385,0.9670161402,"E1|equal-weight,rebalance=year|band=0.01"
2021-03-25,0.2163189462,0.20192938,0.223702961,0.1277566299,0.230292083,0.8999387711,"E1|equal-weight,rebalance=year|band=0.01"
2021-03-26,0.2168380389,0.2029424716,0.2241115126,0.126622891,0.229485086,0.8999387711,"E1|equal-weight,rebalance=year|band=0.01"
2021-03-30,0.2196087008,0.2025434045,0.2249986629,0.1243143254,0.2285349064,0.8999387711,"E1|equal-weight,rebalance=year|band=0.01"
2021-03-31,0.218916585,0.2047873639,0.2228933945,0.1242325723,0.2291700843,0.8999387711,"E1|equal-weight,rebalance=year|band=0.01"
2021-04-01,0.1799877542,0.1799877542,0.1799877542,0.1799877542,0.2800489831,0.8999387711,"E1|equal-weight,rebalance=year|band=0.01"
2021-04-05,0.1797970947,0.1803124923,0.175109924,0.1828596127,0.2819208763,0.8999387711,"E1|equal-weight,rebalance=year|band=0.01"
2021-04-06,0.1800900495,0.1810335632,0.173735658,0.1834002339,0.2817404954,0.8999387711,"E1|equal-weight,rebalance=year|band=0.01"
2021-04-07,0.1799222301,0.1811239077,0.1745746314,0.1844303817,0.279948849,0.8999387711,"E1|equal-weight,rebalance=year|band=0.01"
2021-04-08,0.1797092071,0.1822029835,0.1734615239,0.1849345538,0.2796917317,0.8999387711,"E1|equal-weight,rebalance=year|band=0.01"
2021-04-09,0.1796867874,0.1829219269,0.17180807,0.1857971473,0.2797860684,0.8999387711,"E1|equal-weight,rebalance=year|band=0.01"
2021-04-12,0.17408648,0.1747211794,0.1625895831,0.1856806811,0.3029220765,0.8765556008,"E1|equal-weight,rebalance=year|band=0.01"
2021-04-13,0.174061793,0.1744717367,0.1661587214,0.1840498517,0.3012578972,0.8765556008,"E1|equal-weight,rebalance=year|band=0.01"
2021-04-15,0.1736716654,0.1742386955,0.1675908607,0.184080264,0.3004185144,0.8765556008,"E1|equal-weight,rebalance=year|band=0.01"
2021-04-16,0.1736725565,0.1761117787,0.1663340885,0.1840002719,0.2998813044,0.8765556008,"E1|equal-weight,rebalance=year|band=0.01"
2021-04-19,0.1723868329,0.174506066,0.1632583449,0.1885783085,0.3012704477,0.8765556008,"E1|equal-weight,rebalance=year|band=0.01"
2021-04-20,0.1720355928,0.1756139672,0.1632805542,0.1872175145,0.3018523713,0.8765556008,"E1|equal-weight,rebalance=year|band=0.01"
2021-04-22,0.171933659,0.1746191824,0.1651613214,0.1876369407,0.3006488964,0.8765556008,"E1|equal-weight,rebalance=year|band=0.01"
2021-04-23,0.1715260351,0.1750984261,0.1647892112,0.1878719033,0.3007144244,0.8765556008,"E1|equal-weight,rebalance=year|band=0.01"
2021-04-26,0.1722629857,0.1748419047,0.16709211,0.1857794677,0.3000235319,0.8765556008,"E1|equal-weight,rebalance=year|band=0.01"
2021-04-27,0.1731219683,0.175350361,0.1684305413,0.1840575526,0.2990395767,0.8765556008,"E1|equal-weight,rebalance=year|band=0.01"
2021-04-28,0.1741889535,0.1747798748,0.1723752933,0.1808217139,0.2978341646,0.8765556008,"E1|equal-weight,rebalance=year|band=0.01"
2021-04-29,0.1743822654,0.1746005068,0.1720440704,0.1811507241,0.2978224333,0.8765556008,"E1|equal-weight,rebalance=year|band=0.01"
2021-04-30,0.1735817939,0.1761575787,0.1687566965,0.1821477205,0.2993562104,0.8765556008,"E1|equal-weight,rebalance=year|band=0.01"
2021-05-03,0.173473218,0.1771056077,0.1675792544,0.1825171319,0.2993247879,0.8765556008,"E1|equal-weight,rebalance=year|band=0.01"
2021-05-04,0.1724985016,0.177145924,0.1669890993,0.1834184815,0.2999479936,0.8765556008,"E1|equal-weight,rebalance=year|band=0.01"
2021-05-05,0.1728438584,0.1782241669,0.1687141052,0.1813247014,0.2988931681,0.8765556008,"E1|equal-weight,rebalance=year|band=0.01"
2021-05-06,0.1729676992,0.17898984,0.1679199986,0.1819061311,0.2982163311,0.8765556008,"E1|equal-weight,rebalance=year|band=0.01"
2021-05-07,0.1732843771,0.1786852992,0.1676086211,0.1829644759,0.2974572267,0.8765556008,"E1|equal-weight,rebalance=year|band=0.01"
2021-05-10,0.1734478622,0.179616113,0.1677594134,0.1827766434,0.296399968,0.8765556008,"E1|equal-weight,rebalance=year|band=0.01"
2021-05-11,0.1731006768,0.1803548743,0.1666548944,0.1830063114,0.2968832431,0.8765556008,"E1|equal-weight,rebalance=year|band=0.01"
2021-05-12,0.1722634848,0.1815502769,0.165239623,0.183520537,0.2974260783,0.8765556008,"E1|equal-weight,rebalance=year|band=0.01"
2021-05-14,0.1727175128,0.1797936858,0.164622203,0.1847064885,0.29816011,0.8765556008,"E1|equal-weight,rebalance=year|band=0.01"
2021-05-17,0.1727029895,0.1788128233,0.1687262522,0.1838115293,0.2959464056,0.8765556008,"E1|equal-weight,rebalance=year|band=0.01"
2021-05-18,0.1730663939,0.1795173588,0.1698540093,0.1832183808,0.2943438572,0.8765556008,"E1|equal-weight,rebalance=year|band=0.01"
2021-05-19,0.1724515806,0.1816960623,0.16865131,0.1827094377,0.2944916094,0.8765556008,"E1|equal-weight,rebalance=year|band=0.01"
2021-05-20,0.1718042444,0.1817960115,0.1674069717,0.1840279541,0.2949648184,0.8765556008,"E1|equal-weight,rebalance=year|band=0.01"
2021-05-21,0.1726335123,0.1800130628,0.1718779498,0.1822828718,0.2931926033,0.8765556008,"E1|equal-weight,rebalance=year|band=0.01"
2021-05-24,0.1721246125,0.1812355545,0.1727416648,0.1815053169,0.2923928513,0.8765556008,"E1|equal-weight,rebalance=year|band=0.01"
2021-05-25,0.1726195081,0.1809806418,0.1720410358,0.1815703251,0.2927884892,0.8765556008,"E1|equal-weight,rebalance=year|band=0.01"
2021-05-26,0.1729514162,0.180222931,0.1715435457,0.1831175603,0.2921645468,0.8765556008,"E1|equal-weight,rebalance=year|band=0.01"
2021-05-27,0.173175435,0.1806720091,0.1728842996,0.1815467025,0.2917215537,0.8765556008,"E1|equal-weight,rebalance=year|band=0.01"
2021-05-28,0.1739667525,0.1805722578,0.173221867,0.1806542038,0.2915849188,0.8765556008,"E1|equal-weight,rebalance=year|band=0.01"
2021-05-31,0.1747146226,0.1802989759,0.1733470262,0.1810785696,0.2905608057,0.8765556008,"E1|equal-weight,rebalance=year|band=0.01"
2021-06-01,0.1745906093,0.180357491,0.1728145595,0.1818715773,0.2903657629,0.8765556008,"E1|equal-weight,rebalance=year|band=0.01"
2021-06-02,0.1745042967,0.1829877731,0.1723833507,0.1802353453,0.2898892341,0.8765556008,"E1|equal-weight,rebalance=year|band=0.01"
2021-06-03,0.1746536384,0.1842434103,0.1727332184,0.1791927306,0.2891770024,0.8765556008,"E1|equal-weight,rebalance=year|band=0.01"
2021-06-04,0.175136563,0.1854534919,0.1716778114,0.1780608666,0.2896712672,0.8765556008,"E1|equal-weight,rebalance=year|band=0.01"
2021-06-07,0.175205754,0.1852985426,0.1718892456,0.1782989037,0.2893075541,0.8765556008,"E1|equal-weight,rebalance=year|band=0.01"
2021-06-08,0.1752094959,0.1864138862,0.1700752683,0.1789146054,0.2893867441,0.8765556008,"E1|equal-weight,rebalance=year|band=0.01"
2021-06-09,0.1749575285,0.1853122988,0.1695139747,0.18008338,0.290132818,0.8765556008,"E1|equal-weight,rebalance=year|band=0.01"
2021-06-10,0.1751624754,0.1866714471,0.1702407585,0.1785817555,0.2893435635,0.8765556008,"E1|equal-weight,rebalance=year|band=0.01"
2021-06-11,0.1756574208,0.1862557824,0.1694844634,0.1794932393,0.289109094,0.8765556008,"E1|equal-weight,rebalance=year|band=0.01"
2021-06-14,0.1764993112,0.1865304446,0.1696739677,0.1775739136,0.289722363,0.8765556008,"E1|equal-weight,rebalance=year|band=0.01"
2021-06-15,0.1766974448,0.1864467479,0.1705111928,0.1771162069,0.2892284076,0.8765556008,"E1|equal-weight,rebalance=year|band=0.01"
2021-06-16,0.1767125512,0.1855607361,0.1700052935,0.1779058554,0.2898155637,0.8765556008,"E1|equal-weight,rebalance=year|band=0.01"
2021-06-17,0.1774208197,0.1851787699,0.1696039231,0.1764142049,0.2913822824,0.8765556008,"E1|equal-weight,rebalance=year|band=0.01"
2021-06-18,0.1778210047,0.1849770065,0.1700339283,0.1752690901,0.2918989704,0.8765556008,"E1|equal-weight,rebalance=year|band=0.01"
2021-06-21,0.1776541328,0.1853403654,0.170961717,0.1746476868,0.2913960981,0.8765556008,"E1|equal-weight,rebalance=year|band=0.01"
2021-06-22,0.177697966,0.1867983936,0.1701294113,0.174255032,0.2911191971,0.8765556008,"E1|equal-weight,rebalance=year|band=0.01"
2021-06-23,0.1775485238,0.1854375071,0.1701350451,0.1751610337,0.2917178903,0.8765556008,"E1|equal-weight,rebalance=year|band=0.01"
2021-06-24,0.1783341771,0.1845674643,0.1711408154,0.1744726687,0.2914848746,0.8765556008,"E1|equal-weight,rebalance=year|band=0.01"
2021-06-25,0.1782132525,0.1847560753,0.1725231227,0.1738299005,0.290677649,0.8765556008,"E1|equal-weight,rebalance=year|band=0.01"
2021-06-28,0.1778369329,0.1849400507,0.1728379294,0.1734720769,0.29091301,0.8765556008,"E1|equal-weight,rebalance=year|band=0.01"
2021-06-29,0.1776082977,0.1858428531,0.1719224243,0.1733979356,0.2912284892,0.8765556008,"E1|equal-weight,rebalance=year|band=0.01"
2021-06-30,0.1780193362,0.1857107189,0.1713306461,0.1731075996,0.2918316992,0.8765556008,"E1|equal-weight,rebalance=year|band=0.01"
2021-07-01,0.1775831589,0.1853894598,0.1708155654,0.174562259,0.2916495568,0.8765556008,"E1|equal-weight,rebalance=year|band=0.01"
2021-07-02,0.1776042831,0.1851259397,0.1708361822,0.1751716774,0.2912619176,0.8765556008,"E1|equal-weight,rebalance=year|band=0.01"
2021-07-05,0.1777515342,0.1850496043,0.1718200352,0.1747148587,0.2906639675,0.8765556008,"E1|equal-weight,rebalance=year|band=0.01"
2021-07-06,0.1770069775,0.1846178108,0.1727663561,0.175673103,0.2899357526,0.8765556008,"E1|equal-weight,rebalance=year|band=0.01"
2021-07-07,0.1768988442,0.1845814268,0.1732206341,0.1757304335,0.2895686614,0.8765556008,"E1|equal-weight,rebalance=year|band=0.01"
2021-07-08,0.2013129191,0.2111945665,0.1960706366,0.2012479341,0.1901739437,1,"E1|equal-weight,rebalance=year|band=0.01"
2021-07-09,0.2011183953,0.21226478,0.195404898,0.20075663,0.1904552967,1,"E1|equal-weight,rebalance=year|band=0.01"
2021-07-12,0.2010367791,0.212434733,0.1957360646,0.2003246071,0.1904678162,1,"E1|equal-weight,rebalance=year|band=0.01"
2021-07-13,0.2017612943,0.2110742473,0.1974510314,0.199807769,0.189905658,1,"E1|equal-weight,rebalance=year|band=0.01"
2021-07-14,0.2020342446,0.2107856297,0.1973243576,0.2001505793,0.1897051888,1,"E1|equal-weight,rebalance=year|band=0.01"
2021-07-15,0.2018961623,0.210521813,0.1978965101,0.2008463821,0.1888391325,1,"E1|equal-weight,rebalance=year|band=0.01"
2021-07-16,0.2021354944,0.2113128686,0.197306816,0.2003097356,0.1889350854,1,"E1|equal-weight,rebalance=year|band=0.01"
2021-07-19,0.2016749145,0.2119693103,0.1953032842,0.2006749567,0.1903775343,1,"E1|equal-weight,rebalance=year|band=0.01"
2021-07-20,0.2014631347,0.2118701993,0.1928170929,0.2022668272,0.1915827459,1,"E1|equal-weight,rebalance=year|band=0.01"
2021-07-22,0.2028443998,0.2133505233,0.1933376181,0.1995931405,0.1908743183,1,"E1|equal-weight,rebalance=year|band=0.01"
2021-07-23,0.2026296192,0.213002493,0.1944849655,0.1994256326,0.1904572897,1,"E1|equal-weight,rebalance=year|band=0.01"
2021-07-26,0.2021693227,0.2139864825,0.1939377886,0.1995042377,0.1904021685,1,"E1|equal-weight,rebalance=year|band=0.01"
2021-07-27,0.2020636487,0.2133654314,0.1937139107,0.1998633758,0.1909936334,1,"E1|equal-weight,rebalance=year|band=0.01"
2021-07-28,0.2017679047,0.2142260197,0.1928221448,0.200068271,0.1911156598,1,"E1|equal-weight,rebalance=year|band=0.01"
2021-07-29,0.2019734746,0.2134874831,0.1928504358,0.2010485974,0.1906400091,1,"E1|equal-weight,rebalance=year|band=0.01"
2021-07-30,0.2013123053,0.2145050551,0.1920064697,0.2018531429,0.190323027,1,"E1|equal-weight,rebalance=year|band=0.01"
2021-08-02,0.2024913598,0.2156723625,0.1922072464,0.1996054922,0.1900235391,1,"E1|equal-weight,rebalance=year|band=0.01"
2021-08-03,0.2039743607,0.2152911573,0.1936166211,0.1981942828,0.1889235781,1,"E1|equal-weight,rebalance=year|band=0.01"
2021-08-04,0.204559865,0.2129801928,0.1970894486,0.1974077545,0.1879627391,1,"E1|equal-weight,rebalance=year|band=0.01"
2021-08-05,0.2050517246,0.2130493019,0.1964568143,0.1975052239,0.1879369353,1,"E1|equal-weight,rebalance=year|band=0.01"
2021-08-06,0.2049024357,0.2138193332,0.196720729,0.1964408051,0.188116697,1,"E1|equal-weight,rebalance=year|band=0.01"
2021-08-09,0.20643467,0.2138298693,0.1979746762,0.1927878304,0.1889729541,1,"E1|equal-weight,rebalance=year|band=0.01"
2021-08-10,0.2070228297,0.2126652917,0.198591297,0.1924251238,0.1892954578,1,"E1|equal-weight,rebalance=year|band=0.01"
2021-08-11,0.2072053933,0.2120006677,0.1979575354,0.1930721769,0.1897642267,1,"E1|equal-weight,rebalance=year|band=0.01"
2021-08-12,0.2071552693,0.2126170034,0.1977649838,0.1935807401,0.1888820034,1,"E1|equal-weight,rebalance=year|band=0.01"
2021-08-13,0.2086327538,0.2120700764,0.1982022169,0.1927365571,0.1883583958,1,"E1|equal-weight,rebalance=year|band=0.01"
2021-08-16,0.2089484996,0.211994984,0.1974152585,0.1936445119,0.187996746,1,"E1|equal-weight,rebalance=year|band=0.01"
2021-08-17,0.2088710466,0.2123354496,0.1960399079,0.1951327382,0.1876208577,1,"E1|equal-weight,rebalance=year|band=0.01"
2021-08-18,0.2089345618,0.2138151765,0.194748749,0.1946442716,0.1878572411,1,"E1|equal-weight,rebalance=year|band=0.01"
2021-08-20,0.2088576001,0.2127473292,0.193181944,0.1958658376,0.1893472891,1,"E1|equal-weight,rebalance=year|band=0.01"
2021-08-23,0.2096004047,0.2116476771,0.1936215003,0.1958926476,0.1892377703,1,"E1|equal-weight,rebalance=year|band=0.01"
2021-08-24,0.2097085208,0.2118231316,0.1952344317,0.1953146974,0.1879192185,1,"E1|equal-weight,rebalance=year|band=0.01"
2021-08-25,0.2099146672,0.2122650597,0.1948773807,0.1948311721,0.1881117203,1,"E1|equal-weight,rebalance=year|band=0.01"
2021-08-26,0.209801707,0.2134920966,0.1951961671,0.1935336602,0.1879763691,1,"E1|equal-weight,rebalance=year|band=0.01"
2021-08-27,0.2098793652,0.2149127276,0.1947805807,0.1931154831,0.1873118434,1,"E1|equal-weight,rebalance=year|band=0.01"
2021-08-30,0.2104637047,0.2158660858,0.196301359,0.1918835453,0.1854853052,1,"E1|equal-weight,rebalance=year|band=0.01"
2021-08-31,0.2117506512,0.2177059482,0.1957613049,0.19014734,0.1846347557,1,"E1|equal-weight,rebalance=year|band=0.01"
2021-09-01,0.210819573,0.2191618171,0.1963821434,0.189557765,0.1840787015,1,"E1|equal-weight,rebalance=year|band=0.01"
2021-09-02,0.211945365,0.2186812129,0.1966429693,0.1892954523,0.1834350005,1,"E1|equal-weight,rebalance=year|band=0.01"
2021-09-03,0.2121112969,0.2211296148,0.1956173729,0.1884807738,0.1826609416,1,"E1|equal-weight,rebalance=year|band=0.01"
2021-09-06,0.2125861148,0.2207444218,0.1945856329,0.189592263,0.1824915675,1,"E1|equal-weight,rebalance=year|band=0.01"
2021-09-07,0.2127972466,0.2205272725,0.1941441267,0.1894736749,0.1830576793,1,"E1|equal-weight,rebalance=year|band=0.01"
2021-09-08,0.2125101012,0.2208460178,0.1953696396,0.1884187028,0.1828555386,1,"E1|equal-weight,rebalance=year|band=0.01"
2021-09-09,0.2126881226,0.2221151753,0.1945661901,0.1878802714,0.1827502406,1,"E1|equal-weight,rebalance=year|band=0.01"
2021-09-13,0.2124659949,0.2231545751,0.1937827086,0.1876723841,0.1829243373,1,"E1|equal-weight,rebalance=year|band=0.01"
2021-09-14,0.2125647663,0.2234155652,0.1940392391,0.1873751301,0.1826052993,1,"E1|equal-weight,rebalance=year|band=0.01"
2021-09-15,0.2132449768,0.2229251407,0.1944831121,0.1875660122,0.1817807582,1,"E1|equal-weight,rebalance=year|band=0.01"
2021-09-16,0.213494306,0.2234495951,0.1976182146,0.1845864109,0.1808514734,1,"E1|equal-weight,rebalance=year|band=0.01"
2021-09-17,0.2136393961,0.2228372499,0.19851441,0.1836392858,0.1813696582,1,"E1|equal-weight,rebalance=year|band=0.01"
2021-09-20,0.2134296391,0.2207229962,0.1974849828,0.1852347284,0.1831276535,1,"E1|equal-weight,rebalance=year|band=0.01"
2021-09-21,0.2144714646,0.2215498386,0.1970437486,0.1846477302,0.182287218,1,"E1|equal-weight,rebalance=year|band=0.01"
2021-09-22,0.2141479926,0.2222717728,0.1955455819,0.1860354778,0.1819991749,1,"E1|equal-weight,rebalance=year|band=0.01"
2021-09-23,0.2155715945,0.2221849788,0.1979399693,0.1835569775,0.1807464799,1,"E1|equal-weight,rebalance=year|band=0.01"
2021-09-24,0.2162845504,0.2216130631,0.1985466996,0.1825173957,0.1810382912,1,"E1|equal-weight,rebalance=year|band=0.01"
2021-09-27,0.2163045869,0.2204291049,0.2001155914,0.1822006603,0.1809500565,1,"E1|equal-weight,rebalance=year|band=0.01"
2021-09-28,0.2154852256,0.2202467853,0.2002507954,0.1824706601,0.1815465336,1,"E1|equal-weight,rebalance=year|band=0.01"
2021-09-29,0.2156325043,0.2193997229,0.1997743186,0.1832386899,0.1819547643,1,"E1|equal-weight,rebalance=year|band=0.01"
2021-09-30,0.2154628457,0.2202033524,0.1987921131,0.1827161092,0.1828255796,1,"E1|equal-weight,rebalance=year|band=0.01"
2021-10-01,0.2145097025,0.2198935267,0.1976846562,0.1850180694,0.1828940452,1,"E1|equal-weight,rebalance=year|band=0.01"
2021-10-04,0.2149895519,0.221314215,0.1982682893,0.1838120253,0.1816159185,1,"E1|equal-weight,rebalance=year|band=0.01"
2021-10-05,0.2153381729,0.2222394075,0.1981149853,0.1834895556,0.1808178787,1,"E1|equal-weight,rebalance=year|band=0.01"
2021-10-06,0.2141763682,0.2215936902,0.1975848486,0.1848853785,0.1817597145,1,"E1|equal-weight,rebalance=year|band=0.01"
2021-10-07,0.2147801839,0.2224552082,0.1977381277,0.1842855788,0.1807409014,1,"E1|equal-weight,rebalance=year|band=0.01"
2021-10-08,0.2155592966,0.2217790025,0.1977814621,0.1841787365,0.1807015023,1,"E1|equal-weight,rebalance=year|band=0.01"
2021-10-11,0.2151510383,0.2215929199,0.1992517223,0.1840679783,0.1799363412,1,"E1|equal-weight,rebalance=year|band=0.01"
2021-10-12,0.2149045261,0.2222404665,0.1996907031,0.1839465037,0.1792178006,1,"E1|equal-weight,rebalance=year|band=0.01"
2021-10-13,0.2158489826,0.2234618579,0.1990966341,0.1833182791,0.1782742463,1,"E1|equal-weight,rebalance=year|band=0.01"
2021-10-14,0.2153417827,0.2230469405,0.2010317484,0.1841099077,0.1764696207,1,"E1|equal-weight,rebalance=year|band=0.01"
2021-10-18,0.2167739077,0.223103725,0.2027656557,0.1812685717,0.1760881399,1,"E1|equal-weight,rebalance=year|band=0.01"
2021-10-19,0.2167786925,0.2213487998,0.2026160218,0.1827049951,0.1765514908,1,"E1|equal-weight,rebalance=year|band=0.01"
2021-10-20,0.2170418804,0.2180873407,0.2037681619,0.1833308586,0.1777717584,1,"E1|equal-weight,rebalance=year|band=0.01"
2021-10-21,0.215586763,0.2167902386,0.2062057332,0.1837256658,0.1776915994,1,"E1|equal-weight,rebalance=year|band=0.01"
2021-10-22,0.2155298189,0.2139873474,0.207872708,0.1845890678,0.1780210579,1,"E1|equal-weight,rebalance=year|band=0.01"
2021-10-25,0.21475901,0.2112266808,0.2114267252,0.1851923449,0.1773952391,1,"E1|equal-weight,rebalance=year|band=0.01"
2021-10-26,0.2154562861,0.2129144411,0.2101230753,0.1848101768,0.1766960207,1,"E1|equal-weight,rebalance=year|band=0.01"
2021-10-27,0.2152555397,0.2144370574,0.2095141646,0.1837252978,0.1770679405,1,"E1|equal-weight,rebalance=year|band=0.01"
2021-10-28,0.2146898534,0.2140456599,0.2050079015,0.1870281323,0.1792284529,1,"E1|equal-weight,rebalance=year|band=0.01"
2021-10-29,0.2130107212,0.2147764801,0.2043357321,0.1876950015,0.1801820651,1,"E1|equal-weight,rebalance=year|band=0.01"
2021-11-01,0.2143306474,0.2155420098,0.2060271103,0.1852596046,0.1788406279,1,"E1|equal-weight,rebalance=year|band=0.01"
2021-11-02,0.2132204659,0.2158701892,0.2065253106,0.1857681767,0.1786158576,1,"E1|equal-weight,rebalance=year|band=0.01"
2021-11-03,0.2136930293,0.2175151094,0.2041645358,0.1851062849,0.1795210406,1,"E1|equal-weight,rebalance=year|band=0.01"
2021-11-04,0.2137308161,0.2182870148,0.2040279565,0.1853381926,0.17861602,1,"E1|equal-weight,rebalance=year|band=0.01"
2021-11-08,0.2146437092,0.2195186407,0.2029253737,0.185058294,0.1778539824,1,"E1|equal-weight,rebalance=year|band=0.01"
2021-11-09,0.2139209891,0.2205920998,0.2021028066,0.1856563452,0.1777277593,1,"E1|equal-weight,rebalance=year|band=0.01"
2021-11-10,0.2139349652,0.2213941218,0.2002965302,0.1864135994,0.1779607834,1,"E1|equal-weight,rebalance=year|band=0.01"
2021-11-11,0.2124247591,0.2205555196,0.1984999441,0.1905082011,0.1780115761,1,"E1|equal-weight,rebalance=year|band=0.01"
2021-11-12,0.2139121396,0.2218906619,0.1983823997,0.188562532,0.1772522668,1,"E1|equal-weight,rebalance=year|band=0.01"
2021-11-15,0.2135792522,0.222490102,0.1978606134,0.1890980619,0.1769719705,1,"E1|equal-weight,rebalance=year|band=0.01"
2021-11-16,0.2130809393,0.2227190728,0.1963263243,0.1903425691,0.1775310945,1,"E1|equal-weight,rebalance=year|band=0.01"
2021-11-17,0.2127580101,0.2232020624,0.1960818176,0.1898170755,0.1781410344,1,"E1|equal-weight,rebalance=year|band=0.01"
2021-11-18,0.2122669689,0.2211093134,0.1965260095,0.1910628869,0.1790348213,1,"E1|equal-weight,rebalance=year|band=0.01"
2021-11-22,0.211233563,0.2200666084,0.1950186892,0.192045311,0.1816358284,1,"E1|equal-weight,rebalance=year|band=0.01"
2021-11-23,0.212138861,0.2231930431,0.1951370124,0.1879363984,0.1815946851,1,"E1|equal-weight,rebalance=year|band=0.01"
2021-11-24,0.2113180442,0.2225880306,0.1963571004,0.1877150023,0.1820218225,1,"E1|equal-weight,rebalance=year|band=0.01"
2021-11-25,0.2119262932,0.2235441922,0.1957221313,0.1874575477,0.1813498356,1,"E1|equal-weight,rebalance=year|band=0.01"
2021-11-26,0.2096463952,0.2216164762,0.1918251857,0.1926336417,0.1842783012,1,"E1|equal-weight,rebalance=year|band=0.01"
2021-11-29,0.2105638785,0.2193098735,0.1922888996,0.1927400944,0.185097254,1,"E1|equal-weight,rebalance=year|band=0.01"
2021-11-30,0.2102221079,0.2200671205,0.1912325319,0.1928067051,0.1856715346,1,"E1|equal-weight,rebalance=year|band=0.01"
2021-12-01,0.2114296406,0.2195262719,0.1938998658,0.1904188686,0.1847253531,1,"E1|equal-weight,rebalance=year|band=0.01"
2021-12-02,0.2131382658,0.2204229403,0.1938704775,0.1885813774,0.183986939,1,"E1|equal-weight,rebalance=year|band=0.01"
2021-12-03,0.2117258689,0.221319865,0.1931545589,0.1890587465,0.1847409607,1,"E1|equal-weight,rebalance=year|band=0.01"
2021-12-06,0.2100123587,0.219055513,0.192279264,0.1923624291,0.1862904352,1,"E1|equal-weight,rebalance=year|band=0.01"
2021-12-07,0.2108816729,0.2196444657,0.1951332329,0.1899816718,0.1843589567,1,"E1|equal-weight,rebalance=year|band=0.01"
2021-12-08,0.2118109422,0.220092709,0.1964704892,0.1891547814,0.1824710782,1,"E1|equal-weight,rebalance=year|band=0.01"
2021-12-09,0.2127149571,0.2203739023,0.1955335019,0.1887514632,0.1826261755,1,"E1|equal-weight,rebalance=year|band=0.01"
2021-12-10,0.2124272441,0.2214899641,0.195456392,0.188181225,0.1824451748,1,"E1|equal-weight,rebalance=year|band=0.01"
2021-12-13,0.2114624818,0.2209354764,0.1949903528,0.1897919301,0.1828197589,1,"E1|equal-weight,rebalance=year|band=0.01"
2021-12-14,0.2109199939,0.2215759093,0.1947052022,0.1898810456,0.182917849,1,"E1|equal-weight,rebalance=year|band=0.01"
2021-12-15,0.2105223601,0.2206116918,0.1949608013,0.1902550326,0.1836501142,1,"E1|equal-weight,rebalance=year|band=0.01"
2021-12-16,0.2110080787,0.2203114414,0.1934994868,0.1914632238,0.1837177693,1,"E1|equal-weight,rebalance=year|band=0.01"
2021-12-17,0.2102309889,0.2175362191,0.1906680634,0.195666654,0.1858980746,1,"E1|equal-weight,rebalance=year|band=0.01"
2021-12-20,0.2094647817,0.2151733794,0.1883365532,0.197791137,0.1892341487,1,"E1|equal-weight,rebalance=year|band=0.01"
2021-12-21,0.2103410294,0.2174166377,0.1876478627,0.1961548664,0.1884396038,1,"E1|equal-weight,rebalance=year|band=0.01"
2021-12-22,0.2110110948,0.2191594037,0.1887434499,0.1939676332,0.1871184184,1,"E1|equal-weight,rebalance=year|band=0.01"
2021-12-23,0.2110611728,0.2199690842,0.188573994,0.1939932519,0.1864024971,1,"E1|equal-weight,rebalance=year|band=0.01"
2021-12-24,0.2111430662,0.2196160827,0.1872297199,0.194849577,0.1871615542,1,"E1|equal-weight,rebalance=year|band=0.01"
2021-12-27,0.2118484861,0.2196488643,0.1879997591,0.1937761866,0.1867267039,1,"E1|equal-weight,rebalance=year|band=0.01"
2021-12-28,0.2128111511,0.2203277288,0.1881098403,0.1929209586,0.1858303212,1,"E1|equal-weight,rebalance=year|band=0.01"
2021-12-29,0.2130016286,0.2202727686,0.1877583162,0.1927694225,0.1861978641,1,"E1|equal-weight,rebalance=year|band=0.01"
2021-12-30,0.2134986456,0.2192733191,0.1886985364,0.1918949614,0.1866345375,1,"E1|equal-weight,rebalance=year|band=0.01"
2021-12-31,0.2136147995,0.2207779536,0.1889765233,0.1915127943,0.1851179293,1,"E1|equal-weight,rebalance=year|band=0.01"
2022-01-03,0.2145969943,0.2198569707,0.1917967255,0.190579398,0.1831699115,1,"E1|equal-weight,rebalance=year|band=0.01"
2022-01-04,0.2157568115,0.2198900048,0.1931893148,0.1886485629,0.182515306,1,"E1|equal-weight,rebalance=year|band=0.01"
2022-01-05,0.2156467082,0.2181092201,0.1964826614,0.188146796,0.1816146143,1,"E1|equal-weight,rebalance=year|band=0.01"
2022-01-06,0.2148375994,0.2187762063,0.1967256016,0.1873738075,0.1822867852,1,"E1|equal-weight,rebalance=year|band=0.01"
2022-01-07,0.2148505641,0.2197638789,0.1973262297,0.1862184033,0.181840924,1,"E1|equal-weight,rebalance=year|band=0.01"
2022-01-10,0.2158651757,0.2189733053,0.1990763751,0.1851496574,0.1809354865,1,"E1|equal-weight,rebalance=year|band=0.01"
2022-01-11,0.2158432604,0.2190195928,0.1990794661,0.1854375289,0.1806201518,1,"E1|equal-weight,rebalance=year|band=0.01"
2022-01-12,0.2165080286,0.2187464932,0.1998274051,0.1851145592,0.1798035139,1,"E1|equal-weight,rebalance=year|band=0.01"
2022-01-13,0.2170554949,0.2198786467,0.1982903718,0.185231491,0.1795439956,1,"E1|equal-weight,rebalance=year|band=0.01"
2022-01-14,0.2172105206,0.2200867442,0.1978245553,0.1855170461,0.1793611338,1,"E1|equal-weight,rebalance=year|band=0.01"
2022-01-17,0.2177575273,0.2207552599,0.1968801732,0.185354993,0.1792520466,1,"E1|equal-weight,rebalance=year|band=0.01"
2022-01-18,0.2168498126,0.2184827591,0.197796481,0.1864777295,0.1803932178,1,"E1|equal-weight,rebalance=year|band=0.01"
2022-01-19,0.215404293,0.2189299359,0.197521091,0.1873024067,0.1808422734,1,"E1|equal-weight,rebalance=year|band=0.01"
2022-01-20,0.2134463472,0.2190276218,0.1968852116,0.1895600032,0.1810808162,1,"E1|equal-weight,rebalance=year|band=0.01"
2022-01-21,0.2134641317,0.217186903,0.196619041,0.190152801,0.1825771233,1,"E1|equal-weight,rebalance=year|band=0.01"
2022-01-24,0.2112189067,0.2127616966,0.1966026032,0.1939873152,0.1854294783,1,"E1|equal-weight,rebalance=year|band=0.01"
2022-01-25,0.2110534135,0.2128819615,0.1994295585,0.1926006162,0.1840344503,1,"E1|equal-weight,rebalance=year|band=0.01"
2022-01-27,0.2104171598,0.2102161042,0.2014178758,0.1927168225,0.1852320377,1,"E1|equal-weight,rebalance=year|band=0.01"
2022-01-28,0.2102385253,0.2129559825,0.2004835752,0.1909945546,0.1853273624,1,"E1|equal-weight,rebalance=year|band=0.01"
2022-01-31,0.2119502381,0.2135585042,0.2009915418,0.1891279663,0.1843717496,1,"E1|equal-weight,rebalance=year|band=0.01"
2022-02-01,0.2124775406,0.2141586785,0.2016402892,0.1888934494,0.1828300423,1,"E1|equal-weight,rebalance=year|band=0.01"
2022-02-02,0.2129849958,0.2153064016,0.2039598376,0.1867795542,0.1809692108,1,"E1|equal-weight,rebalance=year|band=0.01"
2022-02-03,0.2115804612,0.2150978768,0.203695378,0.1878342606,0.1817920234,1,"E1|equal-weight,rebalance=year|band=0.01"
2022-02-04,0.2114981544,0.2153978337,0.2026053667,0.1883582537,0.1821403915,1,"E1|equal-weight,rebalance=year|band=0.01"
2022-02-07,0.2097365822,0.2158969389,0.2003529239,0.1901843058,0.1838292492,1,"E1|equal-weight,rebalance=year|band=0.01"
2022-02-08,0.2100970676,0.214986162,0.200317769,0.1908991823,0.1836998191,1,"E1|equal-weight,rebalance=year|band=0.01"
2022-02-09,0.2107475135,0.2154690987,0.2016502739,0.1900105736,0.1821225403,1,"E1|equal-weight,rebalance=year|band=0.01"
2022-02-10,0.2109424237,0.2150497198,0.2027989889,0.1899165185,0.1812923491,1,"E1|equal-weight,rebalance=year|band=0.01"
2022-02-11,0.2102633255,0.2138090682,0.2016499832,0.1915205474,0.1827570757,1,"E1|equal-weight,rebalance=year|band=0.01"
2022-02-14,0.2078991028,0.210518512,0.1969304078,0.1985363661,0.1861156113,1,"E1|equal-weight,rebalance=year|band=0.01"
2022-02-15,0.2104455544,0.2113124824,0.2003266089,0.194518757,0.1833965973,1,"E1|equal-weight,rebalance=year|band=0.01"
2022-02-16,0.2103224303,0.2121537591,0.1992650852,0.1945074909,0.1837512345,1,"E1|equal-weight,rebalance=year|band=0.01"
2022-02-17,0.2098532826,0.2117170469,0.1971555075,0.1977090642,0.1835650988,1,"E1|equal-weight,rebalance=year|band=0.01"
2022-02-18,0.2100182054,0.2106428989,0.1981137793,0.1972127661,0.1840123503,1,"E1|equal-weight,rebalance=year|band=0.01"
2022-02-21,0.2102211075,0.2087751001,0.1990081149,0.1974077582,0.1845879193,1,"E1|equal-weight,rebalance=year|band=0.01"
2022-02-22,0.209452573,0.2084945729,0.19805885,0.1990537278,0.1849402763,1,"E1|equal-weight,rebalance=year|band=0.01"
2022-02-23,0.2090944029,0.2103373123,0.1980864932,0.1976195844,0.1848622072,1,"E1|equal-weight,rebalance=year|band=0.01"
2022-02-24,0.2058277064,0.2035281812,0.1928300712,0.2089951011,0.1888189401,1,"E1|equal-weight,rebalance=year|band=0.01"
2022-02-25,0.2067531687,0.2084527352,0.1953120402,0.2024041868,0.1870778691,1,"E1|equal-weight,rebalance=year|band=0.01"
2022-02-28,0.2075594437,0.2101129949,0.1935422661,0.2019482591,0.1868370362,1,"E1|equal-weight,rebalance=year|band=0.01"
2022-03-02,0.2062273939,0.2103658701,0.1896298709,0.2063088961,0.187467969,1,"E1|equal-weight,rebalance=year|band=0.01"
2022-03-03,0.2055854261,0.2117379289,0.1873430398,0.2071391728,0.1881944324,1,"E1|equal-weight,rebalance=year|band=0.01"
2022-03-04,0.2045296211,0.2082012529,0.186967955,0.2102926436,0.1900085274,1,"E1|equal-weight,rebalance=year|band=0.01"
2022-03-07,0.2018010813,0.2068719812,0.1808883224,0.2186354607,0.1918031544,1,"E1|equal-weight,rebalance=year|band=0.01"
2022-03-08,0.2024884589,0.2072047319,0.1813286504,0.2176946704,0.1912834884,1,"E1|equal-weight,rebalance=year|band=0.01"
2022-03-09,0.2046096025,0.2085071571,0.183228655,0.2142584197,0.1893961657,1,"E1|equal-weight,rebalance=year|band=0.01"
2022-03-10,0.2065860556,0.2104398917,0.1854712797,0.2090990047,0.1884037683,1,"E1|equal-weight,rebalance=year|band=0.01"
2022-03-11,0.2061257776,0.2106628411,0.1850699822,0.2104818475,0.1876595516,1,"E1|equal-weight,rebalance=year|band=0.01"
2022-03-14,0.2082858055,0.2100240661,0.1880738752,0.2066614503,0.1869548029,1,"E1|equal-weight,rebalance=year|band=0.01"
2022-03-15,0.207527918,0.2094581633,0.1878838568,0.2067553156,0.1883747463,1,"E1|equal-weight,rebalance=year|band=0.01"
2022-03-16,0.2085710335,0.2116619618,0.189708597,0.2038715017,0.186186906,1,"E1|equal-weight,rebalance=year|band=0.01"
2022-03-17,0.2100468612,0.2121620406,0.191369861,0.2019601692,0.184461068,1,"E1|equal-weight,rebalance=year|band=0.01"
2022-03-21,0.209661671,0.2114821239,0.1907128617,0.2026229636,0.1855203798,1,"E1|equal-weight,rebalance=year|band=0.01"
2022-03-22,0.2108752238,0.2105645082,0.1914157093,0.2024859816,0.1846585771,1,"E1|equal-weight,rebalance=year|band=0.01"
2022-03-23,0.2100743656,0.2113441106,0.1903657329,0.2032570851,0.1849587058,1,"E1|equal-weight,rebalance=year|band=0.01"
2022-03-24,0.2101480158,0.2122553412,0.1879700359,0.2043348726,0.1852917345,1,"E1|equal-weight,rebalance=year|band=0.01"
2022-03-25,0.2099546983,0.2118395154,0.1873874385,0.2054065903,0.1854117575,1,"E1|equal-weight,rebalance=year|band=0.01"
2022-03-28,0.2104103632,0.2115073204,0.1887857624,0.2039248848,0.1853716692,1,"E1|equal-weight,rebalance=year|band=0.01"
2022-03-29,0.2111704843,0.2122572166,0.1891492285,0.2022585344,0.1851645362,1,"E1|equal-weight,rebalance=year|band=0.01"
2022-03-30,0.212004153,0.2124893582,0.1903404849,0.2009216091,0.1842443948,1,"E1|equal-weight,rebalance=year|band=0.01"
2022-03-31,0.2117706954,0.2128691075,0.1904420864,0.2007883707,0.18412974,1,"E1|equal-weight,rebalance=year|band=0.01"
2022-04-01,0.2,0.2,0.2,0.2,0.2,1,"E1|equal-weight,rebalance=year|band=0.01"
2022-04-04,0.201747981,0.2011996541,0.204757903,0.1953234196,0.1969710423,1,"E1|equal-weight,rebalance=year|band=0.01"
2022-04-05,0.2013303178,0.2029412694,0.2025373868,0.1959582903,0.1972327357,1,"E1|equal-weight,rebalance=year|band=0.01"
2022-04-06,0.2002105664,0.2039112143,0.2009140325,0.1972313915,0.1977327953,1,"E1|equal-weight,rebalance=year|band=0.01"
2022-04-07,0.1987880744,0.203802956,0.2009987389,0.1982778993,0.1981323314,1,"E1|equal-weight,rebalance=year|band=0.01"
2022-04-08,0.1991776309,0.205806146,0.2008442146,0.1972088094,0.1969631991,1,"E1|equal-weight,rebalance=year|band=0.01"
2022-04-11,0.1975133393,0.2075893046,0.1992668373,0.1991392167,0.1964913021,1,"E1|equal-weight,rebalance=year|band=0.01"
2022-04-12,0.1970188573,0.2050609713,0.2007545971,0.1998561963,0.197309378,1,"E1|equal-weight,rebalance=year|band=0.01"
2022-04-13,0.1958890121,0.2060128798,0.1990200829,0.2019734802,0.197104545,1,"E1|equal-weight,rebalance=year|band=0.01"
2022-04-18,0.1936521417,0.2058837877,0.1967862251,0.2052601166,0.1984177289,1,"E1|equal-weight,rebalance=year|band=0.01"
2022-04-19,0.1927593656,0.2047741463,0.1959821874,0.2062084853,0.2002758154,1,"E1|equal-weight,rebalance=year|band=0.01"
2022-04-20,0.1951235154,0.2054155424,0.196198386,0.2028795088,0.2003830474,1,"E1|equal-weight,rebalance=year|band=0.01"
2022-04-21,0.1960572126,0.2062462473,0.1973507357,0.2013782132,0.1989675912,1,"E1|equal-weight,rebalance=year|band=0.01"
2022-04-22,0.1952126344,0.2065911479,0.1947217382,0.2032144346,0.2002600449,1,"E1|equal-weight,rebalance=year|band=0.01"
2022-04-25,0.1945176135,0.2040441936,0.1964088193,0.2030027707,0.2020266029,1,"E1|equal-weight,rebalance=year|band=0.01"
2022-04-26,0.1954574643,0.2071110018,0.1965223299,0.2003506173,0.2005585867,1,"E1|equal-weight,rebalance=year|band=0.01"
2022-04-27,0.1952981819,0.2061121068,0.1960531756,0.2006797255,0.2018568102,1,"E1|equal-weight,rebalance=year|band=0.01"
2022-04-28,0.1959461897,0.2072033517,0.1969436646,0.1991357781,0.2007710159,1,"E1|equal-weight,rebalance=year|band=0.01"
2022-04-29,0.1954054809,0.2057451784,0.1958554886,0.2017073635,0.2012864886,1,"E1|equal-weight,rebalance=year|band=0.01"
2022-05-02,0.1959111746,0.2053076642,0.1968479553,0.1997187685,0.2022144374,1,"E1|equal-weight,rebalance=year|band=0.01"
2022-05-04,0.1945779988,0.2029223295,0.195209314,0.2019920962,0.2052982615,1,"E1|equal-weight,rebalance=year|band=0.01"
2022-05-05,0.1940653013,0.2028889908,0.1942067142,0.2040701496,0.2047688441,1,"E1|equal-weight,rebalance=year|band=0.01"
2022-05-06,0.1928890615,0.2006347232,0.1930318237,0.2063790789,0.2070653127,1,"E1|equal-weight,rebalance=year|band=0.01"
2022-05-09,0.1931129316,0.198585982,0.1926032292,0.207168295,0.2085295622,1,"E1|equal-weight,rebalance=year|band=0.01"
2022-05-10,0.1933216596,0.1950611322,0.1943320015,0.2075719047,0.209713302,1,"E1|equal-weight,rebalance=year|band=0.01"
2022-05-11,0.1926259351,0.1949816293,0.1955820413,0.2068531784,0.2099572159,1,"E1|equal-weight,rebalance=year|band=0.01"
2022-05-12,0.1914676718,0.1930248989,0.1926317068,0.2097531842,0.2131225383,1,"E1|equal-weight,rebalance=year|band=0.01"
2022-05-13,0.1922950711,0.1930654033,0.1920027903,0.208176212,0.2144605233,1,"E1|equal-weight,rebalance=year|band=0.01"
2022-05-16,0.1922745193,0.1948523878,0.1933307793,0.2059345684,0.2136077452,1,"E1|equal-weight,rebalance=year|band=0.01"
2022-05-17,0.1941713163,0.1962914485,0.1942916757,0.204767203,0.2104783565,1,"E1|equal-weight,rebalance=year|band=0.01"
2022-05-18,0.1938141576,0.1973787394,0.1940883405,0.2041376291,0.2105811334,1,"E1|equal-weight,rebalance=year|band=0.01"
2022-05-19,0.1917208866,0.1947633513,0.1918992928,0.2080031683,0.213613301,1,"E1|equal-weight,rebalance=year|band=0.01"
2022-05-20,0.1937694719,0.1944680911,0.1942826402,0.2067361472,0.2107436496,1,"E1|equal-weight,rebalance=year|band=0.01"
2022-05-23,0.193349602,0.193381592,0.1941348297,0.2082999436,0.2108340327,1,"E1|equal-weight,rebalance=year|band=0.01"
2022-05-24,0.1933939218,0.1922319002,0.1949099297,0.2080216209,0.2114426274,1,"E1|equal-weight,rebalance=year|band=0.01"
2022-05-25,0.1929733696,0.1896781974,0.1962206784,0.208950412,0.2121773426,1,"E1|equal-weight,rebalance=year|band=0.01"
2022-05-26,0.1932824454,0.1904188827,0.199107156,0.2063923922,0.2107991237,1,"E1|equal-weight,rebalance=year|band=0.01"
2022-05-27,0.1936514514,0.1903840232,0.2005791774,0.2059812686,0.2094040794,1,"E1|equal-weight,rebalance=year|band=0.01"
2022-05-30,0.1954761921,0.193311269,0.2000330484,0.2036218102,0.2075576803,1,"E1|equal-weight,rebalance=year|band=0.01"
2022-05-31,0.1953408438,0.1941941887,0.1984031476,0.2039750986,0.2080867213,1,"E1|equal-weight,rebalance=year|band=0.01"
2022-06-01,0.1956276783,0.1929836139,0.2000559901,0.2025913902,0.2087413275,1,"E1|equal-weight,rebalance=year|band=0.01"
2022-06-02,0.1959828248,0.1930680025,0.1991990117,0.2038670806,0.2078830804,1,"E1|equal-weight,rebalance=year|band=0.01"
2022-06-03,0.1963095799,0.1912431149,0.1981149451,0.2055309657,0.2088013944,1,"E1|equal-weight,rebalance=year|band=0.01"
2022-06-06,0.1964533333,0.1908165787,0.198582309,0.2050509378,0.2090968412,1,"E1|equal-weight,rebalance=year|band=0.01"
2022-06-07,0.1958229436,0.1903489774,0.1979821735,0.2055568588,0.2102890467,1,"E1|equal-weight,rebalance=year|band=0.01"
2022-06-08,0.1954899178,0.1903609375,0.1977407951,0.2058542243,0.2105541253,1,"E1|equal-weight,rebalance=year|band=0.01"
2022-06-09,0.1962637984,0.1907923408,0.1976049807,0.2054757565,0.2098631236,1,"E1|equal-weight,rebalance=year|band=0.01"
2022-06-10,0.1946702884,0.1906654424,0.1964652172,0.2065430559,0.2116559961,1,"E1|equal-weight,rebalance=year|band=0.01"
2022-06-13,0.1921016638,0.1891086728,0.1931979439,0.2110760696,0.2145156499,1,"E1|equal-weight,rebalance=year|band=0.01"
2022-06-14,0.1921836605,0.1903308756,0.1932357948,0.2088962317,0.2153534374,1,"E1|equal-weight,rebalance=year|band=0.01"
2022-06-15,0.1919470841,0.1907429509,0.192873934,0.2090747296,0.2153613014,1,"E1|equal-weight,rebalance=year|band=0.01"
2022-06-16,0.1901497786,0.1889788246,0.1909653996,0.2120262213,0.2178797759,1,"E1|equal-weight,rebalance=year|band=0.01"
2022-06-17,0.1895932819,0.1862718606,0.1919657875,0.2140278121,0.2181412579,1,"E1|equal-weight,rebalance=year|band=0.01"
2022-06-20,0.1905835313,0.1852770903,0.1920245181,0.2133142121,0.2188006482,1,"E1|equal-weight,rebalance=year|band=0.01"
2022-06-21,0.1919386283,0.1875160509,0.1930567848,0.210915969,0.216572567,1,"E1|equal-weight,rebalance=year|band=0.01"
2022-06-22,0.1909084894,0.1864062752,0.1924281226,0.2120194869,0.2182376259,1,"E1|equal-weight,rebalance=year|band=0.01"
2022-06-23,0.1916935649,0.1868379671,0.1931697275,0.2112328028,0.2170659377,1,"E1|equal-weight,rebalance=year|band=0.01"
2022-06-24,0.1919885735,0.1884895114,0.1946472626,0.2092862918,0.2155883607,1,"E1|equal-weight,rebalance=year|band=0.01"
2022-06-27,0.1926010308,0.1891013668,0.1945913119,0.2091794791,0.2145268114,1,"E1|equal-weight,rebalance=year|band=0.01"
2022-06-28,0.1928103684,0.189497264,0.1939075073,0.2090363724,0.2147484879,1,"E1|equal-weight,rebalance=year|band=0.01"
2022-06-29,0.1928336467,0.1888991657,0.1926442416,0.2098308152,0.2157921308,1,"E1|equal-weight,rebalance=year|band=0.01"
2022-06-30,0.1926266968,0.1880700672,0.1934458729,0.2099232081,0.215934155,1,"E1|equal-weight,rebalance=year|band=0.01"
2022-07-01,0.1914523754,0.1891437938,0.1933442883,0.2114548927,0.2146046498,1,"E1|equal-weight,rebalance=year|band=0.01"
2022-07-04,0.1914338794,0.1892264793,0.194159997,0.2117384073,0.213441237,1,"E1|equal-weight,rebalance=year|band=0.01"
2022-07-05,0.1908083359,0.1899008566,0.1934470104,0.2123390508,0.2135047463,1,"E1|equal-weight,rebalance=year|band=0.01"
2022-07-06,0.1920829235,0.1916184634,0.1956645955,0.2082339059,0.2124001117,1,"E1|equal-weight,rebalance=year|band=0.01"
2022-07-07,0.1928043151,0.1930448047,0.1980425823,0.2046027526,0.2115055453,1,"E1|equal-weight,rebalance=year|band=0.01"
2022-07-08,0.1932135375,0.1930378054,0.1985760688,0.2040826184,0.2110899699,1,"E1|equal-weight,rebalance=year|band=0.01"
2022-07-11,0.1922454258,0.1945950787,0.1999163952,0.2030710399,0.2101720604,1,"E1|equal-weight,rebalance=year|band=0.01"
2022-07-12,0.1916795054,0.1947986103,0.19852836,0.2040605924,0.2109329319,1,"E1|equal-weight,rebalance=year|band=0.01"
2022-07-13,0.1911538783,0.1956733335,0.1976633688,0.2038721481,0.2116372713,1,"E1|equal-weight,rebalance=year|band=0.01"
2022-07-14,0.1914418018,0.1953252563,0.1974118281,0.2036733094,0.2121478044,1,"E1|equal-weight,rebalance=year|band=0.01"
2022-07-15,0.1922895264,0.1964819356,0.1970342536,0.2024090473,0.2117852371,1,"E1|equal-weight,rebalance=year|band=0.01"
2022-07-18,0.1928594714,0.1965624002,0.1985825372,0.2023410249,0.2096545663,1,"E1|equal-weight,rebalance=year|band=0.01"
2022-07-19,0.1927749581,0.1974940026,0.1997701543,0.2009542032,0.2090066818,1,"E1|equal-weight,rebalance=year|band=0.01"
2022-07-20,0.1939036295,0.1972423321,0.2002682363,0.2002730469,0.2083127552,1,"E1|equal-weight,rebalance=year|band=0.01"
2022-07-21,0.194400469,0.198953183,0.2009453058,0.1980063709,0.2076946713,1,"E1|equal-weight,rebalance=year|band=0.01"
2022-07-22,0.1944261113,0.1972610219,0.2025326451,0.1995775833,0.2062026384,1,"E1|equal-weight,rebalance=year|band=0.01"
2022-07-25,0.1942616271,0.1971564153,0.202512699,0.1994695245,0.2065997341,1,"E1|equal-weight,rebalance=year|band=0.01"
2022-07-26,0.1938006587,0.1958504422,0.2023860098,0.2000661501,0.2078967392,1,"E1|equal-weight,rebalance=year|band=0.01"
2022-07-27,0.1944599584,0.1958745935,0.2036134598,0.1993819559,0.2066700324,1,"E1|equal-weight,rebalance=year|band=0.01"
2022-07-28,0.195315312,0.1962569812,0.2042337952,0.1994930678,0.2047008438,1,"E1|equal-weight,rebalance=year|band=0.01"
2022-07-29,0.196606466,0.197922391,0.203542926,0.1984514448,0.2034767722,1,"E1|equal-weight,rebalance=year|band=0.01"
2022-08-01,0.1972453953,0.1988286011,0.2043403079,0.1976053937,0.201980302,1,"E1|equal-weight,rebalance=year|band=0.01"
2022-08-02,0.196912153,0.1993561651,0.2049391812,0.1971035469,0.2016889538,1,"E1|equal-weight,rebalance=year|band=0.01"
2022-08-03,0.1975510576,0.1987220657,0.2046017799,0.197275346,0.2018497508,1,"E1|equal-weight,rebalance=year|band=0.01"
2022-08-04,0.1972445666,0.199397592,0.2028559617,0.1990010882,0.2015007915,1,"E1|equal-weight,rebalance=year|band=0.01"
2022-08-05,0.1970407603,0.1991797563,0.203571264,0.1989783975,0.2012298219,1,"E1|equal-weight,rebalance=year|band=0.01"
2022-08-08,0.1978312793,0.1992479302,0.2047087165,0.1977210304,0.2004910436,1,"E1|equal-weight,rebalance=year|band=0.01"
2022-08-10,0.1978146613,0.1987364705,0.2046246626,0.1985519627,0.2002722429,1,"E1|equal-weight,rebalance=year|band=0.01"
2022-08-11,0.1979653922,0.1986440197,0.2067510368,0.1975361867,0.1991033646,1,"E1|equal-weight,rebalance=year|band=0.01"
2022-08-12,0.1978807766,0.1993124249,0.2069860191,0.197314002,0.1985067774,1,"E1|equal-weight,rebalance=year|band=0.01"
2022-08-16,0.1984381237,0.2011709417,0.2073817451,0.1950865654,0.1979226241,1,"E1|equal-weight,rebalance=year|band=0.01"
2022-08-17,0.1990374817,0.202390887,0.2075002208,0.1939973753,0.1970740352,1,"E1|equal-weight,rebalance=year|band=0.01"
2022-08-18,0.1987049562,0.2033436845,0.2080370942,0.1932979903,0.1966162748,1,"E1|equal-weight,rebalance=year|band=0.01"
2022-08-19,0.1983966011,0.2024602731,0.2061458465,0.1945220979,0.1984751814,1,"E1|equal-weight,rebalance=year|band=0.01"
2022-08-22,0.1978828032,0.2014117187,0.2050775028,0.1948167531,0.2008112222,1,"E1|equal-weight,rebalance=year|band=0.01"
2022-08-23,0.1980477943,0.201609159,0.206208899,0.1944257929,0.1997083548,1,"E1|equal-weight,rebalance=year|band=0.01"
2022-08-24,0.1978050213,0.2014866894,0.2071380872,0.1945337982,0.1990364039,1,"E1|equal-weight,rebalance=year|band=0.01"
2022-08-25,0.1968663658,0.2015576446,0.2067489734,0.1958287012,0.198998315,1,"E1|equal-weight,rebalance=year|band=0.01"
2022-08-26,0.1969480928,0.2028187913,0.2069932204,0.1942760293,0.1989638662,1,"E1|equal-weight,rebalance=year|band=0.01"
2022-08-29,0.1961596056,0.2038232958,0.2051236497,0.1940400778,0.2008533711,1,"E1|equal-weight,rebalance=year|band=0.01"
2022-08-30,0.1977365092,0.2048142865,0.2083350763,0.1912990126,0.1978151154,1,"E1|equal-weight,rebalance=year|band=0.01"
2022-09-01,0.1967509355,0.2055832083,0.2086019867,0.1900185365,0.199045333,1,"E1|equal-weight,rebalance=year|band=0.01"
2022-09-02,0.1965243333,0.2053753623,0.2089359025,0.1900953662,0.1990690357,1,"E1|equal-weight,rebalance=year|band=0.01"
2022-09-05,0.1970454748,0.2045912369,0.2100996253,0.1899881597,0.1982755033,1,"E1|equal-weight,rebalance=year|band=0.01"
2022-09-06,0.1965117447,0.2061377812,0.2092716416,0.189791215,0.1982876175,1,"E1|equal-weight,rebalance=year|band=0.01"
2022-09-07,0.196570758,0.2069481944,0.2084258391,0.1895637542,0.1984914543,1,"E1|equal-weight,rebalance=year|band=0.01"
2022-09-08,0.1969079983,0.2060290399,0.2107572675,0.1891176507,0.1971880436,1,"E1|equal-weight,rebalance=year|band=0.01"
2022-09-09,0.197090592,0.2056326813,0.2115181437,0.188969075,0.196789508,1,"E1|equal-weight,rebalance=year|band=0.01"
2022-09-12,0.1974070352,0.2069947883,0.2114531876,0.1880076014,0.1961373875,1,"E1|equal-weight,rebalance=year|band=0.01"
2022-09-13,0.1979894154,0.2076269926,0.2120735029,0.1868784369,0.1954316522,1,"E1|equal-weight,rebalance=year|band=0.01"
2022-09-14,0.1969438377,0.2078696725,0.2149291955,0.1851633629,0.1950939314,1,"E1|equal-weight,rebalance=year|band=0.01"
2022-09-15,0.1964406542,0.2095716315,0.2141129121,0.1846799898,0.1951948124,1,"E1|equal-weight,rebalance=year|band=0.01"
2022-09-16,0.1956941698,0.207021863,0.2148029694,0.1841689249,0.1983120729,1,"E1|equal-weight,rebalance=year|band=0.01"
2022-09-19,0.1961117023,0.2070085413,0.2148421545,0.1840958185,0.1979417834,1,"E1|equal-weight,rebalance=year|band=0.01"
2022-09-20,0.1964026832,0.2074145715,0.216242379,0.1834140003,0.196526366,1,"E1|equal-weight,rebalance=year|band=0.01"
2022-09-21,0.1962516227,0.2055202401,0.215804542,0.1850734453,0.1973501499,1,"E1|equal-weight,rebalance=year|band=0.01"
2022-09-22,0.1958545534,0.2065593406,0.2135000954,0.1865124438,0.1975735668,1,"E1|equal-weight,rebalance=year|band=0.01"
2022-09-23,0.195040191,0.2055841497,0.2109937015,0.1882022354,0.2001797224,1,"E1|equal-weight,rebalance=year|band=0.01"
2022-09-26,0.1944456545,0.2030918655,0.2088641066,0.1902814208,0.2033169526,1,"E1|equal-weight,rebalance=year|band=0.01"
2022-09-27,0.1947067265,0.2040033492,0.2078167752,0.1897168446,0.2037563045,1,"E1|equal-weight,rebalance=year|band=0.01"
2022-09-28,0.1943218331,0.2039522014,0.2061957854,0.1904233346,0.2051068455,1,"E1|equal-weight,rebalance=year|band=0.01"
2022-09-29,0.1936515165,0.2032468407,0.2053129886,0.1928764171,0.2049122371,1,"E1|equal-weight,rebalance=year|band=0.01"
2022-09-30,0.1945156604,0.2025948451,0.2079853201,0.1920318836,0.2028722908,1,"E1|equal-weight,rebalance=year|band=0.01"
2022-10-03,0.1936760375,0.2003375899,0.2072111394,0.1937904999,0.2049847333,1,"E1|equal-weight,rebalance=year|band=0.01"
2022-10-04,0.1943826603,0.2013710255,0.2085888788,0.1943390729,0.2013183625,1,"E1|equal-weight,rebalance=year|band=0.01"
2022-10-06,0.1942232453,0.202050493,0.2086460449,0.1945220579,0.2005581589,1,"E1|equal-weight,rebalance=year|band=0.01"
2022-10-07,0.1944084831,0.2016588735,0.2080598741,0.1953724794,0.2005002899,1,"E1|equal-weight,rebalance=year|band=0.01"
2022-10-10,0.1951412892,0.2009139051,0.2089243068,0.1932082356,0.2018122633,1,"E1|equal-weight,rebalance=year|band=0.01"
2022-10-11,0.1938299994,0.2002721384,0.2088287057,0.1935020018,0.2035671547,1,"E1|equal-weight,rebalance=year|band=0.01"
2022-10-12,0.1943012947,0.199845343,0.2098899657,0.1933381096,0.202625287,1,"E1|equal-weight,rebalance=year|band=0.01"
2022-10-13,0.1942032547,0.198851387,0.20861862,0.1947030941,0.2036236442,1,"E1|equal-weight,rebalance=year|band=0.01"
2022-10-14,0.1955677529,0.1976052975,0.211405319,0.192293082,0.2031285486,1,"E1|equal-weight,rebalance=year|band=0.01"
2022-10-17,0.1954188672,0.1977412576,0.2133992504,0.1912340097,0.2022066151,1,"E1|equal-weight,rebalance=year|band=0.01"
2022-10-18,0.1962318916,0.198808063,0.2141245336,0.1896785674,0.2011569444,1,"E1|equal-weight,rebalance=year|band=0.01"
2022-10-19,0.1963008621,0.198366988,0.2144069202,0.1898640359,0.2010611938,1,"E1|equal-weight,rebalance=year|band=0.01"
2022-10-20,0.1967519079,0.2001634669,0.2131385196,0.1890351112,0.2009109944,1,"E1|equal-weight,rebalance=year|band=0.01"
2022-10-21,0.1969505964,0.1977165954,0.216500694,0.1877846149,0.2010474993,1,"E1|equal-weight,rebalance=year|band=0.01"
2022-10-24,0.1969241491,0.1972375214,0.2170077442,0.1894230307,0.1994075546,1,"E1|equal-weight,rebalance=year|band=0.01"
2022-10-25,0.1968957357,0.1972211386,0.2170584061,0.1887096609,0.2001150587,1,"E1|equal-weight,rebalance=year|band=0.01"
2022-10-27,0.1969004132,0.1980739779,0.2167923185,0.1890390661,0.1991942243,1,"E1|equal-weight,rebalance=year|band=0.01"
2022-10-28,0.1978225676,0.1981060422,0.2157969077,0.1886404652,0.1996340173,1,"E1|equal-weight,rebalance=year|band=0.01"
2022-10-31,0.1991897709,0.1982433634,0.2163225976,0.1874918062,0.1987524619,1,"E1|equal-weight,rebalance=year|band=0.01"
2022-11-01,0.2000159675,0.1996732989,0.2154210937,0.1869887502,0.1979008897,1,"E1|equal-weight,rebalance=year|band=0.01"
2022-11-02,0.1996590252,0.1992990867,0.214861885,0.188015218,0.1981647851,1,"E1|equal-weight,rebalance=year|band=0.01"
2022-11-03,0.1999033066,0.1995983561,0.215932941,0.1861003689,0.1984650274,1,"E1|equal-weight,rebalance=year|band=0.01"
2022-11-04,0.1999156418,0.1996137287,0.2153351124,0.1870070139,0.1981285032,1,"E1|equal-weight,rebalance=year|band=0.01"
2022-11-07,0.1994108532,0.2000247252,0.2160057765,0.1876672718,0.1968913733,1,"E1|equal-weight,rebalance=year|band=0.01"
2022-11-09,0.1989182926,0.1994663185,0.2163771722,0.1884727739,0.1967654428,1,"E1|equal-weight,rebalance=year|band=0.01"
2022-11-10,0.1981277643,0.1981437989,0.2162313118,0.1900192141,0.1974779109,1,"E1|equal-weight,rebalance=year|band=0.01"
2022-11-11,0.1993928973,0.1979886027,0.2166870173,0.1904917855,0.1954396972,1,"E1|equal-weight,rebalance=year|band=0.01"
2022-11-14,0.1991172119,0.1987326186,0.2162991862,0.1905309852,0.1953199981,1,"E1|equal-weight,rebalance=year|band=0.01"
2022-11-15,0.1990529673,0.1983285802,0.2168804962,0.1911651865,0.1945727698,1,"E1|equal-weight,rebalance=year|band=0.01"
2022-11-16,0.1990120064,0.1968030178,0.2175673742,0.192010703,0.1946068986,1,"E1|equal-weight,rebalance=year|band=0.01"
2022-11-17,0.1989534407,0.1959092037,0.2180688026,0.1918321611,0.1952363919,1,"E1|equal-weight,rebalance=year|band=0.01"
2022-11-18,0.1988546586,0.1950962601,0.2182149837,0.1923880196,0.195446078,1,"E1|equal-weight,rebalance=year|band=0.01"
2022-11-21,0.1985072134,0.1949086646,0.2186217353,0.1914116483,0.1965507384,1,"E1|equal-weight,rebalance=year|band=0.01"
2022-11-22,0.1987991403,0.1948803312,0.2186547285,0.1914652908,0.1962005092,1,"E1|equal-weight,rebalance=year|band=0.01"
2022-11-23,0.1987380126,0.1950405114,0.2197360958,0.1905843854,0.1959009948,1,"E1|equal-weight,rebalance=year|band=0.01"
2022-11-24,0.1997667607,0.1946769343,0.2201484694,0.1906147911,0.1947930445,1,"E1|equal-weight,rebalance=year|band=0.01"
2022-11-25,0.2001998802,0.1950376648,0.2199388789,0.1901796323,0.1946439438,1,"E1|equal-weight,rebalance=year|band=0.01"
2022-11-28,0.2005048896,0.1950958715,0.2196010648,0.1904129151,0.194385259,1,"E1|equal-weight,rebalance=year|band=0.01"
2022-11-29,0.2005645084,0.1957652372,0.2195423899,0.1900201138,0.1941077507,1,"E1|equal-weight,rebalance=year|band=0.01"
2022-11-30,0.2010758028,0.1969164585,0.2192533652,0.1893225992,0.1934317743,1,"E1|equal-weight,rebalance=year|band=0.01"
2022-12-01,0.2013587696,0.1972008729,0.2185495028,0.1899445878,0.1929462669,1,"E1|equal-weight,rebalance=year|band=0.01"
2022-12-02,0.2003929806,0.1972989646,0.2177316796,0.1918397962,0.192736579,1,"E1|equal-weight,rebalance=year|band=0.01"
2022-12-05,0.1997005294,0.1968669167,0.2185147328,0.1923995269,0.1925182942,1,"E1|equal-weight,rebalance=year|band=0.01"
2022-12-06,0.1998062594,0.1972138207,0.2183867142,0.1916549371,0.1929382686,1,"E1|equal-weight,rebalance=year|band=0.01"
2022-12-07,0.1988523092,0.197892854,0.2179886174,0.1920177455,0.1932484739,1,"E1|equal-weight,rebalance=year|band=0.01"
2022-12-08,0.198575886,0.1977036249,0.2194544658,0.1919614215,0.1923046018,1,"E1|equal-weight,rebalance=year|band=0.01"
2022-12-09,0.197806987,0.196943032,0.220075057,0.1925034714,0.1926714526,1,"E1|equal-weight,rebalance=year|band=0.01"
2022-12-12,0.1977436605,0.1967579002,0.2202573183,0.1926520358,0.1925890852,1,"E1|equal-weight,rebalance=year|band=0.01"
2022-12-13,0.1984339021,0.1960456195,0.2212304776,0.1920991198,0.192190881,1,"E1|equal-weight,rebalance=year|band=0.01"
2022-12-14,0.1983973417,0.1962379718,0.2206263973,0.1930952246,0.1916430646,1,"E1|equal-weight,rebalance=year|band=0.01"
2022-12-15,0.1975422341,0.1961052712,0.220115965,0.1927691103,0.1934674194,1,"E1|equal-weight,rebalance=year|band=0.01"
2022-12-16,0.1971702576,0.1944318432,0.2198309749,0.19406579,0.1945011343,1,"E1|equal-weight,rebalance=year|band=0.01"
2022-12-19,0.1974426337,0.1952892047,0.2196317233,0.1942176617,0.1934187766,1,"E1|equal-weight,rebalance=year|band=0.01"
2022-12-20,0.1967232916,0.1949843043,0.2197713483,0.1953312748,0.193189781,1,"E1|equal-weight,rebalance=year|band=0.01"
2022-12-21,0.1966003379,0.193473254,0.2176183944,0.1974446352,0.1948633785,1,"E1|equal-weight,rebalance=year|band=0.01"
2022-12-22,0.196368773,0.1925940796,0.2174337061,0.1980986137,0.1955048276,1,"E1|equal-weight,rebalance=year|band=0.01"
2022-12-23,0.1960641716,0.1885634439,0.2162698785,0.2004645137,0.1986379923,1,"E1|equal-weight,rebalance=year|band=0.01"
2022-12-26,0.1959497194,0.1905980066,0.2186857285,0.1982346155,0.19653193,1,"E1|equal-weight,rebalance=year|band=0.01"
2022-12-27,0.195876479,0.1913249933,0.2189162146,0.1981508774,0.1957314357,1,"E1|equal-weight,rebalance=year|band=0.01"
2022-12-28,0.1960014955,0.1923387464,0.218819198,0.1969335739,0.1959069862,1,"E1|equal-weight,rebalance=year|band=0.01"
2022-12-29,0.1961253819,0.1918197831,0.2202243897,0.1965278787,0.1953025666,1,"E1|equal-weight,rebalance=year|band=0.01"
2022-12-30,0.1955306503,0.1919012011,0.2196456343,0.1974235331,0.1954989812,1,"E1|equal-weight,rebalance=year|band=0.01"
2023-01-02,0.1961894462,0.1906162565,0.2198031477,0.1983951318,0.1949960178,1,"E1|equal-weight,rebalance=year|band=0.01"
2023-01-03,0.1956256435,0.1909923446,0.2198242728,0.1994140458,0.1941436933,1,"E1|equal-weight,rebalance=year|band=0.01"
2023-01-04,0.1944866802,0.1895833717,0.2188014299,0.2021190139,0.1950095043,1,"E1|equal-weight,rebalance=year|band=0.01"
2023-01-05,0.1943877732,0.1911655786,0.2174966063,0.2014088368,0.1955412051,1,"E1|equal-weight,rebalance=year|band=0.01"
2023-01-06,0.1942411811,0.1908337307,0.2166921689,0.2014576022,0.1967753171,1,"E1|equal-weight,rebalance=year|band=0.01"
2023-01-09,0.1950688159,0.1909810527,0.2165196061,0.2022684946,0.1951620307,1,"E1|equal-weight,rebalance=year|band=0.01"
2023-01-10,0.1940716605,0.1914167948,0.2153832221,0.2028061944,0.1963221282,1,"E1|equal-weight,rebalance=year|band=0.01"
2023-01-11,0.1940226974,0.190371074,0.21629412,0.2030086827,0.1963034259,1,"E1|equal-weight,rebalance=year|band=0.01"
2023-01-12,0.193745831,0.1910180045,0.215699471,0.2029615974,0.1965750961,1,"E1|equal-weight,rebalance=year|band=0.01"
2023-01-13,0.1938564846,0.1910034345,0.216205805,0.2032244418,0.1957098341,1,"E1|equal-weight,rebalance=year|band=0.01"
2023-01-16,0.1931413498,0.1909825069,0.2152224074,0.2050213896,0.1956323463,1,"E1|equal-weight,rebalance=year|band=0.01"
2023-01-17,0.1943638742,0.1909088871,0.2152242538,0.2040046691,0.1954983158,1,"E1|equal-weight,rebalance=year|band=0.01"
2023-01-18,0.1951994975,0.1902448564,0.2158545043,0.2034967528,0.195204389,1,"E1|equal-weight,rebalance=year|band=0.01"
2023-01-19,0.1952609567,0.1897801817,0.2154882558,0.2039547231,0.1955158827,1,"E1|equal-weight,rebalance=year|band=0.01"
2023-01-20,0.1941550436,0.1892444792,0.2162957135,0.2048986908,0.1954060729,1,"E1|equal-weight,rebalance=year|band=0.01"
2023-01-23,0.1945375745,0.1890973992,0.2171330522,0.2043200478,0.1949119263,1,"E1|equal-weight,rebalance=year|band=0.01"
2023-01-24,0.1945652234,0.1887598011,0.2167299606,0.2049563519,0.194988663,1,"E1|equal-weight,rebalance=year|band=0.01"
2023-01-25,0.1947161741,0.1864427441,0.2143304912,0.2069688462,0.1975417444,1,"E1|equal-weight,rebalance=year|band=0.01"
2023-01-27,0.1949493755,0.1822927837,0.2112229767,0.210566987,0.2009678771,1,"E1|equal-weight,rebalance=year|band=0.01"
2023-01-30,0.1955797372,0.1803760877,0.2116525044,0.2109313144,0.2014603563,1,"E1|equal-weight,rebalance=year|band=0.01"
2023-01-31,0.1951162781,0.1817796017,0.2124893893,0.2097937344,0.2008209965,1,"E1|equal-weight,rebalance=year|band=0.01"
2023-02-01,0.1949661431,0.1791848547,0.2116559152,0.2131612515,0.2010318355,1,"E1|equal-weight,rebalance=year|band=0.01"
2023-02-02,0.1938172892,0.1777426739,0.2116289818,0.2166980616,0.2001129935,1,"E1|equal-weight,rebalance=year|band=0.01"
2023-02-03,0.1959480279,0.1768757946,0.21502584,0.2120927378,0.2000575997,1,"E1|equal-weight,rebalance=year|band=0.01"
2023-02-06,0.195443693,0.1788835043,0.2147520883,0.2106110356,0.2003096788,1,"E1|equal-weight,rebalance=year|band=0.01"
2023-02-07,0.1949908795,0.1786641221,0.2152845315,0.2107283846,0.2003320823,1,"E1|equal-weight,rebalance=year|band=0.01"
2023-02-08,0.195728358,0.1795954248,0.2146404783,0.2104588497,0.1995768892,1,"E1|equal-weight,rebalance=year|band=0.01"
2023-02-09,0.1963498232,0.1782232718,0.2151779352,0.2103643439,0.1998846259,1,"E1|equal-weight,rebalance=year|band=0.01"
2023-02-10,0.1963212481,0.1790420389,0.2154996267,0.2088328484,0.2003042379,1,"E1|equal-weight,rebalance=year|band=0.01"
2023-02-13,0.1964261794,0.1769915855,0.215198371,0.2099432072,0.2014406569,1,"E1|equal-weight,rebalance=year|band=0.01"
2023-02-14,0.1970441572,0.1766040751,0.2160297241,0.2096363425,0.2006857011,1,"E1|equal-weight,rebalance=year|band=0.01"
2023-02-15,0.1982452508,0.177217822,0.2166935452,0.2070287521,0.2008146299,1,"E1|equal-weight,rebalance=year|band=0.01"
2023-02-16,0.1980882838,0.1788113203,0.21601551,0.2066676028,0.2004172831,1,"E1|equal-weight,rebalance=year|band=0.01"
2023-02-17,0.1981950296,0.1785570514,0.2147245675,0.2068926291,0.2016307224,1,"E1|equal-weight,rebalance=year|band=0.01"
2023-02-20,0.1976588232,0.1783514694,0.2131295964,0.208938932,0.201921179,1,"E1|equal-weight,rebalance=year|band=0.01"
2023-02-21,0.1976171258,0.1784392685,0.2129587651,0.2087288877,0.2022559529,1,"E1|equal-weight,rebalance=year|band=0.01"
2023-02-22,0.1965777315,0.1774313585,0.2117349305,0.2101606732,0.2040953063,1,"E1|equal-weight,rebalance=year|band=0.01"
2023-02-23,0.1965962713,0.1770513699,0.2122592416,0.2094151374,0.2046779798,1,"E1|equal-weight,rebalance=year|band=0.01"
2023-02-24,0.1963634847,0.1771402417,0.2120248925,0.2094174028,0.2050539783,1,"E1|equal-weight,rebalance=year|band=0.01"
2023-02-27,0.1958166475,0.1759360485,0.2143648115,0.2083274485,0.205555044,1,"E1|equal-weight,rebalance=year|band=0.01"
2023-02-28,0.1951119261,0.1763255728,0.2144040304,0.2083868877,0.205771583,1,"E1|equal-weight,rebalance=year|band=0.01"
2023-03-01,0.1952681819,0.1770055966,0.2150509754,0.2084016286,0.2042736175,1,"E1|equal-weight,rebalance=year|band=0.01"
2023-03-02,0.1944132566,0.1774432185,0.2141462446,0.2091389862,0.2048582941,1,"E1|equal-weight,rebalance=year|band=0.01"
2023-03-03,0.1954221292,0.1777029946,0.2162256818,0.2074502517,0.2031989427,1,"E1|equal-weight,rebalance=year|band=0.01"
2023-03-06,0.1958947035,0.1787379627,0.2159496456,0.2067923064,0.2026253818,1,"E1|equal-weight,rebalance=year|band=0.01"
2023-03-08,0.1965174066,0.1790895522,0.2173501238,0.2040330256,0.2030098918,1,"E1|equal-weight,rebalance=year|band=0.01"
2023-03-09,0.1959865131,0.1786928345,0.216792162,0.2046481687,0.2038803217,1,"E1|equal-weight,rebalance=year|band=0.01"
2023-03-10,0.1948698933,0.1792931171,0.2139717763,0.2070700428,0.2047951705,1,"E1|equal-weight,rebalance=year|band=0.01"
2023-03-13,0.1927739209,0.1778447144,0.2100281438,0.213793764,0.2055594569,1,"E1|equal-weight,rebalance=year|band=0.01"
2023-03-14,0.1920371756,0.1762936846,0.2098083725,0.2157165592,0.2061442081,1,"E1|equal-weight,rebalance=year|band=0.01"
2023-03-15,0.1917783065,0.1775791975,0.208368614,0.2154826311,0.2067912509,1,"E1|equal-weight,rebalance=year|band=0.01"
2023-03-16,0.1910433251,0.177461722,0.2077186236,0.2178826063,0.205893723,1,"E1|equal-weight,rebalance=year|band=0.01"
2023-03-17,0.1913885692,0.1779672555,0.2085411831,0.2171086341,0.2049943581,1,"E1|equal-weight,rebalance=year|band=0.01"
2023-03-20,0.189867515,0.1764156446,0.2070412363,0.2218492855,0.2048263186,1,"E1|equal-weight,rebalance=year|band=0.01"
2023-03-21,0.1905872874,0.1765171626,0.2092805705,0.2193252384,0.2042897411,1,"E1|equal-weight,rebalance=year|band=0.01"
2023-03-22,0.1909066366,0.177901439,0.2096868872,0.2172909924,0.2042140448,1,"E1|equal-weight,rebalance=year|band=0.01"
2023-03-23,0.1904200451,0.1772354345,0.2082914044,0.2192551461,0.2047979699,1,"E1|equal-weight,rebalance=year|band=0.01"
2023-03-24,0.1893694673,0.1765298558,0.2072171111,0.2218434242,0.2050401416,1,"E1|equal-weight,rebalance=year|band=0.01"
2023-03-27,0.1903187416,0.1758498798,0.2080725536,0.2201724706,0.2055863544,1,"E1|equal-weight,rebalance=year|band=0.01"
2023-03-28,0.1900887501,0.1744315167,0.2091680102,0.22050669,0.205805033,1,"E1|equal-weight,rebalance=year|band=0.01"
2023-03-29,0.1903590473,0.1744965632,0.2099942952,0.2204089301,0.2047411642,1,"E1|equal-weight,rebalance=year|band=0.01"
2023-03-31,0.1911476694,0.1752051936,0.2111514274,0.2197279664,0.2027677432,1,"E1|equal-weight,rebalance=year|band=0.01"
2023-04-03,0.2,0.2,0.2,0.2,0.2,1,"E1|equal-weight,rebalance=year|band=0.01"
2023-04-05,0.2001538991,0.1994414105,0.1992841195,0.2025973742,0.1985231967,1,"E1|equal-weight,rebalance=year|band=0.01"
2023-04-06,0.2005403367,0.2000081218,0.1992385463,0.2020045211,0.1982084741,1,"E1|equal-weight,rebalance=year|band=0.01"
2023-04-10,0.2006322415,0.2010400834,0.1988317203,0.2007318964,0.1987640584,1,"E1|equal-weight,rebalance=year|band=0.01"
2023-04-11,0.2008634095,0.2004877044,0.2003054261,0.2004626217,0.1978808383,1,"E1|equal-weight,rebalance=year|band=0.01"
2023-04-12,0.2010707602,0.200568,0.2007036188,0.200421068,0.197236553,1,"E1|equal-weight,rebalance=year|band=0.01"
2023-04-13,0.2006226456,0.199497845,0.2024883566,0.2006909857,0.1967001671,1,"E1|equal-weight,rebalance=year|band=0.01"
2023-04-17,0.1997047134,0.200508451,0.2032410904,0.1997315552,0.19681419,1,"E1|equal-weight,rebalance=year|band=0.01"
2023-04-18,0.1991269565,0.2014786855,0.2032890734,0.1991484421,0.1969568425,1,"E1|equal-weight,rebalance=year|band=0.01"
2023-04-19,0.1995850244,0.2004807491,0.2036560519,0.1984470586,0.197831116,1,"E1|equal-weight,rebalance=year|band=0.01"
2023-04-20,0.1992056795,0.199783385,0.2037044364,0.1999498929,0.1973566062,1,"E1|equal-weight,rebalance=year|band=0.01"
2023-04-21,0.1995807882,0.1998523438,0.2035570771,0.1991130941,0.1978966968,1,"E1|equal-weight,rebalance=year|band=0.01"
2023-04-24,0.1997548994,0.1999789901,0.2051730366,0.1980406257,0.1970524482,1,"E1|equal-weight,rebalance=year|band=0.01"
2023-04-25,0.1996545959,0.2006318036,0.2049273948,0.1979891252,0.1967970805,1,"E1|equal-weight,rebalance=year|band=0.01"
2023-04-26,0.1997033881,0.2006047701,0.2051537001,0.1981547717,0.19638337,1,"E1|equal-weight,rebalance=year|band=0.01"
2023-04-27,0.200438026,0.2008571838,0.2053684244,0.1975155892,0.1958207766,1,"E1|equal-weight,rebalance=year|band=0.01"
2023-04-28,0.200988122,0.2025912284,0.20553876,0.1958516438,0.1950302458,1,"E1|equal-weight,rebalance=year|band=0.01"
2023-05-02,0.2015215467,0.2028282364,0.2055283548,0.195511252,0.1946106101,1,"E1|equal-weight,rebalance=year|band=0.01"
2023-05-03,0.2002824286,0.2027770279,0.2049373842,0.1978574066,0.1941457527,1,"E1|equal-weight,rebalance=year|band=0.01"
2023-05-04,0.2007646205,0.2027920288,0.2052274337,0.1982827652,0.1929331518,1,"E1|equal-weight,rebalance=year|band=0.01"
2023-05-05,0.2003464808,0.2038715275,0.2022258939,0.1994320485,0.1941240493,1,"E1|equal-weight,rebalance=year|band=0.01"
2023-05-08,0.2012411722,0.2045407974,0.2037414865,0.1971995389,0.193277005,1,"E1|equal-weight,rebalance=year|band=0.01"
2023-05-09,0.2012412438,0.2043020456,0.2031696668,0.1979655103,0.1933215335,1,"E1|equal-weight,rebalance=year|band=0.01"
2023-05-10,0.2011759777,0.2047565488,0.2032314081,0.1978308489,0.1930052165,1,"E1|equal-weight,rebalance=year|band=0.01"
2023-05-11,0.2009670956,0.2058028753,0.2036715926,0.1970544356,0.1925040009,1,"E1|equal-weight,rebalance=year|band=0.01"
2023-05-12,0.200991259,0.2056577491,0.2052717748,0.1954348544,0.1926443627,1,"E1|equal-weight,rebalance=year|band=0.01"
2023-05-15,0.2011263776,0.2056132193,0.2055081499,0.1959036728,0.1918485804,1,"E1|equal-weight,rebalance=year|band=0.01"
2023-05-16,0.2006010634,0.2061580937,0.2057181485,0.1953376504,0.192185044,1,"E1|equal-weight,rebalance=year|band=0.01"
2023-05-17,0.2007372969,0.2059406602,0.2056509308,0.1945833045,0.1930878076,1,"E1|equal-weight,rebalance=year|band=0.01"
2023-05-18,0.2004759423,0.2044960932,0.2065486091,0.1949097845,0.1935695709,1,"E1|equal-weight,rebalance=year|band=0.01"
2023-05-19,0.200882143,0.2048758002,0.2069964998,0.1939864386,0.1932591184,1,"E1|equal-weight,rebalance=year|band=0.01"
2023-05-22,0.2007940107,0.2059392858,0.2058187573,0.1950388564,0.1924090898,1,"E1|equal-weight,rebalance=year|band=0.01"
2023-05-23,0.2013121352,0.206706692,0.2061087017,0.1932036125,0.1926688586,1,"E1|equal-weight,rebalance=year|band=0.01"
2023-05-24,0.2007054674,0.206524458,0.2053245986,0.1945748717,0.1928706043,1,"E1|equal-weight,rebalance=year|band=0.01"
2023-05-25,0.2011021722,0.2075871135,0.2050829502,0.1933850068,0.1928427573,1,"E1|equal-weight,rebalance=year|band=0.01"
2023-05-26,0.2021433694,0.2087048653,0.2054518551,0.1918773821,0.1918225281,1,"E1|equal-weight,rebalance=year|band=0.01"
2023-05-29,0.2026723449,0.2090989998,0.2064220158,0.1906051783,0.1912014612,1,"E1|equal-weight,rebalance=year|band=0.01"
2023-05-30,0.2027611919,0.2090927926,0.206693664,0.1903345795,0.191117772,1,"E1|equal-weight,rebalance=year|band=0.01"
2023-05-31,0.2023171082,0.2097532873,0.2060041703,0.1905332142,0.19139222,1,"E1|equal-weight,rebalance=year|band=0.01"
2023-06-01,0.2019568882,0.2110734401,0.2049460468,0.1902992473,0.1917243776,1,"E1|equal-weight,rebalance=year|band=0.01"
2023-06-02,0.2020446143,0.2110572184,0.2050366211,0.1908150157,0.1910465305,1,"E1|equal-weight,rebalance=year|band=0.01"
2023-06-05,0.2025701404,0.2116641546,0.2058603373,0.1886673966,0.1912379711,1,"E1|equal-weight,rebalance=year|band=0.01"
2023-06-06,0.2018606612,0.2121254876,0.2056595035,0.1895266413,0.1908277064,1,"E1|equal-weight,rebalance=year|band=0.01"
2023-06-07,0.2025212098,0.2133098981,0.2052495247,0.1886470417,0.1902723257,1,"E1|equal-weight,rebalance=year|band=0.01"
2023-06-08,0.2025621813,0.212952544,0.2049982565,0.1883735002,0.191113518,1,"E1|equal-weight,rebalance=year|band=0.01"
2023-06-09,0.2020185924,0.2127583571,0.2048696319,0.189275657,0.1910777616,1,"E1|equal-weight,rebalance=year|band=0.01"
2023-06-12,0.202233376,0.2132606321,0.2045555702,0.1889670936,0.1909833281,1,"E1|equal-weight,rebalance=year|band=0.01"
2023-06-13,0.2025602388,0.2144364467,0.2043909614,0.1882125321,0.190399821,1,"E1|equal-weight,rebalance=year|band=0.01"
2023-06-14,0.2030423724,0.2152136544,0.2041511616,0.1870729113,0.1905199003,1,"E1|equal-weight,rebalance=year|band=0.01"
2023-06-15,0.2034515538,0.2161391923,0.2025041695,0.1864560449,0.1914490395,1,"E1|equal-weight,rebalance=year|band=0.01"
2023-06-16,0.2032741919,0.2166825894,0.2031082349,0.1868942738,0.19004071,1,"E1|equal-weight,rebalance=year|band=0.01"
2023-06-19,0.2029966873,0.2171268144,0.2023356655,0.1869016848,0.190639148,1,"E1|equal-weight,rebalance=year|band=0.01"
2023-06-20,0.2032421327,0.217717876,0.202303384,0.1864090916,0.1903275157,1,"E1|equal-weight,rebalance=year|band=0.01"
2023-06-21,0.203852975,0.2175039103,0.2028854588,0.1851563466,0.1906013093,1,"E1|equal-weight,rebalance=year|band=0.01"
2023-06-22,0.2042061056,0.2156989993,0.2033590081,0.1851894018,0.1915464852,1,"E1|equal-weight,rebalance=year|band=0.01"
2023-06-23,0.2038818967,0.2142125178,0.2038337543,0.1856215066,0.1924503246,1,"E1|equal-weight,rebalance=year|band=0.01"
2023-06-26,0.203643234,0.2146882893,0.2034020197,0.1861261078,0.1921403492,1,"E1|equal-weight,rebalance=year|band=0.01"
2023-06-27,0.2042062229,0.2145948583,0.2049295523,0.1847695597,0.1914998068,1,"E1|equal-weight,rebalance=year|band=0.01"
2023-06-28,0.2051942188,0.21539287,0.2053356414,0.1832052046,0.1908720652,1,"E1|equal-weight,rebalance=year|band=0.01"
2023-06-30,0.2064824877,0.216341345,0.2059034832,0.1813457034,0.1899269807,1,"E1|equal-weight,rebalance=year|band=0.01"
2023-07-03,0.2070412264,0.2154177911,0.2071831174,0.1813034911,0.189054374,1,"E1|equal-weight,rebalance=year|band=0.01"
2023-07-04,0.2072294206,0.2144376669,0.2077553902,0.1819885089,0.1885890134,1,"E1|equal-weight,rebalance=year|band=0.01"
2023-07-05,0.2068616405,0.2160588253,0.2065173667,0.1821494191,0.1884127484,1,"E1|equal-weight,rebalance=year|band=0.01"
2023-07-06,0.2073101018,0.2166859519,0.2066978643,0.1813662415,0.1879398405,1,"E1|equal-weight,rebalance=year|band=0.01"
2023-07-07,0.2069979215,0.2157337827,0.205898895,0.182586801,0.1887825998,1,"E1|equal-weight,rebalance=year|band=0.01"
2023-07-10,0.207275255,0.2148994736,0.2056802513,0.1829367794,0.1892082407,1,"E1|equal-weight,rebalance=year|band=0.01"
2023-07-11,0.2075419155,0.2158197896,0.2049207084,0.1829511826,0.1887664039,1,"E1|equal-weight,rebalance=year|band=0.01"
2023-07-12,0.2073875388,0.2165687425,0.2044345224,0.1827676701,0.1888415262,1,"E1|equal-weight,rebalance=year|band=0.01"
2023-07-13,0.2076175018,0.2152818525,0.2042757199,0.1841243114,0.1887006144,1,"E1|equal-weight,rebalance=year|band=0.01"
2023-07-14,0.2080134787,0.2160067851,0.2041385706,0.183750809,0.1880903566,1,"E1|equal-weight,rebalance=year|band=0.01"
2023-07-17,0.2086964828,0.2155780513,0.2058509538,0.1825452163,0.1873292958,1,"E1|equal-weight,rebalance=year|band=0.01"
2023-07-18,0.2091640807,0.2147944609,0.2055256782,0.1831557528,0.1873600274,1,"E1|equal-weight,rebalance=year|band=0.01"
2023-07-19,0.2091609402,0.2148493833,0.205762033,0.1836505982,0.1865770453,1,"E1|equal-weight,rebalance=year|band=0.01"
2023-07-20,0.209888546,0.2136570261,0.2072959567,0.1832117612,0.18594671,1,"E1|equal-weight,rebalance=year|band=0.01"
2023-07-21,0.2089588108,0.2135041352,0.2080998334,0.1825529457,0.1868842749,1,"E1|equal-weight,rebalance=year|band=0.01"
2023-07-24,0.2084562119,0.2138145241,0.2078021207,0.1827440695,0.1871830738,1,"E1|equal-weight,rebalance=year|band=0.01"
2023-07-25,0.2083162452,0.2146418221,0.2074289287,0.1824447408,0.1871682632,1,"E1|equal-weight,rebalance=year|band=0.01"
2023-07-26,0.2085886751,0.2147170546,0.2074623847,0.1827115382,0.1865203474,1,"E1|equal-weight,rebalance=year|band=0.01"
2023-07-27,0.2078303167,0.2156102215,0.2064625177,0.1832871455,0.1868097986,1,"E1|equal-weight,rebalance=year|band=0.01"
2023-07-28,0.2075704294,0.2179094647,0.205296937,0.182367563,0.1868556059,1,"E1|equal-weight,rebalance=year|band=0.01"
2023-07-31,0.2081303201,0.2183568491,0.2053361801,0.1817814641,0.1863951866,1,"E1|equal-weight,rebalance=year|band=0.01"
2023-08-01,0.208018784,0.2181408589,0.2051231367,0.1820845404,0.18663268,1,"E1|equal-weight,rebalance=year|band=0.01"
2023-08-02,0.2074414212,0.2170583961,0.204163923,0.1833410468,0.1879952129,1,"E1|equal-weight,rebalance=year|band=0.01"
2023-08-03,0.2070622679,0.2167723693,0.2033068188,0.1838164285,0.1890421155,1,"E1|equal-weight,rebalance=year|band=0.01"
2023-08-04,0.2074772798,0.217894822,0.2037033272,0.1827724376,0.1881521334,1,"E1|equal-weight,rebalance=year|band=0.01"
2023-08-07,0.2081852021,0.2180285483,0.2031049218,0.1825870831,0.1880942447,1,"E1|equal-weight,rebalance=year|band=0.01"
2023-08-08,0.2078437918,0.2179697315,0.2035542219,0.1826757247,0.1879565301,1,"E1|equal-weight,rebalance=year|band=0.01"
2023-08-09,0.2083993414,0.2183398256,0.2034917539,0.1818856701,0.187883409,1,"E1|equal-weight,rebalance=year|band=0.01"
2023-08-10,0.2081414384,0.2180682151,0.2029724132,0.1821315658,0.1886863675,1,"E1|equal-weight,rebalance=year|band=0.01"
2023-08-11,0.2078745223,0.2182539937,0.2022517743,0.1823233196,0.1892963901,1,"E1|equal-weight,rebalance=year|band=0.01"
2023-08-14,0.2087003237,0.216261807,0.2021778115,0.1828077668,0.190052291,1,"E1|equal-weight,rebalance=year|band=0.01"
2023-08-16,0.2089110178,0.2164010898,0.2014119877,0.183014196,0.1902617087,1,"E1|equal-weight,rebalance=year|band=0.01"
2023-08-17,0.2086320929,0.2164490642,0.201655172,0.1824518821,0.1908117888,1,"E1|equal-weight,rebalance=year|band=0.01"
2023-08-18,0.2083901277,0.2159134004,0.2018617134,0.1825822919,0.1912524666,1,"E1|equal-weight,rebalance=year|band=0.01"
2023-08-21,0.2084834082,0.2163628265,0.2021785552,0.1819798228,0.1909953873,1,"E1|equal-weight,rebalance=year|band=0.01"
2023-08-22,0.2078443246,0.2177190061,0.2016429056,0.1822851472,0.1905086165,1,"E1|equal-weight,rebalance=year|band=0.01"
2023-08-23,0.2081085581,0.2173721196,0.2031807333,0.181388816,0.189949773,1,"E1|equal-weight,rebalance=year|band=0.01"
2023-08-24,0.2074523266,0.2171841612,0.2033192936,0.1821252191,0.1899189995,1,"E1|equal-weight,rebalance=year|band=0.01"
2023-08-25,0.2073539753,0.2163560688,0.2029491172,0.1825740099,0.1907668288,1,"E1|equal-weight,rebalance=year|band=0.01"
2023-08-28,0.206971221,0.2173701504,0.2036020598,0.1816322138,0.190424355,1,"E1|equal-weight,rebalance=year|band=0.01"
2023-08-29,0.2067533996,0.2182013708,0.203196241,0.1818491316,0.189999857,1,"E1|equal-weight,rebalance=year|band=0.01"
2023-08-30,0.2068485023,0.2186499259,0.201799924,0.1829171329,0.1897845149,1,"E1|equal-weight,rebalance=year|band=0.01"
2023-08-31,0.2066882955,0.2178306757,0.2016461429,0.1834733526,0.1903615333,1,"E1|equal-weight,rebalance=year|band=0.01"
2023-09-01,0.2070805833,0.2186639718,0.2022223298,0.1826072401,0.189425875,1,"E1|equal-weight,rebalance=year|band=0.01"
2023-09-04,0.2074889682,0.2196429936,0.2020254189,0.1820998165,0.1887428028,1,"E1|equal-weight,rebalance=year|band=0.01"
2023-09-05,0.207621899,0.219908627,0.2021073965,0.1816806744,0.1886814031,1,"E1|equal-weight,rebalance=year|band=0.01"
2023-09-06,0.2077991554,0.2208561176,0.2014270386,0.1813720093,0.1885456791,1,"E1|equal-weight,rebalance=year|band=0.01"
2023-09-07,0.2081045994,0.2213115694,0.2024159819,0.1802412007,0.1879266486,1,"E1|equal-weight,rebalance=year|band=0.01"
2023-09-08,0.2082783009,0.222132707,0.2028284433,0.1796096888,0.18715086,1,"E1|equal-weight,rebalance=year|band=0.01"
2023-09-11,0.2090342758,0.2228125578,0.2034280954,0.1784723266,0.1862527444,1,"E1|equal-weight,rebalance=year|band=0.01"
2023-09-12,0.2100138091,0.2192625469,0.2044475288,0.178962476,0.1873136392,1,"E1|equal-weight,rebalance=year|band=0.01"
2023-09-13,0.2105484272,0.2193399564,0.2054239745,0.1779139567,0.1867736852,1,"E1|equal-weight,rebalance=year|band=0.01"
2023-09-14,0.210213381,0.2203308402,0.205469314,0.1775506582,0.1864358066,1,"E1|equal-weight,rebalance=year|band=0.01"
2023-09-15,0.2105554209,0.2198919476,0.2057906248,0.1778602488,0.1859017579,1,"E1|equal-weight,rebalance=year|band=0.01"
2023-09-18,0.2100156109,0.219930127,0.2049240035,0.1790598614,0.1860703972,1,"E1|equal-weight,rebalance=year|band=0.01"
2023-09-20,0.2092342062,0.2195789629,0.2037162899,0.1800638555,0.1874066855,1,"E1|equal-weight,rebalance=year|band=0.01"
2023-09-21,0.2089641105,0.2192862074,0.2017896928,0.1810630608,0.1888969285,1,"E1|equal-weight,rebalance=year|band=0.01"
2023-09-22,0.2083357787,0.2193258256,0.2022413421,0.1810211381,0.1890759155,1,"E1|equal-weight,rebalance=year|band=0.01"
2023-09-25,0.2083939017,0.2186752677,0.2026091463,0.1810799927,0.1892416916,1,"E1|equal-weight,rebalance=year|band=0.01"
2023-09-26,0.2083990794,0.2193108578,0.2022646224,0.180554875,0.1894705654,1,"E1|equal-weight,rebalance=year|band=0.01"
2023-09-27,0.209315926,0.2194562711,0.2023767499,0.1793691061,0.1894819469,1,"E1|equal-weight,rebalance=year|band=0.01"
2023-09-28,0.2090006391,0.2186001382,0.2022174465,0.1793856554,0.1907961208,1,"E1|equal-weight,rebalance=year|band=0.01"
2023-09-29,0.2091548831,0.2196620168,0.2026333951,0.1784168027,0.1901329023,1,"E1|equal-weight,rebalance=year|band=0.01"
2023-10-03,0.2088520876,0.220245347,0.2023955073,0.1774619524,0.1910451057,1,"E1|equal-weight,rebalance=year|band=0.01"
2023-10-04,0.2091641829,0.2193251923,0.2021225209,0.1769770132,0.1924110907,1,"E1|equal-weight,rebalance=year|band=0.01"
2023-10-05,0.2098527112,0.218986043,0.2028630151,0.1762269014,0.1920713293,1,"E1|equal-weight,rebalance=year|band=0.01"
2023-10-06,0.2101526649,0.2194405845,0.202937705,0.1760638709,0.1914051747,1,"E1|equal-weight,rebalance=year|band=0.01"
2023-10-09,0.209783321,0.2177520479,0.20176775,0.1785102747,0.1921866064,1,"E1|equal-weight,rebalance=year|band=0.01"
2023-10-10,0.2100006444,0.2190472083,0.2024754807,0.177518673,0.1909579936,1,"E1|equal-weight,rebalance=year|band=0.01"
2023-10-11,0.2107787979,0.2188984851,0.2023348465,0.1777162942,0.1902715763,1,"E1|equal-weight,rebalance=year|band=0.01"
2023-10-12,0.2102736607,0.2191692351,0.202353292,0.1782139828,0.1899898294,1,"E1|equal-weight,rebalance=year|band=0.01"
2023-10-13,0.2100421067,0.2195698444,0.2012997807,0.1788116981,0.1902765701,1,"E1|equal-weight,rebalance=year|band=0.01"
2023-10-16,0.2092562588,0.2195169638,0.2003880201,0.1810194847,0.1898192726,1,"E1|equal-weight,rebalance=year|band=0.01"
2023-10-17,0.2094413178,0.2198547636,0.2003894328,0.1808564076,0.1894580782,1,"E1|equal-weight,rebalance=year|band=0.01"
2023-10-18,0.2088387387,0.2187476149,0.1991353649,0.183152128,0.1901261535,1,"E1|equal-weight,rebalance=year|band=0.01"
2023-10-19,0.2086064749,0.218356967,0.1987642359,0.1838654504,0.1904068718,1,"E1|equal-weight,rebalance=year|band=0.01"
2023-10-20,0.2074358693,0.2168097438,0.1987284505,0.1864547216,0.1905712148,1,"E1|equal-weight,rebalance=year|band=0.01"
2023-10-23,0.2071760578,0.2145998012,0.1979836393,0.1878996304,0.1923408713,1,"E1|equal-weight,rebalance=year|band=0.01"
2023-10-25,0.2066652726,0.2138770253,0.1975293308,0.1884576794,0.1934706919,1,"E1|equal-weight,rebalance=year|band=0.01"
2023-10-26,0.204995376,0.213453909,0.1961543637,0.1909359149,0.1944604364,1,"E1|equal-weight,rebalance=year|band=0.01"
2023-10-27,0.2053284016,0.2158682346,0.1967932674,0.1888890554,0.193121041,1,"E1|equal-weight,rebalance=year|band=0.01"
2023-10-30,0.2054529055,0.2154445184,0.19708301,0.1895392812,0.1924802849,1,"E1|equal-weight,rebalance=year|band=0.01"
2023-10-31,0.2050424082,0.216054029,0.1964875653,0.1897905575,0.19262544,1,"E1|equal-weight,rebalance=year|band=0.01"
2023-11-01,0.2048252107,0.2156929082,0.196727003,0.1893856619,0.1933692162,1,"E1|equal-weight,rebalance=year|band=0.01"
2023-11-02,0.205181516,0.2172590013,0.1967603588,0.1885633452,0.1922357787,1,"E1|equal-weight,rebalance=year|band=0.01"
2023-11-03,0.2053442131,0.2183402771,0.1972425431,0.1876001532,0.1914728135,1,"E1|equal-weight,rebalance=year|band=0.01"
2023-11-06,0.2061742413,0.2190934456,0.1975127358,0.1865365888,0.1906829885,1,"E1|equal-weight,rebalance=year|band=0.01"
2023-11-07,0.2059344806,0.2207354719,0.1977955456,0.1849758648,0.1905586371,1,"E1|equal-weight,rebalance=year|band=0.01"
2023-11-08,0.2059720218,0.2215291164,0.1973102695,0.1848606409,0.1903279514,1,"E1|equal-weight,rebalance=year|band=0.01"
2023-11-09,0.2060642877,0.2212806762,0.1979979429,0.1837416168,0.1909154764,1,"E1|equal-weight,rebalance=year|band=0.01"
2023-11-10,0.2055743525,0.2213773674,0.1978130828,0.1846878893,0.190547308,1,"E1|equal-weight,rebalance=year|band=0.01"
2023-11-12,0.205947707,0.2220094549,0.198019427,0.1838731148,0.1901502963,1,"E1|equal-weight,rebalance=year|band=0.01"
2023-11-13,0.2057075915,0.2226317301,0.1979787259,0.1831738647,0.1905080878,1,"E1|equal-weight,rebalance=year|band=0.01"
2023-11-15,0.2063645883,0.2229809687,0.1979956652,0.1836002635,0.1890585143,1,"E1|equal-weight,rebalance=year|band=0.01"
2023-11-16,0.2071802911,0.2233724909,0.197571131,0.1830711727,0.1888049143,1,"E1|equal-weight,rebalance=year|band=0.01"
2023-11-17,0.2068888688,0.2247080005,0.1951045509,0.1846040965,0.1886944833,1,"E1|equal-weight,rebalance=year|band=0.01"
2023-11-20,0.2066530617,0.2245788827,0.1953511063,0.1842487852,0.1891681641,1,"E1|equal-weight,rebalance=year|band=0.01"
2023-11-21,0.2071604194,0.2241212739,0.1953496447,0.1846043934,0.1887642686,1,"E1|equal-weight,rebalance=year|band=0.01"
2023-11-22,0.2074259939,0.2233399571,0.1945580345,0.185755201,0.1889208135,1,"E1|equal-weight,rebalance=year|band=0.01"
2023-11-23,0.2073526561,0.2238977297,0.1947562871,0.1851302129,0.1888631142,1,"E1|equal-weight,rebalance=year|band=0.01"
2023-11-24,0.20711522,0.2234348652,0.1952484715,0.1854482212,0.1887532221,1,"E1|equal-weight,rebalance=year|band=0.01"
2023-11-28,0.2072741785,0.2243910283,0.1950130237,0.1852088356,0.1881129339,1,"E1|equal-weight,rebalance=year|band=0.01"
2023-11-29,0.2072384523,0.2243021112,0.1960743996,0.1860528947,0.1863321422,1,"E1|equal-weight,rebalance=year|band=0.01"
2023-11-30,0.2070011357,0.2260117712,0.1954311666,0.1857961936,0.1857597329,1,"E1|equal-weight,rebalance=year|band=0.01"
2023-12-01,0.2073635909,0.2271029096,0.1955036744,0.1852606626,0.1847691625,1,"E1|equal-weight,rebalance=year|band=0.01"
2023-12-04,0.2078312198,0.2275944841,0.1993377656,0.1835427551,0.1816937754,1,"E1|equal-weight,rebalance=year|band=0.01"
2023-12-05,0.2087367037,0.2293185708,0.2007336794,0.1801812827,0.1810297634,1,"E1|equal-weight,rebalance=year|band=0.01"
2023-12-06,0.2090898998,0.2312540857,0.1995498601,0.1794248268,0.1806813276,1,"E1|equal-weight,rebalance=year|band=0.01"
2023-12-07,0.2084596635,0.2324139337,0.1992184629,0.179646781,0.1802611589,1,"E1|equal-weight,rebalance=year|band=0.01"
2023-12-08,0.2088558697,0.2307947377,0.2008543967,0.1792711393,0.1802238566,1,"E1|equal-weight,rebalance=year|band=0.01"
2023-12-11,0.2091547841,0.2332481871,0.2012732643,0.1760805909,0.1802431736,1,"E1|equal-weight,rebalance=year|band=0.01"
2023-12-12,0.2092098589,0.2326928051,0.2009530603,0.1761822566,0.1809620191,1,"E1|equal-weight,rebalance=year|band=0.01"
2023-12-13,0.2089866181,0.2337618048,0.2008117739,0.175781765,0.1806580382,1,"E1|equal-weight,rebalance=year|band=0.01"
2023-12-14,0.2091842239,0.2340153727,0.2010696775,0.1770653511,0.1786653748,1,"E1|equal-weight,rebalance=year|band=0.01"
2023-12-15,0.2106678128,0.2334491268,0.2015492223,0.1763725263,0.1779613118,1,"E1|equal-weight,rebalance=year|band=0.01"
2023-12-18,0.210580366,0.2353308315,0.2007965197,0.1752680726,0.1780242102,1,"E1|equal-weight,rebalance=year|band=0.01"
2023-12-19,0.2105101236,0.2353344864,0.2008001273,0.1754469937,0.177908269,1,"E1|equal-weight,rebalance=year|band=0.01"
2023-12-20,0.2096987459,0.2314808434,0.2007745672,0.1781651769,0.1798806666,1,"E1|equal-weight,rebalance=year|band=0.01"
2023-12-21,0.2096585194,0.2326660338,0.2016210439,0.1772065202,0.1788478827,1,"E1|equal-weight,rebalance=year|band=0.01"
2023-12-22,0.2100342296,0.2341888247,0.1993104824,0.1779496708,0.1785167925,1,"E1|equal-weight,rebalance=year|band=0.01"
2023-12-26,0.2101561846,0.2350775304,0.1992063011,0.1778767178,0.1776832661,1,"E1|equal-weight,rebalance=year|band=0.01"
2023-12-27,0.2107139956,0.2348631826,0.2002846775,0.1774331991,0.1767049452,1,"E1|equal-weight,rebalance=year|band=0.01"
2023-12-28,0.2110192222,0.2350232726,0.2004119336,0.1774575275,0.1760880441,1,"E1|equal-weight,rebalance=year|band=0.01"
2023-12-29,0.2104683585,0.2368329458,0.1998474289,0.1767779449,0.1760733219,1,"E1|equal-weight,rebalance=year|band=0.01"
2024-01-01,0.2108719625,0.2369171276,0.1993312721,0.1768643928,0.176015245,1,"E1|equal-weight,rebalance=year|band=0.01"
2024-01-02,0.2103981937,0.2369051947,0.1979981576,0.1781988451,0.1764996089,1,"E1|equal-weight,rebalance=year|band=0.01"
2024-01-03,0.2093417969,0.2392784025,0.1978274382,0.1768149427,0.1767374197,1,"E1|equal-weight,rebalance=year|band=0.01"
2024-01-04,0.2096948778,0.2402936358,0.1989223255,0.1751696554,0.1759195055,1,"E1|equal-weight,rebalance=year|band=0.01"
2024-01-05,0.2101982067,0.2401782935,0.1987947863,0.1747745077,0.1760542058,1,"E1|equal-weight,rebalance=year|band=0.01"
2024-01-08,0.2099408791,0.2399565583,0.1975211707,0.1751126,0.1774687919,1,"E1|equal-weight,rebalance=year|band=0.01"
2024-01-09,0.2098690275,0.2407761929,0.1964365157,0.1755418951,0.1773763688,1,"E1|equal-weight,rebalance=year|band=0.01"
2024-01-10,0.2103831014,0.2407187067,0.1968627262,0.1749190662,0.1771163995,1,"E1|equal-weight,rebalance=year|band=0.01"
2024-01-11,0.2100136745,0.2425631378,0.1963981043,0.1742676621,0.1767574213,1,"E1|equal-weight,rebalance=year|band=0.01"
2024-01-12,0.2115829614,0.2417630825,0.1966612103,0.1739851134,0.1760076324,1,"E1|equal-weight,rebalance=year|band=0.01"
2024-01-15,0.2125051551,0.2410516503,0.1973467177,0.1739172712,0.1751792057,1,"E1|equal-weight,rebalance=year|band=0.01"
2024-01-16,0.2121966847,0.2412452681,0.1974021046,0.1736029176,0.175553025,1,"E1|equal-weight,rebalance=year|band=0.01"
2024-01-17,0.211233013,0.2426660968,0.1926784783,0.1750746749,0.178347737,1,"E1|equal-weight,rebalance=year|band=0.01"
2024-01-18,0.2113166394,0.2425561252,0.1918367923,0.1751847914,0.1791056517,1,"E1|equal-weight,rebalance=year|band=0.01"
2024-01-19,0.2115326074,0.2445233246,0.1905320282,0.1753225498,0.17808949,1,"E1|equal-weight,rebalance=year|band=0.01"
2024-01-20,0.2109151352,0.2442342884,0.1917839317,0.175184605,0.1778820397,1,"E1|equal-weight,rebalance=year|band=0.01"
2024-01-23,0.2103674659,0.2413582506,0.1902078688,0.1776013318,0.1804650829,1,"E1|equal-weight,rebalance=year|band=0.01"
2024-01-24,0.2111449806,0.2437045715,0.1892311467,0.1766066769,0.1793126243,1,"E1|equal-weight,rebalance=year|band=0.01"
2024-01-25,0.2104471412,0.2452873596,0.1884084397,0.1762375773,0.1796194822,1,"E1|equal-weight,rebalance=year|band=0.01"
2024-01-29,0.2118561277,0.2454137562,0.1893412623,0.1753627408,0.178026113,1,"E1|equal-weight,rebalance=year|band=0.01"
2024-01-30,0.2106846986,0.2452087408,0.1892728283,0.1763302125,0.1785035198,1,"E1|equal-weight,rebalance=year|band=0.01"
2024-01-31,0.2110987168,0.2454334961,0.1903265379,0.1758355063,0.1773057429,1,"E1|equal-weight,rebalance=year|band=0.01"
2024-02-01,0.2105305513,0.2459329648,0.1906122437,0.1758922032,0.177032037,1,"E1|equal-weight,rebalance=year|band=0.01"
2024-02-02,0.2109671139,0.2472236599,0.1895820204,0.1757228268,0.176504379,1,"E1|equal-weight,rebalance=year|band=0.01"
2024-02-05,0.211105135,0.2473742943,0.1893776685,0.1746358748,0.1775070274,1,"E1|equal-weight,rebalance=year|band=0.01"
2024-02-06,0.2116585198,0.2495717637,0.1883843678,0.1736818401,0.1767035086,1,"E1|equal-weight,rebalance=year|band=0.01"
2024-02-07,0.2107464805,0.2521983146,0.1877555174,0.1735715722,0.1757281153,1,"E1|equal-weight,rebalance=year|band=0.01"
2024-02-08,0.2099719868,0.2539096793,0.1855959247,0.173899028,0.1766233812,1,"E1|equal-weight,rebalance=year|band=0.01"
2024-02-09,0.2098893352,0.2530050756,0.1874135664,0.173469602,0.1762224208,1,"E1|equal-weight,rebalance=year|band=0.01"
2024-02-12,0.2106095388,0.2508208648,0.1862921417,0.1742684373,0.1780090174,1,"E1|equal-weight,rebalance=year|band=0.01"
2024-02-13,0.2106197912,0.25110266,0.1877410056,0.1734226448,0.1771138984,1,"E1|equal-weight,rebalance=year|band=0.01"
2024-02-14,0.2107647784,0.2537979166,0.188341291,0.1705284127,0.1765676013,1,"E1|equal-weight,rebalance=year|band=0.01"
2024-02-15,0.2106568435,0.2548749082,0.1889537215,0.16984739,0.1756671368,1,"E1|equal-weight,rebalance=year|band=0.01"
2024-02-16,0.2108327517,0.255756048,0.1887860187,0.1696878582,0.1749373234,1,"E1|equal-weight,rebalance=year|band=0.01"
2024-02-19,0.2111224856,0.2556038917,0.1886136311,0.1701302025,0.1745297891,1,"E1|equal-weight,rebalance=year|band=0.01"
2024-02-20,0.2108604215,0.2552455355,0.1903460371,0.169432608,0.1741153979,1,"E1|equal-weight,rebalance=year|band=0.01"
2024-02-21,0.2101668848,0.2544511318,0.1905603458,0.1701726732,0.1746489644,1,"E1|equal-weight,rebalance=year|band=0.01"
2024-02-22,0.2108396023,0.256015534,0.1896175097,0.1696412298,0.1738861242,1,"E1|equal-weight,rebalance=year|band=0.01"
2024-02-23,0.2108835034,0.2568339788,0.1894089382,0.1688440817,0.1740294979,1,"E1|equal-weight,rebalance=year|band=0.01"
2024-02-26,0.2103733473,0.2573115701,0.1881542437,0.1698698033,0.1742910356,1,"E1|equal-weight,rebalance=year|band=0.01"
2024-02-27,0.2107693196,0.2567915626,0.188219046,0.1700104399,0.1742096319,1,"E1|equal-weight,rebalance=year|band=0.01"
2024-02-28,0.2103748199,0.2555905322,0.1876051411,0.1707718063,0.1756577005,1,"E1|equal-weight,rebalance=year|band=0.01"
2024-02-29,0.2096494898,0.2571630826,0.1875886464,0.170639032,0.1749597492,1,"E1|equal-weight,rebalance=year|band=0.01"
2024-03-01,0.2107462919,0.2566497014,0.1898441025,0.169414475,0.1733454292,1,"E1|equal-weight,rebalance=year|band=0.01"
2024-03-02,0.2102807676,0.2570532835,0.1891942219,0.1708309187,0.1726408083,1,"E1|equal-weight,rebalance=year|band=0.01"
2024-03-04,0.2101581748,0.2567513192,0.1893847049,0.1714228166,0.1722829845,1,"E1|equal-weight,rebalance=year|band=0.01"
2024-03-05,0.2090974786,0.2565763188,0.1893256322,0.1732104808,0.1717900896,1,"E1|equal-weight,rebalance=year|band=0.01"
2024-03-06,0.2097282364,0.2552956159,0.1903653155,0.1731549708,0.1714558614,1,"E1|equal-weight,rebalance=year|band=0.01"
2024-03-07,0.2088857446,0.2566784132,0.1889724535,0.1746934661,0.1707699226,1,"E1|equal-weight,rebalance=year|band=0.01"
2024-03-11,0.2080371438,0.256740167,0.1875320083,0.1766391755,0.1710515054,1,"E1|equal-weight,rebalance=year|band=0.01"
2024-03-12,0.2091194846,0.2532382223,0.1882844631,0.1773577584,0.1720000716,1,"E1|equal-weight,rebalance=year|band=0.01"
2024-03-13,0.2090329469,0.2485153678,0.1893950293,0.1784709729,0.1745856831,1,"E1|equal-weight,rebalance=year|band=0.01"
2024-03-14,0.2088561772,0.2520989427,0.1874909447,0.1782805254,0.17327341,1,"E1|equal-weight,rebalance=year|band=0.01"
2024-03-15,0.2085118417,0.2512068108,0.1873394359,0.1787944764,0.1741474352,1,"E1|equal-weight,rebalance=year|band=0.01"
2024-03-18,0.2084357625,0.2524932271,0.1871487112,0.1778603012,0.174061998,1,"E1|equal-weight,rebalance=year|band=0.01"
2024-03-19,0.2078744247,0.2496071961,0.1876960848,0.179483718,0.1753385764,1,"E1|equal-weight,rebalance=year|band=0.01"
2024-03-20,0.2076182839,0.2503210658,0.1872579262,0.1796320225,0.1751707016,1,"E1|equal-weight,rebalance=year|band=0.01"
2024-03-21,0.2071978856,0.2525656544,0.1865005424,0.1806193949,0.1731165227,1,"E1|equal-weight,rebalance=year|band=0.01"
2024-03-22,0.2077951223,0.2536231937,0.1871554844,0.1783236285,0.1731025711,1,"E1|equal-weight,rebalance=year|band=0.01"
2024-03-26,0.2065855594,0.2555380035,0.1860275297,0.1789618662,0.1728870412,1,"E1|equal-weight,rebalance=year|band=0.01"
2024-03-27,0.2070247268,0.2559427057,0.1863410131,0.1782320983,0.1724594561,1,"E1|equal-weight,rebalance=year|band=0.01"
2024-03-28,0.2072637867,0.256819829,0.1863096937,0.1782206399,0.1713860507,1,"E1|equal-weight,rebalance=year|band=0.01"
2024-04-01,0.2,0.2,0.2,0.2,0.2,1,"E1|equal-weight,rebalance=year|band=0.01"
2024-04-02,0.1996935529,0.2014335326,0.1990077343,0.200417807,0.1994473732,1,"E1|equal-weight,rebalance=year|band=0.01"
2024-04-03,0.1993746604,0.2017826542,0.1990374382,0.200589761,0.1992154862,1,"E1|equal-weight,rebalance=year|band=0.01"
2024-04-04,0.1993308259,0.200278874,0.2002585735,0.2014261599,0.1987055667,1,"E1|equal-weight,rebalance=year|band=0.01"
2024-04-05,0.1987224461,0.2011466868,0.2013960316,0.2004471682,0.1982876673,1,"E1|equal-weight,rebalance=year|band=0.01"
2024-04-08,0.1986692297,0.2010068755,0.2002891966,0.2030135648,0.1970211334,1,"E1|equal-weight,rebalance=year|band=0.01"
2024-04-09,0.198340304,0.2001282416,0.2009611419,0.2038300749,0.1967402376,1,"E1|equal-weight,rebalance=year|band=0.01"
2024-04-10,0.1983109436,0.2012225184,0.2009782931,0.2033623384,0.1961259065,1,"E1|equal-weight,rebalance=year|band=0.01"
2024-04-12,0.1966640869,0.2000223841,0.1995517963,0.2076240465,0.1961376862,1,"E1|equal-weight,rebalance=year|band=0.01"
2024-04-15,0.1966331923,0.1991164642,0.1983406749,0.2075484699,0.1983611987,1,"E1|equal-weight,rebalance=year|band=0.01"
2024-04-16,0.1954776923,0.1991553166,0.1973468604,0.2096995866,0.1983205441,1,"E1|equal-weight,rebalance=year|band=0.01"
2024-04-18,0.1948237975,0.199408996,0.1961668431,0.2105897155,0.1990106479,1,"E1|equal-weight,rebalance=year|band=0.01"
2024-04-19,0.1952949703,0.1985095054,0.1972845847,0.2106797733,0.1982311663,1,"E1|equal-weight,rebalance=year|band=0.01"
2024-04-22,0.195946367,0.200125,0.1981839956,0.2081751697,0.1975694677,1,"E1|equal-weight,rebalance=year|band=0.01"
2024-04-23,0.1972136411,0.2014836662,0.1987824619,0.2040442749,0.1984759559,1,"E1|equal-weight,rebalance=year|band=0.01"
2024-04-24,0.1965206353,0.2021423694,0.198774786,0.2048479431,0.1977142662,1,"E1|equal-weight,rebalance=year|band=0.01"
2024-04-25,0.1968140755,0.2024696872,0.1992455495,0.2044960165,0.1969746713,1,"E1|equal-weight,rebalance=year|band=0.01"
2024-04-26,0.1958586417,0.2037591691,0.1979202724,0.2057599975,0.1967019193,1,"E1|equal-weight,rebalance=year|band=0.01"
2024-04-29,0.1961516363,0.2028819589,0.2013535066,0.2041998589,0.1954130393,1,"E1|equal-weight,rebalance=year|band=0.01"
2024-04-30,0.1957984459,0.2045727919,0.2012567057,0.202864671,0.1955073855,1,"E1|equal-weight,rebalance=year|band=0.01"
2024-05-02,0.1957832104,0.2069456496,0.2001879931,0.202118469,0.1949646779,1,"E1|equal-weight,rebalance=year|band=0.01"
2024-05-03,0.1949152297,0.2076880587,0.199944697,0.2016792562,0.1957727584,1,"E1|equal-weight,rebalance=year|band=0.01"
2024-05-06,0.1951043558,0.2055170852,0.2000188937,0.2029861258,0.1963735395,1,"E1|equal-weight,rebalance=year|band=0.01"
2024-05-07,0.1953735583,0.203645294,0.1991358646,0.2041680597,0.1976772234,1,"E1|equal-weight,rebalance=year|band=0.01"
2024-05-08,0.1953080516,0.2057660612,0.1980065633,0.2033871689,0.197532155,1,"E1|equal-weight,rebalance=year|band=0.01"
2024-05-09,0.1941197072,0.2037624817,0.1977402847,0.204991561,0.1993859654,1,"E1|equal-weight,rebalance=year|band=0.01"
2024-05-10,0.1936406691,0.2038565454,0.196485246,0.2082962177,0.1977213218,1,"E1|equal-weight,rebalance=year|band=0.01"
2024-05-13,0.193752316,0.2050213941,0.1977643277,0.2056650593,0.1977969029,1,"E1|equal-weight,rebalance=year|band=0.01"
2024-05-14,0.1940172418,0.2070096093,0.1971561347,0.2048692889,0.1969477253,1,"E1|equal-weight,rebalance=year|band=0.01"
2024-05-15,0.1934721748,0.2076955578,0.1960548898,0.2061887047,0.1965886729,1,"E1|equal-weight,rebalance=year|band=0.01"
2024-05-16,0.1939096536,0.2082000214,0.196060113,0.2061536856,0.1956765264,1,"E1|equal-weight,rebalance=year|band=0.01"
2024-05-17,0.1936049869,0.2104121485,0.1957652393,0.205242144,0.1949754813,1,"E1|equal-weight,rebalance=year|band=0.01"
2024-05-18,0.1928240942,0.2110259634,0.1949944748,0.2072159171,0.1939395505,1,"E1|equal-weight,rebalance=year|band=0.01"
2024-05-21,0.1930640806,0.2125422205,0.1945316292,0.2060452225,0.1938168472,1,"E1|equal-weight,rebalance=year|band=0.01"
2024-05-22,0.1934778137,0.2129820557,0.1936077466,0.2061398615,0.1937925225,1,"E1|equal-weight,rebalance=year|band=0.01"
2024-05-23,0.1956705893,0.2132143927,0.1963348307,0.2017830717,0.1929971156,1,"E1|equal-weight,rebalance=year|band=0.01"
2024-05-24,0.1961444505,0.2142353908,0.1973049331,0.1993345804,0.1929806452,1,"E1|equal-weight,rebalance=year|band=0.01"
2024-05-27,0.1956886835,0.2140517048,0.197986803,0.1994340296,0.1928387791,1,"E1|equal-weight,rebalance=year|band=0.01"
2024-05-28,0.1956582974,0.2126676542,0.1982310515,0.2002040381,0.1932389588,1,"E1|equal-weight,rebalance=year|band=0.01"
2024-05-29,0.1951891907,0.2122413862,0.1969223675,0.2014355977,0.1942114579,1,"E1|equal-weight,rebalance=year|band=0.01"
2024-05-30,0.1944293575,0.2114926597,0.1982749255,0.2007501122,0.1950529451,1,"E1|equal-weight,rebalance=year|band=0.01"
2024-05-31,0.1942775562,0.2107656343,0.198874234,0.2017650012,0.1943175743,1,"E1|equal-weight,rebalance=year|band=0.01"
2024-06-03,0.1957610948,0.2153149825,0.2027691121,0.1955414339,0.1906133767,1,"E1|equal-weight,rebalance=year|band=0.01"
2024-06-04,0.1930954338,0.2159779148,0.1984452917,0.1986788235,0.1938025362,1,"E1|equal-weight,rebalance=year|band=0.01"
2024-06-05,0.1951760559,0.2093888681,0.1995833429,0.2005609531,0.19529078,1,"E1|equal-weight,rebalance=year|band=0.01"
2024-06-06,0.1947923481,0.211762496,0.1984315203,0.2013605346,0.193653101,1,"E1|equal-weight,rebalance=year|band=0.01"
2024-06-07,0.1973872353,0.2129252589,0.198971876,0.198577405,0.1921382248,1,"E1|equal-weight,rebalance=year|band=0.01"
2024-06-10,0.1973515418,0.215118766,0.1991730027,0.1957851714,0.1925715181,1,"E1|equal-weight,rebalance=year|band=0.01"
2024-06-11,0.1977558609,0.2146465221,0.1987575515,0.1964773882,0.1923626773,1,"E1|equal-weight,rebalance=year|band=0.01"
2024-06-12,0.1975240315,0.21543181,0.1989534878,0.1963515925,0.1917390782,1,"E1|equal-weight,rebalance=year|band=0.01"
2024-06-13,0.1977251764,0.2167113068,0.1984015504,0.195864406,0.1912975604,1,"E1|equal-weight,rebalance=year|band=0.01"
2024-06-14,0.1972001571,0.2188750798,0.1982399726,0.1951142169,0.1905705736,1,"E1|equal-weight,rebalance=year|band=0.01"
2024-06-18,0.1973127838,0.2195200634,0.1993265644,0.1936796467,0.1901609417,1,"E1|equal-weight,rebalance=year|band=0.01"
2024-06-19,0.1966008983,0.2169457854,0.2024808603,0.1943301298,0.1896423262,1,"E1|equal-weight,rebalance=year|band=0.01"
2024-06-20,0.1962396745,0.2164843726,0.2034498115,0.1947421843,0.1890839571,1,"E1|equal-weight,rebalance=year|band=0.01"
2024-06-21,0.1958255162,0.2152284878,0.203048246,0.1965616643,0.1893360857,1,"E1|equal-weight,rebalance=year|band=0.01"
2024-06-24,0.1965734913,0.216637931,0.2033890774,0.1938073797,0.1895921206,1,"E1|equal-weight,rebalance=year|band=0.01"
2024-06-25,0.1970970457,0.2150075554,0.2058500795,0.193314411,0.1887309084,1,"E1|equal-weight,rebalance=year|band=0.01"
2024-06-26,0.1979855573,0.2146329286,0.2065606681,0.1922233559,0.1885974901,1,"E1|equal-weight,rebalance=year|band=0.01"
2024-06-27,0.199251525,0.2144327478,0.2062561712,0.1916019062,0.1884576498,1,"E1|equal-weight,rebalance=year|band=0.01"
2024-06-28,0.1994735021,0.2147966449,0.20496651,0.1924191226,0.1883442204,1,"E1|equal-weight,rebalance=year|band=0.01"
2024-07-01,0.1994442043,0.2160302459,0.2051011363,0.1915497807,0.1878746328,1,"E1|equal-weight,rebalance=year|band=0.01"
2024-07-02,0.200037352,0.2160622769,0.2037834084,0.1921360739,0.1879808888,1,"E1|equal-weight,rebalance=year|band=0.01"
2024-07-03,0.1996946216,0.2161522443,0.2052341621,0.192055828,0.186863144,1,"E1|equal-weight,rebalance=year|band=0.01"
2024-07-04,0.1994593908,0.21679111,0.2049725526,0.1923071541,0.1864697925,1,"E1|equal-weight,rebalance=year|band=0.01"
2024-07-05,0.1992708294,0.2183285099,0.2033542444,0.1927209459,0.1863254704,1,"E1|equal-weight,rebalance=year|band=0.01"
2024-07-08,0.1990066117,0.2186438481,0.2027367345,0.1930969097,0.186515896,1,"E1|equal-weight,rebalance=year|band=0.01"
2024-07-09,0.1996415771,0.2191354423,0.2028385323,0.1921616865,0.1862227618,1,"E1|equal-weight,rebalance=year|band=0.01"
2024-07-10,0.1995098394,0.2194156242,0.2017603078,0.1928623738,0.1864518548,1,"E1|equal-weight,rebalance=year|band=0.01"
2024-07-11,0.1991573597,0.2197083618,0.201774932,0.1930807706,0.1862785759,1,"E1|equal-weight,rebalance=year|band=0.01"
2024-07-12,0.1999360794,0.2187563444,0.2014367324,0.1936445706,0.1862262732,1,"E1|equal-weight,rebalance=year|band=0.01"
2024-07-15,0.2000413966,0.2196465401,0.2016385553,0.1930242137,0.1856492943,1,"E1|equal-weight,rebalance=year|band=0.01"
2024-07-16,0.2002533483,0.2183874356,0.201269316,0.1945237913,0.1855661088,1,"E1|equal-weight,rebalance=year|band=0.01"
2024-07-18,0.2014945857,0.2157558966,0.2014877263,0.1957998988,0.1854618926,1,"E1|equal-weight,rebalance=year|band=0.01"
2024-07-19,0.2017850024,0.2127697246,0.2020686151,0.1961038364,0.1872728215,1,"E1|equal-weight,rebalance=year|band=0.01"
2024-07-22,0.2009749495,0.2150173298,0.2019232161,0.1948828346,0.18720167,1,"E1|equal-weight,rebalance=year|band=0.01"
2024-07-23,0.203005879,0.2154240759,0.2019434868,0.1906310471,0.1889955112,1,"E1|equal-weight,rebalance=year|band=0.01"
2024-07-24,0.2031109263,0.2165796319,0.2011835356,0.189475506,0.1896504002,1,"E1|equal-weight,rebalance=year|band=0.01"
2024-07-25,0.2034816472,0.2176561935,0.1997826723,0.1890679458,0.1900115412,1,"E1|equal-weight,rebalance=year|band=0.01"
2024-07-26,0.2044528974,0.2193367196,0.1990445043,0.1890755671,0.1880903116,1,"E1|equal-weight,rebalance=year|band=0.01"
2024-07-29,0.2050151581,0.221581179,0.1997587874,0.1853551047,0.1882897708,1,"E1|equal-weight,rebalance=year|band=0.01"
2024-07-30,0.2054762474,0.2214903435,0.2004357363,0.1841334643,0.1884642085,1,"E1|equal-weight,rebalance=year|band=0.01"
2024-07-31,0.2052861116,0.2222444788,0.2000160823,0.1845705346,0.1878827927,1,"E1|equal-weight,rebalance=year|band=0.01"
2024-08-01,0.2055417729,0.2212162925,0.199776069,0.1857038178,0.1877620478,1,"E1|equal-weight,rebalance=year|band=0.01"
2024-08-02,0.2042303086,0.2194901033,0.1997806584,0.188114374,0.1883845557,1,"E1|equal-weight,rebalance=year|band=0.01"
2024-08-05,0.2029572098,0.2187644667,0.198374735,0.1882689285,0.19163466,1,"E1|equal-weight,rebalance=year|band=0.01"
2024-08-06,0.2032577573,0.2155400222,0.1984324192,0.1894773793,0.193292422,1,"E1|equal-weight,rebalance=year|band=0.01"
2024-08-07,0.2041684998,0.2194533498,0.1981504076,0.1865301195,0.1916976233,1,"E1|equal-weight,rebalance=year|band=0.01"
2024-08-08,0.2033641703,0.2191851786,0.1985548422,0.186662831,0.1922329779,1,"E1|equal-weight,rebalance=year|band=0.01"
2024-08-09,0.2036372352,0.2199346445,0.1983255028,0.1871768952,0.1909257223,1,"E1|equal-weight,rebalance=year|band=0.01"
2024-08-12,0.2032921995,0.2189491972,0.1988345783,0.188110413,0.190813612,1,"E1|equal-weight,rebalance=year|band=0.01"
2024-08-13,0.2028748327,0.2176974151,0.197336662,0.1902787919,0.1918122983,1,"E1|equal-weight,rebalance=year|band=0.01"
2024-08-14,0.2026495801,0.2178857855,0.1968335524,0.1908669519,0.1917641301,1,"E1|equal-weight,rebalance=year|band=0.01"
2024-08-16,0.2042075695,0.2191632491,0.1977225406,0.1887501186,0.1901565222,1,"E1|equal-weight,rebalance=year|band=0.01"
2024-08-19,0.2037951991,0.2196177509,0.1964443356,0.1906928602,0.1894498542,1,"E1|equal-weight,rebalance=year|band=0.01"
2024-08-20,0.2036172334,0.2204020327,0.1970214788,0.1905960042,0.1883632509,1,"E1|equal-weight,rebalance=year|band=0.01"
2024-08-21,0.2039061503,0.2211760792,0.1966971064,0.1897546089,0.1884660552,1,"E1|equal-weight,rebalance=year|band=0.01"
2024-08-22,0.2035835408,0.2220602021,0.196970303,0.1894270568,0.1879588973,1,"E1|equal-weight,rebalance=year|band=0.01"
2024-08-23,0.2039338966,0.2217012733,0.1970841074,0.1890431985,0.1882375242,1,"E1|equal-weight,rebalance=year|band=0.01"
2024-08-26,0.2044872134,0.2215439015,0.1967892178,0.1898434698,0.1873361975,1,"E1|equal-weight,rebalance=year|band=0.01"
2024-08-27,0.2044299679,0.2217763604,0.1973696099,0.1890116193,0.1874124425,1,"E1|equal-weight,rebalance=year|band=0.01"
2024-08-28,0.2045477053,0.2221932888,0.1969081748,0.1889577576,0.1873930735,1,"E1|equal-weight,rebalance=year|band=0.01"
2024-08-29,0.2052977904,0.2216462375,0.1967930341,0.1889276418,0.1873352962,1,"E1|equal-weight,rebalance=year|band=0.01"
2024-08-30,0.20549654,0.2218537289,0.1970224104,0.1887312163,0.1868961044,1,"E1|equal-weight,rebalance=year|band=0.01"
2024-09-02,0.205859766,0.2221447033,0.1973656577,0.187540054,0.187089819,1,"E1|equal-weight,rebalance=year|band=0.01"
2024-09-03,0.2056962006,0.2220566692,0.1978977052,0.1875532461,0.1867961789,1,"E1|equal-weight,rebalance=year|band=0.01"
2024-09-04,0.2057310472,0.2229814906,0.1979040621,0.1862287593,0.1871546408,1,"E1|equal-weight,rebalance=year|band=0.01"
2024-09-05,0.2048875875,0.2220961285,0.1977648521,0.1882660834,0.1869853485,1,"E1|equal-weight,rebalance=year|band=0.01"
2024-09-06,0.2043642795,0.2215471005,0.1959026227,0.1898937413,0.188292256,1,"E1|equal-weight,rebalance=year|band=0.01"
2024-09-09,0.2042604276,0.2216241105,0.1973883753,0.1883277108,0.1883993758,1,"E1|equal-weight,rebalance=year|band=0.01"
2024-09-10,0.2047314408,0.2214891984,0.1975843161,0.1883584568,0.1878365879,1,"E1|equal-weight,rebalance=year|band=0.01"
2024-09-11,0.2040512343,0.2208799623,0.1967515471,0.1899505865,0.1883666698,1,"E1|equal-weight,rebalance=year|band=0.01"
2024-09-12,0.2059640323,0.2215616735,0.1978677618,0.1879149198,0.1866916126,1,"E1|equal-weight,rebalance=year|band=0.01"
2024-09-13,0.205423183,0.2208057209,0.1975666544,0.1902834139,0.1859210278,1,"E1|equal-weight,rebalance=year|band=0.01"
2024-09-16,0.2050053583,0.2202943763,0.1979977733,0.1911054971,0.185596995,1,"E1|equal-weight,rebalance=year|band=0.01"
2024-09-17,0.2055517413,0.220083981,0.1983067692,0.1903335862,0.1857239223,1,"E1|equal-weight,rebalance=year|band=0.01"
2024-09-18,0.2050525113,0.2191412174,0.2002018331,0.1899492913,0.1856551469,1,"E1|equal-weight,rebalance=year|band=0.01"
2024-09-19,0.2050806401,0.2172791793,0.2011167305,0.191168353,0.1853550971,1,"E1|equal-weight,rebalance=year|band=0.01"
2024-09-20,0.2057040942,0.2181750517,0.2018654765,0.1903574339,0.1838979437,1,"E1|equal-weight,rebalance=year|band=0.01"
2024-09-23,0.2056166643,0.2195676231,0.2023590491,0.1899526642,0.1825039993,1,"E1|equal-weight,rebalance=year|band=0.01"
2024-09-24,0.2055877422,0.2198091497,0.2015659528,0.1904965679,0.1825405874,1,"E1|equal-weight,rebalance=year|band=0.01"
2024-09-25,0.2057266875,0.218706483,0.2012399666,0.1921282705,0.1821985924,1,"E1|equal-weight,rebalance=year|band=0.01"
2024-09-26,0.2059801674,0.21924038,0.201498253,0.1917324146,0.181548785,1,"E1|equal-weight,rebalance=year|band=0.01"
2024-09-27,0.2063768521,0.2209303077,0.2000697737,0.190952978,0.1816700885,1,"E1|equal-weight,rebalance=year|band=0.01"
2024-09-30,0.205151199,0.2212052674,0.1982819045,0.1923938745,0.1829677546,1,"E1|equal-weight,rebalance=year|band=0.01"
2024-10-01,0.2050735192,0.2212678105,0.1981295923,0.1925155103,0.1830135677,1,"E1|equal-weight,rebalance=year|band=0.01"
2024-10-03,0.2033361166,0.2198581825,0.1967185966,0.1949584627,0.1851286416,1,"E1|equal-weight,rebalance=year|band=0.01"
2024-10-04,0.2022762007,0.2194845589,0.1957423027,0.196622419,0.1858745187,1,"E1|equal-weight,rebalance=year|band=0.01"
2024-10-07,0.2027657066,0.2166772218,0.1946366741,0.1980567262,0.1878636713,1,"E1|equal-weight,rebalance=year|band=0.01"
2024-10-08,0.2029185188,0.2188017689,0.1950665361,0.1961072601,0.1871059161,1,"E1|equal-weight,rebalance=year|band=0.01"
2024-10-09,0.2023279017,0.2210791353,0.1948507349,0.1946851414,0.1870570867,1,"E1|equal-weight,rebalance=year|band=0.01"
2024-10-10,0.2023985601,0.2203131203,0.1962009546,0.1943178632,0.1867695018,1,"E1|equal-weight,rebalance=year|band=0.01"
2024-10-11,0.2018828482,0.2204420636,0.1950965878,0.1958597808,0.1867187196,1,"E1|equal-weight,rebalance=year|band=0.01"
2024-10-14,0.2022115218,0.2199761982,0.1959473228,0.1961018377,0.1857631195,1,"E1|equal-weight,rebalance=year|band=0.01"
2024-10-15,0.2015408522,0.2206403599,0.1962928675,0.1957331999,0.1857927205,1,"E1|equal-weight,rebalance=year|band=0.01"
2024-10-16,0.2005786034,0.2201885544,0.1959017097,0.1975066392,0.1858244933,1,"E1|equal-weight,rebalance=year|band=0.01"
2024-10-17,0.2008621192,0.2170242683,0.1956977264,0.1990796519,0.1873362342,1,"E1|equal-weight,rebalance=year|band=0.01"
2024-10-18,0.2001653471,0.216457571,0.1971629307,0.2000599142,0.186154237,1,"E1|equal-weight,rebalance=year|band=0.01"
2024-10-21,0.1998890253,0.2139775688,0.1969946044,0.2024266034,0.1867121981,1,"E1|equal-weight,rebalance=year|band=0.01"
2024-10-22,0.1998962153,0.2100556929,0.1969139775,0.204400697,0.1887334173,1,"E1|equal-weight,rebalance=year|band=0.01"
2024-10-23,0.1995154704,0.2093970612,0.1966528932,0.2056994068,0.1887351684,1,"E1|equal-weight,rebalance=year|band=0.01"
2024-10-24,0.1992086197,0.2088117841,0.1979904573,0.2048378387,0.1891513002,1,"E1|equal-weight,rebalance=year|band=0.01"
2024-10-25,0.1994178097,0.2077369565,0.1969557904,0.2053549609,0.1905344825,1,"E1|equal-weight,rebalance=year|band=0.01"
2024-10-28,0.1995649374,0.2076510617,0.1976393302,0.2054110827,0.189733588,1,"E1|equal-weight,rebalance=year|band=0.01"
2024-10-29,0.1991723462,0.2074040508,0.1997438539,0.2054041018,0.1882756473,1,"E1|equal-weight,rebalance=year|band=0.01"
2024-10-30,0.1983134596,0.2068060079,0.198570476,0.2078256186,0.1884844379,1,"E1|equal-weight,rebalance=year|band=0.01"
2024-10-31,0.1978815284,0.2065958302,0.1981285462,0.2082264847,0.1891676105,1,"E1|equal-weight,rebalance=year|band=0.01"
2024-11-01,0.1985010643,0.2085383546,0.1977847668,0.2066212388,0.1885545755,1,"E1|equal-weight,rebalance=year|band=0.01"
2024-11-04,0.1977028938,0.2065225334,0.1982046339,0.2068995504,0.1906703885,1,"E1|equal-weight,rebalance=year|band=0.01"
2024-11-05,0.198235476,0.2063991106,0.2003430854,0.2054302819,0.1895920461,1,"E1|equal-weight,rebalance=year|band=0.01"
2024-11-06,0.1991117729,0.2096435635,0.2000411663,0.2029053257,0.1882981716,1,"E1|equal-weight,rebalance=year|band=0.01"
2024-11-07,0.1988051482,0.209545928,0.2003167893,0.2010572259,0.1902749086,1,"E1|equal-weight,rebalance=year|band=0.01"
2024-11-08,0.1987548703,0.2075251129,0.1993809772,0.203603802,0.1907352376,1,"E1|equal-weight,rebalance=year|band=0.01"
2024-11-11,0.1986840677,0.2081846186,0.2003218213,0.2019866954,0.190822797,1,"E1|equal-weight,rebalance=year|band=0.01"
2024-11-12,0.199437771,0.2064704142,0.2008940081,0.1996210825,0.1935767242,1,"E1|equal-weight,rebalance=year|band=0.01"
2024-11-13,0.1986554354,0.2045178975,0.1985598999,0.2028226454,0.1954441218,1,"E1|equal-weight,rebalance=year|band=0.01"
2024-11-14,0.199272155,0.2061315306,0.1996469815,0.1988087981,0.1961405348,1,"E1|equal-weight,rebalance=year|band=0.01"
2024-11-18,0.197850269,0.2053272812,0.1993424108,0.2017782648,0.1957017742,1,"E1|equal-weight,rebalance=year|band=0.01"
2024-11-19,0.1972970701,0.2053789716,0.1992026786,0.2033723195,0.1947489602,1,"E1|equal-weight,rebalance=year|band=0.01"
2024-11-21,0.1964598839,0.2029639873,0.1986546532,0.2066087187,0.1953127569,1,"E1|equal-weight,rebalance=year|band=0.01"
2024-11-22,0.1979458083,0.2039026744,0.1992089987,0.2062254452,0.1927170734,1,"E1|equal-weight,rebalance=year|band=0.01"
2024-11-25,0.1992484085,0.2063521569,0.2014377727,0.2016397796,0.1913218823,1,"E1|equal-weight,rebalance=year|band=0.01"
2024-11-26,0.1996478457,0.2073802579,0.2020211081,0.1990768031,0.1918739852,1,"E1|equal-weight,rebalance=year|band=0.01"
2024-11-27,0.1994054457,0.2082527961,0.2014873598,0.1998841785,0.1909702199,1,"E1|equal-weight,rebalance=year|band=0.01"
2024-11-28,0.19727335,0.2092341219,0.2009593718,0.2008494205,0.1916837358,1,"E1|equal-weight,rebalance=year|band=0.01"
2024-11-29,0.1980970986,0.2097340638,0.2003900892,0.20082492,0.1909538284,1,"E1|equal-weight,rebalance=year|band=0.01"
2024-12-02,0.1989564188,0.2108585657,0.2004244994,0.1989276669,0.1908328492,1,"E1|equal-weight,rebalance=year|band=0.01"
2024-12-03,0.19882898,0.2116909326,0.2012909642,0.1985649329,0.1896241903,1,"E1|equal-weight,rebalance=year|band=0.01"
2024-12-04,0.198495001,0.2119326641,0.2027911782,0.1977506876,0.1890304691,1,"E1|equal-weight,rebalance=year|band=0.01"
2024-12-05,0.1995731375,0.2117329698,0.203129524,0.197184422,0.1883799467,1,"E1|equal-weight,rebalance=year|band=0.01"
2024-12-06,0.1992213155,0.2127650623,0.2032441857,0.1966502307,0.1881192058,1,"E1|equal-weight,rebalance=year|band=0.01"
2024-12-09,0.1988682843,0.2124121553,0.2025717586,0.1977525004,0.1883953014,1,"E1|equal-weight,rebalance=year|band=0.01"
2024-12-10,0.1980237733,0.2129884625,0.2026357846,0.1984083372,0.1879436424,1,"E1|equal-weight,rebalance=year|band=0.01"
2024-12-11,0.1980580852,0.2132205092,0.2015432187,0.1993675898,0.1878105971,1,"E1|equal-weight,rebalance=year|band=0.01"
2024-12-12,0.1974667235,0.2127351273,0.2011406277,0.2007828612,0.1878746603,1,"E1|equal-weight,rebalance=year|band=0.01"
2024-12-13,0.1989696244,0.2124950667,0.2024052647,0.19816107,0.1879689742,1,"E1|equal-weight,rebalance=year|band=0.01"
2024-12-16,0.1985678895,0.2131335233,0.2023922909,0.1977929183,0.188113378,1,"E1|equal-weight,rebalance=year|band=0.01"
2024-12-17,0.1979555991,0.2122164,0.2016471269,0.1983684289,0.1898124451,1,"E1|equal-weight,rebalance=year|band=0.01"
2024-12-18,0.1978951209,0.2105207066,0.2004396301,0.2002924446,0.1908520978,1,"E1|equal-weight,rebalance=year|band=0.01"
2024-12-19,0.1977032029,0.2102560483,0.1997639965,0.1999395238,0.1923372285,1,"E1|equal-weight,rebalance=year|band=0.01"
2024-12-20,0.1972353982,0.2074821087,0.1990787897,0.2012064581,0.1949972453,1,"E1|equal-weight,rebalance=year|band=0.01"
2024-12-23,0.1971384464,0.2066395032,0.2003177416,0.2020171667,0.1938871421,1,"E1|equal-weight,rebalance=year|band=0.01"
2024-12-24,0.19724398,0.2070062288,0.2002872378,0.2013378414,0.194124712,1,"E1|equal-weight,rebalance=year|band=0.01"
2024-12-26,0.1971301883,0.2073110921,0.1995083782,0.2020958329,0.1939545085,1,"E1|equal-weight,rebalance=year|band=0.01"
2024-12-27,0.197573372,0.2057615768,0.2000994882,0.2026655482,0.1939000148,1,"E1|equal-weight,rebalance=year|band=0.01"
2024-12-30,0.1970329259,0.2052039635,0.1998071048,0.2029894063,0.1949665995,1,"E1|equal-weight,rebalance=year|band=0.01"
2024-12-31,0.197136055,0.2050898629,0.1993746428,0.2033043548,0.1950950845,1,"E1|equal-weight,rebalance=year|band=0.01"
2025-01-01,0.1973309753,0.2051467858,0.1995398622,0.2034692848,0.1945130919,1,"E1|equal-weight,rebalance=year|band=0.01"
2025-01-02,0.1989497133,0.2060982248,0.1992613281,0.202654292,0.1930364418,1,"E1|equal-weight,rebalance=year|band=0.01"
2025-01-03,0.1980877007,0.2066439708,0.1976115615,0.2043649387,0.1932918283,1,"E1|equal-weight,rebalance=year|band=0.01"
2025-01-06,0.1981665485,0.2033666241,0.1960927886,0.2060174531,0.1963565857,1,"E1|equal-weight,rebalance=year|band=0.01"
2025-01-07,0.1983299938,0.2025991024,0.1968533433,0.2061679007,0.1960496598,1,"E1|equal-weight,rebalance=year|band=0.01"
2025-01-08,0.1985883211,0.2013729186,0.1957964092,0.2077399934,0.1965023577,1,"E1|equal-weight,rebalance=year|band=0.01"
2025-01-09,0.1980715628,0.1996844732,0.1954220539,0.2094899851,0.197331925,1,"E1|equal-weight,rebalance=year|band=0.01"
2025-01-10,0.1984696479,0.1970314311,0.19366695,0.2123626449,0.1984693261,1,"E1|equal-weight,rebalance=year|band=0.01"
2025-01-13,0.1979317846,0.1915982181,0.193532321,0.2159611728,0.2009765035,1,"E1|equal-weight,rebalance=year|band=0.01"
2025-01-14,0.1972789436,0.1942810942,0.1948936737,0.213854821,0.1996914675,1,"E1|equal-weight,rebalance=year|band=0.01"
2025-01-15,0.1970029231,0.1953929423,0.1943927181,0.2140028896,0.1992085269,1,"E1|equal-weight,rebalance=year|band=0.01"
2025-01-16,0.1966350305,0.1967585137,0.1948675499,0.2137284425,0.1980104634,1,"E1|equal-weight,rebalance=year|band=0.01"
2025-01-17,0.1962253088,0.1989277119,0.1922006961,0.2142881225,0.1983581607,1,"E1|equal-weight,rebalance=year|band=0.01"
2025-01-20,0.1964840449,0.198241867,0.1946009325,0.2130984447,0.1975747109,1,"E1|equal-weight,rebalance=year|band=0.01"
2025-01-21,0.1957513272,0.1948428451,0.1937016839,0.216248886,0.1994552578,1,"E1|equal-weight,rebalance=year|band=0.01"
2025-01-22,0.1961004211,0.1927468457,0.1940285022,0.2180079279,0.1991163031,1,"E1|equal-weight,rebalance=year|band=0.01"
2025-01-23,0.1963270142,0.1944114547,0.1932903237,0.2170930336,0.1988781738,1,"E1|equal-weight,rebalance=year|band=0.01"
2025-01-24,0.1961455177,0.1921597993,0.1928512583,0.219100425,0.1997429997,1,"E1|equal-weight,rebalance=year|band=0.01"
2025-01-27,0.1958503033,0.1883487978,0.1936403873,0.2206489084,0.2015116032,1,"E1|equal-weight,rebalance=year|band=0.01"
2025-01-28,0.1962580938,0.1880547701,0.1956592906,0.2193421558,0.2006856897,1,"E1|equal-weight,rebalance=year|band=0.01"
2025-01-29,0.1963932758,0.1903821615,0.1952848018,0.2186607067,0.1992790542,1,"E1|equal-weight,rebalance=year|band=0.01"
2025-01-30,0.1965389256,0.190085562,0.1956991366,0.2188557709,0.1988206049,1,"E1|equal-weight,rebalance=year|band=0.01"
2025-01-31,0.1967738463,0.1916764106,0.1946045936,0.2199534199,0.1969917296,1,"E1|equal-weight,rebalance=year|band=0.01"
2025-02-01,0.1962269909,0.1922937521,0.1947270072,0.2196559899,0.1970962599,1,"E1|equal-weight,rebalance=year|band=0.01"
2025-02-03,0.1960749362,0.1900556066,0.1940735673,0.2222417979,0.197554092,1,"E1|equal-weight,rebalance=year|band=0.01"
2025-02-04,0.1967404054,0.1911392102,0.1951553553,0.221373999,0.1955910301,1,"E1|equal-weight,rebalance=year|band=0.01"
2025-02-05,0.1955373633,0.1909878098,0.194649284,0.2245288453,0.1942966976,1,"E1|equal-weight,rebalance=year|band=0.01"
2025-02-06,0.1953074078,0.1899526752,0.1954077086,0.2245711478,0.1947610606,1,"E1|equal-weight,rebalance=year|band=0.01"
2025-02-07,0.1950272858,0.1902184679,0.194655471,0.2251223471,0.1949764282,1,"E1|equal-weight,rebalance=year|band=0.01"
2025-02-10,0.1940669768,0.1871414054,0.1946102867,0.2286865913,0.1954947398,1,"E1|equal-weight,rebalance=year|band=0.01"
2025-02-11,0.1937307,0.1844366371,0.1945782526,0.2295263295,0.1977280808,1,"E1|equal-weight,rebalance=year|band=0.01"
2025-02-12,0.1937924605,0.1848005259,0.1951392234,0.2282198734,0.1980479168,1,"E1|equal-weight,rebalance=year|band=0.01"
2025-02-13,0.1935316216,0.1849608875,0.1943345726,0.2292770416,0.1978958767,1,"E1|equal-weight,rebalance=year|band=0.01"
2025-02-14,0.1935218937,0.1817165975,0.1944228502,0.2314758732,0.1988627854,1,"E1|equal-weight,rebalance=year|band=0.01"
2025-02-17,0.1939359914,0.1814611292,0.1953312331,0.2299971236,0.1992745227,1,"E1|equal-weight,rebalance=year|band=0.01"
2025-02-18,0.1936669978,0.1817509466,0.1943587631,0.2309785044,0.1992447881,1,"E1|equal-weight,rebalance=year|band=0.01"
2025-02-19,0.1924141828,0.1825414083,0.1952597126,0.2318303193,0.197954377,1,"E1|equal-weight,rebalance=year|band=0.01"
2025-02-20,0.1922222904,0.1850162025,0.1940692077,0.2308708177,0.1978214817,1,"E1|equal-weight,rebalance=year|band=0.01"
2025-02-21,0.192314083,0.1843488887,0.1934975849,0.2308610864,0.198978357,1,"E1|equal-weight,rebalance=year|band=0.01"
2025-02-24,0.1909721109,0.1828587871,0.193048068,0.2333329246,0.1997881094,1,"E1|equal-weight,rebalance=year|band=0.01"
2025-02-25,0.1911520163,0.181709701,0.1928844309,0.2341463976,0.2001074542,1,"E1|equal-weight,rebalance=year|band=0.01"
2025-02-27,0.1917637921,0.1807818143,0.194226139,0.2322613107,0.2009669439,1,"E1|equal-weight,rebalance=year|band=0.01"
2025-02-28,0.1908887072,0.1779817761,0.1952566738,0.2324757193,0.2033971236,1,"E1|equal-weight,rebalance=year|band=0.01"
2025-03-03,0.1904519378,0.1790813461,0.1939298682,0.2331673676,0.2033694803,1,"E1|equal-weight,rebalance=year|band=0.01"
2025-03-04,0.1890740748,0.179367695,0.1937168477,0.2354504975,0.202390885,1,"E1|equal-weight,rebalance=year|band=0.01"
2025-03-05,0.1900134319,0.1826375462,0.1930345761,0.2333114571,0.2010029887,1,"E1|equal-weight,rebalance=year|band=0.01"
2025-03-06,0.1910351137,0.1842016652,0.1932227758,0.2312369777,0.2003034676,1,"E1|equal-weight,rebalance=year|band=0.01"
2025-03-07,0.191139079,0.1834209007,0.192767913,0.2323099526,0.2003621547,1,"E1|equal-weight,rebalance=year|band=0.01"
2025-03-10,0.1912801062,0.1815616563,0.192307065,0.2333585911,0.2014925814,1,"E1|equal-weight,rebalance=year|band=0.01"
2025-03-11,0.1915837751,0.1825840522,0.1911236959,0.233131994,0.2015764828,1,"E1|equal-weight,rebalance=year|band=0.01"
2025-03-12,0.1911046797,0.1823274748,0.1915479705,0.2336384279,0.2013814471,1,"E1|equal-weight,rebalance=year|band=0.01"
2025-03-13,0.1905646124,0.1812905889,0.191523995,0.2352242918,0.2013965119,1,"E1|equal-weight,rebalance=year|band=0.01"
2025-03-17,0.1903448233,0.1815513284,0.1914884176,0.2361901377,0.200425293,1,"E1|equal-weight,rebalance=year|band=0.01"
2025-03-18,0.1905074165,0.1838812414,0.1929065182,0.2349298259,0.197774998,1,"E1|equal-weight,rebalance=year|band=0.01"
2025-03-19,0.1900715196,0.185790827,0.1934873417,0.2339668888,0.1966834229,1,"E1|equal-weight,rebalance=year|band=0.01"
2025-03-20,0.1910898598,0.1860062464,0.193527559,0.233596519,0.1957798158,1,"E1|equal-weight,rebalance=year|band=0.01"
2025-03-21,0.1918527075,0.186837135,0.1947799684,0.2312504766,0.1952797125,1,"E1|equal-weight,rebalance=year|band=0.01"
2025-03-24,0.1933441976,0.1879930164,0.1978101443,0.2267455689,0.1941070728,1,"E1|equal-weight,rebalance=year|band=0.01"
2025-03-25,0.1936902595,0.1857256939,0.1979433242,0.2280134256,0.1946272968,1,"E1|equal-weight,rebalance=year|band=0.01"
2025-03-26,0.1930354818,0.1855998455,0.1971033801,0.228886907,0.1953743856,1,"E1|equal-weight,rebalance=year|band=0.01"
2025-03-27,0.1924608503,0.1867739292,0.1973916381,0.2291954496,0.1941781328,1,"E1|equal-weight,rebalance=year|band=0.01"
2025-03-28,0.1920962917,0.1856366315,0.1975227223,0.2303313647,0.1944129898,1,"E1|equal-weight,rebalance=year|band=0.01"
2025-04-01,0.2,0.2,0.2,0.2,0.2,1,"E1|equal-weight,rebalance=year|band=0.01"
2025-04-02,0.20067552,0.2014005513,0.2008544997,0.197839165,0.199230264,1,"E1|equal-weight,rebalance=year|band=0.01"
2025-04-03,0.1999356934,0.2016178475,0.2019447113,0.1970157636,0.1994859842,1,"E1|equal-weight,rebalance=year|band=0.01"
2025-04-04,0.1993572375,0.1984312769,0.2039945292,0.1967107243,0.2015062321,1,"E1|equal-weight,rebalance=year|band=0.01"
2025-04-07,0.1972024411,0.1969446968,0.2022068454,0.1977732369,0.2058727798,1,"E1|equal-weight,rebalance=year|band=0.01"
2025-04-08,0.1984881806,0.1987750269,0.2026298164,0.1958126519,0.2042943242,1,"E1|equal-weight,rebalance=year|band=0.01"
2025-04-09,0.1970485196,0.1982742803,0.2015303701,0.1989149729,0.2042318571,1,"E1|equal-weight,rebalance=year|band=0.01"
2025-04-11,0.1975352715,0.1974778509,0.2007127999,0.2034178861,0.2008561916,1,"E1|equal-weight,rebalance=year|band=0.01"
2025-04-15,0.1985077333,0.2003335622,0.2029997818,0.1999616779,0.1981972448,1,"E1|equal-weight,rebalance=year|band=0.01"
2025-04-16,0.1975360758,0.1997633695,0.2040253929,0.2021995065,0.1964756553,1,"E1|equal-weight,rebalance=year|band=0.01"
2025-04-17,0.1990335037,0.1990004356,0.2064549032,0.2009513237,0.1945598338,1,"E1|equal-weight,rebalance=year|band=0.01"
2025-04-21,0.1986296216,0.1998682406,0.2074467438,0.2020316151,0.1920237789,1,"E1|equal-weight,rebalance=year|band=0.01"
2025-04-22,0.1975568229,0.198855285,0.207605547,0.2052099791,0.190772366,1,"E1|equal-weight,rebalance=year|band=0.01"
2025-04-23,0.1997690391,0.201186755,0.2074445789,0.1999147762,0.1916848508,1,"E1|equal-weight,rebalance=year|band=0.01"
2025-04-24,0.1994360935,0.2011158327,0.2069143394,0.2005213058,0.1920124286,1,"E1|equal-weight,rebalance=year|band=0.01"
2025-04-25,0.1995824109,0.198577198,0.2068032362,0.2011947589,0.193842396,1,"E1|equal-weight,rebalance=year|band=0.01"
2025-04-28,0.2010133689,0.1994922836,0.2087709208,0.1977487299,0.1929746968,1,"E1|equal-weight,rebalance=year|band=0.01"
2025-04-29,0.2006265212,0.1988744636,0.2080494963,0.199832599,0.1926169199,1,"E1|equal-weight,rebalance=year|band=0.01"
2025-04-30,0.2016346986,0.1983944048,0.2080119641,0.1983946712,0.1935642613,1,"E1|equal-weight,rebalance=year|band=0.01"
2025-05-02,0.2017665921,0.1983679625,0.2081205693,0.1980289414,0.1937159347,1,"E1|equal-weight,rebalance=year|band=0.01"
2025-05-05,0.2023197575,0.2001676019,0.2062658799,0.1985500702,0.1926966905,1,"E1|equal-weight,rebalance=year|band=0.01"
2025-05-06,0.2013781044,0.1961479279,0.2040852753,0.2052978087,0.1930908837,1,"E1|equal-weight,rebalance=year|band=0.01"
2025-05-07,0.201492602,0.1970501384,0.2052165069,0.2031470164,0.1930937363,1,"E1|equal-weight,rebalance=year|band=0.01"
2025-05-08,0.201574232,0.1943150812,0.2059777594,0.2036858779,0.1944470495,1,"E1|equal-weight,rebalance=year|band=0.01"
2025-05-09,0.2008095177,0.1948291599,0.2043064262,0.2044860251,0.1955688711,1,"E1|equal-weight,rebalance=year|band=0.01"
2025-05-12,0.2054349067,0.1994704852,0.2080843978,0.1943313052,0.1926789051,1,"E1|equal-weight,rebalance=year|band=0.01"
2025-05-13,0.2032960188,0.1997382064,0.2066403101,0.1973234544,0.1930020103,1,"E1|equal-weight,rebalance=year|band=0.01"
2025-05-14,0.2039098949,0.2011594404,0.2059109891,0.1960384904,0.1929811852,1,"E1|equal-weight,rebalance=year|band=0.01"
2025-05-15,0.2060442282,0.2023969542,0.2073207227,0.1917128358,0.1925252591,1,"E1|equal-weight,rebalance=year|band=0.01"
2025-05-16,0.2050130541,0.2042760338,0.2065812735,0.1925581559,0.1915714827,1,"E1|equal-weight,rebalance=year|band=0.01"
2025-05-19,0.2038795447,0.2048846341,0.2064218835,0.1935135852,0.1913003525,1,"E1|equal-weight,rebalance=year|band=0.01"
2025-05-20,0.20367343,0.2025896419,0.206378565,0.1946141497,0.1927442134,1,"E1|equal-weight,rebalance=year|band=0.01"
2025-05-21,0.2028917851,0.2035571584,0.2053122127,0.1966466056,0.1915922382,1,"E1|equal-weight,rebalance=year|band=0.01"
2025-05-22,0.2020137062,0.2031836237,0.20513248,0.1977273746,0.1919428155,1,"E1|equal-weight,rebalance=year|band=0.01"
2025-05-23,0.2030168264,0.2034880064,0.2060489412,0.196212853,0.191233373,1,"E1|equal-weight,rebalance=year|band=0.01"
2025-05-26,0.2034359644,0.2036596465,0.2060219403,0.1961896245,0.1906928243,1,"E1|equal-weight,rebalance=year|band=0.01"
2025-05-27,0.2028852768,0.2033871669,0.2061057917,0.1962936395,0.1913281251,1,"E1|equal-weight,rebalance=year|band=0.01"
2025-05-28,0.2024027192,0.2028281157,0.2060193487,0.1974548393,0.1912949771,1,"E1|equal-weight,rebalance=year|band=0.01"
2025-05-29,0.2032048215,0.2033054162,0.206727186,0.195262576,0.1915000003,1,"E1|equal-weight,rebalance=year|band=0.01"
2025-05-30,0.2026062935,0.2025499472,0.2074328959,0.1960485323,0.1913623311,1,"E1|equal-weight,rebalance=year|band=0.01"
2025-06-02,0.2016050976,0.2025601087,0.2071959647,0.1978708902,0.1907679388,1,"E1|equal-weight,rebalance=year|band=0.01"
2025-06-03,0.2007744751,0.2020567133,0.2064150201,0.1994718949,0.1912818966,1,"E1|equal-weight,rebalance=year|band=0.01"
2025-06-04,0.2008145422,0.2021912174,0.206273362,0.1998494285,0.1908714499,1,"E1|equal-weight,rebalance=year|band=0.01"
2025-06-05,0.2013083317,0.2022554194,0.2059294639,0.2002241429,0.1902826421,1,"E1|equal-weight,rebalance=year|band=0.01"
2025-06-06,0.2017615184,0.2031573786,0.208225714,0.1977051668,0.1891502222,1,"E1|equal-weight,rebalance=year|band=0.01"
2025-06-09,0.2019276695,0.2051431198,0.2086530136,0.1954487851,0.188827412,1,"E1|equal-weight,rebalance=year|band=0.01"
2025-06-10,0.2020032651,0.2057711622,0.2075122836,0.1958099448,0.1889033443,1,"E1|equal-weight,rebalance=year|band=0.01"
2025-06-11,0.2024781721,0.2051497843,0.2070241668,0.1963006602,0.1890472166,1,"E1|equal-weight,rebalance=year|band=0.01"
2025-06-12,0.2014121323,0.2030511934,0.2066459796,0.1988503703,0.1900403244,1,"E1|equal-weight,rebalance=year|band=0.01"
2025-06-13,0.2002395703,0.2016803475,0.2045894179,0.2032671759,0.1902234884,1,"E1|equal-weight,rebalance=year|band=0.01"
2025-06-16,0.2011247288,0.2020193047,0.2053148883,0.2021705339,0.1893705443,1,"E1|equal-weight,rebalance=year|band=0.01"
2025-06-17,0.2012465053,0.2014195038,0.2052587601,0.2018034574,0.1902717734,1,"E1|equal-weight,rebalance=year|band=0.01"
2025-06-18,0.2009552293,0.2008391479,0.2056147052,0.2023269449,0.1902639727,1,"E1|equal-weight,rebalance=year|band=0.01"
2025-06-19,0.201475265,0.1988250569,0.2055909743,0.2030914021,0.1910173017,1,"E1|equal-weight,rebalance=year|band=0.01"
2025-06-20,0.2027991175,0.2002087321,0.2066859154,0.2004536856,0.1898525494,1,"E1|equal-weight,rebalance=year|band=0.01"
2025-06-23,0.2023202342,0.2002611099,0.2060047838,0.2014841662,0.1899297059,1,"E1|equal-weight,rebalance=year|band=0.01"
2025-06-24,0.2027800507,0.2021722473,0.2076032117,0.1974370725,0.1900074178,1,"E1|equal-weight,rebalance=year|band=0.01"
2025-06-25,0.2035261412,0.2023889342,0.207597218,0.1970949623,0.1893927443,1,"E1|equal-weight,rebalance=year|band=0.01"
2025-06-26,0.2045544815,0.2026109502,0.2083866265,0.1960537643,0.1883941775,1,"E1|equal-weight,rebalance=year|band=0.01"
2025-06-27,0.2055549765,0.2036461616,0.2097236004,0.1927743447,0.1883009168,1,"E1|equal-weight,rebalance=year|band=0.01"
2025-06-30,0.2045440697,0.2045082766,0.2092724784,0.1932319332,0.1884432421,1,"E1|equal-weight,rebalance=year|band=0.01"
2025-07-01,0.2040883282,0.2036878714,0.2092349227,0.1951315828,0.1878572949,1,"E1|equal-weight,rebalance=year|band=0.01"
2025-07-02,0.2037986789,0.2040950141,0.2080527292,0.1957221725,0.1883314053,1,"E1|equal-weight,rebalance=year|band=0.01"
2025-07-03,0.2039866658,0.2036233516,0.2076545378,0.1959285634,0.1888068814,1,"E1|equal-weight,rebalance=year|band=0.01"
2025-07-04,0.2041258705,0.204017731,0.2080860624,0.1952791796,0.1884911565,1,"E1|equal-weight,rebalance=year|band=0.01"
2025-07-07,0.2043172239,0.2042347604,0.2080402307,0.1946195465,0.1887882385,1,"E1|equal-weight,rebalance=year|band=0.01"
2025-07-08,0.2044098332,0.2039174311,0.20858485,0.1947403926,0.1883474931,1,"E1|equal-weight,rebalance=year|band=0.01"
2025-07-09,0.2045781606,0.2043468805,0.2089132756,0.1933675319,0.1887941514,1,"E1|equal-weight,rebalance=year|band=0.01"
2025-07-10,0.2037308842,0.2039875022,0.2082438043,0.1951154704,0.1889223389,1,"E1|equal-weight,rebalance=year|band=0.01"
2025-07-11,0.2028236237,0.2028926578,0.2080977367,0.196719742,0.1894662398,1,"E1|equal-weight,rebalance=year|band=0.01"
2025-07-14,0.201978715,0.2032608824,0.2077799504,0.1979421861,0.1890382661,1,"E1|equal-weight,rebalance=year|band=0.01"
2025-07-15,0.2021928399,0.2039287327,0.2083063313,0.1969610697,0.1886110264,1,"E1|equal-weight,rebalance=year|band=0.01"
2025-07-16,0.2021783487,0.2043019447,0.2086472442,0.1962098563,0.1886626061,1,"E1|equal-weight,rebalance=year|band=0.01"
2025-07-17,0.2020842222,0.2045222556,0.2080277614,0.1962208109,0.1891449499,1,"E1|equal-weight,rebalance=year|band=0.01"
2025-07-18,0.2015909996,0.2037321463,0.2069310625,0.1980972015,0.1896485901,1,"E1|equal-weight,rebalance=year|band=0.01"
2025-07-21,0.2013118029,0.2036335275,0.2079384923,0.1982064659,0.1889097114,1,"E1|equal-weight,rebalance=year|band=0.01"
2025-07-22,0.2011692104,0.2028723106,0.2072819307,0.1997439628,0.1889325855,1,"E1|equal-weight,rebalance=year|band=0.01"
2025-07-23,0.2011964836,0.2020370593,0.2076580386,0.2010954655,0.188012953,1,"E1|equal-weight,rebalance=year|band=0.01"
2025-07-24,0.2012101492,0.2027949794,0.2083594033,0.198629032,0.1890064361,1,"E1|equal-weight,rebalance=year|band=0.01"
2025-07-25,0.2011088724,0.2011316358,0.207914802,0.1995105756,0.1903341142,1,"E1|equal-weight,rebalance=year|band=0.01"
2025-07-28,0.2007616945,0.2007626374,0.2072369086,0.2000967584,0.1911420011,1,"E1|equal-weight,rebalance=year|band=0.01"
2025-07-29,0.2012515123,0.2019238337,0.2071384183,0.199147367,0.1905388687,1,"E1|equal-weight,rebalance=year|band=0.01"
2025-07-30,0.2010729296,0.201821871,0.2066322691,0.2001080598,0.1903648705,1,"E1|equal-weight,rebalance=year|band=0.01"
2025-07-31,0.2009767192,0.2013634541,0.2065897016,0.2001727383,0.1908973868,1,"E1|equal-weight,rebalance=year|band=0.01"
2025-08-01,0.200716859,0.2000659532,0.2065446355,0.2006784481,0.1919941042,1,"E1|equal-weight,rebalance=year|band=0.01"
2025-08-04,0.2004953834,0.2009473744,0.2052247865,0.2024928611,0.1908395946,1,"E1|equal-weight,rebalance=year|band=0.01"
2025-08-05,0.2002292599,0.2005661099,0.2044370466,0.2036659415,0.1911016421,1,"E1|equal-weight,rebalance=year|band=0.01"
2025-08-06,0.2001056715,0.1994518591,0.2051269782,0.2037343493,0.1915811419,1,"E1|equal-weight,rebalance=year|band=0.01"
2025-08-07,0.1996943293,0.1995181099,0.2050066761,0.204548634,0.1912322507,1,"E1|equal-weight,rebalance=year|band=0.01"
2025-08-08,0.1990568342,0.1980167671,0.2042719682,0.2065171033,0.1921373272,1,"E1|equal-weight,rebalance=year|band=0.01"
2025-08-11,0.2001025071,0.199637005,0.2052928902,0.2032330388,0.1917345589,1,"E1|equal-weight,rebalance=year|band=0.01"
2025-08-12,0.2000009897,0.1998463588,0.2048961718,0.2030690376,0.1921874421,1,"E1|equal-weight,rebalance=year|band=0.01"
2025-08-13,0.2003811324,0.2005891492,0.204583613,0.2028840968,0.1915620086,1,"E1|equal-weight,rebalance=year|band=0.01"
2025-08-14,0.2004561568,0.2003055562,0.205032585,0.2026849761,0.1915207259,1,"E1|equal-weight,rebalance=year|band=0.01"
2025-08-18,0.2014894143,0.2018589154,0.205244476,0.2007251713,0.190682023,1,"E1|equal-weight,rebalance=year|band=0.01"
2025-08-19,0.2018599329,0.2028913656,0.2053966585,0.1993936476,0.1904583954,1,"E1|equal-weight,rebalance=year|band=0.01"
2025-08-20,0.2022070176,0.2037026022,0.2048684631,0.1987835617,0.1904383554,1,"E1|equal-weight,rebalance=year|band=0.01"
2025-08-21,0.2023493161,0.2027651637,0.2049664689,0.1996808469,0.1902382044,1,"E1|equal-weight,rebalance=year|band=0.01"
2025-08-22,0.2016961547,0.2025225486,0.2037236656,0.2008441277,0.1912135034,1,"E1|equal-weight,rebalance=year|band=0.01"
2025-08-25,0.2016728191,0.202568044,0.202820984,0.2022897727,0.1906483802,1,"E1|equal-weight,rebalance=year|band=0.01"
2025-08-26,0.2009807448,0.2011718751,0.2017369691,0.2042998203,0.1918105907,1,"E1|equal-weight,rebalance=year|band=0.01"
2025-08-28,0.2004252706,0.1995916033,0.2004441458,0.2067397157,0.1927992646,1,"E1|equal-weight,rebalance=year|band=0.01"
2025-08-29,0.1997038363,0.1989403369,0.1997187137,0.2088967372,0.1927403759,1,"E1|equal-weight,rebalance=year|band=0.01"
2025-09-01,0.1995768664,0.1998029993,0.1991234797,0.2102560151,0.1912406395,1,"E1|equal-weight,rebalance=year|band=0.01"
2025-09-02,0.1993385159,0.2007999186,0.1980974802,0.2103830527,0.1913810326,1,"E1|equal-weight,rebalance=year|band=0.01"
2025-09-03,0.1989327097,0.2006696705,0.1981670579,0.2120711268,0.1901594351,1,"E1|equal-weight,rebalance=year|band=0.01"
2025-09-04,0.1991742921,0.1999221423,0.1980278251,0.2127153959,0.1901603446,1,"E1|equal-weight,rebalance=year|band=0.01"
2025-09-05,0.1990376476,0.1995434075,0.1980124988,0.213536882,0.1898695641,1,"E1|equal-weight,rebalance=year|band=0.01"
2025-09-08,0.1983559457,0.1993788209,0.1975246265,0.2156973379,0.189043269,1,"E1|equal-weight,rebalance=year|band=0.01"
2025-09-09,0.1980733743,0.1989569564,0.1967336152,0.2178107729,0.1884252812,1,"E1|equal-weight,rebalance=year|band=0.01"
2025-09-10,0.1984664777,0.1994505413,0.1975389349,0.2165930461,0.187951,1,"E1|equal-weight,rebalance=year|band=0.01"
2025-09-11,0.1988075832,0.1996390973,0.1979412479,0.2157687413,0.1878433303,1,"E1|equal-weight,rebalance=year|band=0.01"
2025-09-12,0.1988597776,0.199639242,0.1976333161,0.2165983409,0.1872693234,1,"E1|equal-weight,rebalance=year|band=0.01"
2025-09-15,0.198486603,0.2006509442,0.1979108211,0.2156831266,0.1872685051,1,"E1|equal-weight,rebalance=year|band=0.01"
2025-09-16,0.1984825016,0.200367,0.1974881347,0.217521222,0.1861411417,1,"E1|equal-weight,rebalance=year|band=0.01"
2025-09-17,0.1991159033,0.2011144639,0.1987313446,0.2149805916,0.1860576966,1,"E1|equal-weight,rebalance=year|band=0.01"
2025-09-18,0.1991185773,0.2011061307,0.1988844457,0.2152661063,0.18562474,1,"E1|equal-weight,rebalance=year|band=0.01"
2025-09-19,0.1987579474,0.2023358979,0.1983223818,0.2147482576,0.1858355153,1,"E1|equal-weight,rebalance=year|band=0.01"
2025-09-22,0.197202544,0.20205464,0.1969008115,0.218462971,0.1853790335,1,"E1|equal-weight,rebalance=year|band=0.01"
2025-09-23,0.1961838153,0.2006619434,0.1965292218,0.2220872028,0.1845378167,1,"E1|equal-weight,rebalance=year|band=0.01"
2025-09-24,0.1963005864,0.1996587394,0.1961837228,0.2222236002,0.1856333512,1,"E1|equal-weight,rebalance=year|band=0.01"
2025-09-25,0.1958033323,0.1988529254,0.1966339302,0.2224585351,0.186251277,1,"E1|equal-weight,rebalance=year|band=0.01"
2025-09-26,0.1955292296,0.1970289751,0.1961168198,0.2236410833,0.1876838922,1,"E1|equal-weight,rebalance=year|band=0.01"
2025-09-29,0.1943162666,0.1976719673,0.1949186939,0.2263790784,0.1867139938,1,"E1|equal-weight,rebalance=year|band=0.01"
2025-09-30,0.1935808382,0.1978943522,0.1954915056,0.2262331749,0.1868001291,1,"E1|equal-weight,rebalance=year|band=0.01"
2025-10-01,0.193828685,0.1964116649,0.1964052149,0.2282701291,0.1850843061,1,"E1|equal-weight,rebalance=year|band=0.01"
2025-10-03,0.1941206318,0.1972001116,0.1969022965,0.2267771458,0.1849998143,1,"E1|equal-weight,rebalance=year|band=0.01"
2025-10-06,0.1935769687,0.1960439801,0.1974616745,0.2295911569,0.1833262198,1,"E1|equal-weight,rebalance=year|band=0.01"
2025-10-07,0.1936519197,0.1955260425,0.1971957775,0.2304218257,0.1832044346,1,"E1|equal-weight,rebalance=year|band=0.01"
2025-10-08,0.1925975473,0.1938319211,0.1959858675,0.2346881489,0.1828965152,1,"E1|equal-weight,rebalance=year|band=0.01"
2025-10-09,0.1932446174,0.1943075994,0.1964087187,0.2335857617,0.1824533028,1,"E1|equal-weight,rebalance=year|band=0.01"
2025-10-10,0.1939915273,0.194611614,0.1977142282,0.2314421153,0.1822405152,1,"E1|equal-weight,rebalance=year|band=0.01"
2025-10-13,0.192687612,0.1936616971,0.19685774,0.2351326354,0.1816603155,1,"E1|equal-weight,rebalance=year|band=0.01"
2025-10-14,0.19136427,0.1919950809,0.1957275837,0.2398691033,0.1810439621,1,"E1|equal-weight,rebalance=year|band=0.01"
2025-10-15,0.1919074764,0.1932746465,0.1957380673,0.239002695,0.1800771148,1,"E1|equal-weight,rebalance=year|band=0.01"
2025-10-16,0.1927498823,0.1933485979,0.1966097497,0.2380457388,0.1792460313,1,"E1|equal-weight,rebalance=year|band=0.01"
2025-10-17,0.1921359111,0.1918721592,0.1959754997,0.2422244596,0.1777919704,1,"E1|equal-weight,rebalance=year|band=0.01"
2025-10-20,0.194015817,0.192971257,0.1979375468,0.2364975388,0.1785778404,1,"E1|equal-weight,rebalance=year|band=0.01"
2025-10-21,0.1937497958,0.1929426179,0.1975801234,0.2374005863,0.1783268766,1,"E1|equal-weight,rebalance=year|band=0.01"
2025-10-23,0.1958039516,0.1943524997,0.1994097218,0.2304496133,0.1799842136,1,"E1|equal-weight,rebalance=year|band=0.01"
2025-10-24,0.1959128708,0.1952344114,0.1991736696,0.2287318265,0.1809472217,1,"E1|equal-weight,rebalance=year|band=0.01"
2025-10-27,0.1968577339,0.1953068077,0.1999737035,0.2273893237,0.1804724312,1,"E1|equal-weight,rebalance=year|band=0.01"
2025-10-28,0.1983212698,0.1959587466,0.2020058584,0.221719735,0.1819943902,1,"E1|equal-weight,rebalance=year|band=0.01"
2025-10-29,0.1970756654,0.1960367081,0.2005484867,0.2263219075,0.1800172323,1,"E1|equal-weight,rebalance=year|band=0.01"
2025-10-30,0.1964025899,0.1961926085,0.2003837065,0.2264157833,0.1806053118,1,"E1|equal-weight,rebalance=year|band=0.01"
2025-10-31,0.1956597616,0.1962121666,0.199755056,0.2274951268,0.180877889,1,"E1|equal-weight,rebalance=year|band=0.01"
2025-11-03,0.1952534276,0.1973764009,0.2000589334,0.2268803226,0.1804309155,1,"E1|equal-weight,rebalance=year|band=0.01"
2025-11-04,0.194756971,0.1972109981,0.1998262983,0.2271099103,0.1810958223,1,"E1|equal-weight,rebalance=year|band=0.01"
2025-11-06,0.1945251665,0.1956218094,0.1995496754,0.2285185925,0.1817847562,1,"E1|equal-weight,rebalance=year|band=0.01"
2025-11-07,0.1944020373,0.1955274791,0.2005792346,0.2279191224,0.1815721266,1,"E1|equal-weight,rebalance=year|band=0.01"
2025-11-10,0.1940237005,0.1952545795,0.199432771,0.2306419303,0.1806470187,1,"E1|equal-weight,rebalance=year|band=0.01"
2025-11-11,0.1939128103,0.194364584,0.1989313204,0.2330432894,0.1797479959,1,"E1|equal-weight,rebalance=year|band=0.01"
2025-11-12,0.1950123239,0.1945915372,0.1992810433,0.2314908924,0.1796242032,1,"E1|equal-weight,rebalance=year|band=0.01"
2025-11-13,0.1936205899,0.1933951202,0.1983061546,0.236103322,0.1785748133,1,"E1|equal-weight,rebalance=year|band=0.01"
2025-11-14,0.1944695842,0.1938350956,0.199302581,0.2332767216,0.1791160176,1,"E1|equal-weight,rebalance=year|band=0.01"
2025-11-17,0.1954071783,0.1949522533,0.2009880843,0.2292863624,0.1793661217,1,"E1|equal-weight,rebalance=year|band=0.01"
2025-11-18,0.1955662104,0.1945028659,0.2018448943,0.2279297265,0.1801563029,1,"E1|equal-weight,rebalance=year|band=0.01"
2025-11-19,0.1955729948,0.1935354739,0.2017346697,0.229821044,0.1793358176,1,"E1|equal-weight,rebalance=year|band=0.01"
2025-11-20,0.196509919,0.1933973192,0.2022436718,0.2284006339,0.1794484561,1,"E1|equal-weight,rebalance=year|band=0.01"
2025-11-21,0.196390539,0.1917007761,0.2014340208,0.2303016518,0.1801730123,1,"E1|equal-weight,rebalance=year|band=0.01"
2025-11-24,0.1961090004,0.1902099791,0.2017649418,0.2312916305,0.1806244482,1,"E1|equal-weight,rebalance=year|band=0.01"
2025-11-25,0.1951501721,0.1901293364,0.2011440767,0.2334234374,0.1801529774,1,"E1|equal-weight,rebalance=year|band=0.01"
2025-11-26,0.1955880602,0.1910423123,0.2018880384,0.2329251606,0.1785564285,1,"E1|equal-weight,rebalance=year|band=0.01"
2025-11-27,0.1957831058,0.1907269811,0.202296115,0.2326784977,0.1785153004,1,"E1|equal-weight,rebalance=year|band=0.01"
2025-11-28,0.1954868527,0.190711218,0.2021620698,0.2334093849,0.1782304746,1,"E1|equal-weight,rebalance=year|band=0.01"
2025-12-01,0.1942850788,0.1899822872,0.2013438312,0.2369424915,0.1774463113,1,"E1|equal-weight,rebalance=year|band=0.01"
2025-12-02,0.1942713301,0.1907511394,0.2009983062,0.2356518767,0.1783273476,1,"E1|equal-weight,rebalance=year|band=0.01"
2025-12-03,0.1938667027,0.1883922693,0.2014261129,0.2378142701,0.178500645,1,"E1|equal-weight,rebalance=year|band=0.01"
2025-12-04,0.1944055089,0.1894177314,0.2008063605,0.236695001,0.1786753982,1,"E1|equal-weight,rebalance=year|band=0.01"
2025-12-05,0.1944521452,0.1888654438,0.2013037413,0.2375962199,0.1777824498,1,"E1|equal-weight,rebalance=year|band=0.01"
2025-12-08,0.1941382892,0.1863096018,0.2012347215,0.2391925809,0.1791248066,1,"E1|equal-weight,rebalance=year|band=0.01"
2025-12-09,0.1936576062,0.1876496269,0.2010996324,0.2382204829,0.1793726516,1,"E1|equal-weight,rebalance=year|band=0.01"
2025-12-10,0.1935097224,0.1875319524,0.2006486315,0.2385712597,0.179738434,1,"E1|equal-weight,rebalance=year|band=0.01"
2025-12-11,0.1934634261,0.1877012933,0.2005002131,0.2394546594,0.1788804081,1,"E1|equal-weight,rebalance=year|band=0.01"
2025-12-12,0.1928945048,0.1873699289,0.1996479175,0.242773192,0.1773144568,1,"E1|equal-weight,rebalance=year|band=0.01"
2025-12-15,0.1921691312,0.1869937136,0.1990795791,0.2449417096,0.1768158665,1,"E1|equal-weight,rebalance=year|band=0.01"
2025-12-16,0.1920679967,0.1876953743,0.1990581119,0.2432986818,0.1778798353,1,"E1|equal-weight,rebalance=year|band=0.01"
2025-12-17,0.1916484323,0.1870729762,0.1986622465,0.2445137294,0.1781026156,1,"E1|equal-weight,rebalance=year|band=0.01"
2025-12-18,0.1919137404,0.1865174433,0.198770138,0.2444983868,0.1783002915,1,"E1|equal-weight,rebalance=year|band=0.01"
2025-12-19,0.1924416401,0.1871986354,0.1988140703,0.2437009763,0.1778446779,1,"E1|equal-weight,rebalance=year|band=0.01"
2025-12-22,0.1926031841,0.1870973501,0.1980630582,0.2455099643,0.1767264433,1,"E1|equal-weight,rebalance=year|band=0.01"
2025-12-23,0.1917221633,0.1872156617,0.1969637475,0.2481470234,0.1759514041,1,"E1|equal-weight,rebalance=year|band=0.01"
2025-12-24,0.1916689441,0.1869322873,0.1968805944,0.2484706805,0.1760474937,1,"E1|equal-weight,rebalance=year|band=0.01"
2025-12-26,0.1907666768,0.1867195066,0.1960367805,0.2505858393,0.1758911968,1,"E1|equal-weight,rebalance=year|band=0.01"
2025-12-29,0.190795513,0.1868536388,0.1966382374,0.2489247503,0.1767878605,1,"E1|equal-weight,rebalance=year|band=0.01"
2025-12-30,0.1913813981,0.1874557466,0.1984941889,0.2454379678,0.1772306986,1,"E1|equal-weight,rebalance=year|band=0.01"
2025-12-31,0.1923559898,0.1885991071,0.1993335709,0.2426891818,0.1770221504,1,"E1|equal-weight,rebalance=year|band=0.01"
2026-01-01,0.1920400832,0.189004571,0.1990283098,0.2431763246,0.1767507114,1,"E1|equal-weight,rebalance=year|band=0.01"
2026-01-02,0.1919730229,0.1895602924,0.1989571583,0.2441157672,0.1753937592,1,"E1|equal-weight,rebalance=year|band=0.01"
2026-01-05,0.1909329767,0.1893235222,0.1984192233,0.2461246183,0.1751996595,1,"E1|equal-weight,rebalance=year|band=0.01"
2026-01-06,0.1904110843,0.1899873992,0.198364752,0.2462540832,0.1749826813,1,"E1|equal-weight,rebalance=year|band=0.01"
2026-01-07,0.1903592811,0.190376112,0.1982045577,0.245935861,0.1751241882,1,"E1|equal-weight,rebalance=year|band=0.01"
2026-01-08,0.1900703588,0.1878470186,0.1990107641,0.2465401857,0.1765316728,1,"E1|equal-weight,rebalance=year|band=0.01"
2026-01-09,0.1889309129,0.1863391587,0.1978808669,0.2499395664,0.1769094951,1,"E1|equal-weight,rebalance=year|band=0.01"
2026-01-12,0.1881165023,0.1850604679,0.1967248896,0.2546405815,0.1754575587,1,"E1|equal-weight,rebalance=year|band=0.01"
2026-01-13,0.1879012487,0.1849146444,0.1973171076,0.2541439843,0.175723015,1,"E1|equal-weight,rebalance=year|band=0.01"
2026-01-14,0.1867852633,0.185175257,0.1964431875,0.2566092126,0.1749870796,1,"E1|equal-weight,rebalance=year|band=0.01"
2026-01-16,0.1867737319,0.1847674027,0.1979016617,0.255758902,0.1747983017,1,"E1|equal-weight,rebalance=year|band=0.01"
2026-01-19,0.1849453959,0.1833380807,0.1960607449,0.2616617352,0.1739940433,1,"E1|equal-weight,rebalance=year|band=0.01"
2026-01-20,0.1823344364,0.1789062223,0.1939547461,0.2712448566,0.1735597386,1,"E1|equal-weight,rebalance=year|band=0.01"
2026-01-21,0.1786247698,0.1752193351,0.189021399,0.2862901214,0.1708443747,1,"E1|equal-weight,rebalance=year|band=0.01"
2026-01-22,0.1829453523,0.1804973739,0.1939994978,0.2685573227,0.1740004533,1,"E1|equal-weight,rebalance=year|band=0.01"
2026-01-23,0.1814004082,0.177155872,0.1917686299,0.2754807552,0.1741943347,1,"E1|equal-weight,rebalance=year|band=0.01"
2026-01-27,0.1798858401,0.1757916562,0.1917286754,0.2805263672,0.1720674611,1,"E1|equal-weight,rebalance=year|band=0.01"
2026-01-28,0.1781189194,0.176829839,0.1898614422,0.2856133694,0.16957643,1,"E1|equal-weight,rebalance=year|band=0.01"
2026-01-29,0.174293962,0.1730346771,0.1864334535,0.3007208622,0.1655170452,1,"E1|equal-weight,rebalance=year|band=0.01"
2026-01-30,0.1799657257,0.1780054105,0.1922461537,0.2784721077,0.1713106024,1,"E1|equal-weight,rebalance=year|band=0.01"
2026-02-01,0.1823674561,0.1802586428,0.193805309,0.2672546863,0.1763139058,1,"E1|equal-weight,rebalance=year|band=0.01"
2026-02-02,0.1844200984,0.1820829031,0.1953054156,0.2608066782,0.1773849047,1,"E1|equal-weight,rebalance=year|band=0.01"
2026-02-03,0.1839285774,0.1813614401,0.1946369224,0.2675460924,0.1725269677,1,"E1|equal-weight,rebalance=year|band=0.01"
2026-02-04,0.1821026203,0.1805851745,0.1928685982,0.2738137857,0.1706298213,1,"E1|equal-weight,rebalance=year|band=0.01"
2026-02-05,0.1833182432,0.1816916473,0.1948997645,0.2675183947,0.1725719503,1,"E1|equal-weight,rebalance=year|band=0.01"
2026-02-06,0.1834981978,0.1821387419,0.1946510358,0.2671200793,0.1725919452,1,"E1|equal-weight,rebalance=year|band=0.01"
2026-02-09,0.1827157092,0.1817487064,0.19426124,0.2704575692,0.1708167752,1,"E1|equal-weight,rebalance=year|band=0.01"
2026-02-10,0.1829001864,0.1820269016,0.1940646048,0.2705673562,0.170440951,1,"E1|equal-weight,rebalance=year|band=0.01"
2026-02-11,0.182718216,0.1822077512,0.1941503604,0.2707888588,0.1701348136,1,"E1|equal-weight,rebalance=year|band=0.01"
2026-02-12,0.1820895495,0.1818819525,0.1945903023,0.2709365478,0.1705016479,1,"E1|equal-weight,rebalance=year|band=0.01"
2026-02-13,0.182031511,0.1814778492,0.1951188745,0.2688780274,0.1724937379,1,"E1|equal-weight,rebalance=year|band=0.01"
2026-02-16,0.1820375065,0.1818543573,0.1957754278,0.2688762084,0.1714565,1,"E1|equal-weight,rebalance=year|band=0.01"
2026-02-17,0.1829989658,0.1833167229,0.197120753,0.2646212403,0.171942318,1,"E1|equal-weight,rebalance=year|band=0.01"
2026-02-18,0.1828746753,0.1837608949,0.1979636899,0.2639531752,0.1714475647,1,"E1|equal-weight,rebalance=year|band=0.01"
2026-02-19,0.181033721,0.1814120047,0.1955938371,0.2699614886,0.1719989486,1,"E1|equal-weight,rebalance=year|band=0.01"
2026-02-20,0.1808351166,0.1816817256,0.1963228554,0.269824847,0.1713354554,1,"E1|equal-weight,rebalance=year|band=0.01"
2026-02-23,0.1803924848,0.1809851531,0.1951371058,0.2732036556,0.1702816007,1,"E1|equal-weight,rebalance=year|band=0.01"
2026-02-24,0.1786676824,0.1810209741,0.1945106668,0.2755978959,0.1702027808,1,"E1|equal-weight,rebalance=year|band=0.01"
2026-02-25,0.1786631518,0.1819059144,0.1938353734,0.2758305805,0.1697649799,1,"E1|equal-weight,rebalance=year|band=0.01"
2026-02-26,0.1789249141,0.1828450709,0.1944182473,0.2737440134,0.1700677543,1,"E1|equal-weight,rebalance=year|band=0.01"
2026-02-27,0.1775242898,0.1815248622,0.1931459575,0.2770915093,0.1707133812,1,"E1|equal-weight,rebalance=year|band=0.01"
2026-03-02,0.1741005616,0.1776180153,0.1897584926,0.2890280248,0.1694949057,1,"E1|equal-weight,rebalance=year|band=0.01"
2026-03-04,0.1747718225,0.1763766832,0.1901033542,0.2856988158,0.1730493243,1,"E1|equal-weight,rebalance=year|band=0.01"
2026-03-05,0.1764698044,0.1784463915,0.1905784882,0.2816623371,0.1728429788,1,"E1|equal-weight,rebalance=year|band=0.01"
2026-03-06,0.1761095564,0.1795523098,0.1887169606,0.2811781746,0.1744429986,1,"E1|equal-weight,rebalance=year|band=0.01"
2026-03-09,0.1750291539,0.1777037048,0.1851827691,0.2855601333,0.1765242389,1,"E1|equal-weight,rebalance=year|band=0.01"
2026-03-10,0.1749753822,0.1791610029,0.1863095562,0.2846759482,0.1748781105,1,"E1|equal-weight,rebalance=year|band=0.01"
2026-03-11,0.1734800016,0.1786078364,0.1837625445,0.287929107,0.1762205105,1,"E1|equal-weight,rebalance=year|band=0.01"
2026-03-12,0.1726057199,0.1792500769,0.182416332,0.2886689706,0.1770589006,1,"E1|equal-weight,rebalance=year|band=0.01"
2026-03-13,0.1720376727,0.1781245814,0.1810385628,0.2887933466,0.1800058365,1,"E1|equal-weight,rebalance=year|band=0.01"
2026-03-16,0.1744856119,0.1774179369,0.1839231066,0.2832502748,0.1809230698,1,"E1|equal-weight,rebalance=year|band=0.01"
2026-03-17,0.1745699385,0.1779508692,0.1842572201,0.283497929,0.1797240432,1,"E1|equal-weight,rebalance=year|band=0.01"
2026-03-18,0.1754970605,0.1788749499,0.18451436,0.2819190923,0.1791945373,1,"E1|equal-weight,rebalance=year|band=0.01"
2026-03-19,0.1759513097,0.179553926,0.1842272539,0.2755629594,0.184704551,1,"E1|equal-weight,rebalance=year|band=0.01"
2026-03-20,0.1760569216,0.1797925969,0.1840889459,0.2751899432,0.1848715924,1,"E1|equal-weight,rebalance=year|band=0.01"
2026-03-23,0.1788066121,0.1803778727,0.1853449834,0.2625488819,0.1929216499,1,"E1|equal-weight,rebalance=year|band=0.01"
2026-03-24,0.1782854156,0.1793118261,0.1853570134,0.2681433307,0.1889024142,1,"E1|equal-weight,rebalance=year|band=0.01"
2026-03-25,0.1778124973,0.1796227947,0.1853374407,0.2718064729,0.1854207944,1,"E1|equal-weight,rebalance=year|band=0.01"
2026-03-27,0.1771204898,0.1784598975,0.1838717714,0.2720810902,0.1884667511,1,"E1|equal-weight,rebalance=year|band=0.01"
2026-03-30,0.1745723097,0.1745448089,0.1784864426,0.2824639822,0.1899324566,1,"E1|equal-weight,rebalance=year|band=0.01"
2026-04-01,0.2,0.2,0.2,0.2,0.2,1,"E1|equal-weight,rebalance=year|band=0.01"
2026-04-02,0.201078253,0.200686291,0.2005804055,0.1964088246,0.2012462259,1,"E1|equal-weight,rebalance=year|band=0.01"
2026-04-06,0.2006518164,0.2006182766,0.2021881181,0.1975920287,0.1989497602,1,"E1|equal-weight,rebalance=year|band=0.01"
2026-04-07,0.2014410863,0.2016612923,0.2022631442,0.1957877381,0.1988467391,1,"E1|equal-weight,rebalance=year|band=0.01"
2026-04-08,0.2024986294,0.2044660849,0.2071055769,0.1934787259,0.1924509829,1,"E1|equal-weight,rebalance=year|band=0.01"
2026-04-09,0.202214878,0.2059484547,0.2050917935,0.1929299894,0.1938148844,1,"E1|equal-weight,rebalance=year|band=0.01"
2026-04-10,0.2019770006,0.2082825448,0.2064566041,0.1913938495,0.191890001,1,"E1|equal-weight,rebalance=year|band=0.01"
2026-04-13,0.2009916485,0.2074550973,0.2061607771,0.1925975004,0.1927949767,1,"E1|equal-weight,rebalance=year|band=0.01"
2026-04-15,0.2017214697,0.2092309218,0.2061866722,0.1922950139,0.1905659224,1,"E1|equal-weight,rebalance=year|band=0.01"
2026-04-16,0.2013772264,0.2108674526,0.2049154942,0.1926844187,0.1901554081,1,"E1|equal-weight,rebalance=year|band=0.01"
2026-04-17,0.2017203036,0.2129725554,0.205695855,0.1904333709,0.1891779151,1,"E1|equal-weight,rebalance=year|band=0.01"
2026-04-20,0.2013233949,0.2127679495,0.2057410789,0.190819775,0.1893478017,1,"E1|equal-weight,rebalance=year|band=0.01"
2026-04-21,0.2017272972,0.2130292852,0.2072781134,0.1898695441,0.1880957601,1,"E1|equal-weight,rebalance=year|band=0.01"
2026-04-22,0.2004653791,0.2148075545,0.2067454851,0.1896949362,0.1882866451,1,"E1|equal-weight,rebalance=year|band=0.01"
2026-04-23,0.2006696499,0.2140739294,0.2056638861,0.1898002662,0.1897922684,1,"E1|equal-weight,rebalance=year|band=0.01"
2026-04-24,0.1996264475,0.2135326034,0.2056928453,0.1904580808,0.190690023,1,"E1|equal-weight,rebalance=year|band=0.01"
2026-04-27,0.1997576401,0.2151217557,0.2051831237,0.190057384,0.1898800965,1,"E1|equal-weight,rebalance=year|band=0.01"
2026-04-28,0.2002930642,0.2160254646,0.203661874,0.1888796498,0.1911399474,1,"E1|equal-weight,rebalance=year|band=0.01"
2026-04-29,0.2017376037,0.2157408651,0.2037453402,0.187397125,0.191379066,1,"E1|equal-weight,rebalance=year|band=0.01"
2026-04-30,0.2012227916,0.2140969337,0.2024412262,0.1905444746,0.1916945739,1,"E1|equal-weight,rebalance=year|band=0.01"
2026-05-04,0.2019334683,0.2158047395,0.2017239145,0.1888202555,0.1917176222,1,"E1|equal-weight,rebalance=year|band=0.01"
2026-05-05,0.2015049384,0.2169227228,0.2010126825,0.1886472195,0.1919124368,1,"E1|equal-weight,rebalance=year|band=0.01"
2026-05-06,0.2012851598,0.2169627085,0.2034713776,0.1889308134,0.1893499407,1,"E1|equal-weight,rebalance=year|band=0.01"
2026-05-07,0.2006961467,0.2173008268,0.2033451635,0.1894462318,0.1892116312,1,"E1|equal-weight,rebalance=year|band=0.01"
2026-05-08,0.2006748411,0.217340868,0.2018782725,0.1900320591,0.1900739593,1,"E1|equal-weight,rebalance=year|band=0.01"
2026-05-11,0.2000747587,0.2161179345,0.2010328945,0.1904879454,0.1922864669,1,"E1|equal-weight,rebalance=year|band=0.01"
2026-05-12,0.198348687,0.2130390697,0.1997295853,0.1945977206,0.1942849374,1,"E1|equal-weight,rebalance=year|band=0.01"
2026-05-13,0.1961513904,0.2118950819,0.1969236307,0.203154297,0.1918756,1,"E1|equal-weight,rebalance=year|band=0.01"
2026-05-14,0.1968388208,0.2126076999,0.1979815131,0.2019123924,0.1906595738,1,"E1|equal-weight,rebalance=year|band=0.01"
2026-05-15,0.1977394631,0.2126930185,0.1976614238,0.1997770338,0.1921290608,1,"E1|equal-weight,rebalance=year|band=0.01"
2026-05-18,0.1982267335,0.2109263417,0.197848194,0.2005080819,0.1924906489,1,"E1|equal-weight,rebalance=year|band=0.01"
2026-05-19,0.1977985445,0.2116405878,0.1969777452,0.2015024155,0.192080707,1,"E1|equal-weight,rebalance=year|band=0.01"
2026-05-20,0.197969904,0.2122400238,0.1971669761,0.2006677941,0.191955302,1,"E1|equal-weight,rebalance=year|band=0.01"
2026-05-21,0.1978305601,0.2125567703,0.1966507855,0.2012381085,0.1917237756,1,"E1|equal-weight,rebalance=year|band=0.01"
2026-05-22,0.1977045921,0.2127865406,0.1984357364,0.200076878,0.1909962529,1,"E1|equal-weight,rebalance=year|band=0.01"
2026-05-25,0.1979464405,0.2139839384,0.2005717115,0.1982083201,0.1892895895,1,"E1|equal-weight,rebalance=year|band=0.01"
2026-05-26,0.197631604,0.2148055344,0.2004165836,0.1973244645,0.1898218135,1,"E1|equal-weight,rebalance=year|band=0.01"
2026-05-27,0.1974492624,0.2171622171,0.1995418915,0.1962411477,0.1896054813,1,"E1|equal-weight,rebalance=year|band=0.01"
2026-05-29,0.1965080649,0.2166321071,0.1988091458,0.1970132175,0.1910374647,1,"E1|equal-weight,rebalance=year|band=0.01"
2026-06-01,0.1967500866,0.2151385373,0.197955132,0.1971410863,0.1930151578,1,"E1|equal-weight,rebalance=year|band=0.01"
2026-06-02,0.1963977317,0.2149484945,0.1980843962,0.19823613,0.1923332476,1,"E1|equal-weight,rebalance=year|band=0.01"
2026-06-03,0.1963581881,0.2142820824,0.1997369158,0.1969576425,0.1926651712,1,"E1|equal-weight,rebalance=year|band=0.01"
2026-06-04,0.1958791683,0.2143712145,0.1997816573,0.1977637278,0.1922042321,1,"E1|equal-weight,rebalance=year|band=0.01"
2026-06-05,0.1957227258,0.2148701124,0.200446972,0.1966762922,0.1922838976,1,"E1|equal-weight,rebalance=year|band=0.01"
2026-06-08,0.1961548902,0.2139416926,0.2014561926,0.193568913,0.1948783116,1,"E1|equal-weight,rebalance=year|band=0.01"
2026-06-09,0.1952266347,0.2148420877,0.2032812757,0.1935881754,0.1930618265,1,"E1|equal-weight,rebalance=year|band=0.01"
2026-06-10,0.1966104742,0.2145146586,0.2048722364,0.1889407206,0.1950619102,1,"E1|equal-weight,rebalance=year|band=0.01"
2026-06-11,0.1972802511,0.2132635106,0.2063755718,0.1869778838,0.1961027827,1,"E1|equal-weight,rebalance=year|band=0.01"
2026-06-12,0.1974650867,0.2141843112,0.2082924903,0.1875602233,0.1924978885,1,"E1|equal-weight,rebalance=year|band=0.01"
2026-06-15,0.1971257932,0.2165815474,0.2073039206,0.1886503535,0.1903383853,1,"E1|equal-weight,rebalance=year|band=0.01"
2026-06-16,0.1975710882,0.2166200483,0.2073067579,0.1883982141,0.1901038915,1,"E1|equal-weight,rebalance=year|band=0.01"
2026-06-17,0.1980318628,0.2173909776,0.2077585279,0.1872518036,0.1895668281,1,"E1|equal-weight,rebalance=year|band=0.01"
2026-06-18,0.1985274121,0.2182621258,0.2090620421,0.1846662792,0.1894821408,1,"E1|equal-weight,rebalance=year|band=0.01"
2026-06-19,0.1987947465,0.2186923637,0.2099676861,0.1820646795,0.1904805242,1,"E1|equal-weight,rebalance=year|band=0.01"
2026-06-22,0.1983602486,0.2192536842,0.2095312834,0.1832004961,0.1896542877,1,"E1|equal-weight,rebalance=year|band=0.01"
2026-06-23,0.1982821748,0.2190527656,0.2093850122,0.1816703958,0.1916096516,1,"E1|equal-weight,rebalance=year|band=0.01"
2026-06-24,0.1990807084,0.2184828021,0.2122256806,0.179109574,0.1911012349,1,"E1|equal-weight,rebalance=year|band=0.01"
2026-06-25,0.2002582124,0.2195241952,0.2127681158,0.1757010105,0.1917484661,1,"E1|equal-weight,rebalance=year|band=0.01"
2026-06-29,0.1996939468,0.2180399944,0.2117704646,0.1782743383,0.1922212559,1,"E1|equal-weight,rebalance=year|band=0.01"
2026-06-30,0.1996684485,0.2185728984,0.2114303967,0.177769407,0.1925588494,1,"E1|equal-weight,rebalance=year|band=0.01"
2026-07-01,0.1997657967,0.2192930932,0.2125568532,0.1763925447,0.1919917122,1,"E1|equal-weight,rebalance=year|band=0.01"
2026-07-02,0.1998191135,0.2191478439,0.2110008659,0.1789293629,0.1911028138,1,"E1|equal-weight,rebalance=year|band=0.01"
2026-07-03,0.2000641405,0.2176356773,0.2100213826,0.1820484014,0.1902303982,1,"E1|equal-weight,rebalance=year|band=0.01"
2026-07-06,0.2007414253,0.2183248891,0.2105975443,0.1804559305,0.1898802108,1,"E1|equal-weight,rebalance=year|band=0.01"
2026-07-07,0.2010325311,0.2176693093,0.2113217948,0.1795572575,0.1904191073,1,"E1|equal-weight,rebalance=year|band=0.01"
2026-07-08,0.2003202028,0.2170952712,0.2091260909,0.1799582613,0.1935001738,1,"E1|equal-weight,rebalance=year|band=0.01"
2026-07-09,0.1998093537,0.2173650418,0.2095033954,0.1810270697,0.1922951394,1,"E1|equal-weight,rebalance=year|band=0.01"
2026-07-10,0.2001327468,0.2186940195,0.2107525377,0.1793722379,0.1910484581,1,"E1|equal-weight,rebalance=year|band=0.01"
2026-07-13,0.2007198514,0.2184067334,0.2113947838,0.1779375772,0.1915410542,1,"E1|equal-weight,rebalance=year|band=0.01"
2026-07-14,0.200498794,0.2189329642,0.2103460287,0.1775248369,0.1926973762,1,"E1|equal-weight,rebalance=year|band=0.01"
2026-07-15,0.2001720283,0.219017518,0.2109621072,0.1776605764,0.1921877701,1,"E1|equal-weight,rebalance=year|band=0.01"
2026-07-16,0.2004706662,0.2185568883,0.2108528716,0.1778334804,0.1922860935,1,"E1|equal-weight,rebalance=year|band=0.01"
2026-07-17,0.2016049893,0.2175859201,0.2129002433,0.1762070812,0.1917017661,1,"E1|equal-weight,rebalance=year|band=0.01"
2026-07-20,0.2007821696,0.2188967985,0.2110591938,0.1776447294,0.1916171087,1,"E1|equal-weight,rebalance=year|band=0.01"
2026-07-21,0.2001245922,0.2193588921,0.2104803321,0.1787034707,0.1913327129,1,"E1|equal-weight,rebalance=year|band=0.01"
2026-07-22,0.1994444652,0.2186769267,0.2085491194,0.1813961019,0.1919333868,1,"E1|equal-weight,rebalance=year|band=0.01"
2026-07-23,0.1993431184,0.2187252061,0.2075481048,0.1815355727,0.192847998,1,"E1|equal-weight,rebalance=year|band=0.01"
2026-07-24,0.1990427223,0.2190325846,0.2081920934,0.1805820484,0.1931505513,1,"E1|equal-weight,rebalance=year|band=0.01"
2026-07-27,0.199542793,0.2196775366,0.2081949167,0.1805415133,0.1920432404,1,"E1|equal-weight,rebalance=year|band=0.01"
2026-07-28,0.2005418587,0.2197350297,0.2079031695,0.1787465954,0.1930733467,1,"E1|equal-weight,rebalance=year|band=0.01"
2026-07-29,0.2013478543,0.2198894197,0.2084854638,0.1780054502,0.192271812,1,"E1|equal-weight,rebalance=year|band=0.01"
2026-07-30,0.2015711544,0.219835281,0.2079786813,0.1785621434,0.1920527399,1,"E1|equal-weight,rebalance=year|band=0.01"
2026-07-31,0.2014608209,0.2221331814,0.2075815905,0.1774721229,0.1913522843,1,"E1|equal-weight,rebalance=year|band=0.01"
2026-08-03,0.2021176856,0.2225557386,0.2082059649,0.1767181637,0.1904024472,1,"E1|equal-weight,rebalance=year|band=0.01"
2026-08-04,0.2016085331,0.2229690707,0.2079345514,0.1767898561,0.1906979887,1,"E1|equal-weight,rebalance=year|band=0.01"
2026-08-05,0.2013468583,0.2227831471,0.2069877131,0.1791843833,0.1896978982,1,"E1|equal-weight,rebalance=year|band=0.01"
2026-08-06,0.2004205449,0.221674961,0.2069000985,0.182565436,0.1884389596,1,"E1|equal-weight,rebalance=year|band=0.01"
2026-08-07,0.1997792688,0.2216701051,0.2063227102,0.1838461917,0.1883817242,1,"E1|equal-weight,rebalance=year|band=0.01"
2026-08-10,0.1998308225,0.2216045155,0.2052211562,0.1852350659,0.1881084399,1,"E1|equal-weight,rebalance=year|band=0.01"
2026-08-11,0.1989879175,0.2213649267,0.2046755,0.1867310131,0.1882406427,1,"E1|equal-weight,rebalance=year|band=0.01"
2026-08-12,0.1980394334,0.220570711,0.2057145136,0.1877627444,0.1879125976,1,"E1|equal-weight,rebalance=year|band=0.01"
2026-08-13,0.1982217949,0.2212788829,0.2056646846,0.1866012584,0.1882333792,1,"E1|equal-weight,rebalance=year|band=0.01"
2026-08-14,0.1985302663,0.2215048614,0.2052933535,0.1862431359,0.1884283829,1,"E1|equal-weight,rebalance=year|band=0.01"
2026-08-17,0.1977162821,0.2210717547,0.2054792453,0.1876883768,0.1880443411,1,"E1|equal-weight,rebalance=year|band=0.01"
2026-08-18,0.1970425772,0.2211125361,0.2048953207,0.1882899508,0.1886596152,1,"E1|equal-weight,rebalance=year|band=0.01"
2026-08-19,0.1968281409,0.2203951912,0.2052218962,0.1880517047,0.189503067,1,"E1|equal-weight,rebalance=year|band=0.01"
2026-08-20,0.1966531392,0.219537839,0.2045546674,0.1912338078,0.1880205466,1,"E1|equal-weight,rebalance=year|band=0.01"
2026-08-21,0.1960846348,0.2179793313,0.2044046132,0.1941576233,0.1873737974,1,"E1|equal-weight,rebalance=year|band=0.01"
2026-08-24,0.1952897618,0.2177062776,0.2031872912,0.1965057559,0.1873109135,1,"E1|equal-weight,rebalance=year|band=0.01"
2026-08-25,0.195712819,0.2184760261,0.2029669109,0.1958166337,0.1870276103,1,"E1|equal-weight,rebalance=year|band=0.01"
2026-08-26,0.1954239107,0.2188390536,0.2041409213,0.1948675276,0.1867285868,1,"E1|equal-weight,rebalance=year|band=0.01"
2026-08-27,0.1956023278,0.2197501949,0.2043240019,0.1925164903,0.1878069851,1,"E1|equal-weight,rebalance=year|band=0.01"
2026-08-28,0.1955840118,0.2186003647,0.2041438031,0.1937669397,0.1879048807,1,"E1|equal-weight,rebalance=year|band=0.01"
2026-08-31,0.1965952746,0.2182871596,0.2055935279,0.1900315426,0.1894924953,1,"E1|equal-weight,rebalance=year|band=0.01"
2026-09-01,0.19666562,0.2180854606,0.2062646268,0.188252736,0.1907315566,1,"E1|equal-weight,rebalance=year|band=0.01"
2026-09-02,0.1968499942,0.21890639,0.2066216267,0.1861632278,0.1914587613,1,"E1|equal-weight,rebalance=year|band=0.01"
2026-09-03,0.1958350766,0.2178157312,0.2066337574,0.1892181327,0.1904973021,1,"E1|equal-weight,rebalance=year|band=0.01"
2026-09-04,0.1957827388,0.2178892958,0.2061569667,0.1901299112,0.1900410875,1,"E1|equal-weight,rebalance=year|band=0.01"
2026-09-07,0.1956168772,0.2180245218,0.2059385768,0.1890185525,0.1914014717,1,"E1|equal-weight,rebalance=year|band=0.01"
2026-09-08,0.1949579346,0.2185926044,0.2052588943,0.1895827308,0.1916078359,1,"E1|equal-weight,rebalance=year|band=0.01"
2026-09-09,0.1939853484,0.2195382927,0.204557774,0.1898829847,0.1920356002,1,"E1|equal-weight,rebalance=year|band=0.01"
2026-09-10,0.193636816,0.2189501655,0.204117194,0.1908723097,0.1924235148,1,"E1|equal-weight,rebalance=year|band=0.01"
2026-09-11,0.193947927,0.2182575601,0.2054597479,0.1895641848,0.1927705802,1,"E1|equal-weight,rebalance=year|band=0.01"
2026-09-15,0.1943960199,0.2154409894,0.2054376206,0.1895406769,0.1951846932,1,"E1|equal-weight,rebalance=year|band=0.01"
2026-09-16,0.1939217491,0.2151521269,0.2057792512,0.1907341287,0.1944127441,1,"E1|equal-weight,rebalance=year|band=0.01"
2026-09-17,0.1943661241,0.2167855975,0.2050624819,0.1896779185,0.194107878,1,"E1|equal-weight,rebalance=year|band=0.01"
2026-09-18,0.1933905208,0.2178912645,0.2043680893,0.1915112417,0.1928388837,1,"E1|equal-weight,rebalance=year|band=0.01"
2026-09-21,0.1941763129,0.2181061794,0.2048543809,0.1900289534,0.1928341734,1,"E1|equal-weight,rebalance=year|band=0.01"
2026-09-22,0.1940038023,0.2177759856,0.2049105355,0.1897921675,0.1935175091,1,"E1|equal-weight,rebalance=year|band=0.01"
2026-09-23,0.1941696159,0.2188593075,0.2050755155,0.1888711592,0.1930244019,1,"E1|equal-weight,rebalance=year|band=0.01"
2026-09-24,0.1936819605,0.2182461087,0.2039188126,0.1889756105,0.1951775077,1,"E1|equal-weight,rebalance=year|band=0.01"
2026-09-25,0.1932801521,0.2185021821,0.2035468356,0.1900106571,0.1946601731,1,"E1|equal-weight,rebalance=year|band=0.01"
2026-09-28,0.1936256807,0.217741775,0.2028258006,0.1879678989,0.1978388448,1,"E1|equal-weight,rebalance=year|band=0.01"
2026-09-29,0.193255027,0.2180938072,0.2028942052,0.1875073551,0.1982496055,1,"E1|equal-weight,rebalance=year|band=0.01"
2026-09-30,0.192474707,0.2164968093,0.2039113314,0.1889271223,0.19819003,1,"E1|equal-weight,rebalance=year|band=0.01"
