date,NIFTYBEES,JUNIORBEES,BANKBEES,GOLDBEES,cash,multiplier,strategy
2013-04-01,0.75,0,0,0,0.25,1,S0|cap=0.2|band=0.01
2013-04-02,0.75,0,0,0,0.25,1,S0|cap=0.2|band=0.01
2013-04-03,0.75,0,0,0,0.25,1,S0|cap=0.2|band=0.01
2013-04-04,0.75,0,0,0,0.25,1,S0|cap=0.2|band=0.01
2013-04-05,0.75,0,0,0,0.25,1,S0|cap=0.2|band=0.01
2013-04-08,0.75,0,0,0,0.25,1,S0|cap=0.2|band=0.01
2013-04-09,0.75,0,0,0,0.25,1,S0|cap=0.2|band=0.01
2013-04-10,0.75,0,0,0,0.25,1,S0|cap=0.2|band=0.01
2013-04-11,0.75,0,0,0,0.25,1,S0|cap=0.2|band=0.01
2013-04-12,0.75,0,0,0,0.25,1,S0|cap=0.2|band=0.01
2013-04-15,0.75,0,0,0,0.25,1,S0|cap=0.2|band=0.01
2013-04-16,0.75,0,0,0,0.25,1,S0|cap=0.2|band=0.01
2013-04-17,0.75,0,0,0,0.25,1,S0|cap=0.2|band=0.01
2013-04-18,0.75,0,0,0,0.25,1,S0|cap=0.2|band=0.01
2013-04-22,0.75,0,0,0,0.25,1,S0|cap=0.2|band=0.01
2013-04-23,0.75,0,0,0,0.25,1,S0|cap=0.2|band=0.01
2013-04-25,0.75,0,0,0,0.25,1,S0|cap=0.2|band=0.01
2013-04-26,0.75,0,0,0,0.25,1,S0|cap=0.2|band=0.01
2013-04-29,0.75,0,0,0,0.25,1,S0|cap=0.2|band=0.01
2013-04-30,0.75,0,0,0,0.25,1,S0|cap=0.2|band=0.01
2013-05-02,0.75,0,0,0,0.25,1,S0|cap=0.2|band=0.01
2013-05-03,0.75,0,0,0,0.25,1,S0|cap=0.2|band=0.01
2013-05-06,0.75,0,0,0,0.25,1,S0|cap=0.2|band=0.01
2013-05-07,0.75,0,0,0,0.25,1,S0|cap=0.2|band=0.01
2013-05-08,0.75,0,0,0,0.25,1,S0|cap=0.2|band=0.01
2013-05-09,0.75,0,0,0,0.25,1,S0|cap=0.2|band=0.01
2013-05-10,0.75,0,0,0,0.25,1,S0|cap=0.2|band=0.01
2013-05-11,0.75,0,0,0,0.25,1,S0|cap=0.2|band=0.01
2013-05-13,0.75,0,0,0,0.25,1,S0|cap=0.2|band=0.01
2013-05-14,0.75,0,0,0,0.25,1,S0|cap=0.2|band=0.01
2013-05-15,0.75,0,0,0,0.25,1,S0|cap=0.2|band=0.01
2013-05-16,0.75,0,0,0,0.25,1,S0|cap=0.2|band=0.01
2013-05-17,0.75,0,0,0,0.25,1,S0|cap=0.2|band=0.01
2013-05-20,0.75,0,0,0,0.25,1,S0|cap=0.2|band=0.01
2013-05-21,0.75,0,0,0,0.25,1,S0|cap=0.2|band=0.01
2013-05-22,0.75,0,0,0,0.25,1,S0|cap=0.2|band=0.01
2013-05-23,0.75,0,0,0,0.25,1,S0|cap=0.2|band=0.01
2013-05-24,0.75,0,0,0,0.25,1,S0|cap=0.2|band=0.01
2013-05-27,0.75,0,0,0,0.25,1,S0|cap=0.2|band=0.01
2013-05-28,0.75,0,0,0,0.25,1,S0|cap=0.2|band=0.01
2013-05-29,0.75,0,0,0,0.25,1,S0|cap=0.2|band=0.01
2013-05-30,0.75,0,0,0,0.25,1,S0|cap=0.2|band=0.01
2013-05-31,0.75,0,0,0,0.25,1,S0|cap=0.2|band=0.01
2013-06-03,0.75,0,0,0,0.25,1,S0|cap=0.2|band=0.01
2013-06-04,0.75,0,0,0,0.25,1,S0|cap=0.2|band=0.01
2013-06-05,0.75,0,0,0,0.25,1,S0|cap=0.2|band=0.01
2013-06-06,0.75,0,0,0,0.25,1,S0|cap=0.2|band=0.01
2013-06-07,0.75,0,0,0,0.25,1,S0|cap=0.2|band=0.01
2013-06-10,0.75,0,0,0,0.25,1,S0|cap=0.2|band=0.01
2013-06-11,0.75,0,0,0,0.25,1,S0|cap=0.2|band=0.01
2013-06-12,0.75,0,0,0,0.25,1,S0|cap=0.2|band=0.01
2013-06-13,0.75,0,0,0,0.25,1,S0|cap=0.2|band=0.01
2013-06-14,0.75,0,0,0,0.25,1,S0|cap=0.2|band=0.01
2013-06-17,0.75,0,0,0,0.25,1,S0|cap=0.2|band=0.01
2013-06-18,0.75,0,0,0,0.25,1,S0|cap=0.2|band=0.01
2013-06-19,0.75,0,0,0,0.25,1,S0|cap=0.2|band=0.01
2013-06-20,0.75,0,0,0,0.25,1,S0|cap=0.2|band=0.01
2013-06-21,0.75,0,0,0,0.25,1,S0|cap=0.2|band=0.01
2013-06-24,0.75,0,0,0,0.25,1,S0|cap=0.2|band=0.01
2013-06-25,0.75,0,0,0,0.25,1,S0|cap=0.2|band=0.01
2013-06-26,0.75,0,0,0,0.25,1,S0|cap=0.2|band=0.01
2013-06-27,0.75,0,0,0,0.25,1,S0|cap=0.2|band=0.01
2013-06-28,0.75,0,0,0,0.25,1,S0|cap=0.2|band=0.01
2013-07-01,0.75,0,0,0,0.25,1,S0|cap=0.2|band=0.01
2013-07-02,0.75,0,0,0,0.25,1,S0|cap=0.2|band=0.01
2013-07-03,0.75,0,0,0,0.25,1,S0|cap=0.2|band=0.01
2013-07-04,0.75,0,0,0,0.25,1,S0|cap=0.2|band=0.01
2013-07-05,0.75,0,0,0,0.25,1,S0|cap=0.2|band=0.01
2013-07-08,0.75,0,0,0,0.25,1,S0|cap=0.2|band=0.01
2013-07-09,0.75,0,0,0,0.25,1,S0|cap=0.2|band=0.01
2013-07-10,0.75,0,0,0,0.25,1,S0|cap=0.2|band=0.01
2013-07-11,0.75,0,0,0,0.25,1,S0|cap=0.2|band=0.01
2013-07-12,0.75,0,0,0,0.25,1,S0|cap=0.2|band=0.01
2013-07-15,0.75,0,0,0,0.25,1,S0|cap=0.2|band=0.01
2013-07-16,0.75,0,0,0,0.25,1,S0|cap=0.2|band=0.01
2013-07-17,0.75,0,0,0,0.25,1,S0|cap=0.2|band=0.01
2013-07-18,0.75,0,0,0,0.25,1,S0|cap=0.2|band=0.01
2013-07-19,0.75,0,0,0,0.25,1,S0|cap=0.2|band=0.01
2013-07-22,0.75,0,0,0,0.25,1,S0|cap=0.2|band=0.01
2013-07-23,0.75,0,0,0,0.25,1,S0|cap=0.2|band=0.01
2013-07-24,0.75,0,0,0,0.25,1,S0|cap=0.2|band=0.01
2013-07-25,0.75,0,0,0,0.25,1,S0|cap=0.2|band=0.01
2013-07-26,0.75,0,0,0,0.25,1,S0|cap=0.2|band=0.01
2013-07-29,0.75,0,0,0,0.25,1,S0|cap=0.2|band=0.01
2013-07-30,0.75,0,0,0,0.25,1,S0|cap=0.2|band=0.01
2013-07-31,0.75,0,0,0,0.25,1,S0|cap=0.2|band=0.01
2013-08-01,0.75,0,0,0,0.25,1,S0|cap=0.2|band=0.01
2013-08-02,0.75,0,0,0,0.25,1,S0|cap=0.2|band=0.01
2013-08-05,0.75,0,0,0,0.25,1,S0|cap=0.2|band=0.01
2013-08-06,0.75,0,0,0,0.25,1,S0|cap=0.2|band=0.01
2013-08-07,0.75,0,0,0,0.25,1,S0|cap=0.2|band=0.01
2013-08-08,0.75,0,0,0,0.25,1,S0|cap=0.2|band=0.01
2013-08-12,0.75,0,0,0,0.25,1,S0|cap=0.2|band=0.01
2013-08-13,0.75,0,0,0,0.25,1,S0|cap=0.2|band=0.01
2013-08-14,0.75,0,0,0,0.25,1,S0|cap=0.2|band=0.01
2013-08-16,0.75,0,0,0,0.25,1,S0|cap=0.2|band=0.01
2013-08-19,0.75,0,0,0,0.25,1,S0|cap=0.2|band=0.01
2013-08-20,0.75,0,0,0,0.25,1,S0|cap=0.2|band=0.01
2013-08-21,0.75,0,0,0,0.25,1,S0|cap=0.2|band=0.01
2013-08-22,0.75,0,0,0,0.25,1,S0|cap=0.2|band=0.01
2013-08-23,0.75,0,0,0,0.25,1,S0|cap=0.2|band=0.01
2013-08-26,0.75,0,0,0,0.25,1,S0|cap=0.2|band=0.01
2013-08-27,0.75,0,0,0,0.25,1,S0|cap=0.2|band=0.01
2013-08-28,0.75,0,0,0,0.25,1,S0|cap=0.2|band=0.01
2013-08-29,0.75,0,0,0,0.25,1,S0|cap=0.2|band=0.01
2013-08-30,0.75,0,0,0,0.25,1,S0|cap=0.2|band=0.01
2013-09-02,0.75,0,0,0,0.25,1,S0|cap=0.2|band=0.01
2013-09-03,0.75,0,0,0,0.25,1,S0|cap=0.2|band=0.01
2013-09-04,0.75,0,0,0,0.25,1,S0|cap=0.2|band=0.01
2013-09-05,0.75,0,0,0,0.25,1,S0|cap=0.2|band=0.01
2013-09-06,0.75,0,0,0,0.25,1,S0|cap=0.2|band=0.01
2013-09-10,0.75,0,0,0,0.25,1,S0|cap=0.2|band=0.01
2013-09-11,0.75,0,0,0,0.25,1,S0|cap=0.2|band=0.01
2013-09-12,0.75,0,0,0,0.25,1,S0|cap=0.2|band=0.01
2013-09-13,0.75,0,0,0,0.25,1,S0|cap=0.2|band=0.01
2013-09-16,0.75,0,0,0,0.25,1,S0|cap=0.2|band=0.01
2013-09-17,0.75,0,0,0,0.25,1,S0|cap=0.2|band=0.01
2013-09-18,0.75,0,0,0,0.25,1,S0|cap=0.2|band=0.01
2013-09-19,0.75,0,0,0,0.25,1,S0|cap=0.2|band=0.01
2013-09-20,0.75,0,0,0,0.25,1,S0|cap=0.2|band=0.01
2013-09-23,0.75,0,0,0,0.25,1,S0|cap=0.2|band=0.01
2013-09-24,0.75,0,0,0,0.25,1,S0|cap=0.2|band=0.01
2013-09-25,0.75,0,0,0,0.25,1,S0|cap=0.2|band=0.01
2013-09-26,0.75,0,0,0,0.25,1,S0|cap=0.2|band=0.01
2013-09-27,0.75,0,0,0,0.25,1,S0|cap=0.2|band=0.01
2013-09-30,0.75,0,0,0,0.25,1,S0|cap=0.2|band=0.01
2013-10-01,0.75,0,0,0,0.25,1,S0|cap=0.2|band=0.01
2013-10-03,0.75,0,0,0,0.25,1,S0|cap=0.2|band=0.01
2013-10-04,0.75,0,0,0,0.25,1,S0|cap=0.2|band=0.01
2013-10-07,0.75,0,0,0,0.25,1,S0|cap=0.2|band=0.01
2013-10-08,0.75,0,0,0,0.25,1,S0|cap=0.2|band=0.01
2013-10-09,0.75,0,0,0,0.25,1,S0|cap=0.2|band=0.01
2013-10-10,0.75,0,0,0,0.25,1,S0|cap=0.2|band=0.01
2013-10-11,0.75,0,0,0,0.25,1,S0|cap=0.2|band=0.01
2013-10-14,0.75,0,0,0,0.25,1,S0|cap=0.2|band=0.01
2013-10-15,0.75,0,0,0,0.25,1,S0|cap=0.2|band=0.01
2013-10-17,0.75,0,0,0,0.25,1,S0|cap=0.2|band=0.01
2013-10-18,0.75,0,0,0,0.25,1,S0|cap=0.2|band=0.01
2013-10-21,0.75,0,0,0,0.25,1,S0|cap=0.2|band=0.01
2013-10-22,0.75,0,0,0,0.25,1,S0|cap=0.2|band=0.01
2013-10-23,0.75,0,0,0,0.25,1,S0|cap=0.2|band=0.01
2013-10-24,0.75,0,0,0,0.25,1,S0|cap=0.2|band=0.01
2013-10-25,0.75,0,0,0,0.25,1,S0|cap=0.2|band=0.01
2013-10-28,0.75,0,0,0,0.25,1,S0|cap=0.2|band=0.01
2013-10-29,0.75,0,0,0,0.25,1,S0|cap=0.2|band=0.01
2013-10-30,0.75,0,0,0,0.25,1,S0|cap=0.2|band=0.01
2013-10-31,0.75,0,0,0,0.25,1,S0|cap=0.2|band=0.01
2013-11-01,0.75,0,0,0,0.25,1,S0|cap=0.2|band=0.01
2013-11-03,0.75,0,0,0,0.25,1,S0|cap=0.2|band=0.01
2013-11-05,0.75,0,0,0,0.25,1,S0|cap=0.2|band=0.01
2013-11-06,0.75,0,0,0,0.25,1,S0|cap=0.2|band=0.01
2013-11-07,0.75,0,0,0,0.25,1,S0|cap=0.2|band=0.01
2013-11-08,0.75,0,0,0,0.25,1,S0|cap=0.2|band=0.01
2013-11-11,0.75,0,0,0,0.25,1,S0|cap=0.2|band=0.01
2013-11-12,0.75,0,0,0,0.25,1,S0|cap=0.2|band=0.01
2013-11-13,0.75,0,0,0,0.25,1,S0|cap=0.2|band=0.01
2013-11-14,0.75,0,0,0,0.25,1,S0|cap=0.2|band=0.01
2013-11-18,0.75,0,0,0,0.25,1,S0|cap=0.2|band=0.01
2013-11-19,0.75,0,0,0,0.25,1,S0|cap=0.2|band=0.01
2013-11-20,0.75,0,0,0,0.25,1,S0|cap=0.2|band=0.01
2013-11-21,0.75,0,0,0,0.25,1,S0|cap=0.2|band=0.01
2013-11-22,0.75,0,0,0,0.25,1,S0|cap=0.2|band=0.01
2013-11-25,0.75,0,0,0,0.25,1,S0|cap=0.2|band=0.01
2013-11-26,0.75,0,0,0,0.25,1,S0|cap=0.2|band=0.01
2013-11-27,0.75,0,0,0,0.25,1,S0|cap=0.2|band=0.01
2013-11-28,0.75,0,0,0,0.25,1,S0|cap=0.2|band=0.01
2013-11-29,0.75,0,0,0,0.25,1,S0|cap=0.2|band=0.01
2013-12-02,0.75,0,0,0,0.25,1,S0|cap=0.2|band=0.01
2013-12-03,0.75,0,0,0,0.25,1,S0|cap=0.2|band=0.01
2013-12-04,0.75,0,0,0,0.25,1,S0|cap=0.2|band=0.01
2013-12-05,0.75,0,0,0,0.25,1,S0|cap=0.2|band=0.01
2013-12-06,0.75,0,0,0,0.25,1,S0|cap=0.2|band=0.01
2013-12-09,0.75,0,0,0,0.25,1,S0|cap=0.2|band=0.01
2013-12-10,0.75,0,0,0,0.25,1,S0|cap=0.2|band=0.01
2013-12-11,0.75,0,0,0,0.25,1,S0|cap=0.2|band=0.01
2013-12-12,0.75,0,0,0,0.25,1,S0|cap=0.2|band=0.01
2013-12-13,0.75,0,0,0,0.25,1,S0|cap=0.2|band=0.01
2013-12-16,0.75,0,0,0,0.25,1,S0|cap=0.2|band=0.01
2013-12-17,0.75,0,0,0,0.25,1,S0|cap=0.2|band=0.01
2013-12-18,0.75,0,0,0,0.25,1,S0|cap=0.2|band=0.01
2013-12-19,0.75,0,0,0,0.25,1,S0|cap=0.2|band=0.01
2013-12-20,0.75,0,0,0,0.25,1,S0|cap=0.2|band=0.01
2013-12-23,0.75,0,0,0,0.25,1,S0|cap=0.2|band=0.01
2013-12-24,0.75,0,0,0,0.25,1,S0|cap=0.2|band=0.01
2013-12-26,0.75,0,0,0,0.25,1,S0|cap=0.2|band=0.01
2013-12-27,0.75,0,0,0,0.25,1,S0|cap=0.2|band=0.01
2013-12-30,0.75,0,0,0,0.25,1,S0|cap=0.2|band=0.01
2013-12-31,0.75,0,0,0,0.25,1,S0|cap=0.2|band=0.01
2014-01-01,0.75,0,0,0,0.25,1,S0|cap=0.2|band=0.01
2014-01-02,0.75,0,0,0,0.25,1,S0|cap=0.2|band=0.01
2014-01-03,0.75,0,0,0,0.25,1,S0|cap=0.2|band=0.01
2014-01-06,0.75,0,0,0,0.25,1,S0|cap=0.2|band=0.01
2014-01-07,0.75,0,0,0,0.25,1,S0|cap=0.2|band=0.01
2014-01-08,0.75,0,0,0,0.25,1,S0|cap=0.2|band=0.01
2014-01-09,0.75,0,0,0,0.25,1,S0|cap=0.2|band=0.01
2014-01-10,0.75,0,0,0,0.25,1,S0|cap=0.2|band=0.01
2014-01-13,0.75,0,0,0,0.25,1,S0|cap=0.2|band=0.01
2014-01-14,0.75,0,0,0,0.25,1,S0|cap=0.2|band=0.01
2014-01-15,0.75,0,0,0,0.25,1,S0|cap=0.2|band=0.01
2014-01-16,0.75,0,0,0,0.25,1,S0|cap=0.2|band=0.01
2014-01-17,0.75,0,0,0,0.25,1,S0|cap=0.2|band=0.01
2014-01-20,0.75,0,0,0,0.25,1,S0|cap=0.2|band=0.01
2014-01-21,0.75,0,0,0,0.25,1,S0|cap=0.2|band=0.01
2014-01-22,0.75,0,0,0,0.25,1,S0|cap=0.2|band=0.01
2014-01-23,0.75,0,0,0,0.25,1,S0|cap=0.2|band=0.01
2014-01-24,0.75,0,0,0,0.25,1,S0|cap=0.2|band=0.01
2014-01-27,0.75,0,0,0,0.25,1,S0|cap=0.2|band=0.01
2014-01-28,0.75,0,0,0,0.25,1,S0|cap=0.2|band=0.01
2014-01-29,0.75,0,0,0,0.25,1,S0|cap=0.2|band=0.01
2014-01-30,0.75,0,0,0,0.25,1,S0|cap=0.2|band=0.01
2014-01-31,0.75,0,0,0,0.25,1,S0|cap=0.2|band=0.01
2014-02-03,0.75,0,0,0,0.25,1,S0|cap=0.2|band=0.01
2014-02-04,0.75,0,0,0,0.25,1,S0|cap=0.2|band=0.01
2014-02-05,0.75,0,0,0,0.25,1,S0|cap=0.2|band=0.01
2014-02-06,0.75,0,0,0,0.25,1,S0|cap=0.2|band=0.01
2014-02-07,0.75,0,0,0,0.25,1,S0|cap=0.2|band=0.01
2014-02-10,0.75,0,0,0,0.25,1,S0|cap=0.2|band=0.01
2014-02-11,0.75,0,0,0,0.25,1,S0|cap=0.2|band=0.01
2014-02-12,0.75,0,0,0,0.25,1,S0|cap=0.2|band=0.01
2014-02-13,0.75,0,0,0,0.25,1,S0|cap=0.2|band=0.01
2014-02-14,0.75,0,0,0,0.25,1,S0|cap=0.2|band=0.01
2014-02-17,0.75,0,0,0,0.25,1,S0|cap=0.2|band=0.01
2014-02-18,0.75,0,0,0,0.25,1,S0|cap=0.2|band=0.01
2014-02-19,0.75,0,0,0,0.25,1,S0|cap=0.2|band=0.01
2014-02-20,0.75,0,0,0,0.25,1,S0|cap=0.2|band=0.01
2014-02-21,0.75,0,0,0,0.25,1,S0|cap=0.2|band=0.01
2014-02-24,0.75,0,0,0,0.25,1,S0|cap=0.2|band=0.01
2014-02-25,0.75,0,0,0,0.25,1,S0|cap=0.2|band=0.01
2014-02-26,0.75,0,0,0,0.25,1,S0|cap=0.2|band=0.01
2014-02-28,0.75,0,0,0,0.25,1,S0|cap=0.2|band=0.01
2014-03-03,0.75,0,0,0,0.25,1,S0|cap=0.2|band=0.01
2014-03-04,0.75,0,0,0,0.25,1,S0|cap=0.2|band=0.01
2014-03-05,0.75,0,0,0,0.25,1,S0|cap=0.2|band=0.01
2014-03-06,0.75,0,0,0,0.25,1,S0|cap=0.2|band=0.01
2014-03-07,0.75,0,0,0,0.25,1,S0|cap=0.2|band=0.01
2014-03-10,0.75,0,0,0,0.25,1,S0|cap=0.2|band=0.01
2014-03-11,0.75,0,0,0,0.25,1,S0|cap=0.2|band=0.01
2014-03-12,0.75,0,0,0,0.25,1,S0|cap=0.2|band=0.01
2014-03-13,0.75,0,0,0,0.25,1,S0|cap=0.2|band=0.01
2014-03-14,0.75,0,0,0,0.25,1,S0|cap=0.2|band=0.01
2014-03-18,0.75,0,0,0,0.25,1,S0|cap=0.2|band=0.01
2014-03-19,0.75,0,0,0,0.25,1,S0|cap=0.2|band=0.01
2014-03-20,0.75,0,0,0,0.25,1,S0|cap=0.2|band=0.01
2014-03-21,0.75,0,0,0,0.25,1,S0|cap=0.2|band=0.01
2014-03-22,0.75,0,0,0,0.25,1,S0|cap=0.2|band=0.01
2014-03-24,0.75,0,0,0,0.25,1,S0|cap=0.2|band=0.01
2014-03-25,0.75,0,0,0,0.25,1,S0|cap=0.2|band=0.01
2014-03-26,0.75,0,0,0,0.25,1,S0|cap=0.2|band=0.01
2014-03-27,0.75,0,0,0,0.25,1,S0|cap=0.2|band=0.01
2014-03-28,0.75,0,0,0,0.25,1,S0|cap=0.2|band=0.01
2014-03-31,0.75,0,0,0,0.25,1,S0|cap=0.2|band=0.01
2014-04-01,0.75,0,0,0,0.25,1,S0|cap=0.2|band=0.01
2014-04-02,0.75,0,0,0,0.25,1,S0|cap=0.2|band=0.01
2014-04-03,0.75,0,0,0,0.25,1,S0|cap=0.2|band=0.01
2014-04-04,0.75,0,0,0,0.25,1,S0|cap=0.2|band=0.01
2014-04-07,0.75,0,0,0,0.25,1,S0|cap=0.2|band=0.01
2014-04-09,0.75,0,0,0,0.25,1,S0|cap=0.2|band=0.01
2014-04-10,0.75,0,0,0,0.25,1,S0|cap=0.2|band=0.01
2014-04-11,0.75,0,0,0,0.25,1,S0|cap=0.2|band=0.01
2014-04-15,0.75,0,0,0,0.25,1,S0|cap=0.2|band=0.01
2014-04-16,0.75,0,0,0,0.25,1,S0|cap=0.2|band=0.01
2014-04-17,0.75,0,0,0,0.25,1,S0|cap=0.2|band=0.01
2014-04-21,0.75,0,0,0,0.25,1,S0|cap=0.2|band=0.01
2014-04-22,0.75,0,0,0,0.25,1,S0|cap=0.2|band=0.01
2014-04-23,0.75,0,0,0,0.25,1,S0|cap=0.2|band=0.01
2014-04-25,0.75,0,0,0,0.25,1,S0|cap=0.2|band=0.01
2014-04-28,0.75,0,0,0,0.25,1,S0|cap=0.2|band=0.01
2014-04-29,0.75,0,0,0,0.25,1,S0|cap=0.2|band=0.01
2014-04-30,0.75,0,0,0,0.25,1,S0|cap=0.2|band=0.01
2014-05-02,0.75,0,0,0,0.25,1,S0|cap=0.2|band=0.01
2014-05-05,0.75,0,0,0,0.25,1,S0|cap=0.2|band=0.01
2014-05-06,0.75,0,0,0,0.25,1,S0|cap=0.2|band=0.01
2014-05-07,0.75,0,0,0,0.25,1,S0|cap=0.2|band=0.01
2014-05-08,0.75,0,0,0,0.25,1,S0|cap=0.2|band=0.01
2014-05-09,0.75,0,0,0,0.25,1,S0|cap=0.2|band=0.01
2014-05-12,0.75,0,0,0,0.25,1,S0|cap=0.2|band=0.01
2014-05-13,0.75,0,0,0,0.25,1,S0|cap=0.2|band=0.01
2014-05-14,0.75,0,0,0,0.25,1,S0|cap=0.2|band=0.01
2014-05-15,0.75,0,0,0,0.25,1,S0|cap=0.2|band=0.01
2014-05-16,0.75,0,0,0,0.25,1,S0|cap=0.2|band=0.01
2014-05-19,0.75,0,0,0,0.25,1,S0|cap=0.2|band=0.01
2014-05-20,0.75,0,0,0,0.25,1,S0|cap=0.2|band=0.01
2014-05-21,0.75,0,0,0,0.25,1,S0|cap=0.2|band=0.01
2014-05-22,0.75,0,0,0,0.25,1,S0|cap=0.2|band=0.01
2014-05-23,0.75,0,0,0,0.25,1,S0|cap=0.2|band=0.01
2014-05-26,0.75,0,0,0,0.25,1,S0|cap=0.2|band=0.01
2014-05-27,0.75,0,0,0,0.25,1,S0|cap=0.2|band=0.01
2014-05-28,0.75,0,0,0,0.25,1,S0|cap=0.2|band=0.01
2014-05-29,0.75,0,0,0,0.25,1,S0|cap=0.2|band=0.01
2014-05-30,0.75,0,0,0,0.25,1,S0|cap=0.2|band=0.01
2014-06-02,0.75,0,0,0,0.25,1,S0|cap=0.2|band=0.01
2014-06-03,0.75,0,0,0,0.25,1,S0|cap=0.2|band=0.01
2014-06-04,0.75,0,0,0,0.25,1,S0|cap=0.2|band=0.01
2014-06-05,0.75,0,0,0,0.25,1,S0|cap=0.2|band=0.01
2014-06-06,0.75,0,0,0,0.25,1,S0|cap=0.2|band=0.01
2014-06-09,0.75,0,0,0,0.25,1,S0|cap=0.2|band=0.01
2014-06-10,0.75,0,0,0,0.25,1,S0|cap=0.2|band=0.01
2014-06-11,0.75,0,0,0,0.25,1,S0|cap=0.2|band=0.01
2014-06-12,0.75,0,0,0,0.25,1,S0|cap=0.2|band=0.01
2014-06-13,0.75,0,0,0,0.25,1,S0|cap=0.2|band=0.01
2014-06-16,0.75,0,0,0,0.25,1,S0|cap=0.2|band=0.01
2014-06-17,0.75,0,0,0,0.25,1,S0|cap=0.2|band=0.01
2014-06-18,0.75,0,0,0,0.25,1,S0|cap=0.2|band=0.01
2014-06-19,0.75,0,0,0,0.25,1,S0|cap=0.2|band=0.01
2014-06-20,0.75,0,0,0,0.25,1,S0|cap=0.2|band=0.01
2014-06-23,0.75,0,0,0,0.25,1,S0|cap=0.2|band=0.01
2014-06-24,0.75,0,0,0,0.25,1,S0|cap=0.2|band=0.01
2014-06-25,0.75,0,0,0,0.25,1,S0|cap=0.2|band=0.01
2014-06-26,0.75,0,0,0,0.25,1,S0|cap=0.2|band=0.01
2014-06-27,0.75,0,0,0,0.25,1,S0|cap=0.2|band=0.01
2014-06-30,0.75,0,0,0,0.25,1,S0|cap=0.2|band=0.01
2014-07-01,0.75,0,0,0,0.25,1,S0|cap=0.2|band=0.01
2014-07-02,0.75,0,0,0,0.25,1,S0|cap=0.2|band=0.01
2014-07-03,0.75,0,0,0,0.25,1,S0|cap=0.2|band=0.01
2014-07-04,0.75,0,0,0,0.25,1,S0|cap=0.2|band=0.01
2014-07-07,0.75,0,0,0,0.25,1,S0|cap=0.2|band=0.01
2014-07-08,0.75,0,0,0,0.25,1,S0|cap=0.2|band=0.01
2014-07-09,0.75,0,0,0,0.25,1,S0|cap=0.2|band=0.01
2014-07-10,0.75,0,0,0,0.25,1,S0|cap=0.2|band=0.01
2014-07-11,0.75,0,0,0,0.25,1,S0|cap=0.2|band=0.01
2014-07-14,0.75,0,0,0,0.25,1,S0|cap=0.2|band=0.01
2014-07-15,0.75,0,0,0,0.25,1,S0|cap=0.2|band=0.01
2014-07-16,0.75,0,0,0,0.25,1,S0|cap=0.2|band=0.01
2014-07-17,0.75,0,0,0,0.25,1,S0|cap=0.2|band=0.01
2014-07-18,0.75,0,0,0,0.25,1,S0|cap=0.2|band=0.01
2014-07-21,0.75,0,0,0,0.25,1,S0|cap=0.2|band=0.01
2014-07-22,0.75,0,0,0,0.25,1,S0|cap=0.2|band=0.01
2014-07-23,0.75,0,0,0,0.25,1,S0|cap=0.2|band=0.01
2014-07-24,0.75,0,0,0,0.25,1,S0|cap=0.2|band=0.01
2014-07-25,0.75,0,0,0,0.25,1,S0|cap=0.2|band=0.01
2014-07-28,0.75,0,0,0,0.25,1,S0|cap=0.2|band=0.01
2014-07-30,0.75,0,0,0,0.25,1,S0|cap=0.2|band=0.01
2014-07-31,0.75,0,0,0,0.25,1,S0|cap=0.2|band=0.01
2014-08-01,0.75,0,0,0,0.25,1,S0|cap=0.2|band=0.01
2014-08-04,0.75,0,0,0,0.25,1,S0|cap=0.2|band=0.01
2014-08-05,0.75,0,0,0,0.25,1,S0|cap=0.2|band=0.01
2014-08-06,0.75,0,0,0,0.25,1,S0|cap=0.2|band=0.01
2014-08-07,0.75,0,0,0,0.25,1,S0|cap=0.2|band=0.01
2014-08-08,0.75,0,0,0,0.25,1,S0|cap=0.2|band=0.01
2014-08-11,0.75,0,0,0,0.25,1,S0|cap=0.2|band=0.01
2014-08-12,0.75,0,0,0,0.25,1,S0|cap=0.2|band=0.01
2014-08-13,0.75,0,0,0,0.25,1,S0|cap=0.2|band=0.01
2014-08-14,0.75,0,0,0,0.25,1,S0|cap=0.2|band=0.01
2014-08-18,0.75,0,0,0,0.25,1,S0|cap=0.2|band=0.01
2014-08-19,0.75,0,0,0,0.25,1,S0|cap=0.2|band=0.01
2014-08-20,0.75,0,0,0,0.25,1,S0|cap=0.2|band=0.01
2014-08-21,0.75,0,0,0,0.25,1,S0|cap=0.2|band=0.01
2014-08-22,0.75,0,0,0,0.25,1,S0|cap=0.2|band=0.01
2014-08-25,0.75,0,0,0,0.25,1,S0|cap=0.2|band=0.01
2014-08-26,0.75,0,0,0,0.25,1,S0|cap=0.2|band=0.01
2014-08-27,0.75,0,0,0,0.25,1,S0|cap=0.2|band=0.01
2014-08-28,0.75,0,0,0,0.25,1,S0|cap=0.2|band=0.01
2014-09-01,0.75,0,0,0,0.25,1,S0|cap=0.2|band=0.01
2014-09-02,0.75,0,0,0,0.25,1,S0|cap=0.2|band=0.01
2014-09-03,0.75,0,0,0,0.25,1,S0|cap=0.2|band=0.01
2014-09-04,0.75,0,0,0,0.25,1,S0|cap=0.2|band=0.01
2014-09-05,0.75,0,0,0,0.25,1,S0|cap=0.2|band=0.01
2014-09-08,0.75,0,0,0,0.25,1,S0|cap=0.2|band=0.01
2014-09-09,0.75,0,0,0,0.25,1,S0|cap=0.2|band=0.01
2014-09-10,0.75,0,0,0,0.25,1,S0|cap=0.2|band=0.01
2014-09-11,0.75,0,0,0,0.25,1,S0|cap=0.2|band=0.01
2014-09-12,0.75,0,0,0,0.25,1,S0|cap=0.2|band=0.01
2014-09-15,0.75,0,0,0,0.25,1,S0|cap=0.2|band=0.01
2014-09-16,0.75,0,0,0,0.25,1,S0|cap=0.2|band=0.01
2014-09-17,0.75,0,0,0,0.25,1,S0|cap=0.2|band=0.01
2014-09-18,0.75,0,0,0,0.25,1,S0|cap=0.2|band=0.01
2014-09-19,0.75,0,0,0,0.25,1,S0|cap=0.2|band=0.01
2014-09-22,0.75,0,0,0,0.25,1,S0|cap=0.2|band=0.01
2014-09-23,0.75,0,0,0,0.25,1,S0|cap=0.2|band=0.01
2014-09-24,0.75,0,0,0,0.25,1,S0|cap=0.2|band=0.01
2014-09-25,0.75,0,0,0,0.25,1,S0|cap=0.2|band=0.01
2014-09-26,0.75,0,0,0,0.25,1,S0|cap=0.2|band=0.01
2014-09-29,0.75,0,0,0,0.25,1,S0|cap=0.2|band=0.01
2014-09-30,0.75,0,0,0,0.25,1,S0|cap=0.2|band=0.01
2014-10-01,0.75,0,0,0,0.25,1,S0|cap=0.2|band=0.01
2014-10-07,0.75,0,0,0,0.25,1,S0|cap=0.2|band=0.01
2014-10-08,0.75,0,0,0,0.25,1,S0|cap=0.2|band=0.01
2014-10-09,0.75,0,0,0,0.25,1,S0|cap=0.2|band=0.01
2014-10-10,0.75,0,0,0,0.25,1,S0|cap=0.2|band=0.01
2014-10-13,0.75,0,0,0,0.25,1,S0|cap=0.2|band=0.01
2014-10-14,0.75,0,0,0,0.25,1,S0|cap=0.2|band=0.01
2014-10-16,0.75,0,0,0,0.25,1,S0|cap=0.2|band=0.01
2014-10-17,0.75,0,0,0,0.25,1,S0|cap=0.2|band=0.01
2014-10-20,0.75,0,0,0,0.25,1,S0|cap=0.2|band=0.01
2014-10-21,0.75,0,0,0,0.25,1,S0|cap=0.2|band=0.01
2014-10-22,0.75,0,0,0,0.25,1,S0|cap=0.2|band=0.01
2014-10-23,0.75,0,0,0,0.25,1,S0|cap=0.2|band=0.01
2014-10-27,0.75,0,0,0,0.25,1,S0|cap=0.2|band=0.01
2014-10-28,0.75,0,0,0,0.25,1,S0|cap=0.2|band=0.01
2014-10-29,0.75,0,0,0,0.25,1,S0|cap=0.2|band=0.01
2014-10-30,0.75,0,0,0,0.25,1,S0|cap=0.2|band=0.01
2014-10-31,0.75,0,0,0,0.25,1,S0|cap=0.2|band=0.01
2014-11-03,0.75,0,0,0,0.25,1,S0|cap=0.2|band=0.01
2014-11-05,0.75,0,0,0,0.25,1,S0|cap=0.2|band=0.01
2014-11-07,0.75,0,0,0,0.25,1,S0|cap=0.2|band=0.01
2014-11-10,0.75,0,0,0,0.25,1,S0|cap=0.2|band=0.01
2014-11-11,0.75,0,0,0,0.25,1,S0|cap=0.2|band=0.01
2014-11-12,0.75,0,0,0,0.25,1,S0|cap=0.2|band=0.01
2014-11-13,0.75,0,0,0,0.25,1,S0|cap=0.2|band=0.01
2014-11-14,0.75,0,0,0,0.25,1,S0|cap=0.2|band=0.01
2014-11-17,0.75,0,0,0,0.25,1,S0|cap=0.2|band=0.01
2014-11-18,0.75,0,0,0,0.25,1,S0|cap=0.2|band=0.01
2014-11-19,0.75,0,0,0,0.25,1,S0|cap=0.2|band=0.01
2014-11-20,0.75,0,0,0,0.25,1,S0|cap=0.2|band=0.01
2014-11-21,0.75,0,0,0,0.25,1,S0|cap=0.2|band=0.01
2014-11-24,0.75,0,0,0,0.25,1,S0|cap=0.2|band=0.01
2014-11-25,0.75,0,0,0,0.25,1,S0|cap=0.2|band=0.01
2014-11-26,0.75,0,0,0,0.25,1,S0|cap=0.2|band=0.01
2014-11-27,0.75,0,0,0,0.25,1,S0|cap=0.2|band=0.01
2014-11-28,0.75,0,0,0,0.25,1,S0|cap=0.2|band=0.01
2014-12-01,0.75,0,0,0,0.25,1,S0|cap=0.2|band=0.01
2014-12-02,0.75,0,0,0,0.25,1,S0|cap=0.2|band=0.01
2014-12-03,0.75,0,0,0,0.25,1,S0|cap=0.2|band=0.01
2014-12-04,0.75,0,0,0,0.25,1,S0|cap=0.2|band=0.01
2014-12-05,0.75,0,0,0,0.25,1,S0|cap=0.2|band=0.01
2014-12-08,0.75,0,0,0,0.25,1,S0|cap=0.2|band=0.01
2014-12-09,0.75,0,0,0,0.25,1,S0|cap=0.2|band=0.01
2014-12-10,0.75,0,0,0,0.25,1,S0|cap=0.2|band=0.01
2014-12-11,0.75,0,0,0,0.25,1,S0|cap=0.2|band=0.01
2014-12-12,0.75,0,0,0,0.25,1,S0|cap=0.2|band=0.01
2014-12-15,0.75,0,0,0,0.25,1,S0|cap=0.2|band=0.01
2014-12-16,0.75,0,0,0,0.25,1,S0|cap=0.2|band=0.01
2014-12-17,0.75,0,0,0,0.25,1,S0|cap=0.2|band=0.01
2014-12-18,0.75,0,0,0,0.25,1,S0|cap=0.2|band=0.01
2014-12-19,0.75,0,0,0,0.25,1,S0|cap=0.2|band=0.01
2014-12-22,0.75,0,0,0,0.25,1,S0|cap=0.2|band=0.01
2014-12-23,0.75,0,0,0,0.25,1,S0|cap=0.2|band=0.01
2014-12-24,0.75,0,0,0,0.25,1,S0|cap=0.2|band=0.01
2014-12-26,0.75,0,0,0,0.25,1,S0|cap=0.2|band=0.01
2014-12-29,0.75,0,0,0,0.25,1,S0|cap=0.2|band=0.01
2014-12-30,0.75,0,0,0,0.25,1,S0|cap=0.2|band=0.01
2014-12-31,0.75,0,0,0,0.25,1,S0|cap=0.2|band=0.01
2015-01-01,0.75,0,0,0,0.25,1,S0|cap=0.2|band=0.01
2015-01-02,0.75,0,0,0,0.25,1,S0|cap=0.2|band=0.01
2015-01-05,0.75,0,0,0,0.25,1,S0|cap=0.2|band=0.01
2015-01-06,0.75,0,0,0,0.25,1,S0|cap=0.2|band=0.01
2015-01-07,0.75,0,0,0,0.25,1,S0|cap=0.2|band=0.01
2015-01-08,0.75,0,0,0,0.25,1,S0|cap=0.2|band=0.01
2015-01-09,0.75,0,0,0,0.25,1,S0|cap=0.2|band=0.01
2015-01-12,0.75,0,0,0,0.25,1,S0|cap=0.2|band=0.01
2015-01-13,0.75,0,0,0,0.25,1,S0|cap=0.2|band=0.01
2015-01-14,0.75,0,0,0,0.25,1,S0|cap=0.2|band=0.01
2015-01-15,0.75,0,0,0,0.25,1,S0|cap=0.2|band=0.01
2015-01-16,0.75,0,0,0,0.25,1,S0|cap=0.2|band=0.01
2015-01-19,0.75,0,0,0,0.25,1,S0|cap=0.2|band=0.01
2015-01-20,0.75,0,0,0,0.25,1,S0|cap=0.2|band=0.01
2015-01-21,0.75,0,0,0,0.25,1,S0|cap=0.2|band=0.01
2015-01-22,0.75,0,0,0,0.25,1,S0|cap=0.2|band=0.01
2015-01-23,0.75,0,0,0,0.25,1,S0|cap=0.2|band=0.01
2015-01-27,0.75,0,0,0,0.25,1,S0|cap=0.2|band=0.01
2015-01-28,0.75,0,0,0,0.25,1,S0|cap=0.2|band=0.01
2015-01-29,0.75,0,0,0,0.25,1,S0|cap=0.2|band=0.01
2015-01-30,0.75,0,0,0,0.25,1,S0|cap=0.2|band=0.01
2015-02-02,0.75,0,0,0,0.25,1,S0|cap=0.2|band=0.01
2015-02-03,0.75,0,0,0,0.25,1,S0|cap=0.2|band=0.01
2015-02-04,0.75,0,0,0,0.25,1,S0|cap=0.2|band=0.01
2015-02-05,0.75,0,0,0,0.25,1,S0|cap=0.2|band=0.01
2015-02-06,0.75,0,0,0,0.25,1,S0|cap=0.2|band=0.01
2015-02-09,0.75,0,0,0,0.25,1,S0|cap=0.2|band=0.01
2015-02-10,0.75,0,0,0,0.25,1,S0|cap=0.2|band=0.01
2015-02-11,0.75,0,0,0,0.25,1,S0|cap=0.2|band=0.01
2015-02-12,0.75,0,0,0,0.25,1,S0|cap=0.2|band=0.01
2015-02-13,0.75,0,0,0,0.25,1,S0|cap=0.2|band=0.01
2015-02-16,0.75,0,0,0,0.25,1,S0|cap=0.2|band=0.01
2015-02-18,0.75,0,0,0,0.25,1,S0|cap=0.2|band=0.01
2015-02-19,0.75,0,0,0,0.25,1,S0|cap=0.2|band=0.01
2015-02-20,0.75,0,0,0,0.25,1,S0|cap=0.2|band=0.01
2015-02-23,0.75,0,0,0,0.25,1,S0|cap=0.2|band=0.01
2015-02-24,0.75,0,0,0,0.25,1,S0|cap=0.2|band=0.01
2015-02-25,0.75,0,0,0,0.25,1,S0|cap=0.2|band=0.01
2015-02-26,0.75,0,0,0,0.25,1,S0|cap=0.2|band=0.01
2015-02-27,0.75,0,0,0,0.25,1,S0|cap=0.2|band=0.01
2015-02-28,0.75,0,0,0,0.25,1,S0|cap=0.2|band=0.01
2015-03-02,0.75,0,0,0,0.25,1,S0|cap=0.2|band=0.01
2015-03-03,0.75,0,0,0,0.25,1,S0|cap=0.2|band=0.01
2015-03-04,0.75,0,0,0,0.25,1,S0|cap=0.2|band=0.01
2015-03-05,0.75,0,0,0,0.25,1,S0|cap=0.2|band=0.01
2015-03-09,0.75,0,0,0,0.25,1,S0|cap=0.2|band=0.01
2015-03-10,0.75,0,0,0,0.25,1,S0|cap=0.2|band=0.01
2015-03-11,0.75,0,0,0,0.25,1,S0|cap=0.2|band=0.01
2015-03-12,0.75,0,0,0,0.25,1,S0|cap=0.2|band=0.01
2015-03-13,0.75,0,0,0,0.25,1,S0|cap=0.2|band=0.01
2015-03-16,0.75,0,0,0,0.25,1,S0|cap=0.2|band=0.01
2015-03-17,0.75,0,0,0,0.25,1,S0|cap=0.2|band=0.01
2015-03-18,0.75,0,0,0,0.25,1,S0|cap=0.2|band=0.01
2015-03-19,0.75,0,0,0,0.25,1,S0|cap=0.2|band=0.01
2015-03-20,0.75,0,0,0,0.25,1,S0|cap=0.2|band=0.01
2015-03-23,0.75,0,0,0,0.25,1,S0|cap=0.2|band=0.01
2015-03-24,0.75,0,0,0,0.25,1,S0|cap=0.2|band=0.01
2015-03-25,0.75,0,0,0,0.25,1,S0|cap=0.2|band=0.01
2015-03-26,0.75,0,0,0,0.25,1,S0|cap=0.2|band=0.01
2015-03-27,0.75,0,0,0,0.25,1,S0|cap=0.2|band=0.01
2015-03-30,0.75,0,0,0,0.25,1,S0|cap=0.2|band=0.01
2015-03-31,0.75,0,0,0,0.25,1,S0|cap=0.2|band=0.01
2015-04-01,0.75,0,0,0,0.25,1,S0|cap=0.2|band=0.01
2015-04-06,0.75,0,0,0,0.25,1,S0|cap=0.2|band=0.01
2015-04-07,0.75,0,0,0,0.25,1,S0|cap=0.2|band=0.01
2015-04-08,0.75,0,0,0,0.25,1,S0|cap=0.2|band=0.01
2015-04-09,0.75,0,0,0,0.25,1,S0|cap=0.2|band=0.01
2015-04-10,0.75,0,0,0,0.25,1,S0|cap=0.2|band=0.01
2015-04-13,0.75,0,0,0,0.25,1,S0|cap=0.2|band=0.01
2015-04-15,0.75,0,0,0,0.25,1,S0|cap=0.2|band=0.01
2015-04-16,0.75,0,0,0,0.25,1,S0|cap=0.2|band=0.01
2015-04-17,0.75,0,0,0,0.25,1,S0|cap=0.2|band=0.01
2015-04-20,0.75,0,0,0,0.25,1,S0|cap=0.2|band=0.01
2015-04-21,0.75,0,0,0,0.25,1,S0|cap=0.2|band=0.01
2015-04-22,0.75,0,0,0,0.25,1,S0|cap=0.2|band=0.01
2015-04-23,0.75,0,0,0,0.25,1,S0|cap=0.2|band=0.01
2015-04-24,0.75,0,0,0,0.25,1,S0|cap=0.2|band=0.01
2015-04-27,0.75,0,0,0,0.25,1,S0|cap=0.2|band=0.01
2015-04-28,0.75,0,0,0,0.25,1,S0|cap=0.2|band=0.01
2015-04-29,0.75,0,0,0,0.25,1,S0|cap=0.2|band=0.01
2015-04-30,0.75,0,0,0,0.25,1,S0|cap=0.2|band=0.01
2015-05-04,0.75,0,0,0,0.25,1,S0|cap=0.2|band=0.01
2015-05-05,0.75,0,0,0,0.25,1,S0|cap=0.2|band=0.01
2015-05-06,0.75,0,0,0,0.25,1,S0|cap=0.2|band=0.01
2015-05-07,0.75,0,0,0,0.25,1,S0|cap=0.2|band=0.01
2015-05-08,0.75,0,0,0,0.25,1,S0|cap=0.2|band=0.01
2015-05-11,0.75,0,0,0,0.25,1,S0|cap=0.2|band=0.01
2015-05-12,0.75,0,0,0,0.25,1,S0|cap=0.2|band=0.01
2015-05-13,0.75,0,0,0,0.25,1,S0|cap=0.2|band=0.01
2015-05-14,0.75,0,0,0,0.25,1,S0|cap=0.2|band=0.01
2015-05-15,0.75,0,0,0,0.25,1,S0|cap=0.2|band=0.01
2015-05-18,0.75,0,0,0,0.25,1,S0|cap=0.2|band=0.01
2015-05-19,0.75,0,0,0,0.25,1,S0|cap=0.2|band=0.01
2015-05-20,0.75,0,0,0,0.25,1,S0|cap=0.2|band=0.01
2015-05-21,0.75,0,0,0,0.25,1,S0|cap=0.2|band=0.01
2015-05-22,0.75,0,0,0,0.25,1,S0|cap=0.2|band=0.01
2015-05-25,0.75,0,0,0,0.25,1,S0|cap=0.2|band=0.01
2015-05-26,0.75,0,0,0,0.25,1,S0|cap=0.2|band=0.01
2015-05-27,0.75,0,0,0,0.25,1,S0|cap=0.2|band=0.01
2015-05-28,0.75,0,0,0,0.25,1,S0|cap=0.2|band=0.01
2015-05-29,0.75,0,0,0,0.25,1,S0|cap=0.2|band=0.01
2015-06-01,0.75,0,0,0,0.25,1,S0|cap=0.2|band=0.01
2015-06-02,0.75,0,0,0,0.25,1,S0|cap=0.2|band=0.01
2015-06-03,0.75,0,0,0,0.25,1,S0|cap=0.2|band=0.01
2015-06-04,0.75,0,0,0,0.25,1,S0|cap=0.2|band=0.01
2015-06-05,0.75,0,0,0,0.25,1,S0|cap=0.2|band=0.01
2015-06-08,0.75,0,0,0,0.25,1,S0|cap=0.2|band=0.01
2015-06-09,0.75,0,0,0,0.25,1,S0|cap=0.2|band=0.01
2015-06-10,0.75,0,0,0,0.25,1,S0|cap=0.2|band=0.01
2015-06-11,0.75,0,0,0,0.25,1,S0|cap=0.2|band=0.01
2015-06-12,0.75,0,0,0,0.25,1,S0|cap=0.2|band=0.01
2015-06-15,0.75,0,0,0,0.25,1,S0|cap=0.2|band=0.01
2015-06-16,0.75,0,0,0,0.25,1,S0|cap=0.2|band=0.01
2015-06-17,0.75,0,0,0,0.25,1,S0|cap=0.2|band=0.01
2015-06-18,0.75,0,0,0,0.25,1,S0|cap=0.2|band=0.01
2015-06-19,0.75,0,0,0,0.25,1,S0|cap=0.2|band=0.01
2015-06-22,0.75,0,0,0,0.25,1,S0|cap=0.2|band=0.01
2015-06-23,0.75,0,0,0,0.25,1,S0|cap=0.2|band=0.01
2015-06-24,0.75,0,0,0,0.25,1,S0|cap=0.2|band=0.01
2015-06-25,0.75,0,0,0,0.25,1,S0|cap=0.2|band=0.01
2015-06-26,0.75,0,0,0,0.25,1,S0|cap=0.2|band=0.01
2015-06-29,0.75,0,0,0,0.25,1,S0|cap=0.2|band=0.01
2015-06-30,0.75,0,0,0,0.25,1,S0|cap=0.2|band=0.01
2015-07-01,0.75,0,0,0,0.25,1,S0|cap=0.2|band=0.01
2015-07-02,0.75,0,0,0,0.25,1,S0|cap=0.2|band=0.01
2015-07-03,0.75,0,0,0,0.25,1,S0|cap=0.2|band=0.01
2015-07-06,0.75,0,0,0,0.25,1,S0|cap=0.2|band=0.01
2015-07-07,0.75,0,0,0,0.25,1,S0|cap=0.2|band=0.01
2015-07-08,0.75,0,0,0,0.25,1,S0|cap=0.2|band=0.01
2015-07-09,0.75,0,0,0,0.25,1,S0|cap=0.2|band=0.01
2015-07-10,0.75,0,0,0,0.25,1,S0|cap=0.2|band=0.01
2015-07-13,0.75,0,0,0,0.25,1,S0|cap=0.2|band=0.01
2015-07-14,0.75,0,0,0,0.25,1,S0|cap=0.2|band=0.01
2015-07-15,0.75,0,0,0,0.25,1,S0|cap=0.2|band=0.01
2015-07-16,0.75,0,0,0,0.25,1,S0|cap=0.2|band=0.01
2015-07-17,0.75,0,0,0,0.25,1,S0|cap=0.2|band=0.01
2015-07-20,0.75,0,0,0,0.25,1,S0|cap=0.2|band=0.01
2015-07-21,0.75,0,0,0,0.25,1,S0|cap=0.2|band=0.01
2015-07-22,0.75,0,0,0,0.25,1,S0|cap=0.2|band=0.01
2015-07-23,0.75,0,0,0,0.25,1,S0|cap=0.2|band=0.01
2015-07-24,0.75,0,0,0,0.25,1,S0|cap=0.2|band=0.01
2015-07-27,0.75,0,0,0,0.25,1,S0|cap=0.2|band=0.01
2015-07-28,0.75,0,0,0,0.25,1,S0|cap=0.2|band=0.01
2015-07-29,0.75,0,0,0,0.25,1,S0|cap=0.2|band=0.01
2015-07-30,0.75,0,0,0,0.25,1,S0|cap=0.2|band=0.01
2015-07-31,0.75,0,0,0,0.25,1,S0|cap=0.2|band=0.01
2015-08-03,0.75,0,0,0,0.25,1,S0|cap=0.2|band=0.01
2015-08-04,0.75,0,0,0,0.25,1,S0|cap=0.2|band=0.01
2015-08-05,0.75,0,0,0,0.25,1,S0|cap=0.2|band=0.01
2015-08-06,0.75,0,0,0,0.25,1,S0|cap=0.2|band=0.01
2015-08-07,0.75,0,0,0,0.25,1,S0|cap=0.2|band=0.01
2015-08-10,0.75,0,0,0,0.25,1,S0|cap=0.2|band=0.01
2015-08-11,0.75,0,0,0,0.25,1,S0|cap=0.2|band=0.01
2015-08-12,0.75,0,0,0,0.25,1,S0|cap=0.2|band=0.01
2015-08-13,0.75,0,0,0,0.25,1,S0|cap=0.2|band=0.01
2015-08-14,0.75,0,0,0,0.25,1,S0|cap=0.2|band=0.01
2015-08-17,0.75,0,0,0,0.25,1,S0|cap=0.2|band=0.01
2015-08-18,0.75,0,0,0,0.25,1,S0|cap=0.2|band=0.01
2015-08-19,0.75,0,0,0,0.25,1,S0|cap=0.2|band=0.01
2015-08-20,0.75,0,0,0,0.25,1,S0|cap=0.2|band=0.01
2015-08-21,0.75,0,0,0,0.25,1,S0|cap=0.2|band=0.01
2015-08-24,0.75,0,0,0,0.25,1,S0|cap=0.2|band=0.01
2015-08-25,0.75,0,0,0,0.25,1,S0|cap=0.2|band=0.01
2015-08-26,0.75,0,0,0,0.25,1,S0|cap=0.2|band=0.01
2015-08-27,0.75,0,0,0,0.25,1,S0|cap=0.2|band=0.01
2015-08-28,0.75,0,0,0,0.25,1,S0|cap=0.2|band=0.01
2015-08-31,0.75,0,0,0,0.25,1,S0|cap=0.2|band=0.01
2015-09-01,0.75,0,0,0,0.25,1,S0|cap=0.2|band=0.01
2015-09-02,0.75,0,0,0,0.25,1,S0|cap=0.2|band=0.01
2015-09-03,0.75,0,0,0,0.25,1,S0|cap=0.2|band=0.01
2015-09-04,0.75,0,0,0,0.25,1,S0|cap=0.2|band=0.01
2015-09-07,0.7171071743,0,0,0,0.2828928257,0.9561428991,S0|cap=0.2|band=0.01
2015-09-08,0.7171071743,0,0,0,0.2828928257,0.9561428991,S0|cap=0.2|band=0.01
2015-09-09,0.7171071743,0,0,0,0.2828928257,0.9561428991,S0|cap=0.2|band=0.01
2015-09-10,0.7171071743,0,0,0,0.2828928257,0.9561428991,S0|cap=0.2|band=0.01
2015-09-11,0.7171071743,0,0,0,0.2828928257,0.9561428991,S0|cap=0.2|band=0.01
2015-09-14,0.7171071743,0,0,0,0.2828928257,0.9561428991,S0|cap=0.2|band=0.01
2015-09-15,0.7171071743,0,0,0,0.2828928257,0.9561428991,S0|cap=0.2|band=0.01
2015-09-16,0.7171071743,0,0,0,0.2828928257,0.9561428991,S0|cap=0.2|band=0.01
2015-09-18,0.7171071743,0,0,0,0.2828928257,0.9561428991,S0|cap=0.2|band=0.01
2015-09-21,0.7171071743,0,0,0,0.2828928257,0.9561428991,S0|cap=0.2|band=0.01
2015-09-22,0.7171071743,0,0,0,0.2828928257,0.9561428991,S0|cap=0.2|band=0.01
2015-09-23,0.7171071743,0,0,0,0.2828928257,0.9561428991,S0|cap=0.2|band=0.01
2015-09-24,0.7171071743,0,0,0,0.2828928257,0.9561428991,S0|cap=0.2|band=0.01
2015-09-28,0.7171071743,0,0,0,0.2828928257,0.9561428991,S0|cap=0.2|band=0.01
2015-09-29,0.7171071743,0,0,0,0.2828928257,0.9561428991,S0|cap=0.2|band=0.01
2015-09-30,0.7171071743,0,0,0,0.2828928257,0.9561428991,S0|cap=0.2|band=0.01
2015-10-01,0.7171071743,0,0,0,0.2828928257,0.9561428991,S0|cap=0.2|band=0.01
2015-10-05,0.7171071743,0,0,0,0.2828928257,0.9561428991,S0|cap=0.2|band=0.01
2015-10-06,0.7171071743,0,0,0,0.2828928257,0.9561428991,S0|cap=0.2|band=0.01
2015-10-07,0.7171071743,0,0,0,0.2828928257,0.9561428991,S0|cap=0.2|band=0.01
2015-10-08,0.7171071743,0,0,0,0.2828928257,0.9561428991,S0|cap=0.2|band=0.01
2015-10-09,0.7171071743,0,0,0,0.2828928257,0.9561428991,S0|cap=0.2|band=0.01
2015-10-12,0.7171071743,0,0,0,0.2828928257,0.9561428991,S0|cap=0.2|band=0.01
2015-10-13,0.7171071743,0,0,0,0.2828928257,0.9561428991,S0|cap=0.2|band=0.01
2015-10-14,0.7171071743,0,0,0,0.2828928257,0.9561428991,S0|cap=0.2|band=0.01
2015-10-15,0.7171071743,0,0,0,0.2828928257,0.9561428991,S0|cap=0.2|band=0.01
2015-10-16,0.7171071743,0,0,0,0.2828928257,0.9561428991,S0|cap=0.2|band=0.01
2015-10-19,0.7171071743,0,0,0,0.2828928257,0.9561428991,S0|cap=0.2|band=0.01
2015-10-20,0.7171071743,0,0,0,0.2828928257,0.9561428991,S0|cap=0.2|band=0.01
2015-10-21,0.7171071743,0,0,0,0.2828928257,0.9561428991,S0|cap=0.2|band=0.01
2015-10-23,0.7171071743,0,0,0,0.2828928257,0.9561428991,S0|cap=0.2|band=0.01
2015-10-26,0.7171071743,0,0,0,0.2828928257,0.9561428991,S0|cap=0.2|band=0.01
2015-10-27,0.7171071743,0,0,0,0.2828928257,0.9561428991,S0|cap=0.2|band=0.01
2015-10-28,0.7171071743,0,0,0,0.2828928257,0.9561428991,S0|cap=0.2|band=0.01
2015-10-29,0.7171071743,0,0,0,0.2828928257,0.9561428991,S0|cap=0.2|band=0.01
2015-10-30,0.7171071743,0,0,0,0.2828928257,0.9561428991,S0|cap=0.2|band=0.01
2015-11-02,0.7171071743,0,0,0,0.2828928257,0.9561428991,S0|cap=0.2|band=0.01
2015-11-03,0.7171071743,0,0,0,0.2828928257,0.9561428991,S0|cap=0.2|band=0.01
2015-11-04,0.7171071743,0,0,0,0.2828928257,0.9561428991,S0|cap=0.2|band=0.01
2015-11-05,0.7171071743,0,0,0,0.2828928257,0.9561428991,S0|cap=0.2|band=0.01
2015-11-06,0.7171071743,0,0,0,0.2828928257,0.9561428991,S0|cap=0.2|band=0.01
2015-11-09,0.7171071743,0,0,0,0.2828928257,0.9561428991,S0|cap=0.2|band=0.01
2015-11-10,0.7171071743,0,0,0,0.2828928257,0.9561428991,S0|cap=0.2|band=0.01
2015-11-11,0.7171071743,0,0,0,0.2828928257,0.9561428991,S0|cap=0.2|band=0.01
2015-11-13,0.7171071743,0,0,0,0.2828928257,0.9561428991,S0|cap=0.2|band=0.01
2015-11-16,0.7171071743,0,0,0,0.2828928257,0.9561428991,S0|cap=0.2|band=0.01
2015-11-17,0.7171071743,0,0,0,0.2828928257,0.9561428991,S0|cap=0.2|band=0.01
2015-11-18,0.7171071743,0,0,0,0.2828928257,0.9561428991,S0|cap=0.2|band=0.01
2015-11-19,0.7171071743,0,0,0,0.2828928257,0.9561428991,S0|cap=0.2|band=0.01
2015-11-20,0.7171071743,0,0,0,0.2828928257,0.9561428991,S0|cap=0.2|band=0.01
2015-11-23,0.7171071743,0,0,0,0.2828928257,0.9561428991,S0|cap=0.2|band=0.01
2015-11-24,0.7171071743,0,0,0,0.2828928257,0.9561428991,S0|cap=0.2|band=0.01
2015-11-26,0.7171071743,0,0,0,0.2828928257,0.9561428991,S0|cap=0.2|band=0.01
2015-11-27,0.7171071743,0,0,0,0.2828928257,0.9561428991,S0|cap=0.2|band=0.01
2015-11-30,0.7171071743,0,0,0,0.2828928257,0.9561428991,S0|cap=0.2|band=0.01
2015-12-01,0.7171071743,0,0,0,0.2828928257,0.9561428991,S0|cap=0.2|band=0.01
2015-12-02,0.7171071743,0,0,0,0.2828928257,0.9561428991,S0|cap=0.2|band=0.01
2015-12-03,0.7171071743,0,0,0,0.2828928257,0.9561428991,S0|cap=0.2|band=0.01
2015-12-04,0.7171071743,0,0,0,0.2828928257,0.9561428991,S0|cap=0.2|band=0.01
2015-12-07,0.7171071743,0,0,0,0.2828928257,0.9561428991,S0|cap=0.2|band=0.01
2015-12-08,0.75,0,0,0,0.25,1,S0|cap=0.2|band=0.01
2015-12-09,0.75,0,0,0,0.25,1,S0|cap=0.2|band=0.01
2015-12-10,0.75,0,0,0,0.25,1,S0|cap=0.2|band=0.01
2015-12-11,0.75,0,0,0,0.25,1,S0|cap=0.2|band=0.01
2015-12-14,0.75,0,0,0,0.25,1,S0|cap=0.2|band=0.01
2015-12-15,0.75,0,0,0,0.25,1,S0|cap=0.2|band=0.01
2015-12-16,0.75,0,0,0,0.25,1,S0|cap=0.2|band=0.01
2015-12-17,0.75,0,0,0,0.25,1,S0|cap=0.2|band=0.01
2015-12-18,0.75,0,0,0,0.25,1,S0|cap=0.2|band=0.01
2015-12-21,0.75,0,0,0,0.25,1,S0|cap=0.2|band=0.01
2015-12-22,0.75,0,0,0,0.25,1,S0|cap=0.2|band=0.01
2015-12-23,0.75,0,0,0,0.25,1,S0|cap=0.2|band=0.01
2015-12-24,0.75,0,0,0,0.25,1,S0|cap=0.2|band=0.01
2015-12-28,0.75,0,0,0,0.25,1,S0|cap=0.2|band=0.01
2015-12-29,0.75,0,0,0,0.25,1,S0|cap=0.2|band=0.01
2015-12-30,0.75,0,0,0,0.25,1,S0|cap=0.2|band=0.01
2015-12-31,0.75,0,0,0,0.25,1,S0|cap=0.2|band=0.01
2016-01-01,0.75,0,0,0,0.25,1,S0|cap=0.2|band=0.01
2016-01-04,0.75,0,0,0,0.25,1,S0|cap=0.2|band=0.01
2016-01-05,0.75,0,0,0,0.25,1,S0|cap=0.2|band=0.01
2016-01-06,0.75,0,0,0,0.25,1,S0|cap=0.2|band=0.01
2016-01-07,0.75,0,0,0,0.25,1,S0|cap=0.2|band=0.01
2016-01-08,0.75,0,0,0,0.25,1,S0|cap=0.2|band=0.01
2016-01-11,0.75,0,0,0,0.25,1,S0|cap=0.2|band=0.01
2016-01-12,0.7404800493,0,0,0,0.2595199507,0.9873067325,S0|cap=0.2|band=0.01
2016-01-13,0.7404800493,0,0,0,0.2595199507,0.9873067325,S0|cap=0.2|band=0.01
2016-01-14,0.7404800493,0,0,0,0.2595199507,0.9873067325,S0|cap=0.2|band=0.01
2016-01-15,0.6848603278,0,0,0,0.3151396722,0.9131471037,S0|cap=0.2|band=0.01
2016-01-18,0.6106495495,0,0,0,0.3893504505,0.8141993993,S0|cap=0.2|band=0.01
2016-01-19,0.6106495495,0,0,0,0.3893504505,0.8141993993,S0|cap=0.2|band=0.01
2016-01-20,0.5762798611,0,0,0,0.4237201389,0.7683731482,S0|cap=0.2|band=0.01
2016-01-21,0.5629009485,0,0,0,0.4370990515,0.750534598,S0|cap=0.2|band=0.01
2016-01-22,0.5629009485,0,0,0,0.4370990515,0.750534598,S0|cap=0.2|band=0.01
2016-01-25,0.5629009485,0,0,0,0.4370990515,0.750534598,S0|cap=0.2|band=0.01
2016-01-27,0.5629009485,0,0,0,0.4370990515,0.750534598,S0|cap=0.2|band=0.01
2016-01-28,0.5629009485,0,0,0,0.4370990515,0.750534598,S0|cap=0.2|band=0.01
2016-01-29,0.5629009485,0,0,0,0.4370990515,0.750534598,S0|cap=0.2|band=0.01
2016-02-01,0.5629009485,0,0,0,0.4370990515,0.750534598,S0|cap=0.2|band=0.01
2016-02-02,0.5629009485,0,0,0,0.4370990515,0.750534598,S0|cap=0.2|band=0.01
2016-02-03,0.5629009485,0,0,0,0.4370990515,0.750534598,S0|cap=0.2|band=0.01
2016-02-04,0.5629009485,0,0,0,0.4370990515,0.750534598,S0|cap=0.2|band=0.01
2016-02-05,0.5629009485,0,0,0,0.4370990515,0.750534598,S0|cap=0.2|band=0.01
2016-02-08,0.5629009485,0,0,0,0.4370990515,0.750534598,S0|cap=0.2|band=0.01
2016-02-09,0.5629009485,0,0,0,0.4370990515,0.750534598,S0|cap=0.2|band=0.01
2016-02-10,0.5413275221,0,0,0,0.4586724779,0.7217700294,S0|cap=0.2|band=0.01
2016-02-11,0.3966198915,0,0,0,0.6033801085,0.528826522,S0|cap=0.2|band=0.01
2016-02-12,0.3864110785,0,0,0,0.6135889215,0.5152147713,S0|cap=0.2|band=0.01
2016-02-15,0.3864110785,0,0,0,0.6135889215,0.5152147713,S0|cap=0.2|band=0.01
2016-02-16,0.3864110785,0,0,0,0.6135889215,0.5152147713,S0|cap=0.2|band=0.01
2016-02-17,0.3864110785,0,0,0,0.6135889215,0.5152147713,S0|cap=0.2|band=0.01
2016-02-18,0.3864110785,0,0,0,0.6135889215,0.5152147713,S0|cap=0.2|band=0.01
2016-02-19,0.3864110785,0,0,0,0.6135889215,0.5152147713,S0|cap=0.2|band=0.01
2016-02-22,0.3864110785,0,0,0,0.6135889215,0.5152147713,S0|cap=0.2|band=0.01
2016-02-23,0.3864110785,0,0,0,0.6135889215,0.5152147713,S0|cap=0.2|band=0.01
2016-02-24,0.3864110785,0,0,0,0.6135889215,0.5152147713,S0|cap=0.2|band=0.01
2016-02-25,0.3864110785,0,0,0,0.6135889215,0.5152147713,S0|cap=0.2|band=0.01
2016-02-26,0.3864110785,0,0,0,0.6135889215,0.5152147713,S0|cap=0.2|band=0.01
2016-02-29,0.3864110785,0,0,0,0.6135889215,0.5152147713,S0|cap=0.2|band=0.01
2016-03-01,0.3864110785,0,0,0,0.6135889215,0.5152147713,S0|cap=0.2|band=0.01
2016-03-02,0.3864110785,0,0,0,0.6135889215,0.5152147713,S0|cap=0.2|band=0.01
2016-03-03,0.3864110785,0,0,0,0.6135889215,0.5152147713,S0|cap=0.2|band=0.01
2016-03-04,0.3864110785,0,0,0,0.6135889215,0.5152147713,S0|cap=0.2|band=0.01
2016-03-08,0.3864110785,0,0,0,0.6135889215,0.5152147713,S0|cap=0.2|band=0.01
2016-03-09,0.3864110785,0,0,0,0.6135889215,0.5152147713,S0|cap=0.2|band=0.01
2016-03-10,0.3864110785,0,0,0,0.6135889215,0.5152147713,S0|cap=0.2|band=0.01
2016-03-11,0.3864110785,0,0,0,0.6135889215,0.5152147713,S0|cap=0.2|band=0.01
2016-03-14,0.3864110785,0,0,0,0.6135889215,0.5152147713,S0|cap=0.2|band=0.01
2016-03-15,0.3864110785,0,0,0,0.6135889215,0.5152147713,S0|cap=0.2|band=0.01
2016-03-16,0.3864110785,0,0,0,0.6135889215,0.5152147713,S0|cap=0.2|band=0.01
2016-03-17,0.3864110785,0,0,0,0.6135889215,0.5152147713,S0|cap=0.2|band=0.01
2016-03-18,0.3864110785,0,0,0,0.6135889215,0.5152147713,S0|cap=0.2|band=0.01
2016-03-21,0.3864110785,0,0,0,0.6135889215,0.5152147713,S0|cap=0.2|band=0.01
2016-03-22,0.3864110785,0,0,0,0.6135889215,0.5152147713,S0|cap=0.2|band=0.01
2016-03-23,0.3864110785,0,0,0,0.6135889215,0.5152147713,S0|cap=0.2|band=0.01
2016-03-28,0.3864110785,0,0,0,0.6135889215,0.5152147713,S0|cap=0.2|band=0.01
2016-03-29,0.3864110785,0,0,0,0.6135889215,0.5152147713,S0|cap=0.2|band=0.01
2016-03-30,0.3864110785,0,0,0,0.6135889215,0.5152147713,S0|cap=0.2|band=0.01
2016-03-31,0.3864110785,0,0,0,0.6135889215,0.5152147713,S0|cap=0.2|band=0.01
2016-04-01,0.3864110785,0,0,0,0.6135889215,0.5152147713,S0|cap=0.2|band=0.01
2016-04-04,0.3864110785,0,0,0,0.6135889215,0.5152147713,S0|cap=0.2|band=0.01
2016-04-05,0.3864110785,0,0,0,0.6135889215,0.5152147713,S0|cap=0.2|band=0.01
2016-04-06,0.3864110785,0,0,0,0.6135889215,0.5152147713,S0|cap=0.2|band=0.01
2016-04-07,0.3864110785,0,0,0,0.6135889215,0.5152147713,S0|cap=0.2|band=0.01
2016-04-08,0.3864110785,0,0,0,0.6135889215,0.5152147713,S0|cap=0.2|band=0.01
2016-04-11,0.3864110785,0,0,0,0.6135889215,0.5152147713,S0|cap=0.2|band=0.01
2016-04-12,0.3864110785,0,0,0,0.6135889215,0.5152147713,S0|cap=0.2|band=0.01
2016-04-13,0.3864110785,0,0,0,0.6135889215,0.5152147713,S0|cap=0.2|band=0.01
2016-04-18,0.3864110785,0,0,0,0.6135889215,0.5152147713,S0|cap=0.2|band=0.01
2016-04-20,0.3864110785,0,0,0,0.6135889215,0.5152147713,S0|cap=0.2|band=0.01
2016-04-21,0.3864110785,0,0,0,0.6135889215,0.5152147713,S0|cap=0.2|band=0.01
2016-04-22,0.3864110785,0,0,0,0.6135889215,0.5152147713,S0|cap=0.2|band=0.01
2016-04-25,0.3864110785,0,0,0,0.6135889215,0.5152147713,S0|cap=0.2|band=0.01
2016-04-26,0.3864110785,0,0,0,0.6135889215,0.5152147713,S0|cap=0.2|band=0.01
2016-04-27,0.3864110785,0,0,0,0.6135889215,0.5152147713,S0|cap=0.2|band=0.01
2016-04-28,0.3864110785,0,0,0,0.6135889215,0.5152147713,S0|cap=0.2|band=0.01
2016-04-29,0.3864110785,0,0,0,0.6135889215,0.5152147713,S0|cap=0.2|band=0.01
2016-05-02,0.3864110785,0,0,0,0.6135889215,0.5152147713,S0|cap=0.2|band=0.01
2016-05-03,0.3864110785,0,0,0,0.6135889215,0.5152147713,S0|cap=0.2|band=0.01
2016-05-04,0.3864110785,0,0,0,0.6135889215,0.5152147713,S0|cap=0.2|band=0.01
2016-05-05,0.3864110785,0,0,0,0.6135889215,0.5152147713,S0|cap=0.2|band=0.01
2016-05-06,0.3864110785,0,0,0,0.6135889215,0.5152147713,S0|cap=0.2|band=0.01
2016-05-09,0.3864110785,0,0,0,0.6135889215,0.5152147713,S0|cap=0.2|band=0.01
2016-05-10,0.3864110785,0,0,0,0.6135889215,0.5152147713,S0|cap=0.2|band=0.01
2016-05-11,0.3864110785,0,0,0,0.6135889215,0.5152147713,S0|cap=0.2|band=0.01
2016-05-12,0.3864110785,0,0,0,0.6135889215,0.5152147713,S0|cap=0.2|band=0.01
2016-05-13,0.3864110785,0,0,0,0.6135889215,0.5152147713,S0|cap=0.2|band=0.01
2016-05-16,0.75,0,0,0,0.25,1,S0|cap=0.2|band=0.01
2016-05-17,0.75,0,0,0,0.25,1,S0|cap=0.2|band=0.01
2016-05-18,0.75,0,0,0,0.25,1,S0|cap=0.2|band=0.01
2016-05-19,0.75,0,0,0,0.25,1,S0|cap=0.2|band=0.01
2016-05-20,0.75,0,0,0,0.25,1,S0|cap=0.2|band=0.01
2016-05-23,0.75,0,0,0,0.25,1,S0|cap=0.2|band=0.01
2016-05-24,0.75,0,0,0,0.25,1,S0|cap=0.2|band=0.01
2016-05-25,0.75,0,0,0,0.25,1,S0|cap=0.2|band=0.01
2016-05-26,0.75,0,0,0,0.25,1,S0|cap=0.2|band=0.01
2016-05-27,0.75,0,0,0,0.25,1,S0|cap=0.2|band=0.01
2016-05-30,0.75,0,0,0,0.25,1,S0|cap=0.2|band=0.01
2016-05-31,0.75,0,0,0,0.25,1,S0|cap=0.2|band=0.01
2016-06-01,0.75,0,0,0,0.25,1,S0|cap=0.2|band=0.01
2016-06-02,0.75,0,0,0,0.25,1,S0|cap=0.2|band=0.01
2016-06-03,0.75,0,0,0,0.25,1,S0|cap=0.2|band=0.01
2016-06-06,0.75,0,0,0,0.25,1,S0|cap=0.2|band=0.01
2016-06-07,0.75,0,0,0,0.25,1,S0|cap=0.2|band=0.01
2016-06-08,0.75,0,0,0,0.25,1,S0|cap=0.2|band=0.01
2016-06-09,0.75,0,0,0,0.25,1,S0|cap=0.2|band=0.01
2016-06-10,0.75,0,0,0,0.25,1,S0|cap=0.2|band=0.01
2016-06-13,0.75,0,0,0,0.25,1,S0|cap=0.2|band=0.01
2016-06-14,0.75,0,0,0,0.25,1,S0|cap=0.2|band=0.01
2016-06-15,0.75,0,0,0,0.25,1,S0|cap=0.2|band=0.01
2016-06-16,0.75,0,0,0,0.25,1,S0|cap=0.2|band=0.01
2016-06-17,0.75,0,0,0,0.25,1,S0|cap=0.2|band=0.01
2016-06-20,0.75,0,0,0,0.25,1,S0|cap=0.2|band=0.01
2016-06-21,0.75,0,0,0,0.25,1,S0|cap=0.2|band=0.01
2016-06-22,0.75,0,0,0,0.25,1,S0|cap=0.2|band=0.01
2016-06-23,0.75,0,0,0,0.25,1,S0|cap=0.2|band=0.01
2016-06-24,0.75,0,0,0,0.25,1,S0|cap=0.2|band=0.01
2016-06-27,0.75,0,0,0,0.25,1,S0|cap=0.2|band=0.01
2016-06-28,0.75,0,0,0,0.25,1,S0|cap=0.2|band=0.01
2016-06-29,0.75,0,0,0,0.25,1,S0|cap=0.2|band=0.01
2016-06-30,0.75,0,0,0,0.25,1,S0|cap=0.2|band=0.01
2016-07-01,0.75,0,0,0,0.25,1,S0|cap=0.2|band=0.01
2016-07-04,0.75,0,0,0,0.25,1,S0|cap=0.2|band=0.01
2016-07-05,0.75,0,0,0,0.25,1,S0|cap=0.2|band=0.01
2016-07-07,0.75,0,0,0,0.25,1,S0|cap=0.2|band=0.01
2016-07-08,0.75,0,0,0,0.25,1,S0|cap=0.2|band=0.01
2016-07-11,0.75,0,0,0,0.25,1,S0|cap=0.2|band=0.01
2016-07-12,0.75,0,0,0,0.25,1,S0|cap=0.2|band=0.01
2016-07-13,0.75,0,0,0,0.25,1,S0|cap=0.2|band=0.01
2016-07-14,0.75,0,0,0,0.25,1,S0|cap=0.2|band=0.01
2016-07-15,0.75,0,0,0,0.25,1,S0|cap=0.2|band=0.01
2016-07-18,0.75,0,0,0,0.25,1,S0|cap=0.2|band=0.01
2016-07-19,0.75,0,0,0,0.25,1,S0|cap=0.2|band=0.01
2016-07-20,0.75,0,0,0,0.25,1,S0|cap=0.2|band=0.01
2016-07-21,0.75,0,0,0,0.25,1,S0|cap=0.2|band=0.01
2016-07-22,0.75,0,0,0,0.25,1,S0|cap=0.2|band=0.01
2016-07-25,0.75,0,0,0,0.25,1,S0|cap=0.2|band=0.01
2016-07-26,0.75,0,0,0,0.25,1,S0|cap=0.2|band=0.01
2016-07-27,0.75,0,0,0,0.25,1,S0|cap=0.2|band=0.01
2016-07-28,0.75,0,0,0,0.25,1,S0|cap=0.2|band=0.01
2016-07-29,0.75,0,0,0,0.25,1,S0|cap=0.2|band=0.01
2016-08-01,0.75,0,0,0,0.25,1,S0|cap=0.2|band=0.01
2016-08-02,0.75,0,0,0,0.25,1,S0|cap=0.2|band=0.01
2016-08-03,0.75,0,0,0,0.25,1,S0|cap=0.2|band=0.01
2016-08-04,0.75,0,0,0,0.25,1,S0|cap=0.2|band=0.01
2016-08-05,0.75,0,0,0,0.25,1,S0|cap=0.2|band=0.01
2016-08-08,0.75,0,0,0,0.25,1,S0|cap=0.2|band=0.01
2016-08-09,0.75,0,0,0,0.25,1,S0|cap=0.2|band=0.01
2016-08-10,0.75,0,0,0,0.25,1,S0|cap=0.2|band=0.01
2016-08-11,0.75,0,0,0,0.25,1,S0|cap=0.2|band=0.01
2016-08-12,0.75,0,0,0,0.25,1,S0|cap=0.2|band=0.01
2016-08-16,0.75,0,0,0,0.25,1,S0|cap=0.2|band=0.01
2016-08-17,0.75,0,0,0,0.25,1,S0|cap=0.2|band=0.01
2016-08-18,0.75,0,0,0,0.25,1,S0|cap=0.2|band=0.01
2016-08-19,0.75,0,0,0,0.25,1,S0|cap=0.2|band=0.01
2016-08-22,0.75,0,0,0,0.25,1,S0|cap=0.2|band=0.01
2016-08-23,0.75,0,0,0,0.25,1,S0|cap=0.2|band=0.01
2016-08-24,0.75,0,0,0,0.25,1,S0|cap=0.2|band=0.01
2016-08-25,0.75,0,0,0,0.25,1,S0|cap=0.2|band=0.01
2016-08-26,0.75,0,0,0,0.25,1,S0|cap=0.2|band=0.01
2016-08-29,0.75,0,0,0,0.25,1,S0|cap=0.2|band=0.01
2016-08-30,0.75,0,0,0,0.25,1,S0|cap=0.2|band=0.01
2016-08-31,0.75,0,0,0,0.25,1,S0|cap=0.2|band=0.01
2016-09-01,0.75,0,0,0,0.25,1,S0|cap=0.2|band=0.01
2016-09-02,0.75,0,0,0,0.25,1,S0|cap=0.2|band=0.01
2016-09-06,0.75,0,0,0,0.25,1,S0|cap=0.2|band=0.01
2016-09-07,0.75,0,0,0,0.25,1,S0|cap=0.2|band=0.01
2016-09-08,0.75,0,0,0,0.25,1,S0|cap=0.2|band=0.01
2016-09-09,0.75,0,0,0,0.25,1,S0|cap=0.2|band=0.01
2016-09-12,0.75,0,0,0,0.25,1,S0|cap=0.2|band=0.01
2016-09-14,0.75,0,0,0,0.25,1,S0|cap=0.2|band=0.01
2016-09-15,0.75,0,0,0,0.25,1,S0|cap=0.2|band=0.01
2016-09-16,0.75,0,0,0,0.25,1,S0|cap=0.2|band=0.01
2016-09-19,0.75,0,0,0,0.25,1,S0|cap=0.2|band=0.01
2016-09-20,0.75,0,0,0,0.25,1,S0|cap=0.2|band=0.01
2016-09-21,0.75,0,0,0,0.25,1,S0|cap=0.2|band=0.01
2016-09-22,0.75,0,0,0,0.25,1,S0|cap=0.2|band=0.01
2016-09-23,0.75,0,0,0,0.25,1,S0|cap=0.2|band=0.01
2016-09-26,0.75,0,0,0,0.25,1,S0|cap=0.2|band=0.01
2016-09-27,0.75,0,0,0,0.25,1,S0|cap=0.2|band=0.01
2016-09-28,0.75,0,0,0,0.25,1,S0|cap=0.2|band=0.01
2016-09-29,0.75,0,0,0,0.25,1,S0|cap=0.2|band=0.01
2016-09-30,0.75,0,0,0,0.25,1,S0|cap=0.2|band=0.01
2016-10-03,0.75,0,0,0,0.25,1,S0|cap=0.2|band=0.01
2016-10-04,0.75,0,0,0,0.25,1,S0|cap=0.2|band=0.01
2016-10-05,0.75,0,0,0,0.25,1,S0|cap=0.2|band=0.01
2016-10-06,0.75,0,0,0,0.25,1,S0|cap=0.2|band=0.01
2016-10-07,0.75,0,0,0,0.25,1,S0|cap=0.2|band=0.01
2016-10-10,0.75,0,0,0,0.25,1,S0|cap=0.2|band=0.01
2016-10-13,0.75,0,0,0,0.25,1,S0|cap=0.2|band=0.01
2016-10-14,0.75,0,0,0,0.25,1,S0|cap=0.2|band=0.01
2016-10-17,0.75,0,0,0,0.25,1,S0|cap=0.2|band=0.01
2016-10-18,0.75,0,0,0,0.25,1,S0|cap=0.2|band=0.01
2016-10-19,0.75,0,0,0,0.25,1,S0|cap=0.2|band=0.01
2016-10-20,0.75,0,0,0,0.25,1,S0|cap=0.2|band=0.01
2016-10-21,0.75,0,0,0,0.25,1,S0|cap=0.2|band=0.01
2016-10-24,0.75,0,0,0,0.25,1,S0|cap=0.2|band=0.01
2016-10-25,0.75,0,0,0,0.25,1,S0|cap=0.2|band=0.01
2016-10-26,0.75,0,0,0,0.25,1,S0|cap=0.2|band=0.01
2016-10-27,0.75,0,0,0,0.25,1,S0|cap=0.2|band=0.01
2016-10-28,0.75,0,0,0,0.25,1,S0|cap=0.2|band=0.01
2016-10-30,0.75,0,0,0,0.25,1,S0|cap=0.2|band=0.01
2016-11-01,0.75,0,0,0,0.25,1,S0|cap=0.2|band=0.01
2016-11-02,0.75,0,0,0,0.25,1,S0|cap=0.2|band=0.01
2016-11-03,0.75,0,0,0,0.25,1,S0|cap=0.2|band=0.01
2016-11-04,0.75,0,0,0,0.25,1,S0|cap=0.2|band=0.01
2016-11-07,0.75,0,0,0,0.25,1,S0|cap=0.2|band=0.01
2016-11-08,0.75,0,0,0,0.25,1,S0|cap=0.2|band=0.01
2016-11-09,0.75,0,0,0,0.25,1,S0|cap=0.2|band=0.01
2016-11-10,0.75,0,0,0,0.25,1,S0|cap=0.2|band=0.01
2016-11-11,0.75,0,0,0,0.25,1,S0|cap=0.2|band=0.01
2016-11-15,0.75,0,0,0,0.25,1,S0|cap=0.2|band=0.01
2016-11-16,0.75,0,0,0,0.25,1,S0|cap=0.2|band=0.01
2016-11-17,0.75,0,0,0,0.25,1,S0|cap=0.2|band=0.01
2016-11-18,0.75,0,0,0,0.25,1,S0|cap=0.2|band=0.01
2016-11-21,0.75,0,0,0,0.25,1,S0|cap=0.2|band=0.01
2016-11-22,0.75,0,0,0,0.25,1,S0|cap=0.2|band=0.01
2016-11-23,0.75,0,0,0,0.25,1,S0|cap=0.2|band=0.01
2016-11-24,0.75,0,0,0,0.25,1,S0|cap=0.2|band=0.01
2016-11-25,0.75,0,0,0,0.25,1,S0|cap=0.2|band=0.01
2016-11-28,0.75,0,0,0,0.25,1,S0|cap=0.2|band=0.01
2016-11-29,0.75,0,0,0,0.25,1,S0|cap=0.2|band=0.01
2016-11-30,0.75,0,0,0,0.25,1,S0|cap=0.2|band=0.01
2016-12-01,0.75,0,0,0,0.25,1,S0|cap=0.2|band=0.01
2016-12-02,0.75,0,0,0,0.25,1,S0|cap=0.2|band=0.01
2016-12-05,0.75,0,0,0,0.25,1,S0|cap=0.2|band=0.01
2016-12-06,0.75,0,0,0,0.25,1,S0|cap=0.2|band=0.01
2016-12-07,0.75,0,0,0,0.25,1,S0|cap=0.2|band=0.01
2016-12-08,0.75,0,0,0,0.25,1,S0|cap=0.2|band=0.01
2016-12-09,0.75,0,0,0,0.25,1,S0|cap=0.2|band=0.01
2016-12-12,0.75,0,0,0,0.25,1,S0|cap=0.2|band=0.01
2016-12-13,0.75,0,0,0,0.25,1,S0|cap=0.2|band=0.01
2016-12-14,0.75,0,0,0,0.25,1,S0|cap=0.2|band=0.01
2016-12-15,0.75,0,0,0,0.25,1,S0|cap=0.2|band=0.01
2016-12-16,0.75,0,0,0,0.25,1,S0|cap=0.2|band=0.01
2016-12-19,0.75,0,0,0,0.25,1,S0|cap=0.2|band=0.01
2016-12-20,0.75,0,0,0,0.25,1,S0|cap=0.2|band=0.01
2016-12-21,0.75,0,0,0,0.25,1,S0|cap=0.2|band=0.01
2016-12-22,0.75,0,0,0,0.25,1,S0|cap=0.2|band=0.01
2016-12-23,0.75,0,0,0,0.25,1,S0|cap=0.2|band=0.01
2016-12-26,0.75,0,0,0,0.25,1,S0|cap=0.2|band=0.01
2016-12-27,0.75,0,0,0,0.25,1,S0|cap=0.2|band=0.01
2016-12-28,0.75,0,0,0,0.25,1,S0|cap=0.2|band=0.01
2016-12-29,0.75,0,0,0,0.25,1,S0|cap=0.2|band=0.01
2016-12-30,0.75,0,0,0,0.25,1,S0|cap=0.2|band=0.01
2017-01-02,0.75,0,0,0,0.25,1,S0|cap=0.2|band=0.01
2017-01-03,0.75,0,0,0,0.25,1,S0|cap=0.2|band=0.01
2017-01-04,0.75,0,0,0,0.25,1,S0|cap=0.2|band=0.01
2017-01-05,0.75,0,0,0,0.25,1,S0|cap=0.2|band=0.01
2017-01-06,0.75,0,0,0,0.25,1,S0|cap=0.2|band=0.01
2017-01-09,0.75,0,0,0,0.25,1,S0|cap=0.2|band=0.01
2017-01-10,0.75,0,0,0,0.25,1,S0|cap=0.2|band=0.01
2017-01-11,0.75,0,0,0,0.25,1,S0|cap=0.2|band=0.01
2017-01-12,0.75,0,0,0,0.25,1,S0|cap=0.2|band=0.01
2017-01-13,0.75,0,0,0,0.25,1,S0|cap=0.2|band=0.01
2017-01-16,0.75,0,0,0,0.25,1,S0|cap=0.2|band=0.01
2017-01-17,0.75,0,0,0,0.25,1,S0|cap=0.2|band=0.01
2017-01-18,0.75,0,0,0,0.25,1,S0|cap=0.2|band=0.01
2017-01-19,0.75,0,0,0,0.25,1,S0|cap=0.2|band=0.01
2017-01-20,0.75,0,0,0,0.25,1,S0|cap=0.2|band=0.01
2017-01-23,0.75,0,0,0,0.25,1,S0|cap=0.2|band=0.01
2017-01-24,0.75,0,0,0,0.25,1,S0|cap=0.2|band=0.01
2017-01-25,0.75,0,0,0,0.25,1,S0|cap=0.2|band=0.01
2017-01-27,0.75,0,0,0,0.25,1,S0|cap=0.2|band=0.01
2017-01-30,0.75,0,0,0,0.25,1,S0|cap=0.2|band=0.01
2017-01-31,0.75,0,0,0,0.25,1,S0|cap=0.2|band=0.01
2017-02-01,0.75,0,0,0,0.25,1,S0|cap=0.2|band=0.01
2017-02-02,0.75,0,0,0,0.25,1,S0|cap=0.2|band=0.01
2017-02-03,0.75,0,0,0,0.25,1,S0|cap=0.2|band=0.01
2017-02-06,0.75,0,0,0,0.25,1,S0|cap=0.2|band=0.01
2017-02-07,0.75,0,0,0,0.25,1,S0|cap=0.2|band=0.01
2017-02-08,0.75,0,0,0,0.25,1,S0|cap=0.2|band=0.01
2017-02-09,0.75,0,0,0,0.25,1,S0|cap=0.2|band=0.01
2017-02-10,0.75,0,0,0,0.25,1,S0|cap=0.2|band=0.01
2017-02-13,0.75,0,0,0,0.25,1,S0|cap=0.2|band=0.01
2017-02-14,0.75,0,0,0,0.25,1,S0|cap=0.2|band=0.01
2017-02-15,0.75,0,0,0,0.25,1,S0|cap=0.2|band=0.01
2017-02-16,0.75,0,0,0,0.25,1,S0|cap=0.2|band=0.01
2017-02-17,0.75,0,0,0,0.25,1,S0|cap=0.2|band=0.01
2017-02-20,0.75,0,0,0,0.25,1,S0|cap=0.2|band=0.01
2017-02-21,0.75,0,0,0,0.25,1,S0|cap=0.2|band=0.01
2017-02-22,0.75,0,0,0,0.25,1,S0|cap=0.2|band=0.01
2017-02-23,0.75,0,0,0,0.25,1,S0|cap=0.2|band=0.01
2017-02-27,0.75,0,0,0,0.25,1,S0|cap=0.2|band=0.01
2017-02-28,0.75,0,0,0,0.25,1,S0|cap=0.2|band=0.01
2017-03-01,0.75,0,0,0,0.25,1,S0|cap=0.2|band=0.01
2017-03-02,0.75,0,0,0,0.25,1,S0|cap=0.2|band=0.01
2017-03-03,0.75,0,0,0,0.25,1,S0|cap=0.2|band=0.01
2017-03-06,0.75,0,0,0,0.25,1,S0|cap=0.2|band=0.01
2017-03-07,0.75,0,0,0,0.25,1,S0|cap=0.2|band=0.01
2017-03-08,0.75,0,0,0,0.25,1,S0|cap=0.2|band=0.01
2017-03-09,0.75,0,0,0,0.25,1,S0|cap=0.2|band=0.01
2017-03-10,0.75,0,0,0,0.25,1,S0|cap=0.2|band=0.01
2017-03-14,0.75,0,0,0,0.25,1,S0|cap=0.2|band=0.01
2017-03-15,0.75,0,0,0,0.25,1,S0|cap=0.2|band=0.01
2017-03-16,0.75,0,0,0,0.25,1,S0|cap=0.2|band=0.01
2017-03-17,0.75,0,0,0,0.25,1,S0|cap=0.2|band=0.01
2017-03-20,0.75,0,0,0,0.25,1,S0|cap=0.2|band=0.01
2017-03-21,0.75,0,0,0,0.25,1,S0|cap=0.2|band=0.01
2017-03-22,0.75,0,0,0,0.25,1,S0|cap=0.2|band=0.01
2017-03-23,0.75,0,0,0,0.25,1,S0|cap=0.2|band=0.01
2017-03-24,0.75,0,0,0,0.25,1,S0|cap=0.2|band=0.01
2017-03-27,0.75,0,0,0,0.25,1,S0|cap=0.2|band=0.01
2017-03-28,0.75,0,0,0,0.25,1,S0|cap=0.2|band=0.01
2017-03-29,0.75,0,0,0,0.25,1,S0|cap=0.2|band=0.01
2017-03-30,0.75,0,0,0,0.25,1,S0|cap=0.2|band=0.01
2017-03-31,0.75,0,0,0,0.25,1,S0|cap=0.2|band=0.01
2017-04-03,0.75,0,0,0,0.25,1,S0|cap=0.2|band=0.01
2017-04-05,0.75,0,0,0,0.25,1,S0|cap=0.2|band=0.01
2017-04-06,0.75,0,0,0,0.25,1,S0|cap=0.2|band=0.01
2017-04-07,0.75,0,0,0,0.25,1,S0|cap=0.2|band=0.01
2017-04-10,0.75,0,0,0,0.25,1,S0|cap=0.2|band=0.01
2017-04-11,0.75,0,0,0,0.25,1,S0|cap=0.2|band=0.01
2017-04-12,0.75,0,0,0,0.25,1,S0|cap=0.2|band=0.01
2017-04-13,0.75,0,0,0,0.25,1,S0|cap=0.2|band=0.01
2017-04-17,0.75,0,0,0,0.25,1,S0|cap=0.2|band=0.01
2017-04-18,0.75,0,0,0,0.25,1,S0|cap=0.2|band=0.01
2017-04-19,0.75,0,0,0,0.25,1,S0|cap=0.2|band=0.01
2017-04-20,0.75,0,0,0,0.25,1,S0|cap=0.2|band=0.01
2017-04-21,0.75,0,0,0,0.25,1,S0|cap=0.2|band=0.01
2017-04-24,0.75,0,0,0,0.25,1,S0|cap=0.2|band=0.01
2017-04-25,0.75,0,0,0,0.25,1,S0|cap=0.2|band=0.01
2017-04-26,0.75,0,0,0,0.25,1,S0|cap=0.2|band=0.01
2017-04-27,0.75,0,0,0,0.25,1,S0|cap=0.2|band=0.01
2017-04-28,0.75,0,0,0,0.25,1,S0|cap=0.2|band=0.01
2017-05-02,0.75,0,0,0,0.25,1,S0|cap=0.2|band=0.01
2017-05-03,0.75,0,0,0,0.25,1,S0|cap=0.2|band=0.01
2017-05-04,0.75,0,0,0,0.25,1,S0|cap=0.2|band=0.01
2017-05-05,0.75,0,0,0,0.25,1,S0|cap=0.2|band=0.01
2017-05-08,0.75,0,0,0,0.25,1,S0|cap=0.2|band=0.01
2017-05-09,0.75,0,0,0,0.25,1,S0|cap=0.2|band=0.01
2017-05-10,0.75,0,0,0,0.25,1,S0|cap=0.2|band=0.01
2017-05-11,0.75,0,0,0,0.25,1,S0|cap=0.2|band=0.01
2017-05-12,0.75,0,0,0,0.25,1,S0|cap=0.2|band=0.01
2017-05-15,0.75,0,0,0,0.25,1,S0|cap=0.2|band=0.01
2017-05-16,0.75,0,0,0,0.25,1,S0|cap=0.2|band=0.01
2017-05-17,0.75,0,0,0,0.25,1,S0|cap=0.2|band=0.01
2017-05-18,0.75,0,0,0,0.25,1,S0|cap=0.2|band=0.01
2017-05-19,0.75,0,0,0,0.25,1,S0|cap=0.2|band=0.01
2017-05-22,0.75,0,0,0,0.25,1,S0|cap=0.2|band=0.01
2017-05-23,0.75,0,0,0,0.25,1,S0|cap=0.2|band=0.01
2017-05-24,0.75,0,0,0,0.25,1,S0|cap=0.2|band=0.01
2017-05-25,0.75,0,0,0,0.25,1,S0|cap=0.2|band=0.01
2017-05-26,0.75,0,0,0,0.25,1,S0|cap=0.2|band=0.01
2017-05-29,0.75,0,0,0,0.25,1,S0|cap=0.2|band=0.01
2017-05-30,0.75,0,0,0,0.25,1,S0|cap=0.2|band=0.01
2017-05-31,0.75,0,0,0,0.25,1,S0|cap=0.2|band=0.01
2017-06-01,0.75,0,0,0,0.25,1,S0|cap=0.2|band=0.01
2017-06-02,0.75,0,0,0,0.25,1,S0|cap=0.2|band=0.01
2017-06-05,0.75,0,0,0,0.25,1,S0|cap=0.2|band=0.01
2017-06-06,0.75,0,0,0,0.25,1,S0|cap=0.2|band=0.01
2017-06-07,0.75,0,0,0,0.25,1,S0|cap=0.2|band=0.01
2017-06-08,0.75,0,0,0,0.25,1,S0|cap=0.2|band=0.01
2017-06-09,0.75,0,0,0,0.25,1,S0|cap=0.2|band=0.01
2017-06-12,0.75,0,0,0,0.25,1,S0|cap=0.2|band=0.01
2017-06-13,0.75,0,0,0,0.25,1,S0|cap=0.2|band=0.01
2017-06-14,0.75,0,0,0,0.25,1,S0|cap=0.2|band=0.01
2017-06-15,0.75,0,0,0,0.25,1,S0|cap=0.2|band=0.01
2017-06-16,0.75,0,0,0,0.25,1,S0|cap=0.2|band=0.01
2017-06-19,0.75,0,0,0,0.25,1,S0|cap=0.2|band=0.01
2017-06-20,0.75,0,0,0,0.25,1,S0|cap=0.2|band=0.01
2017-06-21,0.75,0,0,0,0.25,1,S0|cap=0.2|band=0.01
2017-06-22,0.75,0,0,0,0.25,1,S0|cap=0.2|band=0.01
2017-06-23,0.75,0,0,0,0.25,1,S0|cap=0.2|band=0.01
2017-06-27,0.75,0,0,0,0.25,1,S0|cap=0.2|band=0.01
2017-06-28,0.75,0,0,0,0.25,1,S0|cap=0.2|band=0.01
2017-06-29,0.75,0,0,0,0.25,1,S0|cap=0.2|band=0.01
2017-06-30,0.75,0,0,0,0.25,1,S0|cap=0.2|band=0.01
2017-07-03,0.75,0,0,0,0.25,1,S0|cap=0.2|band=0.01
2017-07-04,0.75,0,0,0,0.25,1,S0|cap=0.2|band=0.01
2017-07-05,0.75,0,0,0,0.25,1,S0|cap=0.2|band=0.01
2017-07-06,0.75,0,0,0,0.25,1,S0|cap=0.2|band=0.01
2017-07-07,0.75,0,0,0,0.25,1,S0|cap=0.2|band=0.01
2017-07-10,0.75,0,0,0,0.25,1,S0|cap=0.2|band=0.01
2017-07-11,0.75,0,0,0,0.25,1,S0|cap=0.2|band=0.01
2017-07-12,0.75,0,0,0,0.25,1,S0|cap=0.2|band=0.01
2017-07-13,0.75,0,0,0,0.25,1,S0|cap=0.2|band=0.01
2017-07-14,0.75,0,0,0,0.25,1,S0|cap=0.2|band=0.01
2017-07-17,0.75,0,0,0,0.25,1,S0|cap=0.2|band=0.01
2017-07-18,0.75,0,0,0,0.25,1,S0|cap=0.2|band=0.01
2017-07-19,0.75,0,0,0,0.25,1,S0|cap=0.2|band=0.01
2017-07-20,0.75,0,0,0,0.25,1,S0|cap=0.2|band=0.01
2017-07-21,0.75,0,0,0,0.25,1,S0|cap=0.2|band=0.01
2017-07-24,0.75,0,0,0,0.25,1,S0|cap=0.2|band=0.01
2017-07-25,0.75,0,0,0,0.25,1,S0|cap=0.2|band=0.01
2017-07-26,0.75,0,0,0,0.25,1,S0|cap=0.2|band=0.01
2017-07-27,0.75,0,0,0,0.25,1,S0|cap=0.2|band=0.01
2017-07-28,0.75,0,0,0,0.25,1,S0|cap=0.2|band=0.01
2017-07-31,0.75,0,0,0,0.25,1,S0|cap=0.2|band=0.01
2017-08-01,0.75,0,0,0,0.25,1,S0|cap=0.2|band=0.01
2017-08-02,0.75,0,0,0,0.25,1,S0|cap=0.2|band=0.01
2017-08-03,0.75,0,0,0,0.25,1,S0|cap=0.2|band=0.01
2017-08-04,0.75,0,0,0,0.25,1,S0|cap=0.2|band=0.01
2017-08-07,0.75,0,0,0,0.25,1,S0|cap=0.2|band=0.01
2017-08-08,0.75,0,0,0,0.25,1,S0|cap=0.2|band=0.01
2017-08-09,0.75,0,0,0,0.25,1,S0|cap=0.2|band=0.01
2017-08-10,0.75,0,0,0,0.25,1,S0|cap=0.2|band=0.01
2017-08-11,0.75,0,0,0,0.25,1,S0|cap=0.2|band=0.01
2017-08-14,0.75,0,0,0,0.25,1,S0|cap=0.2|band=0.01
2017-08-16,0.75,0,0,0,0.25,1,S0|cap=0.2|band=0.01
2017-08-17,0.75,0,0,0,0.25,1,S0|cap=0.2|band=0.01
2017-08-18,0.75,0,0,0,0.25,1,S0|cap=0.2|band=0.01
2017-08-21,0.75,0,0,0,0.25,1,S0|cap=0.2|band=0.01
2017-08-22,0.75,0,0,0,0.25,1,S0|cap=0.2|band=0.01
2017-08-23,0.75,0,0,0,0.25,1,S0|cap=0.2|band=0.01
2017-08-24,0.75,0,0,0,0.25,1,S0|cap=0.2|band=0.01
2017-08-28,0.75,0,0,0,0.25,1,S0|cap=0.2|band=0.01
2017-08-29,0.75,0,0,0,0.25,1,S0|cap=0.2|band=0.01
2017-08-30,0.75,0,0,0,0.25,1,S0|cap=0.2|band=0.01
2017-08-31,0.75,0,0,0,0.25,1,S0|cap=0.2|band=0.01
2017-09-01,0.75,0,0,0,0.25,1,S0|cap=0.2|band=0.01
2017-09-04,0.75,0,0,0,0.25,1,S0|cap=0.2|band=0.01
2017-09-05,0.75,0,0,0,0.25,1,S0|cap=0.2|band=0.01
2017-09-06,0.75,0,0,0,0.25,1,S0|cap=0.2|band=0.01
2017-09-07,0.75,0,0,0,0.25,1,S0|cap=0.2|band=0.01
2017-09-08,0.75,0,0,0,0.25,1,S0|cap=0.2|band=0.01
2017-09-11,0.75,0,0,0,0.25,1,S0|cap=0.2|band=0.01
2017-09-12,0.75,0,0,0,0.25,1,S0|cap=0.2|band=0.01
2017-09-13,0.75,0,0,0,0.25,1,S0|cap=0.2|band=0.01
2017-09-14,0.75,0,0,0,0.25,1,S0|cap=0.2|band=0.01
2017-09-15,0.75,0,0,0,0.25,1,S0|cap=0.2|band=0.01
2017-09-18,0.75,0,0,0,0.25,1,S0|cap=0.2|band=0.01
2017-09-19,0.75,0,0,0,0.25,1,S0|cap=0.2|band=0.01
2017-09-20,0.75,0,0,0,0.25,1,S0|cap=0.2|band=0.01
2017-09-21,0.75,0,0,0,0.25,1,S0|cap=0.2|band=0.01
2017-09-22,0.75,0,0,0,0.25,1,S0|cap=0.2|band=0.01
2017-09-25,0.75,0,0,0,0.25,1,S0|cap=0.2|band=0.01
2017-09-26,0.75,0,0,0,0.25,1,S0|cap=0.2|band=0.01
2017-09-27,0.75,0,0,0,0.25,1,S0|cap=0.2|band=0.01
2017-09-28,0.75,0,0,0,0.25,1,S0|cap=0.2|band=0.01
2017-09-29,0.75,0,0,0,0.25,1,S0|cap=0.2|band=0.01
2017-10-03,0.75,0,0,0,0.25,1,S0|cap=0.2|band=0.01
2017-10-04,0.75,0,0,0,0.25,1,S0|cap=0.2|band=0.01
2017-10-05,0.75,0,0,0,0.25,1,S0|cap=0.2|band=0.01
2017-10-06,0.75,0,0,0,0.25,1,S0|cap=0.2|band=0.01
2017-10-09,0.75,0,0,0,0.25,1,S0|cap=0.2|band=0.01
2017-10-10,0.75,0,0,0,0.25,1,S0|cap=0.2|band=0.01
2017-10-11,0.75,0,0,0,0.25,1,S0|cap=0.2|band=0.01
2017-10-12,0.75,0,0,0,0.25,1,S0|cap=0.2|band=0.01
2017-10-13,0.75,0,0,0,0.25,1,S0|cap=0.2|band=0.01
2017-10-16,0.75,0,0,0,0.25,1,S0|cap=0.2|band=0.01
2017-10-17,0.75,0,0,0,0.25,1,S0|cap=0.2|band=0.01
2017-10-18,0.75,0,0,0,0.25,1,S0|cap=0.2|band=0.01
2017-10-19,0.75,0,0,0,0.25,1,S0|cap=0.2|band=0.01
2017-10-23,0.75,0,0,0,0.25,1,S0|cap=0.2|band=0.01
2017-10-24,0.75,0,0,0,0.25,1,S0|cap=0.2|band=0.01
2017-10-25,0.75,0,0,0,0.25,1,S0|cap=0.2|band=0.01
2017-10-26,0.75,0,0,0,0.25,1,S0|cap=0.2|band=0.01
2017-10-27,0.75,0,0,0,0.25,1,S0|cap=0.2|band=0.01
2017-10-30,0.75,0,0,0,0.25,1,S0|cap=0.2|band=0.01
2017-10-31,0.75,0,0,0,0.25,1,S0|cap=0.2|band=0.01
2017-11-01,0.75,0,0,0,0.25,1,S0|cap=0.2|band=0.01
2017-11-02,0.75,0,0,0,0.25,1,S0|cap=0.2|band=0.01
2017-11-03,0.75,0,0,0,0.25,1,S0|cap=0.2|band=0.01
2017-11-06,0.75,0,0,0,0.25,1,S0|cap=0.2|band=0.01
2017-11-07,0.75,0,0,0,0.25,1,S0|cap=0.2|band=0.01
2017-11-08,0.75,0,0,0,0.25,1,S0|cap=0.2|band=0.01
2017-11-09,0.75,0,0,0,0.25,1,S0|cap=0.2|band=0.01
2017-11-10,0.75,0,0,0,0.25,1,S0|cap=0.2|band=0.01
2017-11-13,0.75,0,0,0,0.25,1,S0|cap=0.2|band=0.01
2017-11-14,0.75,0,0,0,0.25,1,S0|cap=0.2|band=0.01
2017-11-15,0.75,0,0,0,0.25,1,S0|cap=0.2|band=0.01
2017-11-16,0.75,0,0,0,0.25,1,S0|cap=0.2|band=0.01
2017-11-17,0.75,0,0,0,0.25,1,S0|cap=0.2|band=0.01
2017-11-20,0.75,0,0,0,0.25,1,S0|cap=0.2|band=0.01
2017-11-21,0.75,0,0,0,0.25,1,S0|cap=0.2|band=0.01
2017-11-22,0.75,0,0,0,0.25,1,S0|cap=0.2|band=0.01
2017-11-23,0.75,0,0,0,0.25,1,S0|cap=0.2|band=0.01
2017-11-24,0.75,0,0,0,0.25,1,S0|cap=0.2|band=0.01
2017-11-27,0.75,0,0,0,0.25,1,S0|cap=0.2|band=0.01
2017-11-28,0.75,0,0,0,0.25,1,S0|cap=0.2|band=0.01
2017-11-29,0.75,0,0,0,0.25,1,S0|cap=0.2|band=0.01
2017-11-30,0.75,0,0,0,0.25,1,S0|cap=0.2|band=0.01
2017-12-01,0.75,0,0,0,0.25,1,S0|cap=0.2|band=0.01
2017-12-04,0.75,0,0,0,0.25,1,S0|cap=0.2|band=0.01
2017-12-05,0.75,0,0,0,0.25,1,S0|cap=0.2|band=0.01
2017-12-06,0.75,0,0,0,0.25,1,S0|cap=0.2|band=0.01
2017-12-07,0.75,0,0,0,0.25,1,S0|cap=0.2|band=0.01
2017-12-08,0.75,0,0,0,0.25,1,S0|cap=0.2|band=0.01
2017-12-11,0.75,0,0,0,0.25,1,S0|cap=0.2|band=0.01
2017-12-12,0.75,0,0,0,0.25,1,S0|cap=0.2|band=0.01
2017-12-13,0.75,0,0,0,0.25,1,S0|cap=0.2|band=0.01
2017-12-14,0.75,0,0,0,0.25,1,S0|cap=0.2|band=0.01
2017-12-15,0.75,0,0,0,0.25,1,S0|cap=0.2|band=0.01
2017-12-18,0.75,0,0,0,0.25,1,S0|cap=0.2|band=0.01
2017-12-19,0.75,0,0,0,0.25,1,S0|cap=0.2|band=0.01
2017-12-20,0.75,0,0,0,0.25,1,S0|cap=0.2|band=0.01
2017-12-21,0.75,0,0,0,0.25,1,S0|cap=0.2|band=0.01
2017-12-22,0.75,0,0,0,0.25,1,S0|cap=0.2|band=0.01
2017-12-26,0.75,0,0,0,0.25,1,S0|cap=0.2|band=0.01
2017-12-27,0.75,0,0,0,0.25,1,S0|cap=0.2|band=0.01
2017-12-28,0.75,0,0,0,0.25,1,S0|cap=0.2|band=0.01
2017-12-29,0.75,0,0,0,0.25,1,S0|cap=0.2|band=0.01
2018-01-01,0.75,0,0,0,0.25,1,S0|cap=0.2|band=0.01
2018-01-02,0.75,0,0,0,0.25,1,S0|cap=0.2|band=0.01
2018-01-03,0.75,0,0,0,0.25,1,S0|cap=0.2|band=0.01
2018-01-04,0.75,0,0,0,0.25,1,S0|cap=0.2|band=0.01
2018-01-05,0.75,0,0,0,0.25,1,S0|cap=0.2|band=0.01
2018-01-08,0.75,0,0,0,0.25,1,S0|cap=0.2|band=0.01
2018-01-09,0.75,0,0,0,0.25,1,S0|cap=0.2|band=0.01
2018-01-10,0.75,0,0,0,0.25,1,S0|cap=0.2|band=0.01
2018-01-11,0.75,0,0,0,0.25,1,S0|cap=0.2|band=0.01
2018-01-12,0.75,0,0,0,0.25,1,S0|cap=0.2|band=0.01
2018-01-15,0.75,0,0,0,0.25,1,S0|cap=0.2|band=0.01
2018-01-16,0.75,0,0,0,0.25,1,S0|cap=0.2|band=0.01
2018-01-17,0.75,0,0,0,0.25,1,S0|cap=0.2|band=0.01
2018-01-18,0.75,0,0,0,0.25,1,S0|cap=0.2|band=0.01
2018-01-19,0.75,0,0,0,0.25,1,S0|cap=0.2|band=0.01
2018-01-22,0.75,0,0,0,0.25,1,S0|cap=0.2|band=0.01
2018-01-23,0.75,0,0,0,0.25,1,S0|cap=0.2|band=0.01
2018-01-24,0.75,0,0,0,0.25,1,S0|cap=0.2|band=0.01
2018-01-25,0.75,0,0,0,0.25,1,S0|cap=0.2|band=0.01
2018-01-29,0.75,0,0,0,0.25,1,S0|cap=0.2|band=0.01
2018-01-30,0.75,0,0,0,0.25,1,S0|cap=0.2|band=0.01
2018-01-31,0.75,0,0,0,0.25,1,S0|cap=0.2|band=0.01
2018-02-01,0.75,0,0,0,0.25,1,S0|cap=0.2|band=0.01
2018-02-02,0.75,0,0,0,0.25,1,S0|cap=0.2|band=0.01
2018-02-05,0.75,0,0,0,0.25,1,S0|cap=0.2|band=0.01
2018-02-06,0.75,0,0,0,0.25,1,S0|cap=0.2|band=0.01
2018-02-07,0.75,0,0,0,0.25,1,S0|cap=0.2|band=0.01
2018-02-08,0.75,0,0,0,0.25,1,S0|cap=0.2|band=0.01
2018-02-09,0.75,0,0,0,0.25,1,S0|cap=0.2|band=0.01
2018-02-12,0.75,0,0,0,0.25,1,S0|cap=0.2|band=0.01
2018-02-14,0.75,0,0,0,0.25,1,S0|cap=0.2|band=0.01
2018-02-15,0.75,0,0,0,0.25,1,S0|cap=0.2|band=0.01
2018-02-16,0.75,0,0,0,0.25,1,S0|cap=0.2|band=0.01
2018-02-19,0.75,0,0,0,0.25,1,S0|cap=0.2|band=0.01
2018-02-20,0.75,0,0,0,0.25,1,S0|cap=0.2|band=0.01
2018-02-21,0.75,0,0,0,0.25,1,S0|cap=0.2|band=0.01
2018-02-22,0.75,0,0,0,0.25,1,S0|cap=0.2|band=0.01
2018-02-23,0.75,0,0,0,0.25,1,S0|cap=0.2|band=0.01
2018-02-26,0.75,0,0,0,0.25,1,S0|cap=0.2|band=0.01
2018-02-27,0.75,0,0,0,0.25,1,S0|cap=0.2|band=0.01
2018-02-28,0.75,0,0,0,0.25,1,S0|cap=0.2|band=0.01
2018-03-01,0.75,0,0,0,0.25,1,S0|cap=0.2|band=0.01
2018-03-05,0.75,0,0,0,0.25,1,S0|cap=0.2|band=0.01
2018-03-06,0.75,0,0,0,0.25,1,S0|cap=0.2|band=0.01
2018-03-07,0.75,0,0,0,0.25,1,S0|cap=0.2|band=0.01
2018-03-08,0.75,0,0,0,0.25,1,S0|cap=0.2|band=0.01
2018-03-09,0.75,0,0,0,0.25,1,S0|cap=0.2|band=0.01
2018-03-12,0.75,0,0,0,0.25,1,S0|cap=0.2|band=0.01
2018-03-13,0.75,0,0,0,0.25,1,S0|cap=0.2|band=0.01
2018-03-14,0.75,0,0,0,0.25,1,S0|cap=0.2|band=0.01
2018-03-15,0.75,0,0,0,0.25,1,S0|cap=0.2|band=0.01
2018-03-16,0.75,0,0,0,0.25,1,S0|cap=0.2|band=0.01
2018-03-19,0.75,0,0,0,0.25,1,S0|cap=0.2|band=0.01
2018-03-20,0.75,0,0,0,0.25,1,S0|cap=0.2|band=0.01
2018-03-21,0.75,0,0,0,0.25,1,S0|cap=0.2|band=0.01
2018-03-22,0.75,0,0,0,0.25,1,S0|cap=0.2|band=0.01
2018-03-23,0.75,0,0,0,0.25,1,S0|cap=0.2|band=0.01
2018-03-26,0.75,0,0,0,0.25,1,S0|cap=0.2|band=0.01
2018-03-27,0.75,0,0,0,0.25,1,S0|cap=0.2|band=0.01
2018-03-28,0.75,0,0,0,0.25,1,S0|cap=0.2|band=0.01
2018-04-02,0.75,0,0,0,0.25,1,S0|cap=0.2|band=0.01
2018-04-03,0.75,0,0,0,0.25,1,S0|cap=0.2|band=0.01
2018-04-04,0.75,0,0,0,0.25,1,S0|cap=0.2|band=0.01
2018-04-05,0.75,0,0,0,0.25,1,S0|cap=0.2|band=0.01
2018-04-06,0.75,0,0,0,0.25,1,S0|cap=0.2|band=0.01
2018-04-09,0.75,0,0,0,0.25,1,S0|cap=0.2|band=0.01
2018-04-10,0.75,0,0,0,0.25,1,S0|cap=0.2|band=0.01
2018-04-11,0.75,0,0,0,0.25,1,S0|cap=0.2|band=0.01
2018-04-12,0.75,0,0,0,0.25,1,S0|cap=0.2|band=0.01
2018-04-13,0.75,0,0,0,0.25,1,S0|cap=0.2|band=0.01
2018-04-16,0.75,0,0,0,0.25,1,S0|cap=0.2|band=0.01
2018-04-17,0.75,0,0,0,0.25,1,S0|cap=0.2|band=0.01
2018-04-18,0.75,0,0,0,0.25,1,S0|cap=0.2|band=0.01
2018-04-19,0.75,0,0,0,0.25,1,S0|cap=0.2|band=0.01
2018-04-20,0.75,0,0,0,0.25,1,S0|cap=0.2|band=0.01
2018-04-23,0.75,0,0,0,0.25,1,S0|cap=0.2|band=0.01
2018-04-24,0.75,0,0,0,0.25,1,S0|cap=0.2|band=0.01
2018-04-25,0.75,0,0,0,0.25,1,S0|cap=0.2|band=0.01
2018-04-26,0.75,0,0,0,0.25,1,S0|cap=0.2|band=0.01
2018-04-27,0.75,0,0,0,0.25,1,S0|cap=0.2|band=0.01
2018-04-30,0.75,0,0,0,0.25,1,S0|cap=0.2|band=0.01
2018-05-02,0.75,0,0,0,0.25,1,S0|cap=0.2|band=0.01
2018-05-03,0.75,0,0,0,0.25,1,S0|cap=0.2|band=0.01
2018-05-04,0.75,0,0,0,0.25,1,S0|cap=0.2|band=0.01
2018-05-07,0.75,0,0,0,0.25,1,S0|cap=0.2|band=0.01
2018-05-08,0.75,0,0,0,0.25,1,S0|cap=0.2|band=0.01
2018-05-09,0.75,0,0,0,0.25,1,S0|cap=0.2|band=0.01
2018-05-10,0.75,0,0,0,0.25,1,S0|cap=0.2|band=0.01
2018-05-11,0.75,0,0,0,0.25,1,S0|cap=0.2|band=0.01
2018-05-14,0.75,0,0,0,0.25,1,S0|cap=0.2|band=0.01
2018-05-15,0.75,0,0,0,0.25,1,S0|cap=0.2|band=0.01
2018-05-16,0.75,0,0,0,0.25,1,S0|cap=0.2|band=0.01
2018-05-17,0.75,0,0,0,0.25,1,S0|cap=0.2|band=0.01
2018-05-18,0.75,0,0,0,0.25,1,S0|cap=0.2|band=0.01
2018-05-21,0.75,0,0,0,0.25,1,S0|cap=0.2|band=0.01
2018-05-22,0.75,0,0,0,0.25,1,S0|cap=0.2|band=0.01
2018-05-23,0.75,0,0,0,0.25,1,S0|cap=0.2|band=0.01
2018-05-24,0.75,0,0,0,0.25,1,S0|cap=0.2|band=0.01
2018-05-25,0.75,0,0,0,0.25,1,S0|cap=0.2|band=0.01
2018-05-28,0.75,0,0,0,0.25,1,S0|cap=0.2|band=0.01
2018-05-29,0.75,0,0,0,0.25,1,S0|cap=0.2|band=0.01
2018-05-30,0.75,0,0,0,0.25,1,S0|cap=0.2|band=0.01
2018-05-31,0.75,0,0,0,0.25,1,S0|cap=0.2|band=0.01
2018-06-01,0.75,0,0,0,0.25,1,S0|cap=0.2|band=0.01
2018-06-04,0.75,0,0,0,0.25,1,S0|cap=0.2|band=0.01
2018-06-05,0.75,0,0,0,0.25,1,S0|cap=0.2|band=0.01
2018-06-06,0.75,0,0,0,0.25,1,S0|cap=0.2|band=0.01
2018-06-07,0.75,0,0,0,0.25,1,S0|cap=0.2|band=0.01
2018-06-08,0.75,0,0,0,0.25,1,S0|cap=0.2|band=0.01
2018-06-11,0.75,0,0,0,0.25,1,S0|cap=0.2|band=0.01
2018-06-12,0.75,0,0,0,0.25,1,S0|cap=0.2|band=0.01
2018-06-13,0.75,0,0,0,0.25,1,S0|cap=0.2|band=0.01
2018-06-14,0.75,0,0,0,0.25,1,S0|cap=0.2|band=0.01
2018-06-15,0.75,0,0,0,0.25,1,S0|cap=0.2|band=0.01
2018-06-18,0.75,0,0,0,0.25,1,S0|cap=0.2|band=0.01
2018-06-19,0.75,0,0,0,0.25,1,S0|cap=0.2|band=0.01
2018-06-20,0.75,0,0,0,0.25,1,S0|cap=0.2|band=0.01
2018-06-21,0.75,0,0,0,0.25,1,S0|cap=0.2|band=0.01
2018-06-22,0.75,0,0,0,0.25,1,S0|cap=0.2|band=0.01
2018-06-25,0.75,0,0,0,0.25,1,S0|cap=0.2|band=0.01
2018-06-26,0.75,0,0,0,0.25,1,S0|cap=0.2|band=0.01
2018-06-27,0.75,0,0,0,0.25,1,S0|cap=0.2|band=0.01
2018-06-28,0.75,0,0,0,0.25,1,S0|cap=0.2|band=0.01
2018-06-29,0.75,0,0,0,0.25,1,S0|cap=0.2|band=0.01
2018-07-02,0.75,0,0,0,0.25,1,S0|cap=0.2|band=0.01
2018-07-03,0.75,0,0,0,0.25,1,S0|cap=0.2|band=0.01
2018-07-04,0.75,0,0,0,0.25,1,S0|cap=0.2|band=0.01
2018-07-05,0.75,0,0,0,0.25,1,S0|cap=0.2|band=0.01
2018-07-06,0.75,0,0,0,0.25,1,S0|cap=0.2|band=0.01
2018-07-09,0.75,0,0,0,0.25,1,S0|cap=0.2|band=0.01
2018-07-10,0.75,0,0,0,0.25,1,S0|cap=0.2|band=0.01
2018-07-11,0.75,0,0,0,0.25,1,S0|cap=0.2|band=0.01
2018-07-12,0.75,0,0,0,0.25,1,S0|cap=0.2|band=0.01
2018-07-13,0.75,0,0,0,0.25,1,S0|cap=0.2|band=0.01
2018-07-16,0.75,0,0,0,0.25,1,S0|cap=0.2|band=0.01
2018-07-17,0.75,0,0,0,0.25,1,S0|cap=0.2|band=0.01
2018-07-18,0.75,0,0,0,0.25,1,S0|cap=0.2|band=0.01
2018-07-19,0.75,0,0,0,0.25,1,S0|cap=0.2|band=0.01
2018-07-20,0.75,0,0,0,0.25,1,S0|cap=0.2|band=0.01
2018-07-23,0.75,0,0,0,0.25,1,S0|cap=0.2|band=0.01
2018-07-24,0.75,0,0,0,0.25,1,S0|cap=0.2|band=0.01
2018-07-25,0.75,0,0,0,0.25,1,S0|cap=0.2|band=0.01
2018-07-26,0.75,0,0,0,0.25,1,S0|cap=0.2|band=0.01
2018-07-27,0.75,0,0,0,0.25,1,S0|cap=0.2|band=0.01
2018-07-30,0.75,0,0,0,0.25,1,S0|cap=0.2|band=0.01
2018-07-31,0.75,0,0,0,0.25,1,S0|cap=0.2|band=0.01
2018-08-01,0.75,0,0,0,0.25,1,S0|cap=0.2|band=0.01
2018-08-02,0.75,0,0,0,0.25,1,S0|cap=0.2|band=0.01
2018-08-03,0.75,0,0,0,0.25,1,S0|cap=0.2|band=0.01
2018-08-06,0.75,0,0,0,0.25,1,S0|cap=0.2|band=0.01
2018-08-07,0.75,0,0,0,0.25,1,S0|cap=0.2|band=0.01
2018-08-08,0.75,0,0,0,0.25,1,S0|cap=0.2|band=0.01
2018-08-09,0.75,0,0,0,0.25,1,S0|cap=0.2|band=0.01
2018-08-10,0.75,0,0,0,0.25,1,S0|cap=0.2|band=0.01
2018-08-13,0.75,0,0,0,0.25,1,S0|cap=0.2|band=0.01
2018-08-14,0.75,0,0,0,0.25,1,S0|cap=0.2|band=0.01
2018-08-16,0.75,0,0,0,0.25,1,S0|cap=0.2|band=0.01
2018-08-17,0.75,0,0,0,0.25,1,S0|cap=0.2|band=0.01
2018-08-20,0.75,0,0,0,0.25,1,S0|cap=0.2|band=0.01
2018-08-21,0.75,0,0,0,0.25,1,S0|cap=0.2|band=0.01
2018-08-23,0.75,0,0,0,0.25,1,S0|cap=0.2|band=0.01
2018-08-24,0.75,0,0,0,0.25,1,S0|cap=0.2|band=0.01
2018-08-27,0.75,0,0,0,0.25,1,S0|cap=0.2|band=0.01
2018-08-28,0.75,0,0,0,0.25,1,S0|cap=0.2|band=0.01
2018-08-29,0.75,0,0,0,0.25,1,S0|cap=0.2|band=0.01
2018-08-30,0.75,0,0,0,0.25,1,S0|cap=0.2|band=0.01
2018-08-31,0.75,0,0,0,0.25,1,S0|cap=0.2|band=0.01
2018-09-03,0.75,0,0,0,0.25,1,S0|cap=0.2|band=0.01
2018-09-04,0.75,0,0,0,0.25,1,S0|cap=0.2|band=0.01
2018-09-05,0.75,0,0,0,0.25,1,S0|cap=0.2|band=0.01
2018-09-06,0.75,0,0,0,0.25,1,S0|cap=0.2|band=0.01
2018-09-07,0.75,0,0,0,0.25,1,S0|cap=0.2|band=0.01
2018-09-10,0.75,0,0,0,0.25,1,S0|cap=0.2|band=0.01
2018-09-11,0.75,0,0,0,0.25,1,S0|cap=0.2|band=0.01
2018-09-12,0.75,0,0,0,0.25,1,S0|cap=0.2|band=0.01
2018-09-14,0.75,0,0,0,0.25,1,S0|cap=0.2|band=0.01
2018-09-17,0.75,0,0,0,0.25,1,S0|cap=0.2|band=0.01
2018-09-18,0.75,0,0,0,0.25,1,S0|cap=0.2|band=0.01
2018-09-19,0.75,0,0,0,0.25,1,S0|cap=0.2|band=0.01
2018-09-21,0.75,0,0,0,0.25,1,S0|cap=0.2|band=0.01
2018-09-24,0.75,0,0,0,0.25,1,S0|cap=0.2|band=0.01
2018-09-25,0.75,0,0,0,0.25,1,S0|cap=0.2|band=0.01
2018-09-26,0.75,0,0,0,0.25,1,S0|cap=0.2|band=0.01
2018-09-27,0.75,0,0,0,0.25,1,S0|cap=0.2|band=0.01
2018-09-28,0.75,0,0,0,0.25,1,S0|cap=0.2|band=0.01
2018-10-01,0.75,0,0,0,0.25,1,S0|cap=0.2|band=0.01
2018-10-03,0.75,0,0,0,0.25,1,S0|cap=0.2|band=0.01
2018-10-04,0.75,0,0,0,0.25,1,S0|cap=0.2|band=0.01
2018-10-05,0.75,0,0,0,0.25,1,S0|cap=0.2|band=0.01
2018-10-08,0.75,0,0,0,0.25,1,S0|cap=0.2|band=0.01
2018-10-09,0.75,0,0,0,0.25,1,S0|cap=0.2|band=0.01
2018-10-10,0.75,0,0,0,0.25,1,S0|cap=0.2|band=0.01
2018-10-11,0.75,0,0,0,0.25,1,S0|cap=0.2|band=0.01
2018-10-12,0.75,0,0,0,0.25,1,S0|cap=0.2|band=0.01
2018-10-15,0.75,0,0,0,0.25,1,S0|cap=0.2|band=0.01
2018-10-16,0.75,0,0,0,0.25,1,S0|cap=0.2|band=0.01
2018-10-17,0.75,0,0,0,0.25,1,S0|cap=0.2|band=0.01
2018-10-19,0.75,0,0,0,0.25,1,S0|cap=0.2|band=0.01
2018-10-22,0.75,0,0,0,0.25,1,S0|cap=0.2|band=0.01
2018-10-23,0.75,0,0,0,0.25,1,S0|cap=0.2|band=0.01
2018-10-24,0.75,0,0,0,0.25,1,S0|cap=0.2|band=0.01
2018-10-25,0.75,0,0,0,0.25,1,S0|cap=0.2|band=0.01
2018-10-26,0.7230723852,0,0,0,0.2769276148,0.9640965136,S0|cap=0.2|band=0.01
2018-10-29,0.7230723852,0,0,0,0.2769276148,0.9640965136,S0|cap=0.2|band=0.01
2018-10-30,0.7230723852,0,0,0,0.2769276148,0.9640965136,S0|cap=0.2|band=0.01
2018-10-31,0.7230723852,0,0,0,0.2769276148,0.9640965136,S0|cap=0.2|band=0.01
2018-11-01,0.7230723852,0,0,0,0.2769276148,0.9640965136,S0|cap=0.2|band=0.01
2018-11-02,0.7230723852,0,0,0,0.2769276148,0.9640965136,S0|cap=0.2|band=0.01
2018-11-05,0.7230723852,0,0,0,0.2769276148,0.9640965136,S0|cap=0.2|band=0.01
2018-11-06,0.7230723852,0,0,0,0.2769276148,0.9640965136,S0|cap=0.2|band=0.01
2018-11-07,0.7230723852,0,0,0,0.2769276148,0.9640965136,S0|cap=0.2|band=0.01
2018-11-09,0.7230723852,0,0,0,0.2769276148,0.9640965136,S0|cap=0.2|band=0.01
2018-11-12,0.7230723852,0,0,0,0.2769276148,0.9640965136,S0|cap=0.2|band=0.01
2018-11-13,0.7230723852,0,0,0,0.2769276148,0.9640965136,S0|cap=0.2|band=0.01
2018-11-14,0.7230723852,0,0,0,0.2769276148,0.9640965136,S0|cap=0.2|band=0.01
2018-11-15,0.7230723852,0,0,0,0.2769276148,0.9640965136,S0|cap=0.2|band=0.01
2018-11-16,0.7230723852,0,0,0,0.2769276148,0.9640965136,S0|cap=0.2|band=0.01
2018-11-19,0.7230723852,0,0,0,0.2769276148,0.9640965136,S0|cap=0.2|band=0.01
2018-11-20,0.7230723852,0,0,0,0.2769276148,0.9640965136,S0|cap=0.2|band=0.01
2018-11-21,0.7230723852,0,0,0,0.2769276148,0.9640965136,S0|cap=0.2|band=0.01
2018-11-22,0.7230723852,0,0,0,0.2769276148,0.9640965136,S0|cap=0.2|band=0.01
2018-11-26,0.7230723852,0,0,0,0.2769276148,0.9640965136,S0|cap=0.2|band=0.01
2018-11-27,0.7230723852,0,0,0,0.2769276148,0.9640965136,S0|cap=0.2|band=0.01
2018-11-28,0.7230723852,0,0,0,0.2769276148,0.9640965136,S0|cap=0.2|band=0.01
2018-11-29,0.7230723852,0,0,0,0.2769276148,0.9640965136,S0|cap=0.2|band=0.01
2018-11-30,0.7230723852,0,0,0,0.2769276148,0.9640965136,S0|cap=0.2|band=0.01
2018-12-03,0.7230723852,0,0,0,0.2769276148,0.9640965136,S0|cap=0.2|band=0.01
2018-12-04,0.7230723852,0,0,0,0.2769276148,0.9640965136,S0|cap=0.2|band=0.01
2018-12-05,0.7230723852,0,0,0,0.2769276148,0.9640965136,S0|cap=0.2|band=0.01
2018-12-06,0.7230723852,0,0,0,0.2769276148,0.9640965136,S0|cap=0.2|band=0.01
2018-12-07,0.7230723852,0,0,0,0.2769276148,0.9640965136,S0|cap=0.2|band=0.01
2018-12-10,0.7230723852,0,0,0,0.2769276148,0.9640965136,S0|cap=0.2|band=0.01
2018-12-11,0.7230723852,0,0,0,0.2769276148,0.9640965136,S0|cap=0.2|band=0.01
2018-12-12,0.7230723852,0,0,0,0.2769276148,0.9640965136,S0|cap=0.2|band=0.01
2018-12-13,0.7230723852,0,0,0,0.2769276148,0.9640965136,S0|cap=0.2|band=0.01
2018-12-14,0.7230723852,0,0,0,0.2769276148,0.9640965136,S0|cap=0.2|band=0.01
2018-12-17,0.7230723852,0,0,0,0.2769276148,0.9640965136,S0|cap=0.2|band=0.01
2018-12-18,0.7230723852,0,0,0,0.2769276148,0.9640965136,S0|cap=0.2|band=0.01
2018-12-19,0.7230723852,0,0,0,0.2769276148,0.9640965136,S0|cap=0.2|band=0.01
2018-12-20,0.7230723852,0,0,0,0.2769276148,0.9640965136,S0|cap=0.2|band=0.01
2018-12-21,0.7230723852,0,0,0,0.2769276148,0.9640965136,S0|cap=0.2|band=0.01
2018-12-24,0.7230723852,0,0,0,0.2769276148,0.9640965136,S0|cap=0.2|band=0.01
2018-12-26,0.7230723852,0,0,0,0.2769276148,0.9640965136,S0|cap=0.2|band=0.01
2018-12-27,0.7230723852,0,0,0,0.2769276148,0.9640965136,S0|cap=0.2|band=0.01
2018-12-28,0.7230723852,0,0,0,0.2769276148,0.9640965136,S0|cap=0.2|band=0.01
2018-12-31,0.7230723852,0,0,0,0.2769276148,0.9640965136,S0|cap=0.2|band=0.01
2019-01-01,0.7230723852,0,0,0,0.2769276148,0.9640965136,S0|cap=0.2|band=0.01
2019-01-02,0.7230723852,0,0,0,0.2769276148,0.9640965136,S0|cap=0.2|band=0.01
2019-01-03,0.7230723852,0,0,0,0.2769276148,0.9640965136,S0|cap=0.2|band=0.01
2019-01-04,0.7230723852,0,0,0,0.2769276148,0.9640965136,S0|cap=0.2|band=0.01
2019-01-07,0.7230723852,0,0,0,0.2769276148,0.9640965136,S0|cap=0.2|band=0.01
2019-01-08,0.7230723852,0,0,0,0.2769276148,0.9640965136,S0|cap=0.2|band=0.01
2019-01-09,0.7230723852,0,0,0,0.2769276148,0.9640965136,S0|cap=0.2|band=0.01
2019-01-10,0.7230723852,0,0,0,0.2769276148,0.9640965136,S0|cap=0.2|band=0.01
2019-01-11,0.7230723852,0,0,0,0.2769276148,0.9640965136,S0|cap=0.2|band=0.01
2019-01-14,0.7230723852,0,0,0,0.2769276148,0.9640965136,S0|cap=0.2|band=0.01
2019-01-15,0.7230723852,0,0,0,0.2769276148,0.9640965136,S0|cap=0.2|band=0.01
2019-01-16,0.7230723852,0,0,0,0.2769276148,0.9640965136,S0|cap=0.2|band=0.01
2019-01-17,0.7230723852,0,0,0,0.2769276148,0.9640965136,S0|cap=0.2|band=0.01
2019-01-18,0.7230723852,0,0,0,0.2769276148,0.9640965136,S0|cap=0.2|band=0.01
2019-01-21,0.7230723852,0,0,0,0.2769276148,0.9640965136,S0|cap=0.2|band=0.01
2019-01-22,0.7230723852,0,0,0,0.2769276148,0.9640965136,S0|cap=0.2|band=0.01
2019-01-23,0.75,0,0,0,0.25,1,S0|cap=0.2|band=0.01
2019-01-24,0.75,0,0,0,0.25,1,S0|cap=0.2|band=0.01
2019-01-25,0.75,0,0,0,0.25,1,S0|cap=0.2|band=0.01
2019-01-28,0.75,0,0,0,0.25,1,S0|cap=0.2|band=0.01
2019-01-29,0.75,0,0,0,0.25,1,S0|cap=0.2|band=0.01
2019-01-30,0.75,0,0,0,0.25,1,S0|cap=0.2|band=0.01
2019-01-31,0.75,0,0,0,0.25,1,S0|cap=0.2|band=0.01
2019-02-01,0.75,0,0,0,0.25,1,S0|cap=0.2|band=0.01
2019-02-04,0.75,0,0,0,0.25,1,S0|cap=0.2|band=0.01
2019-02-05,0.75,0,0,0,0.25,1,S0|cap=0.2|band=0.01
2019-02-06,0.75,0,0,0,0.25,1,S0|cap=0.2|band=0.01
2019-02-07,0.75,0,0,0,0.25,1,S0|cap=0.2|band=0.01
2019-02-08,0.75,0,0,0,0.25,1,S0|cap=0.2|band=0.01
2019-02-11,0.75,0,0,0,0.25,1,S0|cap=0.2|band=0.01
2019-02-12,0.75,0,0,0,0.25,1,S0|cap=0.2|band=0.01
2019-02-13,0.75,0,0,0,0.25,1,S0|cap=0.2|band=0.01
2019-02-14,0.75,0,0,0,0.25,1,S0|cap=0.2|band=0.01
2019-02-15,0.75,0,0,0,0.25,1,S0|cap=0.2|band=0.01
2019-02-18,0.75,0,0,0,0.25,1,S0|cap=0.2|band=0.01
2019-02-19,0.75,0,0,0,0.25,1,S0|cap=0.2|band=0.01
2019-02-20,0.75,0,0,0,0.25,1,S0|cap=0.2|band=0.01
2019-02-21,0.75,0,0,0,0.25,1,S0|cap=0.2|band=0.01
2019-02-22,0.75,0,0,0,0.25,1,S0|cap=0.2|band=0.01
2019-02-25,0.75,0,0,0,0.25,1,S0|cap=0.2|band=0.01
2019-02-26,0.75,0,0,0,0.25,1,S0|cap=0.2|band=0.01
2019-02-27,0.75,0,0,0,0.25,1,S0|cap=0.2|band=0.01
2019-02-28,0.75,0,0,0,0.25,1,S0|cap=0.2|band=0.01
2019-03-01,0.75,0,0,0,0.25,1,S0|cap=0.2|band=0.01
2019-03-05,0.75,0,0,0,0.25,1,S0|cap=0.2|band=0.01
2019-03-06,0.75,0,0,0,0.25,1,S0|cap=0.2|band=0.01
2019-03-07,0.75,0,0,0,0.25,1,S0|cap=0.2|band=0.01
2019-03-08,0.75,0,0,0,0.25,1,S0|cap=0.2|band=0.01
2019-03-11,0.75,0,0,0,0.25,1,S0|cap=0.2|band=0.01
2019-03-12,0.75,0,0,0,0.25,1,S0|cap=0.2|band=0.01
2019-03-13,0.75,0,0,0,0.25,1,S0|cap=0.2|band=0.01
2019-03-14,0.75,0,0,0,0.25,1,S0|cap=0.2|band=0.01
2019-03-15,0.75,0,0,0,0.25,1,S0|cap=0.2|band=0.01
2019-03-18,0.75,0,0,0,0.25,1,S0|cap=0.2|band=0.01
2019-03-19,0.75,0,0,0,0.25,1,S0|cap=0.2|band=0.01
2019-03-20,0.75,0,0,0,0.25,1,S0|cap=0.2|band=0.01
2019-03-22,0.75,0,0,0,0.25,1,S0|cap=0.2|band=0.01
2019-03-25,0.75,0,0,0,0.25,1,S0|cap=0.2|band=0.01
2019-03-26,0.75,0,0,0,0.25,1,S0|cap=0.2|band=0.01
2019-03-27,0.75,0,0,0,0.25,1,S0|cap=0.2|band=0.01
2019-03-28,0.75,0,0,0,0.25,1,S0|cap=0.2|band=0.01
2019-03-29,0.75,0,0,0,0.25,1,S0|cap=0.2|band=0.01
2019-04-01,0.75,0,0,0,0.25,1,S0|cap=0.2|band=0.01
2019-04-02,0.75,0,0,0,0.25,1,S0|cap=0.2|band=0.01
2019-04-03,0.75,0,0,0,0.25,1,S0|cap=0.2|band=0.01
2019-04-04,0.75,0,0,0,0.25,1,S0|cap=0.2|band=0.01
2019-04-05,0.75,0,0,0,0.25,1,S0|cap=0.2|band=0.01
2019-04-08,0.75,0,0,0,0.25,1,S0|cap=0.2|band=0.01
2019-04-09,0.75,0,0,0,0.25,1,S0|cap=0.2|band=0.01
2019-04-10,0.75,0,0,0,0.25,1,S0|cap=0.2|band=0.01
2019-04-11,0.75,0,0,0,0.25,1,S0|cap=0.2|band=0.01
2019-04-12,0.75,0,0,0,0.25,1,S0|cap=0.2|band=0.01
2019-04-15,0.75,0,0,0,0.25,1,S0|cap=0.2|band=0.01
2019-04-16,0.75,0,0,0,0.25,1,S0|cap=0.2|band=0.01
2019-04-18,0.75,0,0,0,0.25,1,S0|cap=0.2|band=0.01
2019-04-22,0.75,0,0,0,0.25,1,S0|cap=0.2|band=0.01
2019-04-23,0.75,0,0,0,0.25,1,S0|cap=0.2|band=0.01
2019-04-24,0.75,0,0,0,0.25,1,S0|cap=0.2|band=0.01
2019-04-25,0.75,0,0,0,0.25,1,S0|cap=0.2|band=0.01
2019-04-26,0.75,0,0,0,0.25,1,S0|cap=0.2|band=0.01
2019-04-30,0.75,0,0,0,0.25,1,S0|cap=0.2|band=0.01
2019-05-02,0.75,0,0,0,0.25,1,S0|cap=0.2|band=0.01
2019-05-03,0.75,0,0,0,0.25,1,S0|cap=0.2|band=0.01
2019-05-06,0.75,0,0,0,0.25,1,S0|cap=0.2|band=0.01
2019-05-07,0.75,0,0,0,0.25,1,S0|cap=0.2|band=0.01
2019-05-08,0.75,0,0,0,0.25,1,S0|cap=0.2|band=0.01
2019-05-09,0.75,0,0,0,0.25,1,S0|cap=0.2|band=0.01
2019-05-10,0.75,0,0,0,0.25,1,S0|cap=0.2|band=0.01
2019-05-13,0.75,0,0,0,0.25,1,S0|cap=0.2|band=0.01
2019-05-14,0.75,0,0,0,0.25,1,S0|cap=0.2|band=0.01
2019-05-15,0.75,0,0,0,0.25,1,S0|cap=0.2|band=0.01
2019-05-16,0.75,0,0,0,0.25,1,S0|cap=0.2|band=0.01
2019-05-17,0.75,0,0,0,0.25,1,S0|cap=0.2|band=0.01
2019-05-20,0.75,0,0,0,0.25,1,S0|cap=0.2|band=0.01
2019-05-21,0.75,0,0,0,0.25,1,S0|cap=0.2|band=0.01
2019-05-22,0.75,0,0,0,0.25,1,S0|cap=0.2|band=0.01
2019-05-23,0.75,0,0,0,0.25,1,S0|cap=0.2|band=0.01
2019-05-24,0.75,0,0,0,0.25,1,S0|cap=0.2|band=0.01
2019-05-27,0.75,0,0,0,0.25,1,S0|cap=0.2|band=0.01
2019-05-28,0.75,0,0,0,0.25,1,S0|cap=0.2|band=0.01
2019-05-29,0.75,0,0,0,0.25,1,S0|cap=0.2|band=0.01
2019-05-30,0.75,0,0,0,0.25,1,S0|cap=0.2|band=0.01
2019-05-31,0.75,0,0,0,0.25,1,S0|cap=0.2|band=0.01
2019-06-03,0.75,0,0,0,0.25,1,S0|cap=0.2|band=0.01
2019-06-04,0.75,0,0,0,0.25,1,S0|cap=0.2|band=0.01
2019-06-06,0.75,0,0,0,0.25,1,S0|cap=0.2|band=0.01
2019-06-07,0.75,0,0,0,0.25,1,S0|cap=0.2|band=0.01
2019-06-10,0.75,0,0,0,0.25,1,S0|cap=0.2|band=0.01
2019-06-11,0.75,0,0,0,0.25,1,S0|cap=0.2|band=0.01
2019-06-12,0.75,0,0,0,0.25,1,S0|cap=0.2|band=0.01
2019-06-13,0.75,0,0,0,0.25,1,S0|cap=0.2|band=0.01
2019-06-14,0.75,0,0,0,0.25,1,S0|cap=0.2|band=0.01
2019-06-17,0.75,0,0,0,0.25,1,S0|cap=0.2|band=0.01
2019-06-18,0.75,0,0,0,0.25,1,S0|cap=0.2|band=0.01
2019-06-19,0.75,0,0,0,0.25,1,S0|cap=0.2|band=0.01
2019-06-20,0.75,0,0,0,0.25,1,S0|cap=0.2|band=0.01
2019-06-21,0.75,0,0,0,0.25,1,S0|cap=0.2|band=0.01
2019-06-24,0.75,0,0,0,0.25,1,S0|cap=0.2|band=0.01
2019-06-25,0.75,0,0,0,0.25,1,S0|cap=0.2|band=0.01
2019-06-26,0.75,0,0,0,0.25,1,S0|cap=0.2|band=0.01
2019-06-27,0.75,0,0,0,0.25,1,S0|cap=0.2|band=0.01
2019-06-28,0.75,0,0,0,0.25,1,S0|cap=0.2|band=0.01
2019-07-01,0.75,0,0,0,0.25,1,S0|cap=0.2|band=0.01
2019-07-02,0.75,0,0,0,0.25,1,S0|cap=0.2|band=0.01
2019-07-03,0.75,0,0,0,0.25,1,S0|cap=0.2|band=0.01
2019-07-04,0.75,0,0,0,0.25,1,S0|cap=0.2|band=0.01
2019-07-05,0.75,0,0,0,0.25,1,S0|cap=0.2|band=0.01
2019-07-08,0.75,0,0,0,0.25,1,S0|cap=0.2|band=0.01
2019-07-09,0.75,0,0,0,0.25,1,S0|cap=0.2|band=0.01
2019-07-10,0.75,0,0,0,0.25,1,S0|cap=0.2|band=0.01
2019-07-11,0.75,0,0,0,0.25,1,S0|cap=0.2|band=0.01
2019-07-12,0.75,0,0,0,0.25,1,S0|cap=0.2|band=0.01
2019-07-15,0.75,0,0,0,0.25,1,S0|cap=0.2|band=0.01
2019-07-16,0.75,0,0,0,0.25,1,S0|cap=0.2|band=0.01
2019-07-17,0.75,0,0,0,0.25,1,S0|cap=0.2|band=0.01
2019-07-18,0.75,0,0,0,0.25,1,S0|cap=0.2|band=0.01
2019-07-19,0.75,0,0,0,0.25,1,S0|cap=0.2|band=0.01
2019-07-22,0.75,0,0,0,0.25,1,S0|cap=0.2|band=0.01
2019-07-23,0.75,0,0,0,0.25,1,S0|cap=0.2|band=0.01
2019-07-24,0.75,0,0,0,0.25,1,S0|cap=0.2|band=0.01
2019-07-25,0.75,0,0,0,0.25,1,S0|cap=0.2|band=0.01
2019-07-26,0.75,0,0,0,0.25,1,S0|cap=0.2|band=0.01
2019-07-29,0.75,0,0,0,0.25,1,S0|cap=0.2|band=0.01
2019-07-30,0.75,0,0,0,0.25,1,S0|cap=0.2|band=0.01
2019-07-31,0.75,0,0,0,0.25,1,S0|cap=0.2|band=0.01
2019-08-01,0.75,0,0,0,0.25,1,S0|cap=0.2|band=0.01
2019-08-02,0.75,0,0,0,0.25,1,S0|cap=0.2|band=0.01
2019-08-05,0.75,0,0,0,0.25,1,S0|cap=0.2|band=0.01
2019-08-06,0.75,0,0,0,0.25,1,S0|cap=0.2|band=0.01
2019-08-07,0.75,0,0,0,0.25,1,S0|cap=0.2|band=0.01
2019-08-08,0.75,0,0,0,0.25,1,S0|cap=0.2|band=0.01
2019-08-09,0.75,0,0,0,0.25,1,S0|cap=0.2|band=0.01
2019-08-13,0.75,0,0,0,0.25,1,S0|cap=0.2|band=0.01
2019-08-14,0.75,0,0,0,0.25,1,S0|cap=0.2|band=0.01
2019-08-16,0.75,0,0,0,0.25,1,S0|cap=0.2|band=0.01
2019-08-19,0.75,0,0,0,0.25,1,S0|cap=0.2|band=0.01
2019-08-20,0.75,0,0,0,0.25,1,S0|cap=0.2|band=0.01
2019-08-21,0.75,0,0,0,0.25,1,S0|cap=0.2|band=0.01
2019-08-22,0.75,0,0,0,0.25,1,S0|cap=0.2|band=0.01
2019-08-23,0.75,0,0,0,0.25,1,S0|cap=0.2|band=0.01
2019-08-26,0.75,0,0,0,0.25,1,S0|cap=0.2|band=0.01
2019-08-27,0.75,0,0,0,0.25,1,S0|cap=0.2|band=0.01
2019-08-28,0.75,0,0,0,0.25,1,S0|cap=0.2|band=0.01
2019-08-29,0.75,0,0,0,0.25,1,S0|cap=0.2|band=0.01
2019-08-30,0.75,0,0,0,0.25,1,S0|cap=0.2|band=0.01
2019-09-03,0.75,0,0,0,0.25,1,S0|cap=0.2|band=0.01
2019-09-04,0.75,0,0,0,0.25,1,S0|cap=0.2|band=0.01
2019-09-05,0.75,0,0,0,0.25,1,S0|cap=0.2|band=0.01
2019-09-06,0.75,0,0,0,0.25,1,S0|cap=0.2|band=0.01
2019-09-09,0.75,0,0,0,0.25,1,S0|cap=0.2|band=0.01
2019-09-11,0.75,0,0,0,0.25,1,S0|cap=0.2|band=0.01
2019-09-12,0.75,0,0,0,0.25,1,S0|cap=0.2|band=0.01
2019-09-13,0.75,0,0,0,0.25,1,S0|cap=0.2|band=0.01
2019-09-16,0.75,0,0,0,0.25,1,S0|cap=0.2|band=0.01
2019-09-17,0.75,0,0,0,0.25,1,S0|cap=0.2|band=0.01
2019-09-18,0.75,0,0,0,0.25,1,S0|cap=0.2|band=0.01
2019-09-19,0.75,0,0,0,0.25,1,S0|cap=0.2|band=0.01
2019-09-20,0.75,0,0,0,0.25,1,S0|cap=0.2|band=0.01
2019-09-23,0.75,0,0,0,0.25,1,S0|cap=0.2|band=0.01
2019-09-24,0.75,0,0,0,0.25,1,S0|cap=0.2|band=0.01
2019-09-25,0.75,0,0,0,0.25,1,S0|cap=0.2|band=0.01
2019-09-26,0.75,0,0,0,0.25,1,S0|cap=0.2|band=0.01
2019-09-27,0.75,0,0,0,0.25,1,S0|cap=0.2|band=0.01
2019-09-30,0.75,0,0,0,0.25,1,S0|cap=0.2|band=0.01
2019-10-01,0.75,0,0,0,0.25,1,S0|cap=0.2|band=0.01
2019-10-03,0.75,0,0,0,0.25,1,S0|cap=0.2|band=0.01
2019-10-04,0.75,0,0,0,0.25,1,S0|cap=0.2|band=0.01
2019-10-07,0.75,0,0,0,0.25,1,S0|cap=0.2|band=0.01
2019-10-09,0.75,0,0,0,0.25,1,S0|cap=0.2|band=0.01
2019-10-10,0.75,0,0,0,0.25,1,S0|cap=0.2|band=0.01
2019-10-11,0.75,0,0,0,0.25,1,S0|cap=0.2|band=0.01
2019-10-14,0.75,0,0,0,0.25,1,S0|cap=0.2|band=0.01
2019-10-15,0.75,0,0,0,0.25,1,S0|cap=0.2|band=0.01
2019-10-16,0.75,0,0,0,0.25,1,S0|cap=0.2|band=0.01
2019-10-17,0.75,0,0,0,0.25,1,S0|cap=0.2|band=0.01
2019-10-18,0.75,0,0,0,0.25,1,S0|cap=0.2|band=0.01
2019-10-22,0.75,0,0,0,0.25,1,S0|cap=0.2|band=0.01
2019-10-23,0.75,0,0,0,0.25,1,S0|cap=0.2|band=0.01
2019-10-24,0.75,0,0,0,0.25,1,S0|cap=0.2|band=0.01
2019-10-25,0.75,0,0,0,0.25,1,S0|cap=0.2|band=0.01
2019-10-27,0.75,0,0,0,0.25,1,S0|cap=0.2|band=0.01
2019-10-29,0.75,0,0,0,0.25,1,S0|cap=0.2|band=0.01
2019-10-30,0.75,0,0,0,0.25,1,S0|cap=0.2|band=0.01
2019-10-31,0.75,0,0,0,0.25,1,S0|cap=0.2|band=0.01
2019-11-01,0.75,0,0,0,0.25,1,S0|cap=0.2|band=0.01
2019-11-04,0.75,0,0,0,0.25,1,S0|cap=0.2|band=0.01
2019-11-05,0.75,0,0,0,0.25,1,S0|cap=0.2|band=0.01
2019-11-06,0.75,0,0,0,0.25,1,S0|cap=0.2|band=0.01
2019-11-07,0.75,0,0,0,0.25,1,S0|cap=0.2|band=0.01
2019-11-08,0.75,0,0,0,0.25,1,S0|cap=0.2|band=0.01
2019-11-11,0.75,0,0,0,0.25,1,S0|cap=0.2|band=0.01
2019-11-13,0.75,0,0,0,0.25,1,S0|cap=0.2|band=0.01
2019-11-14,0.75,0,0,0,0.25,1,S0|cap=0.2|band=0.01
2019-11-15,0.75,0,0,0,0.25,1,S0|cap=0.2|band=0.01
2019-11-18,0.75,0,0,0,0.25,1,S0|cap=0.2|band=0.01
2019-11-19,0.75,0,0,0,0.25,1,S0|cap=0.2|band=0.01
2019-11-20,0.75,0,0,0,0.25,1,S0|cap=0.2|band=0.01
2019-11-21,0.75,0,0,0,0.25,1,S0|cap=0.2|band=0.01
2019-11-22,0.75,0,0,0,0.25,1,S0|cap=0.2|band=0.01
2019-11-25,0.75,0,0,0,0.25,1,S0|cap=0.2|band=0.01
2019-11-26,0.75,0,0,0,0.25,1,S0|cap=0.2|band=0.01
2019-11-27,0.75,0,0,0,0.25,1,S0|cap=0.2|band=0.01
2019-11-28,0.75,0,0,0,0.25,1,S0|cap=0.2|band=0.01
2019-11-29,0.75,0,0,0,0.25,1,S0|cap=0.2|band=0.01
2019-12-02,0.75,0,0,0,0.25,1,S0|cap=0.2|band=0.01
2019-12-03,0.75,0,0,0,0.25,1,S0|cap=0.2|band=0.01
2019-12-04,0.75,0,0,0,0.25,1,S0|cap=0.2|band=0.01
2019-12-05,0.75,0,0,0,0.25,1,S0|cap=0.2|band=0.01
2019-12-06,0.75,0,0,0,0.25,1,S0|cap=0.2|band=0.01
2019-12-09,0.75,0,0,0,0.25,1,S0|cap=0.2|band=0.01
2019-12-10,0.75,0,0,0,0.25,1,S0|cap=0.2|band=0.01
2019-12-11,0.75,0,0,0,0.25,1,S0|cap=0.2|band=0.01
2019-12-12,0.75,0,0,0,0.25,1,S0|cap=0.2|band=0.01
2019-12-13,0.75,0,0,0,0.25,1,S0|cap=0.2|band=0.01
2019-12-16,0.75,0,0,0,0.25,1,S0|cap=0.2|band=0.01
2019-12-17,0.75,0,0,0,0.25,1,S0|cap=0.2|band=0.01
2019-12-18,0.75,0,0,0,0.25,1,S0|cap=0.2|band=0.01
2019-12-19,0.75,0,0,0,0.25,1,S0|cap=0.2|band=0.01
2019-12-20,0.75,0,0,0,0.25,1,S0|cap=0.2|band=0.01
2019-12-23,0.75,0,0,0,0.25,1,S0|cap=0.2|band=0.01
2019-12-24,0.75,0,0,0,0.25,1,S0|cap=0.2|band=0.01
2019-12-26,0.75,0,0,0,0.25,1,S0|cap=0.2|band=0.01
2019-12-27,0.75,0,0,0,0.25,1,S0|cap=0.2|band=0.01
2019-12-30,0.75,0,0,0,0.25,1,S0|cap=0.2|band=0.01
2019-12-31,0.75,0,0,0,0.25,1,S0|cap=0.2|band=0.01
2020-01-01,0.75,0,0,0,0.25,1,S0|cap=0.2|band=0.01
2020-01-02,0.75,0,0,0,0.25,1,S0|cap=0.2|band=0.01
2020-01-03,0.75,0,0,0,0.25,1,S0|cap=0.2|band=0.01
2020-01-06,0.75,0,0,0,0.25,1,S0|cap=0.2|band=0.01
2020-01-07,0.75,0,0,0,0.25,1,S0|cap=0.2|band=0.01
2020-01-08,0.75,0,0,0,0.25,1,S0|cap=0.2|band=0.01
2020-01-09,0.75,0,0,0,0.25,1,S0|cap=0.2|band=0.01
2020-01-10,0.75,0,0,0,0.25,1,S0|cap=0.2|band=0.01
2020-01-13,0.75,0,0,0,0.25,1,S0|cap=0.2|band=0.01
2020-01-14,0.75,0,0,0,0.25,1,S0|cap=0.2|band=0.01
2020-01-15,0.75,0,0,0,0.25,1,S0|cap=0.2|band=0.01
2020-01-16,0.75,0,0,0,0.25,1,S0|cap=0.2|band=0.01
2020-01-17,0.75,0,0,0,0.25,1,S0|cap=0.2|band=0.01
2020-01-20,0.75,0,0,0,0.25,1,S0|cap=0.2|band=0.01
2020-01-21,0.75,0,0,0,0.25,1,S0|cap=0.2|band=0.01
2020-01-22,0.75,0,0,0,0.25,1,S0|cap=0.2|band=0.01
2020-01-23,0.75,0,0,0,0.25,1,S0|cap=0.2|band=0.01
2020-01-24,0.75,0,0,0,0.25,1,S0|cap=0.2|band=0.01
2020-01-27,0.75,0,0,0,0.25,1,S0|cap=0.2|band=0.01
2020-01-28,0.75,0,0,0,0.25,1,S0|cap=0.2|band=0.01
2020-01-29,0.75,0,0,0,0.25,1,S0|cap=0.2|band=0.01
2020-01-30,0.75,0,0,0,0.25,1,S0|cap=0.2|band=0.01
2020-01-31,0.75,0,0,0,0.25,1,S0|cap=0.2|band=0.01
2020-02-01,0.75,0,0,0,0.25,1,S0|cap=0.2|band=0.01
2020-02-03,0.75,0,0,0,0.25,1,S0|cap=0.2|band=0.01
2020-02-04,0.75,0,0,0,0.25,1,S0|cap=0.2|band=0.01
2020-02-05,0.75,0,0,0,0.25,1,S0|cap=0.2|band=0.01
2020-02-06,0.75,0,0,0,0.25,1,S0|cap=0.2|band=0.01
2020-02-07,0.75,0,0,0,0.25,1,S0|cap=0.2|band=0.01
2020-02-10,0.75,0,0,0,0.25,1,S0|cap=0.2|band=0.01
2020-02-11,0.75,0,0,0,0.25,1,S0|cap=0.2|band=0.01
2020-02-12,0.75,0,0,0,0.25,1,S0|cap=0.2|band=0.01
2020-02-13,0.75,0,0,0,0.25,1,S0|cap=0.2|band=0.01
2020-02-14,0.75,0,0,0,0.25,1,S0|cap=0.2|band=0.01
2020-02-17,0.75,0,0,0,0.25,1,S0|cap=0.2|band=0.01
2020-02-18,0.75,0,0,0,0.25,1,S0|cap=0.2|band=0.01
2020-02-19,0.75,0,0,0,0.25,1,S0|cap=0.2|band=0.01
2020-02-20,0.75,0,0,0,0.25,1,S0|cap=0.2|band=0.01
2020-02-24,0.75,0,0,0,0.25,1,S0|cap=0.2|band=0.01
2020-02-25,0.75,0,0,0,0.25,1,S0|cap=0.2|band=0.01
2020-02-26,0.75,0,0,0,0.25,1,S0|cap=0.2|band=0.01
2020-02-27,0.75,0,0,0,0.25,1,S0|cap=0.2|band=0.01
2020-02-28,0.75,0,0,0,0.25,1,S0|cap=0.2|band=0.01
2020-03-02,0.75,0,0,0,0.25,1,S0|cap=0.2|band=0.01
2020-03-03,0.75,0,0,0,0.25,1,S0|cap=0.2|band=0.01
2020-03-04,0.75,0,0,0,0.25,1,S0|cap=0.2|band=0.01
2020-03-05,0.75,0,0,0,0.25,1,S0|cap=0.2|band=0.01
2020-03-06,0.75,0,0,0,0.25,1,S0|cap=0.2|band=0.01
2020-03-09,0.6545913015,0,0,0,0.3454086985,0.8727884021,S0|cap=0.2|band=0.01
2020-03-11,0.6376496773,0,0,0,0.3623503227,0.8501995698,S0|cap=0.2|band=0.01
2020-03-12,0.2357871066,0,0,0,0.7642128934,0.3143828088,S0|cap=0.2|band=0.01
2020-03-13,0.2357871066,0,0,0,0.7642128934,0.3143828088,S0|cap=0.2|band=0.01
2020-03-16,0.2357871066,0,0,0,0.7642128934,0.3143828088,S0|cap=0.2|band=0.01
2020-03-17,0.1947614162,0,0,0,0.8052385838,0.2596818883,S0|cap=0.2|band=0.01
2020-03-18,0.1274832549,0,0,0,0.8725167451,0.1821189356,S0|cap=0.2|band=0.01
2020-03-19,0.01817733697,0,0,0,0.981822663,0.03304970358,S0|cap=0.2|band=0.01
2020-03-20,0.01817733697,0,0,0,0.981822663,0.03304970358,S0|cap=0.2|band=0.01
2020-03-23,0.01652485179,0,0,0,0.9834751482,0.03304970358,S0|cap=0.2|band=0.01
2020-03-24,0.01560799667,0,0,0,0.9843920033,0.03121599334,S0|cap=0.2|band=0.01
2020-03-25,0.01560799667,0,0,0,0.9843920033,0.03121599334,S0|cap=0.2|band=0.01
2020-03-26,0.01560799667,0,0,0,0.9843920033,0.03121599334,S0|cap=0.2|band=0.01
2020-03-27,0.01560799667,0,0,0,0.9843920033,0.03121599334,S0|cap=0.2|band=0.01
2020-03-30,0.01560799667,0,0,0,0.9843920033,0.03121599334,S0|cap=0.2|band=0.01
2020-03-31,0.01560799667,0,0,0,0.9843920033,0.03121599334,S0|cap=0.2|band=0.01
2020-04-01,0.01560799667,0,0,0,0.9843920033,0.03121599334,S0|cap=0.2|band=0.01
2020-04-03,0.01560799667,0,0,0,0.9843920033,0.03121599334,S0|cap=0.2|band=0.01
2020-04-07,0.01560799667,0,0,0,0.9843920033,0.03121599334,S0|cap=0.2|band=0.01
2020-04-08,0.01560799667,0,0,0,0.9843920033,0.03121599334,S0|cap=0.2|band=0.01
2020-04-09,0.01560799667,0,0,0,0.9843920033,0.03121599334,S0|cap=0.2|band=0.01
2020-04-13,0.01560799667,0,0,0,0.9843920033,0.03121599334,S0|cap=0.2|band=0.01
2020-04-15,0.01560799667,0,0,0,0.9843920033,0.03121599334,S0|cap=0.2|band=0.01
2020-04-16,0.01560799667,0,0,0,0.9843920033,0.03121599334,S0|cap=0.2|band=0.01
2020-04-17,0.01560799667,0,0,0,0.9843920033,0.03121599334,S0|cap=0.2|band=0.01
2020-04-20,0.01560799667,0,0,0,0.9843920033,0.03121599334,S0|cap=0.2|band=0.01
2020-04-21,0.01560799667,0,0,0,0.9843920033,0.03121599334,S0|cap=0.2|band=0.01
2020-04-22,0.01560799667,0,0,0,0.9843920033,0.03121599334,S0|cap=0.2|band=0.01
2020-04-23,0.01560799667,0,0,0,0.9843920033,0.03121599334,S0|cap=0.2|band=0.01
2020-04-24,0.01560799667,0,0,0,0.9843920033,0.03121599334,S0|cap=0.2|band=0.01
2020-04-27,0.01560799667,0,0,0,0.9843920033,0.03121599334,S0|cap=0.2|band=0.01
2020-04-28,0.01560799667,0,0,0,0.9843920033,0.03121599334,S0|cap=0.2|band=0.01
2020-04-29,0.01560799667,0,0,0,0.9843920033,0.03121599334,S0|cap=0.2|band=0.01
2020-04-30,0.01560799667,0,0,0,0.9843920033,0.03121599334,S0|cap=0.2|band=0.01
2020-05-04,0.01560799667,0,0,0,0.9843920033,0.03121599334,S0|cap=0.2|band=0.01
2020-05-05,0.01560799667,0,0,0,0.9843920033,0.03121599334,S0|cap=0.2|band=0.01
2020-05-06,0.01560799667,0,0,0,0.9843920033,0.03121599334,S0|cap=0.2|band=0.01
2020-05-07,0.01560799667,0,0,0,0.9843920033,0.03121599334,S0|cap=0.2|band=0.01
2020-05-08,0.01560799667,0,0,0,0.9843920033,0.03121599334,S0|cap=0.2|band=0.01
2020-05-11,0.01560799667,0,0,0,0.9843920033,0.03121599334,S0|cap=0.2|band=0.01
2020-05-12,0.01560799667,0,0,0,0.9843920033,0.03121599334,S0|cap=0.2|band=0.01
2020-05-13,0.01560799667,0,0,0,0.9843920033,0.03121599334,S0|cap=0.2|band=0.01
2020-05-14,0.01560799667,0,0,0,0.9843920033,0.03121599334,S0|cap=0.2|band=0.01
2020-05-15,0.01560799667,0,0,0,0.9843920033,0.03121599334,S0|cap=0.2|band=0.01
2020-05-18,0.01560799667,0,0,0,0.9843920033,0.03121599334,S0|cap=0.2|band=0.01
2020-05-19,0.01560799667,0,0,0,0.9843920033,0.03121599334,S0|cap=0.2|band=0.01
2020-05-20,0.01560799667,0,0,0,0.9843920033,0.03121599334,S0|cap=0.2|band=0.01
2020-05-21,0.01560799667,0,0,0,0.9843920033,0.03121599334,S0|cap=0.2|band=0.01
2020-05-22,0.01560799667,0,0,0,0.9843920033,0.03121599334,S0|cap=0.2|band=0.01
2020-05-26,0.01560799667,0,0,0,0.9843920033,0.03121599334,S0|cap=0.2|band=0.01
2020-05-27,0.01560799667,0,0,0,0.9843920033,0.03121599334,S0|cap=0.2|band=0.01
2020-05-28,0.01560799667,0,0,0,0.9843920033,0.03121599334,S0|cap=0.2|band=0.01
2020-05-29,0.01560799667,0,0,0,0.9843920033,0.03121599334,S0|cap=0.2|band=0.01
2020-06-01,0.01560799667,0,0,0,0.9843920033,0.03121599334,S0|cap=0.2|band=0.01
2020-06-02,0.01560799667,0,0,0,0.9843920033,0.03121599334,S0|cap=0.2|band=0.01
2020-06-03,0.01560799667,0,0,0,0.9843920033,0.03121599334,S0|cap=0.2|band=0.01
2020-06-04,0.01560799667,0,0,0,0.9843920033,0.03121599334,S0|cap=0.2|band=0.01
2020-06-05,0.01560799667,0,0,0,0.9843920033,0.03121599334,S0|cap=0.2|band=0.01
2020-06-08,0.01560799667,0,0,0,0.9843920033,0.03121599334,S0|cap=0.2|band=0.01
2020-06-09,0.01560799667,0,0,0,0.9843920033,0.03121599334,S0|cap=0.2|band=0.01
2020-06-10,0.01560799667,0,0,0,0.9843920033,0.03121599334,S0|cap=0.2|band=0.01
2020-06-11,0.01560799667,0,0,0,0.9843920033,0.03121599334,S0|cap=0.2|band=0.01
2020-06-12,0.01560799667,0,0,0,0.9843920033,0.03121599334,S0|cap=0.2|band=0.01
2020-06-15,0.01560799667,0,0,0,0.9843920033,0.03121599334,S0|cap=0.2|band=0.01
2020-06-16,0.01560799667,0,0,0,0.9843920033,0.03121599334,S0|cap=0.2|band=0.01
2020-06-17,0.01560799667,0,0,0,0.9843920033,0.03121599334,S0|cap=0.2|band=0.01
2020-06-18,0.01560799667,0,0,0,0.9843920033,0.03121599334,S0|cap=0.2|band=0.01
2020-06-19,0.01560799667,0,0,0,0.9843920033,0.03121599334,S0|cap=0.2|band=0.01
2020-06-22,0.01560799667,0,0,0,0.9843920033,0.03121599334,S0|cap=0.2|band=0.01
2020-06-23,0.01560799667,0,0,0,0.9843920033,0.03121599334,S0|cap=0.2|band=0.01
2020-06-24,0.1256993563,0,0,0,0.8743006437,0.2513987127,S0|cap=0.2|band=0.01
2020-06-25,0.1248186077,0,0,0,0.8751813923,0.2496372154,S0|cap=0.2|band=0.01
2020-06-26,0.1248186077,0,0,0,0.8751813923,0.2496372154,S0|cap=0.2|band=0.01
2020-06-29,0.1248186077,0,0,0,0.8751813923,0.2496372154,S0|cap=0.2|band=0.01
2020-06-30,0.1248186077,0,0,0,0.8751813923,0.2496372154,S0|cap=0.2|band=0.01
2020-07-01,0.1248186077,0,0,0,0.8751813923,0.2496372154,S0|cap=0.2|band=0.01
2020-07-02,0.1248186077,0,0,0,0.8751813923,0.2496372154,S0|cap=0.2|band=0.01
2020-07-03,0.1248186077,0,0,0,0.8751813923,0.2496372154,S0|cap=0.2|band=0.01
2020-07-06,0.1248186077,0,0,0,0.8751813923,0.2496372154,S0|cap=0.2|band=0.01
2020-07-07,0.1248186077,0,0,0,0.8751813923,0.2496372154,S0|cap=0.2|band=0.01
2020-07-08,0.1248186077,0,0,0,0.8751813923,0.2496372154,S0|cap=0.2|band=0.01
2020-07-09,0.1248186077,0,0,0,0.8751813923,0.2496372154,S0|cap=0.2|band=0.01
2020-07-10,0.1248186077,0,0,0,0.8751813923,0.2496372154,S0|cap=0.2|band=0.01
2020-07-13,0.1248186077,0,0,0,0.8751813923,0.2496372154,S0|cap=0.2|band=0.01
2020-07-14,0.1248186077,0,0,0,0.8751813923,0.2496372154,S0|cap=0.2|band=0.01
2020-07-15,0.1248186077,0,0,0,0.8751813923,0.2496372154,S0|cap=0.2|band=0.01
2020-07-16,0.1248186077,0,0,0,0.8751813923,0.2496372154,S0|cap=0.2|band=0.01
2020-07-17,0.1248186077,0,0,0,0.8751813923,0.2496372154,S0|cap=0.2|band=0.01
2020-07-20,0.1248186077,0,0,0,0.8751813923,0.2496372154,S0|cap=0.2|band=0.01
2020-07-21,0.1248186077,0,0,0,0.8751813923,0.2496372154,S0|cap=0.2|band=0.01
2020-07-22,0.1248186077,0,0,0,0.8751813923,0.2496372154,S0|cap=0.2|band=0.01
2020-07-23,0.1248186077,0,0,0,0.8751813923,0.2496372154,S0|cap=0.2|band=0.01
2020-07-24,0.1248186077,0,0,0,0.8751813923,0.2496372154,S0|cap=0.2|band=0.01
2020-07-27,0.1248186077,0,0,0,0.8751813923,0.2496372154,S0|cap=0.2|band=0.01
2020-07-28,0.1248186077,0,0,0,0.8751813923,0.2496372154,S0|cap=0.2|band=0.01
2020-07-29,0.1248186077,0,0,0,0.8751813923,0.2496372154,S0|cap=0.2|band=0.01
2020-07-30,0.1248186077,0,0,0,0.8751813923,0.2496372154,S0|cap=0.2|band=0.01
2020-07-31,0.1248186077,0,0,0,0.8751813923,0.2496372154,S0|cap=0.2|band=0.01
2020-08-03,0.1248186077,0,0,0,0.8751813923,0.2496372154,S0|cap=0.2|band=0.01
2020-08-04,0.1248186077,0,0,0,0.8751813923,0.2496372154,S0|cap=0.2|band=0.01
2020-08-05,0.1248186077,0,0,0,0.8751813923,0.2496372154,S0|cap=0.2|band=0.01
2020-08-06,0.1248186077,0,0,0,0.8751813923,0.2496372154,S0|cap=0.2|band=0.01
2020-08-07,0.1248186077,0,0,0,0.8751813923,0.2496372154,S0|cap=0.2|band=0.01
2020-08-10,0.1248186077,0,0,0,0.8751813923,0.2496372154,S0|cap=0.2|band=0.01
2020-08-11,0.1248186077,0,0,0,0.8751813923,0.2496372154,S0|cap=0.2|band=0.01
2020-08-12,0.1248186077,0,0,0,0.8751813923,0.2496372154,S0|cap=0.2|band=0.01
2020-08-13,0.1248186077,0,0,0,0.8751813923,0.2496372154,S0|cap=0.2|band=0.01
2020-08-14,0.1248186077,0,0,0,0.8751813923,0.2496372154,S0|cap=0.2|band=0.01
2020-08-17,0.1248186077,0,0,0,0.8751813923,0.2496372154,S0|cap=0.2|band=0.01
2020-08-18,0.1248186077,0,0,0,0.8751813923,0.2496372154,S0|cap=0.2|band=0.01
2020-08-19,0.1248186077,0,0,0,0.8751813923,0.2496372154,S0|cap=0.2|band=0.01
2020-08-20,0.1248186077,0,0,0,0.8751813923,0.2496372154,S0|cap=0.2|band=0.01
2020-08-21,0.1248186077,0,0,0,0.8751813923,0.2496372154,S0|cap=0.2|band=0.01
2020-08-24,0.1248186077,0,0,0,0.8751813923,0.2496372154,S0|cap=0.2|band=0.01
2020-08-25,0.1248186077,0,0,0,0.8751813923,0.2496372154,S0|cap=0.2|band=0.01
2020-08-26,0.1248186077,0,0,0,0.8751813923,0.2496372154,S0|cap=0.2|band=0.01
2020-08-27,0.1248186077,0,0,0,0.8751813923,0.2496372154,S0|cap=0.2|band=0.01
2020-08-28,0.1248186077,0,0,0,0.8751813923,0.2496372154,S0|cap=0.2|band=0.01
2020-08-31,0.1248186077,0,0,0,0.8751813923,0.2496372154,S0|cap=0.2|band=0.01
2020-09-01,0.1248186077,0,0,0,0.8751813923,0.2496372154,S0|cap=0.2|band=0.01
2020-09-02,0.1248186077,0,0,0,0.8751813923,0.2496372154,S0|cap=0.2|band=0.01
2020-09-03,0.1248186077,0,0,0,0.8751813923,0.2496372154,S0|cap=0.2|band=0.01
2020-09-04,0.1248186077,0,0,0,0.8751813923,0.2496372154,S0|cap=0.2|band=0.01
2020-09-07,0.1248186077,0,0,0,0.8751813923,0.2496372154,S0|cap=0.2|band=0.01
2020-09-08,0.1248186077,0,0,0,0.8751813923,0.2496372154,S0|cap=0.2|band=0.01
2020-09-09,0.1248186077,0,0,0,0.8751813923,0.2496372154,S0|cap=0.2|band=0.01
2020-09-10,0.1248186077,0,0,0,0.8751813923,0.2496372154,S0|cap=0.2|band=0.01
2020-09-11,0.1248186077,0,0,0,0.8751813923,0.2496372154,S0|cap=0.2|band=0.01
2020-09-14,0.1248186077,0,0,0,0.8751813923,0.2496372154,S0|cap=0.2|band=0.01
2020-09-15,0.1248186077,0,0,0,0.8751813923,0.2496372154,S0|cap=0.2|band=0.01
2020-09-16,0.1248186077,0,0,0,0.8751813923,0.2496372154,S0|cap=0.2|band=0.01
2020-09-17,0.2390696693,0,0,0,0.7609303307,0.4781393387,S0|cap=0.2|band=0.01
2020-09-18,0.2376449921,0,0,0,0.7623550079,0.4752899842,S0|cap=0.2|band=0.01
2020-09-21,0.2104647076,0,0,0,0.7895352924,0.4209294152,S0|cap=0.2|band=0.01
2020-09-22,0.2004735061,0,0,0,0.7995264939,0.4009470122,S0|cap=0.2|band=0.01
2020-09-23,0.2004735061,0,0,0,0.7995264939,0.4009470122,S0|cap=0.2|band=0.01
2020-09-24,0.1719496379,0,0,0,0.8280503621,0.3438992758,S0|cap=0.2|band=0.01
2020-09-25,0.1719496379,0,0,0,0.8280503621,0.3438992758,S0|cap=0.2|band=0.01
2020-09-28,0.1719496379,0,0,0,0.8280503621,0.3438992758,S0|cap=0.2|band=0.01
2020-09-29,0.1719496379,0,0,0,0.8280503621,0.3438992758,S0|cap=0.2|band=0.01
2020-09-30,0.1719496379,0,0,0,0.8280503621,0.3438992758,S0|cap=0.2|band=0.01
2020-10-01,0.1719496379,0,0,0,0.8280503621,0.3438992758,S0|cap=0.2|band=0.01
2020-10-05,0.1719496379,0,0,0,0.8280503621,0.3438992758,S0|cap=0.2|band=0.01
2020-10-06,0.1719496379,0,0,0,0.8280503621,0.3438992758,S0|cap=0.2|band=0.01
2020-10-07,0.1719496379,0,0,0,0.8280503621,0.3438992758,S0|cap=0.2|band=0.01
2020-10-08,0.1719496379,0,0,0,0.8280503621,0.3438992758,S0|cap=0.2|band=0.01
2020-10-09,0.1719496379,0,0,0,0.8280503621,0.3438992758,S0|cap=0.2|band=0.01
2020-10-12,0.1719496379,0,0,0,0.8280503621,0.3438992758,S0|cap=0.2|band=0.01
2020-10-13,0.1719496379,0,0,0,0.8280503621,0.3438992758,S0|cap=0.2|band=0.01
2020-10-14,0.1719496379,0,0,0,0.8280503621,0.3438992758,S0|cap=0.2|band=0.01
2020-10-15,0.1719496379,0,0,0,0.8280503621,0.3438992758,S0|cap=0.2|band=0.01
2020-10-16,0.1719496379,0,0,0,0.8280503621,0.3438992758,S0|cap=0.2|band=0.01
2020-10-19,0.1719496379,0,0,0,0.8280503621,0.3438992758,S0|cap=0.2|band=0.01
2020-10-20,0.1719496379,0,0,0,0.8280503621,0.3438992758,S0|cap=0.2|band=0.01
2020-10-21,0.1719496379,0,0,0,0.8280503621,0.3438992758,S0|cap=0.2|band=0.01
2020-10-22,0.1719496379,0,0,0,0.8280503621,0.3438992758,S0|cap=0.2|band=0.01
2020-10-23,0.1719496379,0,0,0,0.8280503621,0.3438992758,S0|cap=0.2|band=0.01
2020-10-26,0.1719496379,0,0,0,0.8280503621,0.3438992758,S0|cap=0.2|band=0.01
2020-10-27,0.1719496379,0,0,0,0.8280503621,0.3438992758,S0|cap=0.2|band=0.01
2020-10-28,0.1719496379,0,0,0,0.8280503621,0.3438992758,S0|cap=0.2|band=0.01
2020-10-29,0.1719496379,0,0,0,0.8280503621,0.3438992758,S0|cap=0.2|band=0.01
2020-10-30,0.1719496379,0,0,0,0.8280503621,0.3438992758,S0|cap=0.2|band=0.01
2020-11-02,0.1719496379,0,0,0,0.8280503621,0.3438992758,S0|cap=0.2|band=0.01
2020-11-03,0.1719496379,0,0,0,0.8280503621,0.3438992758,S0|cap=0.2|band=0.01
2020-11-04,0.1719496379,0,0,0,0.8280503621,0.3438992758,S0|cap=0.2|band=0.01
2020-11-05,0.1719496379,0,0,0,0.8280503621,0.3438992758,S0|cap=0.2|band=0.01
2020-11-06,0.1719496379,0,0,0,0.8280503621,0.3438992758,S0|cap=0.2|band=0.01
2020-11-09,0.1719496379,0,0,0,0.8280503621,0.3438992758,S0|cap=0.2|band=0.01
2020-11-10,0.1719496379,0,0,0,0.8280503621,0.3438992758,S0|cap=0.2|band=0.01
2020-11-11,0.1719496379,0,0,0,0.8280503621,0.3438992758,S0|cap=0.2|band=0.01
2020-11-12,0.1719496379,0,0,0,0.8280503621,0.3438992758,S0|cap=0.2|band=0.01
2020-11-13,0.1719496379,0,0,0,0.8280503621,0.3438992758,S0|cap=0.2|band=0.01
2020-11-14,0.1719496379,0,0,0,0.8280503621,0.3438992758,S0|cap=0.2|band=0.01
2020-11-17,0.1719496379,0,0,0,0.8280503621,0.3438992758,S0|cap=0.2|band=0.01
2020-11-18,0.1719496379,0,0,0,0.8280503621,0.3438992758,S0|cap=0.2|band=0.01
2020-11-19,0.1719496379,0,0,0,0.8280503621,0.3438992758,S0|cap=0.2|band=0.01
2020-11-20,0.1719496379,0,0,0,0.8280503621,0.3438992758,S0|cap=0.2|band=0.01
2020-11-23,0.1719496379,0,0,0,0.8280503621,0.3438992758,S0|cap=0.2|band=0.01
2020-11-24,0.1719496379,0,0,0,0.8280503621,0.3438992758,S0|cap=0.2|band=0.01
2020-11-25,0.1719496379,0,0,0,0.8280503621,0.3438992758,S0|cap=0.2|band=0.01
2020-11-26,0.1719496379,0,0,0,0.8280503621,0.3438992758,S0|cap=0.2|band=0.01
2020-11-27,0.1719496379,0,0,0,0.8280503621,0.3438992758,S0|cap=0.2|band=0.01
2020-12-01,0.1719496379,0,0,0,0.8280503621,0.3438992758,S0|cap=0.2|band=0.01
2020-12-02,0.1719496379,0,0,0,0.8280503621,0.3438992758,S0|cap=0.2|band=0.01
2020-12-03,0.1719496379,0,0,0,0.8280503621,0.3438992758,S0|cap=0.2|band=0.01
2020-12-04,0.1719496379,0,0,0,0.8280503621,0.3438992758,S0|cap=0.2|band=0.01
2020-12-07,0.1719496379,0,0,0,0.8280503621,0.3438992758,S0|cap=0.2|band=0.01
2020-12-08,0.1719496379,0,0,0,0.8280503621,0.3438992758,S0|cap=0.2|band=0.01
2020-12-09,0.1719496379,0,0,0,0.8280503621,0.3438992758,S0|cap=0.2|band=0.01
2020-12-10,0.1719496379,0,0,0,0.8280503621,0.3438992758,S0|cap=0.2|band=0.01
2020-12-11,0.1719496379,0,0,0,0.8280503621,0.3438992758,S0|cap=0.2|band=0.01
2020-12-14,0.1719496379,0,0,0,0.8280503621,0.3438992758,S0|cap=0.2|band=0.01
2020-12-15,0.1719496379,0,0,0,0.8280503621,0.3438992758,S0|cap=0.2|band=0.01
2020-12-16,0.1719496379,0,0,0,0.8280503621,0.3438992758,S0|cap=0.2|band=0.01
2020-12-17,0.1719496379,0,0,0,0.8280503621,0.3438992758,S0|cap=0.2|band=0.01
2020-12-18,0.1719496379,0,0,0,0.8280503621,0.3438992758,S0|cap=0.2|band=0.01
2020-12-21,0.404525378,0,0,0,0.595474622,0.8090507559,S0|cap=0.2|band=0.01
2020-12-22,0.404525378,0,0,0,0.595474622,0.8090507559,S0|cap=0.2|band=0.01
2020-12-23,0.404525378,0,0,0,0.595474622,0.8090507559,S0|cap=0.2|band=0.01
2020-12-24,0.404525378,0,0,0,0.595474622,0.8090507559,S0|cap=0.2|band=0.01
2020-12-28,0.404525378,0,0,0,0.595474622,0.8090507559,S0|cap=0.2|band=0.01
2020-12-29,0.404525378,0,0,0,0.595474622,0.8090507559,S0|cap=0.2|band=0.01
2020-12-30,0.404525378,0,0,0,0.595474622,0.8090507559,S0|cap=0.2|band=0.01
2020-12-31,0.404525378,0,0,0,0.595474622,0.8090507559,S0|cap=0.2|band=0.01
2021-01-01,0.404525378,0,0,0,0.595474622,0.8090507559,S0|cap=0.2|band=0.01
2021-01-04,0.404525378,0,0,0,0.595474622,0.8090507559,S0|cap=0.2|band=0.01
2021-01-05,0.404525378,0,0,0,0.595474622,0.8090507559,S0|cap=0.2|band=0.01
2021-01-06,0.404525378,0,0,0,0.595474622,0.8090507559,S0|cap=0.2|band=0.01
2021-01-07,0.404525378,0,0,0,0.595474622,0.8090507559,S0|cap=0.2|band=0.01
2021-01-08,0.404525378,0,0,0,0.595474622,0.8090507559,S0|cap=0.2|band=0.01
2021-01-11,0.404525378,0,0,0,0.595474622,0.8090507559,S0|cap=0.2|band=0.01
2021-01-12,0.404525378,0,0,0,0.595474622,0.8090507559,S0|cap=0.2|band=0.01
2021-01-13,0.404525378,0,0,0,0.595474622,0.8090507559,S0|cap=0.2|band=0.01
2021-01-14,0.404525378,0,0,0,0.595474622,0.8090507559,S0|cap=0.2|band=0.01
2021-01-15,0.404525378,0,0,0,0.595474622,0.8090507559,S0|cap=0.2|band=0.01
2021-01-18,0.404525378,0,0,0,0.595474622,0.8090507559,S0|cap=0.2|band=0.01
2021-01-19,0.404525378,0,0,0,0.595474622,0.8090507559,S0|cap=0.2|band=0.01
2021-01-20,0.404525378,0,0,0,0.595474622,0.8090507559,S0|cap=0.2|band=0.01
2021-01-21,0.404525378,0,0,0,0.595474622,0.8090507559,S0|cap=0.2|band=0.01
2021-01-22,0.404525378,0,0,0,0.595474622,0.8090507559,S0|cap=0.2|band=0.01
2021-01-25,0.404525378,0,0,0,0.595474622,0.8090507559,S0|cap=0.2|band=0.01
2021-01-27,0.404525378,0,0,0,0.595474622,0.8090507559,S0|cap=0.2|band=0.01
2021-01-28,0.404525378,0,0,0,0.595474622,0.8090507559,S0|cap=0.2|band=0.01
2021-01-29,0.404525378,0,0,0,0.595474622,0.8090507559,S0|cap=0.2|band=0.01
2021-02-01,0.404525378,0,0,0,0.595474622,0.8090507559,S0|cap=0.2|band=0.01
2021-02-02,0.404525378,0,0,0,0.595474622,0.8090507559,S0|cap=0.2|band=0.01
2021-02-03,0.404525378,0,0,0,0.595474622,0.8090507559,S0|cap=0.2|band=0.01
2021-02-04,0.404525378,0,0,0,0.595474622,0.8090507559,S0|cap=0.2|band=0.01
2021-02-05,0.404525378,0,0,0,0.595474622,0.8090507559,S0|cap=0.2|band=0.01
2021-02-08,0.404525378,0,0,0,0.595474622,0.8090507559,S0|cap=0.2|band=0.01
2021-02-09,0.404525378,0,0,0,0.595474622,0.8090507559,S0|cap=0.2|band=0.01
2021-02-10,0.404525378,0,0,0,0.595474622,0.8090507559,S0|cap=0.2|band=0.01
2021-02-11,0.404525378,0,0,0,0.595474622,0.8090507559,S0|cap=0.2|band=0.01
2021-02-12,0.404525378,0,0,0,0.595474622,0.8090507559,S0|cap=0.2|band=0.01
2021-02-15,0.404525378,0,0,0,0.595474622,0.8090507559,S0|cap=0.2|band=0.01
2021-02-16,0.404525378,0,0,0,0.595474622,0.8090507559,S0|cap=0.2|band=0.01
2021-02-17,0.404525378,0,0,0,0.595474622,0.8090507559,S0|cap=0.2|band=0.01
2021-02-18,0.404525378,0,0,0,0.595474622,0.8090507559,S0|cap=0.2|band=0.01
2021-02-19,0.404525378,0,0,0,0.595474622,0.8090507559,S0|cap=0.2|band=0.01
2021-02-22,0.404525378,0,0,0,0.595474622,0.8090507559,S0|cap=0.2|band=0.01
2021-02-23,0.404525378,0,0,0,0.595474622,0.8090507559,S0|cap=0.2|band=0.01
2021-02-24,0.404525378,0,0,0,0.595474622,0.8090507559,S0|cap=0.2|band=0.01
2021-02-25,0.404525378,0,0,0,0.595474622,0.8090507559,S0|cap=0.2|band=0.01
2021-02-26,0.404525378,0,0,0,0.595474622,0.8090507559,S0|cap=0.2|band=0.01
2021-03-01,0.404525378,0,0,0,0.595474622,0.8090507559,S0|cap=0.2|band=0.01
2021-03-02,0.404525378,0,0,0,0.595474622,0.8090507559,S0|cap=0.2|band=0.01
2021-03-03,0.404525378,0,0,0,0.595474622,0.8090507559,S0|cap=0.2|band=0.01
2021-03-04,0.404525378,0,0,0,0.595474622,0.8090507559,S0|cap=0.2|band=0.01
2021-03-05,0.404525378,0,0,0,0.595474622,0.8090507559,S0|cap=0.2|band=0.01
2021-03-08,0.404525378,0,0,0,0.595474622,0.8090507559,S0|cap=0.2|band=0.01
2021-03-09,0.404525378,0,0,0,0.595474622,0.8090507559,S0|cap=0.2|band=0.01
2021-03-10,0.404525378,0,0,0,0.595474622,0.8090507559,S0|cap=0.2|band=0.01
2021-03-12,0.404525378,0,0,0,0.595474622,0.8090507559,S0|cap=0.2|band=0.01
2021-03-15,0.404525378,0,0,0,0.595474622,0.8090507559,S0|cap=0.2|band=0.01
2021-03-16,0.404525378,0,0,0,0.595474622,0.8090507559,S0|cap=0.2|band=0.01
2021-03-17,0.404525378,0,0,0,0.595474622,0.8090507559,S0|cap=0.2|band=0.01
2021-03-18,0.5,0,0,0,0.5,1,S0|cap=0.2|band=0.01
2021-03-19,0.5,0,0,0,0.5,1,S0|cap=0.2|band=0.01
2021-03-22,0.5,0,0,0,0.5,1,S0|cap=0.2|band=0.01
2021-03-23,0.5,0,0,0,0.5,1,S0|cap=0.2|band=0.01
2021-03-24,0.5,0,0,0,0.5,1,S0|cap=0.2|band=0.01
2021-03-25,0.5,0,0,0,0.5,1,S0|cap=0.2|band=0.01
2021-03-26,0.5,0,0,0,0.5,1,S0|cap=0.2|band=0.01
2021-03-30,0.5,0,0,0,0.5,1,S0|cap=0.2|band=0.01
2021-03-31,0.5,0,0,0,0.5,1,S0|cap=0.2|band=0.01
2021-04-01,0.5,0,0,0,0.5,1,S0|cap=0.2|band=0.01
2021-04-05,0.5,0,0,0,0.5,1,S0|cap=0.2|band=0.01
2021-04-06,0.5,0,0,0,0.5,1,S0|cap=0.2|band=0.01
2021-04-07,0.5,0,0,0,0.5,1,S0|cap=0.2|band=0.01
2021-04-08,0.5,0,0,0,0.5,1,S0|cap=0.2|band=0.01
2021-04-09,0.5,0,0,0,0.5,1,S0|cap=0.2|band=0.01
2021-04-12,0.5,0,0,0,0.5,1,S0|cap=0.2|band=0.01
2021-04-13,0.5,0,0,0,0.5,1,S0|cap=0.2|band=0.01
2021-04-15,0.5,0,0,0,0.5,1,S0|cap=0.2|band=0.01
2021-04-16,0.5,0,0,0,0.5,1,S0|cap=0.2|band=0.01
2021-04-19,0.5,0,0,0,0.5,1,S0|cap=0.2|band=0.01
2021-04-20,0.5,0,0,0,0.5,1,S0|cap=0.2|band=0.01
2021-04-22,0.5,0,0,0,0.5,1,S0|cap=0.2|band=0.01
2021-04-23,0.5,0,0,0,0.5,1,S0|cap=0.2|band=0.01
2021-04-26,0.5,0,0,0,0.5,1,S0|cap=0.2|band=0.01
2021-04-27,0.5,0,0,0,0.5,1,S0|cap=0.2|band=0.01
2021-04-28,0.5,0,0,0,0.5,1,S0|cap=0.2|band=0.01
2021-04-29,0.5,0,0,0,0.5,1,S0|cap=0.2|band=0.01
2021-04-30,0.5,0,0,0,0.5,1,S0|cap=0.2|band=0.01
2021-05-03,0.5,0,0,0,0.5,1,S0|cap=0.2|band=0.01
2021-05-04,0.5,0,0,0,0.5,1,S0|cap=0.2|band=0.01
2021-05-05,0.5,0,0,0,0.5,1,S0|cap=0.2|band=0.01
2021-05-06,0.5,0,0,0,0.5,1,S0|cap=0.2|band=0.01
2021-05-07,0.5,0,0,0,0.5,1,S0|cap=0.2|band=0.01
2021-05-10,0.5,0,0,0,0.5,1,S0|cap=0.2|band=0.01
2021-05-11,0.5,0,0,0,0.5,1,S0|cap=0.2|band=0.01
2021-05-12,0.5,0,0,0,0.5,1,S0|cap=0.2|band=0.01
2021-05-14,0.5,0,0,0,0.5,1,S0|cap=0.2|band=0.01
2021-05-17,0.5,0,0,0,0.5,1,S0|cap=0.2|band=0.01
2021-05-18,0.5,0,0,0,0.5,1,S0|cap=0.2|band=0.01
2021-05-19,0.5,0,0,0,0.5,1,S0|cap=0.2|band=0.01
2021-05-20,0.5,0,0,0,0.5,1,S0|cap=0.2|band=0.01
2021-05-21,0.5,0,0,0,0.5,1,S0|cap=0.2|band=0.01
2021-05-24,0.5,0,0,0,0.5,1,S0|cap=0.2|band=0.01
2021-05-25,0.5,0,0,0,0.5,1,S0|cap=0.2|band=0.01
2021-05-26,0.5,0,0,0,0.5,1,S0|cap=0.2|band=0.01
2021-05-27,0.5,0,0,0,0.5,1,S0|cap=0.2|band=0.01
2021-05-28,0.5,0,0,0,0.5,1,S0|cap=0.2|band=0.01
2021-05-31,0.5,0,0,0,0.5,1,S0|cap=0.2|band=0.01
2021-06-01,0.5,0,0,0,0.5,1,S0|cap=0.2|band=0.01
2021-06-02,0.5,0,0,0,0.5,1,S0|cap=0.2|band=0.01
2021-06-03,0.5,0,0,0,0.5,1,S0|cap=0.2|band=0.01
2021-06-04,0.5,0,0,0,0.5,1,S0|cap=0.2|band=0.01
2021-06-07,0.5,0,0,0,0.5,1,S0|cap=0.2|band=0.01
2021-06-08,0.5,0,0,0,0.5,1,S0|cap=0.2|band=0.01
2021-06-09,0.5,0,0,0,0.5,1,S0|cap=0.2|band=0.01
2021-06-10,0.5,0,0,0,0.5,1,S0|cap=0.2|band=0.01
2021-06-11,0.5,0,0,0,0.5,1,S0|cap=0.2|band=0.01
2021-06-14,0.5,0,0,0,0.5,1,S0|cap=0.2|band=0.01
2021-06-15,0.5,0,0,0,0.5,1,S0|cap=0.2|band=0.01
2021-06-16,0.5,0,0,0,0.5,1,S0|cap=0.2|band=0.01
2021-06-17,0.5,0,0,0,0.5,1,S0|cap=0.2|band=0.01
2021-06-18,0.5,0,0,0,0.5,1,S0|cap=0.2|band=0.01
2021-06-21,0.5,0,0,0,0.5,1,S0|cap=0.2|band=0.01
2021-06-22,0.5,0,0,0,0.5,1,S0|cap=0.2|band=0.01
2021-06-23,0.5,0,0,0,0.5,1,S0|cap=0.2|band=0.01
2021-06-24,0.5,0,0,0,0.5,1,S0|cap=0.2|band=0.01
2021-06-25,0.5,0,0,0,0.5,1,S0|cap=0.2|band=0.01
2021-06-28,0.5,0,0,0,0.5,1,S0|cap=0.2|band=0.01
2021-06-29,0.5,0,0,0,0.5,1,S0|cap=0.2|band=0.01
2021-06-30,0.5,0,0,0,0.5,1,S0|cap=0.2|band=0.01
2021-07-01,0.5,0,0,0,0.5,1,S0|cap=0.2|band=0.01
2021-07-02,0.5,0,0,0,0.5,1,S0|cap=0.2|band=0.01
2021-07-05,0.5,0,0,0,0.5,1,S0|cap=0.2|band=0.01
2021-07-06,0.5,0,0,0,0.5,1,S0|cap=0.2|band=0.01
2021-07-07,0.5,0,0,0,0.5,1,S0|cap=0.2|band=0.01
2021-07-08,0.5,0,0,0,0.5,1,S0|cap=0.2|band=0.01
2021-07-09,0.5,0,0,0,0.5,1,S0|cap=0.2|band=0.01
2021-07-12,0.5,0,0,0,0.5,1,S0|cap=0.2|band=0.01
2021-07-13,0.5,0,0,0,0.5,1,S0|cap=0.2|band=0.01
2021-07-14,0.5,0,0,0,0.5,1,S0|cap=0.2|band=0.01
2021-07-15,0.5,0,0,0,0.5,1,S0|cap=0.2|band=0.01
2021-07-16,0.5,0,0,0,0.5,1,S0|cap=0.2|band=0.01
2021-07-19,0.5,0,0,0,0.5,1,S0|cap=0.2|band=0.01
2021-07-20,0.5,0,0,0,0.5,1,S0|cap=0.2|band=0.01
2021-07-22,0.5,0,0,0,0.5,1,S0|cap=0.2|band=0.01
2021-07-23,0.5,0,0,0,0.5,1,S0|cap=0.2|band=0.01
2021-07-26,0.5,0,0,0,0.5,1,S0|cap=0.2|band=0.01
2021-07-27,0.5,0,0,0,0.5,1,S0|cap=0.2|band=0.01
2021-07-28,0.5,0,0,0,0.5,1,S0|cap=0.2|band=0.01
2021-07-29,0.5,0,0,0,0.5,1,S0|cap=0.2|band=0.01
2021-07-30,0.5,0,0,0,0.5,1,S0|cap=0.2|band=0.01
2021-08-02,0.5,0,0,0,0.5,1,S0|cap=0.2|band=0.01
2021-08-03,0.5,0,0,0,0.5,1,S0|cap=0.2|band=0.01
2021-08-04,0.5,0,0,0,0.5,1,S0|cap=0.2|band=0.01
2021-08-05,0.5,0,0,0,0.5,1,S0|cap=0.2|band=0.01
2021-08-06,0.5,0,0,0,0.5,1,S0|cap=0.2|band=0.01
2021-08-09,0.5,0,0,0,0.5,1,S0|cap=0.2|band=0.01
2021-08-10,0.5,0,0,0,0.5,1,S0|cap=0.2|band=0.01
2021-08-11,0.5,0,0,0,0.5,1,S0|cap=0.2|band=0.01
2021-08-12,0.5,0,0,0,0.5,1,S0|cap=0.2|band=0.01
2021-08-13,0.5,0,0,0,0.5,1,S0|cap=0.2|band=0.01
2021-08-16,0.5,0,0,0,0.5,1,S0|cap=0.2|band=0.01
2021-08-17,0.5,0,0,0,0.5,1,S0|cap=0.2|band=0.01
2021-08-18,0.5,0,0,0,0.5,1,S0|cap=0.2|band=0.01
2021-08-20,0.5,0,0,0,0.5,1,S0|cap=0.2|band=0.01
2021-08-23,0.5,0,0,0,0.5,1,S0|cap=0.2|band=0.01
2021-08-24,0.5,0,0,0,0.5,1,S0|cap=0.2|band=0.01
2021-08-25,0.5,0,0,0,0.5,1,S0|cap=0.2|band=0.01
2021-08-26,0.5,0,0,0,0.5,1,S0|cap=0.2|band=0.01
2021-08-27,0.5,0,0,0,0.5,1,S0|cap=0.2|band=0.01
2021-08-30,0.5,0,0,0,0.5,1,S0|cap=0.2|band=0.01
2021-08-31,0.5,0,0,0,0.5,1,S0|cap=0.2|band=0.01
2021-09-01,0.5,0,0,0,0.5,1,S0|cap=0.2|band=0.01
2021-09-02,0.5,0,0,0,0.5,1,S0|cap=0.2|band=0.01
2021-09-03,0.5,0,0,0,0.5,1,S0|cap=0.2|band=0.01
2021-09-06,0.5,0,0,0,0.5,1,S0|cap=0.2|band=0.01
2021-09-07,0.5,0,0,0,0.5,1,S0|cap=0.2|band=0.01
2021-09-08,0.5,0,0,0,0.5,1,S0|cap=0.2|band=0.01
2021-09-09,0.5,0,0,0,0.5,1,S0|cap=0.2|band=0.01
2021-09-13,0.5,0,0,0,0.5,1,S0|cap=0.2|band=0.01
2021-09-14,0.5,0,0,0,0.5,1,S0|cap=0.2|band=0.01
2021-09-15,0.5,0,0,0,0.5,1,S0|cap=0.2|band=0.01
2021-09-16,0.5,0,0,0,0.5,1,S0|cap=0.2|band=0.01
2021-09-17,0.5,0,0,0,0.5,1,S0|cap=0.2|band=0.01
2021-09-20,0.5,0,0,0,0.5,1,S0|cap=0.2|band=0.01
2021-09-21,0.5,0,0,0,0.5,1,S0|cap=0.2|band=0.01
2021-09-22,0.5,0,0,0,0.5,1,S0|cap=0.2|band=0.01
2021-09-23,0.5,0,0,0,0.5,1,S0|cap=0.2|band=0.01
2021-09-24,0.5,0,0,0,0.5,1,S0|cap=0.2|band=0.01
2021-09-27,0.5,0,0,0,0.5,1,S0|cap=0.2|band=0.01
2021-09-28,0.5,0,0,0,0.5,1,S0|cap=0.2|band=0.01
2021-09-29,0.5,0,0,0,0.5,1,S0|cap=0.2|band=0.01
2021-09-30,0.5,0,0,0,0.5,1,S0|cap=0.2|band=0.01
2021-10-01,0.5,0,0,0,0.5,1,S0|cap=0.2|band=0.01
2021-10-04,0.5,0,0,0,0.5,1,S0|cap=0.2|band=0.01
2021-10-05,0.5,0,0,0,0.5,1,S0|cap=0.2|band=0.01
2021-10-06,0.5,0,0,0,0.5,1,S0|cap=0.2|band=0.01
2021-10-07,0.5,0,0,0,0.5,1,S0|cap=0.2|band=0.01
2021-10-08,0.5,0,0,0,0.5,1,S0|cap=0.2|band=0.01
2021-10-11,0.5,0,0,0,0.5,1,S0|cap=0.2|band=0.01
2021-10-12,0.5,0,0,0,0.5,1,S0|cap=0.2|band=0.01
2021-10-13,0.5,0,0,0,0.5,1,S0|cap=0.2|band=0.01
2021-10-14,0.5,0,0,0,0.5,1,S0|cap=0.2|band=0.01
2021-10-18,0.5,0,0,0,0.5,1,S0|cap=0.2|band=0.01
2021-10-19,0.5,0,0,0,0.5,1,S0|cap=0.2|band=0.01
2021-10-20,0.5,0,0,0,0.5,1,S0|cap=0.2|band=0.01
2021-10-21,0.5,0,0,0,0.5,1,S0|cap=0.2|band=0.01
2021-10-22,0.5,0,0,0,0.5,1,S0|cap=0.2|band=0.01
2021-10-25,0.5,0,0,0,0.5,1,S0|cap=0.2|band=0.01
2021-10-26,0.5,0,0,0,0.5,1,S0|cap=0.2|band=0.01
2021-10-27,0.5,0,0,0,0.5,1,S0|cap=0.2|band=0.01
2021-10-28,0.5,0,0,0,0.5,1,S0|cap=0.2|band=0.01
2021-10-29,0.5,0,0,0,0.5,1,S0|cap=0.2|band=0.01
2021-11-01,0.5,0,0,0,0.5,1,S0|cap=0.2|band=0.01
2021-11-02,0.5,0,0,0,0.5,1,S0|cap=0.2|band=0.01
2021-11-03,0.5,0,0,0,0.5,1,S0|cap=0.2|band=0.01
2021-11-04,0.5,0,0,0,0.5,1,S0|cap=0.2|band=0.01
2021-11-08,0.5,0,0,0,0.5,1,S0|cap=0.2|band=0.01
2021-11-09,0.5,0,0,0,0.5,1,S0|cap=0.2|band=0.01
2021-11-10,0.5,0,0,0,0.5,1,S0|cap=0.2|band=0.01
2021-11-11,0.5,0,0,0,0.5,1,S0|cap=0.2|band=0.01
2021-11-12,0.5,0,0,0,0.5,1,S0|cap=0.2|band=0.01
2021-11-15,0.5,0,0,0,0.5,1,S0|cap=0.2|band=0.01
2021-11-16,0.5,0,0,0,0.5,1,S0|cap=0.2|band=0.01
2021-11-17,0.5,0,0,0,0.5,1,S0|cap=0.2|band=0.01
2021-11-18,0.5,0,0,0,0.5,1,S0|cap=0.2|band=0.01
2021-11-22,0.5,0,0,0,0.5,1,S0|cap=0.2|band=0.01
2021-11-23,0.5,0,0,0,0.5,1,S0|cap=0.2|band=0.01
2021-11-24,0.5,0,0,0,0.5,1,S0|cap=0.2|band=0.01
2021-11-25,0.5,0,0,0,0.5,1,S0|cap=0.2|band=0.01
2021-11-26,0.5,0,0,0,0.5,1,S0|cap=0.2|band=0.01
2021-11-29,0.5,0,0,0,0.5,1,S0|cap=0.2|band=0.01
2021-11-30,0.5,0,0,0,0.5,1,S0|cap=0.2|band=0.01
2021-12-01,0.5,0,0,0,0.5,1,S0|cap=0.2|band=0.01
2021-12-02,0.5,0,0,0,0.5,1,S0|cap=0.2|band=0.01
2021-12-03,0.5,0,0,0,0.5,1,S0|cap=0.2|band=0.01
2021-12-06,0.5,0,0,0,0.5,1,S0|cap=0.2|band=0.01
2021-12-07,0.5,0,0,0,0.5,1,S0|cap=0.2|band=0.01
2021-12-08,0.5,0,0,0,0.5,1,S0|cap=0.2|band=0.01
2021-12-09,0.5,0,0,0,0.5,1,S0|cap=0.2|band=0.01
2021-12-10,0.5,0,0,0,0.5,1,S0|cap=0.2|band=0.01
2021-12-13,0.5,0,0,0,0.5,1,S0|cap=0.2|band=0.01
2021-12-14,0.5,0,0,0,0.5,1,S0|cap=0.2|band=0.01
2021-12-15,0.5,0,0,0,0.5,1,S0|cap=0.2|band=0.01
2021-12-16,0.5,0,0,0,0.5,1,S0|cap=0.2|band=0.01
2021-12-17,0.5,0,0,0,0.5,1,S0|cap=0.2|band=0.01
2021-12-20,0.5,0,0,0,0.5,1,S0|cap=0.2|band=0.01
2021-12-21,0.5,0,0,0,0.5,1,S0|cap=0.2|band=0.01
2021-12-22,0.5,0,0,0,0.5,1,S0|cap=0.2|band=0.01
2021-12-23,0.5,0,0,0,0.5,1,S0|cap=0.2|band=0.01
2021-12-24,0.5,0,0,0,0.5,1,S0|cap=0.2|band=0.01
2021-12-27,0.5,0,0,0,0.5,1,S0|cap=0.2|band=0.01
2021-12-28,0.5,0,0,0,0.5,1,S0|cap=0.2|band=0.01
2021-12-29,0.5,0,0,0,0.5,1,S0|cap=0.2|band=0.01
2021-12-30,0.5,0,0,0,0.5,1,S0|cap=0.2|band=0.01
2021-12-31,0.5,0,0,0,0.5,1,S0|cap=0.2|band=0.01
2022-01-03,0.5,0,0,0,0.5,1,S0|cap=0.2|band=0.01
2022-01-04,0.5,0,0,0,0.5,1,S0|cap=0.2|band=0.01
2022-01-05,0.5,0,0,0,0.5,1,S0|cap=0.2|band=0.01
2022-01-06,0.5,0,0,0,0.5,1,S0|cap=0.2|band=0.01
2022-01-07,0.5,0,0,0,0.5,1,S0|cap=0.2|band=0.01
2022-01-10,0.5,0,0,0,0.5,1,S0|cap=0.2|band=0.01
2022-01-11,0.5,0,0,0,0.5,1,S0|cap=0.2|band=0.01
2022-01-12,0.5,0,0,0,0.5,1,S0|cap=0.2|band=0.01
2022-01-13,0.5,0,0,0,0.5,1,S0|cap=0.2|band=0.01
2022-01-14,0.5,0,0,0,0.5,1,S0|cap=0.2|band=0.01
2022-01-17,0.5,0,0,0,0.5,1,S0|cap=0.2|band=0.01
2022-01-18,0.5,0,0,0,0.5,1,S0|cap=0.2|band=0.01
2022-01-19,0.5,0,0,0,0.5,1,S0|cap=0.2|band=0.01
2022-01-20,0.5,0,0,0,0.5,1,S0|cap=0.2|band=0.01
2022-01-21,0.5,0,0,0,0.5,1,S0|cap=0.2|band=0.01
2022-01-24,0.5,0,0,0,0.5,1,S0|cap=0.2|band=0.01
2022-01-25,0.5,0,0,0,0.5,1,S0|cap=0.2|band=0.01
2022-01-27,0.5,0,0,0,0.5,1,S0|cap=0.2|band=0.01
2022-01-28,0.5,0,0,0,0.5,1,S0|cap=0.2|band=0.01
2022-01-31,0.5,0,0,0,0.5,1,S0|cap=0.2|band=0.01
2022-02-01,0.5,0,0,0,0.5,1,S0|cap=0.2|band=0.01
2022-02-02,0.5,0,0,0,0.5,1,S0|cap=0.2|band=0.01
2022-02-03,0.5,0,0,0,0.5,1,S0|cap=0.2|band=0.01
2022-02-04,0.5,0,0,0,0.5,1,S0|cap=0.2|band=0.01
2022-02-07,0.5,0,0,0,0.5,1,S0|cap=0.2|band=0.01
2022-02-08,0.5,0,0,0,0.5,1,S0|cap=0.2|band=0.01
2022-02-09,0.5,0,0,0,0.5,1,S0|cap=0.2|band=0.01
2022-02-10,0.5,0,0,0,0.5,1,S0|cap=0.2|band=0.01
2022-02-11,0.5,0,0,0,0.5,1,S0|cap=0.2|band=0.01
2022-02-14,0.5,0,0,0,0.5,1,S0|cap=0.2|band=0.01
2022-02-15,0.5,0,0,0,0.5,1,S0|cap=0.2|band=0.01
2022-02-16,0.5,0,0,0,0.5,1,S0|cap=0.2|band=0.01
2022-02-17,0.5,0,0,0,0.5,1,S0|cap=0.2|band=0.01
2022-02-18,0.5,0,0,0,0.5,1,S0|cap=0.2|band=0.01
2022-02-21,0.5,0,0,0,0.5,1,S0|cap=0.2|band=0.01
2022-02-22,0.5,0,0,0,0.5,1,S0|cap=0.2|band=0.01
2022-02-23,0.5,0,0,0,0.5,1,S0|cap=0.2|band=0.01
2022-02-24,0.5,0,0,0,0.5,1,S0|cap=0.2|band=0.01
2022-02-25,0.5,0,0,0,0.5,1,S0|cap=0.2|band=0.01
2022-02-28,0.5,0,0,0,0.5,1,S0|cap=0.2|band=0.01
2022-03-02,0.5,0,0,0,0.5,1,S0|cap=0.2|band=0.01
2022-03-03,0.5,0,0,0,0.5,1,S0|cap=0.2|band=0.01
2022-03-04,0.5,0,0,0,0.5,1,S0|cap=0.2|band=0.01
2022-03-07,0.5,0,0,0,0.5,1,S0|cap=0.2|band=0.01
2022-03-08,0.5,0,0,0,0.5,1,S0|cap=0.2|band=0.01
2022-03-09,0.5,0,0,0,0.5,1,S0|cap=0.2|band=0.01
2022-03-10,0.5,0,0,0,0.5,1,S0|cap=0.2|band=0.01
2022-03-11,0.5,0,0,0,0.5,1,S0|cap=0.2|band=0.01
2022-03-14,0.5,0,0,0,0.5,1,S0|cap=0.2|band=0.01
2022-03-15,0.5,0,0,0,0.5,1,S0|cap=0.2|band=0.01
2022-03-16,0.5,0,0,0,0.5,1,S0|cap=0.2|band=0.01
2022-03-17,0.5,0,0,0,0.5,1,S0|cap=0.2|band=0.01
2022-03-21,0.5,0,0,0,0.5,1,S0|cap=0.2|band=0.01
2022-03-22,0.5,0,0,0,0.5,1,S0|cap=0.2|band=0.01
2022-03-23,0.5,0,0,0,0.5,1,S0|cap=0.2|band=0.01
2022-03-24,0.5,0,0,0,0.5,1,S0|cap=0.2|band=0.01
2022-03-25,0.5,0,0,0,0.5,1,S0|cap=0.2|band=0.01
2022-03-28,0.5,0,0,0,0.5,1,S0|cap=0.2|band=0.01
2022-03-29,0.5,0,0,0,0.5,1,S0|cap=0.2|band=0.01
2022-03-30,0.5,0,0,0,0.5,1,S0|cap=0.2|band=0.01
2022-03-31,0.5,0,0,0,0.5,1,S0|cap=0.2|band=0.01
2022-04-01,0.5,0,0,0,0.5,1,S0|cap=0.2|band=0.01
2022-04-04,0.5,0,0,0,0.5,1,S0|cap=0.2|band=0.01
2022-04-05,0.5,0,0,0,0.5,1,S0|cap=0.2|band=0.01
2022-04-06,0.5,0,0,0,0.5,1,S0|cap=0.2|band=0.01
2022-04-07,0.5,0,0,0,0.5,1,S0|cap=0.2|band=0.01
2022-04-08,0.5,0,0,0,0.5,1,S0|cap=0.2|band=0.01
2022-04-11,0.5,0,0,0,0.5,1,S0|cap=0.2|band=0.01
2022-04-12,0.5,0,0,0,0.5,1,S0|cap=0.2|band=0.01
2022-04-13,0.5,0,0,0,0.5,1,S0|cap=0.2|band=0.01
2022-04-18,0.5,0,0,0,0.5,1,S0|cap=0.2|band=0.01
2022-04-19,0.5,0,0,0,0.5,1,S0|cap=0.2|band=0.01
2022-04-20,0.5,0,0,0,0.5,1,S0|cap=0.2|band=0.01
2022-04-21,0.5,0,0,0,0.5,1,S0|cap=0.2|band=0.01
2022-04-22,0.5,0,0,0,0.5,1,S0|cap=0.2|band=0.01
2022-04-25,0.5,0,0,0,0.5,1,S0|cap=0.2|band=0.01
2022-04-26,0.5,0,0,0,0.5,1,S0|cap=0.2|band=0.01
2022-04-27,0.5,0,0,0,0.5,1,S0|cap=0.2|band=0.01
2022-04-28,0.5,0,0,0,0.5,1,S0|cap=0.2|band=0.01
2022-04-29,0.5,0,0,0,0.5,1,S0|cap=0.2|band=0.01
2022-05-02,0.5,0,0,0,0.5,1,S0|cap=0.2|band=0.01
2022-05-04,0.5,0,0,0,0.5,1,S0|cap=0.2|band=0.01
2022-05-05,0.5,0,0,0,0.5,1,S0|cap=0.2|band=0.01
2022-05-06,0.5,0,0,0,0.5,1,S0|cap=0.2|band=0.01
2022-05-09,0.5,0,0,0,0.5,1,S0|cap=0.2|band=0.01
2022-05-10,0.5,0,0,0,0.5,1,S0|cap=0.2|band=0.01
2022-05-11,0.5,0,0,0,0.5,1,S0|cap=0.2|band=0.01
2022-05-12,0.5,0,0,0,0.5,1,S0|cap=0.2|band=0.01
2022-05-13,0.5,0,0,0,0.5,1,S0|cap=0.2|band=0.01
2022-05-16,0.5,0,0,0,0.5,1,S0|cap=0.2|band=0.01
2022-05-17,0.5,0,0,0,0.5,1,S0|cap=0.2|band=0.01
2022-05-18,0.5,0,0,0,0.5,1,S0|cap=0.2|band=0.01
2022-05-19,0.5,0,0,0,0.5,1,S0|cap=0.2|band=0.01
2022-05-20,0.5,0,0,0,0.5,1,S0|cap=0.2|band=0.01
2022-05-23,0.5,0,0,0,0.5,1,S0|cap=0.2|band=0.01
2022-05-24,0.5,0,0,0,0.5,1,S0|cap=0.2|band=0.01
2022-05-25,0.5,0,0,0,0.5,1,S0|cap=0.2|band=0.01
2022-05-26,0.5,0,0,0,0.5,1,S0|cap=0.2|band=0.01
2022-05-27,0.5,0,0,0,0.5,1,S0|cap=0.2|band=0.01
2022-05-30,0.5,0,0,0,0.5,1,S0|cap=0.2|band=0.01
2022-05-31,0.5,0,0,0,0.5,1,S0|cap=0.2|band=0.01
2022-06-01,0.5,0,0,0,0.5,1,S0|cap=0.2|band=0.01
2022-06-02,0.5,0,0,0,0.5,1,S0|cap=0.2|band=0.01
2022-06-03,0.5,0,0,0,0.5,1,S0|cap=0.2|band=0.01
2022-06-06,0.5,0,0,0,0.5,1,S0|cap=0.2|band=0.01
2022-06-07,0.5,0,0,0,0.5,1,S0|cap=0.2|band=0.01
2022-06-08,0.5,0,0,0,0.5,1,S0|cap=0.2|band=0.01
2022-06-09,0.5,0,0,0,0.5,1,S0|cap=0.2|band=0.01
2022-06-10,0.5,0,0,0,0.5,1,S0|cap=0.2|band=0.01
2022-06-13,0.5,0,0,0,0.5,1,S0|cap=0.2|band=0.01
2022-06-14,0.5,0,0,0,0.5,1,S0|cap=0.2|band=0.01
2022-06-15,0.5,0,0,0,0.5,1,S0|cap=0.2|band=0.01
2022-06-16,0.5,0,0,0,0.5,1,S0|cap=0.2|band=0.01
2022-06-17,0.5,0,0,0,0.5,1,S0|cap=0.2|band=0.01
2022-06-20,0.5,0,0,0,0.5,1,S0|cap=0.2|band=0.01
2022-06-21,0.5,0,0,0,0.5,1,S0|cap=0.2|band=0.01
2022-06-22,0.5,0,0,0,0.5,1,S0|cap=0.2|band=0.01
2022-06-23,0.5,0,0,0,0.5,1,S0|cap=0.2|band=0.01
2022-06-24,0.5,0,0,0,0.5,1,S0|cap=0.2|band=0.01
2022-06-27,0.5,0,0,0,0.5,1,S0|cap=0.2|band=0.01
2022-06-28,0.5,0,0,0,0.5,1,S0|cap=0.2|band=0.01
2022-06-29,0.5,0,0,0,0.5,1,S0|cap=0.2|band=0.01
2022-06-30,0.5,0,0,0,0.5,1,S0|cap=0.2|band=0.01
2022-07-01,0.5,0,0,0,0.5,1,S0|cap=0.2|band=0.01
2022-07-04,0.5,0,0,0,0.5,1,S0|cap=0.2|band=0.01
2022-07-05,0.5,0,0,0,0.5,1,S0|cap=0.2|band=0.01
2022-07-06,0.5,0,0,0,0.5,1,S0|cap=0.2|band=0.01
2022-07-07,0.5,0,0,0,0.5,1,S0|cap=0.2|band=0.01
2022-07-08,0.5,0,0,0,0.5,1,S0|cap=0.2|band=0.01
2022-07-11,0.5,0,0,0,0.5,1,S0|cap=0.2|band=0.01
2022-07-12,0.5,0,0,0,0.5,1,S0|cap=0.2|band=0.01
2022-07-13,0.5,0,0,0,0.5,1,S0|cap=0.2|band=0.01
2022-07-14,0.5,0,0,0,0.5,1,S0|cap=0.2|band=0.01
2022-07-15,0.5,0,0,0,0.5,1,S0|cap=0.2|band=0.01
2022-07-18,0.5,0,0,0,0.5,1,S0|cap=0.2|band=0.01
2022-07-19,0.5,0,0,0,0.5,1,S0|cap=0.2|band=0.01
2022-07-20,0.5,0,0,0,0.5,1,S0|cap=0.2|band=0.01
2022-07-21,0.5,0,0,0,0.5,1,S0|cap=0.2|band=0.01
2022-07-22,0.5,0,0,0,0.5,1,S0|cap=0.2|band=0.01
2022-07-25,0.5,0,0,0,0.5,1,S0|cap=0.2|band=0.01
2022-07-26,0.5,0,0,0,0.5,1,S0|cap=0.2|band=0.01
2022-07-27,0.5,0,0,0,0.5,1,S0|cap=0.2|band=0.01
2022-07-28,0.5,0,0,0,0.5,1,S0|cap=0.2|band=0.01
2022-07-29,0.5,0,0,0,0.5,1,S0|cap=0.2|band=0.01
2022-08-01,0.5,0,0,0,0.5,1,S0|cap=0.2|band=0.01
2022-08-02,0.5,0,0,0,0.5,1,S0|cap=0.2|band=0.01
2022-08-03,0.5,0,0,0,0.5,1,S0|cap=0.2|band=0.01
2022-08-04,0.5,0,0,0,0.5,1,S0|cap=0.2|band=0.01
2022-08-05,0.5,0,0,0,0.5,1,S0|cap=0.2|band=0.01
2022-08-08,0.5,0,0,0,0.5,1,S0|cap=0.2|band=0.01
2022-08-10,0.5,0,0,0,0.5,1,S0|cap=0.2|band=0.01
2022-08-11,0.5,0,0,0,0.5,1,S0|cap=0.2|band=0.01
2022-08-12,0.5,0,0,0,0.5,1,S0|cap=0.2|band=0.01
2022-08-16,0.5,0,0,0,0.5,1,S0|cap=0.2|band=0.01
2022-08-17,0.5,0,0,0,0.5,1,S0|cap=0.2|band=0.01
2022-08-18,0.5,0,0,0,0.5,1,S0|cap=0.2|band=0.01
2022-08-19,0.5,0,0,0,0.5,1,S0|cap=0.2|band=0.01
2022-08-22,0.5,0,0,0,0.5,1,S0|cap=0.2|band=0.01
2022-08-23,0.5,0,0,0,0.5,1,S0|cap=0.2|band=0.01
2022-08-24,0.5,0,0,0,0.5,1,S0|cap=0.2|band=0.01
2022-08-25,0.5,0,0,0,0.5,1,S0|cap=0.2|band=0.01
2022-08-26,0.5,0,0,0,0.5,1,S0|cap=0.2|band=0.01
2022-08-29,0.5,0,0,0,0.5,1,S0|cap=0.2|band=0.01
2022-08-30,0.5,0,0,0,0.5,1,S0|cap=0.2|band=0.01
2022-09-01,0.5,0,0,0,0.5,1,S0|cap=0.2|band=0.01
2022-09-02,0.5,0,0,0,0.5,1,S0|cap=0.2|band=0.01
2022-09-05,0.5,0,0,0,0.5,1,S0|cap=0.2|band=0.01
2022-09-06,0.5,0,0,0,0.5,1,S0|cap=0.2|band=0.01
2022-09-07,0.5,0,0,0,0.5,1,S0|cap=0.2|band=0.01
2022-09-08,0.5,0,0,0,0.5,1,S0|cap=0.2|band=0.01
2022-09-09,0.5,0,0,0,0.5,1,S0|cap=0.2|band=0.01
2022-09-12,0.5,0,0,0,0.5,1,S0|cap=0.2|band=0.01
2022-09-13,0.5,0,0,0,0.5,1,S0|cap=0.2|band=0.01
2022-09-14,0.5,0,0,0,0.5,1,S0|cap=0.2|band=0.01
2022-09-15,0.5,0,0,0,0.5,1,S0|cap=0.2|band=0.01
2022-09-16,0.5,0,0,0,0.5,1,S0|cap=0.2|band=0.01
2022-09-19,0.5,0,0,0,0.5,1,S0|cap=0.2|band=0.01
2022-09-20,0.5,0,0,0,0.5,1,S0|cap=0.2|band=0.01
2022-09-21,0.5,0,0,0,0.5,1,S0|cap=0.2|band=0.01
2022-09-22,0.5,0,0,0,0.5,1,S0|cap=0.2|band=0.01
2022-09-23,0.5,0,0,0,0.5,1,S0|cap=0.2|band=0.01
2022-09-26,0.5,0,0,0,0.5,1,S0|cap=0.2|band=0.01
2022-09-27,0.5,0,0,0,0.5,1,S0|cap=0.2|band=0.01
2022-09-28,0.5,0,0,0,0.5,1,S0|cap=0.2|band=0.01
2022-09-29,0.5,0,0,0,0.5,1,S0|cap=0.2|band=0.01
2022-09-30,0.5,0,0,0,0.5,1,S0|cap=0.2|band=0.01
2022-10-03,0.5,0,0,0,0.5,1,S0|cap=0.2|band=0.01
2022-10-04,0.5,0,0,0,0.5,1,S0|cap=0.2|band=0.01
2022-10-06,0.5,0,0,0,0.5,1,S0|cap=0.2|band=0.01
2022-10-07,0.5,0,0,0,0.5,1,S0|cap=0.2|band=0.01
2022-10-10,0.5,0,0,0,0.5,1,S0|cap=0.2|band=0.01
2022-10-11,0.5,0,0,0,0.5,1,S0|cap=0.2|band=0.01
2022-10-12,0.5,0,0,0,0.5,1,S0|cap=0.2|band=0.01
2022-10-13,0.5,0,0,0,0.5,1,S0|cap=0.2|band=0.01
2022-10-14,0.5,0,0,0,0.5,1,S0|cap=0.2|band=0.01
2022-10-17,0.5,0,0,0,0.5,1,S0|cap=0.2|band=0.01
2022-10-18,0.5,0,0,0,0.5,1,S0|cap=0.2|band=0.01
2022-10-19,0.5,0,0,0,0.5,1,S0|cap=0.2|band=0.01
2022-10-20,0.5,0,0,0,0.5,1,S0|cap=0.2|band=0.01
2022-10-21,0.5,0,0,0,0.5,1,S0|cap=0.2|band=0.01
2022-10-24,0.5,0,0,0,0.5,1,S0|cap=0.2|band=0.01
2022-10-25,0.5,0,0,0,0.5,1,S0|cap=0.2|band=0.01
2022-10-27,0.5,0,0,0,0.5,1,S0|cap=0.2|band=0.01
2022-10-28,0.5,0,0,0,0.5,1,S0|cap=0.2|band=0.01
2022-10-31,0.5,0,0,0,0.5,1,S0|cap=0.2|band=0.01
2022-11-01,0.5,0,0,0,0.5,1,S0|cap=0.2|band=0.01
2022-11-02,0.5,0,0,0,0.5,1,S0|cap=0.2|band=0.01
2022-11-03,0.5,0,0,0,0.5,1,S0|cap=0.2|band=0.01
2022-11-04,0.5,0,0,0,0.5,1,S0|cap=0.2|band=0.01
2022-11-07,0.5,0,0,0,0.5,1,S0|cap=0.2|band=0.01
2022-11-09,0.5,0,0,0,0.5,1,S0|cap=0.2|band=0.01
2022-11-10,0.5,0,0,0,0.5,1,S0|cap=0.2|band=0.01
2022-11-11,0.5,0,0,0,0.5,1,S0|cap=0.2|band=0.01
2022-11-14,0.5,0,0,0,0.5,1,S0|cap=0.2|band=0.01
2022-11-15,0.5,0,0,0,0.5,1,S0|cap=0.2|band=0.01
2022-11-16,0.5,0,0,0,0.5,1,S0|cap=0.2|band=0.01
2022-11-17,0.5,0,0,0,0.5,1,S0|cap=0.2|band=0.01
2022-11-18,0.5,0,0,0,0.5,1,S0|cap=0.2|band=0.01
2022-11-21,0.5,0,0,0,0.5,1,S0|cap=0.2|band=0.01
2022-11-22,0.5,0,0,0,0.5,1,S0|cap=0.2|band=0.01
2022-11-23,0.5,0,0,0,0.5,1,S0|cap=0.2|band=0.01
2022-11-24,0.5,0,0,0,0.5,1,S0|cap=0.2|band=0.01
2022-11-25,0.5,0,0,0,0.5,1,S0|cap=0.2|band=0.01
2022-11-28,0.5,0,0,0,0.5,1,S0|cap=0.2|band=0.01
2022-11-29,0.5,0,0,0,0.5,1,S0|cap=0.2|band=0.01
2022-11-30,0.5,0,0,0,0.5,1,S0|cap=0.2|band=0.01
2022-12-01,0.5,0,0,0,0.5,1,S0|cap=0.2|band=0.01
2022-12-02,0.5,0,0,0,0.5,1,S0|cap=0.2|band=0.01
2022-12-05,0.5,0,0,0,0.5,1,S0|cap=0.2|band=0.01
2022-12-06,0.5,0,0,0,0.5,1,S0|cap=0.2|band=0.01
2022-12-07,0.5,0,0,0,0.5,1,S0|cap=0.2|band=0.01
2022-12-08,0.5,0,0,0,0.5,1,S0|cap=0.2|band=0.01
2022-12-09,0.5,0,0,0,0.5,1,S0|cap=0.2|band=0.01
2022-12-12,0.5,0,0,0,0.5,1,S0|cap=0.2|band=0.01
2022-12-13,0.5,0,0,0,0.5,1,S0|cap=0.2|band=0.01
2022-12-14,0.5,0,0,0,0.5,1,S0|cap=0.2|band=0.01
2022-12-15,0.5,0,0,0,0.5,1,S0|cap=0.2|band=0.01
2022-12-16,0.5,0,0,0,0.5,1,S0|cap=0.2|band=0.01
2022-12-19,0.5,0,0,0,0.5,1,S0|cap=0.2|band=0.01
2022-12-20,0.5,0,0,0,0.5,1,S0|cap=0.2|band=0.01
2022-12-21,0.5,0,0,0,0.5,1,S0|cap=0.2|band=0.01
2022-12-22,0.5,0,0,0,0.5,1,S0|cap=0.2|band=0.01
2022-12-23,0.5,0,0,0,0.5,1,S0|cap=0.2|band=0.01
2022-12-26,0.5,0,0,0,0.5,1,S0|cap=0.2|band=0.01
2022-12-27,0.5,0,0,0,0.5,1,S0|cap=0.2|band=0.01
2022-12-28,0.5,0,0,0,0.5,1,S0|cap=0.2|band=0.01
2022-12-29,0.5,0,0,0,0.5,1,S0|cap=0.2|band=0.01
2022-12-30,0.5,0,0,0,0.5,1,S0|cap=0.2|band=0.01
2023-01-02,0.5,0,0,0,0.5,1,S0|cap=0.2|band=0.01
2023-01-03,0.5,0,0,0,0.5,1,S0|cap=0.2|band=0.01
2023-01-04,0.5,0,0,0,0.5,1,S0|cap=0.2|band=0.01
2023-01-05,0.5,0,0,0,0.5,1,S0|cap=0.2|band=0.01
2023-01-06,0.5,0,0,0,0.5,1,S0|cap=0.2|band=0.01
2023-01-09,0.5,0,0,0,0.5,1,S0|cap=0.2|band=0.01
2023-01-10,0.5,0,0,0,0.5,1,S0|cap=0.2|band=0.01
2023-01-11,0.5,0,0,0,0.5,1,S0|cap=0.2|band=0.01
2023-01-12,0.5,0,0,0,0.5,1,S0|cap=0.2|band=0.01
2023-01-13,0.5,0,0,0,0.5,1,S0|cap=0.2|band=0.01
2023-01-16,0.5,0,0,0,0.5,1,S0|cap=0.2|band=0.01
2023-01-17,0.5,0,0,0,0.5,1,S0|cap=0.2|band=0.01
2023-01-18,0.5,0,0,0,0.5,1,S0|cap=0.2|band=0.01
2023-01-19,0.5,0,0,0,0.5,1,S0|cap=0.2|band=0.01
2023-01-20,0.5,0,0,0,0.5,1,S0|cap=0.2|band=0.01
2023-01-23,0.5,0,0,0,0.5,1,S0|cap=0.2|band=0.01
2023-01-24,0.5,0,0,0,0.5,1,S0|cap=0.2|band=0.01
2023-01-25,0.5,0,0,0,0.5,1,S0|cap=0.2|band=0.01
2023-01-27,0.5,0,0,0,0.5,1,S0|cap=0.2|band=0.01
2023-01-30,0.5,0,0,0,0.5,1,S0|cap=0.2|band=0.01
2023-01-31,0.5,0,0,0,0.5,1,S0|cap=0.2|band=0.01
2023-02-01,0.5,0,0,0,0.5,1,S0|cap=0.2|band=0.01
2023-02-02,0.5,0,0,0,0.5,1,S0|cap=0.2|band=0.01
2023-02-03,0.5,0,0,0,0.5,1,S0|cap=0.2|band=0.01
2023-02-06,0.5,0,0,0,0.5,1,S0|cap=0.2|band=0.01
2023-02-07,0.5,0,0,0,0.5,1,S0|cap=0.2|band=0.01
2023-02-08,0.5,0,0,0,0.5,1,S0|cap=0.2|band=0.01
2023-02-09,0.5,0,0,0,0.5,1,S0|cap=0.2|band=0.01
2023-02-10,0.5,0,0,0,0.5,1,S0|cap=0.2|band=0.01
2023-02-13,0.5,0,0,0,0.5,1,S0|cap=0.2|band=0.01
2023-02-14,0.5,0,0,0,0.5,1,S0|cap=0.2|band=0.01
2023-02-15,0.5,0,0,0,0.5,1,S0|cap=0.2|band=0.01
2023-02-16,0.5,0,0,0,0.5,1,S0|cap=0.2|band=0.01
2023-02-17,0.5,0,0,0,0.5,1,S0|cap=0.2|band=0.01
2023-02-20,0.5,0,0,0,0.5,1,S0|cap=0.2|band=0.01
2023-02-21,0.5,0,0,0,0.5,1,S0|cap=0.2|band=0.01
2023-02-22,0.5,0,0,0,0.5,1,S0|cap=0.2|band=0.01
2023-02-23,0.5,0,0,0,0.5,1,S0|cap=0.2|band=0.01
2023-02-24,0.5,0,0,0,0.5,1,S0|cap=0.2|band=0.01
2023-02-27,0.5,0,0,0,0.5,1,S0|cap=0.2|band=0.01
2023-02-28,0.5,0,0,0,0.5,1,S0|cap=0.2|band=0.01
2023-03-01,0.5,0,0,0,0.5,1,S0|cap=0.2|band=0.01
2023-03-02,0.5,0,0,0,0.5,1,S0|cap=0.2|band=0.01
2023-03-03,0.5,0,0,0,0.5,1,S0|cap=0.2|band=0.01
2023-03-06,0.5,0,0,0,0.5,1,S0|cap=0.2|band=0.01
2023-03-08,0.5,0,0,0,0.5,1,S0|cap=0.2|band=0.01
2023-03-09,0.5,0,0,0,0.5,1,S0|cap=0.2|band=0.01
2023-03-10,0.5,0,0,0,0.5,1,S0|cap=0.2|band=0.01
2023-03-13,0.5,0,0,0,0.5,1,S0|cap=0.2|band=0.01
2023-03-14,0.5,0,0,0,0.5,1,S0|cap=0.2|band=0.01
2023-03-15,0.5,0,0,0,0.5,1,S0|cap=0.2|band=0.01
2023-03-16,0.5,0,0,0,0.5,1,S0|cap=0.2|band=0.01
2023-03-17,0.5,0,0,0,0.5,1,S0|cap=0.2|band=0.01
2023-03-20,0.5,0,0,0,0.5,1,S0|cap=0.2|band=0.01
2023-03-21,0.5,0,0,0,0.5,1,S0|cap=0.2|band=0.01
2023-03-22,0.5,0,0,0,0.5,1,S0|cap=0.2|band=0.01
2023-03-23,0.5,0,0,0,0.5,1,S0|cap=0.2|band=0.01
2023-03-24,0.5,0,0,0,0.5,1,S0|cap=0.2|band=0.01
2023-03-27,0.5,0,0,0,0.5,1,S0|cap=0.2|band=0.01
2023-03-28,0.5,0,0,0,0.5,1,S0|cap=0.2|band=0.01
2023-03-29,0.5,0,0,0,0.5,1,S0|cap=0.2|band=0.01
2023-03-31,0.5,0,0,0,0.5,1,S0|cap=0.2|band=0.01
2023-04-03,0.5,0,0,0,0.5,1,S0|cap=0.2|band=0.01
2023-04-05,0.5,0,0,0,0.5,1,S0|cap=0.2|band=0.01
2023-04-06,0.5,0,0,0,0.5,1,S0|cap=0.2|band=0.01
2023-04-10,0.5,0,0,0,0.5,1,S0|cap=0.2|band=0.01
2023-04-11,0.5,0,0,0,0.5,1,S0|cap=0.2|band=0.01
2023-04-12,0.5,0,0,0,0.5,1,S0|cap=0.2|band=0.01
2023-04-13,0.5,0,0,0,0.5,1,S0|cap=0.2|band=0.01
2023-04-17,0.5,0,0,0,0.5,1,S0|cap=0.2|band=0.01
2023-04-18,0.5,0,0,0,0.5,1,S0|cap=0.2|band=0.01
2023-04-19,0.5,0,0,0,0.5,1,S0|cap=0.2|band=0.01
2023-04-20,0.5,0,0,0,0.5,1,S0|cap=0.2|band=0.01
2023-04-21,0.5,0,0,0,0.5,1,S0|cap=0.2|band=0.01
2023-04-24,0.5,0,0,0,0.5,1,S0|cap=0.2|band=0.01
2023-04-25,0.5,0,0,0,0.5,1,S0|cap=0.2|band=0.01
2023-04-26,0.5,0,0,0,0.5,1,S0|cap=0.2|band=0.01
2023-04-27,0.5,0,0,0,0.5,1,S0|cap=0.2|band=0.01
2023-04-28,0.5,0,0,0,0.5,1,S0|cap=0.2|band=0.01
2023-05-02,0.5,0,0,0,0.5,1,S0|cap=0.2|band=0.01
2023-05-03,0.5,0,0,0,0.5,1,S0|cap=0.2|band=0.01
2023-05-04,0.5,0,0,0,0.5,1,S0|cap=0.2|band=0.01
2023-05-05,0.5,0,0,0,0.5,1,S0|cap=0.2|band=0.01
2023-05-08,0.5,0,0,0,0.5,1,S0|cap=0.2|band=0.01
2023-05-09,0.5,0,0,0,0.5,1,S0|cap=0.2|band=0.01
2023-05-10,0.5,0,0,0,0.5,1,S0|cap=0.2|band=0.01
2023-05-11,0.5,0,0,0,0.5,1,S0|cap=0.2|band=0.01
2023-05-12,0.5,0,0,0,0.5,1,S0|cap=0.2|band=0.01
2023-05-15,0.5,0,0,0,0.5,1,S0|cap=0.2|band=0.01
2023-05-16,0.5,0,0,0,0.5,1,S0|cap=0.2|band=0.01
2023-05-17,0.5,0,0,0,0.5,1,S0|cap=0.2|band=0.01
2023-05-18,0.5,0,0,0,0.5,1,S0|cap=0.2|band=0.01
2023-05-19,0.5,0,0,0,0.5,1,S0|cap=0.2|band=0.01
2023-05-22,0.5,0,0,0,0.5,1,S0|cap=0.2|band=0.01
2023-05-23,0.5,0,0,0,0.5,1,S0|cap=0.2|band=0.01
2023-05-24,0.5,0,0,0,0.5,1,S0|cap=0.2|band=0.01
2023-05-25,0.5,0,0,0,0.5,1,S0|cap=0.2|band=0.01
2023-05-26,0.5,0,0,0,0.5,1,S0|cap=0.2|band=0.01
2023-05-29,0.5,0,0,0,0.5,1,S0|cap=0.2|band=0.01
2023-05-30,0.5,0,0,0,0.5,1,S0|cap=0.2|band=0.01
2023-05-31,0.5,0,0,0,0.5,1,S0|cap=0.2|band=0.01
2023-06-01,0.5,0,0,0,0.5,1,S0|cap=0.2|band=0.01
2023-06-02,0.5,0,0,0,0.5,1,S0|cap=0.2|band=0.01
2023-06-05,0.5,0,0,0,0.5,1,S0|cap=0.2|band=0.01
2023-06-06,0.5,0,0,0,0.5,1,S0|cap=0.2|band=0.01
2023-06-07,0.5,0,0,0,0.5,1,S0|cap=0.2|band=0.01
2023-06-08,0.5,0,0,0,0.5,1,S0|cap=0.2|band=0.01
2023-06-09,0.5,0,0,0,0.5,1,S0|cap=0.2|band=0.01
2023-06-12,0.5,0,0,0,0.5,1,S0|cap=0.2|band=0.01
2023-06-13,0.5,0,0,0,0.5,1,S0|cap=0.2|band=0.01
2023-06-14,0.5,0,0,0,0.5,1,S0|cap=0.2|band=0.01
2023-06-15,0.5,0,0,0,0.5,1,S0|cap=0.2|band=0.01
2023-06-16,0.5,0,0,0,0.5,1,S0|cap=0.2|band=0.01
2023-06-19,0.5,0,0,0,0.5,1,S0|cap=0.2|band=0.01
2023-06-20,0.5,0,0,0,0.5,1,S0|cap=0.2|band=0.01
2023-06-21,0.5,0,0,0,0.5,1,S0|cap=0.2|band=0.01
2023-06-22,0.5,0,0,0,0.5,1,S0|cap=0.2|band=0.01
2023-06-23,0.5,0,0,0,0.5,1,S0|cap=0.2|band=0.01
2023-06-26,0.5,0,0,0,0.5,1,S0|cap=0.2|band=0.01
2023-06-27,0.5,0,0,0,0.5,1,S0|cap=0.2|band=0.01
2023-06-28,0.5,0,0,0,0.5,1,S0|cap=0.2|band=0.01
2023-06-30,0.5,0,0,0,0.5,1,S0|cap=0.2|band=0.01
2023-07-03,0.5,0,0,0,0.5,1,S0|cap=0.2|band=0.01
2023-07-04,0.5,0,0,0,0.5,1,S0|cap=0.2|band=0.01
2023-07-05,0.5,0,0,0,0.5,1,S0|cap=0.2|band=0.01
2023-07-06,0.5,0,0,0,0.5,1,S0|cap=0.2|band=0.01
2023-07-07,0.5,0,0,0,0.5,1,S0|cap=0.2|band=0.01
2023-07-10,0.5,0,0,0,0.5,1,S0|cap=0.2|band=0.01
2023-07-11,0.5,0,0,0,0.5,1,S0|cap=0.2|band=0.01
2023-07-12,0.5,0,0,0,0.5,1,S0|cap=0.2|band=0.01
2023-07-13,0.5,0,0,0,0.5,1,S0|cap=0.2|band=0.01
2023-07-14,0.5,0,0,0,0.5,1,S0|cap=0.2|band=0.01
2023-07-17,0.5,0,0,0,0.5,1,S0|cap=0.2|band=0.01
2023-07-18,0.5,0,0,0,0.5,1,S0|cap=0.2|band=0.01
2023-07-19,0.5,0,0,0,0.5,1,S0|cap=0.2|band=0.01
2023-07-20,0.5,0,0,0,0.5,1,S0|cap=0.2|band=0.01
2023-07-21,0.5,0,0,0,0.5,1,S0|cap=0.2|band=0.01
2023-07-24,0.5,0,0,0,0.5,1,S0|cap=0.2|band=0.01
2023-07-25,0.5,0,0,0,0.5,1,S0|cap=0.2|band=0.01
2023-07-26,0.5,0,0,0,0.5,1,S0|cap=0.2|band=0.01
2023-07-27,0.5,0,0,0,0.5,1,S0|cap=0.2|band=0.01
2023-07-28,0.5,0,0,0,0.5,1,S0|cap=0.2|band=0.01
2023-07-31,0.5,0,0,0,0.5,1,S0|cap=0.2|band=0.01
2023-08-01,0.5,0,0,0,0.5,1,S0|cap=0.2|band=0.01
2023-08-02,0.5,0,0,0,0.5,1,S0|cap=0.2|band=0.01
2023-08-03,0.5,0,0,0,0.5,1,S0|cap=0.2|band=0.01
2023-08-04,0.5,0,0,0,0.5,1,S0|cap=0.2|band=0.01
2023-08-07,0.5,0,0,0,0.5,1,S0|cap=0.2|band=0.01
2023-08-08,0.5,0,0,0,0.5,1,S0|cap=0.2|band=0.01
2023-08-09,0.5,0,0,0,0.5,1,S0|cap=0.2|band=0.01
2023-08-10,0.5,0,0,0,0.5,1,S0|cap=0.2|band=0.01
2023-08-11,0.5,0,0,0,0.5,1,S0|cap=0.2|band=0.01
2023-08-14,0.5,0,0,0,0.5,1,S0|cap=0.2|band=0.01
2023-08-16,0.5,0,0,0,0.5,1,S0|cap=0.2|band=0.01
2023-08-17,0.5,0,0,0,0.5,1,S0|cap=0.2|band=0.01
2023-08-18,0.5,0,0,0,0.5,1,S0|cap=0.2|band=0.01
2023-08-21,0.5,0,0,0,0.5,1,S0|cap=0.2|band=0.01
2023-08-22,0.5,0,0,0,0.5,1,S0|cap=0.2|band=0.01
2023-08-23,0.5,0,0,0,0.5,1,S0|cap=0.2|band=0.01
2023-08-24,0.5,0,0,0,0.5,1,S0|cap=0.2|band=0.01
2023-08-25,0.5,0,0,0,0.5,1,S0|cap=0.2|band=0.01
2023-08-28,0.5,0,0,0,0.5,1,S0|cap=0.2|band=0.01
2023-08-29,0.5,0,0,0,0.5,1,S0|cap=0.2|band=0.01
2023-08-30,0.5,0,0,0,0.5,1,S0|cap=0.2|band=0.01
2023-08-31,0.5,0,0,0,0.5,1,S0|cap=0.2|band=0.01
2023-09-01,0.5,0,0,0,0.5,1,S0|cap=0.2|band=0.01
2023-09-04,0.5,0,0,0,0.5,1,S0|cap=0.2|band=0.01
2023-09-05,0.5,0,0,0,0.5,1,S0|cap=0.2|band=0.01
2023-09-06,0.5,0,0,0,0.5,1,S0|cap=0.2|band=0.01
2023-09-07,0.5,0,0,0,0.5,1,S0|cap=0.2|band=0.01
2023-09-08,0.5,0,0,0,0.5,1,S0|cap=0.2|band=0.01
2023-09-11,0.5,0,0,0,0.5,1,S0|cap=0.2|band=0.01
2023-09-12,0.5,0,0,0,0.5,1,S0|cap=0.2|band=0.01
2023-09-13,0.5,0,0,0,0.5,1,S0|cap=0.2|band=0.01
2023-09-14,0.5,0,0,0,0.5,1,S0|cap=0.2|band=0.01
2023-09-15,0.5,0,0,0,0.5,1,S0|cap=0.2|band=0.01
2023-09-18,0.5,0,0,0,0.5,1,S0|cap=0.2|band=0.01
2023-09-20,0.5,0,0,0,0.5,1,S0|cap=0.2|band=0.01
2023-09-21,0.5,0,0,0,0.5,1,S0|cap=0.2|band=0.01
2023-09-22,0.5,0,0,0,0.5,1,S0|cap=0.2|band=0.01
2023-09-25,0.5,0,0,0,0.5,1,S0|cap=0.2|band=0.01
2023-09-26,0.5,0,0,0,0.5,1,S0|cap=0.2|band=0.01
2023-09-27,0.5,0,0,0,0.5,1,S0|cap=0.2|band=0.01
2023-09-28,0.5,0,0,0,0.5,1,S0|cap=0.2|band=0.01
2023-09-29,0.5,0,0,0,0.5,1,S0|cap=0.2|band=0.01
2023-10-03,0.5,0,0,0,0.5,1,S0|cap=0.2|band=0.01
2023-10-04,0.5,0,0,0,0.5,1,S0|cap=0.2|band=0.01
2023-10-05,0.5,0,0,0,0.5,1,S0|cap=0.2|band=0.01
2023-10-06,0.5,0,0,0,0.5,1,S0|cap=0.2|band=0.01
2023-10-09,0.5,0,0,0,0.5,1,S0|cap=0.2|band=0.01
2023-10-10,0.5,0,0,0,0.5,1,S0|cap=0.2|band=0.01
2023-10-11,0.5,0,0,0,0.5,1,S0|cap=0.2|band=0.01
2023-10-12,0.5,0,0,0,0.5,1,S0|cap=0.2|band=0.01
2023-10-13,0.5,0,0,0,0.5,1,S0|cap=0.2|band=0.01
2023-10-16,0.5,0,0,0,0.5,1,S0|cap=0.2|band=0.01
2023-10-17,0.5,0,0,0,0.5,1,S0|cap=0.2|band=0.01
2023-10-18,0.5,0,0,0,0.5,1,S0|cap=0.2|band=0.01
2023-10-19,0.5,0,0,0,0.5,1,S0|cap=0.2|band=0.01
2023-10-20,0.5,0,0,0,0.5,1,S0|cap=0.2|band=0.01
2023-10-23,0.5,0,0,0,0.5,1,S0|cap=0.2|band=0.01
2023-10-25,0.5,0,0,0,0.5,1,S0|cap=0.2|band=0.01
2023-10-26,0.5,0,0,0,0.5,1,S0|cap=0.2|band=0.01
2023-10-27,0.5,0,0,0,0.5,1,S0|cap=0.2|band=0.01
2023-10-30,0.5,0,0,0,0.5,1,S0|cap=0.2|band=0.01
2023-10-31,0.5,0,0,0,0.5,1,S0|cap=0.2|band=0.01
2023-11-01,0.5,0,0,0,0.5,1,S0|cap=0.2|band=0.01
2023-11-02,0.5,0,0,0,0.5,1,S0|cap=0.2|band=0.01
2023-11-03,0.5,0,0,0,0.5,1,S0|cap=0.2|band=0.01
2023-11-06,0.5,0,0,0,0.5,1,S0|cap=0.2|band=0.01
2023-11-07,0.5,0,0,0,0.5,1,S0|cap=0.2|band=0.01
2023-11-08,0.5,0,0,0,0.5,1,S0|cap=0.2|band=0.01
2023-11-09,0.5,0,0,0,0.5,1,S0|cap=0.2|band=0.01
2023-11-10,0.5,0,0,0,0.5,1,S0|cap=0.2|band=0.01
2023-11-12,0.5,0,0,0,0.5,1,S0|cap=0.2|band=0.01
2023-11-13,0.5,0,0,0,0.5,1,S0|cap=0.2|band=0.01
2023-11-15,0.5,0,0,0,0.5,1,S0|cap=0.2|band=0.01
2023-11-16,0.5,0,0,0,0.5,1,S0|cap=0.2|band=0.01
2023-11-17,0.5,0,0,0,0.5,1,S0|cap=0.2|band=0.01
2023-11-20,0.5,0,0,0,0.5,1,S0|cap=0.2|band=0.01
2023-11-21,0.5,0,0,0,0.5,1,S0|cap=0.2|band=0.01
2023-11-22,0.5,0,0,0,0.5,1,S0|cap=0.2|band=0.01
2023-11-23,0.5,0,0,0,0.5,1,S0|cap=0.2|band=0.01
2023-11-24,0.5,0,0,0,0.5,1,S0|cap=0.2|band=0.01
2023-11-28,0.5,0,0,0,0.5,1,S0|cap=0.2|band=0.01
2023-11-29,0.5,0,0,0,0.5,1,S0|cap=0.2|band=0.01
2023-11-30,0.5,0,0,0,0.5,1,S0|cap=0.2|band=0.01
2023-12-01,0.5,0,0,0,0.5,1,S0|cap=0.2|band=0.01
2023-12-04,0.5,0,0,0,0.5,1,S0|cap=0.2|band=0.01
2023-12-05,0.5,0,0,0,0.5,1,S0|cap=0.2|band=0.01
2023-12-06,0.5,0,0,0,0.5,1,S0|cap=0.2|band=0.01
2023-12-07,0.5,0,0,0,0.5,1,S0|cap=0.2|band=0.01
2023-12-08,0.5,0,0,0,0.5,1,S0|cap=0.2|band=0.01
2023-12-11,0.5,0,0,0,0.5,1,S0|cap=0.2|band=0.01
2023-12-12,0.5,0,0,0,0.5,1,S0|cap=0.2|band=0.01
2023-12-13,0.5,0,0,0,0.5,1,S0|cap=0.2|band=0.01
2023-12-14,0.5,0,0,0,0.5,1,S0|cap=0.2|band=0.01
2023-12-15,0.5,0,0,0,0.5,1,S0|cap=0.2|band=0.01
2023-12-18,0.5,0,0,0,0.5,1,S0|cap=0.2|band=0.01
2023-12-19,0.5,0,0,0,0.5,1,S0|cap=0.2|band=0.01
2023-12-20,0.5,0,0,0,0.5,1,S0|cap=0.2|band=0.01
2023-12-21,0.5,0,0,0,0.5,1,S0|cap=0.2|band=0.01
2023-12-22,0.5,0,0,0,0.5,1,S0|cap=0.2|band=0.01
2023-12-26,0.5,0,0,0,0.5,1,S0|cap=0.2|band=0.01
2023-12-27,0.5,0,0,0,0.5,1,S0|cap=0.2|band=0.01
2023-12-28,0.5,0,0,0,0.5,1,S0|cap=0.2|band=0.01
2023-12-29,0.5,0,0,0,0.5,1,S0|cap=0.2|band=0.01
2024-01-01,0.5,0,0,0,0.5,1,S0|cap=0.2|band=0.01
2024-01-02,0.5,0,0,0,0.5,1,S0|cap=0.2|band=0.01
2024-01-03,0.5,0,0,0,0.5,1,S0|cap=0.2|band=0.01
2024-01-04,0.5,0,0,0,0.5,1,S0|cap=0.2|band=0.01
2024-01-05,0.5,0,0,0,0.5,1,S0|cap=0.2|band=0.01
2024-01-08,0.5,0,0,0,0.5,1,S0|cap=0.2|band=0.01
2024-01-09,0.5,0,0,0,0.5,1,S0|cap=0.2|band=0.01
2024-01-10,0.5,0,0,0,0.5,1,S0|cap=0.2|band=0.01
2024-01-11,0.5,0,0,0,0.5,1,S0|cap=0.2|band=0.01
2024-01-12,0.5,0,0,0,0.5,1,S0|cap=0.2|band=0.01
2024-01-15,0.5,0,0,0,0.5,1,S0|cap=0.2|band=0.01
2024-01-16,0.5,0,0,0,0.5,1,S0|cap=0.2|band=0.01
2024-01-17,0.5,0,0,0,0.5,1,S0|cap=0.2|band=0.01
2024-01-18,0.5,0,0,0,0.5,1,S0|cap=0.2|band=0.01
2024-01-19,0.5,0,0,0,0.5,1,S0|cap=0.2|band=0.01
2024-01-20,0.5,0,0,0,0.5,1,S0|cap=0.2|band=0.01
2024-01-23,0.5,0,0,0,0.5,1,S0|cap=0.2|band=0.01
2024-01-24,0.5,0,0,0,0.5,1,S0|cap=0.2|band=0.01
2024-01-25,0.5,0,0,0,0.5,1,S0|cap=0.2|band=0.01
2024-01-29,0.5,0,0,0,0.5,1,S0|cap=0.2|band=0.01
2024-01-30,0.5,0,0,0,0.5,1,S0|cap=0.2|band=0.01
2024-01-31,0.5,0,0,0,0.5,1,S0|cap=0.2|band=0.01
2024-02-01,0.5,0,0,0,0.5,1,S0|cap=0.2|band=0.01
2024-02-02,0.5,0,0,0,0.5,1,S0|cap=0.2|band=0.01
2024-02-05,0.5,0,0,0,0.5,1,S0|cap=0.2|band=0.01
2024-02-06,0.5,0,0,0,0.5,1,S0|cap=0.2|band=0.01
2024-02-07,0.5,0,0,0,0.5,1,S0|cap=0.2|band=0.01
2024-02-08,0.5,0,0,0,0.5,1,S0|cap=0.2|band=0.01
2024-02-09,0.5,0,0,0,0.5,1,S0|cap=0.2|band=0.01
2024-02-12,0.5,0,0,0,0.5,1,S0|cap=0.2|band=0.01
2024-02-13,0.5,0,0,0,0.5,1,S0|cap=0.2|band=0.01
2024-02-14,0.5,0,0,0,0.5,1,S0|cap=0.2|band=0.01
2024-02-15,0.5,0,0,0,0.5,1,S0|cap=0.2|band=0.01
2024-02-16,0.5,0,0,0,0.5,1,S0|cap=0.2|band=0.01
2024-02-19,0.5,0,0,0,0.5,1,S0|cap=0.2|band=0.01
2024-02-20,0.5,0,0,0,0.5,1,S0|cap=0.2|band=0.01
2024-02-21,0.5,0,0,0,0.5,1,S0|cap=0.2|band=0.01
2024-02-22,0.5,0,0,0,0.5,1,S0|cap=0.2|band=0.01
2024-02-23,0.5,0,0,0,0.5,1,S0|cap=0.2|band=0.01
2024-02-26,0.5,0,0,0,0.5,1,S0|cap=0.2|band=0.01
2024-02-27,0.5,0,0,0,0.5,1,S0|cap=0.2|band=0.01
2024-02-28,0.5,0,0,0,0.5,1,S0|cap=0.2|band=0.01
2024-02-29,0.5,0,0,0,0.5,1,S0|cap=0.2|band=0.01
2024-03-01,0.5,0,0,0,0.5,1,S0|cap=0.2|band=0.01
2024-03-02,0.5,0,0,0,0.5,1,S0|cap=0.2|band=0.01
2024-03-04,0.5,0,0,0,0.5,1,S0|cap=0.2|band=0.01
2024-03-05,0.5,0,0,0,0.5,1,S0|cap=0.2|band=0.01
2024-03-06,0.5,0,0,0,0.5,1,S0|cap=0.2|band=0.01
2024-03-07,0.5,0,0,0,0.5,1,S0|cap=0.2|band=0.01
2024-03-11,0.5,0,0,0,0.5,1,S0|cap=0.2|band=0.01
2024-03-12,0.5,0,0,0,0.5,1,S0|cap=0.2|band=0.01
2024-03-13,0.5,0,0,0,0.5,1,S0|cap=0.2|band=0.01
2024-03-14,0.5,0,0,0,0.5,1,S0|cap=0.2|band=0.01
2024-03-15,0.5,0,0,0,0.5,1,S0|cap=0.2|band=0.01
2024-03-18,0.5,0,0,0,0.5,1,S0|cap=0.2|band=0.01
2024-03-19,0.5,0,0,0,0.5,1,S0|cap=0.2|band=0.01
2024-03-20,0.5,0,0,0,0.5,1,S0|cap=0.2|band=0.01
2024-03-21,0.5,0,0,0,0.5,1,S0|cap=0.2|band=0.01
2024-03-22,0.5,0,0,0,0.5,1,S0|cap=0.2|band=0.01
2024-03-26,0.5,0,0,0,0.5,1,S0|cap=0.2|band=0.01
2024-03-27,0.5,0,0,0,0.5,1,S0|cap=0.2|band=0.01
2024-03-28,0.5,0,0,0,0.5,1,S0|cap=0.2|band=0.01
2024-04-01,0.2,0.2,0.2,0.2,0.2,1,"E1|equal-weight,rebalance=year|band=0.01"
2024-04-02,0.1996935529,0.2014335326,0.1990077343,0.200417807,0.1994473732,1,"E1|equal-weight,rebalance=year|band=0.01"
2024-04-03,0.1993746604,0.2017826542,0.1990374382,0.200589761,0.1992154862,1,"E1|equal-weight,rebalance=year|band=0.01"
2024-04-04,0.1993308259,0.200278874,0.2002585735,0.2014261599,0.1987055667,1,"E1|equal-weight,rebalance=year|band=0.01"
2024-04-05,0.1987224461,0.2011466868,0.2013960316,0.2004471682,0.1982876673,1,"E1|equal-weight,rebalance=year|band=0.01"
2024-04-08,0.1986692297,0.2010068755,0.2002891966,0.2030135648,0.1970211334,1,"E1|equal-weight,rebalance=year|band=0.01"
2024-04-09,0.198340304,0.2001282416,0.2009611419,0.2038300749,0.1967402376,1,"E1|equal-weight,rebalance=year|band=0.01"
2024-04-10,0.1983109436,0.2012225184,0.2009782931,0.2033623384,0.1961259065,1,"E1|equal-weight,rebalance=year|band=0.01"
2024-04-12,0.1966640869,0.2000223841,0.1995517963,0.2076240465,0.1961376862,1,"E1|equal-weight,rebalance=year|band=0.01"
2024-04-15,0.1966331923,0.1991164642,0.1983406749,0.2075484699,0.1983611987,1,"E1|equal-weight,rebalance=year|band=0.01"
2024-04-16,0.1954776923,0.1991553166,0.1973468604,0.2096995866,0.1983205441,1,"E1|equal-weight,rebalance=year|band=0.01"
2024-04-18,0.1948237975,0.199408996,0.1961668431,0.2105897155,0.1990106479,1,"E1|equal-weight,rebalance=year|band=0.01"
2024-04-19,0.1952949703,0.1985095054,0.1972845847,0.2106797733,0.1982311663,1,"E1|equal-weight,rebalance=year|band=0.01"
2024-04-22,0.195946367,0.200125,0.1981839956,0.2081751697,0.1975694677,1,"E1|equal-weight,rebalance=year|band=0.01"
2024-04-23,0.1972136411,0.2014836662,0.1987824619,0.2040442749,0.1984759559,1,"E1|equal-weight,rebalance=year|band=0.01"
2024-04-24,0.1965206353,0.2021423694,0.198774786,0.2048479431,0.1977142662,1,"E1|equal-weight,rebalance=year|band=0.01"
2024-04-25,0.1968140755,0.2024696872,0.1992455495,0.2044960165,0.1969746713,1,"E1|equal-weight,rebalance=year|band=0.01"
2024-04-26,0.1958586417,0.2037591691,0.1979202724,0.2057599975,0.1967019193,1,"E1|equal-weight,rebalance=year|band=0.01"
2024-04-29,0.1961516363,0.2028819589,0.2013535066,0.2041998589,0.1954130393,1,"E1|equal-weight,rebalance=year|band=0.01"
2024-04-30,0.1957984459,0.2045727919,0.2012567057,0.202864671,0.1955073855,1,"E1|equal-weight,rebalance=year|band=0.01"
2024-05-02,0.1957832104,0.2069456496,0.2001879931,0.202118469,0.1949646779,1,"E1|equal-weight,rebalance=year|band=0.01"
2024-05-03,0.1949152297,0.2076880587,0.199944697,0.2016792562,0.1957727584,1,"E1|equal-weight,rebalance=year|band=0.01"
2024-05-06,0.1951043558,0.2055170852,0.2000188937,0.2029861258,0.1963735395,1,"E1|equal-weight,rebalance=year|band=0.01"
2024-05-07,0.1953735583,0.203645294,0.1991358646,0.2041680597,0.1976772234,1,"E1|equal-weight,rebalance=year|band=0.01"
2024-05-08,0.1953080516,0.2057660612,0.1980065633,0.2033871689,0.197532155,1,"E1|equal-weight,rebalance=year|band=0.01"
2024-05-09,0.1941197072,0.2037624817,0.1977402847,0.204991561,0.1993859654,1,"E1|equal-weight,rebalance=year|band=0.01"
2024-05-10,0.1936406691,0.2038565454,0.196485246,0.2082962177,0.1977213218,1,"E1|equal-weight,rebalance=year|band=0.01"
2024-05-13,0.193752316,0.2050213941,0.1977643277,0.2056650593,0.1977969029,1,"E1|equal-weight,rebalance=year|band=0.01"
2024-05-14,0.1940172418,0.2070096093,0.1971561347,0.2048692889,0.1969477253,1,"E1|equal-weight,rebalance=year|band=0.01"
2024-05-15,0.1934721748,0.2076955578,0.1960548898,0.2061887047,0.1965886729,1,"E1|equal-weight,rebalance=year|band=0.01"
2024-05-16,0.1939096536,0.2082000214,0.196060113,0.2061536856,0.1956765264,1,"E1|equal-weight,rebalance=year|band=0.01"
2024-05-17,0.1936049869,0.2104121485,0.1957652393,0.205242144,0.1949754813,1,"E1|equal-weight,rebalance=year|band=0.01"
2024-05-18,0.1928240942,0.2110259634,0.1949944748,0.2072159171,0.1939395505,1,"E1|equal-weight,rebalance=year|band=0.01"
2024-05-21,0.1930640806,0.2125422205,0.1945316292,0.2060452225,0.1938168472,1,"E1|equal-weight,rebalance=year|band=0.01"
2024-05-22,0.1934778137,0.2129820557,0.1936077466,0.2061398615,0.1937925225,1,"E1|equal-weight,rebalance=year|band=0.01"
2024-05-23,0.1956705893,0.2132143927,0.1963348307,0.2017830717,0.1929971156,1,"E1|equal-weight,rebalance=year|band=0.01"
2024-05-24,0.1961444505,0.2142353908,0.1973049331,0.1993345804,0.1929806452,1,"E1|equal-weight,rebalance=year|band=0.01"
2024-05-27,0.1956886835,0.2140517048,0.197986803,0.1994340296,0.1928387791,1,"E1|equal-weight,rebalance=year|band=0.01"
2024-05-28,0.1956582974,0.2126676542,0.1982310515,0.2002040381,0.1932389588,1,"E1|equal-weight,rebalance=year|band=0.01"
2024-05-29,0.1951891907,0.2122413862,0.1969223675,0.2014355977,0.1942114579,1,"E1|equal-weight,rebalance=year|band=0.01"
2024-05-30,0.1944293575,0.2114926597,0.1982749255,0.2007501122,0.1950529451,1,"E1|equal-weight,rebalance=year|band=0.01"
2024-05-31,0.1942775562,0.2107656343,0.198874234,0.2017650012,0.1943175743,1,"E1|equal-weight,rebalance=year|band=0.01"
2024-06-03,0.1957610948,0.2153149825,0.2027691121,0.1955414339,0.1906133767,1,"E1|equal-weight,rebalance=year|band=0.01"
2024-06-04,0.1930954338,0.2159779148,0.1984452917,0.1986788235,0.1938025362,1,"E1|equal-weight,rebalance=year|band=0.01"
2024-06-05,0.1951760559,0.2093888681,0.1995833429,0.2005609531,0.19529078,1,"E1|equal-weight,rebalance=year|band=0.01"
2024-06-06,0.1947923481,0.211762496,0.1984315203,0.2013605346,0.193653101,1,"E1|equal-weight,rebalance=year|band=0.01"
2024-06-07,0.1973872353,0.2129252589,0.198971876,0.198577405,0.1921382248,1,"E1|equal-weight,rebalance=year|band=0.01"
2024-06-10,0.1973515418,0.215118766,0.1991730027,0.1957851714,0.1925715181,1,"E1|equal-weight,rebalance=year|band=0.01"
2024-06-11,0.1977558609,0.2146465221,0.1987575515,0.1964773882,0.1923626773,1,"E1|equal-weight,rebalance=year|band=0.01"
2024-06-12,0.1975240315,0.21543181,0.1989534878,0.1963515925,0.1917390782,1,"E1|equal-weight,rebalance=year|band=0.01"
2024-06-13,0.1977251764,0.2167113068,0.1984015504,0.195864406,0.1912975604,1,"E1|equal-weight,rebalance=year|band=0.01"
2024-06-14,0.1972001571,0.2188750798,0.1982399726,0.1951142169,0.1905705736,1,"E1|equal-weight,rebalance=year|band=0.01"
2024-06-18,0.1973127838,0.2195200634,0.1993265644,0.1936796467,0.1901609417,1,"E1|equal-weight,rebalance=year|band=0.01"
2024-06-19,0.1966008983,0.2169457854,0.2024808603,0.1943301298,0.1896423262,1,"E1|equal-weight,rebalance=year|band=0.01"
2024-06-20,0.1962396745,0.2164843726,0.2034498115,0.1947421843,0.1890839571,1,"E1|equal-weight,rebalance=year|band=0.01"
2024-06-21,0.1958255162,0.2152284878,0.203048246,0.1965616643,0.1893360857,1,"E1|equal-weight,rebalance=year|band=0.01"
2024-06-24,0.1965734913,0.216637931,0.2033890774,0.1938073797,0.1895921206,1,"E1|equal-weight,rebalance=year|band=0.01"
2024-06-25,0.1970970457,0.2150075554,0.2058500795,0.193314411,0.1887309084,1,"E1|equal-weight,rebalance=year|band=0.01"
2024-06-26,0.1979855573,0.2146329286,0.2065606681,0.1922233559,0.1885974901,1,"E1|equal-weight,rebalance=year|band=0.01"
2024-06-27,0.199251525,0.2144327478,0.2062561712,0.1916019062,0.1884576498,1,"E1|equal-weight,rebalance=year|band=0.01"
2024-06-28,0.1994735021,0.2147966449,0.20496651,0.1924191226,0.1883442204,1,"E1|equal-weight,rebalance=year|band=0.01"
2024-07-01,0.1994442043,0.2160302459,0.2051011363,0.1915497807,0.1878746328,1,"E1|equal-weight,rebalance=year|band=0.01"
2024-07-02,0.200037352,0.2160622769,0.2037834084,0.1921360739,0.1879808888,1,"E1|equal-weight,rebalance=year|band=0.01"
2024-07-03,0.1996946216,0.2161522443,0.2052341621,0.192055828,0.186863144,1,"E1|equal-weight,rebalance=year|band=0.01"
2024-07-04,0.1994593908,0.21679111,0.2049725526,0.1923071541,0.1864697925,1,"E1|equal-weight,rebalance=year|band=0.01"
2024-07-05,0.1992708294,0.2183285099,0.2033542444,0.1927209459,0.1863254704,1,"E1|equal-weight,rebalance=year|band=0.01"
2024-07-08,0.1990066117,0.2186438481,0.2027367345,0.1930969097,0.186515896,1,"E1|equal-weight,rebalance=year|band=0.01"
2024-07-09,0.1996415771,0.2191354423,0.2028385323,0.1921616865,0.1862227618,1,"E1|equal-weight,rebalance=year|band=0.01"
2024-07-10,0.1995098394,0.2194156242,0.2017603078,0.1928623738,0.1864518548,1,"E1|equal-weight,rebalance=year|band=0.01"
2024-07-11,0.1991573597,0.2197083618,0.201774932,0.1930807706,0.1862785759,1,"E1|equal-weight,rebalance=year|band=0.01"
2024-07-12,0.1999360794,0.2187563444,0.2014367324,0.1936445706,0.1862262732,1,"E1|equal-weight,rebalance=year|band=0.01"
2024-07-15,0.2000413966,0.2196465401,0.2016385553,0.1930242137,0.1856492943,1,"E1|equal-weight,rebalance=year|band=0.01"
2024-07-16,0.2002533483,0.2183874356,0.201269316,0.1945237913,0.1855661088,1,"E1|equal-weight,rebalance=year|band=0.01"
2024-07-18,0.2014945857,0.2157558966,0.2014877263,0.1957998988,0.1854618926,1,"E1|equal-weight,rebalance=year|band=0.01"
2024-07-19,0.2017850024,0.2127697246,0.2020686151,0.1961038364,0.1872728215,1,"E1|equal-weight,rebalance=year|band=0.01"
2024-07-22,0.2009749495,0.2150173298,0.2019232161,0.1948828346,0.18720167,1,"E1|equal-weight,rebalance=year|band=0.01"
2024-07-23,0.203005879,0.2154240759,0.2019434868,0.1906310471,0.1889955112,1,"E1|equal-weight,rebalance=year|band=0.01"
2024-07-24,0.2031109263,0.2165796319,0.2011835356,0.189475506,0.1896504002,1,"E1|equal-weight,rebalance=year|band=0.01"
2024-07-25,0.2034816472,0.2176561935,0.1997826723,0.1890679458,0.1900115412,1,"E1|equal-weight,rebalance=year|band=0.01"
2024-07-26,0.2044528974,0.2193367196,0.1990445043,0.1890755671,0.1880903116,1,"E1|equal-weight,rebalance=year|band=0.01"
2024-07-29,0.2050151581,0.221581179,0.1997587874,0.1853551047,0.1882897708,1,"E1|equal-weight,rebalance=year|band=0.01"
2024-07-30,0.2054762474,0.2214903435,0.2004357363,0.1841334643,0.1884642085,1,"E1|equal-weight,rebalance=year|band=0.01"
2024-07-31,0.2052861116,0.2222444788,0.2000160823,0.1845705346,0.1878827927,1,"E1|equal-weight,rebalance=year|band=0.01"
2024-08-01,0.2055417729,0.2212162925,0.199776069,0.1857038178,0.1877620478,1,"E1|equal-weight,rebalance=year|band=0.01"
2024-08-02,0.2042303086,0.2194901033,0.1997806584,0.188114374,0.1883845557,1,"E1|equal-weight,rebalance=year|band=0.01"
2024-08-05,0.2029572098,0.2187644667,0.198374735,0.1882689285,0.19163466,1,"E1|equal-weight,rebalance=year|band=0.01"
2024-08-06,0.2032577573,0.2155400222,0.1984324192,0.1894773793,0.193292422,1,"E1|equal-weight,rebalance=year|band=0.01"
2024-08-07,0.2041684998,0.2194533498,0.1981504076,0.1865301195,0.1916976233,1,"E1|equal-weight,rebalance=year|band=0.01"
2024-08-08,0.2033641703,0.2191851786,0.1985548422,0.186662831,0.1922329779,1,"E1|equal-weight,rebalance=year|band=0.01"
2024-08-09,0.2036372352,0.2199346445,0.1983255028,0.1871768952,0.1909257223,1,"E1|equal-weight,rebalance=year|band=0.01"
2024-08-12,0.2032921995,0.2189491972,0.1988345783,0.188110413,0.190813612,1,"E1|equal-weight,rebalance=year|band=0.01"
2024-08-13,0.2028748327,0.2176974151,0.197336662,0.1902787919,0.1918122983,1,"E1|equal-weight,rebalance=year|band=0.01"
2024-08-14,0.2026495801,0.2178857855,0.1968335524,0.1908669519,0.1917641301,1,"E1|equal-weight,rebalance=year|band=0.01"
2024-08-16,0.2042075695,0.2191632491,0.1977225406,0.1887501186,0.1901565222,1,"E1|equal-weight,rebalance=year|band=0.01"
2024-08-19,0.2037951991,0.2196177509,0.1964443356,0.1906928602,0.1894498542,1,"E1|equal-weight,rebalance=year|band=0.01"
2024-08-20,0.2036172334,0.2204020327,0.1970214788,0.1905960042,0.1883632509,1,"E1|equal-weight,rebalance=year|band=0.01"
2024-08-21,0.2039061503,0.2211760792,0.1966971064,0.1897546089,0.1884660552,1,"E1|equal-weight,rebalance=year|band=0.01"
2024-08-22,0.2035835408,0.2220602021,0.196970303,0.1894270568,0.1879588973,1,"E1|equal-weight,rebalance=year|band=0.01"
2024-08-23,0.2039338966,0.2217012733,0.1970841074,0.1890431985,0.1882375242,1,"E1|equal-weight,rebalance=year|band=0.01"
2024-08-26,0.2044872134,0.2215439015,0.1967892178,0.1898434698,0.1873361975,1,"E1|equal-weight,rebalance=year|band=0.01"
2024-08-27,0.2044299679,0.2217763604,0.1973696099,0.1890116193,0.1874124425,1,"E1|equal-weight,rebalance=year|band=0.01"
2024-08-28,0.2045477053,0.2221932888,0.1969081748,0.1889577576,0.1873930735,1,"E1|equal-weight,rebalance=year|band=0.01"
2024-08-29,0.2052977904,0.2216462375,0.1967930341,0.1889276418,0.1873352962,1,"E1|equal-weight,rebalance=year|band=0.01"
2024-08-30,0.20549654,0.2218537289,0.1970224104,0.1887312163,0.1868961044,1,"E1|equal-weight,rebalance=year|band=0.01"
2024-09-02,0.205859766,0.2221447033,0.1973656577,0.187540054,0.187089819,1,"E1|equal-weight,rebalance=year|band=0.01"
2024-09-03,0.2056962006,0.2220566692,0.1978977052,0.1875532461,0.1867961789,1,"E1|equal-weight,rebalance=year|band=0.01"
2024-09-04,0.2057310472,0.2229814906,0.1979040621,0.1862287593,0.1871546408,1,"E1|equal-weight,rebalance=year|band=0.01"
2024-09-05,0.2048875875,0.2220961285,0.1977648521,0.1882660834,0.1869853485,1,"E1|equal-weight,rebalance=year|band=0.01"
2024-09-06,0.2043642795,0.2215471005,0.1959026227,0.1898937413,0.188292256,1,"E1|equal-weight,rebalance=year|band=0.01"
2024-09-09,0.2042604276,0.2216241105,0.1973883753,0.1883277108,0.1883993758,1,"E1|equal-weight,rebalance=year|band=0.01"
2024-09-10,0.2047314408,0.2214891984,0.1975843161,0.1883584568,0.1878365879,1,"E1|equal-weight,rebalance=year|band=0.01"
2024-09-11,0.2040512343,0.2208799623,0.1967515471,0.1899505865,0.1883666698,1,"E1|equal-weight,rebalance=year|band=0.01"
2024-09-12,0.2059640323,0.2215616735,0.1978677618,0.1879149198,0.1866916126,1,"E1|equal-weight,rebalance=year|band=0.01"
2024-09-13,0.205423183,0.2208057209,0.1975666544,0.1902834139,0.1859210278,1,"E1|equal-weight,rebalance=year|band=0.01"
2024-09-16,0.2050053583,0.2202943763,0.1979977733,0.1911054971,0.185596995,1,"E1|equal-weight,rebalance=year|band=0.01"
2024-09-17,0.2055517413,0.220083981,0.1983067692,0.1903335862,0.1857239223,1,"E1|equal-weight,rebalance=year|band=0.01"
2024-09-18,0.2050525113,0.2191412174,0.2002018331,0.1899492913,0.1856551469,1,"E1|equal-weight,rebalance=year|band=0.01"
2024-09-19,0.2050806401,0.2172791793,0.2011167305,0.191168353,0.1853550971,1,"E1|equal-weight,rebalance=year|band=0.01"
2024-09-20,0.2057040942,0.2181750517,0.2018654765,0.1903574339,0.1838979437,1,"E1|equal-weight,rebalance=year|band=0.01"
2024-09-23,0.2056166643,0.2195676231,0.2023590491,0.1899526642,0.1825039993,1,"E1|equal-weight,rebalance=year|band=0.01"
2024-09-24,0.2055877422,0.2198091497,0.2015659528,0.1904965679,0.1825405874,1,"E1|equal-weight,rebalance=year|band=0.01"
2024-09-25,0.2057266875,0.218706483,0.2012399666,0.1921282705,0.1821985924,1,"E1|equal-weight,rebalance=year|band=0.01"
2024-09-26,0.2059801674,0.21924038,0.201498253,0.1917324146,0.181548785,1,"E1|equal-weight,rebalance=year|band=0.01"
2024-09-27,0.2063768521,0.2209303077,0.2000697737,0.190952978,0.1816700885,1,"E1|equal-weight,rebalance=year|band=0.01"
2024-09-30,0.205151199,0.2212052674,0.1982819045,0.1923938745,0.1829677546,1,"E1|equal-weight,rebalance=year|band=0.01"
2024-10-01,0.2050735192,0.2212678105,0.1981295923,0.1925155103,0.1830135677,1,"E1|equal-weight,rebalance=year|band=0.01"
2024-10-03,0.2033361166,0.2198581825,0.1967185966,0.1949584627,0.1851286416,1,"E1|equal-weight,rebalance=year|band=0.01"
2024-10-04,0.2022762007,0.2194845589,0.1957423027,0.196622419,0.1858745187,1,"E1|equal-weight,rebalance=year|band=0.01"
2024-10-07,0.2027657066,0.2166772218,0.1946366741,0.1980567262,0.1878636713,1,"E1|equal-weight,rebalance=year|band=0.01"
2024-10-08,0.2029185188,0.2188017689,0.1950665361,0.1961072601,0.1871059161,1,"E1|equal-weight,rebalance=year|band=0.01"
2024-10-09,0.2023279017,0.2210791353,0.1948507349,0.1946851414,0.1870570867,1,"E1|equal-weight,rebalance=year|band=0.01"
2024-10-10,0.2023985601,0.2203131203,0.1962009546,0.1943178632,0.1867695018,1,"E1|equal-weight,rebalance=year|band=0.01"
2024-10-11,0.2018828482,0.2204420636,0.1950965878,0.1958597808,0.1867187196,1,"E1|equal-weight,rebalance=year|band=0.01"
2024-10-14,0.2022115218,0.2199761982,0.1959473228,0.1961018377,0.1857631195,1,"E1|equal-weight,rebalance=year|band=0.01"
2024-10-15,0.2015408522,0.2206403599,0.1962928675,0.1957331999,0.1857927205,1,"E1|equal-weight,rebalance=year|band=0.01"
2024-10-16,0.2005786034,0.2201885544,0.1959017097,0.1975066392,0.1858244933,1,"E1|equal-weight,rebalance=year|band=0.01"
2024-10-17,0.2008621192,0.2170242683,0.1956977264,0.1990796519,0.1873362342,1,"E1|equal-weight,rebalance=year|band=0.01"
2024-10-18,0.2001653471,0.216457571,0.1971629307,0.2000599142,0.186154237,1,"E1|equal-weight,rebalance=year|band=0.01"
2024-10-21,0.1998890253,0.2139775688,0.1969946044,0.2024266034,0.1867121981,1,"E1|equal-weight,rebalance=year|band=0.01"
2024-10-22,0.1998962153,0.2100556929,0.1969139775,0.204400697,0.1887334173,1,"E1|equal-weight,rebalance=year|band=0.01"
2024-10-23,0.1995154704,0.2093970612,0.1966528932,0.2056994068,0.1887351684,1,"E1|equal-weight,rebalance=year|band=0.01"
2024-10-24,0.1992086197,0.2088117841,0.1979904573,0.2048378387,0.1891513002,1,"E1|equal-weight,rebalance=year|band=0.01"
2024-10-25,0.1994178097,0.2077369565,0.1969557904,0.2053549609,0.1905344825,1,"E1|equal-weight,rebalance=year|band=0.01"
2024-10-28,0.1995649374,0.2076510617,0.1976393302,0.2054110827,0.189733588,1,"E1|equal-weight,rebalance=year|band=0.01"
2024-10-29,0.1991723462,0.2074040508,0.1997438539,0.2054041018,0.1882756473,1,"E1|equal-weight,rebalance=year|band=0.01"
2024-10-30,0.1983134596,0.2068060079,0.198570476,0.2078256186,0.1884844379,1,"E1|equal-weight,rebalance=year|band=0.01"
2024-10-31,0.1978815284,0.2065958302,0.1981285462,0.2082264847,0.1891676105,1,"E1|equal-weight,rebalance=year|band=0.01"
2024-11-01,0.1985010643,0.2085383546,0.1977847668,0.2066212388,0.1885545755,1,"E1|equal-weight,rebalance=year|band=0.01"
2024-11-04,0.1977028938,0.2065225334,0.1982046339,0.2068995504,0.1906703885,1,"E1|equal-weight,rebalance=year|band=0.01"
2024-11-05,0.198235476,0.2063991106,0.2003430854,0.2054302819,0.1895920461,1,"E1|equal-weight,rebalance=year|band=0.01"
2024-11-06,0.1991117729,0.2096435635,0.2000411663,0.2029053257,0.1882981716,1,"E1|equal-weight,rebalance=year|band=0.01"
2024-11-07,0.1988051482,0.209545928,0.2003167893,0.2010572259,0.1902749086,1,"E1|equal-weight,rebalance=year|band=0.01"
2024-11-08,0.1987548703,0.2075251129,0.1993809772,0.203603802,0.1907352376,1,"E1|equal-weight,rebalance=year|band=0.01"
2024-11-11,0.1986840677,0.2081846186,0.2003218213,0.2019866954,0.190822797,1,"E1|equal-weight,rebalance=year|band=0.01"
2024-11-12,0.199437771,0.2064704142,0.2008940081,0.1996210825,0.1935767242,1,"E1|equal-weight,rebalance=year|band=0.01"
2024-11-13,0.1986554354,0.2045178975,0.1985598999,0.2028226454,0.1954441218,1,"E1|equal-weight,rebalance=year|band=0.01"
2024-11-14,0.199272155,0.2061315306,0.1996469815,0.1988087981,0.1961405348,1,"E1|equal-weight,rebalance=year|band=0.01"
2024-11-18,0.197850269,0.2053272812,0.1993424108,0.2017782648,0.1957017742,1,"E1|equal-weight,rebalance=year|band=0.01"
2024-11-19,0.1972970701,0.2053789716,0.1992026786,0.2033723195,0.1947489602,1,"E1|equal-weight,rebalance=year|band=0.01"
2024-11-21,0.1964598839,0.2029639873,0.1986546532,0.2066087187,0.1953127569,1,"E1|equal-weight,rebalance=year|band=0.01"
2024-11-22,0.1979458083,0.2039026744,0.1992089987,0.2062254452,0.1927170734,1,"E1|equal-weight,rebalance=year|band=0.01"
2024-11-25,0.1992484085,0.2063521569,0.2014377727,0.2016397796,0.1913218823,1,"E1|equal-weight,rebalance=year|band=0.01"
2024-11-26,0.1996478457,0.2073802579,0.2020211081,0.1990768031,0.1918739852,1,"E1|equal-weight,rebalance=year|band=0.01"
2024-11-27,0.1994054457,0.2082527961,0.2014873598,0.1998841785,0.1909702199,1,"E1|equal-weight,rebalance=year|band=0.01"
2024-11-28,0.19727335,0.2092341219,0.2009593718,0.2008494205,0.1916837358,1,"E1|equal-weight,rebalance=year|band=0.01"
2024-11-29,0.1980970986,0.2097340638,0.2003900892,0.20082492,0.1909538284,1,"E1|equal-weight,rebalance=year|band=0.01"
2024-12-02,0.1989564188,0.2108585657,0.2004244994,0.1989276669,0.1908328492,1,"E1|equal-weight,rebalance=year|band=0.01"
2024-12-03,0.19882898,0.2116909326,0.2012909642,0.1985649329,0.1896241903,1,"E1|equal-weight,rebalance=year|band=0.01"
2024-12-04,0.198495001,0.2119326641,0.2027911782,0.1977506876,0.1890304691,1,"E1|equal-weight,rebalance=year|band=0.01"
2024-12-05,0.1995731375,0.2117329698,0.203129524,0.197184422,0.1883799467,1,"E1|equal-weight,rebalance=year|band=0.01"
2024-12-06,0.1992213155,0.2127650623,0.2032441857,0.1966502307,0.1881192058,1,"E1|equal-weight,rebalance=year|band=0.01"
2024-12-09,0.1988682843,0.2124121553,0.2025717586,0.1977525004,0.1883953014,1,"E1|equal-weight,rebalance=year|band=0.01"
2024-12-10,0.1980237733,0.2129884625,0.2026357846,0.1984083372,0.1879436424,1,"E1|equal-weight,rebalance=year|band=0.01"
2024-12-11,0.1980580852,0.2132205092,0.2015432187,0.1993675898,0.1878105971,1,"E1|equal-weight,rebalance=year|band=0.01"
2024-12-12,0.1974667235,0.2127351273,0.2011406277,0.2007828612,0.1878746603,1,"E1|equal-weight,rebalance=year|band=0.01"
2024-12-13,0.1989696244,0.2124950667,0.2024052647,0.19816107,0.1879689742,1,"E1|equal-weight,rebalance=year|band=0.01"
2024-12-16,0.1985678895,0.2131335233,0.2023922909,0.1977929183,0.188113378,1,"E1|equal-weight,rebalance=year|band=0.01"
2024-12-17,0.1979555991,0.2122164,0.2016471269,0.1983684289,0.1898124451,1,"E1|equal-weight,rebalance=year|band=0.01"
2024-12-18,0.1978951209,0.2105207066,0.2004396301,0.2002924446,0.1908520978,1,"E1|equal-weight,rebalance=year|band=0.01"
2024-12-19,0.1977032029,0.2102560483,0.1997639965,0.1999395238,0.1923372285,1,"E1|equal-weight,rebalance=year|band=0.01"
2024-12-20,0.1972353982,0.2074821087,0.1990787897,0.2012064581,0.1949972453,1,"E1|equal-weight,rebalance=year|band=0.01"
2024-12-23,0.1971384464,0.2066395032,0.2003177416,0.2020171667,0.1938871421,1,"E1|equal-weight,rebalance=year|band=0.01"
2024-12-24,0.19724398,0.2070062288,0.2002872378,0.2013378414,0.194124712,1,"E1|equal-weight,rebalance=year|band=0.01"
2024-12-26,0.1971301883,0.2073110921,0.1995083782,0.2020958329,0.1939545085,1,"E1|equal-weight,rebalance=year|band=0.01"
2024-12-27,0.197573372,0.2057615768,0.2000994882,0.2026655482,0.1939000148,1,"E1|equal-weight,rebalance=year|band=0.01"
2024-12-30,0.1970329259,0.2052039635,0.1998071048,0.2029894063,0.1949665995,1,"E1|equal-weight,rebalance=year|band=0.01"
2024-12-31,0.197136055,0.2050898629,0.1993746428,0.2033043548,0.1950950845,1,"E1|equal-weight,rebalance=year|band=0.01"
2025-01-01,0.1973309753,0.2051467858,0.1995398622,0.2034692848,0.1945130919,1,"E1|equal-weight,rebalance=year|band=0.01"
2025-01-02,0.1989497133,0.2060982248,0.1992613281,0.202654292,0.1930364418,1,"E1|equal-weight,rebalance=year|band=0.01"
2025-01-03,0.1980877007,0.2066439708,0.1976115615,0.2043649387,0.1932918283,1,"E1|equal-weight,rebalance=year|band=0.01"
2025-01-06,0.1981665485,0.2033666241,0.1960927886,0.2060174531,0.1963565857,1,"E1|equal-weight,rebalance=year|band=0.01"
2025-01-07,0.1983299938,0.2025991024,0.1968533433,0.2061679007,0.1960496598,1,"E1|equal-weight,rebalance=year|band=0.01"
2025-01-08,0.1985883211,0.2013729186,0.1957964092,0.2077399934,0.1965023577,1,"E1|equal-weight,rebalance=year|band=0.01"
2025-01-09,0.1980715628,0.1996844732,0.1954220539,0.2094899851,0.197331925,1,"E1|equal-weight,rebalance=year|band=0.01"
2025-01-10,0.1984696479,0.1970314311,0.19366695,0.2123626449,0.1984693261,1,"E1|equal-weight,rebalance=year|band=0.01"
2025-01-13,0.1979317846,0.1915982181,0.193532321,0.2159611728,0.2009765035,1,"E1|equal-weight,rebalance=year|band=0.01"
2025-01-14,0.1972789436,0.1942810942,0.1948936737,0.213854821,0.1996914675,1,"E1|equal-weight,rebalance=year|band=0.01"
2025-01-15,0.1970029231,0.1953929423,0.1943927181,0.2140028896,0.1992085269,1,"E1|equal-weight,rebalance=year|band=0.01"
2025-01-16,0.1966350305,0.1967585137,0.1948675499,0.2137284425,0.1980104634,1,"E1|equal-weight,rebalance=year|band=0.01"
2025-01-17,0.1962253088,0.1989277119,0.1922006961,0.2142881225,0.1983581607,1,"E1|equal-weight,rebalance=year|band=0.01"
2025-01-20,0.1964840449,0.198241867,0.1946009325,0.2130984447,0.1975747109,1,"E1|equal-weight,rebalance=year|band=0.01"
2025-01-21,0.1957513272,0.1948428451,0.1937016839,0.216248886,0.1994552578,1,"E1|equal-weight,rebalance=year|band=0.01"
2025-01-22,0.1961004211,0.1927468457,0.1940285022,0.2180079279,0.1991163031,1,"E1|equal-weight,rebalance=year|band=0.01"
2025-01-23,0.1963270142,0.1944114547,0.1932903237,0.2170930336,0.1988781738,1,"E1|equal-weight,rebalance=year|band=0.01"
2025-01-24,0.1961455177,0.1921597993,0.1928512583,0.219100425,0.1997429997,1,"E1|equal-weight,rebalance=year|band=0.01"
2025-01-27,0.1958503033,0.1883487978,0.1936403873,0.2206489084,0.2015116032,1,"E1|equal-weight,rebalance=year|band=0.01"
2025-01-28,0.1962580938,0.1880547701,0.1956592906,0.2193421558,0.2006856897,1,"E1|equal-weight,rebalance=year|band=0.01"
2025-01-29,0.1963932758,0.1903821615,0.1952848018,0.2186607067,0.1992790542,1,"E1|equal-weight,rebalance=year|band=0.01"
2025-01-30,0.1965389256,0.190085562,0.1956991366,0.2188557709,0.1988206049,1,"E1|equal-weight,rebalance=year|band=0.01"
2025-01-31,0.1967738463,0.1916764106,0.1946045936,0.2199534199,0.1969917296,1,"E1|equal-weight,rebalance=year|band=0.01"
2025-02-01,0.1962269909,0.1922937521,0.1947270072,0.2196559899,0.1970962599,1,"E1|equal-weight,rebalance=year|band=0.01"
2025-02-03,0.1960749362,0.1900556066,0.1940735673,0.2222417979,0.197554092,1,"E1|equal-weight,rebalance=year|band=0.01"
2025-02-04,0.1967404054,0.1911392102,0.1951553553,0.221373999,0.1955910301,1,"E1|equal-weight,rebalance=year|band=0.01"
2025-02-05,0.1955373633,0.1909878098,0.194649284,0.2245288453,0.1942966976,1,"E1|equal-weight,rebalance=year|band=0.01"
2025-02-06,0.1953074078,0.1899526752,0.1954077086,0.2245711478,0.1947610606,1,"E1|equal-weight,rebalance=year|band=0.01"
2025-02-07,0.1950272858,0.1902184679,0.194655471,0.2251223471,0.1949764282,1,"E1|equal-weight,rebalance=year|band=0.01"
2025-02-10,0.1940669768,0.1871414054,0.1946102867,0.2286865913,0.1954947398,1,"E1|equal-weight,rebalance=year|band=0.01"
2025-02-11,0.1937307,0.1844366371,0.1945782526,0.2295263295,0.1977280808,1,"E1|equal-weight,rebalance=year|band=0.01"
2025-02-12,0.1937924605,0.1848005259,0.1951392234,0.2282198734,0.1980479168,1,"E1|equal-weight,rebalance=year|band=0.01"
2025-02-13,0.1935316216,0.1849608875,0.1943345726,0.2292770416,0.1978958767,1,"E1|equal-weight,rebalance=year|band=0.01"
2025-02-14,0.1935218937,0.1817165975,0.1944228502,0.2314758732,0.1988627854,1,"E1|equal-weight,rebalance=year|band=0.01"
2025-02-17,0.1939359914,0.1814611292,0.1953312331,0.2299971236,0.1992745227,1,"E1|equal-weight,rebalance=year|band=0.01"
2025-02-18,0.1936669978,0.1817509466,0.1943587631,0.2309785044,0.1992447881,1,"E1|equal-weight,rebalance=year|band=0.01"
2025-02-19,0.1924141828,0.1825414083,0.1952597126,0.2318303193,0.197954377,1,"E1|equal-weight,rebalance=year|band=0.01"
2025-02-20,0.1922222904,0.1850162025,0.1940692077,0.2308708177,0.1978214817,1,"E1|equal-weight,rebalance=year|band=0.01"
2025-02-21,0.192314083,0.1843488887,0.1934975849,0.2308610864,0.198978357,1,"E1|equal-weight,rebalance=year|band=0.01"
2025-02-24,0.1909721109,0.1828587871,0.193048068,0.2333329246,0.1997881094,1,"E1|equal-weight,rebalance=year|band=0.01"
2025-02-25,0.1911520163,0.181709701,0.1928844309,0.2341463976,0.2001074542,1,"E1|equal-weight,rebalance=year|band=0.01"
2025-02-27,0.1917637921,0.1807818143,0.194226139,0.2322613107,0.2009669439,1,"E1|equal-weight,rebalance=year|band=0.01"
2025-02-28,0.1908887072,0.1779817761,0.1952566738,0.2324757193,0.2033971236,1,"E1|equal-weight,rebalance=year|band=0.01"
2025-03-03,0.1904519378,0.1790813461,0.1939298682,0.2331673676,0.2033694803,1,"E1|equal-weight,rebalance=year|band=0.01"
2025-03-04,0.1890740748,0.179367695,0.1937168477,0.2354504975,0.202390885,1,"E1|equal-weight,rebalance=year|band=0.01"
2025-03-05,0.1900134319,0.1826375462,0.1930345761,0.2333114571,0.2010029887,1,"E1|equal-weight,rebalance=year|band=0.01"
2025-03-06,0.1910351137,0.1842016652,0.1932227758,0.2312369777,0.2003034676,1,"E1|equal-weight,rebalance=year|band=0.01"
2025-03-07,0.191139079,0.1834209007,0.192767913,0.2323099526,0.2003621547,1,"E1|equal-weight,rebalance=year|band=0.01"
2025-03-10,0.1912801062,0.1815616563,0.192307065,0.2333585911,0.2014925814,1,"E1|equal-weight,rebalance=year|band=0.01"
2025-03-11,0.1915837751,0.1825840522,0.1911236959,0.233131994,0.2015764828,1,"E1|equal-weight,rebalance=year|band=0.01"
2025-03-12,0.1911046797,0.1823274748,0.1915479705,0.2336384279,0.2013814471,1,"E1|equal-weight,rebalance=year|band=0.01"
2025-03-13,0.1905646124,0.1812905889,0.191523995,0.2352242918,0.2013965119,1,"E1|equal-weight,rebalance=year|band=0.01"
2025-03-17,0.1903448233,0.1815513284,0.1914884176,0.2361901377,0.200425293,1,"E1|equal-weight,rebalance=year|band=0.01"
2025-03-18,0.1905074165,0.1838812414,0.1929065182,0.2349298259,0.197774998,1,"E1|equal-weight,rebalance=year|band=0.01"
2025-03-19,0.1900715196,0.185790827,0.1934873417,0.2339668888,0.1966834229,1,"E1|equal-weight,rebalance=year|band=0.01"
2025-03-20,0.1910898598,0.1860062464,0.193527559,0.233596519,0.1957798158,1,"E1|equal-weight,rebalance=year|band=0.01"
2025-03-21,0.1918527075,0.186837135,0.1947799684,0.2312504766,0.1952797125,1,"E1|equal-weight,rebalance=year|band=0.01"
2025-03-24,0.1933441976,0.1879930164,0.1978101443,0.2267455689,0.1941070728,1,"E1|equal-weight,rebalance=year|band=0.01"
2025-03-25,0.1936902595,0.1857256939,0.1979433242,0.2280134256,0.1946272968,1,"E1|equal-weight,rebalance=year|band=0.01"
2025-03-26,0.1930354818,0.1855998455,0.1971033801,0.228886907,0.1953743856,1,"E1|equal-weight,rebalance=year|band=0.01"
2025-03-27,0.1924608503,0.1867739292,0.1973916381,0.2291954496,0.1941781328,1,"E1|equal-weight,rebalance=year|band=0.01"
2025-03-28,0.1920962917,0.1856366315,0.1975227223,0.2303313647,0.1944129898,1,"E1|equal-weight,rebalance=year|band=0.01"
2025-04-01,0.2,0.2,0.2,0.2,0.2,1,"E1|equal-weight,rebalance=year|band=0.01"
2025-04-02,0.20067552,0.2014005513,0.2008544997,0.197839165,0.199230264,1,"E1|equal-weight,rebalance=year|band=0.01"
2025-04-03,0.1999356934,0.2016178475,0.2019447113,0.1970157636,0.1994859842,1,"E1|equal-weight,rebalance=year|band=0.01"
2025-04-04,0.1993572375,0.1984312769,0.2039945292,0.1967107243,0.2015062321,1,"E1|equal-weight,rebalance=year|band=0.01"
2025-04-07,0.1972024411,0.1969446968,0.2022068454,0.1977732369,0.2058727798,1,"E1|equal-weight,rebalance=year|band=0.01"
2025-04-08,0.1984881806,0.1987750269,0.2026298164,0.1958126519,0.2042943242,1,"E1|equal-weight,rebalance=year|band=0.01"
2025-04-09,0.1970485196,0.1982742803,0.2015303701,0.1989149729,0.2042318571,1,"E1|equal-weight,rebalance=year|band=0.01"
2025-04-11,0.1975352715,0.1974778509,0.2007127999,0.2034178861,0.2008561916,1,"E1|equal-weight,rebalance=year|band=0.01"
2025-04-15,0.1985077333,0.2003335622,0.2029997818,0.1999616779,0.1981972448,1,"E1|equal-weight,rebalance=year|band=0.01"
2025-04-16,0.1975360758,0.1997633695,0.2040253929,0.2021995065,0.1964756553,1,"E1|equal-weight,rebalance=year|band=0.01"
2025-04-17,0.1990335037,0.1990004356,0.2064549032,0.2009513237,0.1945598338,1,"E1|equal-weight,rebalance=year|band=0.01"
2025-04-21,0.1986296216,0.1998682406,0.2074467438,0.2020316151,0.1920237789,1,"E1|equal-weight,rebalance=year|band=0.01"
2025-04-22,0.1975568229,0.198855285,0.207605547,0.2052099791,0.190772366,1,"E1|equal-weight,rebalance=year|band=0.01"
2025-04-23,0.1997690391,0.201186755,0.2074445789,0.1999147762,0.1916848508,1,"E1|equal-weight,rebalance=year|band=0.01"
2025-04-24,0.1994360935,0.2011158327,0.2069143394,0.2005213058,0.1920124286,1,"E1|equal-weight,rebalance=year|band=0.01"
2025-04-25,0.1995824109,0.198577198,0.2068032362,0.2011947589,0.193842396,1,"E1|equal-weight,rebalance=year|band=0.01"
2025-04-28,0.2010133689,0.1994922836,0.2087709208,0.1977487299,0.1929746968,1,"E1|equal-weight,rebalance=year|band=0.01"
2025-04-29,0.2006265212,0.1988744636,0.2080494963,0.199832599,0.1926169199,1,"E1|equal-weight,rebalance=year|band=0.01"
2025-04-30,0.2016346986,0.1983944048,0.2080119641,0.1983946712,0.1935642613,1,"E1|equal-weight,rebalance=year|band=0.01"
2025-05-02,0.2017665921,0.1983679625,0.2081205693,0.1980289414,0.1937159347,1,"E1|equal-weight,rebalance=year|band=0.01"
2025-05-05,0.2023197575,0.2001676019,0.2062658799,0.1985500702,0.1926966905,1,"E1|equal-weight,rebalance=year|band=0.01"
2025-05-06,0.2013781044,0.1961479279,0.2040852753,0.2052978087,0.1930908837,1,"E1|equal-weight,rebalance=year|band=0.01"
2025-05-07,0.201492602,0.1970501384,0.2052165069,0.2031470164,0.1930937363,1,"E1|equal-weight,rebalance=year|band=0.01"
2025-05-08,0.201574232,0.1943150812,0.2059777594,0.2036858779,0.1944470495,1,"E1|equal-weight,rebalance=year|band=0.01"
2025-05-09,0.2008095177,0.1948291599,0.2043064262,0.2044860251,0.1955688711,1,"E1|equal-weight,rebalance=year|band=0.01"
2025-05-12,0.2054349067,0.1994704852,0.2080843978,0.1943313052,0.1926789051,1,"E1|equal-weight,rebalance=year|band=0.01"
2025-05-13,0.2032960188,0.1997382064,0.2066403101,0.1973234544,0.1930020103,1,"E1|equal-weight,rebalance=year|band=0.01"
2025-05-14,0.2039098949,0.2011594404,0.2059109891,0.1960384904,0.1929811852,1,"E1|equal-weight,rebalance=year|band=0.01"
2025-05-15,0.2060442282,0.2023969542,0.2073207227,0.1917128358,0.1925252591,1,"E1|equal-weight,rebalance=year|band=0.01"
2025-05-16,0.2050130541,0.2042760338,0.2065812735,0.1925581559,0.1915714827,1,"E1|equal-weight,rebalance=year|band=0.01"
2025-05-19,0.2038795447,0.2048846341,0.2064218835,0.1935135852,0.1913003525,1,"E1|equal-weight,rebalance=year|band=0.01"
2025-05-20,0.20367343,0.2025896419,0.206378565,0.1946141497,0.1927442134,1,"E1|equal-weight,rebalance=year|band=0.01"
2025-05-21,0.2028917851,0.2035571584,0.2053122127,0.1966466056,0.1915922382,1,"E1|equal-weight,rebalance=year|band=0.01"
2025-05-22,0.2020137062,0.2031836237,0.20513248,0.1977273746,0.1919428155,1,"E1|equal-weight,rebalance=year|band=0.01"
2025-05-23,0.2030168264,0.2034880064,0.2060489412,0.196212853,0.191233373,1,"E1|equal-weight,rebalance=year|band=0.01"
2025-05-26,0.2034359644,0.2036596465,0.2060219403,0.1961896245,0.1906928243,1,"E1|equal-weight,rebalance=year|band=0.01"
2025-05-27,0.2028852768,0.2033871669,0.2061057917,0.1962936395,0.1913281251,1,"E1|equal-weight,rebalance=year|band=0.01"
2025-05-28,0.2024027192,0.2028281157,0.2060193487,0.1974548393,0.1912949771,1,"E1|equal-weight,rebalance=year|band=0.01"
2025-05-29,0.2032048215,0.2033054162,0.206727186,0.195262576,0.1915000003,1,"E1|equal-weight,rebalance=year|band=0.01"
2025-05-30,0.2026062935,0.2025499472,0.2074328959,0.1960485323,0.1913623311,1,"E1|equal-weight,rebalance=year|band=0.01"
2025-06-02,0.2016050976,0.2025601087,0.2071959647,0.1978708902,0.1907679388,1,"E1|equal-weight,rebalance=year|band=0.01"
2025-06-03,0.2007744751,0.2020567133,0.2064150201,0.1994718949,0.1912818966,1,"E1|equal-weight,rebalance=year|band=0.01"
2025-06-04,0.2008145422,0.2021912174,0.206273362,0.1998494285,0.1908714499,1,"E1|equal-weight,rebalance=year|band=0.01"
2025-06-05,0.2013083317,0.2022554194,0.2059294639,0.2002241429,0.1902826421,1,"E1|equal-weight,rebalance=year|band=0.01"
2025-06-06,0.2017615184,0.2031573786,0.208225714,0.1977051668,0.1891502222,1,"E1|equal-weight,rebalance=year|band=0.01"
2025-06-09,0.2019276695,0.2051431198,0.2086530136,0.1954487851,0.188827412,1,"E1|equal-weight,rebalance=year|band=0.01"
2025-06-10,0.2020032651,0.2057711622,0.2075122836,0.1958099448,0.1889033443,1,"E1|equal-weight,rebalance=year|band=0.01"
2025-06-11,0.2024781721,0.2051497843,0.2070241668,0.1963006602,0.1890472166,1,"E1|equal-weight,rebalance=year|band=0.01"
2025-06-12,0.2014121323,0.2030511934,0.2066459796,0.1988503703,0.1900403244,1,"E1|equal-weight,rebalance=year|band=0.01"
2025-06-13,0.2002395703,0.2016803475,0.2045894179,0.2032671759,0.1902234884,1,"E1|equal-weight,rebalance=year|band=0.01"
2025-06-16,0.2011247288,0.2020193047,0.2053148883,0.2021705339,0.1893705443,1,"E1|equal-weight,rebalance=year|band=0.01"
2025-06-17,0.2012465053,0.2014195038,0.2052587601,0.2018034574,0.1902717734,1,"E1|equal-weight,rebalance=year|band=0.01"
2025-06-18,0.2009552293,0.2008391479,0.2056147052,0.2023269449,0.1902639727,1,"E1|equal-weight,rebalance=year|band=0.01"
2025-06-19,0.201475265,0.1988250569,0.2055909743,0.2030914021,0.1910173017,1,"E1|equal-weight,rebalance=year|band=0.01"
2025-06-20,0.2027991175,0.2002087321,0.2066859154,0.2004536856,0.1898525494,1,"E1|equal-weight,rebalance=year|band=0.01"
2025-06-23,0.2023202342,0.2002611099,0.2060047838,0.2014841662,0.1899297059,1,"E1|equal-weight,rebalance=year|band=0.01"
2025-06-24,0.2027800507,0.2021722473,0.2076032117,0.1974370725,0.1900074178,1,"E1|equal-weight,rebalance=year|band=0.01"
2025-06-25,0.2035261412,0.2023889342,0.207597218,0.1970949623,0.1893927443,1,"E1|equal-weight,rebalance=year|band=0.01"
2025-06-26,0.2045544815,0.2026109502,0.2083866265,0.1960537643,0.1883941775,1,"E1|equal-weight,rebalance=year|band=0.01"
2025-06-27,0.2055549765,0.2036461616,0.2097236004,0.1927743447,0.1883009168,1,"E1|equal-weight,rebalance=year|band=0.01"
2025-06-30,0.2045440697,0.2045082766,0.2092724784,0.1932319332,0.1884432421,1,"E1|equal-weight,rebalance=year|band=0.01"
2025-07-01,0.2040883282,0.2036878714,0.2092349227,0.1951315828,0.1878572949,1,"E1|equal-weight,rebalance=year|band=0.01"
2025-07-02,0.2037986789,0.2040950141,0.2080527292,0.1957221725,0.1883314053,1,"E1|equal-weight,rebalance=year|band=0.01"
2025-07-03,0.2039866658,0.2036233516,0.2076545378,0.1959285634,0.1888068814,1,"E1|equal-weight,rebalance=year|band=0.01"
2025-07-04,0.2041258705,0.204017731,0.2080860624,0.1952791796,0.1884911565,1,"E1|equal-weight,rebalance=year|band=0.01"
2025-07-07,0.2043172239,0.2042347604,0.2080402307,0.1946195465,0.1887882385,1,"E1|equal-weight,rebalance=year|band=0.01"
2025-07-08,0.2044098332,0.2039174311,0.20858485,0.1947403926,0.1883474931,1,"E1|equal-weight,rebalance=year|band=0.01"
2025-07-09,0.2045781606,0.2043468805,0.2089132756,0.1933675319,0.1887941514,1,"E1|equal-weight,rebalance=year|band=0.01"
2025-07-10,0.2037308842,0.2039875022,0.2082438043,0.1951154704,0.1889223389,1,"E1|equal-weight,rebalance=year|band=0.01"
2025-07-11,0.2028236237,0.2028926578,0.2080977367,0.196719742,0.1894662398,1,"E1|equal-weight,rebalance=year|band=0.01"
2025-07-14,0.201978715,0.2032608824,0.2077799504,0.1979421861,0.1890382661,1,"E1|equal-weight,rebalance=year|band=0.01"
2025-07-15,0.2021928399,0.2039287327,0.2083063313,0.1969610697,0.1886110264,1,"E1|equal-weight,rebalance=year|band=0.01"
2025-07-16,0.2021783487,0.2043019447,0.2086472442,0.1962098563,0.1886626061,1,"E1|equal-weight,rebalance=year|band=0.01"
2025-07-17,0.2020842222,0.2045222556,0.2080277614,0.1962208109,0.1891449499,1,"E1|equal-weight,rebalance=year|band=0.01"
2025-07-18,0.2015909996,0.2037321463,0.2069310625,0.1980972015,0.1896485901,1,"E1|equal-weight,rebalance=year|band=0.01"
2025-07-21,0.2013118029,0.2036335275,0.2079384923,0.1982064659,0.1889097114,1,"E1|equal-weight,rebalance=year|band=0.01"
2025-07-22,0.2011692104,0.2028723106,0.2072819307,0.1997439628,0.1889325855,1,"E1|equal-weight,rebalance=year|band=0.01"
2025-07-23,0.2011964836,0.2020370593,0.2076580386,0.2010954655,0.188012953,1,"E1|equal-weight,rebalance=year|band=0.01"
2025-07-24,0.2012101492,0.2027949794,0.2083594033,0.198629032,0.1890064361,1,"E1|equal-weight,rebalance=year|band=0.01"
2025-07-25,0.2011088724,0.2011316358,0.207914802,0.1995105756,0.1903341142,1,"E1|equal-weight,rebalance=year|band=0.01"
2025-07-28,0.2007616945,0.2007626374,0.2072369086,0.2000967584,0.1911420011,1,"E1|equal-weight,rebalance=year|band=0.01"
2025-07-29,0.2012515123,0.2019238337,0.2071384183,0.199147367,0.1905388687,1,"E1|equal-weight,rebalance=year|band=0.01"
2025-07-30,0.2010729296,0.201821871,0.2066322691,0.2001080598,0.1903648705,1,"E1|equal-weight,rebalance=year|band=0.01"
2025-07-31,0.2009767192,0.2013634541,0.2065897016,0.2001727383,0.1908973868,1,"E1|equal-weight,rebalance=year|band=0.01"
2025-08-01,0.200716859,0.2000659532,0.2065446355,0.2006784481,0.1919941042,1,"E1|equal-weight,rebalance=year|band=0.01"
2025-08-04,0.2004953834,0.2009473744,0.2052247865,0.2024928611,0.1908395946,1,"E1|equal-weight,rebalance=year|band=0.01"
2025-08-05,0.2002292599,0.2005661099,0.2044370466,0.2036659415,0.1911016421,1,"E1|equal-weight,rebalance=year|band=0.01"
2025-08-06,0.2001056715,0.1994518591,0.2051269782,0.2037343493,0.1915811419,1,"E1|equal-weight,rebalance=year|band=0.01"
2025-08-07,0.1996943293,0.1995181099,0.2050066761,0.204548634,0.1912322507,1,"E1|equal-weight,rebalance=year|band=0.01"
2025-08-08,0.1990568342,0.1980167671,0.2042719682,0.2065171033,0.1921373272,1,"E1|equal-weight,rebalance=year|band=0.01"
2025-08-11,0.2001025071,0.199637005,0.2052928902,0.2032330388,0.1917345589,1,"E1|equal-weight,rebalance=year|band=0.01"
2025-08-12,0.2000009897,0.1998463588,0.2048961718,0.2030690376,0.1921874421,1,"E1|equal-weight,rebalance=year|band=0.01"
2025-08-13,0.2003811324,0.2005891492,0.204583613,0.2028840968,0.1915620086,1,"E1|equal-weight,rebalance=year|band=0.01"
2025-08-14,0.2004561568,0.2003055562,0.205032585,0.2026849761,0.1915207259,1,"E1|equal-weight,rebalance=year|band=0.01"
2025-08-18,0.2014894143,0.2018589154,0.205244476,0.2007251713,0.190682023,1,"E1|equal-weight,rebalance=year|band=0.01"
2025-08-19,0.2018599329,0.2028913656,0.2053966585,0.1993936476,0.1904583954,1,"E1|equal-weight,rebalance=year|band=0.01"
2025-08-20,0.2022070176,0.2037026022,0.2048684631,0.1987835617,0.1904383554,1,"E1|equal-weight,rebalance=year|band=0.01"
2025-08-21,0.2023493161,0.2027651637,0.2049664689,0.1996808469,0.1902382044,1,"E1|equal-weight,rebalance=year|band=0.01"
2025-08-22,0.2016961547,0.2025225486,0.2037236656,0.2008441277,0.1912135034,1,"E1|equal-weight,rebalance=year|band=0.01"
2025-08-25,0.2016728191,0.202568044,0.202820984,0.2022897727,0.1906483802,1,"E1|equal-weight,rebalance=year|band=0.01"
2025-08-26,0.2009807448,0.2011718751,0.2017369691,0.2042998203,0.1918105907,1,"E1|equal-weight,rebalance=year|band=0.01"
2025-08-28,0.2004252706,0.1995916033,0.2004441458,0.2067397157,0.1927992646,1,"E1|equal-weight,rebalance=year|band=0.01"
2025-08-29,0.1997038363,0.1989403369,0.1997187137,0.2088967372,0.1927403759,1,"E1|equal-weight,rebalance=year|band=0.01"
2025-09-01,0.1995768664,0.1998029993,0.1991234797,0.2102560151,0.1912406395,1,"E1|equal-weight,rebalance=year|band=0.01"
2025-09-02,0.1993385159,0.2007999186,0.1980974802,0.2103830527,0.1913810326,1,"E1|equal-weight,rebalance=year|band=0.01"
2025-09-03,0.1989327097,0.2006696705,0.1981670579,0.2120711268,0.1901594351,1,"E1|equal-weight,rebalance=year|band=0.01"
2025-09-04,0.1991742921,0.1999221423,0.1980278251,0.2127153959,0.1901603446,1,"E1|equal-weight,rebalance=year|band=0.01"
2025-09-05,0.1990376476,0.1995434075,0.1980124988,0.213536882,0.1898695641,1,"E1|equal-weight,rebalance=year|band=0.01"
2025-09-08,0.1983559457,0.1993788209,0.1975246265,0.2156973379,0.189043269,1,"E1|equal-weight,rebalance=year|band=0.01"
2025-09-09,0.1980733743,0.1989569564,0.1967336152,0.2178107729,0.1884252812,1,"E1|equal-weight,rebalance=year|band=0.01"
2025-09-10,0.1984664777,0.1994505413,0.1975389349,0.2165930461,0.187951,1,"E1|equal-weight,rebalance=year|band=0.01"
2025-09-11,0.1988075832,0.1996390973,0.1979412479,0.2157687413,0.1878433303,1,"E1|equal-weight,rebalance=year|band=0.01"
2025-09-12,0.1988597776,0.199639242,0.1976333161,0.2165983409,0.1872693234,1,"E1|equal-weight,rebalance=year|band=0.01"
2025-09-15,0.198486603,0.2006509442,0.1979108211,0.2156831266,0.1872685051,1,"E1|equal-weight,rebalance=year|band=0.01"
2025-09-16,0.1984825016,0.200367,0.1974881347,0.217521222,0.1861411417,1,"E1|equal-weight,rebalance=year|band=0.01"
2025-09-17,0.1991159033,0.2011144639,0.1987313446,0.2149805916,0.1860576966,1,"E1|equal-weight,rebalance=year|band=0.01"
2025-09-18,0.1991185773,0.2011061307,0.1988844457,0.2152661063,0.18562474,1,"E1|equal-weight,rebalance=year|band=0.01"
2025-09-19,0.1987579474,0.2023358979,0.1983223818,0.2147482576,0.1858355153,1,"E1|equal-weight,rebalance=year|band=0.01"
2025-09-22,0.197202544,0.20205464,0.1969008115,0.218462971,0.1853790335,1,"E1|equal-weight,rebalance=year|band=0.01"
2025-09-23,0.1961838153,0.2006619434,0.1965292218,0.2220872028,0.1845378167,1,"E1|equal-weight,rebalance=year|band=0.01"
2025-09-24,0.1963005864,0.1996587394,0.1961837228,0.2222236002,0.1856333512,1,"E1|equal-weight,rebalance=year|band=0.01"
2025-09-25,0.1958033323,0.1988529254,0.1966339302,0.2224585351,0.186251277,1,"E1|equal-weight,rebalance=year|band=0.01"
2025-09-26,0.1955292296,0.1970289751,0.1961168198,0.2236410833,0.1876838922,1,"E1|equal-weight,rebalance=year|band=0.01"
2025-09-29,0.1943162666,0.1976719673,0.1949186939,0.2263790784,0.1867139938,1,"E1|equal-weight,rebalance=year|band=0.01"
2025-09-30,0.1935808382,0.1978943522,0.1954915056,0.2262331749,0.1868001291,1,"E1|equal-weight,rebalance=year|band=0.01"
2025-10-01,0.193828685,0.1964116649,0.1964052149,0.2282701291,0.1850843061,1,"E1|equal-weight,rebalance=year|band=0.01"
2025-10-03,0.1941206318,0.1972001116,0.1969022965,0.2267771458,0.1849998143,1,"E1|equal-weight,rebalance=year|band=0.01"
2025-10-06,0.1935769687,0.1960439801,0.1974616745,0.2295911569,0.1833262198,1,"E1|equal-weight,rebalance=year|band=0.01"
2025-10-07,0.1936519197,0.1955260425,0.1971957775,0.2304218257,0.1832044346,1,"E1|equal-weight,rebalance=year|band=0.01"
2025-10-08,0.1925975473,0.1938319211,0.1959858675,0.2346881489,0.1828965152,1,"E1|equal-weight,rebalance=year|band=0.01"
2025-10-09,0.1932446174,0.1943075994,0.1964087187,0.2335857617,0.1824533028,1,"E1|equal-weight,rebalance=year|band=0.01"
2025-10-10,0.1939915273,0.194611614,0.1977142282,0.2314421153,0.1822405152,1,"E1|equal-weight,rebalance=year|band=0.01"
2025-10-13,0.192687612,0.1936616971,0.19685774,0.2351326354,0.1816603155,1,"E1|equal-weight,rebalance=year|band=0.01"
2025-10-14,0.19136427,0.1919950809,0.1957275837,0.2398691033,0.1810439621,1,"E1|equal-weight,rebalance=year|band=0.01"
2025-10-15,0.1919074764,0.1932746465,0.1957380673,0.239002695,0.1800771148,1,"E1|equal-weight,rebalance=year|band=0.01"
2025-10-16,0.1927498823,0.1933485979,0.1966097497,0.2380457388,0.1792460313,1,"E1|equal-weight,rebalance=year|band=0.01"
2025-10-17,0.1921359111,0.1918721592,0.1959754997,0.2422244596,0.1777919704,1,"E1|equal-weight,rebalance=year|band=0.01"
2025-10-20,0.194015817,0.192971257,0.1979375468,0.2364975388,0.1785778404,1,"E1|equal-weight,rebalance=year|band=0.01"
2025-10-21,0.1937497958,0.1929426179,0.1975801234,0.2374005863,0.1783268766,1,"E1|equal-weight,rebalance=year|band=0.01"
2025-10-23,0.1958039516,0.1943524997,0.1994097218,0.2304496133,0.1799842136,1,"E1|equal-weight,rebalance=year|band=0.01"
2025-10-24,0.1959128708,0.1952344114,0.1991736696,0.2287318265,0.1809472217,1,"E1|equal-weight,rebalance=year|band=0.01"
2025-10-27,0.1968577339,0.1953068077,0.1999737035,0.2273893237,0.1804724312,1,"E1|equal-weight,rebalance=year|band=0.01"
2025-10-28,0.1983212698,0.1959587466,0.2020058584,0.221719735,0.1819943902,1,"E1|equal-weight,rebalance=year|band=0.01"
2025-10-29,0.1970756654,0.1960367081,0.2005484867,0.2263219075,0.1800172323,1,"E1|equal-weight,rebalance=year|band=0.01"
2025-10-30,0.1964025899,0.1961926085,0.2003837065,0.2264157833,0.1806053118,1,"E1|equal-weight,rebalance=year|band=0.01"
2025-10-31,0.1956597616,0.1962121666,0.199755056,0.2274951268,0.180877889,1,"E1|equal-weight,rebalance=year|band=0.01"
2025-11-03,0.1952534276,0.1973764009,0.2000589334,0.2268803226,0.1804309155,1,"E1|equal-weight,rebalance=year|band=0.01"
2025-11-04,0.194756971,0.1972109981,0.1998262983,0.2271099103,0.1810958223,1,"E1|equal-weight,rebalance=year|band=0.01"
2025-11-06,0.1945251665,0.1956218094,0.1995496754,0.2285185925,0.1817847562,1,"E1|equal-weight,rebalance=year|band=0.01"
2025-11-07,0.1944020373,0.1955274791,0.2005792346,0.2279191224,0.1815721266,1,"E1|equal-weight,rebalance=year|band=0.01"
2025-11-10,0.1940237005,0.1952545795,0.199432771,0.2306419303,0.1806470187,1,"E1|equal-weight,rebalance=year|band=0.01"
2025-11-11,0.1939128103,0.194364584,0.1989313204,0.2330432894,0.1797479959,1,"E1|equal-weight,rebalance=year|band=0.01"
2025-11-12,0.1950123239,0.1945915372,0.1992810433,0.2314908924,0.1796242032,1,"E1|equal-weight,rebalance=year|band=0.01"
2025-11-13,0.1936205899,0.1933951202,0.1983061546,0.236103322,0.1785748133,1,"E1|equal-weight,rebalance=year|band=0.01"
2025-11-14,0.1944695842,0.1938350956,0.199302581,0.2332767216,0.1791160176,1,"E1|equal-weight,rebalance=year|band=0.01"
2025-11-17,0.1954071783,0.1949522533,0.2009880843,0.2292863624,0.1793661217,1,"E1|equal-weight,rebalance=year|band=0.01"
2025-11-18,0.1955662104,0.1945028659,0.2018448943,0.2279297265,0.1801563029,1,"E1|equal-weight,rebalance=year|band=0.01"
2025-11-19,0.1955729948,0.1935354739,0.2017346697,0.229821044,0.1793358176,1,"E1|equal-weight,rebalance=year|band=0.01"
2025-11-20,0.196509919,0.1933973192,0.2022436718,0.2284006339,0.1794484561,1,"E1|equal-weight,rebalance=year|band=0.01"
2025-11-21,0.196390539,0.1917007761,0.2014340208,0.2303016518,0.1801730123,1,"E1|equal-weight,rebalance=year|band=0.01"
2025-11-24,0.1961090004,0.1902099791,0.2017649418,0.2312916305,0.1806244482,1,"E1|equal-weight,rebalance=year|band=0.01"
2025-11-25,0.1951501721,0.1901293364,0.2011440767,0.2334234374,0.1801529774,1,"E1|equal-weight,rebalance=year|band=0.01"
2025-11-26,0.1955880602,0.1910423123,0.2018880384,0.2329251606,0.1785564285,1,"E1|equal-weight,rebalance=year|band=0.01"
2025-11-27,0.1957831058,0.1907269811,0.202296115,0.2326784977,0.1785153004,1,"E1|equal-weight,rebalance=year|band=0.01"
2025-11-28,0.1954868527,0.190711218,0.2021620698,0.2334093849,0.1782304746,1,"E1|equal-weight,rebalance=year|band=0.01"
2025-12-01,0.1942850788,0.1899822872,0.2013438312,0.2369424915,0.1774463113,1,"E1|equal-weight,rebalance=year|band=0.01"
2025-12-02,0.1942713301,0.1907511394,0.2009983062,0.2356518767,0.1783273476,1,"E1|equal-weight,rebalance=year|band=0.01"
2025-12-03,0.1938667027,0.1883922693,0.2014261129,0.2378142701,0.178500645,1,"E1|equal-weight,rebalance=year|band=0.01"
2025-12-04,0.1944055089,0.1894177314,0.2008063605,0.236695001,0.1786753982,1,"E1|equal-weight,rebalance=year|band=0.01"
2025-12-05,0.1944521452,0.1888654438,0.2013037413,0.2375962199,0.1777824498,1,"E1|equal-weight,rebalance=year|band=0.01"
2025-12-08,0.1941382892,0.1863096018,0.2012347215,0.2391925809,0.1791248066,1,"E1|equal-weight,rebalance=year|band=0.01"
2025-12-09,0.1936576062,0.1876496269,0.2010996324,0.2382204829,0.1793726516,1,"E1|equal-weight,rebalance=year|band=0.01"
2025-12-10,0.1935097224,0.1875319524,0.2006486315,0.2385712597,0.179738434,1,"E1|equal-weight,rebalance=year|band=0.01"
2025-12-11,0.1934634261,0.1877012933,0.2005002131,0.2394546594,0.1788804081,1,"E1|equal-weight,rebalance=year|band=0.01"
2025-12-12,0.1928945048,0.1873699289,0.1996479175,0.242773192,0.1773144568,1,"E1|equal-weight,rebalance=year|band=0.01"
2025-12-15,0.1921691312,0.1869937136,0.1990795791,0.2449417096,0.1768158665,1,"E1|equal-weight,rebalance=year|band=0.01"
2025-12-16,0.1920679967,0.1876953743,0.1990581119,0.2432986818,0.1778798353,1,"E1|equal-weight,rebalance=year|band=0.01"
2025-12-17,0.1916484323,0.1870729762,0.1986622465,0.2445137294,0.1781026156,1,"E1|equal-weight,rebalance=year|band=0.01"
2025-12-18,0.1919137404,0.1865174433,0.198770138,0.2444983868,0.1783002915,1,"E1|equal-weight,rebalance=year|band=0.01"
2025-12-19,0.1924416401,0.1871986354,0.1988140703,0.2437009763,0.1778446779,1,"E1|equal-weight,rebalance=year|band=0.01"
2025-12-22,0.1926031841,0.1870973501,0.1980630582,0.2455099643,0.1767264433,1,"E1|equal-weight,rebalance=year|band=0.01"
2025-12-23,0.1917221633,0.1872156617,0.1969637475,0.2481470234,0.1759514041,1,"E1|equal-weight,rebalance=year|band=0.01"
2025-12-24,0.1916689441,0.1869322873,0.1968805944,0.2484706805,0.1760474937,1,"E1|equal-weight,rebalance=year|band=0.01"
2025-12-26,0.1907666768,0.1867195066,0.1960367805,0.2505858393,0.1758911968,1,"E1|equal-weight,rebalance=year|band=0.01"
2025-12-29,0.190795513,0.1868536388,0.1966382374,0.2489247503,0.1767878605,1,"E1|equal-weight,rebalance=year|band=0.01"
2025-12-30,0.1913813981,0.1874557466,0.1984941889,0.2454379678,0.1772306986,1,"E1|equal-weight,rebalance=year|band=0.01"
2025-12-31,0.1923559898,0.1885991071,0.1993335709,0.2426891818,0.1770221504,1,"E1|equal-weight,rebalance=year|band=0.01"
2026-01-01,0.1920400832,0.189004571,0.1990283098,0.2431763246,0.1767507114,1,"E1|equal-weight,rebalance=year|band=0.01"
2026-01-02,0.1919730229,0.1895602924,0.1989571583,0.2441157672,0.1753937592,1,"E1|equal-weight,rebalance=year|band=0.01"
2026-01-05,0.1909329767,0.1893235222,0.1984192233,0.2461246183,0.1751996595,1,"E1|equal-weight,rebalance=year|band=0.01"
2026-01-06,0.1904110843,0.1899873992,0.198364752,0.2462540832,0.1749826813,1,"E1|equal-weight,rebalance=year|band=0.01"
2026-01-07,0.1903592811,0.190376112,0.1982045577,0.245935861,0.1751241882,1,"E1|equal-weight,rebalance=year|band=0.01"
2026-01-08,0.1900703588,0.1878470186,0.1990107641,0.2465401857,0.1765316728,1,"E1|equal-weight,rebalance=year|band=0.01"
2026-01-09,0.1889309129,0.1863391587,0.1978808669,0.2499395664,0.1769094951,1,"E1|equal-weight,rebalance=year|band=0.01"
2026-01-12,0.1881165023,0.1850604679,0.1967248896,0.2546405815,0.1754575587,1,"E1|equal-weight,rebalance=year|band=0.01"
2026-01-13,0.1879012487,0.1849146444,0.1973171076,0.2541439843,0.175723015,1,"E1|equal-weight,rebalance=year|band=0.01"
2026-01-14,0.1867852633,0.185175257,0.1964431875,0.2566092126,0.1749870796,1,"E1|equal-weight,rebalance=year|band=0.01"
2026-01-16,0.1867737319,0.1847674027,0.1979016617,0.255758902,0.1747983017,1,"E1|equal-weight,rebalance=year|band=0.01"
2026-01-19,0.1849453959,0.1833380807,0.1960607449,0.2616617352,0.1739940433,1,"E1|equal-weight,rebalance=year|band=0.01"
2026-01-20,0.1823344364,0.1789062223,0.1939547461,0.2712448566,0.1735597386,1,"E1|equal-weight,rebalance=year|band=0.01"
2026-01-21,0.1786247698,0.1752193351,0.189021399,0.2862901214,0.1708443747,1,"E1|equal-weight,rebalance=year|band=0.01"
2026-01-22,0.1829453523,0.1804973739,0.1939994978,0.2685573227,0.1740004533,1,"E1|equal-weight,rebalance=year|band=0.01"
2026-01-23,0.1814004082,0.177155872,0.1917686299,0.2754807552,0.1741943347,1,"E1|equal-weight,rebalance=year|band=0.01"
2026-01-27,0.1798858401,0.1757916562,0.1917286754,0.2805263672,0.1720674611,1,"E1|equal-weight,rebalance=year|band=0.01"
2026-01-28,0.1781189194,0.176829839,0.1898614422,0.2856133694,0.16957643,1,"E1|equal-weight,rebalance=year|band=0.01"
2026-01-29,0.174293962,0.1730346771,0.1864334535,0.3007208622,0.1655170452,1,"E1|equal-weight,rebalance=year|band=0.01"
2026-01-30,0.1799657257,0.1780054105,0.1922461537,0.2784721077,0.1713106024,1,"E1|equal-weight,rebalance=year|band=0.01"
2026-02-01,0.1823674561,0.1802586428,0.193805309,0.2672546863,0.1763139058,1,"E1|equal-weight,rebalance=year|band=0.01"
2026-02-02,0.1844200984,0.1820829031,0.1953054156,0.2608066782,0.1773849047,1,"E1|equal-weight,rebalance=year|band=0.01"
2026-02-03,0.1839285774,0.1813614401,0.1946369224,0.2675460924,0.1725269677,1,"E1|equal-weight,rebalance=year|band=0.01"
2026-02-04,0.1821026203,0.1805851745,0.1928685982,0.2738137857,0.1706298213,1,"E1|equal-weight,rebalance=year|band=0.01"
2026-02-05,0.1833182432,0.1816916473,0.1948997645,0.2675183947,0.1725719503,1,"E1|equal-weight,rebalance=year|band=0.01"
2026-02-06,0.1834981978,0.1821387419,0.1946510358,0.2671200793,0.1725919452,1,"E1|equal-weight,rebalance=year|band=0.01"
2026-02-09,0.1827157092,0.1817487064,0.19426124,0.2704575692,0.1708167752,1,"E1|equal-weight,rebalance=year|band=0.01"
2026-02-10,0.1829001864,0.1820269016,0.1940646048,0.2705673562,0.170440951,1,"E1|equal-weight,rebalance=year|band=0.01"
2026-02-11,0.182718216,0.1822077512,0.1941503604,0.2707888588,0.1701348136,1,"E1|equal-weight,rebalance=year|band=0.01"
2026-02-12,0.1820895495,0.1818819525,0.1945903023,0.2709365478,0.1705016479,1,"E1|equal-weight,rebalance=year|band=0.01"
2026-02-13,0.182031511,0.1814778492,0.1951188745,0.2688780274,0.1724937379,1,"E1|equal-weight,rebalance=year|band=0.01"
2026-02-16,0.1820375065,0.1818543573,0.1957754278,0.2688762084,0.1714565,1,"E1|equal-weight,rebalance=year|band=0.01"
2026-02-17,0.1829989658,0.1833167229,0.197120753,0.2646212403,0.171942318,1,"E1|equal-weight,rebalance=year|band=0.01"
2026-02-18,0.1828746753,0.1837608949,0.1979636899,0.2639531752,0.1714475647,1,"E1|equal-weight,rebalance=year|band=0.01"
2026-02-19,0.181033721,0.1814120047,0.1955938371,0.2699614886,0.1719989486,1,"E1|equal-weight,rebalance=year|band=0.01"
2026-02-20,0.1808351166,0.1816817256,0.1963228554,0.269824847,0.1713354554,1,"E1|equal-weight,rebalance=year|band=0.01"
2026-02-23,0.1803924848,0.1809851531,0.1951371058,0.2732036556,0.1702816007,1,"E1|equal-weight,rebalance=year|band=0.01"
2026-02-24,0.1786676824,0.1810209741,0.1945106668,0.2755978959,0.1702027808,1,"E1|equal-weight,rebalance=year|band=0.01"
2026-02-25,0.1786631518,0.1819059144,0.1938353734,0.2758305805,0.1697649799,1,"E1|equal-weight,rebalance=year|band=0.01"
2026-02-26,0.1789249141,0.1828450709,0.1944182473,0.2737440134,0.1700677543,1,"E1|equal-weight,rebalance=year|band=0.01"
2026-02-27,0.1775242898,0.1815248622,0.1931459575,0.2770915093,0.1707133812,1,"E1|equal-weight,rebalance=year|band=0.01"
2026-03-02,0.1741005616,0.1776180153,0.1897584926,0.2890280248,0.1694949057,1,"E1|equal-weight,rebalance=year|band=0.01"
2026-03-04,0.1747718225,0.1763766832,0.1901033542,0.2856988158,0.1730493243,1,"E1|equal-weight,rebalance=year|band=0.01"
2026-03-05,0.1764698044,0.1784463915,0.1905784882,0.2816623371,0.1728429788,1,"E1|equal-weight,rebalance=year|band=0.01"
2026-03-06,0.1761095564,0.1795523098,0.1887169606,0.2811781746,0.1744429986,1,"E1|equal-weight,rebalance=year|band=0.01"
2026-03-09,0.1750291539,0.1777037048,0.1851827691,0.2855601333,0.1765242389,1,"E1|equal-weight,rebalance=year|band=0.01"
2026-03-10,0.1749753822,0.1791610029,0.1863095562,0.2846759482,0.1748781105,1,"E1|equal-weight,rebalance=year|band=0.01"
2026-03-11,0.1734800016,0.1786078364,0.1837625445,0.287929107,0.1762205105,1,"E1|equal-weight,rebalance=year|band=0.01"
2026-03-12,0.1726057199,0.1792500769,0.182416332,0.2886689706,0.1770589006,1,"E1|equal-weight,rebalance=year|band=0.01"
2026-03-13,0.1720376727,0.1781245814,0.1810385628,0.2887933466,0.1800058365,1,"E1|equal-weight,rebalance=year|band=0.01"
2026-03-16,0.1744856119,0.1774179369,0.1839231066,0.2832502748,0.1809230698,1,"E1|equal-weight,rebalance=year|band=0.01"
2026-03-17,0.1745699385,0.1779508692,0.1842572201,0.283497929,0.1797240432,1,"E1|equal-weight,rebalance=year|band=0.01"
2026-03-18,0.1754970605,0.1788749499,0.18451436,0.2819190923,0.1791945373,1,"E1|equal-weight,rebalance=year|band=0.01"
2026-03-19,0.1759513097,0.179553926,0.1842272539,0.2755629594,0.184704551,1,"E1|equal-weight,rebalance=year|band=0.01"
2026-03-20,0.1760569216,0.1797925969,0.1840889459,0.2751899432,0.1848715924,1,"E1|equal-weight,rebalance=year|band=0.01"
2026-03-23,0.108966235,0.1099237742,0.1129507728,0.1599994699,0.5081597481,0.6094083081,"E1|equal-weight,rebalance=year|band=0.01"
2026-03-24,0.1086486135,0.1092741166,0.1129581039,0.1634087735,0.5057103925,0.6094083081,"E1|equal-weight,rebalance=year|band=0.01"
2026-03-25,0.1083604131,0.1094636234,0.1129461762,0.1656411228,0.5035886645,0.6094083081,"E1|equal-weight,rebalance=year|band=0.01"
2026-03-27,0.107938698,0.1087549442,0.1120529851,0.1658084769,0.5054448958,0.6094083081,"E1|equal-weight,rebalance=year|band=0.01"
2026-03-30,0.1063858159,0.1063690567,0.108771121,0.1721358975,0.5063381089,0.6094083081,"E1|equal-weight,rebalance=year|band=0.01"
2026-04-01,0.1218816616,0.1218816616,0.1218816616,0.1218816616,0.5124733535,0.6094083081,"E1|equal-weight,rebalance=year|band=0.01"
2026-04-02,0.122538758,0.1222998931,0.1222353656,0.1196931695,0.5132328139,0.6094083081,"E1|equal-weight,rebalance=year|band=0.01"
2026-04-06,0.122278884,0.1222584445,0.123215119,0.1204142239,0.5118333286,0.6094083081,"E1|equal-weight,rebalance=year|band=0.01"
2026-04-07,0.1227598716,0.122894067,0.1232608405,0.1193146742,0.5117705467,0.6094083081,"E1|equal-weight,rebalance=year|band=0.01"
2026-04-08,0.1234043471,0.1246033309,0.1262118592,0.117907543,0.5078729198,0.6094083081,"E1|equal-weight,rebalance=year|band=0.01"
2026-04-09,0.1232314267,0.1255066993,0.1249846429,0.1175731384,0.5087040927,0.6094083081,"E1|equal-weight,rebalance=year|band=0.01"
2026-04-10,0.1230864622,0.1269291132,0.1258163698,0.116637002,0.5075310527,0.6094083081,"E1|equal-weight,rebalance=year|band=0.01"
2026-04-13,0.1224859805,0.1264248599,0.1256360904,0.1173705169,0.5080825524,0.6094083081,"E1|equal-weight,rebalance=year|band=0.01"
2026-04-15,0.1229307396,0.1275070621,0.1256518711,0.1171861791,0.5067241482,0.6094083081,"E1|equal-weight,rebalance=year|band=0.01"
2026-04-16,0.1227209548,0.1285043775,0.1248772046,0.1174234856,0.5064739774,0.6094083081,"E1|equal-weight,rebalance=year|band=0.01"
2026-04-17,0.1229300289,0.1297872447,0.125352763,0.1160516784,0.505878285,0.6094083081,"E1|equal-weight,rebalance=year|band=0.01"
2026-04-20,0.1226881495,0.1296625561,0.1253803228,0.1162871562,0.5059818154,0.6094083081,"E1|equal-weight,rebalance=year|band=0.01"
2026-04-21,0.1229342909,0.1298218163,0.1263170044,0.1157080776,0.5052188108,0.6094083081,"E1|equal-weight,rebalance=year|band=0.01"
2026-04-22,0.1221652675,0.1309055084,0.1259924163,0.1156016701,0.5053351377,0.6094083081,"E1|equal-weight,rebalance=year|band=0.01"
2026-04-23,0.1222897518,0.1304584311,0.1253332809,0.1156658591,0.5062526771,0.6094083081,"E1|equal-weight,rebalance=year|band=0.01"
2026-04-24,0.1216540156,0.1301285426,0.1253509288,0.1160667368,0.5067997762,0.6094083081,"E1|equal-weight,rebalance=year|band=0.01"
2026-04-27,0.1217339655,0.1310969852,0.1250403003,0.1158225488,0.5063062002,0.6094083081,"E1|equal-weight,rebalance=year|band=0.01"
2026-04-28,0.1220602574,0.1316477129,0.1241132381,0.1151048278,0.5070739638,0.6094083081,"E1|equal-weight,rebalance=year|band=0.01"
2026-04-29,0.1229405718,0.1314742756,0.1241641031,0.1142013649,0.5072196847,0.6094083081,"E1|equal-weight,rebalance=year|band=0.01"
2026-04-30,0.122626841,0.1304724501,0.1233693652,0.1161193859,0.5074119578,0.6094083081,"E1|equal-weight,rebalance=year|band=0.01"
2026-05-04,0.1230599333,0.1315132012,0.1229322294,0.1150686324,0.5074260037,0.6094083081,"E1|equal-weight,rebalance=year|band=0.01"
2026-05-05,0.1227987836,0.1321945095,0.1224987988,0.1149631829,0.5075447253,0.6094083081,"E1|equal-weight,rebalance=year|band=0.01"
2026-05-06,0.1226648487,0.1322188771,0.123997148,0.1151360073,0.5059831189,0.6094083081,"E1|equal-weight,rebalance=year|band=0.01"
2026-05-07,0.1223058992,0.1324249292,0.1239202321,0.1154501076,0.5058988319,0.6094083081,"E1|equal-weight,rebalance=year|band=0.01"
2026-05-08,0.1222929154,0.1324493307,0.1230262965,0.1158071156,0.5064243418,0.6094083081,"E1|equal-weight,rebalance=year|band=0.01"
2026-05-11,0.1219272202,0.1317040648,0.1225111161,0.1160849365,0.5077726623,0.6094083081,"E1|equal-weight,rebalance=year|band=0.01"
2026-05-12,0.1208753378,0.129827779,0.1217168687,0.1185894677,0.5089905469,0.6094083081,"E1|equal-weight,rebalance=year|band=0.01"
2026-05-13,0.119536287,0.1291306234,0.1200068966,0.1238039164,0.5075222766,0.6094083081,"E1|equal-weight,rebalance=year|band=0.01"
2026-05-14,0.1199552128,0.1295648987,0.1206515789,0.1230470894,0.5067812202,0.6094083081,"E1|equal-weight,rebalance=year|band=0.01"
2026-05-15,0.1205040717,0.1296168926,0.1204565139,0.1217457842,0.5076767378,0.6094083081,"E1|equal-weight,rebalance=year|band=0.01"
2026-05-18,0.1208010183,0.128540265,0.1205703332,0.122191291,0.5078970925,0.6094083081,"E1|equal-weight,rebalance=year|band=0.01"
2026-05-19,0.1205400764,0.1289755325,0.1200398744,0.1227972461,0.5076472705,0.6094083081,"E1|equal-weight,rebalance=year|band=0.01"
2026-05-20,0.1206445043,0.1293408338,0.1201551933,0.1222886209,0.5075708477,0.6094083081,"E1|equal-weight,rebalance=year|band=0.01"
2026-05-21,0.1205595869,0.1295338618,0.1198406225,0.1226361752,0.5074297536,0.6094083081,"E1|equal-weight,rebalance=year|band=0.01"
2026-05-22,0.120482821,0.1296738857,0.1209283864,0.1219285117,0.5069863952,0.6094083081,"E1|equal-weight,rebalance=year|band=0.01"
2026-05-25,0.1206302054,0.1304035899,0.1222300674,0.120789797,0.5059463404,0.6094083081,"E1|equal-weight,rebalance=year|band=0.01"
2026-05-26,0.1204383414,0.1309042773,0.1221355311,0.1202511681,0.5062706821,0.6094083081,"E1|equal-weight,rebalance=year|band=0.01"
2026-05-27,0.1203272209,0.1323404593,0.1216024865,0.1195909858,0.5061388474,0.6094083081,"E1|equal-weight,rebalance=year|band=0.01"
2026-05-29,0.1197536474,0.1320174059,0.1211559452,0.1200614916,0.50701151,0.6094083081,"E1|equal-weight,rebalance=year|band=0.01"
2026-06-01,0.1199011374,0.131107212,0.1206355021,0.1201394159,0.5082167326,0.6094083081,"E1|equal-weight,rebalance=year|band=0.01"
2026-06-02,0.1196864094,0.1309913984,0.1207142768,0.1208067446,0.5078011709,0.6094083081,"E1|equal-weight,rebalance=year|band=0.01"
2026-06-03,0.1196623112,0.1305852813,0.1217213359,0.1200276237,0.5080034479,0.6094083081,"E1|equal-weight,rebalance=year|band=0.01"
2026-06-04,0.1193703926,0.1306395991,0.1217486018,0.1205188588,0.5077225478,0.6094083081,"E1|equal-weight,rebalance=year|band=0.01"
2026-06-05,0.1192750552,0.1309436317,0.1221540501,0.1198561665,0.5077710966,0.6094083081,"E1|equal-weight,rebalance=year|band=0.01"
2026-06-08,0.1195384198,0.1303778449,0.1227690775,0.1179625038,0.509352154,0.6094083081,"E1|equal-weight,rebalance=year|band=0.01"
2026-06-09,0.1189727332,0.1309265532,0.1238812983,0.1179742424,0.5082451729,0.6094083081,"E1|equal-weight,rebalance=year|band=0.01"
2026-06-10,0.1198160564,0.1307270152,0.124850843,0.1151420449,0.5094640405,0.6094083081,"E1|equal-weight,rebalance=year|band=0.01"
2026-06-11,0.120224224,0.1299645552,0.125766988,0.1139458758,0.5100983569,0.6094083081,"E1|equal-weight,rebalance=year|band=0.01"
2026-06-12,0.1203368644,0.1305256987,0.1269351741,0.1143007584,0.5079015044,0.6094083081,"E1|equal-weight,rebalance=year|band=0.01"
2026-06-15,0.1201300961,0.1319865944,0.1263327315,0.1149650928,0.5065854852,0.6094083081,"E1|equal-weight,rebalance=year|band=0.01"
2026-06-16,0.1204014626,0.1320100571,0.1263344606,0.1148114369,0.5064425828,0.6094083081,"E1|equal-weight,rebalance=year|band=0.01"
2026-06-17,0.1206822625,0.1324798679,0.126609773,0.1141128048,0.5061152919,0.6094083081,"E1|equal-weight,rebalance=year|band=0.01"
2026-06-18,0.1209842543,0.1330107528,0.1274041454,0.1125371648,0.5060636827,0.6094083081,"E1|equal-weight,rebalance=year|band=0.01"
2026-06-19,0.1211471701,0.1332729434,0.1279560523,0.1109517283,0.5066721059,0.6094083081,"E1|equal-weight,rebalance=year|band=0.01"
2026-06-22,0.1208823835,0.1336150167,0.1276901049,0.1116439044,0.5061685905,0.6094083081,"E1|equal-weight,rebalance=year|band=0.01"
2026-06-23,0.1982821748,0.2190527656,0.2093850122,0.1816703958,0.1916096516,1,"E1|equal-weight,rebalance=year|band=0.01"
2026-06-24,0.1990807084,0.2184828021,0.2122256806,0.179109574,0.1911012349,1,"E1|equal-weight,rebalance=year|band=0.01"
2026-06-25,0.2002582124,0.2195241952,0.2127681158,0.1757010105,0.1917484661,1,"E1|equal-weight,rebalance=year|band=0.01"
2026-06-29,0.1996939468,0.2180399944,0.2117704646,0.1782743383,0.1922212559,1,"E1|equal-weight,rebalance=year|band=0.01"
2026-06-30,0.1996684485,0.2185728984,0.2114303967,0.177769407,0.1925588494,1,"E1|equal-weight,rebalance=year|band=0.01"
2026-07-01,0.1997657967,0.2192930932,0.2125568532,0.1763925447,0.1919917122,1,"E1|equal-weight,rebalance=year|band=0.01"
2026-07-02,0.1998191135,0.2191478439,0.2110008659,0.1789293629,0.1911028138,1,"E1|equal-weight,rebalance=year|band=0.01"
2026-07-03,0.2000641405,0.2176356773,0.2100213826,0.1820484014,0.1902303982,1,"E1|equal-weight,rebalance=year|band=0.01"
2026-07-06,0.2007414253,0.2183248891,0.2105975443,0.1804559305,0.1898802108,1,"E1|equal-weight,rebalance=year|band=0.01"
2026-07-07,0.2010325311,0.2176693093,0.2113217948,0.1795572575,0.1904191073,1,"E1|equal-weight,rebalance=year|band=0.01"
2026-07-08,0.2003202028,0.2170952712,0.2091260909,0.1799582613,0.1935001738,1,"E1|equal-weight,rebalance=year|band=0.01"
2026-07-09,0.1998093537,0.2173650418,0.2095033954,0.1810270697,0.1922951394,1,"E1|equal-weight,rebalance=year|band=0.01"
2026-07-10,0.2001327468,0.2186940195,0.2107525377,0.1793722379,0.1910484581,1,"E1|equal-weight,rebalance=year|band=0.01"
2026-07-13,0.2007198514,0.2184067334,0.2113947838,0.1779375772,0.1915410542,1,"E1|equal-weight,rebalance=year|band=0.01"
2026-07-14,0.200498794,0.2189329642,0.2103460287,0.1775248369,0.1926973762,1,"E1|equal-weight,rebalance=year|band=0.01"
2026-07-15,0.2001720283,0.219017518,0.2109621072,0.1776605764,0.1921877701,1,"E1|equal-weight,rebalance=year|band=0.01"
2026-07-16,0.2004706662,0.2185568883,0.2108528716,0.1778334804,0.1922860935,1,"E1|equal-weight,rebalance=year|band=0.01"
2026-07-17,0.2016049893,0.2175859201,0.2129002433,0.1762070812,0.1917017661,1,"E1|equal-weight,rebalance=year|band=0.01"
2026-07-20,0.2007821696,0.2188967985,0.2110591938,0.1776447294,0.1916171087,1,"E1|equal-weight,rebalance=year|band=0.01"
2026-07-21,0.2001245922,0.2193588921,0.2104803321,0.1787034707,0.1913327129,1,"E1|equal-weight,rebalance=year|band=0.01"
2026-07-22,0.1994444652,0.2186769267,0.2085491194,0.1813961019,0.1919333868,1,"E1|equal-weight,rebalance=year|band=0.01"
2026-07-23,0.1993431184,0.2187252061,0.2075481048,0.1815355727,0.192847998,1,"E1|equal-weight,rebalance=year|band=0.01"
2026-07-24,0.1990427223,0.2190325846,0.2081920934,0.1805820484,0.1931505513,1,"E1|equal-weight,rebalance=year|band=0.01"
2026-07-27,0.199542793,0.2196775366,0.2081949167,0.1805415133,0.1920432404,1,"E1|equal-weight,rebalance=year|band=0.01"
2026-07-28,0.2005418587,0.2197350297,0.2079031695,0.1787465954,0.1930733467,1,"E1|equal-weight,rebalance=year|band=0.01"
2026-07-29,0.2013478543,0.2198894197,0.2084854638,0.1780054502,0.192271812,1,"E1|equal-weight,rebalance=year|band=0.01"
2026-07-30,0.2015711544,0.219835281,0.2079786813,0.1785621434,0.1920527399,1,"E1|equal-weight,rebalance=year|band=0.01"
2026-07-31,0.2014608209,0.2221331814,0.2075815905,0.1774721229,0.1913522843,1,"E1|equal-weight,rebalance=year|band=0.01"
2026-08-03,0.2021176856,0.2225557386,0.2082059649,0.1767181637,0.1904024472,1,"E1|equal-weight,rebalance=year|band=0.01"
2026-08-04,0.2016085331,0.2229690707,0.2079345514,0.1767898561,0.1906979887,1,"E1|equal-weight,rebalance=year|band=0.01"
2026-08-05,0.2013468583,0.2227831471,0.2069877131,0.1791843833,0.1896978982,1,"E1|equal-weight,rebalance=year|band=0.01"
2026-08-06,0.2004205449,0.221674961,0.2069000985,0.182565436,0.1884389596,1,"E1|equal-weight,rebalance=year|band=0.01"
2026-08-07,0.1997792688,0.2216701051,0.2063227102,0.1838461917,0.1883817242,1,"E1|equal-weight,rebalance=year|band=0.01"
2026-08-10,0.1998308225,0.2216045155,0.2052211562,0.1852350659,0.1881084399,1,"E1|equal-weight,rebalance=year|band=0.01"
2026-08-11,0.1989879175,0.2213649267,0.2046755,0.1867310131,0.1882406427,1,"E1|equal-weight,rebalance=year|band=0.01"
2026-08-12,0.1980394334,0.220570711,0.2057145136,0.1877627444,0.1879125976,1,"E1|equal-weight,rebalance=year|band=0.01"
2026-08-13,0.1982217949,0.2212788829,0.2056646846,0.1866012584,0.1882333792,1,"E1|equal-weight,rebalance=year|band=0.01"
2026-08-14,0.1985302663,0.2215048614,0.2052933535,0.1862431359,0.1884283829,1,"E1|equal-weight,rebalance=year|band=0.01"
2026-08-17,0.1977162821,0.2210717547,0.2054792453,0.1876883768,0.1880443411,1,"E1|equal-weight,rebalance=year|band=0.01"
2026-08-18,0.1970425772,0.2211125361,0.2048953207,0.1882899508,0.1886596152,1,"E1|equal-weight,rebalance=year|band=0.01"
2026-08-19,0.1968281409,0.2203951912,0.2052218962,0.1880517047,0.189503067,1,"E1|equal-weight,rebalance=year|band=0.01"
2026-08-20,0.1966531392,0.219537839,0.2045546674,0.1912338078,0.1880205466,1,"E1|equal-weight,rebalance=year|band=0.01"
2026-08-21,0.1960846348,0.2179793313,0.2044046132,0.1941576233,0.1873737974,1,"E1|equal-weight,rebalance=year|band=0.01"
2026-08-24,0.1952897618,0.2177062776,0.2031872912,0.1965057559,0.1873109135,1,"E1|equal-weight,rebalance=year|band=0.01"
2026-08-25,0.195712819,0.2184760261,0.2029669109,0.1958166337,0.1870276103,1,"E1|equal-weight,rebalance=year|band=0.01"
2026-08-26,0.1954239107,0.2188390536,0.2041409213,0.1948675276,0.1867285868,1,"E1|equal-weight,rebalance=year|band=0.01"
2026-08-27,0.1956023278,0.2197501949,0.2043240019,0.1925164903,0.1878069851,1,"E1|equal-weight,rebalance=year|band=0.01"
2026-08-28,0.1955840118,0.2186003647,0.2041438031,0.1937669397,0.1879048807,1,"E1|equal-weight,rebalance=year|band=0.01"
2026-08-31,0.1965952746,0.2182871596,0.2055935279,0.1900315426,0.1894924953,1,"E1|equal-weight,rebalance=year|band=0.01"
2026-09-01,0.19666562,0.2180854606,0.2062646268,0.188252736,0.1907315566,1,"E1|equal-weight,rebalance=year|band=0.01"
2026-09-02,0.1968499942,0.21890639,0.2066216267,0.1861632278,0.1914587613,1,"E1|equal-weight,rebalance=year|band=0.01"
2026-09-03,0.1958350766,0.2178157312,0.2066337574,0.1892181327,0.1904973021,1,"E1|equal-weight,rebalance=year|band=0.01"
2026-09-04,0.1957827388,0.2178892958,0.2061569667,0.1901299112,0.1900410875,1,"E1|equal-weight,rebalance=year|band=0.01"
2026-09-07,0.1956168772,0.2180245218,0.2059385768,0.1890185525,0.1914014717,1,"E1|equal-weight,rebalance=year|band=0.01"
2026-09-08,0.1949579346,0.2185926044,0.2052588943,0.1895827308,0.1916078359,1,"E1|equal-weight,rebalance=year|band=0.01"
2026-09-09,0.1939853484,0.2195382927,0.204557774,0.1898829847,0.1920356002,1,"E1|equal-weight,rebalance=year|band=0.01"
2026-09-10,0.193636816,0.2189501655,0.204117194,0.1908723097,0.1924235148,1,"E1|equal-weight,rebalance=year|band=0.01"
2026-09-11,0.193947927,0.2182575601,0.2054597479,0.1895641848,0.1927705802,1,"E1|equal-weight,rebalance=year|band=0.01"
2026-09-15,0.1943960199,0.2154409894,0.2054376206,0.1895406769,0.1951846932,1,"E1|equal-weight,rebalance=year|band=0.01"
2026-09-16,0.1939217491,0.2151521269,0.2057792512,0.1907341287,0.1944127441,1,"E1|equal-weight,rebalance=year|band=0.01"
2026-09-17,0.1943661241,0.2167855975,0.2050624819,0.1896779185,0.194107878,1,"E1|equal-weight,rebalance=year|band=0.01"
2026-09-18,0.1933905208,0.2178912645,0.2043680893,0.1915112417,0.1928388837,1,"E1|equal-weight,rebalance=year|band=0.01"
2026-09-21,0.1941763129,0.2181061794,0.2048543809,0.1900289534,0.1928341734,1,"E1|equal-weight,rebalance=year|band=0.01"
2026-09-22,0.1940038023,0.2177759856,0.2049105355,0.1897921675,0.1935175091,1,"E1|equal-weight,rebalance=year|band=0.01"
2026-09-23,0.1941696159,0.2188593075,0.2050755155,0.1888711592,0.1930244019,1,"E1|equal-weight,rebalance=year|band=0.01"
2026-09-24,0.1936819605,0.2182461087,0.2039188126,0.1889756105,0.1951775077,1,"E1|equal-weight,rebalance=year|band=0.01"
2026-09-25,0.1932801521,0.2185021821,0.2035468356,0.1900106571,0.1946601731,1,"E1|equal-weight,rebalance=year|band=0.01"
2026-09-28,0.1936256807,0.217741775,0.2028258006,0.1879678989,0.1978388448,1,"E1|equal-weight,rebalance=year|band=0.01"
2026-09-29,0.193255027,0.2180938072,0.2028942052,0.1875073551,0.1982496055,1,"E1|equal-weight,rebalance=year|band=0.01"
2026-09-30,0.192474707,0.2164968093,0.2039113314,0.1889271223,0.19819003,1,"E1|equal-weight,rebalance=year|band=0.01"
