date,NIFTYBEES,JUNIORBEES,BANKBEES,GOLDBEES,MOM100,MON100,cash,multiplier,strategy
2013-04-01,1,0,0,0,0,0,0,1,S0|cap=0.3|band=0.01
2013-04-02,1,0,0,0,0,0,0,1,S0|cap=0.3|band=0.01
2013-04-03,1,0,0,0,0,0,0,1,S0|cap=0.3|band=0.01
2013-04-04,1,0,0,0,0,0,0,1,S0|cap=0.3|band=0.01
2013-04-05,1,0,0,0,0,0,0,1,S0|cap=0.3|band=0.01
2013-04-08,1,0,0,0,0,0,0,1,S0|cap=0.3|band=0.01
2013-04-09,1,0,0,0,0,0,0,1,S0|cap=0.3|band=0.01
2013-04-10,1,0,0,0,0,0,0,1,S0|cap=0.3|band=0.01
2013-04-11,1,0,0,0,0,0,0,1,S0|cap=0.3|band=0.01
2013-04-12,1,0,0,0,0,0,0,1,S0|cap=0.3|band=0.01
2013-04-15,1,0,0,0,0,0,0,1,S0|cap=0.3|band=0.01
2013-04-16,1,0,0,0,0,0,0,1,S0|cap=0.3|band=0.01
2013-04-17,1,0,0,0,0,0,0,1,S0|cap=0.3|band=0.01
2013-04-18,1,0,0,0,0,0,0,1,S0|cap=0.3|band=0.01
2013-04-22,1,0,0,0,0,0,0,1,S0|cap=0.3|band=0.01
2013-04-23,1,0,0,0,0,0,0,1,S0|cap=0.3|band=0.01
2013-04-25,1,0,0,0,0,0,0,1,S0|cap=0.3|band=0.01
2013-04-26,1,0,0,0,0,0,0,1,S0|cap=0.3|band=0.01
2013-04-29,1,0,0,0,0,0,0,1,S0|cap=0.3|band=0.01
2013-04-30,1,0,0,0,0,0,0,1,S0|cap=0.3|band=0.01
2013-05-02,1,0,0,0,0,0,0,1,S0|cap=0.3|band=0.01
2013-05-03,1,0,0,0,0,0,0,1,S0|cap=0.3|band=0.01
2013-05-06,1,0,0,0,0,0,0,1,S0|cap=0.3|band=0.01
2013-05-07,1,0,0,0,0,0,0,1,S0|cap=0.3|band=0.01
2013-05-08,1,0,0,0,0,0,0,1,S0|cap=0.3|band=0.01
2013-05-09,1,0,0,0,0,0,0,1,S0|cap=0.3|band=0.01
2013-05-10,1,0,0,0,0,0,0,1,S0|cap=0.3|band=0.01
2013-05-11,1,0,0,0,0,0,0,1,S0|cap=0.3|band=0.01
2013-05-13,1,0,0,0,0,0,0,1,S0|cap=0.3|band=0.01
2013-05-14,1,0,0,0,0,0,0,1,S0|cap=0.3|band=0.01
2013-05-15,1,0,0,0,0,0,0,1,S0|cap=0.3|band=0.01
2013-05-16,1,0,0,0,0,0,0,1,S0|cap=0.3|band=0.01
2013-05-17,1,0,0,0,0,0,0,1,S0|cap=0.3|band=0.01
2013-05-20,1,0,0,0,0,0,0,1,S0|cap=0.3|band=0.01
2013-05-21,1,0,0,0,0,0,0,1,S0|cap=0.3|band=0.01
2013-05-22,1,0,0,0,0,0,0,1,S0|cap=0.3|band=0.01
2013-05-23,1,0,0,0,0,0,0,1,S0|cap=0.3|band=0.01
2013-05-24,1,0,0,0,0,0,0,1,S0|cap=0.3|band=0.01
2013-05-27,1,0,0,0,0,0,0,1,S0|cap=0.3|band=0.01
2013-05-28,1,0,0,0,0,0,0,1,S0|cap=0.3|band=0.01
2013-05-29,1,0,0,0,0,0,0,1,S0|cap=0.3|band=0.01
2013-05-30,1,0,0,0,0,0,0,1,S0|cap=0.3|band=0.01
2013-05-31,1,0,0,0,0,0,0,1,S0|cap=0.3|band=0.01
2013-06-03,1,0,0,0,0,0,0,1,S0|cap=0.3|band=0.01
2013-06-04,1,0,0,0,0,0,0,1,S0|cap=0.3|band=0.01
2013-06-05,1,0,0,0,0,0,0,1,S0|cap=0.3|band=0.01
2013-06-06,1,0,0,0,0,0,0,1,S0|cap=0.3|band=0.01
2013-06-07,1,0,0,0,0,0,0,1,S0|cap=0.3|band=0.01
2013-06-10,1,0,0,0,0,0,0,1,S0|cap=0.3|band=0.01
2013-06-11,1,0,0,0,0,0,0,1,S0|cap=0.3|band=0.01
2013-06-12,1,0,0,0,0,0,0,1,S0|cap=0.3|band=0.01
2013-06-13,1,0,0,0,0,0,0,1,S0|cap=0.3|band=0.01
2013-06-14,1,0,0,0,0,0,0,1,S0|cap=0.3|band=0.01
2013-06-17,1,0,0,0,0,0,0,1,S0|cap=0.3|band=0.01
2013-06-18,1,0,0,0,0,0,0,1,S0|cap=0.3|band=0.01
2013-06-19,1,0,0,0,0,0,0,1,S0|cap=0.3|band=0.01
2013-06-20,1,0,0,0,0,0,0,1,S0|cap=0.3|band=0.01
2013-06-21,1,0,0,0,0,0,0,1,S0|cap=0.3|band=0.01
2013-06-24,1,0,0,0,0,0,0,1,S0|cap=0.3|band=0.01
2013-06-25,1,0,0,0,0,0,0,1,S0|cap=0.3|band=0.01
2013-06-26,1,0,0,0,0,0,0,1,S0|cap=0.3|band=0.01
2013-06-27,1,0,0,0,0,0,0,1,S0|cap=0.3|band=0.01
2013-06-28,1,0,0,0,0,0,0,1,S0|cap=0.3|band=0.01
2013-07-01,1,0,0,0,0,0,0,1,S0|cap=0.3|band=0.01
2013-07-02,1,0,0,0,0,0,0,1,S0|cap=0.3|band=0.01
2013-07-03,1,0,0,0,0,0,0,1,S0|cap=0.3|band=0.01
2013-07-04,1,0,0,0,0,0,0,1,S0|cap=0.3|band=0.01
2013-07-05,1,0,0,0,0,0,0,1,S0|cap=0.3|band=0.01
2013-07-08,1,0,0,0,0,0,0,1,S0|cap=0.3|band=0.01
2013-07-09,1,0,0,0,0,0,0,1,S0|cap=0.3|band=0.01
2013-07-10,1,0,0,0,0,0,0,1,S0|cap=0.3|band=0.01
2013-07-11,1,0,0,0,0,0,0,1,S0|cap=0.3|band=0.01
2013-07-12,1,0,0,0,0,0,0,1,S0|cap=0.3|band=0.01
2013-07-15,1,0,0,0,0,0,0,1,S0|cap=0.3|band=0.01
2013-07-16,1,0,0,0,0,0,0,1,S0|cap=0.3|band=0.01
2013-07-17,1,0,0,0,0,0,0,1,S0|cap=0.3|band=0.01
2013-07-18,1,0,0,0,0,0,0,1,S0|cap=0.3|band=0.01
2013-07-19,1,0,0,0,0,0,0,1,S0|cap=0.3|band=0.01
2013-07-22,1,0,0,0,0,0,0,1,S0|cap=0.3|band=0.01
2013-07-23,1,0,0,0,0,0,0,1,S0|cap=0.3|band=0.01
2013-07-24,1,0,0,0,0,0,0,1,S0|cap=0.3|band=0.01
2013-07-25,1,0,0,0,0,0,0,1,S0|cap=0.3|band=0.01
2013-07-26,1,0,0,0,0,0,0,1,S0|cap=0.3|band=0.01
2013-07-29,1,0,0,0,0,0,0,1,S0|cap=0.3|band=0.01
2013-07-30,1,0,0,0,0,0,0,1,S0|cap=0.3|band=0.01
2013-07-31,1,0,0,0,0,0,0,1,S0|cap=0.3|band=0.01
2013-08-01,1,0,0,0,0,0,0,1,S0|cap=0.3|band=0.01
2013-08-02,1,0,0,0,0,0,0,1,S0|cap=0.3|band=0.01
2013-08-05,1,0,0,0,0,0,0,1,S0|cap=0.3|band=0.01
2013-08-06,1,0,0,0,0,0,0,1,S0|cap=0.3|band=0.01
2013-08-07,1,0,0,0,0,0,0,1,S0|cap=0.3|band=0.01
2013-08-08,1,0,0,0,0,0,0,1,S0|cap=0.3|band=0.01
2013-08-12,1,0,0,0,0,0,0,1,S0|cap=0.3|band=0.01
2013-08-13,1,0,0,0,0,0,0,1,S0|cap=0.3|band=0.01
2013-08-14,1,0,0,0,0,0,0,1,S0|cap=0.3|band=0.01
2013-08-16,1,0,0,0,0,0,0,1,S0|cap=0.3|band=0.01
2013-08-19,1,0,0,0,0,0,0,1,S0|cap=0.3|band=0.01
2013-08-20,1,0,0,0,0,0,0,1,S0|cap=0.3|band=0.01
2013-08-21,1,0,0,0,0,0,0,1,S0|cap=0.3|band=0.01
2013-08-22,1,0,0,0,0,0,0,1,S0|cap=0.3|band=0.01
2013-08-23,1,0,0,0,0,0,0,1,S0|cap=0.3|band=0.01
2013-08-26,1,0,0,0,0,0,0,1,S0|cap=0.3|band=0.01
2013-08-27,1,0,0,0,0,0,0,1,S0|cap=0.3|band=0.01
2013-08-28,1,0,0,0,0,0,0,1,S0|cap=0.3|band=0.01
2013-08-29,1,0,0,0,0,0,0,1,S0|cap=0.3|band=0.01
2013-08-30,1,0,0,0,0,0,0,1,S0|cap=0.3|band=0.01
2013-09-02,1,0,0,0,0,0,0,1,S0|cap=0.3|band=0.01
2013-09-03,1,0,0,0,0,0,0,1,S0|cap=0.3|band=0.01
2013-09-04,1,0,0,0,0,0,0,1,S0|cap=0.3|band=0.01
2013-09-05,1,0,0,0,0,0,0,1,S0|cap=0.3|band=0.01
2013-09-06,1,0,0,0,0,0,0,1,S0|cap=0.3|band=0.01
2013-09-10,1,0,0,0,0,0,0,1,S0|cap=0.3|band=0.01
2013-09-11,1,0,0,0,0,0,0,1,S0|cap=0.3|band=0.01
2013-09-12,1,0,0,0,0,0,0,1,S0|cap=0.3|band=0.01
2013-09-13,1,0,0,0,0,0,0,1,S0|cap=0.3|band=0.01
2013-09-16,1,0,0,0,0,0,0,1,S0|cap=0.3|band=0.01
2013-09-17,1,0,0,0,0,0,0,1,S0|cap=0.3|band=0.01
2013-09-18,1,0,0,0,0,0,0,1,S0|cap=0.3|band=0.01
2013-09-19,1,0,0,0,0,0,0,1,S0|cap=0.3|band=0.01
2013-09-20,1,0,0,0,0,0,0,1,S0|cap=0.3|band=0.01
2013-09-23,1,0,0,0,0,0,0,1,S0|cap=0.3|band=0.01
2013-09-24,1,0,0,0,0,0,0,1,S0|cap=0.3|band=0.01
2013-09-25,1,0,0,0,0,0,0,1,S0|cap=0.3|band=0.01
2013-09-26,1,0,0,0,0,0,0,1,S0|cap=0.3|band=0.01
2013-09-27,1,0,0,0,0,0,0,1,S0|cap=0.3|band=0.01
2013-09-30,1,0,0,0,0,0,0,1,S0|cap=0.3|band=0.01
2013-10-01,1,0,0,0,0,0,0,1,S0|cap=0.3|band=0.01
2013-10-03,1,0,0,0,0,0,0,1,S0|cap=0.3|band=0.01
2013-10-04,1,0,0,0,0,0,0,1,S0|cap=0.3|band=0.01
2013-10-07,1,0,0,0,0,0,0,1,S0|cap=0.3|band=0.01
2013-10-08,1,0,0,0,0,0,0,1,S0|cap=0.3|band=0.01
2013-10-09,1,0,0,0,0,0,0,1,S0|cap=0.3|band=0.01
2013-10-10,1,0,0,0,0,0,0,1,S0|cap=0.3|band=0.01
2013-10-11,1,0,0,0,0,0,0,1,S0|cap=0.3|band=0.01
2013-10-14,1,0,0,0,0,0,0,1,S0|cap=0.3|band=0.01
2013-10-15,1,0,0,0,0,0,0,1,S0|cap=0.3|band=0.01
2013-10-17,1,0,0,0,0,0,0,1,S0|cap=0.3|band=0.01
2013-10-18,1,0,0,0,0,0,0,1,S0|cap=0.3|band=0.01
2013-10-21,1,0,0,0,0,0,0,1,S0|cap=0.3|band=0.01
2013-10-22,1,0,0,0,0,0,0,1,S0|cap=0.3|band=0.01
2013-10-23,1,0,0,0,0,0,0,1,S0|cap=0.3|band=0.01
2013-10-24,1,0,0,0,0,0,0,1,S0|cap=0.3|band=0.01
2013-10-25,1,0,0,0,0,0,0,1,S0|cap=0.3|band=0.01
2013-10-28,1,0,0,0,0,0,0,1,S0|cap=0.3|band=0.01
2013-10-29,1,0,0,0,0,0,0,1,S0|cap=0.3|band=0.01
2013-10-30,1,0,0,0,0,0,0,1,S0|cap=0.3|band=0.01
2013-10-31,1,0,0,0,0,0,0,1,S0|cap=0.3|band=0.01
2013-11-01,1,0,0,0,0,0,0,1,S0|cap=0.3|band=0.01
2013-11-03,1,0,0,0,0,0,0,1,S0|cap=0.3|band=0.01
2013-11-05,1,0,0,0,0,0,0,1,S0|cap=0.3|band=0.01
2013-11-06,1,0,0,0,0,0,0,1,S0|cap=0.3|band=0.01
2013-11-07,1,0,0,0,0,0,0,1,S0|cap=0.3|band=0.01
2013-11-08,1,0,0,0,0,0,0,1,S0|cap=0.3|band=0.01
2013-11-11,1,0,0,0,0,0,0,1,S0|cap=0.3|band=0.01
2013-11-12,1,0,0,0,0,0,0,1,S0|cap=0.3|band=0.01
2013-11-13,1,0,0,0,0,0,0,1,S0|cap=0.3|band=0.01
2013-11-14,1,0,0,0,0,0,0,1,S0|cap=0.3|band=0.01
2013-11-18,1,0,0,0,0,0,0,1,S0|cap=0.3|band=0.01
2013-11-19,1,0,0,0,0,0,0,1,S0|cap=0.3|band=0.01
2013-11-20,1,0,0,0,0,0,0,1,S0|cap=0.3|band=0.01
2013-11-21,1,0,0,0,0,0,0,1,S0|cap=0.3|band=0.01
2013-11-22,1,0,0,0,0,0,0,1,S0|cap=0.3|band=0.01
2013-11-25,1,0,0,0,0,0,0,1,S0|cap=0.3|band=0.01
2013-11-26,1,0,0,0,0,0,0,1,S0|cap=0.3|band=0.01
2013-11-27,1,0,0,0,0,0,0,1,S0|cap=0.3|band=0.01
2013-11-28,1,0,0,0,0,0,0,1,S0|cap=0.3|band=0.01
2013-11-29,1,0,0,0,0,0,0,1,S0|cap=0.3|band=0.01
2013-12-02,1,0,0,0,0,0,0,1,S0|cap=0.3|band=0.01
2013-12-03,1,0,0,0,0,0,0,1,S0|cap=0.3|band=0.01
2013-12-04,1,0,0,0,0,0,0,1,S0|cap=0.3|band=0.01
2013-12-05,1,0,0,0,0,0,0,1,S0|cap=0.3|band=0.01
2013-12-06,1,0,0,0,0,0,0,1,S0|cap=0.3|band=0.01
2013-12-09,1,0,0,0,0,0,0,1,S0|cap=0.3|band=0.01
2013-12-10,1,0,0,0,0,0,0,1,S0|cap=0.3|band=0.01
2013-12-11,1,0,0,0,0,0,0,1,S0|cap=0.3|band=0.01
2013-12-12,1,0,0,0,0,0,0,1,S0|cap=0.3|band=0.01
2013-12-13,1,0,0,0,0,0,0,1,S0|cap=0.3|band=0.01
2013-12-16,1,0,0,0,0,0,0,1,S0|cap=0.3|band=0.01
2013-12-17,1,0,0,0,0,0,0,1,S0|cap=0.3|band=0.01
2013-12-18,1,0,0,0,0,0,0,1,S0|cap=0.3|band=0.01
2013-12-19,1,0,0,0,0,0,0,1,S0|cap=0.3|band=0.01
2013-12-20,1,0,0,0,0,0,0,1,S0|cap=0.3|band=0.01
2013-12-23,1,0,0,0,0,0,0,1,S0|cap=0.3|band=0.01
2013-12-24,1,0,0,0,0,0,0,1,S0|cap=0.3|band=0.01
2013-12-26,1,0,0,0,0,0,0,1,S0|cap=0.3|band=0.01
2013-12-27,1,0,0,0,0,0,0,1,S0|cap=0.3|band=0.01
2013-12-30,1,0,0,0,0,0,0,1,S0|cap=0.3|band=0.01
2013-12-31,1,0,0,0,0,0,0,1,S0|cap=0.3|band=0.01
2014-01-01,1,0,0,0,0,0,0,1,S0|cap=0.3|band=0.01
2014-01-02,1,0,0,0,0,0,0,1,S0|cap=0.3|band=0.01
2014-01-03,1,0,0,0,0,0,0,1,S0|cap=0.3|band=0.01
2014-01-06,1,0,0,0,0,0,0,1,S0|cap=0.3|band=0.01
2014-01-07,1,0,0,0,0,0,0,1,S0|cap=0.3|band=0.01
2014-01-08,1,0,0,0,0,0,0,1,S0|cap=0.3|band=0.01
2014-01-09,1,0,0,0,0,0,0,1,S0|cap=0.3|band=0.01
2014-01-10,1,0,0,0,0,0,0,1,S0|cap=0.3|band=0.01
2014-01-13,1,0,0,0,0,0,0,1,S0|cap=0.3|band=0.01
2014-01-14,1,0,0,0,0,0,0,1,S0|cap=0.3|band=0.01
2014-01-15,1,0,0,0,0,0,0,1,S0|cap=0.3|band=0.01
2014-01-16,1,0,0,0,0,0,0,1,S0|cap=0.3|band=0.01
2014-01-17,1,0,0,0,0,0,0,1,S0|cap=0.3|band=0.01
2014-01-20,1,0,0,0,0,0,0,1,S0|cap=0.3|band=0.01
2014-01-21,1,0,0,0,0,0,0,1,S0|cap=0.3|band=0.01
2014-01-22,1,0,0,0,0,0,0,1,S0|cap=0.3|band=0.01
2014-01-23,1,0,0,0,0,0,0,1,S0|cap=0.3|band=0.01
2014-01-24,1,0,0,0,0,0,0,1,S0|cap=0.3|band=0.01
2014-01-27,1,0,0,0,0,0,0,1,S0|cap=0.3|band=0.01
2014-01-28,1,0,0,0,0,0,0,1,S0|cap=0.3|band=0.01
2014-01-29,1,0,0,0,0,0,0,1,S0|cap=0.3|band=0.01
2014-01-30,1,0,0,0,0,0,0,1,S0|cap=0.3|band=0.01
2014-01-31,1,0,0,0,0,0,0,1,S0|cap=0.3|band=0.01
2014-02-03,1,0,0,0,0,0,0,1,S0|cap=0.3|band=0.01
2014-02-04,1,0,0,0,0,0,0,1,S0|cap=0.3|band=0.01
2014-02-05,1,0,0,0,0,0,0,1,S0|cap=0.3|band=0.01
2014-02-06,1,0,0,0,0,0,0,1,S0|cap=0.3|band=0.01
2014-02-07,1,0,0,0,0,0,0,1,S0|cap=0.3|band=0.01
2014-02-10,1,0,0,0,0,0,0,1,S0|cap=0.3|band=0.01
2014-02-11,1,0,0,0,0,0,0,1,S0|cap=0.3|band=0.01
2014-02-12,1,0,0,0,0,0,0,1,S0|cap=0.3|band=0.01
2014-02-13,1,0,0,0,0,0,0,1,S0|cap=0.3|band=0.01
2014-02-14,1,0,0,0,0,0,0,1,S0|cap=0.3|band=0.01
2014-02-17,1,0,0,0,0,0,0,1,S0|cap=0.3|band=0.01
2014-02-18,1,0,0,0,0,0,0,1,S0|cap=0.3|band=0.01
2014-02-19,1,0,0,0,0,0,0,1,S0|cap=0.3|band=0.01
2014-02-20,1,0,0,0,0,0,0,1,S0|cap=0.3|band=0.01
2014-02-21,1,0,0,0,0,0,0,1,S0|cap=0.3|band=0.01
2014-02-24,1,0,0,0,0,0,0,1,S0|cap=0.3|band=0.01
2014-02-25,1,0,0,0,0,0,0,1,S0|cap=0.3|band=0.01
2014-02-26,1,0,0,0,0,0,0,1,S0|cap=0.3|band=0.01
2014-02-28,1,0,0,0,0,0,0,1,S0|cap=0.3|band=0.01
2014-03-03,1,0,0,0,0,0,0,1,S0|cap=0.3|band=0.01
2014-03-04,1,0,0,0,0,0,0,1,S0|cap=0.3|band=0.01
2014-03-05,1,0,0,0,0,0,0,1,S0|cap=0.3|band=0.01
2014-03-06,1,0,0,0,0,0,0,1,S0|cap=0.3|band=0.01
2014-03-07,1,0,0,0,0,0,0,1,S0|cap=0.3|band=0.01
2014-03-10,1,0,0,0,0,0,0,1,S0|cap=0.3|band=0.01
2014-03-11,1,0,0,0,0,0,0,1,S0|cap=0.3|band=0.01
2014-03-12,1,0,0,0,0,0,0,1,S0|cap=0.3|band=0.01
2014-03-13,1,0,0,0,0,0,0,1,S0|cap=0.3|band=0.01
2014-03-14,1,0,0,0,0,0,0,1,S0|cap=0.3|band=0.01
2014-03-18,1,0,0,0,0,0,0,1,S0|cap=0.3|band=0.01
2014-03-19,1,0,0,0,0,0,0,1,S0|cap=0.3|band=0.01
2014-03-20,1,0,0,0,0,0,0,1,S0|cap=0.3|band=0.01
2014-03-21,1,0,0,0,0,0,0,1,S0|cap=0.3|band=0.01
2014-03-22,1,0,0,0,0,0,0,1,S0|cap=0.3|band=0.01
2014-03-24,1,0,0,0,0,0,0,1,S0|cap=0.3|band=0.01
2014-03-25,1,0,0,0,0,0,0,1,S0|cap=0.3|band=0.01
2014-03-26,1,0,0,0,0,0,0,1,S0|cap=0.3|band=0.01
2014-03-27,1,0,0,0,0,0,0,1,S0|cap=0.3|band=0.01
2014-03-28,1,0,0,0,0,0,0,1,S0|cap=0.3|band=0.01
2014-03-31,1,0,0,0,0,0,0,1,S0|cap=0.3|band=0.01
2014-04-01,1,0,0,0,0,0,0,1,S0|cap=0.3|band=0.01
2014-04-02,1,0,0,0,0,0,0,1,S0|cap=0.3|band=0.01
2014-04-03,1,0,0,0,0,0,0,1,S0|cap=0.3|band=0.01
2014-04-04,1,0,0,0,0,0,0,1,S0|cap=0.3|band=0.01
2014-04-07,1,0,0,0,0,0,0,1,S0|cap=0.3|band=0.01
2014-04-09,1,0,0,0,0,0,0,1,S0|cap=0.3|band=0.01
2014-04-10,1,0,0,0,0,0,0,1,S0|cap=0.3|band=0.01
2014-04-11,1,0,0,0,0,0,0,1,S0|cap=0.3|band=0.01
2014-04-15,1,0,0,0,0,0,0,1,S0|cap=0.3|band=0.01
2014-04-16,1,0,0,0,0,0,0,1,S0|cap=0.3|band=0.01
2014-04-17,1,0,0,0,0,0,0,1,S0|cap=0.3|band=0.01
2014-04-21,1,0,0,0,0,0,0,1,S0|cap=0.3|band=0.01
2014-04-22,1,0,0,0,0,0,0,1,S0|cap=0.3|band=0.01
2014-04-23,1,0,0,0,0,0,0,1,S0|cap=0.3|band=0.01
2014-04-25,1,0,0,0,0,0,0,1,S0|cap=0.3|band=0.01
2014-04-28,1,0,0,0,0,0,0,1,S0|cap=0.3|band=0.01
2014-04-29,1,0,0,0,0,0,0,1,S0|cap=0.3|band=0.01
2014-04-30,1,0,0,0,0,0,0,1,S0|cap=0.3|band=0.01
2014-05-02,1,0,0,0,0,0,0,1,S0|cap=0.3|band=0.01
2014-05-05,1,0,0,0,0,0,0,1,S0|cap=0.3|band=0.01
2014-05-06,1,0,0,0,0,0,0,1,S0|cap=0.3|band=0.01
2014-05-07,1,0,0,0,0,0,0,1,S0|cap=0.3|band=0.01
2014-05-08,1,0,0,0,0,0,0,1,S0|cap=0.3|band=0.01
2014-05-09,1,0,0,0,0,0,0,1,S0|cap=0.3|band=0.01
2014-05-12,1,0,0,0,0,0,0,1,S0|cap=0.3|band=0.01
2014-05-13,1,0,0,0,0,0,0,1,S0|cap=0.3|band=0.01
2014-05-14,1,0,0,0,0,0,0,1,S0|cap=0.3|band=0.01
2014-05-15,1,0,0,0,0,0,0,1,S0|cap=0.3|band=0.01
2014-05-16,1,0,0,0,0,0,0,1,S0|cap=0.3|band=0.01
2014-05-19,1,0,0,0,0,0,0,1,S0|cap=0.3|band=0.01
2014-05-20,1,0,0,0,0,0,0,1,S0|cap=0.3|band=0.01
2014-05-21,1,0,0,0,0,0,0,1,S0|cap=0.3|band=0.01
2014-05-22,1,0,0,0,0,0,0,1,S0|cap=0.3|band=0.01
2014-05-23,1,0,0,0,0,0,0,1,S0|cap=0.3|band=0.01
2014-05-26,1,0,0,0,0,0,0,1,S0|cap=0.3|band=0.01
2014-05-27,1,0,0,0,0,0,0,1,S0|cap=0.3|band=0.01
2014-05-28,1,0,0,0,0,0,0,1,S0|cap=0.3|band=0.01
2014-05-29,1,0,0,0,0,0,0,1,S0|cap=0.3|band=0.01
2014-05-30,1,0,0,0,0,0,0,1,S0|cap=0.3|band=0.01
2014-06-02,1,0,0,0,0,0,0,1,S0|cap=0.3|band=0.01
2014-06-03,1,0,0,0,0,0,0,1,S0|cap=0.3|band=0.01
2014-06-04,1,0,0,0,0,0,0,1,S0|cap=0.3|band=0.01
2014-06-05,1,0,0,0,0,0,0,1,S0|cap=0.3|band=0.01
2014-06-06,1,0,0,0,0,0,0,1,S0|cap=0.3|band=0.01
2014-06-09,1,0,0,0,0,0,0,1,S0|cap=0.3|band=0.01
2014-06-10,1,0,0,0,0,0,0,1,S0|cap=0.3|band=0.01
2014-06-11,1,0,0,0,0,0,0,1,S0|cap=0.3|band=0.01
2014-06-12,1,0,0,0,0,0,0,1,S0|cap=0.3|band=0.01
2014-06-13,1,0,0,0,0,0,0,1,S0|cap=0.3|band=0.01
2014-06-16,1,0,0,0,0,0,0,1,S0|cap=0.3|band=0.01
2014-06-17,1,0,0,0,0,0,0,1,S0|cap=0.3|band=0.01
2014-06-18,1,0,0,0,0,0,0,1,S0|cap=0.3|band=0.01
2014-06-19,1,0,0,0,0,0,0,1,S0|cap=0.3|band=0.01
2014-06-20,1,0,0,0,0,0,0,1,S0|cap=0.3|band=0.01
2014-06-23,1,0,0,0,0,0,0,1,S0|cap=0.3|band=0.01
2014-06-24,1,0,0,0,0,0,0,1,S0|cap=0.3|band=0.01
2014-06-25,1,0,0,0,0,0,0,1,S0|cap=0.3|band=0.01
2014-06-26,1,0,0,0,0,0,0,1,S0|cap=0.3|band=0.01
2014-06-27,1,0,0,0,0,0,0,1,S0|cap=0.3|band=0.01
2014-06-30,1,0,0,0,0,0,0,1,S0|cap=0.3|band=0.01
2014-07-01,1,0,0,0,0,0,0,1,S0|cap=0.3|band=0.01
2014-07-02,1,0,0,0,0,0,0,1,S0|cap=0.3|band=0.01
2014-07-03,1,0,0,0,0,0,0,1,S0|cap=0.3|band=0.01
2014-07-04,1,0,0,0,0,0,0,1,S0|cap=0.3|band=0.01
2014-07-07,1,0,0,0,0,0,0,1,S0|cap=0.3|band=0.01
2014-07-08,1,0,0,0,0,0,0,1,S0|cap=0.3|band=0.01
2014-07-09,1,0,0,0,0,0,0,1,S0|cap=0.3|band=0.01
2014-07-10,1,0,0,0,0,0,0,1,S0|cap=0.3|band=0.01
2014-07-11,1,0,0,0,0,0,0,1,S0|cap=0.3|band=0.01
2014-07-14,1,0,0,0,0,0,0,1,S0|cap=0.3|band=0.01
2014-07-15,1,0,0,0,0,0,0,1,S0|cap=0.3|band=0.01
2014-07-16,1,0,0,0,0,0,0,1,S0|cap=0.3|band=0.01
2014-07-17,1,0,0,0,0,0,0,1,S0|cap=0.3|band=0.01
2014-07-18,1,0,0,0,0,0,0,1,S0|cap=0.3|band=0.01
2014-07-21,1,0,0,0,0,0,0,1,S0|cap=0.3|band=0.01
2014-07-22,1,0,0,0,0,0,0,1,S0|cap=0.3|band=0.01
2014-07-23,1,0,0,0,0,0,0,1,S0|cap=0.3|band=0.01
2014-07-24,1,0,0,0,0,0,0,1,S0|cap=0.3|band=0.01
2014-07-25,1,0,0,0,0,0,0,1,S0|cap=0.3|band=0.01
2014-07-28,1,0,0,0,0,0,0,1,S0|cap=0.3|band=0.01
2014-07-30,1,0,0,0,0,0,0,1,S0|cap=0.3|band=0.01
2014-07-31,1,0,0,0,0,0,0,1,S0|cap=0.3|band=0.01
2014-08-01,1,0,0,0,0,0,0,1,S0|cap=0.3|band=0.01
2014-08-04,1,0,0,0,0,0,0,1,S0|cap=0.3|band=0.01
2014-08-05,1,0,0,0,0,0,0,1,S0|cap=0.3|band=0.01
2014-08-06,1,0,0,0,0,0,0,1,S0|cap=0.3|band=0.01
2014-08-07,1,0,0,0,0,0,0,1,S0|cap=0.3|band=0.01
2014-08-08,1,0,0,0,0,0,0,1,S0|cap=0.3|band=0.01
2014-08-11,1,0,0,0,0,0,0,1,S0|cap=0.3|band=0.01
2014-08-12,1,0,0,0,0,0,0,1,S0|cap=0.3|band=0.01
2014-08-13,1,0,0,0,0,0,0,1,S0|cap=0.3|band=0.01
2014-08-14,1,0,0,0,0,0,0,1,S0|cap=0.3|band=0.01
2014-08-18,1,0,0,0,0,0,0,1,S0|cap=0.3|band=0.01
2014-08-19,1,0,0,0,0,0,0,1,S0|cap=0.3|band=0.01
2014-08-20,1,0,0,0,0,0,0,1,S0|cap=0.3|band=0.01
2014-08-21,1,0,0,0,0,0,0,1,S0|cap=0.3|band=0.01
2014-08-22,1,0,0,0,0,0,0,1,S0|cap=0.3|band=0.01
2014-08-25,1,0,0,0,0,0,0,1,S0|cap=0.3|band=0.01
2014-08-26,1,0,0,0,0,0,0,1,S0|cap=0.3|band=0.01
2014-08-27,1,0,0,0,0,0,0,1,S0|cap=0.3|band=0.01
2014-08-28,1,0,0,0,0,0,0,1,S0|cap=0.3|band=0.01
2014-09-01,1,0,0,0,0,0,0,1,S0|cap=0.3|band=0.01
2014-09-02,1,0,0,0,0,0,0,1,S0|cap=0.3|band=0.01
2014-09-03,1,0,0,0,0,0,0,1,S0|cap=0.3|band=0.01
2014-09-04,1,0,0,0,0,0,0,1,S0|cap=0.3|band=0.01
2014-09-05,1,0,0,0,0,0,0,1,S0|cap=0.3|band=0.01
2014-09-08,1,0,0,0,0,0,0,1,S0|cap=0.3|band=0.01
2014-09-09,1,0,0,0,0,0,0,1,S0|cap=0.3|band=0.01
2014-09-10,1,0,0,0,0,0,0,1,S0|cap=0.3|band=0.01
2014-09-11,1,0,0,0,0,0,0,1,S0|cap=0.3|band=0.01
2014-09-12,1,0,0,0,0,0,0,1,S0|cap=0.3|band=0.01
2014-09-15,1,0,0,0,0,0,0,1,S0|cap=0.3|band=0.01
2014-09-16,1,0,0,0,0,0,0,1,S0|cap=0.3|band=0.01
2014-09-17,1,0,0,0,0,0,0,1,S0|cap=0.3|band=0.01
2014-09-18,1,0,0,0,0,0,0,1,S0|cap=0.3|band=0.01
2014-09-19,1,0,0,0,0,0,0,1,S0|cap=0.3|band=0.01
2014-09-22,1,0,0,0,0,0,0,1,S0|cap=0.3|band=0.01
2014-09-23,1,0,0,0,0,0,0,1,S0|cap=0.3|band=0.01
2014-09-24,1,0,0,0,0,0,0,1,S0|cap=0.3|band=0.01
2014-09-25,1,0,0,0,0,0,0,1,S0|cap=0.3|band=0.01
2014-09-26,1,0,0,0,0,0,0,1,S0|cap=0.3|band=0.01
2014-09-29,1,0,0,0,0,0,0,1,S0|cap=0.3|band=0.01
2014-09-30,1,0,0,0,0,0,0,1,S0|cap=0.3|band=0.01
2014-10-01,1,0,0,0,0,0,0,1,S0|cap=0.3|band=0.01
2014-10-07,1,0,0,0,0,0,0,1,S0|cap=0.3|band=0.01
2014-10-08,1,0,0,0,0,0,0,1,S0|cap=0.3|band=0.01
2014-10-09,1,0,0,0,0,0,0,1,S0|cap=0.3|band=0.01
2014-10-10,1,0,0,0,0,0,0,1,S0|cap=0.3|band=0.01
2014-10-13,1,0,0,0,0,0,0,1,S0|cap=0.3|band=0.01
2014-10-14,1,0,0,0,0,0,0,1,S0|cap=0.3|band=0.01
2014-10-16,1,0,0,0,0,0,0,1,S0|cap=0.3|band=0.01
2014-10-17,1,0,0,0,0,0,0,1,S0|cap=0.3|band=0.01
2014-10-20,1,0,0,0,0,0,0,1,S0|cap=0.3|band=0.01
2014-10-21,1,0,0,0,0,0,0,1,S0|cap=0.3|band=0.01
2014-10-22,1,0,0,0,0,0,0,1,S0|cap=0.3|band=0.01
2014-10-23,1,0,0,0,0,0,0,1,S0|cap=0.3|band=0.01
2014-10-27,1,0,0,0,0,0,0,1,S0|cap=0.3|band=0.01
2014-10-28,1,0,0,0,0,0,0,1,S0|cap=0.3|band=0.01
2014-10-29,1,0,0,0,0,0,0,1,S0|cap=0.3|band=0.01
2014-10-30,1,0,0,0,0,0,0,1,S0|cap=0.3|band=0.01
2014-10-31,1,0,0,0,0,0,0,1,S0|cap=0.3|band=0.01
2014-11-03,1,0,0,0,0,0,0,1,S0|cap=0.3|band=0.01
2014-11-05,1,0,0,0,0,0,0,1,S0|cap=0.3|band=0.01
2014-11-07,1,0,0,0,0,0,0,1,S0|cap=0.3|band=0.01
2014-11-10,1,0,0,0,0,0,0,1,S0|cap=0.3|band=0.01
2014-11-11,1,0,0,0,0,0,0,1,S0|cap=0.3|band=0.01
2014-11-12,1,0,0,0,0,0,0,1,S0|cap=0.3|band=0.01
2014-11-13,1,0,0,0,0,0,0,1,S0|cap=0.3|band=0.01
2014-11-14,1,0,0,0,0,0,0,1,S0|cap=0.3|band=0.01
2014-11-17,1,0,0,0,0,0,0,1,S0|cap=0.3|band=0.01
2014-11-18,1,0,0,0,0,0,0,1,S0|cap=0.3|band=0.01
2014-11-19,1,0,0,0,0,0,0,1,S0|cap=0.3|band=0.01
2014-11-20,1,0,0,0,0,0,0,1,S0|cap=0.3|band=0.01
2014-11-21,1,0,0,0,0,0,0,1,S0|cap=0.3|band=0.01
2014-11-24,1,0,0,0,0,0,0,1,S0|cap=0.3|band=0.01
2014-11-25,1,0,0,0,0,0,0,1,S0|cap=0.3|band=0.01
2014-11-26,1,0,0,0,0,0,0,1,S0|cap=0.3|band=0.01
2014-11-27,1,0,0,0,0,0,0,1,S0|cap=0.3|band=0.01
2014-11-28,1,0,0,0,0,0,0,1,S0|cap=0.3|band=0.01
2014-12-01,1,0,0,0,0,0,0,1,S0|cap=0.3|band=0.01
2014-12-02,1,0,0,0,0,0,0,1,S0|cap=0.3|band=0.01
2014-12-03,1,0,0,0,0,0,0,1,S0|cap=0.3|band=0.01
2014-12-04,1,0,0,0,0,0,0,1,S0|cap=0.3|band=0.01
2014-12-05,1,0,0,0,0,0,0,1,S0|cap=0.3|band=0.01
2014-12-08,1,0,0,0,0,0,0,1,S0|cap=0.3|band=0.01
2014-12-09,1,0,0,0,0,0,0,1,S0|cap=0.3|band=0.01
2014-12-10,1,0,0,0,0,0,0,1,S0|cap=0.3|band=0.01
2014-12-11,1,0,0,0,0,0,0,1,S0|cap=0.3|band=0.01
2014-12-12,1,0,0,0,0,0,0,1,S0|cap=0.3|band=0.01
2014-12-15,1,0,0,0,0,0,0,1,S0|cap=0.3|band=0.01
2014-12-16,1,0,0,0,0,0,0,1,S0|cap=0.3|band=0.01
2014-12-17,1,0,0,0,0,0,0,1,S0|cap=0.3|band=0.01
2014-12-18,1,0,0,0,0,0,0,1,S0|cap=0.3|band=0.01
2014-12-19,1,0,0,0,0,0,0,1,S0|cap=0.3|band=0.01
2014-12-22,1,0,0,0,0,0,0,1,S0|cap=0.3|band=0.01
2014-12-23,1,0,0,0,0,0,0,1,S0|cap=0.3|band=0.01
2014-12-24,1,0,0,0,0,0,0,1,S0|cap=0.3|band=0.01
2014-12-26,1,0,0,0,0,0,0,1,S0|cap=0.3|band=0.01
2014-12-29,1,0,0,0,0,0,0,1,S0|cap=0.3|band=0.01
2014-12-30,1,0,0,0,0,0,0,1,S0|cap=0.3|band=0.01
2014-12-31,1,0,0,0,0,0,0,1,S0|cap=0.3|band=0.01
2015-01-01,1,0,0,0,0,0,0,1,S0|cap=0.3|band=0.01
2015-01-02,1,0,0,0,0,0,0,1,S0|cap=0.3|band=0.01
2015-01-05,1,0,0,0,0,0,0,1,S0|cap=0.3|band=0.01
2015-01-06,1,0,0,0,0,0,0,1,S0|cap=0.3|band=0.01
2015-01-07,1,0,0,0,0,0,0,1,S0|cap=0.3|band=0.01
2015-01-08,1,0,0,0,0,0,0,1,S0|cap=0.3|band=0.01
2015-01-09,1,0,0,0,0,0,0,1,S0|cap=0.3|band=0.01
2015-01-12,1,0,0,0,0,0,0,1,S0|cap=0.3|band=0.01
2015-01-13,1,0,0,0,0,0,0,1,S0|cap=0.3|band=0.01
2015-01-14,1,0,0,0,0,0,0,1,S0|cap=0.3|band=0.01
2015-01-15,1,0,0,0,0,0,0,1,S0|cap=0.3|band=0.01
2015-01-16,1,0,0,0,0,0,0,1,S0|cap=0.3|band=0.01
2015-01-19,1,0,0,0,0,0,0,1,S0|cap=0.3|band=0.01
2015-01-20,1,0,0,0,0,0,0,1,S0|cap=0.3|band=0.01
2015-01-21,1,0,0,0,0,0,0,1,S0|cap=0.3|band=0.01
2015-01-22,1,0,0,0,0,0,0,1,S0|cap=0.3|band=0.01
2015-01-23,1,0,0,0,0,0,0,1,S0|cap=0.3|band=0.01
2015-01-27,1,0,0,0,0,0,0,1,S0|cap=0.3|band=0.01
2015-01-28,1,0,0,0,0,0,0,1,S0|cap=0.3|band=0.01
2015-01-29,1,0,0,0,0,0,0,1,S0|cap=0.3|band=0.01
2015-01-30,1,0,0,0,0,0,0,1,S0|cap=0.3|band=0.01
2015-02-02,1,0,0,0,0,0,0,1,S0|cap=0.3|band=0.01
2015-02-03,1,0,0,0,0,0,0,1,S0|cap=0.3|band=0.01
2015-02-04,1,0,0,0,0,0,0,1,S0|cap=0.3|band=0.01
2015-02-05,1,0,0,0,0,0,0,1,S0|cap=0.3|band=0.01
2015-02-06,1,0,0,0,0,0,0,1,S0|cap=0.3|band=0.01
2015-02-09,1,0,0,0,0,0,0,1,S0|cap=0.3|band=0.01
2015-02-10,1,0,0,0,0,0,0,1,S0|cap=0.3|band=0.01
2015-02-11,1,0,0,0,0,0,0,1,S0|cap=0.3|band=0.01
2015-02-12,1,0,0,0,0,0,0,1,S0|cap=0.3|band=0.01
2015-02-13,1,0,0,0,0,0,0,1,S0|cap=0.3|band=0.01
2015-02-16,1,0,0,0,0,0,0,1,S0|cap=0.3|band=0.01
2015-02-18,1,0,0,0,0,0,0,1,S0|cap=0.3|band=0.01
2015-02-19,1,0,0,0,0,0,0,1,S0|cap=0.3|band=0.01
2015-02-20,1,0,0,0,0,0,0,1,S0|cap=0.3|band=0.01
2015-02-23,1,0,0,0,0,0,0,1,S0|cap=0.3|band=0.01
2015-02-24,1,0,0,0,0,0,0,1,S0|cap=0.3|band=0.01
2015-02-25,1,0,0,0,0,0,0,1,S0|cap=0.3|band=0.01
2015-02-26,1,0,0,0,0,0,0,1,S0|cap=0.3|band=0.01
2015-02-27,1,0,0,0,0,0,0,1,S0|cap=0.3|band=0.01
2015-02-28,1,0,0,0,0,0,0,1,S0|cap=0.3|band=0.01
2015-03-02,1,0,0,0,0,0,0,1,S0|cap=0.3|band=0.01
2015-03-03,1,0,0,0,0,0,0,1,S0|cap=0.3|band=0.01
2015-03-04,1,0,0,0,0,0,0,1,S0|cap=0.3|band=0.01
2015-03-05,1,0,0,0,0,0,0,1,S0|cap=0.3|band=0.01
2015-03-09,1,0,0,0,0,0,0,1,S0|cap=0.3|band=0.01
2015-03-10,1,0,0,0,0,0,0,1,S0|cap=0.3|band=0.01
2015-03-11,1,0,0,0,0,0,0,1,S0|cap=0.3|band=0.01
2015-03-12,1,0,0,0,0,0,0,1,S0|cap=0.3|band=0.01
2015-03-13,1,0,0,0,0,0,0,1,S0|cap=0.3|band=0.01
2015-03-16,1,0,0,0,0,0,0,1,S0|cap=0.3|band=0.01
2015-03-17,1,0,0,0,0,0,0,1,S0|cap=0.3|band=0.01
2015-03-18,1,0,0,0,0,0,0,1,S0|cap=0.3|band=0.01
2015-03-19,1,0,0,0,0,0,0,1,S0|cap=0.3|band=0.01
2015-03-20,1,0,0,0,0,0,0,1,S0|cap=0.3|band=0.01
2015-03-23,1,0,0,0,0,0,0,1,S0|cap=0.3|band=0.01
2015-03-24,1,0,0,0,0,0,0,1,S0|cap=0.3|band=0.01
2015-03-25,1,0,0,0,0,0,0,1,S0|cap=0.3|band=0.01
2015-03-26,1,0,0,0,0,0,0,1,S0|cap=0.3|band=0.01
2015-03-27,1,0,0,0,0,0,0,1,S0|cap=0.3|band=0.01
2015-03-30,1,0,0,0,0,0,0,1,S0|cap=0.3|band=0.01
2015-03-31,1,0,0,0,0,0,0,1,S0|cap=0.3|band=0.01
2015-04-01,1,0,0,0,0,0,0,1,S0|cap=0.3|band=0.01
2015-04-06,1,0,0,0,0,0,0,1,S0|cap=0.3|band=0.01
2015-04-07,1,0,0,0,0,0,0,1,S0|cap=0.3|band=0.01
2015-04-08,1,0,0,0,0,0,0,1,S0|cap=0.3|band=0.01
2015-04-09,1,0,0,0,0,0,0,1,S0|cap=0.3|band=0.01
2015-04-10,1,0,0,0,0,0,0,1,S0|cap=0.3|band=0.01
2015-04-13,1,0,0,0,0,0,0,1,S0|cap=0.3|band=0.01
2015-04-15,1,0,0,0,0,0,0,1,S0|cap=0.3|band=0.01
2015-04-16,1,0,0,0,0,0,0,1,S0|cap=0.3|band=0.01
2015-04-17,1,0,0,0,0,0,0,1,S0|cap=0.3|band=0.01
2015-04-20,1,0,0,0,0,0,0,1,S0|cap=0.3|band=0.01
2015-04-21,1,0,0,0,0,0,0,1,S0|cap=0.3|band=0.01
2015-04-22,1,0,0,0,0,0,0,1,S0|cap=0.3|band=0.01
2015-04-23,1,0,0,0,0,0,0,1,S0|cap=0.3|band=0.01
2015-04-24,1,0,0,0,0,0,0,1,S0|cap=0.3|band=0.01
2015-04-27,1,0,0,0,0,0,0,1,S0|cap=0.3|band=0.01
2015-04-28,1,0,0,0,0,0,0,1,S0|cap=0.3|band=0.01
2015-04-29,1,0,0,0,0,0,0,1,S0|cap=0.3|band=0.01
2015-04-30,1,0,0,0,0,0,0,1,S0|cap=0.3|band=0.01
2015-05-04,1,0,0,0,0,0,0,1,S0|cap=0.3|band=0.01
2015-05-05,1,0,0,0,0,0,0,1,S0|cap=0.3|band=0.01
2015-05-06,1,0,0,0,0,0,0,1,S0|cap=0.3|band=0.01
2015-05-07,1,0,0,0,0,0,0,1,S0|cap=0.3|band=0.01
2015-05-08,1,0,0,0,0,0,0,1,S0|cap=0.3|band=0.01
2015-05-11,1,0,0,0,0,0,0,1,S0|cap=0.3|band=0.01
2015-05-12,1,0,0,0,0,0,0,1,S0|cap=0.3|band=0.01
2015-05-13,1,0,0,0,0,0,0,1,S0|cap=0.3|band=0.01
2015-05-14,1,0,0,0,0,0,0,1,S0|cap=0.3|band=0.01
2015-05-15,1,0,0,0,0,0,0,1,S0|cap=0.3|band=0.01
2015-05-18,1,0,0,0,0,0,0,1,S0|cap=0.3|band=0.01
2015-05-19,1,0,0,0,0,0,0,1,S0|cap=0.3|band=0.01
2015-05-20,1,0,0,0,0,0,0,1,S0|cap=0.3|band=0.01
2015-05-21,1,0,0,0,0,0,0,1,S0|cap=0.3|band=0.01
2015-05-22,1,0,0,0,0,0,0,1,S0|cap=0.3|band=0.01
2015-05-25,1,0,0,0,0,0,0,1,S0|cap=0.3|band=0.01
2015-05-26,1,0,0,0,0,0,0,1,S0|cap=0.3|band=0.01
2015-05-27,1,0,0,0,0,0,0,1,S0|cap=0.3|band=0.01
2015-05-28,1,0,0,0,0,0,0,1,S0|cap=0.3|band=0.01
2015-05-29,1,0,0,0,0,0,0,1,S0|cap=0.3|band=0.01
2015-06-01,1,0,0,0,0,0,0,1,S0|cap=0.3|band=0.01
2015-06-02,1,0,0,0,0,0,0,1,S0|cap=0.3|band=0.01
2015-06-03,1,0,0,0,0,0,0,1,S0|cap=0.3|band=0.01
2015-06-04,1,0,0,0,0,0,0,1,S0|cap=0.3|band=0.01
2015-06-05,1,0,0,0,0,0,0,1,S0|cap=0.3|band=0.01
2015-06-08,1,0,0,0,0,0,0,1,S0|cap=0.3|band=0.01
2015-06-09,1,0,0,0,0,0,0,1,S0|cap=0.3|band=0.01
2015-06-10,1,0,0,0,0,0,0,1,S0|cap=0.3|band=0.01
2015-06-11,1,0,0,0,0,0,0,1,S0|cap=0.3|band=0.01
2015-06-12,1,0,0,0,0,0,0,1,S0|cap=0.3|band=0.01
2015-06-15,1,0,0,0,0,0,0,1,S0|cap=0.3|band=0.01
2015-06-16,1,0,0,0,0,0,0,1,S0|cap=0.3|band=0.01
2015-06-17,1,0,0,0,0,0,0,1,S0|cap=0.3|band=0.01
2015-06-18,1,0,0,0,0,0,0,1,S0|cap=0.3|band=0.01
2015-06-19,1,0,0,0,0,0,0,1,S0|cap=0.3|band=0.01
2015-06-22,1,0,0,0,0,0,0,1,S0|cap=0.3|band=0.01
2015-06-23,1,0,0,0,0,0,0,1,S0|cap=0.3|band=0.01
2015-06-24,1,0,0,0,0,0,0,1,S0|cap=0.3|band=0.01
2015-06-25,1,0,0,0,0,0,0,1,S0|cap=0.3|band=0.01
2015-06-26,1,0,0,0,0,0,0,1,S0|cap=0.3|band=0.01
2015-06-29,1,0,0,0,0,0,0,1,S0|cap=0.3|band=0.01
2015-06-30,1,0,0,0,0,0,0,1,S0|cap=0.3|band=0.01
2015-07-01,1,0,0,0,0,0,0,1,S0|cap=0.3|band=0.01
2015-07-02,1,0,0,0,0,0,0,1,S0|cap=0.3|band=0.01
2015-07-03,1,0,0,0,0,0,0,1,S0|cap=0.3|band=0.01
2015-07-06,1,0,0,0,0,0,0,1,S0|cap=0.3|band=0.01
2015-07-07,1,0,0,0,0,0,0,1,S0|cap=0.3|band=0.01
2015-07-08,1,0,0,0,0,0,0,1,S0|cap=0.3|band=0.01
2015-07-09,1,0,0,0,0,0,0,1,S0|cap=0.3|band=0.01
2015-07-10,1,0,0,0,0,0,0,1,S0|cap=0.3|band=0.01
2015-07-13,1,0,0,0,0,0,0,1,S0|cap=0.3|band=0.01
2015-07-14,1,0,0,0,0,0,0,1,S0|cap=0.3|band=0.01
2015-07-15,1,0,0,0,0,0,0,1,S0|cap=0.3|band=0.01
2015-07-16,1,0,0,0,0,0,0,1,S0|cap=0.3|band=0.01
2015-07-17,1,0,0,0,0,0,0,1,S0|cap=0.3|band=0.01
2015-07-20,1,0,0,0,0,0,0,1,S0|cap=0.3|band=0.01
2015-07-21,1,0,0,0,0,0,0,1,S0|cap=0.3|band=0.01
2015-07-22,1,0,0,0,0,0,0,1,S0|cap=0.3|band=0.01
2015-07-23,1,0,0,0,0,0,0,1,S0|cap=0.3|band=0.01
2015-07-24,1,0,0,0,0,0,0,1,S0|cap=0.3|band=0.01
2015-07-27,1,0,0,0,0,0,0,1,S0|cap=0.3|band=0.01
2015-07-28,1,0,0,0,0,0,0,1,S0|cap=0.3|band=0.01
2015-07-29,1,0,0,0,0,0,0,1,S0|cap=0.3|band=0.01
2015-07-30,1,0,0,0,0,0,0,1,S0|cap=0.3|band=0.01
2015-07-31,1,0,0,0,0,0,0,1,S0|cap=0.3|band=0.01
2015-08-03,1,0,0,0,0,0,0,1,S0|cap=0.3|band=0.01
2015-08-04,1,0,0,0,0,0,0,1,S0|cap=0.3|band=0.01
2015-08-05,1,0,0,0,0,0,0,1,S0|cap=0.3|band=0.01
2015-08-06,1,0,0,0,0,0,0,1,S0|cap=0.3|band=0.01
2015-08-07,1,0,0,0,0,0,0,1,S0|cap=0.3|band=0.01
2015-08-10,1,0,0,0,0,0,0,1,S0|cap=0.3|band=0.01
2015-08-11,1,0,0,0,0,0,0,1,S0|cap=0.3|band=0.01
2015-08-12,1,0,0,0,0,0,0,1,S0|cap=0.3|band=0.01
2015-08-13,1,0,0,0,0,0,0,1,S0|cap=0.3|band=0.01
2015-08-14,1,0,0,0,0,0,0,1,S0|cap=0.3|band=0.01
2015-08-17,1,0,0,0,0,0,0,1,S0|cap=0.3|band=0.01
2015-08-18,1,0,0,0,0,0,0,1,S0|cap=0.3|band=0.01
2015-08-19,1,0,0,0,0,0,0,1,S0|cap=0.3|band=0.01
2015-08-20,1,0,0,0,0,0,0,1,S0|cap=0.3|band=0.01
2015-08-21,1,0,0,0,0,0,0,1,S0|cap=0.3|band=0.01
2015-08-24,1,0,0,0,0,0,0,1,S0|cap=0.3|band=0.01
2015-08-25,1,0,0,0,0,0,0,1,S0|cap=0.3|band=0.01
2015-08-26,1,0,0,0,0,0,0,1,S0|cap=0.3|band=0.01
2015-08-27,1,0,0,0,0,0,0,1,S0|cap=0.3|band=0.01
2015-08-28,1,0,0,0,0,0,0,1,S0|cap=0.3|band=0.01
2015-08-31,1,0,0,0,0,0,0,1,S0|cap=0.3|band=0.01
2015-09-01,1,0,0,0,0,0,0,1,S0|cap=0.3|band=0.01
2015-09-02,1,0,0,0,0,0,0,1,S0|cap=0.3|band=0.01
2015-09-03,1,0,0,0,0,0,0,1,S0|cap=0.3|band=0.01
2015-09-04,1,0,0,0,0,0,0,1,S0|cap=0.3|band=0.01
2015-09-07,0.9962368456,0,0,0,0,0,0.003763154413,0.9962368456,S0|cap=0.3|band=0.01
2015-09-08,0.9962368456,0,0,0,0,0,0.003763154413,0.9962368456,S0|cap=0.3|band=0.01
2015-09-09,0.9962368456,0,0,0,0,0,0.003763154413,0.9962368456,S0|cap=0.3|band=0.01
2015-09-10,0.9962368456,0,0,0,0,0,0.003763154413,0.9962368456,S0|cap=0.3|band=0.01
2015-09-11,0.9962368456,0,0,0,0,0,0.003763154413,0.9962368456,S0|cap=0.3|band=0.01
2015-09-14,0.9962368456,0,0,0,0,0,0.003763154413,0.9962368456,S0|cap=0.3|band=0.01
2015-09-15,0.9962368456,0,0,0,0,0,0.003763154413,0.9962368456,S0|cap=0.3|band=0.01
2015-09-16,0.9962368456,0,0,0,0,0,0.003763154413,0.9962368456,S0|cap=0.3|band=0.01
2015-09-18,0.9962368456,0,0,0,0,0,0.003763154413,0.9962368456,S0|cap=0.3|band=0.01
2015-09-21,0.9962368456,0,0,0,0,0,0.003763154413,0.9962368456,S0|cap=0.3|band=0.01
2015-09-22,0.9962368456,0,0,0,0,0,0.003763154413,0.9962368456,S0|cap=0.3|band=0.01
2015-09-23,0.9962368456,0,0,0,0,0,0.003763154413,0.9962368456,S0|cap=0.3|band=0.01
2015-09-24,0.9962368456,0,0,0,0,0,0.003763154413,0.9962368456,S0|cap=0.3|band=0.01
2015-09-28,0.9962368456,0,0,0,0,0,0.003763154413,0.9962368456,S0|cap=0.3|band=0.01
2015-09-29,0.9962368456,0,0,0,0,0,0.003763154413,0.9962368456,S0|cap=0.3|band=0.01
2015-09-30,0.9962368456,0,0,0,0,0,0.003763154413,0.9962368456,S0|cap=0.3|band=0.01
2015-10-01,0.9962368456,0,0,0,0,0,0.003763154413,0.9962368456,S0|cap=0.3|band=0.01
2015-10-05,0.9962368456,0,0,0,0,0,0.003763154413,0.9962368456,S0|cap=0.3|band=0.01
2015-10-06,0.9962368456,0,0,0,0,0,0.003763154413,0.9962368456,S0|cap=0.3|band=0.01
2015-10-07,0.9962368456,0,0,0,0,0,0.003763154413,0.9962368456,S0|cap=0.3|band=0.01
2015-10-08,0.9962368456,0,0,0,0,0,0.003763154413,0.9962368456,S0|cap=0.3|band=0.01
2015-10-09,0.9962368456,0,0,0,0,0,0.003763154413,0.9962368456,S0|cap=0.3|band=0.01
2015-10-12,0.9962368456,0,0,0,0,0,0.003763154413,0.9962368456,S0|cap=0.3|band=0.01
2015-10-13,0.9962368456,0,0,0,0,0,0.003763154413,0.9962368456,S0|cap=0.3|band=0.01
2015-10-14,0.9962368456,0,0,0,0,0,0.003763154413,0.9962368456,S0|cap=0.3|band=0.01
2015-10-15,0.9962368456,0,0,0,0,0,0.003763154413,0.9962368456,S0|cap=0.3|band=0.01
2015-10-16,0.9962368456,0,0,0,0,0,0.003763154413,0.9962368456,S0|cap=0.3|band=0.01
2015-10-19,0.9962368456,0,0,0,0,0,0.003763154413,0.9962368456,S0|cap=0.3|band=0.01
2015-10-20,0.9962368456,0,0,0,0,0,0.003763154413,0.9962368456,S0|cap=0.3|band=0.01
2015-10-21,0.9962368456,0,0,0,0,0,0.003763154413,0.9962368456,S0|cap=0.3|band=0.01
2015-10-23,0.9962368456,0,0,0,0,0,0.003763154413,0.9962368456,S0|cap=0.3|band=0.01
2015-10-26,0.9962368456,0,0,0,0,0,0.003763154413,0.9962368456,S0|cap=0.3|band=0.01
2015-10-27,0.9962368456,0,0,0,0,0,0.003763154413,0.9962368456,S0|cap=0.3|band=0.01
2015-10-28,0.9962368456,0,0,0,0,0,0.003763154413,0.9962368456,S0|cap=0.3|band=0.01
2015-10-29,0.9962368456,0,0,0,0,0,0.003763154413,0.9962368456,S0|cap=0.3|band=0.01
2015-10-30,0.9962368456,0,0,0,0,0,0.003763154413,0.9962368456,S0|cap=0.3|band=0.01
2015-11-02,0.9962368456,0,0,0,0,0,0.003763154413,0.9962368456,S0|cap=0.3|band=0.01
2015-11-03,0.9962368456,0,0,0,0,0,0.003763154413,0.9962368456,S0|cap=0.3|band=0.01
2015-11-04,0.9962368456,0,0,0,0,0,0.003763154413,0.9962368456,S0|cap=0.3|band=0.01
2015-11-05,0.9962368456,0,0,0,0,0,0.003763154413,0.9962368456,S0|cap=0.3|band=0.01
2015-11-06,0.9962368456,0,0,0,0,0,0.003763154413,0.9962368456,S0|cap=0.3|band=0.01
2015-11-09,0.9962368456,0,0,0,0,0,0.003763154413,0.9962368456,S0|cap=0.3|band=0.01
2015-11-10,0.9962368456,0,0,0,0,0,0.003763154413,0.9962368456,S0|cap=0.3|band=0.01
2015-11-11,0.9962368456,0,0,0,0,0,0.003763154413,0.9962368456,S0|cap=0.3|band=0.01
2015-11-13,0.9962368456,0,0,0,0,0,0.003763154413,0.9962368456,S0|cap=0.3|band=0.01
2015-11-16,0.9962368456,0,0,0,0,0,0.003763154413,0.9962368456,S0|cap=0.3|band=0.01
2015-11-17,0.9962368456,0,0,0,0,0,0.003763154413,0.9962368456,S0|cap=0.3|band=0.01
2015-11-18,0.9962368456,0,0,0,0,0,0.003763154413,0.9962368456,S0|cap=0.3|band=0.01
2015-11-19,0.9962368456,0,0,0,0,0,0.003763154413,0.9962368456,S0|cap=0.3|band=0.01
2015-11-20,0.9962368456,0,0,0,0,0,0.003763154413,0.9962368456,S0|cap=0.3|band=0.01
2015-11-23,0.9962368456,0,0,0,0,0,0.003763154413,0.9962368456,S0|cap=0.3|band=0.01
2015-11-24,0.9962368456,0,0,0,0,0,0.003763154413,0.9962368456,S0|cap=0.3|band=0.01
2015-11-26,0.9962368456,0,0,0,0,0,0.003763154413,0.9962368456,S0|cap=0.3|band=0.01
2015-11-27,0.9962368456,0,0,0,0,0,0.003763154413,0.9962368456,S0|cap=0.3|band=0.01
2015-11-30,0.9962368456,0,0,0,0,0,0.003763154413,0.9962368456,S0|cap=0.3|band=0.01
2015-12-01,0.9962368456,0,0,0,0,0,0.003763154413,0.9962368456,S0|cap=0.3|band=0.01
2015-12-02,0.9962368456,0,0,0,0,0,0.003763154413,0.9962368456,S0|cap=0.3|band=0.01
2015-12-03,0.9962368456,0,0,0,0,0,0.003763154413,0.9962368456,S0|cap=0.3|band=0.01
2015-12-04,0.9962368456,0,0,0,0,0,0.003763154413,0.9962368456,S0|cap=0.3|band=0.01
2015-12-07,0.9962368456,0,0,0,0,0,0.003763154413,0.9962368456,S0|cap=0.3|band=0.01
2015-12-08,1,0,0,0,0,0,0,1,S0|cap=0.3|band=0.01
2015-12-09,1,0,0,0,0,0,0,1,S0|cap=0.3|band=0.01
2015-12-10,1,0,0,0,0,0,0,1,S0|cap=0.3|band=0.01
2015-12-11,1,0,0,0,0,0,0,1,S0|cap=0.3|band=0.01
2015-12-14,1,0,0,0,0,0,0,1,S0|cap=0.3|band=0.01
2015-12-15,1,0,0,0,0,0,0,1,S0|cap=0.3|band=0.01
2015-12-16,1,0,0,0,0,0,0,1,S0|cap=0.3|band=0.01
2015-12-17,1,0,0,0,0,0,0,1,S0|cap=0.3|band=0.01
2015-12-18,1,0,0,0,0,0,0,1,S0|cap=0.3|band=0.01
2015-12-21,1,0,0,0,0,0,0,1,S0|cap=0.3|band=0.01
2015-12-22,1,0,0,0,0,0,0,1,S0|cap=0.3|band=0.01
2015-12-23,1,0,0,0,0,0,0,1,S0|cap=0.3|band=0.01
2015-12-24,1,0,0,0,0,0,0,1,S0|cap=0.3|band=0.01
2015-12-28,1,0,0,0,0,0,0,1,S0|cap=0.3|band=0.01
2015-12-29,1,0,0,0,0,0,0,1,S0|cap=0.3|band=0.01
2015-12-30,1,0,0,0,0,0,0,1,S0|cap=0.3|band=0.01
2015-12-31,1,0,0,0,0,0,0,1,S0|cap=0.3|band=0.01
2016-01-01,1,0,0,0,0,0,0,1,S0|cap=0.3|band=0.01
2016-01-04,1,0,0,0,0,0,0,1,S0|cap=0.3|band=0.01
2016-01-05,1,0,0,0,0,0,0,1,S0|cap=0.3|band=0.01
2016-01-06,1,0,0,0,0,0,0,1,S0|cap=0.3|band=0.01
2016-01-07,1,0,0,0,0,0,0,1,S0|cap=0.3|band=0.01
2016-01-08,1,0,0,0,0,0,0,1,S0|cap=0.3|band=0.01
2016-01-11,0.9965138485,0,0,0,0,0,0.003486151514,0.9965138485,S0|cap=0.3|band=0.01
2016-01-12,0.9527473905,0,0,0,0,0,0.04725260954,0.9527473905,S0|cap=0.3|band=0.01
2016-01-13,0.9527473905,0,0,0,0,0,0.04725260954,0.9527473905,S0|cap=0.3|band=0.01
2016-01-14,0.9527473905,0,0,0,0,0,0.04725260954,0.9527473905,S0|cap=0.3|band=0.01
2016-01-15,0.890941323,0,0,0,0,0,0.109058677,0.890941323,S0|cap=0.3|band=0.01
2016-01-18,0.8100565278,0,0,0,0,0,0.1899434722,0.8100565278,S0|cap=0.3|band=0.01
2016-01-19,0.8100565278,0,0,0,0,0,0.1899434722,0.8100565278,S0|cap=0.3|band=0.01
2016-01-20,0.7707023122,0,0,0,0,0,0.2292976878,0.7707023122,S0|cap=0.3|band=0.01
2016-01-21,0.7554820493,0,0,0,0,0,0.2445179507,0.7554820493,S0|cap=0.3|band=0.01
2016-01-22,0.7554820493,0,0,0,0,0,0.2445179507,0.7554820493,S0|cap=0.3|band=0.01
2016-01-25,0.7554820493,0,0,0,0,0,0.2445179507,0.7554820493,S0|cap=0.3|band=0.01
2016-01-27,0.7554820493,0,0,0,0,0,0.2445179507,0.7554820493,S0|cap=0.3|band=0.01
2016-01-28,0.7554820493,0,0,0,0,0,0.2445179507,0.7554820493,S0|cap=0.3|band=0.01
2016-01-29,0.7554820493,0,0,0,0,0,0.2445179507,0.7554820493,S0|cap=0.3|band=0.01
2016-02-01,0.7554820493,0,0,0,0,0,0.2445179507,0.7554820493,S0|cap=0.3|band=0.01
2016-02-02,0.7554820493,0,0,0,0,0,0.2445179507,0.7554820493,S0|cap=0.3|band=0.01
2016-02-03,0.7554820493,0,0,0,0,0,0.2445179507,0.7554820493,S0|cap=0.3|band=0.01
2016-02-04,0.7554820493,0,0,0,0,0,0.2445179507,0.7554820493,S0|cap=0.3|band=0.01
2016-02-05,0.7554820493,0,0,0,0,0,0.2445179507,0.7554820493,S0|cap=0.3|band=0.01
2016-02-08,0.7554820493,0,0,0,0,0,0.2445179507,0.7554820493,S0|cap=0.3|band=0.01
2016-02-09,0.7554820493,0,0,0,0,0,0.2445179507,0.7554820493,S0|cap=0.3|band=0.01
2016-02-10,0.7210742965,0,0,0,0,0,0.2789257035,0.7210742965,S0|cap=0.3|band=0.01
2016-02-11,0.5602062775,0,0,0,0,0,0.4397937225,0.5602062775,S0|cap=0.3|band=0.01
2016-02-12,0.5501887252,0,0,0,0,0,0.4498112748,0.5501887252,S0|cap=0.3|band=0.01
2016-02-15,0.5501887252,0,0,0,0,0,0.4498112748,0.5501887252,S0|cap=0.3|band=0.01
2016-02-16,0.5501887252,0,0,0,0,0,0.4498112748,0.5501887252,S0|cap=0.3|band=0.01
2016-02-17,0.5501887252,0,0,0,0,0,0.4498112748,0.5501887252,S0|cap=0.3|band=0.01
2016-02-18,0.5501887252,0,0,0,0,0,0.4498112748,0.5501887252,S0|cap=0.3|band=0.01
2016-02-19,0.5501887252,0,0,0,0,0,0.4498112748,0.5501887252,S0|cap=0.3|band=0.01
2016-02-22,0.5501887252,0,0,0,0,0,0.4498112748,0.5501887252,S0|cap=0.3|band=0.01
2016-02-23,0.5501887252,0,0,0,0,0,0.4498112748,0.5501887252,S0|cap=0.3|band=0.01
2016-02-24,0.5501887252,0,0,0,0,0,0.4498112748,0.5501887252,S0|cap=0.3|band=0.01
2016-02-25,0.5501887252,0,0,0,0,0,0.4498112748,0.5501887252,S0|cap=0.3|band=0.01
2016-02-26,0.5501887252,0,0,0,0,0,0.4498112748,0.5501887252,S0|cap=0.3|band=0.01
2016-02-29,0.5501887252,0,0,0,0,0,0.4498112748,0.5501887252,S0|cap=0.3|band=0.01
2016-03-01,0.5501887252,0,0,0,0,0,0.4498112748,0.5501887252,S0|cap=0.3|band=0.01
2016-03-02,0.5501887252,0,0,0,0,0,0.4498112748,0.5501887252,S0|cap=0.3|band=0.01
2016-03-03,0.5501887252,0,0,0,0,0,0.4498112748,0.5501887252,S0|cap=0.3|band=0.01
2016-03-04,0.5501887252,0,0,0,0,0,0.4498112748,0.5501887252,S0|cap=0.3|band=0.01
2016-03-08,0.5501887252,0,0,0,0,0,0.4498112748,0.5501887252,S0|cap=0.3|band=0.01
2016-03-09,0.5501887252,0,0,0,0,0,0.4498112748,0.5501887252,S0|cap=0.3|band=0.01
2016-03-10,0.5501887252,0,0,0,0,0,0.4498112748,0.5501887252,S0|cap=0.3|band=0.01
2016-03-11,0.5501887252,0,0,0,0,0,0.4498112748,0.5501887252,S0|cap=0.3|band=0.01
2016-03-14,0.5501887252,0,0,0,0,0,0.4498112748,0.5501887252,S0|cap=0.3|band=0.01
2016-03-15,0.5501887252,0,0,0,0,0,0.4498112748,0.5501887252,S0|cap=0.3|band=0.01
2016-03-16,0.5501887252,0,0,0,0,0,0.4498112748,0.5501887252,S0|cap=0.3|band=0.01
2016-03-17,0.5501887252,0,0,0,0,0,0.4498112748,0.5501887252,S0|cap=0.3|band=0.01
2016-03-18,0.5501887252,0,0,0,0,0,0.4498112748,0.5501887252,S0|cap=0.3|band=0.01
2016-03-21,0.5501887252,0,0,0,0,0,0.4498112748,0.5501887252,S0|cap=0.3|band=0.01
2016-03-22,0.5501887252,0,0,0,0,0,0.4498112748,0.5501887252,S0|cap=0.3|band=0.01
2016-03-23,0.5501887252,0,0,0,0,0,0.4498112748,0.5501887252,S0|cap=0.3|band=0.01
2016-03-28,0.5501887252,0,0,0,0,0,0.4498112748,0.5501887252,S0|cap=0.3|band=0.01
2016-03-29,0.5501887252,0,0,0,0,0,0.4498112748,0.5501887252,S0|cap=0.3|band=0.01
2016-03-30,0.5501887252,0,0,0,0,0,0.4498112748,0.5501887252,S0|cap=0.3|band=0.01
2016-03-31,0.5501887252,0,0,0,0,0,0.4498112748,0.5501887252,S0|cap=0.3|band=0.01
2016-04-01,0.5501887252,0,0,0,0,0,0.4498112748,0.5501887252,S0|cap=0.3|band=0.01
2016-04-04,0.5501887252,0,0,0,0,0,0.4498112748,0.5501887252,S0|cap=0.3|band=0.01
2016-04-05,0.5501887252,0,0,0,0,0,0.4498112748,0.5501887252,S0|cap=0.3|band=0.01
2016-04-06,0.5501887252,0,0,0,0,0,0.4498112748,0.5501887252,S0|cap=0.3|band=0.01
2016-04-07,0.5501887252,0,0,0,0,0,0.4498112748,0.5501887252,S0|cap=0.3|band=0.01
2016-04-08,0.5501887252,0,0,0,0,0,0.4498112748,0.5501887252,S0|cap=0.3|band=0.01
2016-04-11,0.5501887252,0,0,0,0,0,0.4498112748,0.5501887252,S0|cap=0.3|band=0.01
2016-04-12,0.5501887252,0,0,0,0,0,0.4498112748,0.5501887252,S0|cap=0.3|band=0.01
2016-04-13,0.5501887252,0,0,0,0,0,0.4498112748,0.5501887252,S0|cap=0.3|band=0.01
2016-04-18,0.5501887252,0,0,0,0,0,0.4498112748,0.5501887252,S0|cap=0.3|band=0.01
2016-04-20,0.5501887252,0,0,0,0,0,0.4498112748,0.5501887252,S0|cap=0.3|band=0.01
2016-04-21,0.5501887252,0,0,0,0,0,0.4498112748,0.5501887252,S0|cap=0.3|band=0.01
2016-04-22,0.5501887252,0,0,0,0,0,0.4498112748,0.5501887252,S0|cap=0.3|band=0.01
2016-04-25,0.5501887252,0,0,0,0,0,0.4498112748,0.5501887252,S0|cap=0.3|band=0.01
2016-04-26,0.5501887252,0,0,0,0,0,0.4498112748,0.5501887252,S0|cap=0.3|band=0.01
2016-04-27,0.5501887252,0,0,0,0,0,0.4498112748,0.5501887252,S0|cap=0.3|band=0.01
2016-04-28,0.5501887252,0,0,0,0,0,0.4498112748,0.5501887252,S0|cap=0.3|band=0.01
2016-04-29,0.5501887252,0,0,0,0,0,0.4498112748,0.5501887252,S0|cap=0.3|band=0.01
2016-05-02,0.5501887252,0,0,0,0,0,0.4498112748,0.5501887252,S0|cap=0.3|band=0.01
2016-05-03,0.5501887252,0,0,0,0,0,0.4498112748,0.5501887252,S0|cap=0.3|band=0.01
2016-05-04,0.5501887252,0,0,0,0,0,0.4498112748,0.5501887252,S0|cap=0.3|band=0.01
2016-05-05,0.5501887252,0,0,0,0,0,0.4498112748,0.5501887252,S0|cap=0.3|band=0.01
2016-05-06,0.5501887252,0,0,0,0,0,0.4498112748,0.5501887252,S0|cap=0.3|band=0.01
2016-05-09,0.5501887252,0,0,0,0,0,0.4498112748,0.5501887252,S0|cap=0.3|band=0.01
2016-05-10,0.5501887252,0,0,0,0,0,0.4498112748,0.5501887252,S0|cap=0.3|band=0.01
2016-05-11,0.5501887252,0,0,0,0,0,0.4498112748,0.5501887252,S0|cap=0.3|band=0.01
2016-05-12,0.5501887252,0,0,0,0,0,0.4498112748,0.5501887252,S0|cap=0.3|band=0.01
2016-05-13,0.5501887252,0,0,0,0,0,0.4498112748,0.5501887252,S0|cap=0.3|band=0.01
2016-05-16,1,0,0,0,0,0,0,1,S0|cap=0.3|band=0.01
2016-05-17,1,0,0,0,0,0,0,1,S0|cap=0.3|band=0.01
2016-05-18,1,0,0,0,0,0,0,1,S0|cap=0.3|band=0.01
2016-05-19,0.9737349356,0,0,0,0,0,0.0262650644,0.9737349356,S0|cap=0.3|band=0.01
2016-05-20,0.9637995006,0,0,0,0,0,0.03620049937,0.9637995006,S0|cap=0.3|band=0.01
2016-05-23,0.9418594823,0,0,0,0,0,0.05814051765,0.9418594823,S0|cap=0.3|band=0.01
2016-05-24,0.9374956401,0,0,0,0,0,0.06250435989,0.9374956401,S0|cap=0.3|band=0.01
2016-05-25,0.9374956401,0,0,0,0,0,0.06250435989,0.9374956401,S0|cap=0.3|band=0.01
2016-05-26,0.9374956401,0,0,0,0,0,0.06250435989,0.9374956401,S0|cap=0.3|band=0.01
2016-05-27,0.9374956401,0,0,0,0,0,0.06250435989,0.9374956401,S0|cap=0.3|band=0.01
2016-05-30,0.9374956401,0,0,0,0,0,0.06250435989,0.9374956401,S0|cap=0.3|band=0.01
2016-05-31,0.9374956401,0,0,0,0,0,0.06250435989,0.9374956401,S0|cap=0.3|band=0.01
2016-06-01,0.9374956401,0,0,0,0,0,0.06250435989,0.9374956401,S0|cap=0.3|band=0.01
2016-06-02,0.9374956401,0,0,0,0,0,0.06250435989,0.9374956401,S0|cap=0.3|band=0.01
2016-06-03,0.9374956401,0,0,0,0,0,0.06250435989,0.9374956401,S0|cap=0.3|band=0.01
2016-06-06,0.9374956401,0,0,0,0,0,0.06250435989,0.9374956401,S0|cap=0.3|band=0.01
2016-06-07,0.9374956401,0,0,0,0,0,0.06250435989,0.9374956401,S0|cap=0.3|band=0.01
2016-06-08,0.9374956401,0,0,0,0,0,0.06250435989,0.9374956401,S0|cap=0.3|band=0.01
2016-06-09,0.9374956401,0,0,0,0,0,0.06250435989,0.9374956401,S0|cap=0.3|band=0.01
2016-06-10,0.9374956401,0,0,0,0,0,0.06250435989,0.9374956401,S0|cap=0.3|band=0.01
2016-06-13,0.9374956401,0,0,0,0,0,0.06250435989,0.9374956401,S0|cap=0.3|band=0.01
2016-06-14,0.9374956401,0,0,0,0,0,0.06250435989,0.9374956401,S0|cap=0.3|band=0.01
2016-06-15,0.9374956401,0,0,0,0,0,0.06250435989,0.9374956401,S0|cap=0.3|band=0.01
2016-06-16,0.9374956401,0,0,0,0,0,0.06250435989,0.9374956401,S0|cap=0.3|band=0.01
2016-06-17,0.9374956401,0,0,0,0,0,0.06250435989,0.9374956401,S0|cap=0.3|band=0.01
2016-06-20,0.9374956401,0,0,0,0,0,0.06250435989,0.9374956401,S0|cap=0.3|band=0.01
2016-06-21,0.9374956401,0,0,0,0,0,0.06250435989,0.9374956401,S0|cap=0.3|band=0.01
2016-06-22,0.9374956401,0,0,0,0,0,0.06250435989,0.9374956401,S0|cap=0.3|band=0.01
2016-06-23,0.9374956401,0,0,0,0,0,0.06250435989,0.9374956401,S0|cap=0.3|band=0.01
2016-06-24,0.9374956401,0,0,0,0,0,0.06250435989,0.9374956401,S0|cap=0.3|band=0.01
2016-06-27,0.9374956401,0,0,0,0,0,0.06250435989,0.9374956401,S0|cap=0.3|band=0.01
2016-06-28,0.9374956401,0,0,0,0,0,0.06250435989,0.9374956401,S0|cap=0.3|band=0.01
2016-06-29,0.9374956401,0,0,0,0,0,0.06250435989,0.9374956401,S0|cap=0.3|band=0.01
2016-06-30,0.9374956401,0,0,0,0,0,0.06250435989,0.9374956401,S0|cap=0.3|band=0.01
2016-07-01,0.9374956401,0,0,0,0,0,0.06250435989,0.9374956401,S0|cap=0.3|band=0.01
2016-07-04,0.9374956401,0,0,0,0,0,0.06250435989,0.9374956401,S0|cap=0.3|band=0.01
2016-07-05,0.9374956401,0,0,0,0,0,0.06250435989,0.9374956401,S0|cap=0.3|band=0.01
2016-07-07,0.9374956401,0,0,0,0,0,0.06250435989,0.9374956401,S0|cap=0.3|band=0.01
2016-07-08,0.9374956401,0,0,0,0,0,0.06250435989,0.9374956401,S0|cap=0.3|band=0.01
2016-07-11,0.9374956401,0,0,0,0,0,0.06250435989,0.9374956401,S0|cap=0.3|band=0.01
2016-07-12,0.9374956401,0,0,0,0,0,0.06250435989,0.9374956401,S0|cap=0.3|band=0.01
2016-07-13,0.9374956401,0,0,0,0,0,0.06250435989,0.9374956401,S0|cap=0.3|band=0.01
2016-07-14,0.9374956401,0,0,0,0,0,0.06250435989,0.9374956401,S0|cap=0.3|band=0.01
2016-07-15,0.9374956401,0,0,0,0,0,0.06250435989,0.9374956401,S0|cap=0.3|band=0.01
2016-07-18,0.9374956401,0,0,0,0,0,0.06250435989,0.9374956401,S0|cap=0.3|band=0.01
2016-07-19,0.9374956401,0,0,0,0,0,0.06250435989,0.9374956401,S0|cap=0.3|band=0.01
2016-07-20,0.9374956401,0,0,0,0,0,0.06250435989,0.9374956401,S0|cap=0.3|band=0.01
2016-07-21,0.9374956401,0,0,0,0,0,0.06250435989,0.9374956401,S0|cap=0.3|band=0.01
2016-07-22,0.9374956401,0,0,0,0,0,0.06250435989,0.9374956401,S0|cap=0.3|band=0.01
2016-07-25,0.9374956401,0,0,0,0,0,0.06250435989,0.9374956401,S0|cap=0.3|band=0.01
2016-07-26,0.9374956401,0,0,0,0,0,0.06250435989,0.9374956401,S0|cap=0.3|band=0.01
2016-07-27,0.9374956401,0,0,0,0,0,0.06250435989,0.9374956401,S0|cap=0.3|band=0.01
2016-07-28,0.9374956401,0,0,0,0,0,0.06250435989,0.9374956401,S0|cap=0.3|band=0.01
2016-07-29,0.9374956401,0,0,0,0,0,0.06250435989,0.9374956401,S0|cap=0.3|band=0.01
2016-08-01,0.9374956401,0,0,0,0,0,0.06250435989,0.9374956401,S0|cap=0.3|band=0.01
2016-08-02,0.9374956401,0,0,0,0,0,0.06250435989,0.9374956401,S0|cap=0.3|band=0.01
2016-08-03,0.9374956401,0,0,0,0,0,0.06250435989,0.9374956401,S0|cap=0.3|band=0.01
2016-08-04,0.9374956401,0,0,0,0,0,0.06250435989,0.9374956401,S0|cap=0.3|band=0.01
2016-08-05,0.9374956401,0,0,0,0,0,0.06250435989,0.9374956401,S0|cap=0.3|band=0.01
2016-08-08,0.9374956401,0,0,0,0,0,0.06250435989,0.9374956401,S0|cap=0.3|band=0.01
2016-08-09,0.9374956401,0,0,0,0,0,0.06250435989,0.9374956401,S0|cap=0.3|band=0.01
2016-08-10,0.9374956401,0,0,0,0,0,0.06250435989,0.9374956401,S0|cap=0.3|band=0.01
2016-08-11,0.9374956401,0,0,0,0,0,0.06250435989,0.9374956401,S0|cap=0.3|band=0.01
2016-08-12,0.9374956401,0,0,0,0,0,0.06250435989,0.9374956401,S0|cap=0.3|band=0.01
2016-08-16,0.9374956401,0,0,0,0,0,0.06250435989,0.9374956401,S0|cap=0.3|band=0.01
2016-08-17,0.9374956401,0,0,0,0,0,0.06250435989,0.9374956401,S0|cap=0.3|band=0.01
2016-08-18,1,0,0,0,0,0,0,1,S0|cap=0.3|band=0.01
2016-08-19,1,0,0,0,0,0,0,1,S0|cap=0.3|band=0.01
2016-08-22,1,0,0,0,0,0,0,1,S0|cap=0.3|band=0.01
2016-08-23,1,0,0,0,0,0,0,1,S0|cap=0.3|band=0.01
2016-08-24,1,0,0,0,0,0,0,1,S0|cap=0.3|band=0.01
2016-08-25,1,0,0,0,0,0,0,1,S0|cap=0.3|band=0.01
2016-08-26,1,0,0,0,0,0,0,1,S0|cap=0.3|band=0.01
2016-08-29,1,0,0,0,0,0,0,1,S0|cap=0.3|band=0.01
2016-08-30,1,0,0,0,0,0,0,1,S0|cap=0.3|band=0.01
2016-08-31,1,0,0,0,0,0,0,1,S0|cap=0.3|band=0.01
2016-09-01,1,0,0,0,0,0,0,1,S0|cap=0.3|band=0.01
2016-09-02,1,0,0,0,0,0,0,1,S0|cap=0.3|band=0.01
2016-09-06,1,0,0,0,0,0,0,1,S0|cap=0.3|band=0.01
2016-09-07,1,0,0,0,0,0,0,1,S0|cap=0.3|band=0.01
2016-09-08,1,0,0,0,0,0,0,1,S0|cap=0.3|band=0.01
2016-09-09,1,0,0,0,0,0,0,1,S0|cap=0.3|band=0.01
2016-09-12,1,0,0,0,0,0,0,1,S0|cap=0.3|band=0.01
2016-09-14,1,0,0,0,0,0,0,1,S0|cap=0.3|band=0.01
2016-09-15,1,0,0,0,0,0,0,1,S0|cap=0.3|band=0.01
2016-09-16,1,0,0,0,0,0,0,1,S0|cap=0.3|band=0.01
2016-09-19,1,0,0,0,0,0,0,1,S0|cap=0.3|band=0.01
2016-09-20,1,0,0,0,0,0,0,1,S0|cap=0.3|band=0.01
2016-09-21,1,0,0,0,0,0,0,1,S0|cap=0.3|band=0.01
2016-09-22,1,0,0,0,0,0,0,1,S0|cap=0.3|band=0.01
2016-09-23,1,0,0,0,0,0,0,1,S0|cap=0.3|band=0.01
2016-09-26,1,0,0,0,0,0,0,1,S0|cap=0.3|band=0.01
2016-09-27,1,0,0,0,0,0,0,1,S0|cap=0.3|band=0.01
2016-09-28,1,0,0,0,0,0,0,1,S0|cap=0.3|band=0.01
2016-09-29,1,0,0,0,0,0,0,1,S0|cap=0.3|band=0.01
2016-09-30,1,0,0,0,0,0,0,1,S0|cap=0.3|band=0.01
2016-10-03,1,0,0,0,0,0,0,1,S0|cap=0.3|band=0.01
2016-10-04,1,0,0,0,0,0,0,1,S0|cap=0.3|band=0.01
2016-10-05,1,0,0,0,0,0,0,1,S0|cap=0.3|band=0.01
2016-10-06,1,0,0,0,0,0,0,1,S0|cap=0.3|band=0.01
2016-10-07,1,0,0,0,0,0,0,1,S0|cap=0.3|band=0.01
2016-10-10,1,0,0,0,0,0,0,1,S0|cap=0.3|band=0.01
2016-10-13,1,0,0,0,0,0,0,1,S0|cap=0.3|band=0.01
2016-10-14,1,0,0,0,0,0,0,1,S0|cap=0.3|band=0.01
2016-10-17,1,0,0,0,0,0,0,1,S0|cap=0.3|band=0.01
2016-10-18,1,0,0,0,0,0,0,1,S0|cap=0.3|band=0.01
2016-10-19,1,0,0,0,0,0,0,1,S0|cap=0.3|band=0.01
2016-10-20,1,0,0,0,0,0,0,1,S0|cap=0.3|band=0.01
2016-10-21,1,0,0,0,0,0,0,1,S0|cap=0.3|band=0.01
2016-10-24,1,0,0,0,0,0,0,1,S0|cap=0.3|band=0.01
2016-10-25,1,0,0,0,0,0,0,1,S0|cap=0.3|band=0.01
2016-10-26,1,0,0,0,0,0,0,1,S0|cap=0.3|band=0.01
2016-10-27,1,0,0,0,0,0,0,1,S0|cap=0.3|band=0.01
2016-10-28,1,0,0,0,0,0,0,1,S0|cap=0.3|band=0.01
2016-10-30,1,0,0,0,0,0,0,1,S0|cap=0.3|band=0.01
2016-11-01,1,0,0,0,0,0,0,1,S0|cap=0.3|band=0.01
2016-11-02,1,0,0,0,0,0,0,1,S0|cap=0.3|band=0.01
2016-11-03,1,0,0,0,0,0,0,1,S0|cap=0.3|band=0.01
2016-11-04,1,0,0,0,0,0,0,1,S0|cap=0.3|band=0.01
2016-11-07,1,0,0,0,0,0,0,1,S0|cap=0.3|band=0.01
2016-11-08,1,0,0,0,0,0,0,1,S0|cap=0.3|band=0.01
2016-11-09,1,0,0,0,0,0,0,1,S0|cap=0.3|band=0.01
2016-11-10,1,0,0,0,0,0,0,1,S0|cap=0.3|band=0.01
2016-11-11,1,0,0,0,0,0,0,1,S0|cap=0.3|band=0.01
2016-11-15,1,0,0,0,0,0,0,1,S0|cap=0.3|band=0.01
2016-11-16,1,0,0,0,0,0,0,1,S0|cap=0.3|band=0.01
2016-11-17,1,0,0,0,0,0,0,1,S0|cap=0.3|band=0.01
2016-11-18,1,0,0,0,0,0,0,1,S0|cap=0.3|band=0.01
2016-11-21,1,0,0,0,0,0,0,1,S0|cap=0.3|band=0.01
2016-11-22,1,0,0,0,0,0,0,1,S0|cap=0.3|band=0.01
2016-11-23,1,0,0,0,0,0,0,1,S0|cap=0.3|band=0.01
2016-11-24,1,0,0,0,0,0,0,1,S0|cap=0.3|band=0.01
2016-11-25,1,0,0,0,0,0,0,1,S0|cap=0.3|band=0.01
2016-11-28,1,0,0,0,0,0,0,1,S0|cap=0.3|band=0.01
2016-11-29,1,0,0,0,0,0,0,1,S0|cap=0.3|band=0.01
2016-11-30,1,0,0,0,0,0,0,1,S0|cap=0.3|band=0.01
2016-12-01,1,0,0,0,0,0,0,1,S0|cap=0.3|band=0.01
2016-12-02,1,0,0,0,0,0,0,1,S0|cap=0.3|band=0.01
2016-12-05,1,0,0,0,0,0,0,1,S0|cap=0.3|band=0.01
2016-12-06,1,0,0,0,0,0,0,1,S0|cap=0.3|band=0.01
2016-12-07,1,0,0,0,0,0,0,1,S0|cap=0.3|band=0.01
2016-12-08,1,0,0,0,0,0,0,1,S0|cap=0.3|band=0.01
2016-12-09,1,0,0,0,0,0,0,1,S0|cap=0.3|band=0.01
2016-12-12,1,0,0,0,0,0,0,1,S0|cap=0.3|band=0.01
2016-12-13,1,0,0,0,0,0,0,1,S0|cap=0.3|band=0.01
2016-12-14,1,0,0,0,0,0,0,1,S0|cap=0.3|band=0.01
2016-12-15,1,0,0,0,0,0,0,1,S0|cap=0.3|band=0.01
2016-12-16,1,0,0,0,0,0,0,1,S0|cap=0.3|band=0.01
2016-12-19,1,0,0,0,0,0,0,1,S0|cap=0.3|band=0.01
2016-12-20,1,0,0,0,0,0,0,1,S0|cap=0.3|band=0.01
2016-12-21,1,0,0,0,0,0,0,1,S0|cap=0.3|band=0.01
2016-12-22,1,0,0,0,0,0,0,1,S0|cap=0.3|band=0.01
2016-12-23,1,0,0,0,0,0,0,1,S0|cap=0.3|band=0.01
2016-12-26,1,0,0,0,0,0,0,1,S0|cap=0.3|band=0.01
2016-12-27,1,0,0,0,0,0,0,1,S0|cap=0.3|band=0.01
2016-12-28,1,0,0,0,0,0,0,1,S0|cap=0.3|band=0.01
2016-12-29,1,0,0,0,0,0,0,1,S0|cap=0.3|band=0.01
2016-12-30,1,0,0,0,0,0,0,1,S0|cap=0.3|band=0.01
2017-01-02,1,0,0,0,0,0,0,1,S0|cap=0.3|band=0.01
2017-01-03,1,0,0,0,0,0,0,1,S0|cap=0.3|band=0.01
2017-01-04,1,0,0,0,0,0,0,1,S0|cap=0.3|band=0.01
2017-01-05,1,0,0,0,0,0,0,1,S0|cap=0.3|band=0.01
2017-01-06,1,0,0,0,0,0,0,1,S0|cap=0.3|band=0.01
2017-01-09,1,0,0,0,0,0,0,1,S0|cap=0.3|band=0.01
2017-01-10,1,0,0,0,0,0,0,1,S0|cap=0.3|band=0.01
2017-01-11,1,0,0,0,0,0,0,1,S0|cap=0.3|band=0.01
2017-01-12,1,0,0,0,0,0,0,1,S0|cap=0.3|band=0.01
2017-01-13,1,0,0,0,0,0,0,1,S0|cap=0.3|band=0.01
2017-01-16,1,0,0,0,0,0,0,1,S0|cap=0.3|band=0.01
2017-01-17,1,0,0,0,0,0,0,1,S0|cap=0.3|band=0.01
2017-01-18,1,0,0,0,0,0,0,1,S0|cap=0.3|band=0.01
2017-01-19,1,0,0,0,0,0,0,1,S0|cap=0.3|band=0.01
2017-01-20,1,0,0,0,0,0,0,1,S0|cap=0.3|band=0.01
2017-01-23,1,0,0,0,0,0,0,1,S0|cap=0.3|band=0.01
2017-01-24,1,0,0,0,0,0,0,1,S0|cap=0.3|band=0.01
2017-01-25,1,0,0,0,0,0,0,1,S0|cap=0.3|band=0.01
2017-01-27,1,0,0,0,0,0,0,1,S0|cap=0.3|band=0.01
2017-01-30,1,0,0,0,0,0,0,1,S0|cap=0.3|band=0.01
2017-01-31,1,0,0,0,0,0,0,1,S0|cap=0.3|band=0.01
2017-02-01,1,0,0,0,0,0,0,1,S0|cap=0.3|band=0.01
2017-02-02,1,0,0,0,0,0,0,1,S0|cap=0.3|band=0.01
2017-02-03,1,0,0,0,0,0,0,1,S0|cap=0.3|band=0.01
2017-02-06,1,0,0,0,0,0,0,1,S0|cap=0.3|band=0.01
2017-02-07,1,0,0,0,0,0,0,1,S0|cap=0.3|band=0.01
2017-02-08,1,0,0,0,0,0,0,1,S0|cap=0.3|band=0.01
2017-02-09,1,0,0,0,0,0,0,1,S0|cap=0.3|band=0.01
2017-02-10,1,0,0,0,0,0,0,1,S0|cap=0.3|band=0.01
2017-02-13,1,0,0,0,0,0,0,1,S0|cap=0.3|band=0.01
2017-02-14,1,0,0,0,0,0,0,1,S0|cap=0.3|band=0.01
2017-02-15,1,0,0,0,0,0,0,1,S0|cap=0.3|band=0.01
2017-02-16,1,0,0,0,0,0,0,1,S0|cap=0.3|band=0.01
2017-02-17,1,0,0,0,0,0,0,1,S0|cap=0.3|band=0.01
2017-02-20,1,0,0,0,0,0,0,1,S0|cap=0.3|band=0.01
2017-02-21,1,0,0,0,0,0,0,1,S0|cap=0.3|band=0.01
2017-02-22,1,0,0,0,0,0,0,1,S0|cap=0.3|band=0.01
2017-02-23,1,0,0,0,0,0,0,1,S0|cap=0.3|band=0.01
2017-02-27,1,0,0,0,0,0,0,1,S0|cap=0.3|band=0.01
2017-02-28,1,0,0,0,0,0,0,1,S0|cap=0.3|band=0.01
2017-03-01,1,0,0,0,0,0,0,1,S0|cap=0.3|band=0.01
2017-03-02,1,0,0,0,0,0,0,1,S0|cap=0.3|band=0.01
2017-03-03,1,0,0,0,0,0,0,1,S0|cap=0.3|band=0.01
2017-03-06,1,0,0,0,0,0,0,1,S0|cap=0.3|band=0.01
2017-03-07,1,0,0,0,0,0,0,1,S0|cap=0.3|band=0.01
2017-03-08,1,0,0,0,0,0,0,1,S0|cap=0.3|band=0.01
2017-03-09,1,0,0,0,0,0,0,1,S0|cap=0.3|band=0.01
2017-03-10,1,0,0,0,0,0,0,1,S0|cap=0.3|band=0.01
2017-03-14,1,0,0,0,0,0,0,1,S0|cap=0.3|band=0.01
2017-03-15,1,0,0,0,0,0,0,1,S0|cap=0.3|band=0.01
2017-03-16,1,0,0,0,0,0,0,1,S0|cap=0.3|band=0.01
2017-03-17,1,0,0,0,0,0,0,1,S0|cap=0.3|band=0.01
2017-03-20,1,0,0,0,0,0,0,1,S0|cap=0.3|band=0.01
2017-03-21,1,0,0,0,0,0,0,1,S0|cap=0.3|band=0.01
2017-03-22,1,0,0,0,0,0,0,1,S0|cap=0.3|band=0.01
2017-03-23,1,0,0,0,0,0,0,1,S0|cap=0.3|band=0.01
2017-03-24,1,0,0,0,0,0,0,1,S0|cap=0.3|band=0.01
2017-03-27,1,0,0,0,0,0,0,1,S0|cap=0.3|band=0.01
2017-03-28,1,0,0,0,0,0,0,1,S0|cap=0.3|band=0.01
2017-03-29,1,0,0,0,0,0,0,1,S0|cap=0.3|band=0.01
2017-03-30,1,0,0,0,0,0,0,1,S0|cap=0.3|band=0.01
2017-03-31,1,0,0,0,0,0,0,1,S0|cap=0.3|band=0.01
2017-04-03,1,0,0,0,0,0,0,1,S0|cap=0.3|band=0.01
2017-04-05,1,0,0,0,0,0,0,1,S0|cap=0.3|band=0.01
2017-04-06,1,0,0,0,0,0,0,1,S0|cap=0.3|band=0.01
2017-04-07,1,0,0,0,0,0,0,1,S0|cap=0.3|band=0.01
2017-04-10,1,0,0,0,0,0,0,1,S0|cap=0.3|band=0.01
2017-04-11,1,0,0,0,0,0,0,1,S0|cap=0.3|band=0.01
2017-04-12,1,0,0,0,0,0,0,1,S0|cap=0.3|band=0.01
2017-04-13,1,0,0,0,0,0,0,1,S0|cap=0.3|band=0.01
2017-04-17,1,0,0,0,0,0,0,1,S0|cap=0.3|band=0.01
2017-04-18,1,0,0,0,0,0,0,1,S0|cap=0.3|band=0.01
2017-04-19,1,0,0,0,0,0,0,1,S0|cap=0.3|band=0.01
2017-04-20,1,0,0,0,0,0,0,1,S0|cap=0.3|band=0.01
2017-04-21,1,0,0,0,0,0,0,1,S0|cap=0.3|band=0.01
2017-04-24,1,0,0,0,0,0,0,1,S0|cap=0.3|band=0.01
2017-04-25,1,0,0,0,0,0,0,1,S0|cap=0.3|band=0.01
2017-04-26,1,0,0,0,0,0,0,1,S0|cap=0.3|band=0.01
2017-04-27,1,0,0,0,0,0,0,1,S0|cap=0.3|band=0.01
2017-04-28,1,0,0,0,0,0,0,1,S0|cap=0.3|band=0.01
2017-05-02,1,0,0,0,0,0,0,1,S0|cap=0.3|band=0.01
2017-05-03,1,0,0,0,0,0,0,1,S0|cap=0.3|band=0.01
2017-05-04,1,0,0,0,0,0,0,1,S0|cap=0.3|band=0.01
2017-05-05,1,0,0,0,0,0,0,1,S0|cap=0.3|band=0.01
2017-05-08,1,0,0,0,0,0,0,1,S0|cap=0.3|band=0.01
2017-05-09,1,0,0,0,0,0,0,1,S0|cap=0.3|band=0.01
2017-05-10,1,0,0,0,0,0,0,1,S0|cap=0.3|band=0.01
2017-05-11,1,0,0,0,0,0,0,1,S0|cap=0.3|band=0.01
2017-05-12,1,0,0,0,0,0,0,1,S0|cap=0.3|band=0.01
2017-05-15,1,0,0,0,0,0,0,1,S0|cap=0.3|band=0.01
2017-05-16,1,0,0,0,0,0,0,1,S0|cap=0.3|band=0.01
2017-05-17,1,0,0,0,0,0,0,1,S0|cap=0.3|band=0.01
2017-05-18,1,0,0,0,0,0,0,1,S0|cap=0.3|band=0.01
2017-05-19,1,0,0,0,0,0,0,1,S0|cap=0.3|band=0.01
2017-05-22,1,0,0,0,0,0,0,1,S0|cap=0.3|band=0.01
2017-05-23,1,0,0,0,0,0,0,1,S0|cap=0.3|band=0.01
2017-05-24,1,0,0,0,0,0,0,1,S0|cap=0.3|band=0.01
2017-05-25,1,0,0,0,0,0,0,1,S0|cap=0.3|band=0.01
2017-05-26,1,0,0,0,0,0,0,1,S0|cap=0.3|band=0.01
2017-05-29,1,0,0,0,0,0,0,1,S0|cap=0.3|band=0.01
2017-05-30,1,0,0,0,0,0,0,1,S0|cap=0.3|band=0.01
2017-05-31,1,0,0,0,0,0,0,1,S0|cap=0.3|band=0.01
2017-06-01,1,0,0,0,0,0,0,1,S0|cap=0.3|band=0.01
2017-06-02,1,0,0,0,0,0,0,1,S0|cap=0.3|band=0.01
2017-06-05,1,0,0,0,0,0,0,1,S0|cap=0.3|band=0.01
2017-06-06,1,0,0,0,0,0,0,1,S0|cap=0.3|band=0.01
2017-06-07,1,0,0,0,0,0,0,1,S0|cap=0.3|band=0.01
2017-06-08,1,0,0,0,0,0,0,1,S0|cap=0.3|band=0.01
2017-06-09,1,0,0,0,0,0,0,1,S0|cap=0.3|band=0.01
2017-06-12,1,0,0,0,0,0,0,1,S0|cap=0.3|band=0.01
2017-06-13,1,0,0,0,0,0,0,1,S0|cap=0.3|band=0.01
2017-06-14,1,0,0,0,0,0,0,1,S0|cap=0.3|band=0.01
2017-06-15,1,0,0,0,0,0,0,1,S0|cap=0.3|band=0.01
2017-06-16,1,0,0,0,0,0,0,1,S0|cap=0.3|band=0.01
2017-06-19,1,0,0,0,0,0,0,1,S0|cap=0.3|band=0.01
2017-06-20,1,0,0,0,0,0,0,1,S0|cap=0.3|band=0.01
2017-06-21,1,0,0,0,0,0,0,1,S0|cap=0.3|band=0.01
2017-06-22,1,0,0,0,0,0,0,1,S0|cap=0.3|band=0.01
2017-06-23,1,0,0,0,0,0,0,1,S0|cap=0.3|band=0.01
2017-06-27,1,0,0,0,0,0,0,1,S0|cap=0.3|band=0.01
2017-06-28,1,0,0,0,0,0,0,1,S0|cap=0.3|band=0.01
2017-06-29,1,0,0,0,0,0,0,1,S0|cap=0.3|band=0.01
2017-06-30,1,0,0,0,0,0,0,1,S0|cap=0.3|band=0.01
2017-07-03,1,0,0,0,0,0,0,1,S0|cap=0.3|band=0.01
2017-07-04,1,0,0,0,0,0,0,1,S0|cap=0.3|band=0.01
2017-07-05,1,0,0,0,0,0,0,1,S0|cap=0.3|band=0.01
2017-07-06,1,0,0,0,0,0,0,1,S0|cap=0.3|band=0.01
2017-07-07,1,0,0,0,0,0,0,1,S0|cap=0.3|band=0.01
2017-07-10,1,0,0,0,0,0,0,1,S0|cap=0.3|band=0.01
2017-07-11,1,0,0,0,0,0,0,1,S0|cap=0.3|band=0.01
2017-07-12,1,0,0,0,0,0,0,1,S0|cap=0.3|band=0.01
2017-07-13,1,0,0,0,0,0,0,1,S0|cap=0.3|band=0.01
2017-07-14,1,0,0,0,0,0,0,1,S0|cap=0.3|band=0.01
2017-07-17,1,0,0,0,0,0,0,1,S0|cap=0.3|band=0.01
2017-07-18,1,0,0,0,0,0,0,1,S0|cap=0.3|band=0.01
2017-07-19,1,0,0,0,0,0,0,1,S0|cap=0.3|band=0.01
2017-07-20,1,0,0,0,0,0,0,1,S0|cap=0.3|band=0.01
2017-07-21,1,0,0,0,0,0,0,1,S0|cap=0.3|band=0.01
2017-07-24,1,0,0,0,0,0,0,1,S0|cap=0.3|band=0.01
2017-07-25,1,0,0,0,0,0,0,1,S0|cap=0.3|band=0.01
2017-07-26,1,0,0,0,0,0,0,1,S0|cap=0.3|band=0.01
2017-07-27,1,0,0,0,0,0,0,1,S0|cap=0.3|band=0.01
2017-07-28,1,0,0,0,0,0,0,1,S0|cap=0.3|band=0.01
2017-07-31,1,0,0,0,0,0,0,1,S0|cap=0.3|band=0.01
2017-08-01,1,0,0,0,0,0,0,1,S0|cap=0.3|band=0.01
2017-08-02,1,0,0,0,0,0,0,1,S0|cap=0.3|band=0.01
2017-08-03,1,0,0,0,0,0,0,1,S0|cap=0.3|band=0.01
2017-08-04,1,0,0,0,0,0,0,1,S0|cap=0.3|band=0.01
2017-08-07,1,0,0,0,0,0,0,1,S0|cap=0.3|band=0.01
2017-08-08,1,0,0,0,0,0,0,1,S0|cap=0.3|band=0.01
2017-08-09,1,0,0,0,0,0,0,1,S0|cap=0.3|band=0.01
2017-08-10,1,0,0,0,0,0,0,1,S0|cap=0.3|band=0.01
2017-08-11,1,0,0,0,0,0,0,1,S0|cap=0.3|band=0.01
2017-08-14,1,0,0,0,0,0,0,1,S0|cap=0.3|band=0.01
2017-08-16,1,0,0,0,0,0,0,1,S0|cap=0.3|band=0.01
2017-08-17,1,0,0,0,0,0,0,1,S0|cap=0.3|band=0.01
2017-08-18,1,0,0,0,0,0,0,1,S0|cap=0.3|band=0.01
2017-08-21,1,0,0,0,0,0,0,1,S0|cap=0.3|band=0.01
2017-08-22,1,0,0,0,0,0,0,1,S0|cap=0.3|band=0.01
2017-08-23,1,0,0,0,0,0,0,1,S0|cap=0.3|band=0.01
2017-08-24,1,0,0,0,0,0,0,1,S0|cap=0.3|band=0.01
2017-08-28,1,0,0,0,0,0,0,1,S0|cap=0.3|band=0.01
2017-08-29,1,0,0,0,0,0,0,1,S0|cap=0.3|band=0.01
2017-08-30,1,0,0,0,0,0,0,1,S0|cap=0.3|band=0.01
2017-08-31,1,0,0,0,0,0,0,1,S0|cap=0.3|band=0.01
2017-09-01,1,0,0,0,0,0,0,1,S0|cap=0.3|band=0.01
2017-09-04,1,0,0,0,0,0,0,1,S0|cap=0.3|band=0.01
2017-09-05,1,0,0,0,0,0,0,1,S0|cap=0.3|band=0.01
2017-09-06,1,0,0,0,0,0,0,1,S0|cap=0.3|band=0.01
2017-09-07,1,0,0,0,0,0,0,1,S0|cap=0.3|band=0.01
2017-09-08,1,0,0,0,0,0,0,1,S0|cap=0.3|band=0.01
2017-09-11,1,0,0,0,0,0,0,1,S0|cap=0.3|band=0.01
2017-09-12,1,0,0,0,0,0,0,1,S0|cap=0.3|band=0.01
2017-09-13,1,0,0,0,0,0,0,1,S0|cap=0.3|band=0.01
2017-09-14,1,0,0,0,0,0,0,1,S0|cap=0.3|band=0.01
2017-09-15,1,0,0,0,0,0,0,1,S0|cap=0.3|band=0.01
2017-09-18,1,0,0,0,0,0,0,1,S0|cap=0.3|band=0.01
2017-09-19,1,0,0,0,0,0,0,1,S0|cap=0.3|band=0.01
2017-09-20,1,0,0,0,0,0,0,1,S0|cap=0.3|band=0.01
2017-09-21,1,0,0,0,0,0,0,1,S0|cap=0.3|band=0.01
2017-09-22,1,0,0,0,0,0,0,1,S0|cap=0.3|band=0.01
2017-09-25,1,0,0,0,0,0,0,1,S0|cap=0.3|band=0.01
2017-09-26,1,0,0,0,0,0,0,1,S0|cap=0.3|band=0.01
2017-09-27,1,0,0,0,0,0,0,1,S0|cap=0.3|band=0.01
2017-09-28,1,0,0,0,0,0,0,1,S0|cap=0.3|band=0.01
2017-09-29,1,0,0,0,0,0,0,1,S0|cap=0.3|band=0.01
2017-10-03,1,0,0,0,0,0,0,1,S0|cap=0.3|band=0.01
2017-10-04,1,0,0,0,0,0,0,1,S0|cap=0.3|band=0.01
2017-10-05,1,0,0,0,0,0,0,1,S0|cap=0.3|band=0.01
2017-10-06,1,0,0,0,0,0,0,1,S0|cap=0.3|band=0.01
2017-10-09,1,0,0,0,0,0,0,1,S0|cap=0.3|band=0.01
2017-10-10,1,0,0,0,0,0,0,1,S0|cap=0.3|band=0.01
2017-10-11,1,0,0,0,0,0,0,1,S0|cap=0.3|band=0.01
2017-10-12,1,0,0,0,0,0,0,1,S0|cap=0.3|band=0.01
2017-10-13,1,0,0,0,0,0,0,1,S0|cap=0.3|band=0.01
2017-10-16,1,0,0,0,0,0,0,1,S0|cap=0.3|band=0.01
2017-10-17,1,0,0,0,0,0,0,1,S0|cap=0.3|band=0.01
2017-10-18,1,0,0,0,0,0,0,1,S0|cap=0.3|band=0.01
2017-10-19,1,0,0,0,0,0,0,1,S0|cap=0.3|band=0.01
2017-10-23,1,0,0,0,0,0,0,1,S0|cap=0.3|band=0.01
2017-10-24,1,0,0,0,0,0,0,1,S0|cap=0.3|band=0.01
2017-10-25,1,0,0,0,0,0,0,1,S0|cap=0.3|band=0.01
2017-10-26,1,0,0,0,0,0,0,1,S0|cap=0.3|band=0.01
2017-10-27,1,0,0,0,0,0,0,1,S0|cap=0.3|band=0.01
2017-10-30,1,0,0,0,0,0,0,1,S0|cap=0.3|band=0.01
2017-10-31,1,0,0,0,0,0,0,1,S0|cap=0.3|band=0.01
2017-11-01,1,0,0,0,0,0,0,1,S0|cap=0.3|band=0.01
2017-11-02,1,0,0,0,0,0,0,1,S0|cap=0.3|band=0.01
2017-11-03,1,0,0,0,0,0,0,1,S0|cap=0.3|band=0.01
2017-11-06,1,0,0,0,0,0,0,1,S0|cap=0.3|band=0.01
2017-11-07,1,0,0,0,0,0,0,1,S0|cap=0.3|band=0.01
2017-11-08,1,0,0,0,0,0,0,1,S0|cap=0.3|band=0.01
2017-11-09,1,0,0,0,0,0,0,1,S0|cap=0.3|band=0.01
2017-11-10,1,0,0,0,0,0,0,1,S0|cap=0.3|band=0.01
2017-11-13,1,0,0,0,0,0,0,1,S0|cap=0.3|band=0.01
2017-11-14,1,0,0,0,0,0,0,1,S0|cap=0.3|band=0.01
2017-11-15,1,0,0,0,0,0,0,1,S0|cap=0.3|band=0.01
2017-11-16,1,0,0,0,0,0,0,1,S0|cap=0.3|band=0.01
2017-11-17,1,0,0,0,0,0,0,1,S0|cap=0.3|band=0.01
2017-11-20,1,0,0,0,0,0,0,1,S0|cap=0.3|band=0.01
2017-11-21,1,0,0,0,0,0,0,1,S0|cap=0.3|band=0.01
2017-11-22,1,0,0,0,0,0,0,1,S0|cap=0.3|band=0.01
2017-11-23,1,0,0,0,0,0,0,1,S0|cap=0.3|band=0.01
2017-11-24,1,0,0,0,0,0,0,1,S0|cap=0.3|band=0.01
2017-11-27,1,0,0,0,0,0,0,1,S0|cap=0.3|band=0.01
2017-11-28,1,0,0,0,0,0,0,1,S0|cap=0.3|band=0.01
2017-11-29,1,0,0,0,0,0,0,1,S0|cap=0.3|band=0.01
2017-11-30,1,0,0,0,0,0,0,1,S0|cap=0.3|band=0.01
2017-12-01,1,0,0,0,0,0,0,1,S0|cap=0.3|band=0.01
2017-12-04,1,0,0,0,0,0,0,1,S0|cap=0.3|band=0.01
2017-12-05,1,0,0,0,0,0,0,1,S0|cap=0.3|band=0.01
2017-12-06,1,0,0,0,0,0,0,1,S0|cap=0.3|band=0.01
2017-12-07,1,0,0,0,0,0,0,1,S0|cap=0.3|band=0.01
2017-12-08,1,0,0,0,0,0,0,1,S0|cap=0.3|band=0.01
2017-12-11,1,0,0,0,0,0,0,1,S0|cap=0.3|band=0.01
2017-12-12,1,0,0,0,0,0,0,1,S0|cap=0.3|band=0.01
2017-12-13,1,0,0,0,0,0,0,1,S0|cap=0.3|band=0.01
2017-12-14,1,0,0,0,0,0,0,1,S0|cap=0.3|band=0.01
2017-12-15,1,0,0,0,0,0,0,1,S0|cap=0.3|band=0.01
2017-12-18,1,0,0,0,0,0,0,1,S0|cap=0.3|band=0.01
2017-12-19,1,0,0,0,0,0,0,1,S0|cap=0.3|band=0.01
2017-12-20,1,0,0,0,0,0,0,1,S0|cap=0.3|band=0.01
2017-12-21,1,0,0,0,0,0,0,1,S0|cap=0.3|band=0.01
2017-12-22,1,0,0,0,0,0,0,1,S0|cap=0.3|band=0.01
2017-12-26,1,0,0,0,0,0,0,1,S0|cap=0.3|band=0.01
2017-12-27,1,0,0,0,0,0,0,1,S0|cap=0.3|band=0.01
2017-12-28,1,0,0,0,0,0,0,1,S0|cap=0.3|band=0.01
2017-12-29,1,0,0,0,0,0,0,1,S0|cap=0.3|band=0.01
2018-01-01,1,0,0,0,0,0,0,1,S0|cap=0.3|band=0.01
2018-01-02,1,0,0,0,0,0,0,1,S0|cap=0.3|band=0.01
2018-01-03,1,0,0,0,0,0,0,1,S0|cap=0.3|band=0.01
2018-01-04,1,0,0,0,0,0,0,1,S0|cap=0.3|band=0.01
2018-01-05,1,0,0,0,0,0,0,1,S0|cap=0.3|band=0.01
2018-01-08,1,0,0,0,0,0,0,1,S0|cap=0.3|band=0.01
2018-01-09,1,0,0,0,0,0,0,1,S0|cap=0.3|band=0.01
2018-01-10,1,0,0,0,0,0,0,1,S0|cap=0.3|band=0.01
2018-01-11,1,0,0,0,0,0,0,1,S0|cap=0.3|band=0.01
2018-01-12,1,0,0,0,0,0,0,1,S0|cap=0.3|band=0.01
2018-01-15,1,0,0,0,0,0,0,1,S0|cap=0.3|band=0.01
2018-01-16,1,0,0,0,0,0,0,1,S0|cap=0.3|band=0.01
2018-01-17,1,0,0,0,0,0,0,1,S0|cap=0.3|band=0.01
2018-01-18,1,0,0,0,0,0,0,1,S0|cap=0.3|band=0.01
2018-01-19,1,0,0,0,0,0,0,1,S0|cap=0.3|band=0.01
2018-01-22,1,0,0,0,0,0,0,1,S0|cap=0.3|band=0.01
2018-01-23,1,0,0,0,0,0,0,1,S0|cap=0.3|band=0.01
2018-01-24,1,0,0,0,0,0,0,1,S0|cap=0.3|band=0.01
2018-01-25,1,0,0,0,0,0,0,1,S0|cap=0.3|band=0.01
2018-01-29,1,0,0,0,0,0,0,1,S0|cap=0.3|band=0.01
2018-01-30,1,0,0,0,0,0,0,1,S0|cap=0.3|band=0.01
2018-01-31,1,0,0,0,0,0,0,1,S0|cap=0.3|band=0.01
2018-02-01,1,0,0,0,0,0,0,1,S0|cap=0.3|band=0.01
2018-02-02,1,0,0,0,0,0,0,1,S0|cap=0.3|band=0.01
2018-02-05,1,0,0,0,0,0,0,1,S0|cap=0.3|band=0.01
2018-02-06,1,0,0,0,0,0,0,1,S0|cap=0.3|band=0.01
2018-02-07,1,0,0,0,0,0,0,1,S0|cap=0.3|band=0.01
2018-02-08,1,0,0,0,0,0,0,1,S0|cap=0.3|band=0.01
2018-02-09,1,0,0,0,0,0,0,1,S0|cap=0.3|band=0.01
2018-02-12,1,0,0,0,0,0,0,1,S0|cap=0.3|band=0.01
2018-02-14,1,0,0,0,0,0,0,1,S0|cap=0.3|band=0.01
2018-02-15,1,0,0,0,0,0,0,1,S0|cap=0.3|band=0.01
2018-02-16,1,0,0,0,0,0,0,1,S0|cap=0.3|band=0.01
2018-02-19,1,0,0,0,0,0,0,1,S0|cap=0.3|band=0.01
2018-02-20,1,0,0,0,0,0,0,1,S0|cap=0.3|band=0.01
2018-02-21,1,0,0,0,0,0,0,1,S0|cap=0.3|band=0.01
2018-02-22,1,0,0,0,0,0,0,1,S0|cap=0.3|band=0.01
2018-02-23,1,0,0,0,0,0,0,1,S0|cap=0.3|band=0.01
2018-02-26,1,0,0,0,0,0,0,1,S0|cap=0.3|band=0.01
2018-02-27,1,0,0,0,0,0,0,1,S0|cap=0.3|band=0.01
2018-02-28,1,0,0,0,0,0,0,1,S0|cap=0.3|band=0.01
2018-03-01,1,0,0,0,0,0,0,1,S0|cap=0.3|band=0.01
2018-03-05,1,0,0,0,0,0,0,1,S0|cap=0.3|band=0.01
2018-03-06,1,0,0,0,0,0,0,1,S0|cap=0.3|band=0.01
2018-03-07,1,0,0,0,0,0,0,1,S0|cap=0.3|band=0.01
2018-03-08,1,0,0,0,0,0,0,1,S0|cap=0.3|band=0.01
2018-03-09,1,0,0,0,0,0,0,1,S0|cap=0.3|band=0.01
2018-03-12,1,0,0,0,0,0,0,1,S0|cap=0.3|band=0.01
2018-03-13,1,0,0,0,0,0,0,1,S0|cap=0.3|band=0.01
2018-03-14,1,0,0,0,0,0,0,1,S0|cap=0.3|band=0.01
2018-03-15,1,0,0,0,0,0,0,1,S0|cap=0.3|band=0.01
2018-03-16,1,0,0,0,0,0,0,1,S0|cap=0.3|band=0.01
2018-03-19,1,0,0,0,0,0,0,1,S0|cap=0.3|band=0.01
2018-03-20,1,0,0,0,0,0,0,1,S0|cap=0.3|band=0.01
2018-03-21,1,0,0,0,0,0,0,1,S0|cap=0.3|band=0.01
2018-03-22,1,0,0,0,0,0,0,1,S0|cap=0.3|band=0.01
2018-03-23,1,0,0,0,0,0,0,1,S0|cap=0.3|band=0.01
2018-03-26,1,0,0,0,0,0,0,1,S0|cap=0.3|band=0.01
2018-03-27,1,0,0,0,0,0,0,1,S0|cap=0.3|band=0.01
2018-03-28,1,0,0,0,0,0,0,1,S0|cap=0.3|band=0.01
2018-04-02,1,0,0,0,0,0,0,1,S0|cap=0.3|band=0.01
2018-04-03,1,0,0,0,0,0,0,1,S0|cap=0.3|band=0.01
2018-04-04,1,0,0,0,0,0,0,1,S0|cap=0.3|band=0.01
2018-04-05,1,0,0,0,0,0,0,1,S0|cap=0.3|band=0.01
2018-04-06,1,0,0,0,0,0,0,1,S0|cap=0.3|band=0.01
2018-04-09,1,0,0,0,0,0,0,1,S0|cap=0.3|band=0.01
2018-04-10,1,0,0,0,0,0,0,1,S0|cap=0.3|band=0.01
2018-04-11,1,0,0,0,0,0,0,1,S0|cap=0.3|band=0.01
2018-04-12,1,0,0,0,0,0,0,1,S0|cap=0.3|band=0.01
2018-04-13,1,0,0,0,0,0,0,1,S0|cap=0.3|band=0.01
2018-04-16,1,0,0,0,0,0,0,1,S0|cap=0.3|band=0.01
2018-04-17,1,0,0,0,0,0,0,1,S0|cap=0.3|band=0.01
2018-04-18,1,0,0,0,0,0,0,1,S0|cap=0.3|band=0.01
2018-04-19,1,0,0,0,0,0,0,1,S0|cap=0.3|band=0.01
2018-04-20,1,0,0,0,0,0,0,1,S0|cap=0.3|band=0.01
2018-04-23,1,0,0,0,0,0,0,1,S0|cap=0.3|band=0.01
2018-04-24,1,0,0,0,0,0,0,1,S0|cap=0.3|band=0.01
2018-04-25,1,0,0,0,0,0,0,1,S0|cap=0.3|band=0.01
2018-04-26,1,0,0,0,0,0,0,1,S0|cap=0.3|band=0.01
2018-04-27,1,0,0,0,0,0,0,1,S0|cap=0.3|band=0.01
2018-04-30,1,0,0,0,0,0,0,1,S0|cap=0.3|band=0.01
2018-05-02,1,0,0,0,0,0,0,1,S0|cap=0.3|band=0.01
2018-05-03,1,0,0,0,0,0,0,1,S0|cap=0.3|band=0.01
2018-05-04,1,0,0,0,0,0,0,1,S0|cap=0.3|band=0.01
2018-05-07,1,0,0,0,0,0,0,1,S0|cap=0.3|band=0.01
2018-05-08,1,0,0,0,0,0,0,1,S0|cap=0.3|band=0.01
2018-05-09,1,0,0,0,0,0,0,1,S0|cap=0.3|band=0.01
2018-05-10,1,0,0,0,0,0,0,1,S0|cap=0.3|band=0.01
2018-05-11,1,0,0,0,0,0,0,1,S0|cap=0.3|band=0.01
2018-05-14,1,0,0,0,0,0,0,1,S0|cap=0.3|band=0.01
2018-05-15,1,0,0,0,0,0,0,1,S0|cap=0.3|band=0.01
2018-05-16,1,0,0,0,0,0,0,1,S0|cap=0.3|band=0.01
2018-05-17,1,0,0,0,0,0,0,1,S0|cap=0.3|band=0.01
2018-05-18,1,0,0,0,0,0,0,1,S0|cap=0.3|band=0.01
2018-05-21,1,0,0,0,0,0,0,1,S0|cap=0.3|band=0.01
2018-05-22,1,0,0,0,0,0,0,1,S0|cap=0.3|band=0.01
2018-05-23,1,0,0,0,0,0,0,1,S0|cap=0.3|band=0.01
2018-05-24,1,0,0,0,0,0,0,1,S0|cap=0.3|band=0.01
2018-05-25,1,0,0,0,0,0,0,1,S0|cap=0.3|band=0.01
2018-05-28,1,0,0,0,0,0,0,1,S0|cap=0.3|band=0.01
2018-05-29,1,0,0,0,0,0,0,1,S0|cap=0.3|band=0.01
2018-05-30,1,0,0,0,0,0,0,1,S0|cap=0.3|band=0.01
2018-05-31,1,0,0,0,0,0,0,1,S0|cap=0.3|band=0.01
2018-06-01,1,0,0,0,0,0,0,1,S0|cap=0.3|band=0.01
2018-06-04,1,0,0,0,0,0,0,1,S0|cap=0.3|band=0.01
2018-06-05,1,0,0,0,0,0,0,1,S0|cap=0.3|band=0.01
2018-06-06,1,0,0,0,0,0,0,1,S0|cap=0.3|band=0.01
2018-06-07,1,0,0,0,0,0,0,1,S0|cap=0.3|band=0.01
2018-06-08,1,0,0,0,0,0,0,1,S0|cap=0.3|band=0.01
2018-06-11,1,0,0,0,0,0,0,1,S0|cap=0.3|band=0.01
2018-06-12,1,0,0,0,0,0,0,1,S0|cap=0.3|band=0.01
2018-06-13,1,0,0,0,0,0,0,1,S0|cap=0.3|band=0.01
2018-06-14,1,0,0,0,0,0,0,1,S0|cap=0.3|band=0.01
2018-06-15,1,0,0,0,0,0,0,1,S0|cap=0.3|band=0.01
2018-06-18,1,0,0,0,0,0,0,1,S0|cap=0.3|band=0.01
2018-06-19,1,0,0,0,0,0,0,1,S0|cap=0.3|band=0.01
2018-06-20,1,0,0,0,0,0,0,1,S0|cap=0.3|band=0.01
2018-06-21,1,0,0,0,0,0,0,1,S0|cap=0.3|band=0.01
2018-06-22,1,0,0,0,0,0,0,1,S0|cap=0.3|band=0.01
2018-06-25,1,0,0,0,0,0,0,1,S0|cap=0.3|band=0.01
2018-06-26,1,0,0,0,0,0,0,1,S0|cap=0.3|band=0.01
2018-06-27,1,0,0,0,0,0,0,1,S0|cap=0.3|band=0.01
2018-06-28,1,0,0,0,0,0,0,1,S0|cap=0.3|band=0.01
2018-06-29,1,0,0,0,0,0,0,1,S0|cap=0.3|band=0.01
2018-07-02,1,0,0,0,0,0,0,1,S0|cap=0.3|band=0.01
2018-07-03,1,0,0,0,0,0,0,1,S0|cap=0.3|band=0.01
2018-07-04,1,0,0,0,0,0,0,1,S0|cap=0.3|band=0.01
2018-07-05,1,0,0,0,0,0,0,1,S0|cap=0.3|band=0.01
2018-07-06,1,0,0,0,0,0,0,1,S0|cap=0.3|band=0.01
2018-07-09,1,0,0,0,0,0,0,1,S0|cap=0.3|band=0.01
2018-07-10,1,0,0,0,0,0,0,1,S0|cap=0.3|band=0.01
2018-07-11,1,0,0,0,0,0,0,1,S0|cap=0.3|band=0.01
2018-07-12,1,0,0,0,0,0,0,1,S0|cap=0.3|band=0.01
2018-07-13,1,0,0,0,0,0,0,1,S0|cap=0.3|band=0.01
2018-07-16,1,0,0,0,0,0,0,1,S0|cap=0.3|band=0.01
2018-07-17,1,0,0,0,0,0,0,1,S0|cap=0.3|band=0.01
2018-07-18,1,0,0,0,0,0,0,1,S0|cap=0.3|band=0.01
2018-07-19,1,0,0,0,0,0,0,1,S0|cap=0.3|band=0.01
2018-07-20,1,0,0,0,0,0,0,1,S0|cap=0.3|band=0.01
2018-07-23,1,0,0,0,0,0,0,1,S0|cap=0.3|band=0.01
2018-07-24,1,0,0,0,0,0,0,1,S0|cap=0.3|band=0.01
2018-07-25,1,0,0,0,0,0,0,1,S0|cap=0.3|band=0.01
2018-07-26,1,0,0,0,0,0,0,1,S0|cap=0.3|band=0.01
2018-07-27,1,0,0,0,0,0,0,1,S0|cap=0.3|band=0.01
2018-07-30,1,0,0,0,0,0,0,1,S0|cap=0.3|band=0.01
2018-07-31,1,0,0,0,0,0,0,1,S0|cap=0.3|band=0.01
2018-08-01,1,0,0,0,0,0,0,1,S0|cap=0.3|band=0.01
2018-08-03,1,0,0,0,0,0,0,1,S0|cap=0.3|band=0.01
2018-08-06,1,0,0,0,0,0,0,1,S0|cap=0.3|band=0.01
2018-08-07,1,0,0,0,0,0,0,1,S0|cap=0.3|band=0.01
2018-08-08,1,0,0,0,0,0,0,1,S0|cap=0.3|band=0.01
2018-08-09,1,0,0,0,0,0,0,1,S0|cap=0.3|band=0.01
2018-08-10,1,0,0,0,0,0,0,1,S0|cap=0.3|band=0.01
2018-08-13,1,0,0,0,0,0,0,1,S0|cap=0.3|band=0.01
2018-08-14,1,0,0,0,0,0,0,1,S0|cap=0.3|band=0.01
2018-08-16,1,0,0,0,0,0,0,1,S0|cap=0.3|band=0.01
2018-08-17,1,0,0,0,0,0,0,1,S0|cap=0.3|band=0.01
2018-08-20,1,0,0,0,0,0,0,1,S0|cap=0.3|band=0.01
2018-08-21,1,0,0,0,0,0,0,1,S0|cap=0.3|band=0.01
2018-08-23,1,0,0,0,0,0,0,1,S0|cap=0.3|band=0.01
2018-08-24,1,0,0,0,0,0,0,1,S0|cap=0.3|band=0.01
2018-08-27,1,0,0,0,0,0,0,1,S0|cap=0.3|band=0.01
2018-08-28,1,0,0,0,0,0,0,1,S0|cap=0.3|band=0.01
2018-08-29,1,0,0,0,0,0,0,1,S0|cap=0.3|band=0.01
2018-08-30,1,0,0,0,0,0,0,1,S0|cap=0.3|band=0.01
2018-08-31,1,0,0,0,0,0,0,1,S0|cap=0.3|band=0.01
2018-09-03,1,0,0,0,0,0,0,1,S0|cap=0.3|band=0.01
2018-09-04,1,0,0,0,0,0,0,1,S0|cap=0.3|band=0.01
2018-09-05,1,0,0,0,0,0,0,1,S0|cap=0.3|band=0.01
2018-09-06,1,0,0,0,0,0,0,1,S0|cap=0.3|band=0.01
2018-09-07,1,0,0,0,0,0,0,1,S0|cap=0.3|band=0.01
2018-09-10,1,0,0,0,0,0,0,1,S0|cap=0.3|band=0.01
2018-09-11,1,0,0,0,0,0,0,1,S0|cap=0.3|band=0.01
2018-09-12,1,0,0,0,0,0,0,1,S0|cap=0.3|band=0.01
2018-09-14,1,0,0,0,0,0,0,1,S0|cap=0.3|band=0.01
2018-09-17,1,0,0,0,0,0,0,1,S0|cap=0.3|band=0.01
2018-09-18,1,0,0,0,0,0,0,1,S0|cap=0.3|band=0.01
2018-09-19,1,0,0,0,0,0,0,1,S0|cap=0.3|band=0.01
2018-09-21,1,0,0,0,0,0,0,1,S0|cap=0.3|band=0.01
2018-09-24,1,0,0,0,0,0,0,1,S0|cap=0.3|band=0.01
2018-09-25,1,0,0,0,0,0,0,1,S0|cap=0.3|band=0.01
2018-09-26,1,0,0,0,0,0,0,1,S0|cap=0.3|band=0.01
2018-09-27,1,0,0,0,0,0,0,1,S0|cap=0.3|band=0.01
2018-09-28,1,0,0,0,0,0,0,1,S0|cap=0.3|band=0.01
2018-10-01,1,0,0,0,0,0,0,1,S0|cap=0.3|band=0.01
2018-10-03,1,0,0,0,0,0,0,1,S0|cap=0.3|band=0.01
2018-10-04,1,0,0,0,0,0,0,1,S0|cap=0.3|band=0.01
2018-10-05,1,0,0,0,0,0,0,1,S0|cap=0.3|band=0.01
2018-10-08,1,0,0,0,0,0,0,1,S0|cap=0.3|band=0.01
2018-10-09,1,0,0,0,0,0,0,1,S0|cap=0.3|band=0.01
2018-10-10,1,0,0,0,0,0,0,1,S0|cap=0.3|band=0.01
2018-10-11,1,0,0,0,0,0,0,1,S0|cap=0.3|band=0.01
2018-10-12,1,0,0,0,0,0,0,1,S0|cap=0.3|band=0.01
2018-10-15,1,0,0,0,0,0,0,1,S0|cap=0.3|band=0.01
2018-10-16,1,0,0,0,0,0,0,1,S0|cap=0.3|band=0.01
2018-10-17,1,0,0,0,0,0,0,1,S0|cap=0.3|band=0.01
2018-10-19,1,0,0,0,0,0,0,1,S0|cap=0.3|band=0.01
2018-10-22,1,0,0,0,0,0,0,1,S0|cap=0.3|band=0.01
2018-10-23,1,0,0,0,0,0,0,1,S0|cap=0.3|band=0.01
2018-10-24,1,0,0,0,0,0,0,1,S0|cap=0.3|band=0.01
2018-10-25,1,0,0,0,0,0,0,1,S0|cap=0.3|band=0.01
2018-10-26,1,0,0,0,0,0,0,1,S0|cap=0.3|band=0.01
2018-10-29,1,0,0,0,0,0,0,1,S0|cap=0.3|band=0.01
2018-10-30,1,0,0,0,0,0,0,1,S0|cap=0.3|band=0.01
2018-10-31,1,0,0,0,0,0,0,1,S0|cap=0.3|band=0.01
2018-11-01,1,0,0,0,0,0,0,1,S0|cap=0.3|band=0.01
2018-11-02,1,0,0,0,0,0,0,1,S0|cap=0.3|band=0.01
2018-11-05,1,0,0,0,0,0,0,1,S0|cap=0.3|band=0.01
2018-11-06,1,0,0,0,0,0,0,1,S0|cap=0.3|band=0.01
2018-11-07,1,0,0,0,0,0,0,1,S0|cap=0.3|band=0.01
2018-11-09,1,0,0,0,0,0,0,1,S0|cap=0.3|band=0.01
2018-11-12,1,0,0,0,0,0,0,1,S0|cap=0.3|band=0.01
2018-11-13,1,0,0,0,0,0,0,1,S0|cap=0.3|band=0.01
2018-11-14,1,0,0,0,0,0,0,1,S0|cap=0.3|band=0.01
2018-11-15,1,0,0,0,0,0,0,1,S0|cap=0.3|band=0.01
2018-11-16,1,0,0,0,0,0,0,1,S0|cap=0.3|band=0.01
2018-11-19,1,0,0,0,0,0,0,1,S0|cap=0.3|band=0.01
2018-11-20,1,0,0,0,0,0,0,1,S0|cap=0.3|band=0.01
2018-11-21,1,0,0,0,0,0,0,1,S0|cap=0.3|band=0.01
2018-11-22,1,0,0,0,0,0,0,1,S0|cap=0.3|band=0.01
2018-11-26,1,0,0,0,0,0,0,1,S0|cap=0.3|band=0.01
2018-11-27,1,0,0,0,0,0,0,1,S0|cap=0.3|band=0.01
2018-11-28,1,0,0,0,0,0,0,1,S0|cap=0.3|band=0.01
2018-11-29,1,0,0,0,0,0,0,1,S0|cap=0.3|band=0.01
2018-11-30,1,0,0,0,0,0,0,1,S0|cap=0.3|band=0.01
2018-12-03,1,0,0,0,0,0,0,1,S0|cap=0.3|band=0.01
2018-12-04,1,0,0,0,0,0,0,1,S0|cap=0.3|band=0.01
2018-12-05,1,0,0,0,0,0,0,1,S0|cap=0.3|band=0.01
2018-12-06,1,0,0,0,0,0,0,1,S0|cap=0.3|band=0.01
2018-12-07,1,0,0,0,0,0,0,1,S0|cap=0.3|band=0.01
2018-12-10,1,0,0,0,0,0,0,1,S0|cap=0.3|band=0.01
2018-12-11,1,0,0,0,0,0,0,1,S0|cap=0.3|band=0.01
2018-12-12,1,0,0,0,0,0,0,1,S0|cap=0.3|band=0.01
2018-12-13,1,0,0,0,0,0,0,1,S0|cap=0.3|band=0.01
2018-12-14,1,0,0,0,0,0,0,1,S0|cap=0.3|band=0.01
2018-12-17,1,0,0,0,0,0,0,1,S0|cap=0.3|band=0.01
2018-12-18,1,0,0,0,0,0,0,1,S0|cap=0.3|band=0.01
2018-12-19,1,0,0,0,0,0,0,1,S0|cap=0.3|band=0.01
2018-12-20,1,0,0,0,0,0,0,1,S0|cap=0.3|band=0.01
2018-12-21,1,0,0,0,0,0,0,1,S0|cap=0.3|band=0.01
2018-12-24,1,0,0,0,0,0,0,1,S0|cap=0.3|band=0.01
2018-12-26,1,0,0,0,0,0,0,1,S0|cap=0.3|band=0.01
2018-12-27,1,0,0,0,0,0,0,1,S0|cap=0.3|band=0.01
2018-12-28,1,0,0,0,0,0,0,1,S0|cap=0.3|band=0.01
2018-12-31,1,0,0,0,0,0,0,1,S0|cap=0.3|band=0.01
2019-01-01,1,0,0,0,0,0,0,1,S0|cap=0.3|band=0.01
2019-01-02,1,0,0,0,0,0,0,1,S0|cap=0.3|band=0.01
2019-01-03,1,0,0,0,0,0,0,1,S0|cap=0.3|band=0.01
2019-01-04,1,0,0,0,0,0,0,1,S0|cap=0.3|band=0.01
2019-01-07,1,0,0,0,0,0,0,1,S0|cap=0.3|band=0.01
2019-01-08,1,0,0,0,0,0,0,1,S0|cap=0.3|band=0.01
2019-01-09,1,0,0,0,0,0,0,1,S0|cap=0.3|band=0.01
2019-01-10,1,0,0,0,0,0,0,1,S0|cap=0.3|band=0.01
2019-01-11,1,0,0,0,0,0,0,1,S0|cap=0.3|band=0.01
2019-01-14,1,0,0,0,0,0,0,1,S0|cap=0.3|band=0.01
2019-01-15,1,0,0,0,0,0,0,1,S0|cap=0.3|band=0.01
2019-01-16,1,0,0,0,0,0,0,1,S0|cap=0.3|band=0.01
2019-01-17,1,0,0,0,0,0,0,1,S0|cap=0.3|band=0.01
2019-01-18,1,0,0,0,0,0,0,1,S0|cap=0.3|band=0.01
2019-01-21,1,0,0,0,0,0,0,1,S0|cap=0.3|band=0.01
2019-01-22,1,0,0,0,0,0,0,1,S0|cap=0.3|band=0.01
2019-01-23,1,0,0,0,0,0,0,1,S0|cap=0.3|band=0.01
2019-01-24,1,0,0,0,0,0,0,1,S0|cap=0.3|band=0.01
2019-01-25,1,0,0,0,0,0,0,1,S0|cap=0.3|band=0.01
2019-01-28,1,0,0,0,0,0,0,1,S0|cap=0.3|band=0.01
2019-01-29,1,0,0,0,0,0,0,1,S0|cap=0.3|band=0.01
2019-01-30,1,0,0,0,0,0,0,1,S0|cap=0.3|band=0.01
2019-01-31,1,0,0,0,0,0,0,1,S0|cap=0.3|band=0.01
2019-02-01,1,0,0,0,0,0,0,1,S0|cap=0.3|band=0.01
2019-02-04,1,0,0,0,0,0,0,1,S0|cap=0.3|band=0.01
2019-02-05,1,0,0,0,0,0,0,1,S0|cap=0.3|band=0.01
2019-02-06,1,0,0,0,0,0,0,1,S0|cap=0.3|band=0.01
2019-02-07,1,0,0,0,0,0,0,1,S0|cap=0.3|band=0.01
2019-02-08,1,0,0,0,0,0,0,1,S0|cap=0.3|band=0.01
2019-02-11,1,0,0,0,0,0,0,1,S0|cap=0.3|band=0.01
2019-02-12,1,0,0,0,0,0,0,1,S0|cap=0.3|band=0.01
2019-02-13,1,0,0,0,0,0,0,1,S0|cap=0.3|band=0.01
2019-02-14,1,0,0,0,0,0,0,1,S0|cap=0.3|band=0.01
2019-02-15,1,0,0,0,0,0,0,1,S0|cap=0.3|band=0.01
2019-02-18,1,0,0,0,0,0,0,1,S0|cap=0.3|band=0.01
2019-02-19,1,0,0,0,0,0,0,1,S0|cap=0.3|band=0.01
2019-02-20,1,0,0,0,0,0,0,1,S0|cap=0.3|band=0.01
2019-02-21,1,0,0,0,0,0,0,1,S0|cap=0.3|band=0.01
2019-02-22,1,0,0,0,0,0,0,1,S0|cap=0.3|band=0.01
2019-02-25,1,0,0,0,0,0,0,1,S0|cap=0.3|band=0.01
2019-02-26,1,0,0,0,0,0,0,1,S0|cap=0.3|band=0.01
2019-02-27,1,0,0,0,0,0,0,1,S0|cap=0.3|band=0.01
2019-02-28,1,0,0,0,0,0,0,1,S0|cap=0.3|band=0.01
2019-03-01,1,0,0,0,0,0,0,1,S0|cap=0.3|band=0.01
2019-03-05,1,0,0,0,0,0,0,1,S0|cap=0.3|band=0.01
2019-03-06,1,0,0,0,0,0,0,1,S0|cap=0.3|band=0.01
2019-03-07,1,0,0,0,0,0,0,1,S0|cap=0.3|band=0.01
2019-03-08,1,0,0,0,0,0,0,1,S0|cap=0.3|band=0.01
2019-03-11,1,0,0,0,0,0,0,1,S0|cap=0.3|band=0.01
2019-03-12,1,0,0,0,0,0,0,1,S0|cap=0.3|band=0.01
2019-03-13,1,0,0,0,0,0,0,1,S0|cap=0.3|band=0.01
2019-03-14,1,0,0,0,0,0,0,1,S0|cap=0.3|band=0.01
2019-03-15,1,0,0,0,0,0,0,1,S0|cap=0.3|band=0.01
2019-03-18,1,0,0,0,0,0,0,1,S0|cap=0.3|band=0.01
2019-03-19,1,0,0,0,0,0,0,1,S0|cap=0.3|band=0.01
2019-03-20,1,0,0,0,0,0,0,1,S0|cap=0.3|band=0.01
2019-03-22,1,0,0,0,0,0,0,1,S0|cap=0.3|band=0.01
2019-03-25,1,0,0,0,0,0,0,1,S0|cap=0.3|band=0.01
2019-03-26,1,0,0,0,0,0,0,1,S0|cap=0.3|band=0.01
2019-03-27,1,0,0,0,0,0,0,1,S0|cap=0.3|band=0.01
2019-03-28,1,0,0,0,0,0,0,1,S0|cap=0.3|band=0.01
2019-03-29,1,0,0,0,0,0,0,1,S0|cap=0.3|band=0.01
2019-04-01,1,0,0,0,0,0,0,1,S0|cap=0.3|band=0.01
2019-04-02,1,0,0,0,0,0,0,1,S0|cap=0.3|band=0.01
2019-04-03,1,0,0,0,0,0,0,1,S0|cap=0.3|band=0.01
2019-04-04,1,0,0,0,0,0,0,1,S0|cap=0.3|band=0.01
2019-04-05,1,0,0,0,0,0,0,1,S0|cap=0.3|band=0.01
2019-04-08,1,0,0,0,0,0,0,1,S0|cap=0.3|band=0.01
2019-04-09,1,0,0,0,0,0,0,1,S0|cap=0.3|band=0.01
2019-04-10,1,0,0,0,0,0,0,1,S0|cap=0.3|band=0.01
2019-04-11,1,0,0,0,0,0,0,1,S0|cap=0.3|band=0.01
2019-04-12,1,0,0,0,0,0,0,1,S0|cap=0.3|band=0.01
2019-04-15,1,0,0,0,0,0,0,1,S0|cap=0.3|band=0.01
2019-04-16,1,0,0,0,0,0,0,1,S0|cap=0.3|band=0.01
2019-04-18,1,0,0,0,0,0,0,1,S0|cap=0.3|band=0.01
2019-04-22,1,0,0,0,0,0,0,1,S0|cap=0.3|band=0.01
2019-04-23,1,0,0,0,0,0,0,1,S0|cap=0.3|band=0.01
2019-04-24,1,0,0,0,0,0,0,1,S0|cap=0.3|band=0.01
2019-04-25,1,0,0,0,0,0,0,1,S0|cap=0.3|band=0.01
2019-04-26,1,0,0,0,0,0,0,1,S0|cap=0.3|band=0.01
2019-04-30,1,0,0,0,0,0,0,1,S0|cap=0.3|band=0.01
2019-05-02,1,0,0,0,0,0,0,1,S0|cap=0.3|band=0.01
2019-05-03,1,0,0,0,0,0,0,1,S0|cap=0.3|band=0.01
2019-05-06,1,0,0,0,0,0,0,1,S0|cap=0.3|band=0.01
2019-05-07,1,0,0,0,0,0,0,1,S0|cap=0.3|band=0.01
2019-05-08,1,0,0,0,0,0,0,1,S0|cap=0.3|band=0.01
2019-05-09,1,0,0,0,0,0,0,1,S0|cap=0.3|band=0.01
2019-05-10,1,0,0,0,0,0,0,1,S0|cap=0.3|band=0.01
2019-05-13,1,0,0,0,0,0,0,1,S0|cap=0.3|band=0.01
2019-05-14,1,0,0,0,0,0,0,1,S0|cap=0.3|band=0.01
2019-05-15,1,0,0,0,0,0,0,1,S0|cap=0.3|band=0.01
2019-05-16,1,0,0,0,0,0,0,1,S0|cap=0.3|band=0.01
2019-05-17,1,0,0,0,0,0,0,1,S0|cap=0.3|band=0.01
2019-05-20,1,0,0,0,0,0,0,1,S0|cap=0.3|band=0.01
2019-05-21,1,0,0,0,0,0,0,1,S0|cap=0.3|band=0.01
2019-05-22,1,0,0,0,0,0,0,1,S0|cap=0.3|band=0.01
2019-05-23,1,0,0,0,0,0,0,1,S0|cap=0.3|band=0.01
2019-05-24,1,0,0,0,0,0,0,1,S0|cap=0.3|band=0.01
2019-05-27,1,0,0,0,0,0,0,1,S0|cap=0.3|band=0.01
2019-05-28,1,0,0,0,0,0,0,1,S0|cap=0.3|band=0.01
2019-05-29,1,0,0,0,0,0,0,1,S0|cap=0.3|band=0.01
2019-05-30,1,0,0,0,0,0,0,1,S0|cap=0.3|band=0.01
2019-05-31,1,0,0,0,0,0,0,1,S0|cap=0.3|band=0.01
2019-06-03,1,0,0,0,0,0,0,1,S0|cap=0.3|band=0.01
2019-06-04,1,0,0,0,0,0,0,1,S0|cap=0.3|band=0.01
2019-06-06,1,0,0,0,0,0,0,1,S0|cap=0.3|band=0.01
2019-06-07,1,0,0,0,0,0,0,1,S0|cap=0.3|band=0.01
2019-06-10,1,0,0,0,0,0,0,1,S0|cap=0.3|band=0.01
2019-06-11,1,0,0,0,0,0,0,1,S0|cap=0.3|band=0.01
2019-06-12,1,0,0,0,0,0,0,1,S0|cap=0.3|band=0.01
2019-06-13,1,0,0,0,0,0,0,1,S0|cap=0.3|band=0.01
2019-06-14,1,0,0,0,0,0,0,1,S0|cap=0.3|band=0.01
2019-06-17,1,0,0,0,0,0,0,1,S0|cap=0.3|band=0.01
2019-06-18,1,0,0,0,0,0,0,1,S0|cap=0.3|band=0.01
2019-06-19,1,0,0,0,0,0,0,1,S0|cap=0.3|band=0.01
2019-06-20,1,0,0,0,0,0,0,1,S0|cap=0.3|band=0.01
2019-06-21,1,0,0,0,0,0,0,1,S0|cap=0.3|band=0.01
2019-06-24,1,0,0,0,0,0,0,1,S0|cap=0.3|band=0.01
2019-06-25,1,0,0,0,0,0,0,1,S0|cap=0.3|band=0.01
2019-06-26,1,0,0,0,0,0,0,1,S0|cap=0.3|band=0.01
2019-06-27,1,0,0,0,0,0,0,1,S0|cap=0.3|band=0.01
2019-06-28,1,0,0,0,0,0,0,1,S0|cap=0.3|band=0.01
2019-07-01,1,0,0,0,0,0,0,1,S0|cap=0.3|band=0.01
2019-07-02,1,0,0,0,0,0,0,1,S0|cap=0.3|band=0.01
2019-07-03,1,0,0,0,0,0,0,1,S0|cap=0.3|band=0.01
2019-07-04,1,0,0,0,0,0,0,1,S0|cap=0.3|band=0.01
2019-07-05,1,0,0,0,0,0,0,1,S0|cap=0.3|band=0.01
2019-07-08,1,0,0,0,0,0,0,1,S0|cap=0.3|band=0.01
2019-07-09,1,0,0,0,0,0,0,1,S0|cap=0.3|band=0.01
2019-07-10,1,0,0,0,0,0,0,1,S0|cap=0.3|band=0.01
2019-07-11,1,0,0,0,0,0,0,1,S0|cap=0.3|band=0.01
2019-07-12,1,0,0,0,0,0,0,1,S0|cap=0.3|band=0.01
2019-07-15,1,0,0,0,0,0,0,1,S0|cap=0.3|band=0.01
2019-07-16,1,0,0,0,0,0,0,1,S0|cap=0.3|band=0.01
2019-07-17,1,0,0,0,0,0,0,1,S0|cap=0.3|band=0.01
2019-07-18,1,0,0,0,0,0,0,1,S0|cap=0.3|band=0.01
2019-07-19,1,0,0,0,0,0,0,1,S0|cap=0.3|band=0.01
2019-07-22,1,0,0,0,0,0,0,1,S0|cap=0.3|band=0.01
2019-07-23,1,0,0,0,0,0,0,1,S0|cap=0.3|band=0.01
2019-07-24,1,0,0,0,0,0,0,1,S0|cap=0.3|band=0.01
2019-07-25,1,0,0,0,0,0,0,1,S0|cap=0.3|band=0.01
2019-07-26,1,0,0,0,0,0,0,1,S0|cap=0.3|band=0.01
2019-07-29,1,0,0,0,0,0,0,1,S0|cap=0.3|band=0.01
2019-07-30,1,0,0,0,0,0,0,1,S0|cap=0.3|band=0.01
2019-07-31,1,0,0,0,0,0,0,1,S0|cap=0.3|band=0.01
2019-08-01,1,0,0,0,0,0,0,1,S0|cap=0.3|band=0.01
2019-08-02,1,0,0,0,0,0,0,1,S0|cap=0.3|band=0.01
2019-08-05,1,0,0,0,0,0,0,1,S0|cap=0.3|band=0.01
2019-08-06,1,0,0,0,0,0,0,1,S0|cap=0.3|band=0.01
2019-08-07,1,0,0,0,0,0,0,1,S0|cap=0.3|band=0.01
2019-08-08,1,0,0,0,0,0,0,1,S0|cap=0.3|band=0.01
2019-08-09,1,0,0,0,0,0,0,1,S0|cap=0.3|band=0.01
2019-08-13,1,0,0,0,0,0,0,1,S0|cap=0.3|band=0.01
2019-08-14,1,0,0,0,0,0,0,1,S0|cap=0.3|band=0.01
2019-08-16,1,0,0,0,0,0,0,1,S0|cap=0.3|band=0.01
2019-08-19,1,0,0,0,0,0,0,1,S0|cap=0.3|band=0.01
2019-08-20,1,0,0,0,0,0,0,1,S0|cap=0.3|band=0.01
2019-08-21,1,0,0,0,0,0,0,1,S0|cap=0.3|band=0.01
2019-08-22,1,0,0,0,0,0,0,1,S0|cap=0.3|band=0.01
2019-08-23,1,0,0,0,0,0,0,1,S0|cap=0.3|band=0.01
2019-08-26,1,0,0,0,0,0,0,1,S0|cap=0.3|band=0.01
2019-08-27,1,0,0,0,0,0,0,1,S0|cap=0.3|band=0.01
2019-08-28,1,0,0,0,0,0,0,1,S0|cap=0.3|band=0.01
2019-08-29,1,0,0,0,0,0,0,1,S0|cap=0.3|band=0.01
2019-08-30,1,0,0,0,0,0,0,1,S0|cap=0.3|band=0.01
2019-09-03,1,0,0,0,0,0,0,1,S0|cap=0.3|band=0.01
2019-09-04,1,0,0,0,0,0,0,1,S0|cap=0.3|band=0.01
2019-09-05,1,0,0,0,0,0,0,1,S0|cap=0.3|band=0.01
2019-09-06,1,0,0,0,0,0,0,1,S0|cap=0.3|band=0.01
2019-09-09,1,0,0,0,0,0,0,1,S0|cap=0.3|band=0.01
2019-09-11,1,0,0,0,0,0,0,1,S0|cap=0.3|band=0.01
2019-09-12,1,0,0,0,0,0,0,1,S0|cap=0.3|band=0.01
2019-09-13,1,0,0,0,0,0,0,1,S0|cap=0.3|band=0.01
2019-09-16,1,0,0,0,0,0,0,1,S0|cap=0.3|band=0.01
2019-09-17,1,0,0,0,0,0,0,1,S0|cap=0.3|band=0.01
2019-09-18,1,0,0,0,0,0,0,1,S0|cap=0.3|band=0.01
2019-09-19,1,0,0,0,0,0,0,1,S0|cap=0.3|band=0.01
2019-09-20,1,0,0,0,0,0,0,1,S0|cap=0.3|band=0.01
2019-09-23,1,0,0,0,0,0,0,1,S0|cap=0.3|band=0.01
2019-09-24,1,0,0,0,0,0,0,1,S0|cap=0.3|band=0.01
2019-09-25,1,0,0,0,0,0,0,1,S0|cap=0.3|band=0.01
2019-09-26,1,0,0,0,0,0,0,1,S0|cap=0.3|band=0.01
2019-09-27,1,0,0,0,0,0,0,1,S0|cap=0.3|band=0.01
2019-09-30,1,0,0,0,0,0,0,1,S0|cap=0.3|band=0.01
2019-10-01,1,0,0,0,0,0,0,1,S0|cap=0.3|band=0.01
2019-10-03,1,0,0,0,0,0,0,1,S0|cap=0.3|band=0.01
2019-10-04,1,0,0,0,0,0,0,1,S0|cap=0.3|band=0.01
2019-10-07,1,0,0,0,0,0,0,1,S0|cap=0.3|band=0.01
2019-10-09,1,0,0,0,0,0,0,1,S0|cap=0.3|band=0.01
2019-10-10,1,0,0,0,0,0,0,1,S0|cap=0.3|band=0.01
2019-10-11,1,0,0,0,0,0,0,1,S0|cap=0.3|band=0.01
2019-10-14,1,0,0,0,0,0,0,1,S0|cap=0.3|band=0.01
2019-10-15,1,0,0,0,0,0,0,1,S0|cap=0.3|band=0.01
2019-10-16,1,0,0,0,0,0,0,1,S0|cap=0.3|band=0.01
2019-10-17,1,0,0,0,0,0,0,1,S0|cap=0.3|band=0.01
2019-10-18,1,0,0,0,0,0,0,1,S0|cap=0.3|band=0.01
2019-10-22,1,0,0,0,0,0,0,1,S0|cap=0.3|band=0.01
2019-10-23,1,0,0,0,0,0,0,1,S0|cap=0.3|band=0.01
2019-10-24,1,0,0,0,0,0,0,1,S0|cap=0.3|band=0.01
2019-10-25,1,0,0,0,0,0,0,1,S0|cap=0.3|band=0.01
2019-10-27,1,0,0,0,0,0,0,1,S0|cap=0.3|band=0.01
2019-10-29,1,0,0,0,0,0,0,1,S0|cap=0.3|band=0.01
2019-10-30,1,0,0,0,0,0,0,1,S0|cap=0.3|band=0.01
2019-10-31,1,0,0,0,0,0,0,1,S0|cap=0.3|band=0.01
2019-11-01,1,0,0,0,0,0,0,1,S0|cap=0.3|band=0.01
2019-11-04,1,0,0,0,0,0,0,1,S0|cap=0.3|band=0.01
2019-11-05,1,0,0,0,0,0,0,1,S0|cap=0.3|band=0.01
2019-11-06,1,0,0,0,0,0,0,1,S0|cap=0.3|band=0.01
2019-11-07,1,0,0,0,0,0,0,1,S0|cap=0.3|band=0.01
2019-11-08,1,0,0,0,0,0,0,1,S0|cap=0.3|band=0.01
2019-11-11,1,0,0,0,0,0,0,1,S0|cap=0.3|band=0.01
2019-11-13,1,0,0,0,0,0,0,1,S0|cap=0.3|band=0.01
2019-11-14,1,0,0,0,0,0,0,1,S0|cap=0.3|band=0.01
2019-11-15,1,0,0,0,0,0,0,1,S0|cap=0.3|band=0.01
2019-11-18,1,0,0,0,0,0,0,1,S0|cap=0.3|band=0.01
2019-11-19,1,0,0,0,0,0,0,1,S0|cap=0.3|band=0.01
2019-11-20,1,0,0,0,0,0,0,1,S0|cap=0.3|band=0.01
2019-11-21,1,0,0,0,0,0,0,1,S0|cap=0.3|band=0.01
2019-11-22,1,0,0,0,0,0,0,1,S0|cap=0.3|band=0.01
2019-11-25,1,0,0,0,0,0,0,1,S0|cap=0.3|band=0.01
2019-11-26,1,0,0,0,0,0,0,1,S0|cap=0.3|band=0.01
2019-11-27,1,0,0,0,0,0,0,1,S0|cap=0.3|band=0.01
2019-11-28,1,0,0,0,0,0,0,1,S0|cap=0.3|band=0.01
2019-11-29,1,0,0,0,0,0,0,1,S0|cap=0.3|band=0.01
2019-12-02,1,0,0,0,0,0,0,1,S0|cap=0.3|band=0.01
2019-12-03,1,0,0,0,0,0,0,1,S0|cap=0.3|band=0.01
2019-12-04,1,0,0,0,0,0,0,1,S0|cap=0.3|band=0.01
2019-12-05,1,0,0,0,0,0,0,1,S0|cap=0.3|band=0.01
2019-12-06,1,0,0,0,0,0,0,1,S0|cap=0.3|band=0.01
2019-12-09,1,0,0,0,0,0,0,1,S0|cap=0.3|band=0.01
2019-12-10,1,0,0,0,0,0,0,1,S0|cap=0.3|band=0.01
2019-12-11,1,0,0,0,0,0,0,1,S0|cap=0.3|band=0.01
2019-12-12,1,0,0,0,0,0,0,1,S0|cap=0.3|band=0.01
2019-12-13,1,0,0,0,0,0,0,1,S0|cap=0.3|band=0.01
2019-12-16,1,0,0,0,0,0,0,1,S0|cap=0.3|band=0.01
2019-12-17,1,0,0,0,0,0,0,1,S0|cap=0.3|band=0.01
2019-12-18,1,0,0,0,0,0,0,1,S0|cap=0.3|band=0.01
2019-12-19,1,0,0,0,0,0,0,1,S0|cap=0.3|band=0.01
2019-12-20,1,0,0,0,0,0,0,1,S0|cap=0.3|band=0.01
2019-12-23,1,0,0,0,0,0,0,1,S0|cap=0.3|band=0.01
2019-12-24,1,0,0,0,0,0,0,1,S0|cap=0.3|band=0.01
2019-12-26,1,0,0,0,0,0,0,1,S0|cap=0.3|band=0.01
2019-12-27,1,0,0,0,0,0,0,1,S0|cap=0.3|band=0.01
2019-12-30,1,0,0,0,0,0,0,1,S0|cap=0.3|band=0.01
2019-12-31,1,0,0,0,0,0,0,1,S0|cap=0.3|band=0.01
2020-01-01,1,0,0,0,0,0,0,1,S0|cap=0.3|band=0.01
2020-01-02,1,0,0,0,0,0,0,1,S0|cap=0.3|band=0.01
2020-01-03,1,0,0,0,0,0,0,1,S0|cap=0.3|band=0.01
2020-01-06,1,0,0,0,0,0,0,1,S0|cap=0.3|band=0.01
2020-01-07,1,0,0,0,0,0,0,1,S0|cap=0.3|band=0.01
2020-01-08,1,0,0,0,0,0,0,1,S0|cap=0.3|band=0.01
2020-01-09,1,0,0,0,0,0,0,1,S0|cap=0.3|band=0.01
2020-01-10,1,0,0,0,0,0,0,1,S0|cap=0.3|band=0.01
2020-01-13,1,0,0,0,0,0,0,1,S0|cap=0.3|band=0.01
2020-01-14,1,0,0,0,0,0,0,1,S0|cap=0.3|band=0.01
2020-01-15,1,0,0,0,0,0,0,1,S0|cap=0.3|band=0.01
2020-01-16,1,0,0,0,0,0,0,1,S0|cap=0.3|band=0.01
2020-01-17,1,0,0,0,0,0,0,1,S0|cap=0.3|band=0.01
2020-01-20,1,0,0,0,0,0,0,1,S0|cap=0.3|band=0.01
2020-01-21,1,0,0,0,0,0,0,1,S0|cap=0.3|band=0.01
2020-01-22,1,0,0,0,0,0,0,1,S0|cap=0.3|band=0.01
2020-01-23,1,0,0,0,0,0,0,1,S0|cap=0.3|band=0.01
2020-01-24,1,0,0,0,0,0,0,1,S0|cap=0.3|band=0.01
2020-01-27,1,0,0,0,0,0,0,1,S0|cap=0.3|band=0.01
2020-01-28,1,0,0,0,0,0,0,1,S0|cap=0.3|band=0.01
2020-01-29,1,0,0,0,0,0,0,1,S0|cap=0.3|band=0.01
2020-01-30,1,0,0,0,0,0,0,1,S0|cap=0.3|band=0.01
2020-01-31,1,0,0,0,0,0,0,1,S0|cap=0.3|band=0.01
2020-02-01,1,0,0,0,0,0,0,1,S0|cap=0.3|band=0.01
2020-02-03,1,0,0,0,0,0,0,1,S0|cap=0.3|band=0.01
2020-02-04,1,0,0,0,0,0,0,1,S0|cap=0.3|band=0.01
2020-02-05,1,0,0,0,0,0,0,1,S0|cap=0.3|band=0.01
2020-02-06,1,0,0,0,0,0,0,1,S0|cap=0.3|band=0.01
2020-02-07,1,0,0,0,0,0,0,1,S0|cap=0.3|band=0.01
2020-02-10,1,0,0,0,0,0,0,1,S0|cap=0.3|band=0.01
2020-02-11,1,0,0,0,0,0,0,1,S0|cap=0.3|band=0.01
2020-02-12,1,0,0,0,0,0,0,1,S0|cap=0.3|band=0.01
2020-02-13,1,0,0,0,0,0,0,1,S0|cap=0.3|band=0.01
2020-02-14,1,0,0,0,0,0,0,1,S0|cap=0.3|band=0.01
2020-02-17,1,0,0,0,0,0,0,1,S0|cap=0.3|band=0.01
2020-02-18,1,0,0,0,0,0,0,1,S0|cap=0.3|band=0.01
2020-02-19,1,0,0,0,0,0,0,1,S0|cap=0.3|band=0.01
2020-02-20,1,0,0,0,0,0,0,1,S0|cap=0.3|band=0.01
2020-02-24,1,0,0,0,0,0,0,1,S0|cap=0.3|band=0.01
2020-02-25,1,0,0,0,0,0,0,1,S0|cap=0.3|band=0.01
2020-02-26,1,0,0,0,0,0,0,1,S0|cap=0.3|band=0.01
2020-02-27,1,0,0,0,0,0,0,1,S0|cap=0.3|band=0.01
2020-02-28,1,0,0,0,0,0,0,1,S0|cap=0.3|band=0.01
2020-03-02,1,0,0,0,0,0,0,1,S0|cap=0.3|band=0.01
2020-03-03,1,0,0,0,0,0,0,1,S0|cap=0.3|band=0.01
2020-03-04,1,0,0,0,0,0,0,1,S0|cap=0.3|band=0.01
2020-03-05,1,0,0,0,0,0,0,1,S0|cap=0.3|band=0.01
2020-03-06,1,0,0,0,0,0,0,1,S0|cap=0.3|band=0.01
2020-03-09,1,0,0,0,0,0,0,1,S0|cap=0.3|band=0.01
2020-03-11,0.9900814793,0,0,0,0,0,0.009918520723,0.9900814793,S0|cap=0.3|band=0.01
2020-03-12,0.4627916356,0,0,0,0,0,0.5372083644,0.4627916356,S0|cap=0.3|band=0.01
2020-03-13,0.4627916356,0,0,0,0,0,0.5372083644,0.4627916356,S0|cap=0.3|band=0.01
2020-03-16,0.4627916356,0,0,0,0,0,0.5372083644,0.4627916356,S0|cap=0.3|band=0.01
2020-03-17,0.3789510909,0,0,0,0,0,0.6210489091,0.3789510909,S0|cap=0.3|band=0.01
2020-03-18,0.2804399095,0,0,0,0,0,0.7195600905,0.2804399095,S0|cap=0.3|band=0.01
2020-03-19,0.09712483089,0,0,0,0,0,0.9028751691,0.1079164788,S0|cap=0.3|band=0.01
2020-03-20,0.09712483089,0,0,0,0,0,0.9028751691,0.1079164788,S0|cap=0.3|band=0.01
2020-03-23,0.06389624856,0,0,0,0,0,0.9361037514,0.08519499808,S0|cap=0.3|band=0.01
2020-03-24,0.06389624856,0,0,0,0,0,0.9361037514,0.08519499808,S0|cap=0.3|band=0.01
2020-03-25,0.06389624856,0,0,0,0,0,0.9361037514,0.08519499808,S0|cap=0.3|band=0.01
2020-03-26,0.06389624856,0,0,0,0,0,0.9361037514,0.08519499808,S0|cap=0.3|band=0.01
2020-03-27,0.06389624856,0,0,0,0,0,0.9361037514,0.08519499808,S0|cap=0.3|band=0.01
2020-03-30,0.06389624856,0,0,0,0,0,0.9361037514,0.08519499808,S0|cap=0.3|band=0.01
2020-03-31,0.06389624856,0,0,0,0,0,0.9361037514,0.08519499808,S0|cap=0.3|band=0.01
2020-04-01,0.06389624856,0,0,0,0,0,0.9361037514,0.08519499808,S0|cap=0.3|band=0.01
2020-04-03,0.06389624856,0,0,0,0,0,0.9361037514,0.08519499808,S0|cap=0.3|band=0.01
2020-04-07,0.06389624856,0,0,0,0,0,0.9361037514,0.08519499808,S0|cap=0.3|band=0.01
2020-04-08,0.06389624856,0,0,0,0,0,0.9361037514,0.08519499808,S0|cap=0.3|band=0.01
2020-04-09,0.06389624856,0,0,0,0,0,0.9361037514,0.08519499808,S0|cap=0.3|band=0.01
2020-04-13,0.06389624856,0,0,0,0,0,0.9361037514,0.08519499808,S0|cap=0.3|band=0.01
2020-04-15,0.06389624856,0,0,0,0,0,0.9361037514,0.08519499808,S0|cap=0.3|band=0.01
2020-04-16,0.06389624856,0,0,0,0,0,0.9361037514,0.08519499808,S0|cap=0.3|band=0.01
2020-04-17,0.06389624856,0,0,0,0,0,0.9361037514,0.08519499808,S0|cap=0.3|band=0.01
2020-04-20,0.06389624856,0,0,0,0,0,0.9361037514,0.08519499808,S0|cap=0.3|band=0.01
2020-04-21,0.06389624856,0,0,0,0,0,0.9361037514,0.08519499808,S0|cap=0.3|band=0.01
2020-04-22,0.06389624856,0,0,0,0,0,0.9361037514,0.08519499808,S0|cap=0.3|band=0.01
2020-04-23,0.06389624856,0,0,0,0,0,0.9361037514,0.08519499808,S0|cap=0.3|band=0.01
2020-04-24,0.06389624856,0,0,0,0,0,0.9361037514,0.08519499808,S0|cap=0.3|band=0.01
2020-04-27,0.06389624856,0,0,0,0,0,0.9361037514,0.08519499808,S0|cap=0.3|band=0.01
2020-04-28,0.06389624856,0,0,0,0,0,0.9361037514,0.08519499808,S0|cap=0.3|band=0.01
2020-04-29,0.06389624856,0,0,0,0,0,0.9361037514,0.08519499808,S0|cap=0.3|band=0.01
2020-04-30,0.06389624856,0,0,0,0,0,0.9361037514,0.08519499808,S0|cap=0.3|band=0.01
2020-05-04,0.06389624856,0,0,0,0,0,0.9361037514,0.08519499808,S0|cap=0.3|band=0.01
2020-05-05,0.06389624856,0,0,0,0,0,0.9361037514,0.08519499808,S0|cap=0.3|band=0.01
2020-05-06,0.06389624856,0,0,0,0,0,0.9361037514,0.08519499808,S0|cap=0.3|band=0.01
2020-05-07,0.06389624856,0,0,0,0,0,0.9361037514,0.08519499808,S0|cap=0.3|band=0.01
2020-05-08,0.06389624856,0,0,0,0,0,0.9361037514,0.08519499808,S0|cap=0.3|band=0.01
2020-05-11,0.06389624856,0,0,0,0,0,0.9361037514,0.08519499808,S0|cap=0.3|band=0.01
2020-05-12,0.06389624856,0,0,0,0,0,0.9361037514,0.08519499808,S0|cap=0.3|band=0.01
2020-05-13,0.06389624856,0,0,0,0,0,0.9361037514,0.08519499808,S0|cap=0.3|band=0.01
2020-05-14,0.06389624856,0,0,0,0,0,0.9361037514,0.08519499808,S0|cap=0.3|band=0.01
2020-05-15,0.06389624856,0,0,0,0,0,0.9361037514,0.08519499808,S0|cap=0.3|band=0.01
2020-05-18,0.06389624856,0,0,0,0,0,0.9361037514,0.08519499808,S0|cap=0.3|band=0.01
2020-05-19,0.06389624856,0,0,0,0,0,0.9361037514,0.08519499808,S0|cap=0.3|band=0.01
2020-05-20,0.06389624856,0,0,0,0,0,0.9361037514,0.08519499808,S0|cap=0.3|band=0.01
2020-05-21,0.06389624856,0,0,0,0,0,0.9361037514,0.08519499808,S0|cap=0.3|band=0.01
2020-05-22,0.06389624856,0,0,0,0,0,0.9361037514,0.08519499808,S0|cap=0.3|band=0.01
2020-05-26,0.06389624856,0,0,0,0,0,0.9361037514,0.08519499808,S0|cap=0.3|band=0.01
2020-05-27,0.06389624856,0,0,0,0,0,0.9361037514,0.08519499808,S0|cap=0.3|band=0.01
2020-05-28,0.06389624856,0,0,0,0,0,0.9361037514,0.08519499808,S0|cap=0.3|band=0.01
2020-05-29,0.06389624856,0,0,0,0,0,0.9361037514,0.08519499808,S0|cap=0.3|band=0.01
2020-06-01,0.06389624856,0,0,0,0,0,0.9361037514,0.08519499808,S0|cap=0.3|band=0.01
2020-06-02,0.06389624856,0,0,0,0,0,0.9361037514,0.08519499808,S0|cap=0.3|band=0.01
2020-06-03,0.06389624856,0,0,0,0,0,0.9361037514,0.08519499808,S0|cap=0.3|band=0.01
2020-06-04,0.06389624856,0,0,0,0,0,0.9361037514,0.08519499808,S0|cap=0.3|band=0.01
2020-06-05,0.06389624856,0,0,0,0,0,0.9361037514,0.08519499808,S0|cap=0.3|band=0.01
2020-06-08,0.06389624856,0,0,0,0,0,0.9361037514,0.08519499808,S0|cap=0.3|band=0.01
2020-06-09,0.06389624856,0,0,0,0,0,0.9361037514,0.08519499808,S0|cap=0.3|band=0.01
2020-06-10,0.06389624856,0,0,0,0,0,0.9361037514,0.08519499808,S0|cap=0.3|band=0.01
2020-06-11,0.06389624856,0,0,0,0,0,0.9361037514,0.08519499808,S0|cap=0.3|band=0.01
2020-06-12,0.06389624856,0,0,0,0,0,0.9361037514,0.08519499808,S0|cap=0.3|band=0.01
2020-06-15,0.06389624856,0,0,0,0,0,0.9361037514,0.08519499808,S0|cap=0.3|band=0.01
2020-06-16,0.06389624856,0,0,0,0,0,0.9361037514,0.08519499808,S0|cap=0.3|band=0.01
2020-06-17,0.06389624856,0,0,0,0,0,0.9361037514,0.08519499808,S0|cap=0.3|band=0.01
2020-06-18,0.06389624856,0,0,0,0,0,0.9361037514,0.08519499808,S0|cap=0.3|band=0.01
2020-06-19,0.06389624856,0,0,0,0,0,0.9361037514,0.08519499808,S0|cap=0.3|band=0.01
2020-06-22,0.06389624856,0,0,0,0,0,0.9361037514,0.08519499808,S0|cap=0.3|band=0.01
2020-06-23,0.2289260595,0,0,0,0,0,0.7710739405,0.305234746,S0|cap=0.3|band=0.01
2020-06-24,0.2149975295,0,0,0,0,0,0.7850024705,0.2866633726,S0|cap=0.3|band=0.01
2020-06-25,0.21082606,0,0,0,0,0,0.78917394,0.2811014134,S0|cap=0.3|band=0.01
2020-06-26,0.21082606,0,0,0,0,0,0.78917394,0.2811014134,S0|cap=0.3|band=0.01
2020-06-29,0.21082606,0,0,0,0,0,0.78917394,0.2811014134,S0|cap=0.3|band=0.01
2020-06-30,0.21082606,0,0,0,0,0,0.78917394,0.2811014134,S0|cap=0.3|band=0.01
2020-07-01,0.21082606,0,0,0,0,0,0.78917394,0.2811014134,S0|cap=0.3|band=0.01
2020-07-02,0.21082606,0,0,0,0,0,0.78917394,0.2811014134,S0|cap=0.3|band=0.01
2020-07-03,0.21082606,0,0,0,0,0,0.78917394,0.2811014134,S0|cap=0.3|band=0.01
2020-07-06,0.21082606,0,0,0,0,0,0.78917394,0.2811014134,S0|cap=0.3|band=0.01
2020-07-07,0.21082606,0,0,0,0,0,0.78917394,0.2811014134,S0|cap=0.3|band=0.01
2020-07-08,0.21082606,0,0,0,0,0,0.78917394,0.2811014134,S0|cap=0.3|band=0.01
2020-07-09,0.21082606,0,0,0,0,0,0.78917394,0.2811014134,S0|cap=0.3|band=0.01
2020-07-10,0.21082606,0,0,0,0,0,0.78917394,0.2811014134,S0|cap=0.3|band=0.01
2020-07-13,0.21082606,0,0,0,0,0,0.78917394,0.2811014134,S0|cap=0.3|band=0.01
2020-07-14,0.21082606,0,0,0,0,0,0.78917394,0.2811014134,S0|cap=0.3|band=0.01
2020-07-15,0.21082606,0,0,0,0,0,0.78917394,0.2811014134,S0|cap=0.3|band=0.01
2020-07-16,0.21082606,0,0,0,0,0,0.78917394,0.2811014134,S0|cap=0.3|band=0.01
2020-07-17,0.21082606,0,0,0,0,0,0.78917394,0.2811014134,S0|cap=0.3|band=0.01
2020-07-20,0.21082606,0,0,0,0,0,0.78917394,0.2811014134,S0|cap=0.3|band=0.01
2020-07-21,0.21082606,0,0,0,0,0,0.78917394,0.2811014134,S0|cap=0.3|band=0.01
2020-07-22,0.21082606,0,0,0,0,0,0.78917394,0.2811014134,S0|cap=0.3|band=0.01
2020-07-23,0.21082606,0,0,0,0,0,0.78917394,0.2811014134,S0|cap=0.3|band=0.01
2020-07-24,0.21082606,0,0,0,0,0,0.78917394,0.2811014134,S0|cap=0.3|band=0.01
2020-07-27,0.21082606,0,0,0,0,0,0.78917394,0.2811014134,S0|cap=0.3|band=0.01
2020-07-28,0.21082606,0,0,0,0,0,0.78917394,0.2811014134,S0|cap=0.3|band=0.01
2020-07-29,0.21082606,0,0,0,0,0,0.78917394,0.2811014134,S0|cap=0.3|band=0.01
2020-07-30,0.21082606,0,0,0,0,0,0.78917394,0.2811014134,S0|cap=0.3|band=0.01
2020-07-31,0.21082606,0,0,0,0,0,0.78917394,0.2811014134,S0|cap=0.3|band=0.01
2020-08-03,0.21082606,0,0,0,0,0,0.78917394,0.2811014134,S0|cap=0.3|band=0.01
2020-08-04,0.21082606,0,0,0,0,0,0.78917394,0.2811014134,S0|cap=0.3|band=0.01
2020-08-05,0.21082606,0,0,0,0,0,0.78917394,0.2811014134,S0|cap=0.3|band=0.01
2020-08-06,0.21082606,0,0,0,0,0,0.78917394,0.2811014134,S0|cap=0.3|band=0.01
2020-08-07,0.21082606,0,0,0,0,0,0.78917394,0.2811014134,S0|cap=0.3|band=0.01
2020-08-10,0.21082606,0,0,0,0,0,0.78917394,0.2811014134,S0|cap=0.3|band=0.01
2020-08-11,0.21082606,0,0,0,0,0,0.78917394,0.2811014134,S0|cap=0.3|band=0.01
2020-08-12,0.21082606,0,0,0,0,0,0.78917394,0.2811014134,S0|cap=0.3|band=0.01
2020-08-13,0.21082606,0,0,0,0,0,0.78917394,0.2811014134,S0|cap=0.3|band=0.01
2020-08-14,0.21082606,0,0,0,0,0,0.78917394,0.2811014134,S0|cap=0.3|band=0.01
2020-08-17,0.21082606,0,0,0,0,0,0.78917394,0.2811014134,S0|cap=0.3|band=0.01
2020-08-18,0.21082606,0,0,0,0,0,0.78917394,0.2811014134,S0|cap=0.3|band=0.01
2020-08-19,0.21082606,0,0,0,0,0,0.78917394,0.2811014134,S0|cap=0.3|band=0.01
2020-08-20,0.21082606,0,0,0,0,0,0.78917394,0.2811014134,S0|cap=0.3|band=0.01
2020-08-21,0.21082606,0,0,0,0,0,0.78917394,0.2811014134,S0|cap=0.3|band=0.01
2020-08-24,0.21082606,0,0,0,0,0,0.78917394,0.2811014134,S0|cap=0.3|band=0.01
2020-08-25,0.21082606,0,0,0,0,0,0.78917394,0.2811014134,S0|cap=0.3|band=0.01
2020-08-26,0.21082606,0,0,0,0,0,0.78917394,0.2811014134,S0|cap=0.3|band=0.01
2020-08-27,0.21082606,0,0,0,0,0,0.78917394,0.2811014134,S0|cap=0.3|band=0.01
2020-08-28,0.21082606,0,0,0,0,0,0.78917394,0.2811014134,S0|cap=0.3|band=0.01
2020-08-31,0.21082606,0,0,0,0,0,0.78917394,0.2811014134,S0|cap=0.3|band=0.01
2020-09-01,0.21082606,0,0,0,0,0,0.78917394,0.2811014134,S0|cap=0.3|band=0.01
2020-09-02,0.21082606,0,0,0,0,0,0.78917394,0.2811014134,S0|cap=0.3|band=0.01
2020-09-03,0.21082606,0,0,0,0,0,0.78917394,0.2811014134,S0|cap=0.3|band=0.01
2020-09-04,0.21082606,0,0,0,0,0,0.78917394,0.2811014134,S0|cap=0.3|band=0.01
2020-09-07,0.21082606,0,0,0,0,0,0.78917394,0.2811014134,S0|cap=0.3|band=0.01
2020-09-08,0.21082606,0,0,0,0,0,0.78917394,0.2811014134,S0|cap=0.3|band=0.01
2020-09-09,0.21082606,0,0,0,0,0,0.78917394,0.2811014134,S0|cap=0.3|band=0.01
2020-09-10,0.21082606,0,0,0,0,0,0.78917394,0.2811014134,S0|cap=0.3|band=0.01
2020-09-11,0.21082606,0,0,0,0,0,0.78917394,0.2811014134,S0|cap=0.3|band=0.01
2020-09-14,0.21082606,0,0,0,0,0,0.78917394,0.2811014134,S0|cap=0.3|band=0.01
2020-09-15,0.21082606,0,0,0,0,0,0.78917394,0.2811014134,S0|cap=0.3|band=0.01
2020-09-16,0.21082606,0,0,0,0,0,0.78917394,0.2811014134,S0|cap=0.3|band=0.01
2020-09-17,0.3631238476,0,0,0,0,0,0.6368761524,0.4841651302,S0|cap=0.3|band=0.01
2020-09-18,0.3610482286,0,0,0,0,0,0.6389517714,0.4813976382,S0|cap=0.3|band=0.01
2020-09-21,0.3220695792,0,0,0,0,0,0.6779304208,0.4294261057,S0|cap=0.3|band=0.01
2020-09-22,0.307777028,0,0,0,0,0,0.692222972,0.4103693707,S0|cap=0.3|band=0.01
2020-09-23,0.307777028,0,0,0,0,0,0.692222972,0.4103693707,S0|cap=0.3|band=0.01
2020-09-24,0.2685986064,0,0,0,0,0,0.7314013936,0.3581314752,S0|cap=0.3|band=0.01
2020-09-25,0.2685986064,0,0,0,0,0,0.7314013936,0.3581314752,S0|cap=0.3|band=0.01
2020-09-28,0.2685986064,0,0,0,0,0,0.7314013936,0.3581314752,S0|cap=0.3|band=0.01
2020-09-29,0.2685986064,0,0,0,0,0,0.7314013936,0.3581314752,S0|cap=0.3|band=0.01
2020-09-30,0.2685986064,0,0,0,0,0,0.7314013936,0.3581314752,S0|cap=0.3|band=0.01
2020-10-01,0.2685986064,0,0,0,0,0,0.7314013936,0.3581314752,S0|cap=0.3|band=0.01
2020-10-05,0.2685986064,0,0,0,0,0,0.7314013936,0.3581314752,S0|cap=0.3|band=0.01
2020-10-06,0.2685986064,0,0,0,0,0,0.7314013936,0.3581314752,S0|cap=0.3|band=0.01
2020-10-07,0.2685986064,0,0,0,0,0,0.7314013936,0.3581314752,S0|cap=0.3|band=0.01
2020-10-08,0.2685986064,0,0,0,0,0,0.7314013936,0.3581314752,S0|cap=0.3|band=0.01
2020-10-09,0.2685986064,0,0,0,0,0,0.7314013936,0.3581314752,S0|cap=0.3|band=0.01
2020-10-12,0.2685986064,0,0,0,0,0,0.7314013936,0.3581314752,S0|cap=0.3|band=0.01
2020-10-13,0.2685986064,0,0,0,0,0,0.7314013936,0.3581314752,S0|cap=0.3|band=0.01
2020-10-14,0.2685986064,0,0,0,0,0,0.7314013936,0.3581314752,S0|cap=0.3|band=0.01
2020-10-15,0.2685986064,0,0,0,0,0,0.7314013936,0.3581314752,S0|cap=0.3|band=0.01
2020-10-16,0.2685986064,0,0,0,0,0,0.7314013936,0.3581314752,S0|cap=0.3|band=0.01
2020-10-19,0.2685986064,0,0,0,0,0,0.7314013936,0.3581314752,S0|cap=0.3|band=0.01
2020-10-20,0.2685986064,0,0,0,0,0,0.7314013936,0.3581314752,S0|cap=0.3|band=0.01
2020-10-21,0.2685986064,0,0,0,0,0,0.7314013936,0.3581314752,S0|cap=0.3|band=0.01
2020-10-22,0.2685986064,0,0,0,0,0,0.7314013936,0.3581314752,S0|cap=0.3|band=0.01
2020-10-23,0.2685986064,0,0,0,0,0,0.7314013936,0.3581314752,S0|cap=0.3|band=0.01
2020-10-26,0.2685986064,0,0,0,0,0,0.7314013936,0.3581314752,S0|cap=0.3|band=0.01
2020-10-27,0.2685986064,0,0,0,0,0,0.7314013936,0.3581314752,S0|cap=0.3|band=0.01
2020-10-28,0.2685986064,0,0,0,0,0,0.7314013936,0.3581314752,S0|cap=0.3|band=0.01
2020-10-29,0.2685986064,0,0,0,0,0,0.7314013936,0.3581314752,S0|cap=0.3|band=0.01
2020-10-30,0.2685986064,0,0,0,0,0,0.7314013936,0.3581314752,S0|cap=0.3|band=0.01
2020-11-02,0.2685986064,0,0,0,0,0,0.7314013936,0.3581314752,S0|cap=0.3|band=0.01
2020-11-03,0.2685986064,0,0,0,0,0,0.7314013936,0.3581314752,S0|cap=0.3|band=0.01
2020-11-04,0.2685986064,0,0,0,0,0,0.7314013936,0.3581314752,S0|cap=0.3|band=0.01
2020-11-05,0.2685986064,0,0,0,0,0,0.7314013936,0.3581314752,S0|cap=0.3|band=0.01
2020-11-06,0.2685986064,0,0,0,0,0,0.7314013936,0.3581314752,S0|cap=0.3|band=0.01
2020-11-09,0.2685986064,0,0,0,0,0,0.7314013936,0.3581314752,S0|cap=0.3|band=0.01
2020-11-10,0.2685986064,0,0,0,0,0,0.7314013936,0.3581314752,S0|cap=0.3|band=0.01
2020-11-11,0.2685986064,0,0,0,0,0,0.7314013936,0.3581314752,S0|cap=0.3|band=0.01
2020-11-12,0.2685986064,0,0,0,0,0,0.7314013936,0.3581314752,S0|cap=0.3|band=0.01
2020-11-13,0.2685986064,0,0,0,0,0,0.7314013936,0.3581314752,S0|cap=0.3|band=0.01
2020-11-14,0.2685986064,0,0,0,0,0,0.7314013936,0.3581314752,S0|cap=0.3|band=0.01
2020-11-17,0.2685986064,0,0,0,0,0,0.7314013936,0.3581314752,S0|cap=0.3|band=0.01
2020-11-18,0.2685986064,0,0,0,0,0,0.7314013936,0.3581314752,S0|cap=0.3|band=0.01
2020-11-19,0.2685986064,0,0,0,0,0,0.7314013936,0.3581314752,S0|cap=0.3|band=0.01
2020-11-20,0.2685986064,0,0,0,0,0,0.7314013936,0.3581314752,S0|cap=0.3|band=0.01
2020-11-23,0.2685986064,0,0,0,0,0,0.7314013936,0.3581314752,S0|cap=0.3|band=0.01
2020-11-24,0.2685986064,0,0,0,0,0,0.7314013936,0.3581314752,S0|cap=0.3|band=0.01
2020-11-25,0.2685986064,0,0,0,0,0,0.7314013936,0.3581314752,S0|cap=0.3|band=0.01
2020-11-26,0.2685986064,0,0,0,0,0,0.7314013936,0.3581314752,S0|cap=0.3|band=0.01
2020-11-27,0.2685986064,0,0,0,0,0,0.7314013936,0.3581314752,S0|cap=0.3|band=0.01
2020-12-01,0.2685986064,0,0,0,0,0,0.7314013936,0.3581314752,S0|cap=0.3|band=0.01
2020-12-02,0.2685986064,0,0,0,0,0,0.7314013936,0.3581314752,S0|cap=0.3|band=0.01
2020-12-03,0.2685986064,0,0,0,0,0,0.7314013936,0.3581314752,S0|cap=0.3|band=0.01
2020-12-04,0.2685986064,0,0,0,0,0,0.7314013936,0.3581314752,S0|cap=0.3|band=0.01
2020-12-07,0.2685986064,0,0,0,0,0,0.7314013936,0.3581314752,S0|cap=0.3|band=0.01
2020-12-08,0.2685986064,0,0,0,0,0,0.7314013936,0.3581314752,S0|cap=0.3|band=0.01
2020-12-09,0.2685986064,0,0,0,0,0,0.7314013936,0.3581314752,S0|cap=0.3|band=0.01
2020-12-10,0.2685986064,0,0,0,0,0,0.7314013936,0.3581314752,S0|cap=0.3|band=0.01
2020-12-11,0.2685986064,0,0,0,0,0,0.7314013936,0.3581314752,S0|cap=0.3|band=0.01
2020-12-14,0.2685986064,0,0,0,0,0,0.7314013936,0.3581314752,S0|cap=0.3|band=0.01
2020-12-15,0.2685986064,0,0,0,0,0,0.7314013936,0.3581314752,S0|cap=0.3|band=0.01
2020-12-16,0.2685986064,0,0,0,0,0,0.7314013936,0.3581314752,S0|cap=0.3|band=0.01
2020-12-17,0.2685986064,0,0,0,0,0,0.7314013936,0.3581314752,S0|cap=0.3|band=0.01
2020-12-18,0.2685986064,0,0,0,0,0,0.7314013936,0.3581314752,S0|cap=0.3|band=0.01
2020-12-21,0.5804055915,0,0,0,0,0,0.4195944085,0.7738741219,S0|cap=0.3|band=0.01
2020-12-22,0.5804055915,0,0,0,0,0,0.4195944085,0.7738741219,S0|cap=0.3|band=0.01
2020-12-23,0.5804055915,0,0,0,0,0,0.4195944085,0.7738741219,S0|cap=0.3|band=0.01
2020-12-24,0.5804055915,0,0,0,0,0,0.4195944085,0.7738741219,S0|cap=0.3|band=0.01
2020-12-28,0.5804055915,0,0,0,0,0,0.4195944085,0.7738741219,S0|cap=0.3|band=0.01
2020-12-29,0.5804055915,0,0,0,0,0,0.4195944085,0.7738741219,S0|cap=0.3|band=0.01
2020-12-30,0.5804055915,0,0,0,0,0,0.4195944085,0.7738741219,S0|cap=0.3|band=0.01
2020-12-31,0.5804055915,0,0,0,0,0,0.4195944085,0.7738741219,S0|cap=0.3|band=0.01
2021-01-01,0.5804055915,0,0,0,0,0,0.4195944085,0.7738741219,S0|cap=0.3|band=0.01
2021-01-04,0.5804055915,0,0,0,0,0,0.4195944085,0.7738741219,S0|cap=0.3|band=0.01
2021-01-05,0.5804055915,0,0,0,0,0,0.4195944085,0.7738741219,S0|cap=0.3|band=0.01
2021-01-06,0.5804055915,0,0,0,0,0,0.4195944085,0.7738741219,S0|cap=0.3|band=0.01
2021-01-07,0.5804055915,0,0,0,0,0,0.4195944085,0.7738741219,S0|cap=0.3|band=0.01
2021-01-08,0.5804055915,0,0,0,0,0,0.4195944085,0.7738741219,S0|cap=0.3|band=0.01
2021-01-11,0.5804055915,0,0,0,0,0,0.4195944085,0.7738741219,S0|cap=0.3|band=0.01
2021-01-12,0.5804055915,0,0,0,0,0,0.4195944085,0.7738741219,S0|cap=0.3|band=0.01
2021-01-13,0.5804055915,0,0,0,0,0,0.4195944085,0.7738741219,S0|cap=0.3|band=0.01
2021-01-14,0.5804055915,0,0,0,0,0,0.4195944085,0.7738741219,S0|cap=0.3|band=0.01
2021-01-15,0.5804055915,0,0,0,0,0,0.4195944085,0.7738741219,S0|cap=0.3|band=0.01
2021-01-18,0.5804055915,0,0,0,0,0,0.4195944085,0.7738741219,S0|cap=0.3|band=0.01
2021-01-19,0.5804055915,0,0,0,0,0,0.4195944085,0.7738741219,S0|cap=0.3|band=0.01
2021-01-20,0.5804055915,0,0,0,0,0,0.4195944085,0.7738741219,S0|cap=0.3|band=0.01
2021-01-21,0.5804055915,0,0,0,0,0,0.4195944085,0.7738741219,S0|cap=0.3|band=0.01
2021-01-22,0.5804055915,0,0,0,0,0,0.4195944085,0.7738741219,S0|cap=0.3|band=0.01
2021-01-25,0.5804055915,0,0,0,0,0,0.4195944085,0.7738741219,S0|cap=0.3|band=0.01
2021-01-27,0.5804055915,0,0,0,0,0,0.4195944085,0.7738741219,S0|cap=0.3|band=0.01
2021-01-28,0.5804055915,0,0,0,0,0,0.4195944085,0.7738741219,S0|cap=0.3|band=0.01
2021-01-29,0.5804055915,0,0,0,0,0,0.4195944085,0.7738741219,S0|cap=0.3|band=0.01
2021-02-01,0.5804055915,0,0,0,0,0,0.4195944085,0.7738741219,S0|cap=0.3|band=0.01
2021-02-02,0.5804055915,0,0,0,0,0,0.4195944085,0.7738741219,S0|cap=0.3|band=0.01
2021-02-03,0.5804055915,0,0,0,0,0,0.4195944085,0.7738741219,S0|cap=0.3|band=0.01
2021-02-04,0.5804055915,0,0,0,0,0,0.4195944085,0.7738741219,S0|cap=0.3|band=0.01
2021-02-05,0.5804055915,0,0,0,0,0,0.4195944085,0.7738741219,S0|cap=0.3|band=0.01
2021-02-08,0.5804055915,0,0,0,0,0,0.4195944085,0.7738741219,S0|cap=0.3|band=0.01
2021-02-09,0.5804055915,0,0,0,0,0,0.4195944085,0.7738741219,S0|cap=0.3|band=0.01
2021-02-10,0.5804055915,0,0,0,0,0,0.4195944085,0.7738741219,S0|cap=0.3|band=0.01
2021-02-11,0.5804055915,0,0,0,0,0,0.4195944085,0.7738741219,S0|cap=0.3|band=0.01
2021-02-12,0.5804055915,0,0,0,0,0,0.4195944085,0.7738741219,S0|cap=0.3|band=0.01
2021-02-15,0.5804055915,0,0,0,0,0,0.4195944085,0.7738741219,S0|cap=0.3|band=0.01
2021-02-16,0.5804055915,0,0,0,0,0,0.4195944085,0.7738741219,S0|cap=0.3|band=0.01
2021-02-17,0.5804055915,0,0,0,0,0,0.4195944085,0.7738741219,S0|cap=0.3|band=0.01
2021-02-18,0.5804055915,0,0,0,0,0,0.4195944085,0.7738741219,S0|cap=0.3|band=0.01
2021-02-19,0.5804055915,0,0,0,0,0,0.4195944085,0.7738741219,S0|cap=0.3|band=0.01
2021-02-22,0.5804055915,0,0,0,0,0,0.4195944085,0.7738741219,S0|cap=0.3|band=0.01
2021-02-23,0.5804055915,0,0,0,0,0,0.4195944085,0.7738741219,S0|cap=0.3|band=0.01
2021-02-24,0.5804055915,0,0,0,0,0,0.4195944085,0.7738741219,S0|cap=0.3|band=0.01
2021-02-25,0.5804055915,0,0,0,0,0,0.4195944085,0.7738741219,S0|cap=0.3|band=0.01
2021-02-26,0.5804055915,0,0,0,0,0,0.4195944085,0.7738741219,S0|cap=0.3|band=0.01
2021-03-01,0.5804055915,0,0,0,0,0,0.4195944085,0.7738741219,S0|cap=0.3|band=0.01
2021-03-02,0.5804055915,0,0,0,0,0,0.4195944085,0.7738741219,S0|cap=0.3|band=0.01
2021-03-03,0.5804055915,0,0,0,0,0,0.4195944085,0.7738741219,S0|cap=0.3|band=0.01
2021-03-04,0.5804055915,0,0,0,0,0,0.4195944085,0.7738741219,S0|cap=0.3|band=0.01
2021-03-05,0.5804055915,0,0,0,0,0,0.4195944085,0.7738741219,S0|cap=0.3|band=0.01
2021-03-08,0.5804055915,0,0,0,0,0,0.4195944085,0.7738741219,S0|cap=0.3|band=0.01
2021-03-09,0.5804055915,0,0,0,0,0,0.4195944085,0.7738741219,S0|cap=0.3|band=0.01
2021-03-10,0.5804055915,0,0,0,0,0,0.4195944085,0.7738741219,S0|cap=0.3|band=0.01
2021-03-12,0.5804055915,0,0,0,0,0,0.4195944085,0.7738741219,S0|cap=0.3|band=0.01
2021-03-15,0.5804055915,0,0,0,0,0,0.4195944085,0.7738741219,S0|cap=0.3|band=0.01
2021-03-16,0.5804055915,0,0,0,0,0,0.4195944085,0.7738741219,S0|cap=0.3|band=0.01
2021-03-17,0.5804055915,0,0,0,0,0,0.4195944085,0.7738741219,S0|cap=0.3|band=0.01
2021-03-18,0.75,0,0,0,0,0,0.25,1,S0|cap=0.3|band=0.01
2021-03-19,0.75,0,0,0,0,0,0.25,1,S0|cap=0.3|band=0.01
2021-03-22,0.75,0,0,0,0,0,0.25,1,S0|cap=0.3|band=0.01
2021-03-23,0.75,0,0,0,0,0,0.25,1,S0|cap=0.3|band=0.01
2021-03-24,0.75,0,0,0,0,0,0.25,1,S0|cap=0.3|band=0.01
2021-03-25,0.75,0,0,0,0,0,0.25,1,S0|cap=0.3|band=0.01
2021-03-26,0.75,0,0,0,0,0,0.25,1,S0|cap=0.3|band=0.01
2021-03-30,0.75,0,0,0,0,0,0.25,1,S0|cap=0.3|band=0.01
2021-03-31,0.75,0,0,0,0,0,0.25,1,S0|cap=0.3|band=0.01
2021-04-01,0.1428571429,0.1428571429,0.1428571429,0.1428571429,0.1428571429,0.1428571429,0.1428571429,1,"E1|equal-weight,rebalance=year|band=0.01"
2021-04-05,0.141951911,0.1423588234,0.1382513348,0.1443698048,0.1436388614,0.1458489441,0.1435803204,1,"E1|equal-weight,rebalance=year|band=0.01"
2021-04-06,0.1419981578,0.1427421034,0.1369878205,0.1446081859,0.1431800473,0.147232455,0.1432512302,1,"E1|equal-weight,rebalance=year|band=0.01"
2021-04-07,0.1415980452,0.1425437605,0.1373895073,0.1451459418,0.1431109711,0.1486409668,0.1415708073,1,"E1|equal-weight,rebalance=year|band=0.01"
2021-04-08,0.1412995782,0.1432603545,0.1363872255,0.1454081005,0.1432658839,0.1491411621,0.1412376955,1,"E1|equal-weight,rebalance=year|band=0.01"
2021-04-09,0.1409920222,0.1435304885,0.1348099521,0.1457865428,0.1435357837,0.1503233308,0.1410218798,1,"E1|equal-weight,rebalance=year|band=0.01"
2021-04-12,0.1397711426,0.1402807322,0.1305404751,0.149079934,0.141518211,0.1547098597,0.1440996454,1,"E1|equal-weight,rebalance=year|band=0.01"
2021-04-13,0.1400578277,0.1403876865,0.1336986663,0.1480946622,0.1398363347,0.1548482067,0.1430766158,1,"E1|equal-weight,rebalance=year|band=0.01"
2021-04-15,0.1401633538,0.1406209808,0.1352557831,0.1485637114,0.1383167899,0.154250754,0.1428286271,1,"E1|equal-weight,rebalance=year|band=0.01"
2021-04-16,0.1400661866,0.1420334091,0.1341477431,0.1483954457,0.13924658,0.153815013,0.1422956223,1,"E1|equal-weight,rebalance=year|band=0.01"
2021-04-19,0.1387765501,0.1404825961,0.1314278446,0.1518111718,0.138301433,0.1560451231,0.1431552813,1,"E1|equal-weight,rebalance=year|band=0.01"
2021-04-20,0.1384423958,0.1413220251,0.1313969437,0.1506597607,0.1391977214,0.1554107053,0.1435704478,1,"E1|equal-weight,rebalance=year|band=0.01"
2021-04-22,0.1387060499,0.1408725735,0.1332425228,0.1513745418,0.1382952163,0.154550841,0.1429582548,1,"E1|equal-weight,rebalance=year|band=0.01"
2021-04-23,0.1384707761,0.1413547216,0.1330322242,0.1516665865,0.139217947,0.1531499188,0.1431078259,1,"E1|equal-weight,rebalance=year|band=0.01"
2021-04-26,0.1386807593,0.1407569246,0.1345179325,0.1495622379,0.141555666,0.1527709952,0.1421554846,1,"E1|equal-weight,rebalance=year|band=0.01"
2021-04-27,0.1394800586,0.1412754191,0.1357002927,0.1482905866,0.1404187997,0.1533621816,0.1414726617,1,"E1|equal-weight,rebalance=year|band=0.01"
2021-04-28,0.1404551382,0.1409316204,0.1389927154,0.1458033836,0.141164439,0.152035643,0.1406170604,1,"E1|equal-weight,rebalance=year|band=0.01"
2021-04-29,0.1406950387,0.1408711201,0.138808537,0.1461559642,0.1411169838,0.1516607315,0.1406916247,1,"E1|equal-weight,rebalance=year|band=0.01"
2021-04-30,0.1397144911,0.1417877182,0.1358308118,0.1466091317,0.1427327072,0.1517352378,0.1415899021,1,"E1|equal-weight,rebalance=year|band=0.01"
2021-05-03,0.139715983,0.1426415234,0.1349689626,0.1469999854,0.1424269133,0.1515919048,0.1416547275,1,"E1|equal-weight,rebalance=year|band=0.01"
2021-05-04,0.1388785811,0.142620222,0.1344429601,0.1476702594,0.1434250511,0.1508598439,0.1421030823,1,"E1|equal-weight,rebalance=year|band=0.01"
2021-05-05,0.1398010214,0.1441527676,0.1364607597,0.146660568,0.1426031574,0.1484137789,0.141907947,1,"E1|equal-weight,rebalance=year|band=0.01"
2021-05-06,0.1401204763,0.1449989897,0.1360313533,0.147361466,0.1431583239,0.1467473124,0.1415820784,1,"E1|equal-weight,rebalance=year|band=0.01"
2021-05-07,0.1402927056,0.1446653443,0.1356975586,0.148129807,0.1437144262,0.1466176923,0.140882466,1,"E1|equal-weight,rebalance=year|band=0.01"
2021-05-10,0.140328048,0.1453184732,0.1357258067,0.1478755014,0.1450187878,0.145803625,0.1399297578,1,"E1|equal-weight,rebalance=year|band=0.01"
2021-05-11,0.1405514109,0.1464415537,0.1353176717,0.1485944235,0.1454363765,0.1428325734,0.1408259903,1,"E1|equal-weight,rebalance=year|band=0.01"
2021-05-12,0.1397841678,0.1473199872,0.1340846159,0.1489187657,0.1459556563,0.1427584011,0.1411784062,1,"E1|equal-weight,rebalance=year|band=0.01"
2021-05-14,0.1404957957,0.1462518568,0.1339107253,0.1502481402,0.14349379,0.1434784766,0.1421212153,1,"E1|equal-weight,rebalance=year|band=0.01"
2021-05-17,0.1407394549,0.1457184924,0.1374987243,0.1497920476,0.1433325995,0.142343012,0.1405756693,1,"E1|equal-weight,rebalance=year|band=0.01"
2021-05-18,0.141055887,0.146313676,0.1384376678,0.1493301538,0.1441438239,0.1414290422,0.1392897494,1,"E1|equal-weight,rebalance=year|band=0.01"
2021-05-19,0.1407638195,0.1483096393,0.1376618438,0.1491368083,0.1452954208,0.1392149678,0.1396175004,1,"E1|equal-weight,rebalance=year|band=0.01"
2021-05-20,0.1399879923,0.1481293944,0.1364050461,0.1499480058,0.146196063,0.1395767699,0.1397567285,1,"E1|equal-weight,rebalance=year|band=0.01"
2021-05-21,0.1406066695,0.1466171712,0.1399912784,0.1484658869,0.1449941461,0.1410682062,0.1382566416,1,"E1|equal-weight,rebalance=year|band=0.01"
2021-05-24,0.1403574556,0.1477868908,0.1408606254,0.1480068661,0.1449844923,0.1402361853,0.1377674845,1,"E1|equal-weight,rebalance=year|band=0.01"
2021-05-25,0.1403352264,0.1471326134,0.1398649433,0.1476120108,0.1454133118,0.1419694987,0.1376723956,1,"E1|equal-weight,rebalance=year|band=0.01"
2021-05-26,0.1406124213,0.1465242857,0.1394677988,0.1488776681,0.1457339098,0.1416115877,0.1371723285,1,"E1|equal-weight,rebalance=year|band=0.01"
2021-05-27,0.1408794475,0.1469779638,0.1406426067,0.147689533,0.1466066668,0.1403091209,0.1368946614,1,"E1|equal-weight,rebalance=year|band=0.01"
2021-05-28,0.1412972754,0.146662323,0.140692273,0.1467288802,0.1477416271,0.1403124617,0.1365651595,1,"E1|equal-weight,rebalance=year|band=0.01"
2021-05-31,0.1424525654,0.1470057359,0.1413375035,0.1476413731,0.1452284982,0.1400769202,0.1362574035,1,"E1|equal-weight,rebalance=year|band=0.01"
2021-06-01,0.1423854436,0.1470885602,0.1409370058,0.1483233566,0.1450283253,0.1401064334,0.1361308751,1,"E1|equal-weight,rebalance=year|band=0.01"
2021-06-02,0.1422516948,0.1491672204,0.1405227509,0.1469235075,0.1456025017,0.1398505087,0.135681816,1,"E1|equal-weight,rebalance=year|band=0.01"
2021-06-03,0.1423252478,0.1501399528,0.1407602975,0.146024154,0.1470894819,0.1386053697,0.1350554963,1,"E1|equal-weight,rebalance=year|band=0.01"
2021-06-04,0.1427122696,0.1511191512,0.1398938616,0.1450951759,0.1472943022,0.1384331487,0.1354520907,1,"E1|equal-weight,rebalance=year|band=0.01"
2021-06-07,0.142161685,0.1503509585,0.1394706751,0.144671462,0.1497944373,0.1389696678,0.1345811143,1,"E1|equal-weight,rebalance=year|band=0.01"
2021-06-08,0.142004115,0.1510850699,0.1378429168,0.145007039,0.1497344444,0.1398331577,0.1344932573,1,"E1|equal-weight,rebalance=year|band=0.01"
2021-06-09,0.1415197053,0.1498954754,0.1371165216,0.1456659058,0.1511543993,0.1398170076,0.134830985,1,"E1|equal-weight,rebalance=year|band=0.01"
2021-06-10,0.14207218,0.1514069687,0.1380802346,0.144845517,0.150043534,0.1389927461,0.1345588196,1,"E1|equal-weight,rebalance=year|band=0.01"
2021-06-11,0.1421521638,0.1507289721,0.1371566489,0.1452563304,0.1494807874,0.1411596266,0.1340654709,1,"E1|equal-weight,rebalance=year|band=0.01"
2021-06-14,0.1425783878,0.1506816648,0.1370647885,0.1434464652,0.1498309802,0.1420762601,0.1343214533,1,"E1|equal-weight,rebalance=year|band=0.01"
2021-06-15,0.1424720089,0.1503329193,0.1374840038,0.1428096588,0.1504054929,0.142823464,0.1336724521,1,"E1|equal-weight,rebalance=year|band=0.01"
2021-06-16,0.1426050258,0.1497454107,0.1371923449,0.1435680088,0.1500600818,0.1425694839,0.134259644,1,"E1|equal-weight,rebalance=year|band=0.01"
2021-06-17,0.1432596043,0.1495238121,0.1369477998,0.1424468065,0.1492129229,0.1430065093,0.1356025451,1,"E1|equal-weight,rebalance=year|band=0.01"
2021-06-18,0.1430498508,0.1488065666,0.1367854609,0.1409969381,0.147187548,0.1476587042,0.1355149315,1,"E1|equal-weight,rebalance=year|band=0.01"
2021-06-21,0.1431752819,0.1493697818,0.1377817203,0.1407523225,0.1472864155,0.1462785959,0.1353558821,1,"E1|equal-weight,rebalance=year|band=0.01"
2021-06-22,0.1431612739,0.1504929774,0.1370637143,0.1403874953,0.1476117803,0.1461965886,0.1350861701,1,"E1|equal-weight,rebalance=year|band=0.01"
2021-06-23,0.1428345255,0.1491810677,0.1368705182,0.1409138336,0.1475408666,0.1472862563,0.1353729321,1,"E1|equal-weight,rebalance=year|band=0.01"
2021-06-24,0.1433368986,0.1483469313,0.1375552017,0.1402331938,0.1473459882,0.1481184968,0.1350632894,1,"E1|equal-weight,rebalance=year|band=0.01"
2021-06-25,0.1432067309,0.1484643436,0.1386343162,0.139684403,0.1477485557,0.1478781148,0.1343835358,1,"E1|equal-weight,rebalance=year|band=0.01"
2021-06-28,0.1427377034,0.1484388968,0.1387253407,0.1392343281,0.1484786462,0.1479693336,0.1344157511,1,"E1|equal-weight,rebalance=year|band=0.01"
2021-06-29,0.14223705,0.148831668,0.1376835361,0.1388651948,0.1486227379,0.1493904492,0.134369364,1,"E1|equal-weight,rebalance=year|band=0.01"
2021-06-30,0.1423016151,0.1484498022,0.1369549409,0.1383753673,0.1486551727,0.1506609552,0.1346021466,1,"E1|equal-weight,rebalance=year|band=0.01"
2021-07-01,0.1420467812,0.1482909539,0.1366334588,0.1396303971,0.1482046374,0.1506483488,0.1345454229,1,"E1|equal-weight,rebalance=year|band=0.01"
2021-07-02,0.141996734,0.1480103878,0.1365855569,0.1400518368,0.1482052619,0.1509781233,0.1341720994,1,"E1|equal-weight,rebalance=year|band=0.01"
2021-07-05,0.141991332,0.1478211702,0.1372531368,0.1395655774,0.1487664292,0.1510241587,0.1335781958,1,"E1|equal-weight,rebalance=year|band=0.01"
2021-07-06,0.1418677745,0.1479677148,0.138468996,0.1407986991,0.1468783585,0.1505787581,0.133439699,1,"E1|equal-weight,rebalance=year|band=0.01"
2021-07-07,0.1414341742,0.147576553,0.1384933715,0.1405000064,0.1484676433,0.1507085718,0.1328196798,1,"E1|equal-weight,rebalance=year|band=0.01"
2021-07-08,0.1412204474,0.1481523953,0.1375430009,0.1411748606,0.1479084769,0.1505943315,0.1334064874,1,"E1|equal-weight,rebalance=year|band=0.01"
2021-07-09,0.140776026,0.1485781156,0.1367767725,0.1405228026,0.1490438724,0.1509901908,0.1333122201,1,"E1|equal-weight,rebalance=year|band=0.01"
2021-07-12,0.1403211414,0.1482767697,0.1366213093,0.1398240543,0.1505129571,0.1514996298,0.1329441383,1,"E1|equal-weight,rebalance=year|band=0.01"
2021-07-13,0.1407647711,0.1472622299,0.1377575879,0.139401836,0.1508672319,0.1514530097,0.1324933336,1,"E1|equal-weight,rebalance=year|band=0.01"
2021-07-14,0.1409885954,0.1470957061,0.137701824,0.1396740889,0.1502084701,0.1519464907,0.1323848249,1,"E1|equal-weight,rebalance=year|band=0.01"
2021-07-15,0.1411380766,0.1471679473,0.138342069,0.1404042145,0.1500805143,0.1508567841,0.1320103942,1,"E1|equal-weight,rebalance=year|band=0.01"
2021-07-16,0.1413344424,0.1477513217,0.1379581993,0.1400578601,0.1506402791,0.1501532662,0.1321046312,1,"E1|equal-weight,rebalance=year|band=0.01"
2021-07-19,0.1409096581,0.1481023216,0.1364578191,0.1402109906,0.1516383566,0.1496646416,0.1330162124,1,"E1|equal-weight,rebalance=year|band=0.01"
2021-07-20,0.1409938422,0.1482772195,0.1349429156,0.1415563059,0.1496390718,0.1505115862,0.1340790587,1,"E1|equal-weight,rebalance=year|band=0.01"
2021-07-22,0.1417584552,0.1491006931,0.1351146105,0.1394863023,0.1495731451,0.1515736683,0.1333931255,1,"E1|equal-weight,rebalance=year|band=0.01"
2021-07-23,0.1413847153,0.1486223828,0.1357017872,0.1391491352,0.1498779954,0.1523725058,0.1328914784,1,"E1|equal-weight,rebalance=year|band=0.01"
2021-07-26,0.1408515691,0.1490845961,0.135116651,0.1389948017,0.1501371889,0.1531618122,0.1326533809,1,"E1|equal-weight,rebalance=year|band=0.01"
2021-07-27,0.1407064871,0.1485764536,0.1348921692,0.1391743329,0.1497335697,0.1539190764,0.1329979112,1,"E1|equal-weight,rebalance=year|band=0.01"
2021-07-28,0.1404847294,0.1491589282,0.1342560744,0.1393013272,0.1507853087,0.1529457302,0.1330679019,1,"E1|equal-weight,rebalance=year|band=0.01"
2021-07-29,0.1407831835,0.1488088848,0.1344240789,0.140138509,0.1501999806,0.1527620357,0.1328833275,1,"E1|equal-weight,rebalance=year|band=0.01"
2021-07-30,0.1403946263,0.1495952123,0.1339047632,0.1407718049,0.1512590123,0.1513438457,0.1327307351,1,"E1|equal-weight,rebalance=year|band=0.01"
2021-08-02,0.1407093476,0.1498687028,0.1335630136,0.1387039852,0.1531175689,0.151991806,0.1320455759,1,"E1|equal-weight,rebalance=year|band=0.01"
2021-08-03,0.1421850767,0.1500737133,0.1349649732,0.1381559388,0.1520794552,0.1508472645,0.1316935783,1,"E1|equal-weight,rebalance=year|band=0.01"
2021-08-04,0.1429803817,0.1488659042,0.137758815,0.1379813,0.1500119095,0.151022134,0.1313795557,1,"E1|equal-weight,rebalance=year|band=0.01"
2021-08-05,0.143377168,0.1489692692,0.1373673971,0.1381004706,0.1496227444,0.1511528608,0.1314100899,1,"E1|equal-weight,rebalance=year|band=0.01"
2021-08-06,0.1429862108,0.1492086521,0.1372768045,0.1370814664,0.1502222365,0.1519519409,0.1312726888,1,"E1|equal-weight,rebalance=year|band=0.01"
2021-08-09,0.1441679821,0.1493325746,0.1382597679,0.1346374253,0.1494869372,0.1521420864,0.1319732265,1,"E1|equal-weight,rebalance=year|band=0.01"
2021-08-10,0.1445694519,0.1485097305,0.1386814923,0.1343754924,0.1483229832,0.1533508848,0.1321899648,1,"E1|equal-weight,rebalance=year|band=0.01"
2021-08-11,0.144794177,0.1481450928,0.1383318165,0.1349179503,0.1482564914,0.152948102,0.13260637,1,"E1|equal-weight,rebalance=year|band=0.01"
2021-08-12,0.1448743126,0.1486939836,0.138307204,0.1353809476,0.1491075717,0.1515411009,0.1320948798,1,"E1|equal-weight,rebalance=year|band=0.01"
2021-08-13,0.1459372704,0.1483416555,0.1386411769,0.134817983,0.1486047387,0.1519016883,0.1317554873,1,"E1|equal-weight,rebalance=year|band=0.01"
2021-08-16,0.1462022949,0.1483339351,0.1381324294,0.1354940194,0.1479141521,0.1523809194,0.1315422497,1,"E1|equal-weight,rebalance=year|band=0.01"
2021-08-17,0.1463413509,0.148768616,0.1373514683,0.1367158779,0.147695804,0.1516740549,0.1314528279,1,"E1|equal-weight,rebalance=year|band=0.01"
2021-08-18,0.1464538868,0.1498749818,0.1365102595,0.1364370254,0.1487546924,0.1502895369,0.1316796173,1,"E1|equal-weight,rebalance=year|band=0.01"
2021-08-20,0.1461207679,0.1488420967,0.1351537793,0.1370314826,0.1493118405,0.1510690517,0.1324709814,1,"E1|equal-weight,rebalance=year|band=0.01"
2021-08-23,0.146833535,0.1482677319,0.1356396682,0.1372306985,0.1463354834,0.1531241942,0.1325686887,1,"E1|equal-weight,rebalance=year|band=0.01"
2021-08-24,0.1468856629,0.1483667949,0.1367476095,0.1368038298,0.1457908744,0.1537813973,0.1316238312,1,"E1|equal-weight,rebalance=year|band=0.01"
2021-08-25,0.1467603091,0.1484035689,0.1362470999,0.1362147935,0.1464780829,0.154379208,0.1315169378,1,"E1|equal-weight,rebalance=year|band=0.01"
2021-08-26,0.1466933239,0.1492736439,0.1364811325,0.1353187079,0.1469848046,0.1538153364,0.1314330508,1,"E1|equal-weight,rebalance=year|band=0.01"
2021-08-27,0.1467589619,0.1502785601,0.1362010781,0.1350367522,0.1475854769,0.1531606362,0.1309785346,1,"E1|equal-weight,rebalance=year|band=0.01"
2021-08-30,0.1471885962,0.1509667721,0.1372841056,0.1341944907,0.1491591609,0.1514870175,0.129719857,1,"E1|equal-weight,rebalance=year|band=0.01"
2021-08-31,0.1480364577,0.1521998502,0.1368581866,0.1329334219,0.1487606554,0.1521318952,0.1290795331,1,"E1|equal-weight,rebalance=year|band=0.01"
2021-09-01,0.1474161997,0.1532495382,0.1373207851,0.1325488187,0.1496832733,0.1510638174,0.1287175676,1,"E1|equal-weight,rebalance=year|band=0.01"
2021-09-02,0.1481666483,0.1528755412,0.137469058,0.1323325599,0.1504082949,0.1505122591,0.1282356386,1,"E1|equal-weight,rebalance=year|band=0.01"
2021-09-03,0.1483528571,0.154660363,0.1368168344,0.1318254224,0.1508264554,0.1497630968,0.1277549709,1,"E1|equal-weight,rebalance=year|band=0.01"
2021-09-06,0.1483123422,0.1540040479,0.1357541672,0.1322705041,0.1525498029,0.1497924866,0.1273166492,1,"E1|equal-weight,rebalance=year|band=0.01"
2021-09-07,0.1483337902,0.1537221308,0.1353313288,0.1320757142,0.1526830092,0.1502506868,0.1276033399,1,"E1|equal-weight,rebalance=year|band=0.01"
2021-09-08,0.1480093297,0.1538151404,0.1360713172,0.1312301191,0.1532158479,0.1503027669,0.1273554788,1,"E1|equal-weight,rebalance=year|band=0.01"
2021-09-09,0.1482250269,0.1547948585,0.1355956243,0.1309361235,0.1533585504,0.1497288757,0.1273609406,1,"E1|equal-weight,rebalance=year|band=0.01"
2021-09-13,0.1483152987,0.1557766337,0.1352731307,0.1310077207,0.1533088826,0.1486250633,0.1276932703,1,"E1|equal-weight,rebalance=year|band=0.01"
2021-09-14,0.1481307206,0.1556923531,0.1352207744,0.1305767344,0.1548949641,0.148231687,0.1272527664,1,"E1|equal-weight,rebalance=year|band=0.01"
2021-09-15,0.1481672113,0.154893198,0.1351310629,0.1303249125,0.1582466765,0.1469317455,0.1263051932,1,"E1|equal-weight,rebalance=year|band=0.01"
2021-09-16,0.148787345,0.1557253334,0.1377230617,0.1286410046,0.1566730111,0.1464121728,0.1260380713,1,"E1|equal-weight,rebalance=year|band=0.01"
2021-09-17,0.1495961998,0.1560367908,0.1390052672,0.1285892948,0.1522277589,0.1475446496,0.1270000389,1,"E1|equal-weight,rebalance=year|band=0.01"
2021-09-20,0.149298557,0.1544004149,0.1381449319,0.1295756193,0.1541074671,0.1463713341,0.1281016757,1,"E1|equal-weight,rebalance=year|band=0.01"
2021-09-21,0.150614701,0.1555855589,0.1383759156,0.1296706894,0.1528461719,0.1448939668,0.1280129965,1,"E1|equal-weight,rebalance=year|band=0.01"
2021-09-22,0.1499900983,0.155680026,0.1369608966,0.1302999821,0.1552597499,0.1443363074,0.1274729397,1,"E1|equal-weight,rebalance=year|band=0.01"
2021-09-23,0.1507820628,0.1554078102,0.1384495808,0.1283893631,0.1559834234,0.1445642058,0.1264235539,1,"E1|equal-weight,rebalance=year|band=0.01"
2021-09-24,0.1513603078,0.1550893089,0.1389470006,0.1277293692,0.1549760324,0.1452037193,0.1266942618,1,"E1|equal-weight,rebalance=year|band=0.01"
2021-09-27,0.151188153,0.1540710242,0.1398727003,0.1273508884,0.155703091,0.1453373762,0.126476767,1,"E1|equal-weight,rebalance=year|band=0.01"
2021-09-28,0.1509101814,0.1542448315,0.1402410943,0.1277891806,0.1556731815,0.1439995411,0.1271419896,1,"E1|equal-weight,rebalance=year|band=0.01"
2021-09-29,0.1509017769,0.153538114,0.1398040604,0.1282322625,0.1570877365,0.1431022912,0.1273337586,1,"E1|equal-weight,rebalance=year|band=0.01"
2021-09-30,0.1504903853,0.1538014002,0.1388466842,0.1276183724,0.1581612354,0.1433870904,0.1276948321,1,"E1|equal-weight,rebalance=year|band=0.01"
2021-10-01,0.1499041354,0.1536664711,0.1381464201,0.1292947284,0.1588817399,0.1422960919,0.1278104132,1,"E1|equal-weight,rebalance=year|band=0.01"
2021-10-04,0.1502165536,0.1546356944,0.1385331466,0.1284323294,0.1596750225,0.1416093779,0.1268978754,1,"E1|equal-weight,rebalance=year|band=0.01"
2021-10-05,0.1507743468,0.1556064168,0.1387151061,0.1284747498,0.1595380666,0.1402872048,0.1266041091,1,"E1|equal-weight,rebalance=year|band=0.01"
2021-10-06,0.1497425075,0.1549283663,0.1381424614,0.1292635617,0.1606633871,0.1401814784,0.1270782376,1,"E1|equal-weight,rebalance=year|band=0.01"
2021-10-07,0.1497708727,0.1551228333,0.1378870779,0.1285063243,0.1600620982,0.1426162497,0.126034544,1,"E1|equal-weight,rebalance=year|band=0.01"
2021-10-08,0.1501491704,0.1544815453,0.1377659091,0.1282908458,0.1610054936,0.142438279,0.1258687567,1,"E1|equal-weight,rebalance=year|band=0.01"
2021-10-11,0.1499304314,0.1544195293,0.1388508134,0.1282698499,0.1612706282,0.1418680757,0.125390672,1,"E1|equal-weight,rebalance=year|band=0.01"
2021-10-12,0.1496336909,0.1547415583,0.1390406125,0.1280782437,0.162317278,0.1414028736,0.124785743,1,"E1|equal-weight,rebalance=year|band=0.01"
2021-10-13,0.1503856243,0.1556896428,0.1387139807,0.1277209349,0.1638606462,0.1394224989,0.1242066722,1,"E1|equal-weight,rebalance=year|band=0.01"
2021-10-14,0.1495324475,0.1548828773,0.1395956186,0.1278451621,0.1660225601,0.1395815563,0.1225397781,1,"E1|equal-weight,rebalance=year|band=0.01"
2021-10-18,0.1504227158,0.1548150724,0.1407021764,0.1257850224,0.1652627675,0.1408220035,0.1221902419,1,"E1|equal-weight,rebalance=year|band=0.01"
2021-10-19,0.1503862094,0.1535566368,0.1405611184,0.1267482118,0.1638344726,0.142434019,0.122479332,1,"E1|equal-weight,rebalance=year|band=0.01"
2021-10-20,0.1508578977,0.1515845591,0.1416318199,0.1274265956,0.1600512899,0.14488517,0.1235626677,1,"E1|equal-weight,rebalance=year|band=0.01"
2021-10-21,0.1502171682,0.1510557294,0.1436806271,0.1280169007,0.1583951754,0.1448219327,0.1238124665,1,"E1|equal-weight,rebalance=year|band=0.01"
2021-10-22,0.1501633886,0.1490887218,0.1448285458,0.128606427,0.1578447858,0.1454377511,0.1240303798,1,"E1|equal-weight,rebalance=year|band=0.01"
2021-10-25,0.1502627044,0.1477912024,0.1479311695,0.1295754836,0.1546539078,0.145665532,0.1241200002,1,"E1|equal-weight,rebalance=year|band=0.01"
2021-10-26,0.1495891669,0.1478243891,0.1458863715,0.1283118765,0.1600306872,0.1456792105,0.1226782983,1,"E1|equal-weight,rebalance=year|band=0.01"
2021-10-27,0.1497661194,0.1491966525,0.1457715023,0.1278286493,0.1578364162,0.1464039315,0.1231967288,1,"E1|equal-weight,rebalance=year|band=0.01"
2021-10-28,0.1493288814,0.1488808085,0.1425945386,0.1300885968,0.1560282705,0.1484154235,0.1246634806,1,"E1|equal-weight,rebalance=year|band=0.01"
2021-10-29,0.1480385198,0.1492656896,0.1420095625,0.1304445618,0.1553120397,0.1497064169,0.1252232097,1,"E1|equal-weight,rebalance=year|band=0.01"
2021-11-01,0.1483010039,0.1491391773,0.1425555685,0.1281859858,0.1581817466,0.1498919905,0.1237445274,1,"E1|equal-weight,rebalance=year|band=0.01"
2021-11-02,0.1476430936,0.1494778768,0.1430070778,0.1286339384,0.1577960743,0.1497605765,0.1236813627,1,"E1|equal-weight,rebalance=year|band=0.01"
2021-11-03,0.14756743,0.150206798,0.1409874526,0.1278266251,0.1589572165,0.1504847879,0.12396969,1,"E1|equal-weight,rebalance=year|band=0.01"
2021-11-04,0.1469161252,0.1500480043,0.1402464902,0.1273993597,0.1603779375,0.1522334682,0.1227786149,1,"E1|equal-weight,rebalance=year|band=0.01"
2021-11-08,0.1480857075,0.1514489911,0.1400010633,0.1276743143,0.1585197349,0.1515662305,0.1227039585,1,"E1|equal-weight,rebalance=year|band=0.01"
2021-11-09,0.1474795115,0.1520786495,0.1393319249,0.1279935513,0.1596427766,0.1509460903,0.1225274959,1,"E1|equal-weight,rebalance=year|band=0.01"
2021-11-10,0.1476113335,0.1527580193,0.1382010551,0.128622079,0.160298626,0.1497191014,0.1227897858,1,"E1|equal-weight,rebalance=year|band=0.01"
2021-11-11,0.1464407469,0.1520459063,0.1368412994,0.1313319755,0.1608049325,0.1498180499,0.1227170895,1,"E1|equal-weight,rebalance=year|band=0.01"
2021-11-12,0.1480029715,0.1535232053,0.1372581505,0.1304639143,0.1591172761,0.1489959905,0.1226384918,1,"E1|equal-weight,rebalance=year|band=0.01"
2021-11-15,0.1476630521,0.1538237782,0.1367956005,0.130737404,0.1586557961,0.1499706243,0.1223537448,1,"E1|equal-weight,rebalance=year|band=0.01"
2021-11-16,0.1471793533,0.1538366088,0.1356065988,0.1314734969,0.1593218316,0.1499577607,0.1226243499,1,"E1|equal-weight,rebalance=year|band=0.01"
2021-11-17,0.1466144845,0.1538116252,0.1351226898,0.1308055695,0.1597660248,0.1511201579,0.1227594482,1,"E1|equal-weight,rebalance=year|band=0.01"
2021-11-18,0.1463258587,0.1524213133,0.1354748563,0.1317088624,0.1596030382,0.1510487343,0.1234173367,1,"E1|equal-weight,rebalance=year|band=0.01"
2021-11-22,0.1445776374,0.1506233662,0.1334794572,0.131444345,0.1601872657,0.155368296,0.1243196325,1,"E1|equal-weight,rebalance=year|band=0.01"
2021-11-23,0.1459586684,0.1535643173,0.1342608249,0.1293065604,0.1577396197,0.1542267607,0.1249432485,1,"E1|equal-weight,rebalance=year|band=0.01"
2021-11-24,0.1453520323,0.153103928,0.1350613655,0.1291170245,0.1580920054,0.1540725906,0.1252010538,1,"E1|equal-weight,rebalance=year|band=0.01"
2021-11-25,0.1458469304,0.1538423277,0.1346952832,0.1290076257,0.156563019,0.1552404942,0.1248043198,1,"E1|equal-weight,rebalance=year|band=0.01"
2021-11-26,0.1441817051,0.1524139797,0.1319253896,0.1324813952,0.1566196415,0.1556427755,0.1267351135,1,"E1|equal-weight,rebalance=year|band=0.01"
2021-11-29,0.1449774852,0.1509992795,0.1323947929,0.1327054496,0.1546444827,0.1568353104,0.1274431996,1,"E1|equal-weight,rebalance=year|band=0.01"
2021-11-30,0.1444353204,0.1511994403,0.1313883316,0.1324698839,0.1548775704,0.1580618637,0.1275675896,1,"E1|equal-weight,rebalance=year|band=0.01"
2021-12-01,0.1454111264,0.1509795995,0.1333549913,0.1309609291,0.1541298945,0.1581182559,0.1270452032,1,"E1|equal-weight,rebalance=year|band=0.01"
2021-12-02,0.1468243851,0.151842573,0.1335513994,0.1299079012,0.1569782703,0.1541525368,0.1267429341,1,"E1|equal-weight,rebalance=year|band=0.01"
2021-12-03,0.1455405892,0.1521355124,0.1327746508,0.129959185,0.1578587986,0.1547401295,0.1269911344,1,"E1|equal-weight,rebalance=year|band=0.01"
2021-12-06,0.1442359049,0.1504467181,0.1320568646,0.1321139823,0.1597403326,0.1534624438,0.1279437536,1,"E1|equal-weight,rebalance=year|band=0.01"
2021-12-07,0.1451648628,0.1511969167,0.1343240908,0.1307779046,0.1558850955,0.1557437399,0.1269073897,1,"E1|equal-weight,rebalance=year|band=0.01"
2021-12-08,0.145401361,0.1510865261,0.1348706362,0.1298486394,0.157469343,0.1560630009,0.1252604934,1,"E1|equal-weight,rebalance=year|band=0.01"
2021-12-09,0.1459272479,0.1511814567,0.1341403829,0.1294877518,0.1575357427,0.1564417515,0.1252856666,1,"E1|equal-weight,rebalance=year|band=0.01"
2021-12-10,0.1456680315,0.1518826231,0.1340305853,0.1290417748,0.158745455,0.1555231451,0.1251083852,1,"E1|equal-weight,rebalance=year|band=0.01"
2021-12-13,0.1446266299,0.1511055441,0.1333607614,0.1298053772,0.1592356453,0.156829178,0.1250368641,1,"E1|equal-weight,rebalance=year|band=0.01"
2021-12-14,0.1446164216,0.1519226059,0.1334988167,0.1301911537,0.1594186833,0.1549354521,0.1254168667,1,"E1|equal-weight,rebalance=year|band=0.01"
2021-12-15,0.1444709624,0.1513947659,0.1337918432,0.1305625095,0.1593556397,0.1543943949,0.1260298845,1,"E1|equal-weight,rebalance=year|band=0.01"
2021-12-16,0.1443870022,0.1507530364,0.1324063561,0.1310129976,0.1579293076,0.1577983033,0.1257129969,1,"E1|equal-weight,rebalance=year|band=0.01"
2021-12-17,0.1445150101,0.1495367028,0.1310672478,0.134503332,0.1572196711,0.1553697293,0.1277883069,1,"E1|equal-weight,rebalance=year|band=0.01"
2021-12-20,0.1438138773,0.147733274,0.1293077038,0.1357990115,0.1576426315,0.155779529,0.1299239729,1,"E1|equal-weight,rebalance=year|band=0.01"
2021-12-21,0.1448477735,0.1497202708,0.1292205101,0.1350787135,0.1549951699,0.1563718331,0.1297657291,1,"E1|equal-weight,rebalance=year|band=0.01"
2021-12-22,0.1452274861,0.1508355249,0.1299018744,0.1334973963,0.154899775,0.15685449,0.1287834534,1,"E1|equal-weight,rebalance=year|band=0.01"
2021-12-23,0.145052753,0.1511747556,0.1295983368,0.1333227465,0.1551029667,0.1576424757,0.1281059657,1,"E1|equal-weight,rebalance=year|band=0.01"
2021-12-24,0.1447927336,0.1506031599,0.1283940005,0.1336193672,0.1553240567,0.1589194266,0.1283472555,1,"E1|equal-weight,rebalance=year|band=0.01"
2021-12-27,0.1452422263,0.1505901252,0.1288916625,0.1328519513,0.1556665021,0.1587386703,0.1280188624,1,"E1|equal-weight,rebalance=year|band=0.01"
2021-12-28,0.1455799759,0.1507219207,0.1286822888,0.1319734814,0.1565701561,0.1593492631,0.127122914,1,"E1|equal-weight,rebalance=year|band=0.01"
2021-12-29,0.1456526658,0.1506247448,0.1283910337,0.1318176788,0.1561624333,0.1600274628,0.1273239808,1,"E1|equal-weight,rebalance=year|band=0.01"
2021-12-30,0.1462244216,0.1501794738,0.1292389198,0.1314281393,0.1559218979,0.159181853,0.1278252947,1,"E1|equal-weight,rebalance=year|band=0.01"
2021-12-31,0.1466904003,0.1516093757,0.1297711672,0.1315128377,0.1559742954,0.157320473,0.1271214505,1,"E1|equal-weight,rebalance=year|band=0.01"
2022-01-03,0.1476946469,0.1513147832,0.1320025462,0.1311647304,0.1561820901,0.155575992,0.1260652112,1,"E1|equal-weight,rebalance=year|band=0.01"
2022-01-04,0.1482332931,0.1510729571,0.1327285481,0.1296088755,0.156685678,0.1562755578,0.1253950903,1,"E1|equal-weight,rebalance=year|band=0.01"
2022-01-05,0.1487607085,0.1504594361,0.1355406728,0.1297902987,0.1565274641,0.1536372504,0.1252841693,1,"E1|equal-weight,rebalance=year|band=0.01"
2022-01-06,0.1487801628,0.151507742,0.1362371722,0.1297608317,0.1575119399,0.1499642041,0.1262379474,1,"E1|equal-weight,rebalance=year|band=0.01"
2022-01-07,0.1485524725,0.151949648,0.1364357568,0.1287555579,0.158071458,0.1505062358,0.1257288711,1,"E1|equal-weight,rebalance=year|band=0.01"
2022-01-10,0.1496478031,0.1518025034,0.1380090239,0.1283543739,0.1587652384,0.1479881432,0.1254329142,1,"E1|equal-weight,rebalance=year|band=0.01"
2022-01-11,0.1497569075,0.1519607184,0.1381258101,0.1286607273,0.1585071395,0.1476703743,0.1253183228,1,"E1|equal-weight,rebalance=year|band=0.01"
2022-01-12,0.1500934878,0.1516452961,0.1385296997,0.1283300671,0.1589827684,0.1477704788,0.1246482022,1,"E1|equal-weight,rebalance=year|band=0.01"
2022-01-13,0.1502794974,0.1522341211,0.137287367,0.1282459832,0.159489263,0.148155552,0.1243082162,1,"E1|equal-weight,rebalance=year|band=0.01"
2022-01-14,0.1506972583,0.1526927371,0.1372475791,0.1287088219,0.1605976895,0.145617968,0.1244379463,1,"E1|equal-weight,rebalance=year|band=0.01"
2022-01-17,0.1509675465,0.1530458229,0.1364936362,0.128503427,0.160962329,0.1457548792,0.1242723593,1,"E1|equal-weight,rebalance=year|band=0.01"
2022-01-18,0.1505181102,0.1516515584,0.1372929595,0.1294364754,0.1600527521,0.1458350031,0.1252131414,1,"E1|equal-weight,rebalance=year|band=0.01"
2022-01-19,0.1497686087,0.1522199555,0.1373345841,0.1302296276,0.1593707758,0.1453384916,0.1257379568,1,"E1|equal-weight,rebalance=year|band=0.01"
2022-01-20,0.1483983792,0.1522787553,0.1368842647,0.1317914202,0.160185015,0.1445658925,0.1258962731,1,"E1|equal-weight,rebalance=year|band=0.01"
2022-01-21,0.1490849247,0.1516849357,0.1373201891,0.1328041193,0.1598742469,0.1417183741,0.1275132102,1,"E1|equal-weight,rebalance=year|band=0.01"
2022-01-24,0.1481928218,0.1492752552,0.13793791,0.1361030037,0.1554699938,0.1429222566,0.130098759,1,"E1|equal-weight,rebalance=year|band=0.01"
2022-01-25,0.1483060302,0.1495909404,0.1401380136,0.1353393547,0.1565109776,0.1407947246,0.1293199589,1,"E1|equal-weight,rebalance=year|band=0.01"
2022-01-27,0.1480142162,0.1478727872,0.1416838295,0.135563228,0.1553177725,0.1412499775,0.1302981891,1,"E1|equal-weight,rebalance=year|band=0.01"
2022-01-28,0.1477904405,0.1497007193,0.1409330467,0.1342625921,0.1566763391,0.1403581111,0.1302787512,1,"E1|equal-weight,rebalance=year|band=0.01"
2022-01-31,0.1483175233,0.1494429481,0.1406488992,0.1323470632,0.1583341371,0.1418906484,0.1290187807,1,"E1|equal-weight,rebalance=year|band=0.01"
2022-02-01,0.1483781798,0.1495521588,0.1408102663,0.1319088413,0.1577485666,0.1439273689,0.1276746183,1,"E1|equal-weight,rebalance=year|band=0.01"
2022-02-02,0.1483929996,0.1500103922,0.1421049027,0.1301348868,0.1579547618,0.1453154097,0.1260866472,1,"E1|equal-weight,rebalance=year|band=0.01"
2022-02-03,0.1480758794,0.1505375642,0.1425574557,0.1314569557,0.1575121148,0.1426317711,0.1272282591,1,"E1|equal-weight,rebalance=year|band=0.01"
2022-02-04,0.148134169,0.1508655203,0.1419056243,0.1319268883,0.157727381,0.1418685448,0.1275718723,1,"E1|equal-weight,rebalance=year|band=0.01"
2022-02-07,0.1467042792,0.1510132589,0.1401406992,0.1330280641,0.1582387295,0.1422920716,0.1285828976,1,"E1|equal-weight,rebalance=year|band=0.01"
2022-02-08,0.1473749499,0.1508044601,0.1405151509,0.1339083774,0.1563379737,0.1422007848,0.1288583032,1,"E1|equal-weight,rebalance=year|band=0.01"
2022-02-09,0.1476156168,0.1509227955,0.1412435623,0.1330906711,0.1562709383,0.143290825,0.127565591,1,"E1|equal-weight,rebalance=year|band=0.01"
2022-02-10,0.1477374909,0.1506141129,0.1420340833,0.133011603,0.1558035943,0.1438276115,0.126971504,1,"E1|equal-weight,rebalance=year|band=0.01"
2022-02-11,0.1475859319,0.1500747242,0.1415401407,0.1344301884,0.1554724152,0.1426175798,0.1282790199,1,"E1|equal-weight,rebalance=year|band=0.01"
2022-02-14,0.1464543734,0.1482996143,0.1387274841,0.1398588002,0.1526201532,0.1429305662,0.1311090085,1,"E1|equal-weight,rebalance=year|band=0.01"
2022-02-15,0.1481138863,0.1487240398,0.1409920616,0.1369044319,0.1525110657,0.1436779807,0.129076534,1,"E1|equal-weight,rebalance=year|band=0.01"
2022-02-16,0.1476467773,0.1489323738,0.1398844983,0.1365446574,0.1533348516,0.1446630982,0.1289937434,1,"E1|equal-weight,rebalance=year|band=0.01"
2022-02-17,0.1478939878,0.1492074747,0.1389452376,0.1393353564,0.1525744685,0.1426760706,0.1293674045,1,"E1|equal-weight,rebalance=year|band=0.01"
2022-02-18,0.1479075144,0.1483474614,0.1395236981,0.1388891501,0.1523786559,0.1433609006,0.1295926194,1,"E1|equal-weight,rebalance=year|band=0.01"
2022-02-21,0.1493888074,0.1483612354,0.1414205515,0.1402832946,0.1508276423,0.1385452986,0.1311731702,1,"E1|equal-weight,rebalance=year|band=0.01"
2022-02-22,0.1490938558,0.1484119261,0.1409835038,0.1416916841,0.1515602658,0.1366134067,0.1316453576,1,"E1|equal-weight,rebalance=year|band=0.01"
2022-02-23,0.1488308808,0.1497155687,0.1409955831,0.140663243,0.1504146145,0.1377974145,0.1315826954,1,"E1|equal-weight,rebalance=year|band=0.01"
2022-02-24,0.1473775999,0.1457310844,0.1380709797,0.1496455309,0.1482166868,0.1357592052,0.1351989131,1,"E1|equal-weight,rebalance=year|band=0.01"
2022-02-25,0.1463715546,0.147574768,0.1382717717,0.1432926792,0.1523787427,0.1396681192,0.1324423645,1,"E1|equal-weight,rebalance=year|band=0.01"
2022-02-28,0.1470121006,0.1488207533,0.1370838859,0.1430377595,0.1512499365,0.1404609197,0.1323346445,1,"E1|equal-weight,rebalance=year|band=0.01"
2022-03-02,0.1455853549,0.1485068946,0.1338684038,0.145642891,0.1523433654,0.141710872,0.1323422184,1,"E1|equal-weight,rebalance=year|band=0.01"
2022-03-03,0.1447101362,0.1490408396,0.1318694487,0.1458038075,0.1531363135,0.1429707165,0.1324687379,1,"E1|equal-weight,rebalance=year|band=0.01"
2022-03-04,0.1446613039,0.1472582043,0.1322401519,0.1487374194,0.1497378928,0.1429743161,0.1343907116,1,"E1|equal-weight,rebalance=year|band=0.01"
2022-03-07,0.1416829289,0.1452431673,0.1270002478,0.1535022124,0.1563868177,0.1415211617,0.1346634643,1,"E1|equal-weight,rebalance=year|band=0.01"
2022-03-08,0.1433195607,0.1466576975,0.1283428333,0.1540823842,0.1496048435,0.1426039002,0.1353887806,1,"E1|equal-weight,rebalance=year|band=0.01"
2022-03-09,0.1450607895,0.1478240144,0.1299024729,0.1519014511,0.1506189605,0.1404172971,0.1342750145,1,"E1|equal-weight,rebalance=year|band=0.01"
2022-03-10,0.1461638577,0.1488905255,0.1312247221,0.1479418205,0.1527711174,0.1397084392,0.1332995177,1,"E1|equal-weight,rebalance=year|band=0.01"
2022-03-11,0.1460847366,0.1493002284,0.1311621473,0.1491719552,0.1520016304,0.1392818842,0.1329974179,1,"E1|equal-weight,rebalance=year|band=0.01"
2022-03-14,0.1478819467,0.1491161036,0.1335315708,0.1467286622,0.1511481523,0.1388565296,0.1327370347,1,"E1|equal-weight,rebalance=year|band=0.01"
2022-03-15,0.14777879,0.1491533006,0.1337904282,0.1472286267,0.1520060225,0.1359028457,0.1341399863,1,"E1|equal-weight,rebalance=year|band=0.01"
2022-03-16,0.1475404798,0.1497269629,0.1341974336,0.1442160911,0.1522522528,0.1403605453,0.1317062345,1,"E1|equal-weight,rebalance=year|band=0.01"
2022-03-17,0.1483288119,0.1498224883,0.1351396729,0.1426182318,0.1523572081,0.1414726971,0.1302608899,1,"E1|equal-weight,rebalance=year|band=0.01"
2022-03-21,0.147704427,0.1489869168,0.1343551914,0.1427457321,0.1521054676,0.1434051222,0.1306971429,1,"E1|equal-weight,rebalance=year|band=0.01"
2022-03-22,0.1485015907,0.14828278,0.1347979,0.1425937567,0.1511277718,0.1446567776,0.1300394231,1,"E1|equal-weight,rebalance=year|band=0.01"
2022-03-23,0.1473542333,0.1482448813,0.1335298409,0.1425723308,0.1509630694,0.1475985,0.1297371443,1,"E1|equal-weight,rebalance=year|band=0.01"
2022-03-24,0.1472709182,0.1487477237,0.1317286755,0.1431970899,0.1530637415,0.1461401189,0.1298517322,1,"E1|equal-weight,rebalance=year|band=0.01"
2022-03-25,0.1466325851,0.1479489434,0.1308715868,0.1434561817,0.1527700609,0.1488288732,0.1294917691,1,"E1|equal-weight,rebalance=year|band=0.01"
2022-03-28,0.1469656027,0.1477317958,0.1318614394,0.1424356821,0.1526567,0.1488719867,0.1294767932,1,"E1|equal-weight,rebalance=year|band=0.01"
2022-03-29,0.1474209086,0.1481795708,0.1320475786,0.1411993585,0.1522455128,0.1496412584,0.1292658122,1,"E1|equal-weight,rebalance=year|band=0.01"
2022-03-30,0.1475700011,0.1479077384,0.132490544,0.1398557606,0.1525533228,0.1513754022,0.1282472308,1,"E1|equal-weight,rebalance=year|band=0.01"
2022-03-31,0.147329673,0.1480938424,0.1324912791,0.1396892282,0.1528747381,0.1514214834,0.1280997559,1,"E1|equal-weight,rebalance=year|band=0.01"
2022-04-01,0.1428571429,0.1428571429,0.1428571429,0.1428571429,0.1428571429,0.1428571429,0.1428571429,1,"E1|equal-weight,rebalance=year|band=0.01"
2022-04-04,0.1444631055,0.144070472,0.146618382,0.1398627517,0.1426558963,0.1412868487,0.1410425438,1,"E1|equal-weight,rebalance=year|band=0.01"
2022-04-05,0.1436139123,0.144763044,0.1444749445,0.1397819117,0.1456473299,0.1410278523,0.1406910053,1,"E1|equal-weight,rebalance=year|band=0.01"
2022-04-06,0.1431368154,0.1457825248,0.1436397455,0.1410069098,0.1457512734,0.1393173519,0.1413653792,1,"E1|equal-weight,rebalance=year|band=0.01"
2022-04-07,0.1423901976,0.1459823145,0.1439736777,0.1420247636,0.1451942346,0.1385143176,0.1419204945,1,"E1|equal-weight,rebalance=year|band=0.01"
2022-04-08,0.1425508643,0.1472948738,0.1437436336,0.1411417844,0.1454683573,0.1388344847,0.1409660018,1,"E1|equal-weight,rebalance=year|band=0.01"
2022-04-11,0.1416234622,0.1488482557,0.1428807771,0.1427892689,0.146407018,0.1365605896,0.1408906285,1,"E1|equal-weight,rebalance=year|band=0.01"
2022-04-12,0.1416024471,0.1473825183,0.144287418,0.1436417146,0.1446712607,0.1366033897,0.1418112517,1,"E1|equal-weight,rebalance=year|band=0.01"
2022-04-13,0.1406328796,0.1479010191,0.1428807418,0.1450010483,0.1450594942,0.1370192806,0.1415055364,1,"E1|equal-weight,rebalance=year|band=0.01"
2022-04-18,0.1390977999,0.1478836312,0.141348971,0.1474356564,0.1441006781,0.1376124045,0.1425208589,1,"E1|equal-weight,rebalance=year|band=0.01"
2022-04-19,0.1384522091,0.1470819995,0.1407670476,0.1481122344,0.1438414408,0.1378940604,0.1438510081,1,"E1|equal-weight,rebalance=year|band=0.01"
2022-04-20,0.1399773498,0.1473606252,0.1407484385,0.1455413301,0.1439008185,0.1387210148,0.1437504232,1,"E1|equal-weight,rebalance=year|band=0.01"
2022-04-21,0.1408432208,0.1481628008,0.1417724596,0.1446657114,0.1450867897,0.1365350445,0.1429339732,1,"E1|equal-weight,rebalance=year|band=0.01"
2022-04-22,0.1403417735,0.1485219856,0.1399888596,0.1460944074,0.1444588502,0.1366236788,0.143970445,1,"E1|equal-weight,rebalance=year|band=0.01"
2022-04-25,0.1403010822,0.1471723854,0.1416651655,0.146421231,0.1432863717,0.1354366207,0.1457171436,1,"E1|equal-weight,rebalance=year|band=0.01"
2022-04-26,0.1406775214,0.1490649768,0.1414439421,0.1441992934,0.1450607905,0.1352044994,0.1443489762,1,"E1|equal-weight,rebalance=year|band=0.01"
2022-04-27,0.1410733591,0.1488847821,0.1416187278,0.1449607094,0.1447766768,0.13287477,0.1458109748,1,"E1|equal-weight,rebalance=year|band=0.01"
2022-04-28,0.1412293416,0.1493430057,0.1419482774,0.1435282557,0.1447141061,0.1345301507,0.1447068627,1,"E1|equal-weight,rebalance=year|band=0.01"
2022-04-29,0.1409243941,0.1483812761,0.141248935,0.1454692461,0.1431600118,0.1356504214,0.1451657155,1,"E1|equal-weight,rebalance=year|band=0.01"
2022-05-02,0.1412078262,0.1479805785,0.1418830341,0.1439522437,0.1434137682,0.1358114904,0.1457510589,1,"E1|equal-weight,rebalance=year|band=0.01"
2022-05-04,0.1400661934,0.1460728264,0.1405206431,0.1454032017,0.1429475769,0.137206427,0.1477831316,1,"E1|equal-weight,rebalance=year|band=0.01"
2022-05-05,0.1398448158,0.1462032282,0.1399467189,0.1470543796,0.141965772,0.137427222,0.1475578636,1,"E1|equal-weight,rebalance=year|band=0.01"
2022-05-06,0.1394331052,0.1450321872,0.1395363033,0.1491845914,0.1421107918,0.1350223739,0.1496806471,1,"E1|equal-weight,rebalance=year|band=0.01"
2022-05-09,0.1399429694,0.1439091198,0.1395736038,0.1501284566,0.140868061,0.1344628647,0.1511149248,1,"E1|equal-weight,rebalance=year|band=0.01"
2022-05-10,0.1403251274,0.1415877469,0.1410584976,0.1506688595,0.1383999367,0.1357366103,0.1522232216,1,"E1|equal-weight,rebalance=year|band=0.01"
2022-05-11,0.1397264373,0.1414352038,0.141870729,0.1500465534,0.1380717385,0.136551187,0.152298151,1,"E1|equal-weight,rebalance=year|band=0.01"
2022-05-12,0.1391354873,0.1402670911,0.1399813667,0.1524231805,0.1380058938,0.1353153623,0.1548716184,1,"E1|equal-weight,rebalance=year|band=0.01"
2022-05-13,0.1390797297,0.1396368818,0.1388683341,0.1505659565,0.1389378553,0.1378000822,0.1551111604,1,"E1|equal-weight,rebalance=year|band=0.01"
2022-05-16,0.1387947963,0.1406556499,0.1395572655,0.1486554047,0.139998873,0.1381436661,0.1541943446,1,"E1|equal-weight,rebalance=year|band=0.01"
2022-05-17,0.1401870717,0.1417177566,0.1402739682,0.1478370498,0.1419027412,0.1361210457,0.1519603668,1,"E1|equal-weight,rebalance=year|band=0.01"
2022-05-18,0.1399349465,0.1425085952,0.1401329081,0.1473885528,0.1414371252,0.1365570717,0.1520408004,1,"E1|equal-weight,rebalance=year|band=0.01"
2022-05-19,0.1391995952,0.1414085869,0.1393291276,0.1510214006,0.1403699783,0.1335766549,0.1550946564,1,"E1|equal-weight,rebalance=year|band=0.01"
2022-05-20,0.1407059548,0.141213258,0.1410785926,0.150121723,0.1407870404,0.1330616551,0.1530317761,1,"E1|equal-weight,rebalance=year|band=0.01"
2022-05-23,0.1403668192,0.1403900431,0.1409368742,0.1512203812,0.1410953609,0.1329304569,0.1530600645,1,"E1|equal-weight,rebalance=year|band=0.01"
2022-05-24,0.14069829,0.1398528939,0.1418012187,0.1513402596,0.1404350142,0.1320432072,0.1538291164,1,"E1|equal-weight,rebalance=year|band=0.01"
2022-05-25,0.1408147484,0.1384102258,0.1431843447,0.1524733685,0.1385141531,0.1317750648,0.1548280946,1,"E1|equal-weight,rebalance=year|band=0.01"
2022-05-26,0.1413183654,0.1392246729,0.1455770997,0.1509036965,0.1383519728,0.1304985166,0.1541256761,1,"E1|equal-weight,rebalance=year|band=0.01"
2022-05-27,0.1413767903,0.1389913782,0.1464344321,0.1503782719,0.1391756715,0.1307663339,0.1528771222,1,"E1|equal-weight,rebalance=year|band=0.01"
2022-05-30,0.1422392105,0.1406638936,0.1455550293,0.1481664094,0.1417413016,0.1306037909,0.1510303647,1,"E1|equal-weight,rebalance=year|band=0.01"
2022-05-31,0.1420443191,0.1412105158,0.1442711083,0.1483228159,0.1416563642,0.1311822476,0.1513126291,1,"E1|equal-weight,rebalance=year|band=0.01"
2022-06-01,0.1422732161,0.1403502799,0.1454937735,0.1473376819,0.1420108588,0.1307238721,0.1518103177,1,"E1|equal-weight,rebalance=year|band=0.01"
2022-06-02,0.1425061426,0.1403866708,0.1448447475,0.1482390678,0.1423782416,0.1304858844,0.1511592453,1,"E1|equal-weight,rebalance=year|band=0.01"
2022-06-03,0.1426133597,0.138932716,0.1439249064,0.1493124357,0.1413387332,0.1321895393,0.1516883097,1,"E1|equal-weight,rebalance=year|band=0.01"
2022-06-06,0.1429585198,0.1388566698,0.1445077692,0.1492149716,0.1405861794,0.1317167264,0.1521591637,1,"E1|equal-weight,rebalance=year|band=0.01"
2022-06-07,0.1424779266,0.1384951484,0.1440489508,0.1495601818,0.140260939,0.1321536006,0.1530032528,1,"E1|equal-weight,rebalance=year|band=0.01"
2022-06-08,0.1423455875,0.138610931,0.1439845593,0.1498923364,0.1402687581,0.1315832681,0.1533145597,1,"E1|equal-weight,rebalance=year|band=0.01"
2022-06-09,0.1428236893,0.1388420393,0.1437996849,0.1495273496,0.1398952581,0.1323918858,0.152720093,1,"E1|equal-weight,rebalance=year|band=0.01"
2022-06-10,0.1416766561,0.1387620193,0.1429829649,0.1503173891,0.140650604,0.1315718946,0.154038472,1,"E1|equal-weight,rebalance=year|band=0.01"
2022-06-13,0.1404997315,0.1383107113,0.1413015312,0.1543772735,0.137914166,0.1307036653,0.1568929212,1,"E1|equal-weight,rebalance=year|band=0.01"
2022-06-14,0.140657388,0.1393013524,0.141427435,0.1528891595,0.1390698559,0.1290396826,0.1576151267,1,"E1|equal-weight,rebalance=year|band=0.01"
2022-06-15,0.1405491826,0.1396674816,0.1412278488,0.1530905379,0.1395192895,0.1282519129,0.1576937468,1,"E1|equal-weight,rebalance=year|band=0.01"
2022-06-16,0.1392862544,0.1384285211,0.1398837034,0.155310926,0.138296205,0.1291956878,0.1595987023,1,"E1|equal-weight,rebalance=year|band=0.01"
2022-06-17,0.1386969243,0.1362671392,0.1404325302,0.1565719996,0.1361875989,0.1322626177,0.1595811901,1,"E1|equal-weight,rebalance=year|band=0.01"
2022-06-20,0.1404533535,0.1365426933,0.1415153101,0.1572050651,0.1355363963,0.1274988065,0.1612483754,1,"E1|equal-weight,rebalance=year|band=0.01"
2022-06-21,0.1413177727,0.1380615819,0.1421410326,0.1552901322,0.1374412816,0.1262933092,0.1594548897,1,"E1|equal-weight,rebalance=year|band=0.01"
2022-06-22,0.1409557513,0.1376315776,0.1420777603,0.156542887,0.1364036282,0.1252543958,0.1611339999,1,"E1|equal-weight,rebalance=year|band=0.01"
2022-06-23,0.1415167539,0.1379321346,0.142606523,0.1559414922,0.1381308475,0.1236244758,0.160247773,1,"E1|equal-weight,rebalance=year|band=0.01"
2022-06-24,0.1414868965,0.1389082459,0.1434462301,0.1542345326,0.1383689749,0.1246762477,0.1588788724,1,"E1|equal-weight,rebalance=year|band=0.01"
2022-06-27,0.1412766003,0.1387095287,0.1427365101,0.1534372143,0.1391046197,0.1273759404,0.1573595865,1,"E1|equal-weight,rebalance=year|band=0.01"
2022-06-28,0.141733938,0.1392984915,0.1425404393,0.1536615924,0.1397767629,0.125128236,0.15786054,1,"E1|equal-weight,rebalance=year|band=0.01"
2022-06-29,0.1422351986,0.1393331029,0.1420954923,0.1547724071,0.1398739111,0.1225203806,0.1591695074,1,"E1|equal-weight,rebalance=year|band=0.01"
2022-06-30,0.1421654618,0.1388025046,0.1427700434,0.1549309121,0.139222453,0.1227414169,0.1593672081,1,"E1|equal-weight,rebalance=year|band=0.01"
2022-07-01,0.1416603465,0.1399521699,0.1430602196,0.1564607037,0.139784048,0.1202912255,0.1587912869,1,"E1|equal-weight,rebalance=year|band=0.01"
2022-07-04,0.1415373571,0.1399053075,0.1435529224,0.156549586,0.138960058,0.1216861896,0.1578085794,1,"E1|equal-weight,rebalance=year|band=0.01"
2022-07-05,0.14113278,0.1404615564,0.1430844949,0.1570581307,0.1389396759,0.1214030162,0.1579203459,1,"E1|equal-weight,rebalance=year|band=0.01"
2022-07-06,0.141497247,0.1411551041,0.1441356738,0.1533948146,0.1402653383,0.123087986,0.1564638362,1,"E1|equal-weight,rebalance=year|band=0.01"
2022-07-07,0.1416799088,0.1418566297,0.1455291859,0.1503498473,0.1418748801,0.1232872674,0.1554222807,1,"E1|equal-weight,rebalance=year|band=0.01"
2022-07-08,0.1418788283,0.1417497863,0.145816594,0.1498601141,0.1408503768,0.124838611,0.1550056894,1,"E1|equal-weight,rebalance=year|band=0.01"
2022-07-11,0.1412571168,0.1429835828,0.1468935527,0.1492115065,0.1419548889,0.1232701942,0.1544291582,1,"E1|equal-weight,rebalance=year|band=0.01"
2022-07-12,0.1411743548,0.1434716145,0.1462186219,0.1502931802,0.1419655531,0.1215219312,0.1553547443,1,"E1|equal-weight,rebalance=year|band=0.01"
2022-07-13,0.1405138559,0.1438360279,0.1452988679,0.1498628324,0.1426296036,0.1222879742,0.1555708381,1,"E1|equal-weight,rebalance=year|band=0.01"
2022-07-14,0.1407337368,0.143588563,0.145122455,0.1497254291,0.1427170164,0.1221575539,0.1559552458,1,"E1|equal-weight,rebalance=year|band=0.01"
2022-07-15,0.1410661724,0.1441417799,0.1445469678,0.1484899885,0.1434679086,0.1229186959,0.1553684869,1,"E1|equal-weight,rebalance=year|band=0.01"
2022-07-18,0.1411008769,0.1438100334,0.1452880168,0.1480378217,0.1439226614,0.1244519959,0.1533885938,1,"E1|equal-weight,rebalance=year|band=0.01"
2022-07-19,0.1413212029,0.1447806826,0.1464493044,0.1473173176,0.1441789946,0.1227319966,0.1532205012,1,"E1|equal-weight,rebalance=year|band=0.01"
2022-07-20,0.1418128259,0.1442546103,0.1464676273,0.1464711456,0.1436349931,0.1250077533,0.1523510445,1,"E1|equal-weight,rebalance=year|band=0.01"
2022-07-21,0.141762248,0.1450822141,0.1465349257,0.1443917723,0.1448518401,0.1259202484,0.1514567514,1,"E1|equal-weight,rebalance=year|band=0.01"
2022-07-22,0.1419355238,0.1440050736,0.1478534795,0.1456962166,0.1440928281,0.1258842195,0.1505326589,1,"E1|equal-weight,rebalance=year|band=0.01"
2022-07-25,0.1418787217,0.1439929265,0.1479048812,0.1456823027,0.1447046066,0.1249467195,0.1508898419,1,"E1|equal-weight,rebalance=year|band=0.01"
2022-07-26,0.1419112273,0.1434121886,0.1481978814,0.1464991558,0.1439039688,0.1238424454,0.1522331328,1,"E1|equal-weight,rebalance=year|band=0.01"
2022-07-27,0.14223065,0.1432653333,0.1489256451,0.1458306657,0.1447169337,0.1238695085,0.1511612636,1,"E1|equal-weight,rebalance=year|band=0.01"
2022-07-28,0.1429461756,0.1436353587,0.1494733805,0.146003766,0.1439194064,0.1242067116,0.1498152012,1,"E1|equal-weight,rebalance=year|band=0.01"
2022-07-29,0.1434307457,0.1443907553,0.1484911166,0.1447767171,0.1446547137,0.1258130963,0.1484428552,1,"E1|equal-weight,rebalance=year|band=0.01"
2022-08-01,0.1436321717,0.1447850468,0.1487986179,0.1438943191,0.1461745134,0.1256352466,0.1470800845,1,"E1|equal-weight,rebalance=year|band=0.01"
2022-08-02,0.1436693806,0.1454525601,0.149525993,0.1438090238,0.1462201326,0.1241683203,0.1471545896,1,"E1|equal-weight,rebalance=year|band=0.01"
2022-08-03,0.144121332,0.1449756288,0.1492651135,0.1439201894,0.1452948629,0.1251654742,0.1472573991,1,"E1|equal-weight,rebalance=year|band=0.01"
2022-08-04,0.1432934179,0.1448575389,0.1473699611,0.1445694885,0.1453226549,0.128201476,0.1463854627,1,"E1|equal-weight,rebalance=year|band=0.01"
2022-08-05,0.1430103576,0.1445628211,0.1477501367,0.1444166768,0.146016279,0.1281929889,0.1460507397,1,"E1|equal-weight,rebalance=year|band=0.01"
2022-08-08,0.1433103694,0.1443366013,0.1482924332,0.1432305043,0.1485640362,0.1270289342,0.1452371214,1,"E1|equal-weight,rebalance=year|band=0.01"
2022-08-10,0.1440860079,0.1447574436,0.1490463374,0.1446230501,0.1458265447,0.1257845332,0.1458760831,1,"E1|equal-weight,rebalance=year|band=0.01"
2022-08-11,0.1438657338,0.144358907,0.1502504518,0.1435538208,0.1456508894,0.1276274743,0.144692723,1,"E1|equal-weight,rebalance=year|band=0.01"
2022-08-12,0.1437110382,0.1447507737,0.1503237262,0.1432994178,0.1463081894,0.1274411831,0.1441656716,1,"E1|equal-weight,rebalance=year|band=0.01"
2022-08-16,0.143718551,0.1456977908,0.150195957,0.1412911893,0.1473419079,0.1284094031,0.143345201,1,"E1|equal-weight,rebalance=year|band=0.01"
2022-08-17,0.1443090346,0.146740369,0.1504448121,0.1406547838,0.147550575,0.1274149573,0.1428854682,1,"E1|equal-weight,rebalance=year|band=0.01"
2022-08-18,0.1442252245,0.1475921342,0.150998733,0.1403007081,0.1476535929,0.1265204019,0.1427092053,1,"E1|equal-weight,rebalance=year|band=0.01"
2022-08-19,0.1441751082,0.1471281847,0.1498064965,0.1413595008,0.1463459867,0.1269525104,0.1442322126,1,"E1|equal-weight,rebalance=year|band=0.01"
2022-08-22,0.1439094399,0.1464758289,0.149141755,0.1416796678,0.1458972252,0.1268569628,0.1460391205,1,"E1|equal-weight,rebalance=year|band=0.01"
2022-08-23,0.1441946415,0.1467876,0.1501365787,0.1415575347,0.1466825667,0.125237416,0.1454036624,1,"E1|equal-weight,rebalance=year|band=0.01"
2022-08-24,0.1442856613,0.1469711942,0.1510935146,0.1418995207,0.147338026,0.12322821,0.1451838732,1,"E1|equal-weight,rebalance=year|band=0.01"
2022-08-25,0.1432568422,0.1466706188,0.1504482746,0.1425017485,0.1474284342,0.1248858504,0.1448082312,1,"E1|equal-weight,rebalance=year|band=0.01"
2022-08-26,0.1432311246,0.1475006087,0.1505364754,0.1412878579,0.1478761032,0.1248707281,0.1446971022,1,"E1|equal-weight,rebalance=year|band=0.01"
2022-08-29,0.1431029525,0.1486937911,0.1496424292,0.1415567081,0.1480928287,0.1223841278,0.1465271626,1,"E1|equal-weight,rebalance=year|band=0.01"
2022-08-30,0.1442964179,0.1494613614,0.1520306258,0.1395987134,0.148822418,0.1214366834,0.14435378,1,"E1|equal-weight,rebalance=year|band=0.01"
2022-09-01,0.144012668,0.1504774869,0.1526870944,0.1390848604,0.150110826,0.1179350025,0.1456920618,1,"E1|equal-weight,rebalance=year|band=0.01"
2022-09-02,0.1435970569,0.1500643564,0.1526659838,0.1388995177,0.1501112394,0.1192054173,0.1454564286,1,"E1|equal-weight,rebalance=year|band=0.01"
2022-09-05,0.1444026438,0.1499324739,0.1539692367,0.1392307668,0.1500611712,0.1170996505,0.145304057,1,"E1|equal-weight,rebalance=year|band=0.01"
2022-09-06,0.1432094406,0.1502244885,0.1525083134,0.1383118031,0.153668422,0.1175739107,0.1445036216,1,"E1|equal-weight,rebalance=year|band=0.01"
2022-09-07,0.1437450461,0.1513336879,0.1524142357,0.138621079,0.1520466117,0.1166897583,0.1451495814,1,"E1|equal-weight,rebalance=year|band=0.01"
2022-09-08,0.1440718926,0.1507454952,0.1542050027,0.1383719204,0.1505331221,0.1177957731,0.1442767937,1,"E1|equal-weight,rebalance=year|band=0.01"
2022-09-09,0.143960719,0.1502001102,0.1544990236,0.138028526,0.1509732796,0.1185975432,0.1437407984,1,"E1|equal-weight,rebalance=year|band=0.01"
2022-09-12,0.1438764274,0.1508642821,0.1541137031,0.1370258259,0.1515377694,0.1196309237,0.1429510684,1,"E1|equal-weight,rebalance=year|band=0.01"
2022-09-13,0.1443325816,0.1513582925,0.1545997603,0.1362327738,0.1514464317,0.1195621657,0.1424679943,1,"E1|equal-weight,rebalance=year|band=0.01"
2022-09-14,0.1441192595,0.1521145501,0.157280557,0.1354985617,0.151834569,0.1163869647,0.142765538,1,"E1|equal-weight,rebalance=year|band=0.01"
2022-09-15,0.1436753716,0.15327928,0.1566007421,0.1350737009,0.1513753773,0.1172313567,0.1427641713,1,"E1|equal-weight,rebalance=year|band=0.01"
2022-09-16,0.1435351971,0.1518436853,0.1575508693,0.1350818114,0.1504924645,0.1160406299,0.1454553424,1,"E1|equal-weight,rebalance=year|band=0.01"
2022-09-19,0.144022859,0.1520254101,0.1577783527,0.1351984904,0.1506962326,0.1149117993,0.1453668559,1,"E1|equal-weight,rebalance=year|band=0.01"
2022-09-20,0.1441931773,0.1522777876,0.158758909,0.1346572615,0.1508524354,0.1149764475,0.1442839817,1,"E1|equal-weight,rebalance=year|band=0.01"
2022-09-21,0.1442319215,0.1510437403,0.1586020199,0.1360167027,0.1501512888,0.1149150608,0.1450392661,1,"E1|equal-weight,rebalance=year|band=0.01"
2022-09-22,0.1438841301,0.1517483792,0.1568473899,0.1370209692,0.1509102666,0.1144418653,0.1451469997,1,"E1|equal-weight,rebalance=year|band=0.01"
2022-09-23,0.1434696831,0.1512257175,0.1552049316,0.1384397489,0.1504928757,0.1139167704,0.1472502728,1,"E1|equal-weight,rebalance=year|band=0.01"
2022-09-26,0.1433411582,0.1497149591,0.1539701312,0.1402713745,0.1474049907,0.1154164978,0.1498808884,1,"E1|equal-weight,rebalance=year|band=0.01"
2022-09-27,0.1431622513,0.1499977904,0.1528016927,0.1394933348,0.1481780068,0.1165507785,0.1498161456,1,"E1|equal-weight,rebalance=year|band=0.01"
2022-09-28,0.1428777275,0.1499585846,0.1516082098,0.1400113043,0.1488251014,0.1159115202,0.1508075522,1,"E1|equal-weight,rebalance=year|band=0.01"
2022-09-29,0.1420980889,0.1491389696,0.1506550727,0.1415293345,0.1483346549,0.1178828714,0.1503610082,1,"E1|equal-weight,rebalance=year|band=0.01"
2022-09-30,0.1430963412,0.1490398305,0.1530053583,0.1412691393,0.1494200341,0.1149253618,0.1492439348,1,"E1|equal-weight,rebalance=year|band=0.01"
2022-10-03,0.1424955738,0.147396757,0.1524539153,0.1425797886,0.1486969994,0.1155611108,0.1508158551,1,"E1|equal-weight,rebalance=year|band=0.01"
2022-10-04,0.1428792939,0.1480160313,0.1533214519,0.1428472554,0.1494468552,0.1155117905,0.1479773217,1,"E1|equal-weight,rebalance=year|band=0.01"
2022-10-06,0.1422482053,0.1479808453,0.1528113969,0.1424670542,0.151299071,0.1163055606,0.1468878667,1,"E1|equal-weight,rebalance=year|band=0.01"
2022-10-07,0.1425647057,0.1478816022,0.1525756194,0.1432716288,0.1503510721,0.1163233886,0.1470319832,1,"E1|equal-weight,rebalance=year|band=0.01"
2022-10-10,0.1436101618,0.1478583981,0.1537534862,0.1421875714,0.150620695,0.1134501613,0.1485195261,1,"E1|equal-weight,rebalance=year|band=0.01"
2022-10-11,0.1428113793,0.1475578621,0.1538622277,0.142569715,0.149570233,0.1136429965,0.1499855864,1,"E1|equal-weight,rebalance=year|band=0.01"
2022-10-12,0.1435369496,0.1476325259,0.155052829,0.1428254121,0.1493920191,0.1118740995,0.1496861647,1,"E1|equal-weight,rebalance=year|band=0.01"
2022-10-13,0.1433981509,0.1468302952,0.1540423429,0.1437672284,0.1490635019,0.1125443885,0.1503540922,1,"E1|equal-weight,rebalance=year|band=0.01"
2022-10-14,0.1442546666,0.1457576001,0.1559367706,0.1418392042,0.1490782277,0.1133018708,0.1498316601,1,"E1|equal-weight,rebalance=year|band=0.01"
2022-10-17,0.1445702816,0.146288379,0.1578721142,0.1414743369,0.1482127092,0.1119903423,0.1495918368,1,"E1|equal-weight,rebalance=year|band=0.01"
2022-10-18,0.1445607226,0.1464585446,0.15774193,0.1397329993,0.1490234445,0.1142934331,0.1481889259,1,"E1|equal-weight,rebalance=year|band=0.01"
2022-10-19,0.1446832533,0.1462060882,0.158028296,0.1399390003,0.1486376173,0.1143138963,0.1481918485,1,"E1|equal-weight,rebalance=year|band=0.01"
2022-10-20,0.1452483831,0.1477669022,0.15734549,0.1395516036,0.1484243179,0.1133445529,0.1483187502,1,"E1|equal-weight,rebalance=year|band=0.01"
2022-10-21,0.1456201341,0.1461864938,0.1600749663,0.1388430464,0.1481038581,0.1125222242,0.1486492772,1,"E1|equal-weight,rebalance=year|band=0.01"
2022-10-24,0.1453638533,0.1455951758,0.1601889968,0.1398267392,0.1479338399,0.1138943618,0.1471970332,1,"E1|equal-weight,rebalance=year|band=0.01"
2022-10-25,0.1451955205,0.1454354802,0.1600639452,0.1391589175,0.1483749695,0.1142016425,0.1475695246,1,"E1|equal-weight,rebalance=year|band=0.01"
2022-10-27,0.1453886237,0.1462551681,0.1600765397,0.1395839105,0.148285587,0.1133278279,0.1470823431,1,"E1|equal-weight,rebalance=year|band=0.01"
2022-10-28,0.1461994261,0.146408926,0.1594832401,0.1394134556,0.1486752773,0.112281509,0.1475381658,1,"E1|equal-weight,rebalance=year|band=0.01"
2022-10-31,0.1467637064,0.1460663902,0.1593872319,0.1381446059,0.1491960871,0.1140004828,0.1464414957,1,"E1|equal-weight,rebalance=year|band=0.01"
2022-11-01,0.1471247827,0.1468727275,0.1584562572,0.1375424151,0.1498306794,0.114604133,0.1455690051,1,"E1|equal-weight,rebalance=year|band=0.01"
2022-11-02,0.1471280184,0.146862781,0.1583309511,0.1385477387,0.1492835931,0.1138199997,0.146026918,1,"E1|equal-weight,rebalance=year|band=0.01"
2022-11-03,0.147669499,0.1474442307,0.1595106642,0.137473205,0.1510143222,0.1102810434,0.1466070355,1,"E1|equal-weight,rebalance=year|band=0.01"
2022-11-04,0.1480470203,0.1478234393,0.1594658701,0.1384875687,0.1507055743,0.108746968,0.1467235594,1,"E1|equal-weight,rebalance=year|band=0.01"
2022-11-07,0.1477077766,0.1481624845,0.1599999824,0.1390090611,0.1506084697,0.1086706803,0.1458415454,1,"E1|equal-weight,rebalance=year|band=0.01"
2022-11-09,0.1474532633,0.1478595015,0.1603951036,0.1397102559,0.14968488,0.1090395874,0.1458574084,1,"E1|equal-weight,rebalance=year|band=0.01"
2022-11-10,0.1472620486,0.1472739666,0.1607178381,0.1412352218,0.1488503898,0.1078815019,0.1467790332,1,"E1|equal-weight,rebalance=year|band=0.01"
2022-11-11,0.1477946272,0.1467537316,0.160613429,0.1411969173,0.1469702497,0.1118066212,0.144864424,1,"E1|equal-weight,rebalance=year|band=0.01"
2022-11-14,0.1475116683,0.1472267508,0.1602405614,0.1411507485,0.1467255102,0.1124461759,0.1446985849,1,"E1|equal-weight,rebalance=year|band=0.01"
2022-11-15,0.1475078528,0.146971047,0.1607189119,0.1416626266,0.146269338,0.1126824132,0.1441878104,1,"E1|equal-weight,rebalance=year|band=0.01"
2022-11-16,0.1474165102,0.14578022,0.1611612466,0.1422303521,0.1456798863,0.113578322,0.1441534628,1,"E1|equal-weight,rebalance=year|band=0.01"
2022-11-17,0.1475305994,0.1452731963,0.1617052766,0.1422499335,0.1455736663,0.1128930439,0.1447742839,1,"E1|equal-weight,rebalance=year|band=0.01"
2022-11-18,0.1474309716,0.1446444924,0.161784729,0.1426366012,0.1448832878,0.1137160703,0.1449038477,1,"E1|equal-weight,rebalance=year|band=0.01"
2022-11-21,0.1471420026,0.1444746049,0.1620517431,0.1418824675,0.1451527514,0.1136046505,0.14569178,1,"E1|equal-weight,rebalance=year|band=0.01"
2022-11-22,0.1474111932,0.1445053641,0.1621342747,0.1419730837,0.1460309532,0.1124608441,0.1454842869,1,"E1|equal-weight,rebalance=year|band=0.01"
2022-11-23,0.1471202552,0.1443830973,0.1626645556,0.1410843505,0.1463339723,0.1133936798,0.1450200893,1,"E1|equal-weight,rebalance=year|band=0.01"
2022-11-24,0.1479079814,0.1441394568,0.1629986671,0.1411318324,0.1457694581,0.1138271789,0.1442254252,1,"E1|equal-weight,rebalance=year|band=0.01"
2022-11-25,0.1481117433,0.1442926365,0.1627150363,0.1406985701,0.1467445297,0.1134361303,0.144001354,1,"E1|equal-weight,rebalance=year|band=0.01"
2022-11-28,0.148397399,0.1443940841,0.1625308335,0.140928141,0.1474918975,0.1123894983,0.1438681466,1,"E1|equal-weight,rebalance=year|band=0.01"
2022-11-29,0.1485845272,0.1450290754,0.1626439417,0.1407729064,0.1469130852,0.1122553071,0.1438011571,1,"E1|equal-weight,rebalance=year|band=0.01"
2022-11-30,0.1490024555,0.1459202721,0.162472507,0.1402930227,0.1478087507,0.1111649625,0.1433380295,1,"E1|equal-weight,rebalance=year|band=0.01"
2022-12-01,0.1487040081,0.1456333899,0.1613994122,0.1402746033,0.1482544533,0.1132427815,0.1424913516,1,"E1|equal-weight,rebalance=year|band=0.01"
2022-12-02,0.1478042397,0.1455221803,0.1605927776,0.1414956509,0.1492671347,0.1131609242,0.1421570926,1,"E1|equal-weight,rebalance=year|band=0.01"
2022-12-05,0.1472589204,0.1451694179,0.1611324904,0.1418751702,0.1495469632,0.1130542888,0.1419627492,1,"E1|equal-weight,rebalance=year|band=0.01"
2022-12-06,0.1474000942,0.1454876131,0.1611071763,0.1413867408,0.1492176861,0.1130672158,0.1423334738,1,"E1|equal-weight,rebalance=year|band=0.01"
2022-12-07,0.1470058972,0.1462965991,0.1611528295,0.1419532972,0.1488813847,0.1118468523,0.14286314,1,"E1|equal-weight,rebalance=year|band=0.01"
2022-12-08,0.1469412707,0.146295819,0.1623909062,0.1420467297,0.1484841183,0.1115404814,0.1423006747,1,"E1|equal-weight,rebalance=year|band=0.01"
2022-12-09,0.1463129214,0.1456738754,0.1627840605,0.1423900425,0.1484216569,0.1119031492,0.1425142941,1,"E1|equal-weight,rebalance=year|band=0.01"
2022-12-12,0.1462336949,0.1455047139,0.1628828019,0.1424683803,0.1487653596,0.1117232217,0.1424218276,1,"E1|equal-weight,rebalance=year|band=0.01"
2022-12-13,0.1464647701,0.1447019702,0.1632910037,0.1417890447,0.1494019057,0.1124945317,0.1418567739,1,"E1|equal-weight,rebalance=year|band=0.01"
2022-12-14,0.1462644161,0.1446724644,0.1626523364,0.1423555378,0.1496752123,0.1130950707,0.1412849623,1,"E1|equal-weight,rebalance=year|band=0.01"
2022-12-15,0.145749678,0.1446894648,0.1624049214,0.1422279943,0.1494640641,0.1127206601,0.1427432173,1,"E1|equal-weight,rebalance=year|band=0.01"
2022-12-16,0.1459308093,0.1439040379,0.1627025925,0.1436331125,0.1483511453,0.1115229804,0.143955322,1,"E1|equal-weight,rebalance=year|band=0.01"
2022-12-19,0.1463176157,0.1447217871,0.1627611498,0.1439277052,0.147978627,0.1109574348,0.1433356802,1,"E1|equal-weight,rebalance=year|band=0.01"
2022-12-20,0.1462475714,0.1449547775,0.1633819041,0.1452127215,0.1475922881,0.1089900401,0.1436206973,1,"E1|equal-weight,rebalance=year|band=0.01"
2022-12-21,0.1459758256,0.1436539646,0.1615817405,0.1466027167,0.1473385849,0.1101610349,0.1446861326,1,"E1|equal-weight,rebalance=year|band=0.01"
2022-12-22,0.145888866,0.1430845213,0.1615387025,0.1471740219,0.1464274972,0.1106393788,0.1452470123,1,"E1|equal-weight,rebalance=year|band=0.01"
2022-12-23,0.146137231,0.140546533,0.1611976372,0.149417044,0.1437999133,0.1108460027,0.1480556387,1,"E1|equal-weight,rebalance=year|band=0.01"
2022-12-26,0.1458205431,0.1418379415,0.1627400733,0.1475209017,0.1458757111,0.1099510207,0.1462538087,1,"E1|equal-weight,rebalance=year|band=0.01"
2022-12-27,0.1457946584,0.1424068993,0.1629435799,0.1474875371,0.1462979678,0.1093826577,0.1456866998,1,"E1|equal-weight,rebalance=year|band=0.01"
2022-12-28,0.1460000801,0.1432717251,0.1629968198,0.1466943785,0.1468651771,0.1082421387,0.1459296808,1,"E1|equal-weight,rebalance=year|band=0.01"
2022-12-29,0.1464524209,0.1432373075,0.164447838,0.1467529769,0.1465580296,0.1067134258,0.1458380013,1,"E1|equal-weight,rebalance=year|band=0.01"
2022-12-30,0.1456278674,0.142924716,0.1635882929,0.147037654,0.1474236663,0.1077935225,0.1456042808,1,"E1|equal-weight,rebalance=year|band=0.01"
2023-01-02,0.1458876984,0.1417434397,0.1634469944,0.14752786,0.1481714894,0.1082222607,0.1450002575,1,"E1|equal-weight,rebalance=year|band=0.01"
2023-01-03,0.1455308659,0.1420840376,0.1635328385,0.1483491542,0.1476884772,0.1083862209,0.1444284057,1,"E1|equal-weight,rebalance=year|band=0.01"
2023-01-04,0.1449893672,0.1413339621,0.1631159564,0.1506792542,0.1469201066,0.1075822223,0.1453791313,1,"E1|equal-weight,rebalance=year|band=0.01"
2023-01-05,0.1448418081,0.1424408933,0.1620606131,0.1500733282,0.1474818241,0.1074002824,0.1457012508,1,"E1|equal-weight,rebalance=year|band=0.01"
2023-01-06,0.1447386376,0.142199579,0.1614679705,0.1501159471,0.1481273031,0.1067236161,0.1466269467,1,"E1|equal-weight,rebalance=year|band=0.01"
2023-01-09,0.1452797305,0.1422353221,0.1612554517,0.1506417735,0.1471567844,0.1080817846,0.1453491533,1,"E1|equal-weight,rebalance=year|band=0.01"
2023-01-10,0.1444290947,0.1424533304,0.1602892648,0.1509293782,0.1471924802,0.1086025479,0.1461039039,1,"E1|equal-weight,rebalance=year|band=0.01"
2023-01-11,0.1443191988,0.141603025,0.1608852702,0.1510032116,0.1471687122,0.1090049175,0.1460156647,1,"E1|equal-weight,rebalance=year|band=0.01"
2023-01-12,0.143923313,0.141896958,0.1602314864,0.150769208,0.1469346064,0.110219407,0.1460250212,1,"E1|equal-weight,rebalance=year|band=0.01"
2023-01-13,0.1442164315,0.1420939505,0.160842851,0.1511855735,0.1463530665,0.1097129255,0.1455952013,1,"E1|equal-weight,rebalance=year|band=0.01"
2023-01-16,0.1435839629,0.1419790491,0.1599993279,0.1524157496,0.145768736,0.1108173702,0.1454358044,1,"E1|equal-weight,rebalance=year|band=0.01"
2023-01-17,0.1445298083,0.1419606651,0.1600416758,0.1516987447,0.1451986019,0.1111971201,0.145373384,1,"E1|equal-weight,rebalance=year|band=0.01"
2023-01-18,0.1449938661,0.1413135669,0.1603363713,0.1511570537,0.1459372862,0.1112643563,0.1449974995,1,"E1|equal-weight,rebalance=year|band=0.01"
2023-01-19,0.1453276576,0.1412484591,0.1603823108,0.151798202,0.1459524277,0.1097735504,0.1455173924,1,"E1|equal-weight,rebalance=year|band=0.01"
2023-01-20,0.144700338,0.1410405807,0.1612013896,0.1527073892,0.1456482622,0.1090693323,0.1456327081,1,"E1|equal-weight,rebalance=year|band=0.01"
2023-01-23,0.1448502064,0.140799521,0.161674512,0.1521341118,0.1446341111,0.1107785938,0.145128944,1,"E1|equal-weight,rebalance=year|band=0.01"
2023-01-24,0.1445464296,0.1402334643,0.16101306,0.1522662086,0.1443016607,0.1127781655,0.1448610114,1,"E1|equal-weight,rebalance=year|band=0.01"
2023-01-25,0.1446937518,0.138545759,0.1592691672,0.1537987227,0.14403414,0.112865024,0.1467934354,1,"E1|equal-weight,rebalance=year|band=0.01"
2023-01-27,0.1441324154,0.1347749853,0.1561640182,0.1556790236,0.1441682392,0.1164992289,0.1485820894,1,"E1|equal-weight,rebalance=year|band=0.01"
2023-01-30,0.1445259216,0.1332910079,0.1564030799,0.1558701481,0.1436574387,0.1173809303,0.1488714734,1,"E1|equal-weight,rebalance=year|band=0.01"
2023-01-31,0.1440869313,0.1342382359,0.1569164005,0.1549257483,0.1450899686,0.1164430379,0.1482996775,1,"E1|equal-weight,rebalance=year|band=0.01"
2023-02-01,0.1438868595,0.1322401192,0.1562040693,0.1573150217,0.1445404069,0.1174501255,0.148363398,1,"E1|equal-weight,rebalance=year|band=0.01"
2023-02-02,0.1426550208,0.1308236481,0.1557649317,0.1594959181,0.1429343861,0.1210372573,0.1472888378,1,"E1|equal-weight,rebalance=year|band=0.01"
2023-02-03,0.1441966565,0.1301615458,0.1582358727,0.1560774252,0.1427097006,0.12139794,0.1472208591,1,"E1|equal-weight,rebalance=year|band=0.01"
2023-02-06,0.1435468339,0.131383931,0.1577282022,0.154686738,0.143640383,0.1218931748,0.1471207371,1,"E1|equal-weight,rebalance=year|band=0.01"
2023-02-07,0.1431171169,0.1311337952,0.1580120134,0.1546679462,0.1435351262,0.1224966117,0.1470373904,1,"E1|equal-weight,rebalance=year|band=0.01"
2023-02-08,0.1434059528,0.1315857,0.157262456,0.1541986668,0.1439966006,0.1233249351,0.1462256886,1,"E1|equal-weight,rebalance=year|band=0.01"
2023-02-09,0.1438068337,0.1305309269,0.1575965644,0.1540710846,0.1445372453,0.1230616179,0.1463957273,1,"E1|equal-weight,rebalance=year|band=0.01"
2023-02-10,0.1440354268,0.1313581527,0.1581060685,0.1532148391,0.1454165949,0.1209112825,0.1469576354,1,"E1|equal-weight,rebalance=year|band=0.01"
2023-02-13,0.1442191281,0.1299499498,0.1580019606,0.1541435383,0.1444462815,0.1213383069,0.1479008348,1,"E1|equal-weight,rebalance=year|band=0.01"
2023-02-14,0.1447650692,0.1297480804,0.1587134499,0.1540163386,0.143086399,0.1222302118,0.147440451,1,"E1|equal-weight,rebalance=year|band=0.01"
2023-02-15,0.1454628668,0.130033947,0.1589993414,0.1519077792,0.1438586317,0.1223892799,0.1473481541,1,"E1|equal-weight,rebalance=year|band=0.01"
2023-02-16,0.1450820455,0.1309633847,0.1582121438,0.1513656334,0.144475716,0.1231132463,0.1467878302,1,"E1|equal-weight,rebalance=year|band=0.01"
2023-02-17,0.1454447001,0.1310334414,0.1575748413,0.1518274018,0.1443677968,0.1217858477,0.1479659708,1,"E1|equal-weight,rebalance=year|band=0.01"
2023-02-20,0.1449036903,0.1307494686,0.1562453147,0.1531731385,0.1447970675,0.1221028969,0.1480284236,1,"E1|equal-weight,rebalance=year|band=0.01"
2023-02-21,0.1449475799,0.1308810662,0.1562003166,0.1530977996,0.1445071511,0.1220160344,0.1483500521,1,"E1|equal-weight,rebalance=year|band=0.01"
2023-02-22,0.1444581282,0.1303881255,0.1555966258,0.154439759,0.1440070422,0.1211277873,0.1499825321,1,"E1|equal-weight,rebalance=year|band=0.01"
2023-02-23,0.1443187359,0.1299710809,0.1558167162,0.1537288967,0.1440174132,0.1218957453,0.1502514117,1,"E1|equal-weight,rebalance=year|band=0.01"
2023-02-24,0.1440542091,0.1299518465,0.1555435739,0.1536306935,0.1442566107,0.1221334246,0.1504296418,1,"E1|equal-weight,rebalance=year|band=0.01"
2023-02-27,0.143914004,0.1293029041,0.1575458406,0.1531087251,0.1430763202,0.1219810391,0.1510711669,1,"E1|equal-weight,rebalance=year|band=0.01"
2023-02-28,0.1432842265,0.1294881037,0.1574517574,0.153032952,0.1439563901,0.121674218,0.1511123523,1,"E1|equal-weight,rebalance=year|band=0.01"
2023-03-01,0.1432224696,0.1298274938,0.1577324656,0.1528553993,0.1453991642,0.1211353618,0.1498276457,1,"E1|equal-weight,rebalance=year|band=0.01"
2023-03-02,0.1426309456,0.1301809068,0.1571080177,0.1534344513,0.1457378169,0.1206139325,0.1502939291,1,"E1|equal-weight,rebalance=year|band=0.01"
2023-03-03,0.1436919082,0.1306632084,0.1589885493,0.1525360647,0.1451226946,0.1195874546,0.1494101202,1,"E1|equal-weight,rebalance=year|band=0.01"
2023-03-06,0.1435910252,0.131015116,0.158291319,0.1515789796,0.1461826486,0.1208162921,0.1485246196,1,"E1|equal-weight,rebalance=year|band=0.01"
2023-03-08,0.1441357309,0.1313532677,0.1594154915,0.1496480631,0.1464059735,0.1201438278,0.1488976455,1,"E1|equal-weight,rebalance=year|band=0.01"
2023-03-09,0.1436162964,0.1309437199,0.1588623977,0.1499634418,0.1470938457,0.1201195245,0.1494007739,1,"E1|equal-weight,rebalance=year|band=0.01"
2023-03-10,0.1429543034,0.1315273602,0.1569672241,0.1519041921,0.1466983535,0.1197131946,0.1502353721,1,"E1|equal-weight,rebalance=year|band=0.01"
2023-03-13,0.1419583477,0.1309645084,0.1546643245,0.15743732,0.1447270043,0.1188749031,0.151373592,1,"E1|equal-weight,rebalance=year|band=0.01"
2023-03-14,0.1412426527,0.1296633716,0.1543133042,0.1586587542,0.1442046729,0.12029892,0.1516183244,1,"E1|equal-weight,rebalance=year|band=0.01"
2023-03-15,0.1406212309,0.1302097499,0.1527860554,0.1580024006,0.1443310132,0.1224200943,0.1516294558,1,"E1|equal-weight,rebalance=year|band=0.01"
2023-03-16,0.1400155423,0.1300615932,0.1522368589,0.1596860359,0.1437442528,0.1233563267,0.1508993902,1,"E1|equal-weight,rebalance=year|band=0.01"
2023-03-17,0.1403209805,0.1304808322,0.1528968183,0.1591782442,0.1426045095,0.1242222342,0.150296381,1,"E1|equal-weight,rebalance=year|band=0.01"
2023-03-20,0.1394513587,0.1295714085,0.1520648843,0.1629409027,0.141481887,0.1240514575,0.1504381012,1,"E1|equal-weight,rebalance=year|band=0.01"
2023-03-21,0.1399169723,0.1295875884,0.1536403828,0.1610145343,0.1419398467,0.1239242397,0.1499764357,1,"E1|equal-weight,rebalance=year|band=0.01"
2023-03-22,0.1400974084,0.1305535051,0.1538793517,0.1594596471,0.1419840012,0.1241629967,0.1498630898,1,"E1|equal-weight,rebalance=year|band=0.01"
2023-03-23,0.1396148733,0.1299479932,0.1527180503,0.1607566022,0.1419605843,0.1248452124,0.1501566843,1,"E1|equal-weight,rebalance=year|band=0.01"
2023-03-24,0.1390548514,0.129626667,0.1521604565,0.162900624,0.1405767351,0.1251187679,0.150561898,1,"E1|equal-weight,rebalance=year|band=0.01"
2023-03-27,0.1395694695,0.128958789,0.1525891547,0.1614625793,0.1402236807,0.126430416,0.1507659108,1,"E1|equal-weight,rebalance=year|band=0.01"
2023-03-28,0.1395301066,0.1280372884,0.1535347817,0.1618576688,0.1405839597,0.1253899262,0.1510662686,1,"E1|equal-weight,rebalance=year|band=0.01"
2023-03-29,0.1392573136,0.1276531007,0.153621495,0.1612403295,0.142130159,0.1263190394,0.1497785628,1,"E1|equal-weight,rebalance=year|band=0.01"
2023-03-31,0.1399293886,0.1282587211,0.1545731121,0.1608515557,0.1411743151,0.1267770599,0.1484358476,1,"E1|equal-weight,rebalance=year|band=0.01"
2023-04-03,0.1428571429,0.1428571429,0.1428571429,0.1428571429,0.1428571429,0.1428571429,0.1428571429,1,"E1|equal-weight,rebalance=year|band=0.01"
2023-04-05,0.1433370453,0.1428268079,0.1427141664,0.1450869013,0.1427898684,0.1410759671,0.1421692436,1,"E1|equal-weight,rebalance=year|band=0.01"
2023-04-06,0.1438873222,0.1435054591,0.1429532901,0.1449378719,0.1429145483,0.1395872933,0.1422142151,1,"E1|equal-weight,rebalance=year|band=0.01"
2023-04-10,0.1435683497,0.143860193,0.1422799333,0.1436396607,0.1437995439,0.1406208035,0.1422315159,1,"E1|equal-weight,rebalance=year|band=0.01"
2023-04-11,0.143719824,0.1434510032,0.1433205812,0.1434330562,0.143872666,0.1406171056,0.1415857638,1,"E1|equal-weight,rebalance=year|band=0.01"
2023-04-12,0.1440696151,0.1437093814,0.1438065539,0.1436041029,0.1441899944,0.1392979927,0.1413223595,1,"E1|equal-weight,rebalance=year|band=0.01"
2023-04-13,0.144005461,0.1431980875,0.1453446548,0.1440545151,0.1440737703,0.1381335766,0.1411899349,1,"E1|equal-weight,rebalance=year|band=0.01"
2023-04-17,0.1430330818,0.1436087371,0.1455659159,0.1430523065,0.1443967464,0.1393803894,0.1409628229,1,"E1|equal-weight,rebalance=year|band=0.01"
2023-04-18,0.1422360426,0.1439158786,0.1452090355,0.1422513897,0.1452775242,0.1404241955,0.1406859339,1,"E1|equal-weight,rebalance=year|band=0.01"
2023-04-19,0.1426031446,0.1432431384,0.1455118865,0.1417900701,0.1458510934,0.1396506867,0.1413499802,1,"E1|equal-weight,rebalance=year|band=0.01"
2023-04-20,0.1424698183,0.1428829872,0.1456872822,0.1430020719,0.1455724627,0.1392379973,0.1411473804,1,"E1|equal-weight,rebalance=year|band=0.01"
2023-04-21,0.1427104944,0.1429046706,0.1455537448,0.1423760692,0.1454820427,0.1394666957,0.1415062826,1,"E1|equal-weight,rebalance=year|band=0.01"
2023-04-24,0.1428717241,0.1430320016,0.1467469663,0.1416456153,0.1457447459,0.1390201108,0.140938836,1,"E1|equal-weight,rebalance=year|band=0.01"
2023-04-25,0.1429628615,0.143662592,0.1467384541,0.1417702996,0.1454384597,0.1385105983,0.1409167349,1,"E1|equal-weight,rebalance=year|band=0.01"
2023-04-26,0.1430675473,0.1437132975,0.1469721519,0.1419581182,0.1456177851,0.1379820143,0.1406890858,1,"E1|equal-weight,rebalance=year|band=0.01"
2023-04-27,0.1435962097,0.1438964994,0.1471284063,0.1415025409,0.1461421424,0.1374458444,0.1402883568,1,"E1|equal-weight,rebalance=year|band=0.01"
2023-04-28,0.143840756,0.1449880479,0.1470975018,0.1401647433,0.146340358,0.1379916979,0.1395768951,1,"E1|equal-weight,rebalance=year|band=0.01"
2023-05-02,0.1438306811,0.1447632964,0.1466904346,0.1395409921,0.1475548973,0.1387215159,0.1388981827,1,"E1|equal-weight,rebalance=year|band=0.01"
2023-05-03,0.1432570473,0.1450413722,0.1465866214,0.1415224892,0.1472344387,0.1374903958,0.1388676355,1,"E1|equal-weight,rebalance=year|band=0.01"
2023-05-04,0.143810014,0.14526227,0.1470067786,0.1420322324,0.147791075,0.1358973873,0.1382002426,1,"E1|equal-weight,rebalance=year|band=0.01"
2023-05-05,0.1432673794,0.1457881335,0.1446113441,0.1426134707,0.1482510566,0.1366508849,0.1388177307,1,"E1|equal-weight,rebalance=year|band=0.01"
2023-05-08,0.1437572653,0.146114363,0.1455433728,0.1408701119,0.1483974065,0.137249443,0.1380680374,1,"E1|equal-weight,rebalance=year|band=0.01"
2023-05-09,0.1438221908,0.1460096709,0.1452003875,0.1414811043,0.1477832968,0.137541182,0.1381621676,1,"E1|equal-weight,rebalance=year|band=0.01"
2023-05-10,0.1438025978,0.1463620258,0.14527184,0.1414114663,0.1480570984,0.1371329157,0.1379620561,1,"E1|equal-weight,rebalance=year|band=0.01"
2023-05-11,0.1433637954,0.1468134932,0.1452931011,0.1405726232,0.1480315995,0.1385989057,0.1373264818,1,"E1|equal-weight,rebalance=year|band=0.01"
2023-05-12,0.1434461279,0.1467765709,0.1465011036,0.1394805588,0.1470703066,0.139236329,0.1374890033,1,"E1|equal-weight,rebalance=year|band=0.01"
2023-05-15,0.1436673594,0.1468723726,0.1467973201,0.139936709,0.1473597934,0.1383263453,0.1370401002,1,"E1|equal-weight,rebalance=year|band=0.01"
2023-05-16,0.1431245791,0.1470894016,0.1467755101,0.1393692462,0.1479652425,0.1385560918,0.1371199288,1,"E1|equal-weight,rebalance=year|band=0.01"
2023-05-17,0.1430228617,0.1467301942,0.1465237656,0.1386382176,0.1479873935,0.139524873,0.1375726944,1,"E1|equal-weight,rebalance=year|band=0.01"
2023-05-18,0.1424892462,0.1453465879,0.1468054235,0.1385330726,0.1474906158,0.1417545448,0.1375805093,1,"E1|equal-weight,rebalance=year|band=0.01"
2023-05-19,0.1424511604,0.1452831747,0.1467870222,0.137561223,0.146457,0.1444149598,0.13704546,1,"E1|equal-weight,rebalance=year|band=0.01"
2023-05-22,0.1425093793,0.1461611314,0.1460755889,0.138424778,0.1471180102,0.1431527563,0.1365583558,1,"E1|equal-weight,rebalance=year|band=0.01"
2023-05-23,0.1426539038,0.1464765973,0.1460528491,0.1369080385,0.147867784,0.1435117265,0.1365291009,1,"E1|equal-weight,rebalance=year|band=0.01"
2023-05-24,0.1424289061,0.1465583026,0.1457068327,0.1380783816,0.1483796614,0.1419789527,0.136868963,1,"E1|equal-weight,rebalance=year|band=0.01"
2023-05-25,0.142336817,0.146926752,0.1451543463,0.136874734,0.1485371628,0.1436792491,0.1364909387,1,"E1|equal-weight,rebalance=year|band=0.01"
2023-05-26,0.143039958,0.1476829799,0.1453810967,0.1357755773,0.1490371876,0.1433464388,0.1357367617,1,"E1|equal-weight,rebalance=year|band=0.01"
2023-05-29,0.1427694292,0.1472965878,0.1454108275,0.1342688985,0.1490272462,0.1465380698,0.134688941,1,"E1|equal-weight,rebalance=year|band=0.01"
2023-05-30,0.1426541623,0.1471088076,0.1454208827,0.1339113257,0.1491637486,0.1472787264,0.1344623466,1,"E1|equal-weight,rebalance=year|band=0.01"
2023-05-31,0.1425190965,0.1477573956,0.1451163893,0.1342181182,0.1492838277,0.1462819415,0.1348232312,1,"E1|equal-weight,rebalance=year|band=0.01"
2023-06-01,0.1421914929,0.1486101703,0.1442960654,0.1339837146,0.1505624361,0.1453690164,0.1349871041,1,"E1|equal-weight,rebalance=year|band=0.01"
2023-06-02,0.1420528557,0.1483894074,0.1441564658,0.1341575868,0.150246482,0.1466768428,0.1343203596,1,"E1|equal-weight,rebalance=year|band=0.01"
2023-06-05,0.1422775611,0.1486648507,0.1445884702,0.1325128026,0.1502848755,0.1473531635,0.1343182764,1,"E1|equal-weight,rebalance=year|band=0.01"
2023-06-06,0.1418929965,0.1491084042,0.1445632994,0.1332231,0.1496809665,0.1473935819,0.1341376517,1,"E1|equal-weight,rebalance=year|band=0.01"
2023-06-07,0.1422940101,0.1498742815,0.1442109593,0.1325458409,0.1507272132,0.1466599085,0.1336877864,1,"E1|equal-weight,rebalance=year|band=0.01"
2023-06-08,0.1425473204,0.1498592398,0.1442616383,0.1325624434,0.1508169865,0.1454617194,0.1344906522,1,"E1|equal-weight,rebalance=year|band=0.01"
2023-06-09,0.1419452228,0.1494913514,0.1439484613,0.1329915974,0.1509489947,0.1464165544,0.1342578181,1,"E1|equal-weight,rebalance=year|band=0.01"
2023-06-12,0.1418215704,0.149554729,0.1434500712,0.1325182346,0.151163494,0.1475597279,0.133932173,1,"E1|equal-weight,rebalance=year|band=0.01"
2023-06-13,0.1416717491,0.1499780344,0.1429521665,0.1316368838,0.1515535312,0.1490409493,0.1331666858,1,"E1|equal-weight,rebalance=year|band=0.01"
2023-06-14,0.1418178844,0.1503190925,0.1425923342,0.1306637831,0.1522795859,0.1492559374,0.1330713824,1,"E1|equal-weight,rebalance=year|band=0.01"
2023-06-15,0.1418697975,0.1507170768,0.1412091724,0.1300185761,0.1531076167,0.1495774948,0.1335002657,1,"E1|equal-weight,rebalance=year|band=0.01"
2023-06-16,0.1416232521,0.1509650227,0.1415076281,0.1302111921,0.1525990098,0.150690548,0.1324033471,1,"E1|equal-weight,rebalance=year|band=0.01"
2023-06-19,0.1413654452,0.1512055649,0.1409051143,0.1301570003,0.1533792898,0.1502278426,0.1327597429,1,"E1|equal-weight,rebalance=year|band=0.01"
2023-06-20,0.1416210995,0.1517079386,0.1409669702,0.1298916723,0.1537616251,0.1494286259,0.1326220684,1,"E1|equal-weight,rebalance=year|band=0.01"
2023-06-21,0.1418026089,0.1512983656,0.1411295929,0.1287970068,0.1547482995,0.1496395374,0.132584589,1,"E1|equal-weight,rebalance=year|band=0.01"
2023-06-22,0.1423263276,0.1503365747,0.1417359227,0.1290721813,0.1543097443,0.1487163471,0.1335029025,1,"E1|equal-weight,rebalance=year|band=0.01"
2023-06-23,0.1420912276,0.1492909381,0.1420576758,0.1293650303,0.1532206618,0.1498502342,0.1341242322,1,"E1|equal-weight,rebalance=year|band=0.01"
2023-06-26,0.1419666391,0.1496665236,0.1417984804,0.1297548534,0.1536888032,0.1491771144,0.133947586,1,"E1|equal-weight,rebalance=year|band=0.01"
2023-06-27,0.1424909579,0.1497399369,0.1429956825,0.1289284489,0.1545710618,0.1476492333,0.1336246787,1,"E1|equal-weight,rebalance=year|band=0.01"
2023-06-28,0.1431037153,0.1502163177,0.1432023443,0.127768441,0.1544461102,0.1481477145,0.133115357,1,"E1|equal-weight,rebalance=year|band=0.01"
2023-06-30,0.1438076417,0.1506739819,0.1434043858,0.1263007736,0.1550471536,0.1484887382,0.1322773252,1,"E1|equal-weight,rebalance=year|band=0.01"
2023-07-03,0.1441066477,0.1499369777,0.144205408,0.1261924438,0.1545788938,0.1493923478,0.1315872811,1,"E1|equal-weight,rebalance=year|band=0.01"
2023-07-04,0.1444691094,0.1494943076,0.1448357868,0.1268725151,0.1536450688,0.1492091836,0.1314740287,1,"E1|equal-weight,rebalance=year|band=0.01"
2023-07-05,0.1441499949,0.1505589848,0.1439100903,0.1269294673,0.1546606022,0.1484968388,0.1312940217,1,"E1|equal-weight,rebalance=year|band=0.01"
2023-07-06,0.1442529096,0.150776922,0.1438268955,0.1262003531,0.1554287809,0.1487396681,0.1307744707,1,"E1|equal-weight,rebalance=year|band=0.01"
2023-07-07,0.1440309107,0.150109397,0.1432661987,0.1270454458,0.1551231859,0.1490683268,0.1313565351,1,"E1|equal-weight,rebalance=year|band=0.01"
2023-07-10,0.1442932713,0.1496008197,0.1431829203,0.1273502057,0.1548559865,0.1490007554,0.1317160411,1,"E1|equal-weight,rebalance=year|band=0.01"
2023-07-11,0.1443479421,0.1501053048,0.1425248605,0.1272447864,0.1557007381,0.1487870241,0.131289344,1,"E1|equal-weight,rebalance=year|band=0.01"
2023-07-12,0.1440745531,0.1504528429,0.142023058,0.1269708418,0.1562379138,0.1490503695,0.1311904209,1,"E1|equal-weight,rebalance=year|band=0.01"
2023-07-13,0.1441079216,0.1494277701,0.1417883809,0.1278012287,0.1553881534,0.1505088911,0.1309776541,1,"E1|equal-weight,rebalance=year|band=0.01"
2023-07-14,0.1441542719,0.149693669,0.1414689432,0.1273401332,0.1552949418,0.1517005816,0.1303474592,1,"E1|equal-weight,rebalance=year|band=0.01"
2023-07-17,0.1447817835,0.1495558254,0.1428077169,0.126639518,0.155225867,0.1510308481,0.1299584411,1,"E1|equal-weight,rebalance=year|band=0.01"
2023-07-18,0.1449444001,0.1488460838,0.1424230969,0.1269214132,0.1553686208,0.1516615366,0.1298348487,1,"E1|equal-weight,rebalance=year|band=0.01"
2023-07-19,0.1447709244,0.1487081851,0.1424183678,0.1271139192,0.1550222682,0.1528268731,0.1291394621,1,"E1|equal-weight,rebalance=year|band=0.01"
2023-07-20,0.1455966096,0.1482107491,0.1437981684,0.1270913148,0.1552882547,0.1510263947,0.1289885087,1,"E1|equal-weight,rebalance=year|band=0.01"
2023-07-21,0.1450973739,0.1482535683,0.1445009149,0.1267615992,0.1558415012,0.1497758435,0.1297691991,1,"E1|equal-weight,rebalance=year|band=0.01"
2023-07-24,0.1447694772,0.1484907386,0.1443152214,0.126912809,0.1562668891,0.1492492386,0.1299956259,1,"E1|equal-weight,rebalance=year|band=0.01"
2023-07-25,0.1446072392,0.1489982756,0.1439912892,0.1266479734,0.156076839,0.1497514746,0.1299269089,1,"E1|equal-weight,rebalance=year|band=0.01"
2023-07-26,0.1446249174,0.1488740281,0.1438440041,0.1266830095,0.1563536427,0.1502965516,0.1293238466,1,"E1|equal-weight,rebalance=year|band=0.01"
2023-07-27,0.1437929314,0.1491756655,0.1428465833,0.1268120857,0.1567916668,0.1513317404,0.129249327,1,"E1|equal-weight,rebalance=year|band=0.01"
2023-07-28,0.1434631763,0.150609044,0.1418918425,0.126044109,0.1572361875,0.1516096018,0.1291460388,1,"E1|equal-weight,rebalance=year|band=0.01"
2023-07-31,0.1437358805,0.1507983745,0.1418062329,0.1255392236,0.1578215251,0.151573279,0.1287254844,1,"E1|equal-weight,rebalance=year|band=0.01"
2023-08-01,0.1434999505,0.1504825758,0.1415024133,0.1256094379,0.1585663413,0.1515923487,0.1287469325,1,"E1|equal-weight,rebalance=year|band=0.01"
2023-08-02,0.1433710698,0.1500177462,0.1411058597,0.1267143364,0.1578817699,0.1509782012,0.1299310169,1,"E1|equal-weight,rebalance=year|band=0.01"
2023-08-03,0.1430816075,0.1497913617,0.1404865635,0.1270185551,0.1583789307,0.150613437,0.1306295446,1,"E1|equal-weight,rebalance=year|band=0.01"
2023-08-04,0.1432389152,0.1504310157,0.1406334401,0.1261830969,0.1590141531,0.1506022284,0.1298971506,1,"E1|equal-weight,rebalance=year|band=0.01"
2023-08-07,0.1437377859,0.1505339499,0.1402301963,0.1260640179,0.1601683113,0.1493993986,0.1298663401,1,"E1|equal-weight,rebalance=year|band=0.01"
2023-08-08,0.1435981786,0.1505941369,0.1406345374,0.1262096939,0.1600916246,0.1490136542,0.1298581744,1,"E1|equal-weight,rebalance=year|band=0.01"
2023-08-09,0.1438648696,0.1507271104,0.1404770017,0.1255616166,0.1608233721,0.148843978,0.1297020517,1,"E1|equal-weight,rebalance=year|band=0.01"
2023-08-10,0.1440299971,0.1508991416,0.140453128,0.1260316499,0.1587976977,0.1492209352,0.1305674505,1,"E1|equal-weight,rebalance=year|band=0.01"
2023-08-11,0.1434191205,0.1505802418,0.1395398112,0.1257905484,0.1611284751,0.1489403158,0.1306014874,1,"E1|equal-weight,rebalance=year|band=0.01"
2023-08-14,0.1441024746,0.1493234941,0.1395988393,0.1262242967,0.1614920522,0.1480323794,0.1312264637,1,"E1|equal-weight,rebalance=year|band=0.01"
2023-08-16,0.1442176469,0.1493882721,0.1390408377,0.126340281,0.1615357659,0.1481337362,0.1313434601,1,"E1|equal-weight,rebalance=year|band=0.01"
2023-08-17,0.1439861829,0.1493810185,0.1391711029,0.125918068,0.1623759643,0.1474800561,0.1316876073,1,"E1|equal-weight,rebalance=year|band=0.01"
2023-08-18,0.1440101844,0.149209221,0.1394986552,0.1261754087,0.1627347458,0.1462047611,0.1321670238,1,"E1|equal-weight,rebalance=year|band=0.01"
2023-08-21,0.1437581391,0.1491913317,0.1394106759,0.1254827945,0.1634777343,0.1469799164,0.131699408,1,"E1|equal-weight,rebalance=year|band=0.01"
2023-08-22,0.1430555524,0.1498521201,0.138787226,0.1254636251,0.1640538502,0.1476639335,0.1311236927,1,"E1|equal-weight,rebalance=year|band=0.01"
2023-08-23,0.1432743272,0.1496519147,0.1398817191,0.1248788652,0.1648223355,0.1467181003,0.1307727379,1,"E1|equal-weight,rebalance=year|band=0.01"
2023-08-24,0.1425178736,0.149203556,0.1396785172,0.1251183796,0.1642529341,0.1487561031,0.1304726363,1,"E1|equal-weight,rebalance=year|band=0.01"
2023-08-25,0.1427953537,0.1489946905,0.1397619261,0.1257305064,0.1645117703,0.1468332207,0.1313725322,1,"E1|equal-weight,rebalance=year|band=0.01"
2023-08-28,0.1424527644,0.1496100697,0.1401338607,0.1250126023,0.1644321563,0.1472945482,0.1310639983,1,"E1|equal-weight,rebalance=year|band=0.01"
2023-08-29,0.1421802933,0.1500528405,0.1397341045,0.1250541124,0.1648509481,0.1474684935,0.1306592077,1,"E1|equal-weight,rebalance=year|band=0.01"
2023-08-30,0.1418602627,0.1499538821,0.1383978608,0.1254477177,0.1651796198,0.1490031704,0.1301574865,1,"E1|equal-weight,rebalance=year|band=0.01"
2023-08-31,0.1415232594,0.1491526511,0.1380708052,0.1256275631,0.1653438265,0.1499378682,0.1303440265,1,"E1|equal-weight,rebalance=year|band=0.01"
2023-09-01,0.1416704807,0.149595049,0.1383467934,0.1249274803,0.1658979798,0.1499698892,0.1295923276,1,"E1|equal-weight,rebalance=year|band=0.01"
2023-09-04,0.1418262692,0.1501339884,0.1380917342,0.1244718591,0.1670683646,0.1493952023,0.1290125822,1,"E1|equal-weight,rebalance=year|band=0.01"
2023-09-05,0.141754932,0.1501437595,0.1379898767,0.1240434259,0.1683607154,0.1488840807,0.1288232099,1,"E1|equal-weight,rebalance=year|band=0.01"
2023-09-06,0.1419169684,0.1508342543,0.1375651148,0.1238684809,0.1683745995,0.1486728249,0.1287677572,1,"E1|equal-weight,rebalance=year|band=0.01"
2023-09-07,0.1423000191,0.1513308242,0.1384101945,0.1232472823,0.168858623,0.1473505358,0.1285025211,1,"E1|equal-weight,rebalance=year|band=0.01"
2023-09-08,0.1424532134,0.151929019,0.1387257501,0.1228451415,0.1701222839,0.1459216207,0.1280029714,1,"E1|equal-weight,rebalance=year|band=0.01"
2023-09-11,0.1428441161,0.152259541,0.1390131181,0.1219595286,0.1705360061,0.1461113927,0.1272762974,1,"E1|equal-weight,rebalance=year|band=0.01"
2023-09-12,0.1439266862,0.1502650322,0.1401120024,0.1226465833,0.1669771633,0.1477027293,0.1283698032,1,"E1|equal-weight,rebalance=year|band=0.01"
2023-09-13,0.1445299117,0.1505648129,0.1410122569,0.1221281431,0.1670500372,0.1465049789,0.1282098593,1,"E1|equal-weight,rebalance=year|band=0.01"
2023-09-14,0.1440743747,0.1510085984,0.1408229238,0.1216882576,0.1679639902,0.1466639653,0.1277778899,1,"E1|equal-weight,rebalance=year|band=0.01"
2023-09-15,0.144197242,0.1505912897,0.1409341085,0.1218062078,0.1681347113,0.1470230679,0.1273133728,1,"E1|equal-weight,rebalance=year|band=0.01"
2023-09-18,0.1441072906,0.1509103755,0.140613561,0.1228662544,0.1678235277,0.1460022878,0.127676703,1,"E1|equal-weight,rebalance=year|band=0.01"
2023-09-20,0.1433110871,0.1503965362,0.1395316927,0.1233313966,0.1683865184,0.1466820371,0.1283607319,1,"E1|equal-weight,rebalance=year|band=0.01"
2023-09-21,0.1432739943,0.150351229,0.138354932,0.1241439397,0.1684505737,0.1459101845,0.1295151468,1,"E1|equal-weight,rebalance=year|band=0.01"
2023-09-22,0.1430512328,0.150597415,0.1388665618,0.1242959664,0.1687853498,0.1445767927,0.1298266815,1,"E1|equal-weight,rebalance=year|band=0.01"
2023-09-25,0.1430660674,0.1501244053,0.1390947313,0.1243145899,0.1692443969,0.1442380699,0.1299177393,1,"E1|equal-weight,rebalance=year|band=0.01"
2023-09-26,0.1429774735,0.1504637758,0.1387687737,0.1238742509,0.16963482,0.1442898198,0.1299910864,1,"E1|equal-weight,rebalance=year|band=0.01"
2023-09-27,0.1435317978,0.1504852197,0.1387734765,0.12299671,0.1704637289,0.1438177952,0.1299312718,1,"E1|equal-weight,rebalance=year|band=0.01"
2023-09-28,0.1433707997,0.149955889,0.1387176477,0.1230554365,0.1698586435,0.1441587665,0.1308828171,1,"E1|equal-weight,rebalance=year|band=0.01"
2023-09-29,0.1431296525,0.1503199336,0.1386668434,0.1220948543,0.170739746,0.1449365108,0.1301124594,1,"E1|equal-weight,rebalance=year|band=0.01"
2023-10-03,0.1428159299,0.1506067974,0.1384008315,0.1213509237,0.1715355915,0.1446506552,0.1306392708,1,"E1|equal-weight,rebalance=year|band=0.01"
2023-10-04,0.1432857289,0.1502464217,0.1384619122,0.121236246,0.1708425958,0.1441178965,0.1318091988,1,"E1|equal-weight,rebalance=year|band=0.01"
2023-10-05,0.1437247191,0.1499799899,0.1389375896,0.1206949472,0.1695909151,0.1455253002,0.1315465389,1,"E1|equal-weight,rebalance=year|band=0.01"
2023-10-06,0.1439095695,0.1502698053,0.1389688671,0.120566046,0.170621894,0.1445922644,0.1310715537,1,"E1|equal-weight,rebalance=year|band=0.01"
2023-10-09,0.1438225006,0.149285672,0.1383272141,0.1223824372,0.1692271831,0.1451963851,0.1317586078,1,"E1|equal-weight,rebalance=year|band=0.01"
2023-10-10,0.1436363836,0.1498240585,0.138489317,0.1214193427,0.1691864679,0.1468328518,0.1306115784,1,"E1|equal-weight,rebalance=year|band=0.01"
2023-10-11,0.1440483019,0.1495973759,0.1382776225,0.121453062,0.1699419734,0.1466481993,0.1300334651,1,"E1|equal-weight,rebalance=year|band=0.01"
2023-10-12,0.1435753391,0.1496492577,0.1381672931,0.1216849173,0.1694294756,0.1477682247,0.1297254925,1,"E1|equal-weight,rebalance=year|band=0.01"
2023-10-13,0.1437179757,0.150237179,0.137736178,0.1223490647,0.1691829781,0.1465829032,0.1301937213,1,"E1|equal-weight,rebalance=year|band=0.01"
2023-10-16,0.1432537857,0.1502781148,0.1371827187,0.1239233016,0.1697895139,0.1456250571,0.1299475081,1,"E1|equal-weight,rebalance=year|band=0.01"
2023-10-17,0.1432930142,0.1504175589,0.1371000056,0.1237361379,0.1700752892,0.1457568699,0.1296211243,1,"E1|equal-weight,rebalance=year|band=0.01"
2023-10-18,0.1430395825,0.1498264532,0.1363934663,0.1254460935,0.1692556132,0.1458159897,0.1302228016,1,"E1|equal-weight,rebalance=year|band=0.01"
2023-10-19,0.1430056597,0.1496898989,0.1362585256,0.1260449852,0.1695110752,0.1449605403,0.1305293152,1,"E1|equal-weight,rebalance=year|band=0.01"
2023-10-20,0.1426562022,0.1491027311,0.136668003,0.1282272085,0.1682327655,0.1440549183,0.1310581715,1,"E1|equal-weight,rebalance=year|band=0.01"
2023-10-23,0.1430640601,0.1481904771,0.1367162961,0.1297528503,0.1661485742,0.1433080224,0.1328197199,1,"E1|equal-weight,rebalance=year|band=0.01"
2023-10-25,0.1420994884,0.1470581655,0.1358177719,0.1295802604,0.1670297258,0.1453874665,0.1330271216,1,"E1|equal-weight,rebalance=year|band=0.01"
2023-10-26,0.1415469626,0.1473874829,0.1354423447,0.1318390655,0.1655657354,0.1439457016,0.1342727073,1,"E1|equal-weight,rebalance=year|band=0.01"
2023-10-27,0.1418746556,0.149157307,0.13597718,0.1305156494,0.1661575259,0.1428778804,0.1334398016,1,"E1|equal-weight,rebalance=year|band=0.01"
2023-10-30,0.1421136074,0.1490248952,0.136324076,0.1311060115,0.1660110379,0.1422800418,0.1331403301,1,"E1|equal-weight,rebalance=year|band=0.01"
2023-10-31,0.141754816,0.1493676328,0.1358404777,0.1312105423,0.1661763387,0.1424797716,0.133170421,1,"E1|equal-weight,rebalance=year|band=0.01"
2023-11-01,0.1413069833,0.1488045054,0.1357201061,0.130655384,0.1668344258,0.1432749947,0.1334036006,1,"E1|equal-weight,rebalance=year|band=0.01"
2023-11-02,0.1411325085,0.1494399128,0.1353400811,0.1297018291,0.1664849456,0.145672839,0.1322278839,1,"E1|equal-weight,rebalance=year|band=0.01"
2023-11-03,0.1411345826,0.1500668727,0.1355662454,0.1289389602,0.1668550395,0.1458376316,0.131600668,1,"E1|equal-weight,rebalance=year|band=0.01"
2023-11-06,0.1413961305,0.1502562358,0.1354559928,0.1279284535,0.1668493245,0.1473417715,0.1307720913,1,"E1|equal-weight,rebalance=year|band=0.01"
2023-11-07,0.1412043691,0.1513530563,0.1356236951,0.1268335454,0.1673855157,0.146938299,0.1306615193,1,"E1|equal-weight,rebalance=year|band=0.01"
2023-11-08,0.140899957,0.1515421498,0.1349746837,0.1264582254,0.1683671769,0.1475595407,0.1301982665,1,"E1|equal-weight,rebalance=year|band=0.01"
2023-11-09,0.1407325883,0.1511246935,0.1352236397,0.1254872138,0.1690932312,0.1479519982,0.1303866354,1,"E1|equal-weight,rebalance=year|band=0.01"
2023-11-10,0.1405449877,0.1513490326,0.1352388416,0.1262655424,0.1696207278,0.1467094176,0.1302714504,1,"E1|equal-weight,rebalance=year|band=0.01"
2023-11-12,0.1406052518,0.1515709777,0.1351924321,0.1255344183,0.1697879119,0.1474890129,0.1298199951,1,"E1|equal-weight,rebalance=year|band=0.01"
2023-11-13,0.1401614844,0.1516929616,0.1348953235,0.124807843,0.1700065107,0.1486307674,0.1298051093,1,"E1|equal-weight,rebalance=year|band=0.01"
2023-11-15,0.1402742768,0.1515690962,0.1345855846,0.1248004534,0.169790917,0.1504690268,0.1285106452,1,"E1|equal-weight,rebalance=year|band=0.01"
2023-11-16,0.1406749376,0.1516694038,0.1341503402,0.1243049021,0.1711966036,0.1498057133,0.1281980994,1,"E1|equal-weight,rebalance=year|band=0.01"
2023-11-17,0.1403758927,0.1524663282,0.1323801308,0.1252554813,0.1714040696,0.150087253,0.1280308443,1,"E1|equal-weight,rebalance=year|band=0.01"
2023-11-20,0.1400836755,0.1522350313,0.1324224319,0.1248965141,0.1716130424,0.150518097,0.1282312079,1,"E1|equal-weight,rebalance=year|band=0.01"
2023-11-21,0.1402045886,0.1516835653,0.1322111465,0.1249388426,0.1711733972,0.1520342454,0.1277542143,1,"E1|equal-weight,rebalance=year|band=0.01"
2023-11-22,0.1404472654,0.1512225428,0.1317344244,0.125774063,0.171628656,0.1512755627,0.1279174858,1,"E1|equal-weight,rebalance=year|band=0.01"
2023-11-23,0.1403251356,0.1515219524,0.1318005899,0.1252861802,0.1714175083,0.1518362263,0.1278124073,1,"E1|equal-weight,rebalance=year|band=0.01"
2023-11-24,0.1401892696,0.1512354841,0.1321570699,0.1255236128,0.1715059569,0.1516279509,0.1277606558,1,"E1|equal-weight,rebalance=year|band=0.01"
2023-11-28,0.1404421446,0.1520399573,0.1321343906,0.1254913962,0.1718492963,0.1505836975,0.1274591174,1,"E1|equal-weight,rebalance=year|band=0.01"
2023-11-29,0.1405097248,0.1520790547,0.1329403864,0.1261457067,0.1717803845,0.1502097036,0.1263350394,1,"E1|equal-weight,rebalance=year|band=0.01"
2023-11-30,0.1403622765,0.1532529115,0.1325169708,0.1259837373,0.1725586013,0.1493664884,0.1259590142,1,"E1|equal-weight,rebalance=year|band=0.01"
2023-12-01,0.1406264205,0.1540129062,0.1325834579,0.1256370211,0.1735469845,0.1482895063,0.1253037036,1,"E1|equal-weight,rebalance=year|band=0.01"
2023-12-04,0.1412163973,0.1546450679,0.1354452961,0.1247129602,0.1743678746,0.1461557817,0.1234566222,1,"E1|equal-weight,rebalance=year|band=0.01"
2023-12-05,0.1420888654,0.156099119,0.1366411381,0.1226509453,0.1744912379,0.1448001809,0.1232285135,1,"E1|equal-weight,rebalance=year|band=0.01"
2023-12-06,0.1423578196,0.1574481954,0.1358625309,0.1221605019,0.1737133467,0.1454416212,0.1230159843,1,"E1|equal-weight,rebalance=year|band=0.01"
2023-12-07,0.1420208028,0.1583405293,0.1357248954,0.1223909683,0.1744876407,0.1442256277,0.1228095358,1,"E1|equal-weight,rebalance=year|band=0.01"
2023-12-08,0.1421546421,0.1570870063,0.1367085584,0.1220182352,0.1739582587,0.1454066112,0.1226666881,1,"E1|equal-weight,rebalance=year|band=0.01"
2023-12-11,0.1421789038,0.1585570787,0.1368212169,0.1196957818,0.1746914819,0.1455301213,0.1225254155,1,"E1|equal-weight,rebalance=year|band=0.01"
2023-12-12,0.1418740168,0.1577987917,0.1362747339,0.1194766086,0.1744294257,0.1474284564,0.1227179669,1,"E1|equal-weight,rebalance=year|band=0.01"
2023-12-13,0.1415490057,0.1583295206,0.1360120911,0.1190589823,0.1748381875,0.1478504753,0.1223617374,1,"E1|equal-weight,rebalance=year|band=0.01"
2023-12-14,0.1414562166,0.1582477332,0.1359689337,0.1197365375,0.1754567454,0.1483153153,0.1208185182,1,"E1|equal-weight,rebalance=year|band=0.01"
2023-12-15,0.1424900362,0.1578987036,0.1363224671,0.1192936278,0.1762499703,0.1473769555,0.1203682396,1,"E1|equal-weight,rebalance=year|band=0.01"
2023-12-18,0.1424919245,0.1592396467,0.1358715586,0.1185974051,0.1753897538,0.1479473303,0.1204623812,1,"E1|equal-weight,rebalance=year|band=0.01"
2023-12-19,0.1425211106,0.1593278831,0.1359471776,0.1187824128,0.1746816957,0.1482909567,0.1204487634,1,"E1|equal-weight,rebalance=year|band=0.01"
2023-12-20,0.1422004796,0.1569713105,0.136148834,0.120817001,0.1718028761,0.1500791934,0.1219803054,1,"E1|equal-weight,rebalance=year|band=0.01"
2023-12-21,0.1422004321,0.1578052284,0.1367490319,0.1201899346,0.1728787316,0.1488734562,0.1213031852,1,"E1|equal-weight,rebalance=year|band=0.01"
2023-12-22,0.1423413221,0.1587110205,0.1350737812,0.1205974448,0.1734360861,0.1488585591,0.1209817863,1,"E1|equal-weight,rebalance=year|band=0.01"
2023-12-26,0.1424648837,0.1593590647,0.1350419573,0.1205826321,0.1731138416,0.1489861294,0.1204514912,1,"E1|equal-weight,rebalance=year|band=0.01"
2023-12-27,0.142779843,0.1591433367,0.1357129351,0.120228769,0.1734514362,0.148948376,0.1197353041,1,"E1|equal-weight,rebalance=year|band=0.01"
2023-12-28,0.1429449457,0.1592053491,0.135759542,0.1202101703,0.1739930105,0.1486045036,0.1192824788,1,"E1|equal-weight,rebalance=year|band=0.01"
2023-12-29,0.142517423,0.1603700498,0.1353255224,0.1197041557,0.1749434103,0.1479124144,0.1192270244,1,"E1|equal-weight,rebalance=year|band=0.01"
2024-01-01,0.1426368229,0.1602541465,0.1348305342,0.1196336145,0.1755375183,0.1480481247,0.1190592388,1,"E1|equal-weight,rebalance=year|band=0.01"
2024-01-02,0.1424752478,0.1604249814,0.1340783211,0.1206708297,0.175177742,0.1476527194,0.1195201587,1,"E1|equal-weight,rebalance=year|band=0.01"
2024-01-03,0.1416116046,0.161862557,0.1338225877,0.1196084496,0.1771857139,0.146353079,0.1195560083,1,"E1|equal-weight,rebalance=year|band=0.01"
2024-01-04,0.1419370265,0.1626485325,0.1346453651,0.1185677985,0.1782781891,0.1448477359,0.1190753525,1,"E1|equal-weight,rebalance=year|band=0.01"
2024-01-05,0.1424058733,0.1627168954,0.134680241,0.1184068921,0.1792841901,0.1432320412,0.1192738668,1,"E1|equal-weight,rebalance=year|band=0.01"
2024-01-08,0.1421383298,0.1624601391,0.133729693,0.1185581988,0.1787472963,0.1442129085,0.1201534345,1,"E1|equal-weight,rebalance=year|band=0.01"
2024-01-09,0.1417569541,0.1626333344,0.1326839052,0.1185705422,0.1783708438,0.1461747748,0.1198096454,1,"E1|equal-weight,rebalance=year|band=0.01"
2024-01-10,0.142044647,0.1625263792,0.1329160767,0.1181003457,0.1780703278,0.1467583015,0.1195839222,1,"E1|equal-weight,rebalance=year|band=0.01"
2024-01-11,0.1416362387,0.1635880643,0.1324537026,0.1175286145,0.1785395184,0.1470461176,0.1192077439,1,"E1|equal-weight,rebalance=year|band=0.01"
2024-01-12,0.1428607764,0.1632383886,0.1327856128,0.1174747164,0.1787647228,0.146035462,0.1188403209,1,"E1|equal-weight,rebalance=year|band=0.01"
2024-01-15,0.1434853285,0.1627601703,0.1332502198,0.1174304538,0.17915977,0.1456315346,0.1182825229,1,"E1|equal-weight,rebalance=year|band=0.01"
2024-01-16,0.1433321414,0.1629535396,0.133338871,0.1172632738,0.1789453758,0.1455862889,0.1185805095,1,"E1|equal-weight,rebalance=year|band=0.01"
2024-01-17,0.1420559558,0.1631949657,0.1295778771,0.117739173,0.1806830108,0.1468086831,0.1199403345,1,"E1|equal-weight,rebalance=year|band=0.01"
2024-01-18,0.1420950402,0.1631013178,0.1289962626,0.1177990056,0.1797502543,0.1478226212,0.1204354984,1,"E1|equal-weight,rebalance=year|band=0.01"
2024-01-19,0.141950128,0.1640887316,0.1278575731,0.1176511683,0.180286305,0.1486581551,0.1195079389,1,"E1|equal-weight,rebalance=year|band=0.01"
2024-01-20,0.141281635,0.1636004905,0.1284665864,0.117347517,0.1810260472,0.1491233286,0.1191543953,1,"E1|equal-weight,rebalance=year|band=0.01"
2024-01-23,0.1406670316,0.1613897307,0.1271868545,0.1187572044,0.17879873,0.1525283315,0.1206721173,1,"E1|equal-weight,rebalance=year|band=0.01"
2024-01-24,0.1409267473,0.1626583424,0.1263005633,0.1178744787,0.1795023099,0.1530570202,0.1196805382,1,"E1|equal-weight,rebalance=year|band=0.01"
2024-01-25,0.1403569978,0.1635935619,0.1256583616,0.1175410467,0.1795330898,0.1535203456,0.1197965966,1,"E1|equal-weight,rebalance=year|band=0.01"
2024-01-29,0.1415296083,0.1639476429,0.1264886457,0.1171503523,0.1799238258,0.1520303178,0.1189296071,1,"E1|equal-weight,rebalance=year|band=0.01"
2024-01-30,0.1407386991,0.1638009757,0.1264354356,0.1177896871,0.1787010738,0.1532926588,0.11924147,1,"E1|equal-weight,rebalance=year|band=0.01"
2024-01-31,0.141132658,0.1640875994,0.1272451609,0.1175570025,0.1812280419,0.15020959,0.1185399474,1,"E1|equal-weight,rebalance=year|band=0.01"
2024-02-01,0.1410394878,0.1647564174,0.1276957337,0.117834424,0.1807201549,0.1493557562,0.1185980261,1,"E1|equal-weight,rebalance=year|band=0.01"
2024-02-02,0.1410494323,0.1652900124,0.1267516811,0.1174856332,0.1805151891,0.1508998847,0.1180081672,1,"E1|equal-weight,rebalance=year|band=0.01"
2024-02-05,0.1409296777,0.1651422622,0.1264248441,0.1165835097,0.180982461,0.1514370101,0.1185002352,1,"E1|equal-weight,rebalance=year|band=0.01"
2024-02-06,0.1412659989,0.1665702119,0.1257322688,0.1159194473,0.181866448,0.1507094435,0.1179361817,1,"E1|equal-weight,rebalance=year|band=0.01"
2024-02-07,0.1408724201,0.1685806891,0.125504227,0.1160230404,0.1819736787,0.149581374,0.1174645707,1,"E1|equal-weight,rebalance=year|band=0.01"
2024-02-08,0.1398038666,0.1690585277,0.12357376,0.1157857145,0.1829488266,0.1512296571,0.1175996475,1,"E1|equal-weight,rebalance=year|band=0.01"
2024-02-09,0.1399964206,0.1687546674,0.1250050577,0.1157044179,0.1811874277,0.1518114576,0.1175405511,1,"E1|equal-weight,rebalance=year|band=0.01"
2024-02-12,0.1404385046,0.1672521928,0.124223195,0.1162055569,0.1786254632,0.1545552396,0.1186998479,1,"E1|equal-weight,rebalance=year|band=0.01"
2024-02-13,0.1408482068,0.167920399,0.1255484293,0.1159732824,0.1785507343,0.1527172062,0.1184417421,1,"E1|equal-weight,rebalance=year|band=0.01"
2024-02-14,0.1409650549,0.1697467552,0.1259676338,0.1140539099,0.1796276539,0.1515459132,0.118093079,1,"E1|equal-weight,rebalance=year|band=0.01"
2024-02-15,0.1407448584,0.1702880015,0.1262444853,0.1134790898,0.1801457486,0.151730415,0.1173674014,1,"E1|equal-weight,rebalance=year|band=0.01"
2024-02-16,0.1407982874,0.1707989544,0.1260750424,0.1133209125,0.1805519602,0.1516282338,0.1168266093,1,"E1|equal-weight,rebalance=year|band=0.01"
2024-02-19,0.1409491234,0.1706457006,0.1259218121,0.1135819467,0.1803833493,0.151998879,0.1165191889,1,"E1|equal-weight,rebalance=year|band=0.01"
2024-02-20,0.1412924969,0.1710338942,0.1275463013,0.1135327155,0.1805796007,0.1493444513,0.1166705402,1,"E1|equal-weight,rebalance=year|band=0.01"
2024-02-21,0.141051789,0.1707727998,0.1278930204,0.1142100004,0.1795144409,0.1493437229,0.1172142266,1,"E1|equal-weight,rebalance=year|band=0.01"
2024-02-22,0.1412176526,0.1714759103,0.127003368,0.1136235129,0.1795918911,0.1506209766,0.1164666884,1,"E1|equal-weight,rebalance=year|band=0.01"
2024-02-23,0.1409479664,0.1716598331,0.1265950357,0.1128501261,0.180213174,0.151417968,0.1163158967,1,"E1|equal-weight,rebalance=year|band=0.01"
2024-02-26,0.1406716977,0.1720581808,0.1258143069,0.1135879328,0.1799473225,0.1513762527,0.1165443066,1,"E1|equal-weight,rebalance=year|band=0.01"
2024-02-27,0.1409570173,0.1717354916,0.1258759831,0.1136985428,0.1794721848,0.1517539277,0.1165068528,1,"E1|equal-weight,rebalance=year|band=0.01"
2024-02-28,0.1408014038,0.1710637506,0.1255619243,0.1142955705,0.1786432897,0.152068419,0.1175656422,1,"E1|equal-weight,rebalance=year|band=0.01"
2024-02-29,0.1405927686,0.1724557966,0.1257985754,0.1144320168,0.1780393618,0.1513519535,0.1173295273,1,"E1|equal-weight,rebalance=year|band=0.01"
2024-03-01,0.1411780618,0.1719285643,0.1271757723,0.1134900501,0.1783604689,0.1517437028,0.1161233799,1,"E1|equal-weight,rebalance=year|band=0.01"
2024-03-02,0.1407947326,0.1721115475,0.1266761111,0.1143808528,0.1781916909,0.1522523901,0.115592675,1,"E1|equal-weight,rebalance=year|band=0.01"
2024-03-04,0.1406704966,0.1718578666,0.1267656635,0.1147427777,0.178101832,0.152542828,0.1153185356,1,"E1|equal-weight,rebalance=year|band=0.01"
2024-03-05,0.1403384135,0.1722044367,0.127068289,0.1162524017,0.1775926244,0.1512447466,0.1152990882,1,"E1|equal-weight,rebalance=year|band=0.01"
2024-03-06,0.1412093339,0.1718897011,0.1281723428,0.1165846741,0.1764511059,0.150252173,0.1154406693,1,"E1|equal-weight,rebalance=year|band=0.01"
2024-03-07,0.1406071835,0.1727778447,0.1272029572,0.1175913478,0.1763728946,0.1504974779,0.1149502944,1,"E1|equal-weight,rebalance=year|band=0.01"
2024-03-11,0.1400097097,0.172787011,0.1262096833,0.1188787696,0.1762864567,0.1507101213,0.1151182485,1,"E1|equal-weight,rebalance=year|band=0.01"
2024-03-12,0.1409358153,0.1706695835,0.1268940786,0.1195300396,0.1747509957,0.1513002541,0.1159192332,1,"E1|equal-weight,rebalance=year|band=0.01"
2024-03-13,0.1411682225,0.167832264,0.1279059594,0.1205285118,0.1709196155,0.153740805,0.1179046218,1,"E1|equal-weight,rebalance=year|band=0.01"
2024-03-14,0.141102777,0.1703174949,0.1266684726,0.1204459335,0.1717323754,0.1526698096,0.1170631372,1,"E1|equal-weight,rebalance=year|band=0.01"
2024-03-15,0.1408170421,0.1696507966,0.1265184031,0.1207476233,0.1721226839,0.152534175,0.1176092759,1,"E1|equal-weight,rebalance=year|band=0.01"
2024-03-18,0.1409424757,0.1707337555,0.1265483541,0.1202676109,0.1714930328,0.1523155402,0.1176992308,1,"E1|equal-weight,rebalance=year|band=0.01"
2024-03-19,0.1405419135,0.1687570417,0.1268995306,0.1213472278,0.1703612663,0.1535482831,0.1185447371,1,"E1|equal-weight,rebalance=year|band=0.01"
2024-03-20,0.1403580328,0.1692267737,0.1265936392,0.1214382319,0.1703260459,0.1536350711,0.1184222055,1,"E1|equal-weight,rebalance=year|band=0.01"
2024-03-21,0.1396499068,0.1702274615,0.1257000441,0.1217361923,0.1715207967,0.154486289,0.1166793097,1,"E1|equal-weight,rebalance=year|band=0.01"
2024-03-22,0.13971973,0.170534148,0.1258418073,0.1199033401,0.1727181327,0.1548900978,0.1163927441,1,"E1|equal-weight,rebalance=year|band=0.01"
2024-03-26,0.1387473334,0.1716248545,0.1249401157,0.1201946631,0.1732727113,0.155105643,0.1161146791,1,"E1|equal-weight,rebalance=year|band=0.01"
2024-03-27,0.1392475532,0.172150429,0.1253354154,0.1198812527,0.1726931718,0.1546936802,0.1159984976,1,"E1|equal-weight,rebalance=year|band=0.01"
2024-03-28,0.1395676381,0.1729377695,0.1254575356,0.120010515,0.1729378731,0.1536804409,0.1154082278,1,"E1|equal-weight,rebalance=year|band=0.01"
2024-04-01,0.1428571429,0.1428571429,0.1428571429,0.1428571429,0.1428571429,0.1428571429,0.1428571429,1,"E1|equal-weight,rebalance=year|band=0.01"
2024-04-02,0.1428134176,0.1440577865,0.1423229456,0.1433313773,0.1440258414,0.1408112724,0.1426373591,1,"E1|equal-weight,rebalance=year|band=0.01"
2024-04-03,0.1426509714,0.1443738716,0.1424096916,0.1435203661,0.1445251089,0.139982907,0.1425370835,1,"E1|equal-weight,rebalance=year|band=0.01"
2024-04-04,0.1425253892,0.1432032618,0.1431887466,0.1440235935,0.1443265653,0.1406541269,0.1420783168,1,"E1|equal-weight,rebalance=year|band=0.01"
2024-04-05,0.1422312969,0.1439663948,0.144144858,0.1434657295,0.1451660631,0.1391055444,0.1419201134,1,"E1|equal-weight,rebalance=year|band=0.01"
2024-04-08,0.1423332969,0.1440080648,0.1434938955,0.1454457242,0.1443663596,0.1392001135,0.1411525454,1,"E1|equal-weight,rebalance=year|band=0.01"
2024-04-09,0.1423191862,0.1436021217,0.1441997697,0.1462583741,0.1437362713,0.1387132192,0.1411710577,1,"E1|equal-weight,rebalance=year|band=0.01"
2024-04-10,0.1421455561,0.1442325182,0.1440574621,0.145766301,0.1444592238,0.1387595762,0.1405793625,1,"E1|equal-weight,rebalance=year|band=0.01"
2024-04-12,0.1409515877,0.1433585209,0.1430212448,0.1488067265,0.1437541873,0.1395334229,0.1405743098,1,"E1|equal-weight,rebalance=year|band=0.01"
2024-04-15,0.1410046317,0.142785373,0.1422290585,0.1488319201,0.143063853,0.1398413876,0.1422437761,1,"E1|equal-weight,rebalance=year|band=0.01"
2024-04-16,0.1405115376,0.1431550549,0.1418551164,0.1507343933,0.1432657068,0.1379231798,0.1425550112,1,"E1|equal-weight,rebalance=year|band=0.01"
2024-04-18,0.1402555017,0.1435564296,0.141222373,0.1516055357,0.1432191778,0.1368713271,0.143269655,1,"E1|equal-weight,rebalance=year|band=0.01"
2024-04-19,0.141265253,0.1435904645,0.1427044266,0.1523937428,0.141919128,0.1347378552,0.1433891299,1,"E1|equal-weight,rebalance=year|band=0.01"
2024-04-22,0.1416412046,0.1446617588,0.1432586901,0.1504808803,0.1429904956,0.1341524963,0.1428144743,1,"E1|equal-weight,rebalance=year|band=0.01"
2024-04-23,0.1420079206,0.1450826439,0.1431375837,0.1469264652,0.1460939545,0.1338345548,0.1429168774,1,"E1|equal-weight,rebalance=year|band=0.01"
2024-04-24,0.1414665147,0.1455133524,0.143089178,0.1474609752,0.1449504046,0.1351938183,0.1423257567,1,"E1|equal-weight,rebalance=year|band=0.01"
2024-04-25,0.141884314,0.1459614746,0.1436371765,0.1474222662,0.145307401,0.1337872793,0.1420000884,1,"E1|equal-weight,rebalance=year|band=0.01"
2024-04-26,0.1407981952,0.1464776995,0.1422802533,0.1479160483,0.1454053229,0.135718073,0.1414044078,1,"E1|equal-weight,rebalance=year|band=0.01"
2024-04-29,0.1411867373,0.1460311134,0.1449309584,0.1469797162,0.1452261993,0.1349901682,0.1406551072,1,"E1|equal-weight,rebalance=year|band=0.01"
2024-04-30,0.1408756684,0.1471887515,0.1448028497,0.14595977,0.1456961508,0.1348105571,0.1406662524,1,"E1|equal-weight,rebalance=year|band=0.01"
2024-05-02,0.1411295383,0.1491759376,0.1443047082,0.1456962839,0.1459066405,0.1332473889,0.1405395025,1,"E1|equal-weight,rebalance=year|band=0.01"
2024-05-03,0.1402571284,0.1494482025,0.1438762332,0.1451243875,0.1460351185,0.1343847409,0.140874189,1,"E1|equal-weight,rebalance=year|band=0.01"
2024-05-06,0.1402062473,0.1476890618,0.1437379414,0.1458702591,0.1453992101,0.1359789701,0.1411183102,1,"E1|equal-weight,rebalance=year|band=0.01"
2024-05-07,0.1403797689,0.1463231747,0.1430830604,0.1466987922,0.1438872754,0.1375929305,0.1420349978,1,"E1|equal-weight,rebalance=year|band=0.01"
2024-05-08,0.1402497203,0.1477595638,0.1421875078,0.1460512933,0.1443805784,0.1375244988,0.1418468376,1,"E1|equal-weight,rebalance=year|band=0.01"
2024-05-09,0.1392650638,0.1461829683,0.141862533,0.1470647325,0.1444584647,0.138123063,0.1430431747,1,"E1|equal-weight,rebalance=year|band=0.01"
2024-05-10,0.1391550779,0.1464964648,0.1411992628,0.1496869254,0.1428232391,0.1385514919,0.142087538,1,"E1|equal-weight,rebalance=year|band=0.01"
2024-05-13,0.1392138878,0.1473108861,0.1420965771,0.1477733689,0.1433676381,0.138117659,0.1421199829,1,"E1|equal-weight,rebalance=year|band=0.01"
2024-05-14,0.1394782517,0.1488184149,0.1417347898,0.1472797468,0.1442763263,0.1368275054,0.1415849651,1,"E1|equal-weight,rebalance=year|band=0.01"
2024-05-15,0.1387298514,0.1489287744,0.1405817956,0.1478482805,0.1449798023,0.1379669494,0.1409645465,1,"E1|equal-weight,rebalance=year|band=0.01"
2024-05-16,0.1388242674,0.149055062,0.1403638294,0.1475900443,0.1450349939,0.1390425917,0.1400892112,1,"E1|equal-weight,rebalance=year|band=0.01"
2024-05-17,0.1386857587,0.1507252934,0.1402332201,0.1470218454,0.1458441139,0.1378222786,0.1396674898,1,"E1|equal-weight,rebalance=year|band=0.01"
2024-05-18,0.1382186507,0.1512659714,0.1397744058,0.148534884,0.1454832064,0.1377046583,0.1390182233,1,"E1|equal-weight,rebalance=year|band=0.01"
2024-05-21,0.1382027329,0.1521459385,0.1392532609,0.1474951362,0.1462764916,0.1378848476,0.1387415924,1,"E1|equal-weight,rebalance=year|band=0.01"
2024-05-22,0.1384257292,0.1523802435,0.138518691,0.1474849239,0.1465182197,0.1380213017,0.1386508909,1,"E1|equal-weight,rebalance=year|band=0.01"
2024-05-23,0.1399819685,0.1525327363,0.1404571641,0.1443548143,0.1462686965,0.1383352443,0.138069376,1,"E1|equal-weight,rebalance=year|band=0.01"
2024-05-24,0.14048278,0.1534398919,0.1413139421,0.1427676181,0.1464996907,0.137279281,0.1382167961,1,"E1|equal-weight,rebalance=year|band=0.01"
2024-05-27,0.1399919649,0.1531285213,0.1416359959,0.1426713143,0.1470526763,0.1375663299,0.1379531975,1,"E1|equal-weight,rebalance=year|band=0.01"
2024-05-28,0.1399972623,0.1521677831,0.1418381171,0.1432498269,0.1463364696,0.1381443618,0.1382661792,1,"E1|equal-weight,rebalance=year|band=0.01"
2024-05-29,0.1396052312,0.1518014788,0.1408448519,0.144072851,0.1463790961,0.138390564,0.138905927,1,"E1|equal-weight,rebalance=year|band=0.01"
2024-05-30,0.1392002325,0.151416575,0.1419534379,0.1437255292,0.1453320045,0.1387255356,0.1396466853,1,"E1|equal-weight,rebalance=year|band=0.01"
2024-05-31,0.1390500352,0.150851027,0.1423400097,0.144409015,0.1465579111,0.1377133246,0.1390786774,1,"E1|equal-weight,rebalance=year|band=0.01"
2024-06-03,0.1403908271,0.1544139734,0.1454166538,0.1402332965,0.1474080377,0.1354380905,0.1366991211,1,"E1|equal-weight,rebalance=year|band=0.01"
2024-06-04,0.138336162,0.1547294787,0.1421688721,0.1423361774,0.1477205639,0.1358660061,0.1388427397,1,"E1|equal-weight,rebalance=year|band=0.01"
2024-06-05,0.1399082461,0.1500964304,0.143067526,0.1437683073,0.1449093644,0.1382596419,0.1399904838,1,"E1|equal-weight,rebalance=year|band=0.01"
2024-06-06,0.1389938037,0.1511028287,0.1415905299,0.1436805239,0.1463282801,0.1401231382,0.1381808956,1,"E1|equal-weight,rebalance=year|band=0.01"
2024-06-07,0.1408014532,0.1518851298,0.1419318186,0.1416504321,0.1472120752,0.1394618937,0.1370571974,1,"E1|equal-weight,rebalance=year|band=0.01"
2024-06-10,0.1407262691,0.1533956162,0.1420251057,0.139609331,0.1476670169,0.1392589029,0.1373177582,1,"E1|equal-weight,rebalance=year|band=0.01"
2024-06-11,0.1408803269,0.1529131529,0.1415939264,0.139969549,0.1485036933,0.1391011029,0.1370382487,1,"E1|equal-weight,rebalance=year|band=0.01"
2024-06-12,0.1404291229,0.1531606048,0.1414453906,0.1395955809,0.1492894305,0.1397635427,0.1363163275,1,"E1|equal-weight,rebalance=year|band=0.01"
2024-06-13,0.1401600454,0.1536186092,0.1406395018,0.1388410142,0.1496360753,0.1415010073,0.1356037468,1,"E1|equal-weight,rebalance=year|band=0.01"
2024-06-14,0.1396979204,0.1550525817,0.1404345327,0.1382202263,0.1504734553,0.1411198049,0.1350014787,1,"E1|equal-weight,rebalance=year|band=0.01"
2024-06-18,0.1394258097,0.1551179909,0.1408487941,0.1368585504,0.1505714904,0.142805213,0.1343721515,1,"E1|equal-weight,rebalance=year|band=0.01"
2024-06-19,0.1392037297,0.153608975,0.1433670507,0.1375959068,0.1489899105,0.142957731,0.1342766964,1,"E1|equal-weight,rebalance=year|band=0.01"
2024-06-20,0.1387713096,0.1530873915,0.1438699735,0.1377123561,0.1497478072,0.1431000335,0.1337111286,1,"E1|equal-weight,rebalance=year|band=0.01"
2024-06-21,0.1386184211,0.1523531444,0.1437311532,0.139139516,0.1500955139,0.142037484,0.1340247673,1,"E1|equal-weight,rebalance=year|band=0.01"
2024-06-24,0.1391208247,0.1533210172,0.1439444149,0.1371631664,0.1504125272,0.1418581457,0.134179904,1,"E1|equal-weight,rebalance=year|band=0.01"
2024-06-25,0.1398865314,0.1525982342,0.1460988596,0.1372018659,0.1496276754,0.1406380368,0.1339487969,1,"E1|equal-weight,rebalance=year|band=0.01"
2024-06-26,0.1403854663,0.152189605,0.1464658135,0.1362996666,0.1489532158,0.141977556,0.1337286767,1,"E1|equal-weight,rebalance=year|band=0.01"
2024-06-27,0.1412372224,0.1519982629,0.1462023877,0.1358148753,0.1492464987,0.1419146487,0.1335861043,1,"E1|equal-weight,rebalance=year|band=0.01"
2024-06-28,0.141240189,0.1520899689,0.1451295952,0.1362452304,0.1497835186,0.1421515628,0.1333599351,1,"E1|equal-weight,rebalance=year|band=0.01"
2024-07-01,0.141256704,0.1530037968,0.1452632359,0.1356654648,0.1507719604,0.1409763031,0.1330625349,1,"E1|equal-weight,rebalance=year|band=0.01"
2024-07-02,0.1417187045,0.1530717421,0.1443726401,0.1361209554,0.1499016012,0.1416371889,0.1331771679,1,"E1|equal-weight,rebalance=year|band=0.01"
2024-07-03,0.1414371301,0.1530935228,0.1453606044,0.1360268239,0.1498365042,0.1418963978,0.1323490167,1,"E1|equal-weight,rebalance=year|band=0.01"
2024-07-04,0.1410624502,0.1533198564,0.1449614901,0.1360042174,0.1502916877,0.1424844026,0.1318758957,1,"E1|equal-weight,rebalance=year|band=0.01"
2024-07-05,0.1406970458,0.1541529006,0.1435801794,0.1360724389,0.1512147028,0.1427258792,0.1315568533,1,"E1|equal-weight,rebalance=year|band=0.01"
2024-07-08,0.1403542081,0.1542038423,0.1429849671,0.1361862484,0.1507487736,0.1439771306,0.13154483,1,"E1|equal-weight,rebalance=year|band=0.01"
2024-07-09,0.1406986735,0.1544370991,0.142951748,0.1354271729,0.1507428211,0.1445008075,0.1312416778,1,"E1|equal-weight,rebalance=year|band=0.01"
2024-07-10,0.1406333361,0.1546648091,0.1422196783,0.1359475759,0.1504096548,0.1446961077,0.1314288381,1,"E1|equal-weight,rebalance=year|band=0.01"
2024-07-11,0.1401949825,0.1546616705,0.1420375983,0.1359174238,0.1506019811,0.1454572621,0.1311290817,1,"E1|equal-weight,rebalance=year|band=0.01"
2024-07-12,0.1411301594,0.1544149402,0.142189435,0.1366891319,0.1510914031,0.1430321996,0.1314527308,1,"E1|equal-weight,rebalance=year|band=0.01"
2024-07-15,0.140909317,0.1547191955,0.1420343569,0.1359664079,0.1514725676,0.1441266464,0.1307715088,1,"E1|equal-weight,rebalance=year|band=0.01"
2024-07-16,0.1411783551,0.1539628635,0.141894611,0.1371390247,0.1516785714,0.1433227041,0.1308238701,1,"E1|equal-weight,rebalance=year|band=0.01"
2024-07-18,0.142498369,0.152584067,0.142493518,0.138471047,0.1503823963,0.1424106655,0.1311599371,1,"E1|equal-weight,rebalance=year|band=0.01"
2024-07-19,0.1432614383,0.1510602692,0.1434627951,0.139227977,0.1496455286,0.1403837765,0.1329582152,1,"E1|equal-weight,rebalance=year|band=0.01"
2024-07-22,0.1425261315,0.1524846171,0.1431986171,0.1382057644,0.1509055428,0.1399208421,0.1327584851,1,"E1|equal-weight,rebalance=year|band=0.01"
2024-07-23,0.1435833835,0.1523666106,0.1428319675,0.1348308279,0.1512169564,0.1414962192,0.1336740349,1,"E1|equal-weight,rebalance=year|band=0.01"
2024-07-24,0.1435002599,0.153016059,0.1421385357,0.133866675,0.1530539727,0.1404342579,0.1339902399,1,"E1|equal-weight,rebalance=year|band=0.01"
2024-07-25,0.1442861165,0.1543370979,0.1416632228,0.1340655535,0.1534457042,0.1374676608,0.1347346443,1,"E1|equal-weight,rebalance=year|band=0.01"
2024-07-26,0.1450042012,0.1555602597,0.1411684047,0.1340981317,0.1544725291,0.136297115,0.1333993587,1,"E1|equal-weight,rebalance=year|band=0.01"
2024-07-29,0.1450873422,0.1568109628,0.141367457,0.1311741031,0.1557626394,0.1365465561,0.1332509394,1,"E1|equal-weight,rebalance=year|band=0.01"
2024-07-30,0.145384978,0.1567157719,0.1418185581,0.1302838649,0.1566449377,0.135803801,0.1333480884,1,"E1|equal-weight,rebalance=year|band=0.01"
2024-07-31,0.1452709452,0.1572715525,0.141541603,0.130611544,0.1571767263,0.1351721618,0.1329554672,1,"E1|equal-weight,rebalance=year|band=0.01"
2024-08-01,0.1453591444,0.1564441649,0.1412816386,0.1313297423,0.1556514697,0.1371485173,0.1327853227,1,"E1|equal-weight,rebalance=year|band=0.01"
2024-08-02,0.1450681385,0.155907421,0.141907479,0.1336207258,0.1558754017,0.1338081938,0.1338126403,1,"E1|equal-weight,rebalance=year|band=0.01"
2024-08-05,0.145338491,0.1566581326,0.142056962,0.1348201525,0.1545521338,0.1293437613,0.1372303667,1,"E1|equal-weight,rebalance=year|band=0.01"
2024-08-06,0.1452283618,0.1540040819,0.1417806412,0.1353822346,0.1537055762,0.1317910087,0.1381080956,1,"E1|equal-weight,rebalance=year|band=0.01"
2024-08-07,0.1453998572,0.1562850574,0.1411140356,0.1328385758,0.1553787413,0.1324650873,0.1365186454,1,"E1|equal-weight,rebalance=year|band=0.01"
2024-08-08,0.1449649877,0.1562427476,0.141536733,0.1330596976,0.1558039721,0.1313615718,0.1370302902,1,"E1|equal-weight,rebalance=year|band=0.01"
2024-08-09,0.1447456174,0.1563298376,0.140970031,0.1330455859,0.155161748,0.1340369228,0.1357102571,1,"E1|equal-weight,rebalance=year|band=0.01"
2024-08-12,0.1445265648,0.1556575974,0.1413575073,0.1337333742,0.1554434884,0.1336263079,0.1356551601,1,"E1|equal-weight,rebalance=year|band=0.01"
2024-08-13,0.1441093617,0.1546383803,0.1401753979,0.1351619364,0.1549788359,0.1346848462,0.1362512416,1,"E1|equal-weight,rebalance=year|band=0.01"
2024-08-14,0.1437855029,0.1545960136,0.1396588698,0.1354254011,0.1537934899,0.1366787488,0.1360619739,1,"E1|equal-weight,rebalance=year|band=0.01"
2024-08-16,0.1442464735,0.1548107443,0.1396656318,0.1333277658,0.1547775614,0.1388506136,0.1343212096,1,"E1|equal-weight,rebalance=year|band=0.01"
2024-08-19,0.1440867534,0.155273573,0.138889565,0.1348231718,0.1552067784,0.1377758135,0.1339443449,1,"E1|equal-weight,rebalance=year|band=0.01"
2024-08-20,0.1438383166,0.1556953546,0.139178975,0.1346399219,0.1546493066,0.1389354545,0.1330626709,1,"E1|equal-weight,rebalance=year|band=0.01"
2024-08-21,0.1439837428,0.1561785147,0.1388932385,0.13399095,0.1553133861,0.1385591012,0.1330810668,1,"E1|equal-weight,rebalance=year|band=0.01"
2024-08-22,0.1435768027,0.1566074237,0.1389128327,0.1335929764,0.1561809241,0.1385714799,0.1325575605,1,"E1|equal-weight,rebalance=year|band=0.01"
2024-08-23,0.1441067699,0.1566618149,0.139266471,0.1335844857,0.1557468404,0.1376184498,0.1330151683,1,"E1|equal-weight,rebalance=year|band=0.01"
2024-08-26,0.1444581445,0.1565076877,0.139019965,0.1341132041,0.1557110028,0.1378480316,0.1323419642,1,"E1|equal-weight,rebalance=year|band=0.01"
2024-08-27,0.144427013,0.1566820052,0.1394389654,0.1335341579,0.1563971255,0.137116372,0.132404361,1,"E1|equal-weight,rebalance=year|band=0.01"
2024-08-28,0.1444577782,0.1569196231,0.1390625105,0.1334476854,0.1562711914,0.1374985532,0.1323426581,1,"E1|equal-weight,rebalance=year|band=0.01"
2024-08-29,0.1453339942,0.1569073536,0.1393133244,0.1337452719,0.1559009763,0.1361810579,0.1326180218,1,"E1|equal-weight,rebalance=year|band=0.01"
2024-08-30,0.1452952151,0.1568604769,0.1393036277,0.1334413838,0.1562511594,0.1367042592,0.1321438778,1,"E1|equal-weight,rebalance=year|band=0.01"
2024-09-02,0.1455733363,0.1570891983,0.139566744,0.1326185873,0.1560489474,0.1368029822,0.1323002046,1,"E1|equal-weight,rebalance=year|band=0.01"
2024-09-03,0.1455879227,0.1571675563,0.1400682935,0.1327466789,0.1562594663,0.1359592413,0.1322108409,1,"E1|equal-weight,rebalance=year|band=0.01"
2024-09-04,0.1459785041,0.1582187272,0.1404247892,0.1321404624,0.156726098,0.1337139882,0.1327974308,1,"E1|equal-weight,rebalance=year|band=0.01"
2024-09-05,0.1453045485,0.1575087006,0.1402531646,0.133516718,0.1570427623,0.1337656745,0.1326084316,1,"E1|equal-weight,rebalance=year|band=0.01"
2024-09-06,0.1451312993,0.1573338483,0.1391221707,0.1348549046,0.1562399397,0.1336002432,0.1337175941,1,"E1|equal-weight,rebalance=year|band=0.01"
2024-09-09,0.1452962051,0.1576474827,0.1404079205,0.1339628142,0.1556742384,0.1329975478,0.1340137914,1,"E1|equal-weight,rebalance=year|band=0.01"
2024-09-10,0.1455157735,0.1574265872,0.1404358533,0.133878443,0.1570209797,0.132214846,0.1335075173,1,"E1|equal-weight,rebalance=year|band=0.01"
2024-09-11,0.1448495492,0.1567957335,0.139667731,0.1348399431,0.1568890725,0.1332424,0.1337155705,1,"E1|equal-weight,rebalance=year|band=0.01"
2024-09-12,0.1459263145,0.1569773037,0.1401900755,0.1331384484,0.1571063367,0.1343897907,0.1322717305,1,"E1|equal-weight,rebalance=year|band=0.01"
2024-09-13,0.1454683638,0.1563613535,0.1399048419,0.1347472883,0.1572527205,0.1346073237,0.1316581084,1,"E1|equal-weight,rebalance=year|band=0.01"
2024-09-16,0.145137478,0.1559616317,0.1401763237,0.1352968044,0.1574117724,0.1346190352,0.1313969547,1,"E1|equal-weight,rebalance=year|band=0.01"
2024-09-17,0.1455604393,0.1558513723,0.1404299485,0.1347837787,0.1572571995,0.1345977933,0.1315194683,1,"E1|equal-weight,rebalance=year|band=0.01"
2024-09-18,0.1455306823,0.1555297747,0.1420880398,0.134811565,0.1565410511,0.1337349792,0.1317639079,1,"E1|equal-weight,rebalance=year|band=0.01"
2024-09-19,0.1452928107,0.1539350698,0.1424845126,0.1354364181,0.1557332903,0.135799979,0.1313179196,1,"E1|equal-weight,rebalance=year|band=0.01"
2024-09-20,0.1458617104,0.1547046808,0.1431398038,0.1349796222,0.156135231,0.1347796579,0.1303992938,1,"E1|equal-weight,rebalance=year|band=0.01"
2024-09-23,0.145926871,0.1558279157,0.1436149301,0.134810075,0.1561002194,0.1341962574,0.1295237313,1,"E1|equal-weight,rebalance=year|band=0.01"
2024-09-24,0.1457746317,0.1558585035,0.1429229302,0.1350740405,0.1562707971,0.1346663468,0.1294327502,1,"E1|equal-weight,rebalance=year|band=0.01"
2024-09-25,0.1460978412,0.1553155083,0.1429115739,0.136440857,0.1554474551,0.1343975182,0.1293892463,1,"E1|equal-weight,rebalance=year|band=0.01"
2024-09-26,0.1460449413,0.1554467541,0.1428671552,0.1359429386,0.1545414678,0.1364342454,0.1287224978,1,"E1|equal-weight,rebalance=year|band=0.01"
2024-09-27,0.1463609168,0.1566821184,0.141887984,0.1354224208,0.1545814378,0.136226057,0.1288390651,1,"E1|equal-weight,rebalance=year|band=0.01"
2024-09-30,0.1454748735,0.1568589823,0.1406037846,0.1364285205,0.1548618466,0.1360276328,0.1297443598,1,"E1|equal-weight,rebalance=year|band=0.01"
2024-10-01,0.1451990157,0.1566651239,0.1402824797,0.1363075189,0.1549868795,0.1369791615,0.1295798209,1,"E1|equal-weight,rebalance=year|band=0.01"
2024-10-03,0.1440778094,0.1557848445,0.1393888352,0.1381416577,0.1547389416,0.1366913672,0.1311765444,1,"E1|equal-weight,rebalance=year|band=0.01"
2024-10-04,0.1433215773,0.1555144553,0.1386920234,0.1393156245,0.1540801505,0.1373759042,0.1317002649,1,"E1|equal-weight,rebalance=year|band=0.01"
2024-10-07,0.1438691287,0.1537398194,0.1381013051,0.1405279478,0.1515723823,0.1388937861,0.1332956305,1,"E1|equal-weight,rebalance=year|band=0.01"
2024-10-08,0.1436731661,0.1549190437,0.1381136971,0.1388505648,0.1537220961,0.1382441232,0.1324773092,1,"E1|equal-weight,rebalance=year|band=0.01"
2024-10-09,0.1429215185,0.1561671201,0.1376397555,0.1375227826,0.1545116173,0.1391027714,0.1321344345,1,"E1|equal-weight,rebalance=year|band=0.01"
2024-10-10,0.142944353,0.1555965439,0.1385672828,0.1372373461,0.1539473591,0.1398008131,0.131906302,1,"E1|equal-weight,rebalance=year|band=0.01"
2024-10-11,0.1424832238,0.1555817949,0.1376936725,0.1382323126,0.1548166084,0.1394115787,0.1317808092,1,"E1|equal-weight,rebalance=year|band=0.01"
2024-10-14,0.1428181172,0.1553649672,0.1383938337,0.1385029645,0.1542466969,0.1394724941,0.1312009263,1,"E1|equal-weight,rebalance=year|band=0.01"
2024-10-15,0.14223016,0.1557089461,0.1385265848,0.1381316196,0.1543883974,0.1398978059,0.1311164862,1,"E1|equal-weight,rebalance=year|band=0.01"
2024-10-16,0.1417389063,0.1555962817,0.1384339785,0.1395681022,0.1543718244,0.1389779952,0.1313129118,1,"E1|equal-weight,rebalance=year|band=0.01"
2024-10-17,0.1419063337,0.1533246704,0.1382577609,0.1406470449,0.1529525139,0.1405611948,0.1323504813,1,"E1|equal-weight,rebalance=year|band=0.01"
2024-10-18,0.1416347646,0.1531629603,0.1395102883,0.1415601615,0.1528051805,0.1396059852,0.1317206596,1,"E1|equal-weight,rebalance=year|band=0.01"
2024-10-21,0.1416732577,0.1516586476,0.1396218093,0.1434717905,0.1511882076,0.140052232,0.1323340554,1,"E1|equal-weight,rebalance=year|band=0.01"
2024-10-22,0.1416408479,0.1488395686,0.1395277179,0.1448325973,0.1501238763,0.1413041895,0.1337312026,1,"E1|equal-weight,rebalance=year|band=0.01"
2024-10-23,0.1414213461,0.1484256544,0.1393922828,0.1458046684,0.1491629961,0.1420130425,0.1337800097,1,"E1|equal-weight,rebalance=year|band=0.01"
2024-10-24,0.1412444158,0.1480533247,0.140380705,0.1452356876,0.1491120305,0.1418603382,0.1341134983,1,"E1|equal-weight,rebalance=year|band=0.01"
2024-10-25,0.1414806408,0.1473828128,0.1397339158,0.1456928621,0.1470794026,0.1434521654,0.1351782005,1,"E1|equal-weight,rebalance=year|band=0.01"
2024-10-28,0.1414008164,0.1471302025,0.1400364363,0.1455430757,0.1475277536,0.1439268565,0.1344348591,1,"E1|equal-weight,rebalance=year|band=0.01"
2024-10-29,0.1413489557,0.1471908453,0.1417545442,0.1457715182,0.1477318943,0.1425864737,0.1336157687,1,"E1|equal-weight,rebalance=year|band=0.01"
2024-10-30,0.140372006,0.1463832775,0.1405539297,0.1471049875,0.1483165801,0.1438544793,0.1334147399,1,"E1|equal-weight,rebalance=year|band=0.01"
2024-10-31,0.1403189237,0.1464982849,0.1404940854,0.1476545914,0.1483526424,0.1425416375,0.1341398347,1,"E1|equal-weight,rebalance=year|band=0.01"
2024-11-01,0.1406846273,0.1477984049,0.1401769623,0.1464396781,0.1495159439,0.1417491797,0.1336352038,1,"E1|equal-weight,rebalance=year|band=0.01"
2024-11-04,0.1402662386,0.146523596,0.1406222132,0.1467910821,0.1488239904,0.1416960626,0.1352768171,1,"E1|equal-weight,rebalance=year|band=0.01"
2024-11-05,0.1408021209,0.1466005638,0.1422991077,0.1459124269,0.1483601987,0.1413626914,0.1346628905,1,"E1|equal-weight,rebalance=year|band=0.01"
2024-11-06,0.140375787,0.1478008044,0.1410310185,0.1430502795,0.149593315,0.1453967056,0.1327520901,1,"E1|equal-weight,rebalance=year|band=0.01"
2024-11-07,0.1397564981,0.147307076,0.140819155,0.1413396688,0.1500849373,0.1469327741,0.1337598907,1,"E1|equal-weight,rebalance=year|band=0.01"
2024-11-08,0.1395668418,0.1457253578,0.1400064977,0.1429717901,0.1482353393,0.1495587649,0.1339354084,1,"E1|equal-weight,rebalance=year|band=0.01"
2024-11-11,0.1396278871,0.1463045264,0.1407788403,0.1419488529,0.1472058982,0.1500307212,0.1341032739,1,"E1|equal-weight,rebalance=year|band=0.01"
2024-11-12,0.1398618624,0.1447937194,0.1408830934,0.1399904152,0.147366848,0.1513524384,0.1357516232,1,"E1|equal-weight,rebalance=year|band=0.01"
2024-11-13,0.139591302,0.1437107398,0.139524171,0.1425195192,0.1453258664,0.1519936271,0.1373347745,1,"E1|equal-weight,rebalance=year|band=0.01"
2024-11-14,0.1396302037,0.1444365753,0.1398928451,0.1393055291,0.146136412,0.1531625607,0.1374358741,1,"E1|equal-weight,rebalance=year|band=0.01"
2024-11-18,0.1394595953,0.14472995,0.1405113679,0.1422283391,0.1465695567,0.1485560147,0.1379451763,1,"E1|equal-weight,rebalance=year|band=0.01"
2024-11-19,0.1390749442,0.1447718864,0.1404182099,0.1433573949,0.1471155701,0.147983216,0.1372787784,1,"E1|equal-weight,rebalance=year|band=0.01"
2024-11-21,0.1382493067,0.1428262604,0.1397937713,0.1453910669,0.1470621185,0.1492354056,0.1374420706,1,"E1|equal-weight,rebalance=year|band=0.01"
2024-11-22,0.1394266415,0.1436224658,0.1403163921,0.1452585507,0.1466864393,0.1489458212,0.1357436894,1,"E1|equal-weight,rebalance=year|band=0.01"
2024-11-25,0.1401689914,0.1451663976,0.1417091842,0.1418512937,0.1479969627,0.1485144001,0.1345927703,1,"E1|equal-weight,rebalance=year|band=0.01"
2024-11-26,0.1405111692,0.1459532027,0.1421814595,0.1401092722,0.1483140783,0.1478908535,0.1350399645,1,"E1|equal-weight,rebalance=year|band=0.01"
2024-11-27,0.140088961,0.1463045191,0.141551575,0.1404252868,0.1479870477,0.1494796762,0.1341629342,1,"E1|equal-weight,rebalance=year|band=0.01"
2024-11-28,0.1384112024,0.1468031358,0.1409973942,0.14092025,0.1483969981,0.14998161,0.1344894095,1,"E1|equal-weight,rebalance=year|band=0.01"
2024-11-29,0.1390465209,0.1472146342,0.1406559961,0.1409612087,0.1482553708,0.1498336879,0.1340325814,1,"E1|equal-weight,rebalance=year|band=0.01"
2024-12-02,0.1392095123,0.1475374269,0.1402367261,0.1391893946,0.1490008181,0.1513006592,0.1335254627,1,"E1|equal-weight,rebalance=year|band=0.01"
2024-12-03,0.1387548835,0.1477307317,0.1404730049,0.1385706154,0.1490231319,0.153116408,0.1323312247,1,"E1|equal-weight,rebalance=year|band=0.01"
2024-12-04,0.1385197323,0.1478972052,0.1415178195,0.1380003132,0.1499970066,0.1521530145,0.1319149088,1,"E1|equal-weight,rebalance=year|band=0.01"
2024-12-05,0.1392858154,0.1477723891,0.1417678838,0.1376186862,0.1504508331,0.1516305137,0.1314738787,1,"E1|equal-weight,rebalance=year|band=0.01"
2024-12-06,0.1392314783,0.1486969106,0.1420429754,0.1374346026,0.1510386683,0.1500829114,0.1314724534,1,"E1|equal-weight,rebalance=year|band=0.01"
2024-12-09,0.1384549098,0.1478843442,0.1410333209,0.1376780853,0.1513429027,0.1524429659,0.1311634712,1,"E1|equal-weight,rebalance=year|band=0.01"
2024-12-10,0.1373221569,0.1476996149,0.140520416,0.1375888377,0.1506655084,0.1558715068,0.1303319593,1,"E1|equal-weight,rebalance=year|band=0.01"
2024-12-11,0.1368704624,0.147348641,0.1392789066,0.1377754116,0.1505329125,0.1584048553,0.1297888105,1,"E1|equal-weight,rebalance=year|band=0.01"
2024-12-12,0.1357231798,0.1462174863,0.1382483342,0.1380024335,0.1490848133,0.163593407,0.1291303459,1,"E1|equal-weight,rebalance=year|band=0.01"
2024-12-13,0.1366274197,0.1459149997,0.1389865872,0.1360722058,0.1489310546,0.1643941821,0.1290735509,1,"E1|equal-weight,rebalance=year|band=0.01"
2024-12-16,0.1354697323,0.1454069004,0.1380788683,0.1349410207,0.1490677177,0.1686984499,0.1283373109,1,"E1|equal-weight,rebalance=year|band=0.01"
2024-12-17,0.1341875024,0.1438544241,0.1366898661,0.134467346,0.1485801894,0.1735531421,0.1286675299,1,"E1|equal-weight,rebalance=year|band=0.01"
2024-12-18,0.1342087767,0.1427712133,0.1359344153,0.1358345969,0.1485176026,0.1733010651,0.12943233,1,"E1|equal-weight,rebalance=year|band=0.01"
2024-12-19,0.1341837611,0.1427035422,0.1355824488,0.1357015815,0.1493871079,0.1718997547,0.1305418038,1,"E1|equal-weight,rebalance=year|band=0.01"
2024-12-20,0.1346089927,0.1416021561,0.1358670684,0.1373191572,0.148190049,0.169331076,0.1330815007,1,"E1|equal-weight,rebalance=year|band=0.01"
2024-12-23,0.1338827586,0.1403352173,0.1360419153,0.137196047,0.1467927175,0.1740766461,0.1316746982,1,"E1|equal-weight,rebalance=year|band=0.01"
2024-12-24,0.1335636324,0.1401741328,0.1356243725,0.136335788,0.1464407831,0.176409869,0.1314514221,1,"E1|equal-weight,rebalance=year|band=0.01"
2024-12-26,0.1332555677,0.1401376294,0.1348631705,0.1366122316,0.1461234291,0.177899092,0.1311088797,1,"E1|equal-weight,rebalance=year|band=0.01"
2024-12-27,0.1332743047,0.1387977075,0.1349783116,0.1367092628,0.1455107861,0.1799332079,0.1307964195,1,"E1|equal-weight,rebalance=year|band=0.01"
2024-12-30,0.1328489446,0.1383582457,0.1347194276,0.1368650862,0.1465852838,0.1791672828,0.1314557292,1,"E1|equal-weight,rebalance=year|band=0.01"
2024-12-31,0.133069218,0.1384381344,0.1345802918,0.1372328949,0.146772815,0.1782151077,0.1316915382,1,"E1|equal-weight,rebalance=year|band=0.01"
2025-01-01,0.1334445772,0.1387299995,0.1349383315,0.1375955936,0.147283779,0.1764687287,0.1315389906,1,"E1|equal-weight,rebalance=year|band=0.01"
2025-01-02,0.1349594098,0.1398086698,0.1351707966,0.1374724456,0.1473681325,0.1742724591,0.1309480865,1,"E1|equal-weight,rebalance=year|band=0.01"
2025-01-03,0.1342536149,0.140052613,0.1339309124,0.1385080027,0.1478106054,0.1744410314,0.1310032203,1,"E1|equal-weight,rebalance=year|band=0.01"
2025-01-06,0.1348497763,0.1383883605,0.1334386095,0.1401922154,0.1466677634,0.1728451549,0.13361812,1,"E1|equal-weight,rebalance=year|band=0.01"
2025-01-07,0.1349814928,0.1378870072,0.1339764986,0.1403158971,0.147622097,0.171787488,0.1334295193,1,"E1|equal-weight,rebalance=year|band=0.01"
2025-01-08,0.1354642677,0.1373637422,0.1335598037,0.1417069539,0.1467262279,0.1711376479,0.1340413567,1,"E1|equal-weight,rebalance=year|band=0.01"
2025-01-09,0.1352450656,0.1363463755,0.1334359568,0.1430416682,0.1462262011,0.1709646986,0.1347400342,1,"E1|equal-weight,rebalance=year|band=0.01"
2025-01-10,0.1360576721,0.1350717257,0.1327652599,0.1455817925,0.1446868298,0.1697792686,0.1360574514,1,"E1|equal-weight,rebalance=year|band=0.01"
2025-01-13,0.136956823,0.1325743781,0.1339126603,0.1494320691,0.1419417792,0.1661187059,0.1390635844,1,"E1|equal-weight,rebalance=year|band=0.01"
2025-01-14,0.1359374893,0.1338717842,0.1342938897,0.1473593021,0.1436632245,0.1672744416,0.1375998686,1,"E1|equal-weight,rebalance=year|band=0.01"
2025-01-15,0.1359416239,0.1348306587,0.1341404552,0.1476724298,0.1442634151,0.1656878193,0.1374635981,1,"E1|equal-weight,rebalance=year|band=0.01"
2025-01-16,0.1347169844,0.1348015842,0.1335060625,0.1464278831,0.1435933252,0.1712948507,0.1356593098,1,"E1|equal-weight,rebalance=year|band=0.01"
2025-01-17,0.13381085,0.135653685,0.1310663679,0.1461283257,0.1436395756,0.1744359016,0.1352652941,1,"E1|equal-weight,rebalance=year|band=0.01"
2025-01-20,0.1332373851,0.1344293781,0.1319604316,0.1445037409,0.1434301169,0.1784619731,0.1339769743,1,"E1|equal-weight,rebalance=year|band=0.01"
2025-01-21,0.1333452271,0.1327263718,0.1319490162,0.1473081037,0.1423012836,0.1765016638,0.1358683338,1,"E1|equal-weight,rebalance=year|band=0.01"
2025-01-22,0.1332312222,0.1309527928,0.1318235542,0.1481152489,0.1394823604,0.1811146,0.1352802216,1,"E1|equal-weight,rebalance=year|band=0.01"
2025-01-23,0.1325995318,0.1313057603,0.1305485469,0.1466249295,0.1411682456,0.1834303974,0.1343225884,1,"E1|equal-weight,rebalance=year|band=0.01"
2025-01-24,0.1321625094,0.1294769393,0.1299428431,0.1476294861,0.1393264607,0.186875275,0.1345864865,1,"E1|equal-weight,rebalance=year|band=0.01"
2025-01-27,0.1333642087,0.1282560607,0.131859367,0.1502508118,0.1381188927,0.1809313898,0.1372192693,1,"E1|equal-weight,rebalance=year|band=0.01"
2025-01-28,0.1349812068,0.1293391743,0.1345693655,0.1508578235,0.1379785965,0.1742474415,0.1380263919,1,"E1|equal-weight,rebalance=year|band=0.01"
2025-01-29,0.1339940048,0.1298927784,0.1332377219,0.1491864915,0.1401664559,0.1775596516,0.1359628959,1,"E1|equal-weight,rebalance=year|band=0.01"
2025-01-30,0.1344758194,0.1300603004,0.1339012191,0.1497454463,0.1389861918,0.1767940334,0.1360369895,1,"E1|equal-weight,rebalance=year|band=0.01"
2025-01-31,0.1347417662,0.1312512744,0.1332563607,0.1506140822,0.140423331,0.1748222229,0.1348909626,1,"E1|equal-weight,rebalance=year|band=0.01"
2025-02-01,0.134389778,0.1316960249,0.1333624858,0.1504355726,0.1400087589,0.1751222664,0.1349851135,1,"E1|equal-weight,rebalance=year|band=0.01"
2025-02-03,0.134747797,0.1306111571,0.1333724042,0.152730345,0.139460247,0.1733137383,0.1357643114,1,"E1|equal-weight,rebalance=year|band=0.01"
2025-02-04,0.1349410231,0.1310992549,0.1338538631,0.1518368016,0.1398341616,0.1742822102,0.1341526854,1,"E1|equal-weight,rebalance=year|band=0.01"
2025-02-05,0.1340046596,0.1308867831,0.1333960457,0.153872953,0.1397212422,0.1749639033,0.133154413,1,"E1|equal-weight,rebalance=year|band=0.01"
2025-02-06,0.1339891027,0.1303155308,0.1340579133,0.1540652602,0.1386498754,0.1753080321,0.1336142855,1,"E1|equal-weight,rebalance=year|band=0.01"
2025-02-07,0.1337407744,0.1304431075,0.1334858008,0.1543785881,0.1387423724,0.1755034581,0.1337058986,1,"E1|equal-weight,rebalance=year|band=0.01"
2025-02-10,0.1335300624,0.1287648417,0.1339038932,0.1573504948,0.1366622299,0.1752760264,0.1345124517,1,"E1|equal-weight,rebalance=year|band=0.01"
2025-02-11,0.1333401492,0.1269432707,0.133923499,0.157977414,0.1340374148,0.1776868028,0.1360914495,1,"E1|equal-weight,rebalance=year|band=0.01"
2025-02-12,0.1334960254,0.1273018343,0.1344237576,0.1572117199,0.1340688938,0.1770703267,0.1364274423,1,"E1|equal-weight,rebalance=year|band=0.01"
2025-02-13,0.1333656265,0.1274594014,0.1339189524,0.157998347,0.1342603525,0.1766242182,0.1363731021,1,"E1|equal-weight,rebalance=year|band=0.01"
2025-02-14,0.1337437232,0.1255850377,0.1343663777,0.159973864,0.1320834944,0.1768126691,0.1374348339,1,"E1|equal-weight,rebalance=year|band=0.01"
2025-02-17,0.133914431,0.1253004339,0.1348778572,0.1588149457,0.1326409318,0.1768506686,0.1376007317,1,"E1|equal-weight,rebalance=year|band=0.01"
2025-02-18,0.1339188281,0.1256789957,0.134397177,0.1597193687,0.1325364867,0.1759733284,0.1377758154,1,"E1|equal-weight,rebalance=year|band=0.01"
2025-02-19,0.1328179455,0.1260030548,0.1347821324,0.1600257645,0.1334152271,0.1763136946,0.1366421812,1,"E1|equal-weight,rebalance=year|band=0.01"
2025-02-20,0.1326861735,0.1277119937,0.1339610537,0.159364272,0.1349514682,0.1747738857,0.1365511532,1,"E1|equal-weight,rebalance=year|band=0.01"
2025-02-21,0.1329168107,0.1274117109,0.1337347815,0.1595583581,0.134051784,0.1748037681,0.1375227867,1,"E1|equal-weight,rebalance=year|band=0.01"
2025-02-24,0.1326780609,0.1270413212,0.1341203341,0.1621082776,0.1340944701,0.1711545516,0.1388029844,1,"E1|equal-weight,rebalance=year|band=0.01"
2025-02-25,0.1333313923,0.1267452361,0.1345397775,0.1633206168,0.1339648356,0.1685201973,0.1395779443,1,"E1|equal-weight,rebalance=year|band=0.01"
2025-02-27,0.1336066446,0.1259552252,0.1353222235,0.1618222818,0.1327052917,0.1705696218,0.1400187114,1,"E1|equal-weight,rebalance=year|band=0.01"
2025-02-28,0.1342174788,0.1251423701,0.1372886791,0.1634580975,0.1325852767,0.1642957136,0.1430123842,1,"E1|equal-weight,rebalance=year|band=0.01"
2025-03-03,0.1335134913,0.1255423074,0.1359516425,0.1634585064,0.1319744024,0.1669905082,0.1425691417,1,"E1|equal-weight,rebalance=year|band=0.01"
2025-03-04,0.1332943392,0.1264514894,0.1365674233,0.1659890099,0.1321071911,0.1629080598,0.1426824872,1,"E1|equal-weight,rebalance=year|band=0.01"
2025-03-05,0.133711433,0.1285210618,0.135837396,0.1641800211,0.1341409657,0.1621643973,0.1414447251,1,"E1|equal-weight,rebalance=year|band=0.01"
2025-03-06,0.1341667874,0.1293675554,0.1357032148,0.1624011514,0.1339196576,0.163765544,0.1406760895,1,"E1|equal-weight,rebalance=year|band=0.01"
2025-03-07,0.1342643356,0.1288427541,0.1354084988,0.1631845334,0.1335900918,0.1639667644,0.1407430219,1,"E1|equal-weight,rebalance=year|band=0.01"
2025-03-10,0.1343847624,0.1275570185,0.1351062573,0.1639472052,0.1321794549,0.1652657154,0.1415595863,1,"E1|equal-weight,rebalance=year|band=0.01"
2025-03-11,0.1351119072,0.1287649725,0.1347874424,0.1644132355,0.1339966086,0.1607667025,0.1421591313,1,"E1|equal-weight,rebalance=year|band=0.01"
2025-03-12,0.1352428811,0.1290313404,0.1355565935,0.1653435916,0.1330799307,0.1592300154,0.1425156472,1,"E1|equal-weight,rebalance=year|band=0.01"
2025-03-13,0.1353904407,0.1288015252,0.1360720532,0.1671198032,0.1326103304,0.1569196669,0.1430861804,1,"E1|equal-weight,rebalance=year|band=0.01"
2025-03-17,0.134745872,0.1285209213,0.135555427,0.1671999559,0.1323849668,0.1597109797,0.1418818773,1,"E1|equal-weight,rebalance=year|band=0.01"
2025-03-18,0.1354415218,0.1307306331,0.1371471666,0.1670236977,0.133922547,0.1551260145,0.1406084193,1,"E1|equal-weight,rebalance=year|band=0.01"
2025-03-19,0.134299229,0.1312746111,0.1367127535,0.1653144713,0.1359246298,0.15750329,0.1389710153,1,"E1|equal-weight,rebalance=year|band=0.01"
2025-03-20,0.1345096179,0.1309312235,0.136225533,0.1644303813,0.1355276734,0.160564657,0.1378109139,1,"E1|equal-weight,rebalance=year|band=0.01"
2025-03-21,0.1351099636,0.1315778068,0.1371714518,0.1628553689,0.1371313952,0.158630623,0.1375233906,1,"E1|equal-weight,rebalance=year|band=0.01"
2025-03-24,0.135866926,0.1321065414,0.1390052382,0.1593387534,0.1377477283,0.1595317986,0.136403014,1,"E1|equal-weight,rebalance=year|band=0.01"
2025-03-25,0.1362651069,0.1306618702,0.139257226,0.1604121647,0.1367942643,0.1596850359,0.136924332,1,"E1|equal-weight,rebalance=year|band=0.01"
2025-03-26,0.1361364034,0.130892493,0.1390052493,0.1614202737,0.1365809111,0.1581787768,0.1377858926,1,"E1|equal-weight,rebalance=year|band=0.01"
2025-03-27,0.136054698,0.1320344916,0.1395403775,0.1620231731,0.1366097028,0.1564688752,0.1372686818,1,"E1|equal-weight,rebalance=year|band=0.01"
2025-03-28,0.1360537728,0.1314786656,0.1398970868,0.1631340767,0.1366571729,0.1550846319,0.1376945933,1,"E1|equal-weight,rebalance=year|band=0.01"
2025-04-01,0.1428571429,0.1428571429,0.1428571429,0.1428571429,0.1428571429,0.1428571429,0.1428571429,1,"E1|equal-weight,rebalance=year|band=0.01"
2025-04-02,0.1430520726,0.1435689131,0.1431796587,0.1410301695,0.1441556699,0.1429916982,0.142021818,1,"E1|equal-weight,rebalance=year|band=0.01"
2025-04-03,0.1425963838,0.143796115,0.1440292379,0.140513857,0.1446316741,0.1421570862,0.1422756461,1,"E1|equal-weight,rebalance=year|band=0.01"
2025-04-04,0.1429597638,0.1422957542,0.1462851816,0.14106194,0.1428470685,0.1400494767,0.1445008152,1,"E1|equal-weight,rebalance=year|band=0.01"
2025-04-07,0.1426450207,0.1424585832,0.1462649219,0.1430579019,0.141901815,0.1347551072,0.1489166502,1,"E1|equal-weight,rebalance=year|band=0.01"
2025-04-08,0.1434218967,0.1436291637,0.1464145246,0.141488636,0.1432019975,0.1342265308,0.1476172505,1,"E1|equal-weight,rebalance=year|band=0.01"
2025-04-09,0.1426182305,0.1435054019,0.145862069,0.1439691174,0.1426075278,0.1336203234,0.1478173301,1,"E1|equal-weight,rebalance=year|band=0.01"
2025-04-11,0.1428212639,0.1427797479,0.1451186695,0.1470744914,0.1427665156,0.1342169676,0.1452223441,1,"E1|equal-weight,rebalance=year|band=0.01"
2025-04-15,0.1434066684,0.1447256903,0.1466518302,0.1444570323,0.1446282473,0.1329481674,0.1431823641,1,"E1|equal-weight,rebalance=year|band=0.01"
2025-04-16,0.1432370852,0.1448521373,0.1479426098,0.1466186256,0.1448385271,0.1300428605,0.1424681545,1,"E1|equal-weight,rebalance=year|band=0.01"
2025-04-17,0.1445556181,0.1445316011,0.1499456905,0.1459485075,0.1444005032,0.1293116337,0.141306446,1,"E1|equal-weight,rebalance=year|band=0.01"
2025-04-21,0.14419988,0.1450990848,0.1506008788,0.1466696378,0.1458898518,0.1281364549,0.1394042119,1,"E1|equal-weight,rebalance=year|band=0.01"
2025-04-22,0.1435607534,0.1445043208,0.1508629684,0.1491221552,0.1461839216,0.1271352619,0.1386306187,1,"E1|equal-weight,rebalance=year|band=0.01"
2025-04-23,0.1443099846,0.1453341201,0.1498546728,0.1444152628,0.1475683802,0.1300474843,0.1384700952,1,"E1|equal-weight,rebalance=year|band=0.01"
2025-04-24,0.1441268249,0.145340725,0.1495311418,0.1449110771,0.1476032884,0.1297249905,0.1387619522,1,"E1|equal-weight,rebalance=year|band=0.01"
2025-04-25,0.1442400358,0.1435135592,0.1494585924,0.1454052945,0.1452447804,0.1320460631,0.1400916745,1,"E1|equal-weight,rebalance=year|band=0.01"
2025-04-28,0.1451145268,0.1440164328,0.1507148183,0.1427577356,0.1468362485,0.1312489477,0.1393112903,1,"E1|equal-weight,rebalance=year|band=0.01"
2025-04-29,0.1449958394,0.1437296007,0.1503605365,0.1444220598,0.1471385588,0.1301462261,0.1392071788,1,"E1|equal-weight,rebalance=year|band=0.01"
2025-04-30,0.1457661141,0.1434236352,0.1503763782,0.1434238277,0.1462327913,0.1308454341,0.1399318193,1,"E1|equal-weight,rebalance=year|band=0.01"
2025-05-02,0.1459226556,0.1434646815,0.1505180111,0.1432194929,0.1455475442,0.1312273963,0.1401002184,1,"E1|equal-weight,rebalance=year|band=0.01"
2025-05-05,0.1460418787,0.1444883733,0.1488903357,0.1433207791,0.1470364108,0.131126629,0.1390955934,1,"E1|equal-weight,rebalance=year|band=0.01"
2025-05-06,0.1459278198,0.1421377938,0.1478895601,0.1487682175,0.1444253664,0.1309287232,0.1399225192,1,"E1|equal-weight,rebalance=year|band=0.01"
2025-05-07,0.145766581,0.1425527521,0.1484605801,0.1469634405,0.1464348311,0.1301312586,0.1396905567,1,"E1|equal-weight,rebalance=year|band=0.01"
2025-05-08,0.1459966847,0.1407390089,0.1491860824,0.1475261128,0.1445625754,0.1311549445,0.1408345913,1,"E1|equal-weight,rebalance=year|band=0.01"
2025-05-09,0.1452107334,0.1408861767,0.1477394414,0.1478693142,0.1452009911,0.1316722617,0.1414210816,1,"E1|equal-weight,rebalance=year|band=0.01"
2025-05-12,0.1474869522,0.143204942,0.1493890893,0.1395153938,0.1479655256,0.1341090034,0.1383290937,1,"E1|equal-weight,rebalance=year|band=0.01"
2025-05-13,0.1458184722,0.1432665542,0.1482172376,0.141534521,0.1482873264,0.1344410169,0.1384348717,1,"E1|equal-weight,rebalance=year|band=0.01"
2025-05-14,0.1459439869,0.14397541,0.1473762257,0.1403102036,0.1495399363,0.1347322322,0.1381220052,1,"E1|equal-weight,rebalance=year|band=0.01"
2025-05-15,0.1472508191,0.1446442716,0.148163074,0.1370087983,0.1500315917,0.1353120433,0.1375894019,1,"E1|equal-weight,rebalance=year|band=0.01"
2025-05-16,0.1462754685,0.1457496094,0.1473943827,0.1373889804,0.1503961016,0.1361104619,0.1366849955,1,"E1|equal-weight,rebalance=year|band=0.01"
2025-05-19,0.1457969463,0.146515699,0.1476150062,0.1383841122,0.1506381239,0.1342487122,0.1368014003,1,"E1|equal-weight,rebalance=year|band=0.01"
2025-05-20,0.145624476,0.1448495783,0.1475586206,0.1391471807,0.1493875796,0.1356223698,0.137810195,1,"E1|equal-weight,rebalance=year|band=0.01"
2025-05-21,0.1452416064,0.1457179189,0.1469742877,0.1407709478,0.1498011892,0.1343413091,0.1371527409,1,"E1|equal-weight,rebalance=year|band=0.01"
2025-05-22,0.1447413217,0.1455795589,0.1469759,0.1416701969,0.1494298522,0.1340775671,0.1375256033,1,"E1|equal-weight,rebalance=year|band=0.01"
2025-05-23,0.1454966556,0.1458343376,0.1476696901,0.1406204323,0.1498688552,0.1334582552,0.137051774,1,"E1|equal-weight,rebalance=year|band=0.01"
2025-05-26,0.1457340446,0.1458942822,0.1475865426,0.1405430331,0.1503793147,0.1332574553,0.1366053276,1,"E1|equal-weight,rebalance=year|band=0.01"
2025-05-27,0.1452860413,0.1456454445,0.1475922503,0.1405657732,0.1509238425,0.1329766773,0.137009971,1,"E1|equal-weight,rebalance=year|band=0.01"
2025-05-28,0.1447982347,0.145102562,0.1473855595,0.1412585378,0.1507696582,0.1338336551,0.1368517928,1,"E1|equal-weight,rebalance=year|band=0.01"
2025-05-29,0.1449302896,0.1450020361,0.1474425199,0.1392656999,0.1513797253,0.1353975835,0.1365821456,1,"E1|equal-weight,rebalance=year|band=0.01"
2025-05-30,0.1447359407,0.1446956885,0.1481839226,0.1400512702,0.1513884397,0.1342411515,0.1367035867,1,"E1|equal-weight,rebalance=year|band=0.01"
2025-06-02,0.1440889773,0.1447715323,0.1480848203,0.1414201056,0.1518679147,0.1334230874,0.1363435624,1,"E1|equal-weight,rebalance=year|band=0.01"
2025-06-03,0.1433757896,0.1442914534,0.1474037797,0.1424455993,0.1514565723,0.1344297958,0.1365970099,1,"E1|equal-weight,rebalance=year|band=0.01"
2025-06-04,0.1431552438,0.1441366383,0.1470466885,0.1424672404,0.1518969334,0.1352301728,0.1360670828,1,"E1|equal-weight,rebalance=year|band=0.01"
2025-06-05,0.1435548974,0.1442302747,0.1468502709,0.1427817519,0.1524001768,0.1344902557,0.1356923727,1,"E1|equal-weight,rebalance=year|band=0.01"
2025-06-06,0.1439399829,0.1449358125,0.1485516462,0.141046115,0.153338966,0.1332446003,0.134942877,1,"E1|equal-weight,rebalance=year|band=0.01"
2025-06-09,0.1438752951,0.1461663326,0.1486671638,0.1392590312,0.1545686754,0.1329222588,0.1345412429,1,"E1|equal-weight,rebalance=year|band=0.01"
2025-06-10,0.1437140985,0.1463947478,0.147633459,0.1393078952,0.1544699586,0.1340856082,0.1343942327,1,"E1|equal-weight,rebalance=year|band=0.01"
2025-06-11,0.1441759944,0.1460783345,0.1474130016,0.139777254,0.1539059647,0.1340370619,0.1346123889,1,"E1|equal-weight,rebalance=year|band=0.01"
2025-06-12,0.143659179,0.1448282554,0.1473922718,0.141831977,0.1525048964,0.1342352949,0.1355481255,1,"E1|equal-weight,rebalance=year|band=0.01"
2025-06-13,0.1429585028,0.1439871274,0.1460640213,0.1451200235,0.1522143081,0.1338483688,0.1358076481,1,"E1|equal-weight,rebalance=year|band=0.01"
2025-06-16,0.1435313832,0.1441697917,0.1465216639,0.1442777154,0.152880902,0.1334754595,0.1351430842,1,"E1|equal-weight,rebalance=year|band=0.01"
2025-06-17,0.1434443637,0.1435676735,0.1463042163,0.1438413477,0.1524493309,0.134771267,0.1356218009,1,"E1|equal-weight,rebalance=year|band=0.01"
2025-06-18,0.1432790595,0.1431962947,0.146601219,0.144257079,0.1516389576,0.1353710892,0.1356563009,1,"E1|equal-weight,rebalance=year|band=0.01"
2025-06-19,0.1440891741,0.1421938234,0.1470326082,0.1452449878,0.1503530036,0.1344764559,0.136609947,1,"E1|equal-weight,rebalance=year|band=0.01"
2025-06-20,0.1449644903,0.1431128358,0.147742844,0.143287933,0.1513543407,0.1338275079,0.1357100484,1,"E1|equal-weight,rebalance=year|band=0.01"
2025-06-23,0.1444384955,0.1429684655,0.1470689334,0.143841618,0.1510517259,0.1350379919,0.1355927699,1,"E1|equal-weight,rebalance=year|band=0.01"
2025-06-24,0.144361609,0.1439289063,0.1477952766,0.1405578772,0.1524568782,0.135630838,0.1352686147,1,"E1|equal-weight,rebalance=year|band=0.01"
2025-06-25,0.1447821338,0.1439731602,0.1476781705,0.1402071941,0.1524595758,0.1361716884,0.1347280772,1,"E1|equal-weight,rebalance=year|band=0.01"
2025-06-26,0.1453870589,0.1440056944,0.1481107552,0.1393451757,0.1523899549,0.136860235,0.1339011259,1,"E1|equal-weight,rebalance=year|band=0.01"
2025-06-27,0.1458784356,0.1445237861,0.1488368282,0.1368082656,0.1524538486,0.1378652765,0.1336335594,1,"E1|equal-weight,rebalance=year|band=0.01"
2025-06-30,0.1446116753,0.1445863697,0.1479546375,0.136614049,0.1527523343,0.1402524667,0.1332284674,1,"E1|equal-weight,rebalance=year|band=0.01"
2025-07-01,0.1445221661,0.1442385884,0.1481666518,0.1381795778,0.1525059356,0.1393586832,0.1330283972,1,"E1|equal-weight,rebalance=year|band=0.01"
2025-07-02,0.1444526395,0.1446626821,0.1474679132,0.1387280064,0.1527594255,0.1384399077,0.1334894257,1,"E1|equal-weight,rebalance=year|band=0.01"
2025-07-03,0.1443434262,0.1440863407,0.1469388567,0.1386414157,0.1529241325,0.1394638006,0.1336020276,1,"E1|equal-weight,rebalance=year|band=0.01"
2025-07-04,0.1444917715,0.1444152243,0.1472950181,0.1382295862,0.1528152285,0.1393285298,0.1334246416,1,"E1|equal-weight,rebalance=year|band=0.01"
2025-07-07,0.1446149146,0.1445565473,0.1472500439,0.1377509373,0.1524897242,0.1397142718,0.1336235608,1,"E1|equal-weight,rebalance=year|band=0.01"
2025-07-08,0.1448171833,0.1444683337,0.147775036,0.1379667245,0.1521368326,0.13939831,0.1334375798,1,"E1|equal-weight,rebalance=year|band=0.01"
2025-07-09,0.1449067577,0.1447429374,0.1479774054,0.1369660476,0.1520907576,0.1395894626,0.1337266317,1,"E1|equal-weight,rebalance=year|band=0.01"
2025-07-10,0.1442812744,0.14446301,0.1474773036,0.138179878,0.151763836,0.1400407671,0.1337939308,1,"E1|equal-weight,rebalance=year|band=0.01"
2025-07-11,0.1438237123,0.1438726648,0.1475636243,0.1394954051,0.1509874964,0.1399052033,0.1343518938,1,"E1|equal-weight,rebalance=year|band=0.01"
2025-07-14,0.1431855339,0.1440944804,0.1472981108,0.1403239822,0.1516774727,0.1394085512,0.1340118689,1,"E1|equal-weight,rebalance=year|band=0.01"
2025-07-15,0.1430636083,0.1442918571,0.1473892716,0.139361816,0.1524765,0.1399632894,0.1334536576,1,"E1|equal-weight,rebalance=year|band=0.01"
2025-07-16,0.1430820558,0.1445849293,0.1476601072,0.1388581408,0.1524516261,0.1398462053,0.1335169355,1,"E1|equal-weight,rebalance=year|band=0.01"
2025-07-17,0.1428565747,0.1445800595,0.1470581578,0.1387116352,0.1524327733,0.1406512039,0.1337095957,1,"E1|equal-weight,rebalance=year|band=0.01"
2025-07-18,0.1423258369,0.143837514,0.14609599,0.1398591706,0.1515957019,0.1423914441,0.1338943424,1,"E1|equal-weight,rebalance=year|band=0.01"
2025-07-21,0.1420469108,0.1436851347,0.1467227457,0.1398557649,0.151851166,0.1425423632,0.1332959148,1,"E1|equal-weight,rebalance=year|band=0.01"
2025-07-22,0.1419033569,0.1431047119,0.1462152272,0.1408979972,0.1508739876,0.1437329922,0.1332717271,1,"E1|equal-weight,rebalance=year|band=0.01"
2025-07-23,0.1420128108,0.1426061239,0.1465736439,0.1419415081,0.1507092321,0.1434493524,0.1327073289,1,"E1|equal-weight,rebalance=year|band=0.01"
2025-07-24,0.1417474245,0.142863897,0.1467838919,0.1399290932,0.1502653478,0.1452601259,0.1331502196,1,"E1|equal-weight,rebalance=year|band=0.01"
2025-07-25,0.1416659203,0.1416819554,0.1464601805,0.1405400416,0.1489255595,0.1466504211,0.1340759217,1,"E1|equal-weight,rebalance=year|band=0.01"
2025-07-28,0.1410593694,0.1410600318,0.1456089903,0.1405921713,0.1478649673,0.1495140986,0.1343003713,1,"E1|equal-weight,rebalance=year|band=0.01"
2025-07-29,0.1414630273,0.1419356132,0.1456010312,0.1399839887,0.1486089087,0.1484744985,0.1339329323,1,"E1|equal-weight,rebalance=year|band=0.01"
2025-07-30,0.1414950172,0.1420220473,0.1454071243,0.1408160384,0.1485259434,0.1477740733,0.1339597562,1,"E1|equal-weight,rebalance=year|band=0.01"
2025-07-31,0.1410063943,0.1412777297,0.1449444942,0.1404423168,0.1469491455,0.1514452415,0.133934678,1,"E1|equal-weight,rebalance=year|band=0.01"
2025-08-01,0.1412470721,0.1407890213,0.1453481545,0.1412200419,0.146435207,0.1498517475,0.1351087558,1,"E1|equal-weight,rebalance=year|band=0.01"
2025-08-04,0.1414864188,0.1418053817,0.1448238837,0.1428960072,0.1478817004,0.1464341268,0.1346724815,1,"E1|equal-weight,rebalance=year|band=0.01"
2025-08-05,0.1411077009,0.1413450895,0.1440730573,0.1435296359,0.1472398697,0.1480294579,0.1346751888,1,"E1|equal-weight,rebalance=year|band=0.01"
2025-08-06,0.1411699553,0.1407087056,0.1447123719,0.1437299041,0.1466886763,0.1478342912,0.1351560955,1,"E1|equal-weight,rebalance=year|band=0.01"
2025-08-07,0.1408442447,0.1407199573,0.1445910385,0.1442679818,0.1466484284,0.1480524016,0.1348759477,1,"E1|equal-weight,rebalance=year|band=0.01"
2025-08-08,0.1405395022,0.1398051867,0.1442215276,0.1458066537,0.1453292408,0.1486437457,0.1356541433,1,"E1|equal-weight,rebalance=year|band=0.01"
2025-08-11,0.1411374869,0.1408091562,0.1447983987,0.1433455321,0.1459689392,0.1487051308,0.135235356,1,"E1|equal-weight,rebalance=year|band=0.01"
2025-08-12,0.1411045669,0.1409954719,0.1445582126,0.1432691341,0.1459213299,0.1485593268,0.1355919579,1,"E1|equal-weight,rebalance=year|band=0.01"
2025-08-13,0.1411618707,0.1413084117,0.1441223791,0.1429251262,0.1461619217,0.1493712005,0.1349490901,1,"E1|equal-weight,rebalance=year|band=0.01"
2025-08-14,0.1412339833,0.1411278757,0.1444583651,0.1428043268,0.1456710661,0.1497659733,0.1349384096,1,"E1|equal-weight,rebalance=year|band=0.01"
2025-08-18,0.1418329727,0.1420930729,0.1444762459,0.1412950047,0.1465491308,0.1495281684,0.1342254046,1,"E1|equal-weight,rebalance=year|band=0.01"
2025-08-19,0.1420148577,0.1427405034,0.1445030562,0.1402797479,0.1474385685,0.1490297514,0.1339935149,1,"E1|equal-weight,rebalance=year|band=0.01"
2025-08-20,0.142375248,0.1434282987,0.1442491887,0.1399647709,0.1482331938,0.1476604418,0.134088858,1,"E1|equal-weight,rebalance=year|band=0.01"
2025-08-21,0.1427463689,0.1430397266,0.144592627,0.1408639099,0.1477648953,0.14678983,0.1342026424,1,"E1|equal-weight,rebalance=year|band=0.01"
2025-08-22,0.1422184586,0.1428011592,0.1436480817,0.1416176838,0.1481667714,0.146720834,0.1348270113,1,"E1|equal-weight,rebalance=year|band=0.01"
2025-08-25,0.1420643669,0.1426949902,0.1428731686,0.1424989675,0.1478507863,0.1477192982,0.1342984224,1,"E1|equal-weight,rebalance=year|band=0.01"
2025-08-26,0.1417811434,0.1419159756,0.1423146191,0.1441225733,0.1464051287,0.1481484686,0.1353120912,1,"E1|equal-weight,rebalance=year|band=0.01"
2025-08-28,0.1413451764,0.1407572522,0.1413584877,0.1457982893,0.1453621387,0.1494115396,0.1359671162,1,"E1|equal-weight,rebalance=year|band=0.01"
2025-08-29,0.1408538459,0.1403153394,0.1408643391,0.1473377246,0.1444946928,0.1501916362,0.135942422,1,"E1|equal-weight,rebalance=year|band=0.01"
2025-09-01,0.1407811771,0.1409406908,0.1404613588,0.1483142301,0.1461854375,0.1484162887,0.134900817,1,"E1|equal-weight,rebalance=year|band=0.01"
2025-09-02,0.1406598149,0.1416910287,0.1397840993,0.1484532034,0.1467527058,0.1476143951,0.1350447528,1,"E1|equal-weight,rebalance=year|band=0.01"
2025-09-03,0.140418633,0.1416446841,0.1398781901,0.1496925155,0.1466470275,0.14749302,0.1342259299,1,"E1|equal-weight,rebalance=year|band=0.01"
2025-09-04,0.140830129,0.1413589113,0.1400194968,0.1504046347,0.1459249495,0.1470052398,0.1344566388,1,"E1|equal-weight,rebalance=year|band=0.01"
2025-09-05,0.140541507,0.1408986267,0.1398176442,0.150779491,0.145622377,0.1482724781,0.134067876,1,"E1|equal-weight,rebalance=year|band=0.01"
2025-09-08,0.140148823,0.1408715377,0.1395614526,0.1524014212,0.1454856576,0.1479621768,0.1335689311,1,"E1|equal-weight,rebalance=year|band=0.01"
2025-09-09,0.140049556,0.1406743007,0.1391022673,0.1540050607,0.1452153804,0.1477256497,0.1332277852,1,"E1|equal-weight,rebalance=year|band=0.01"
2025-09-10,0.1403057654,0.1410014486,0.1396500395,0.1531203328,0.1461960812,0.1468544781,0.1328718544,1,"E1|equal-weight,rebalance=year|band=0.01"
2025-09-11,0.1404314525,0.141018808,0.1398195003,0.1524122836,0.1464388118,0.1471924963,0.1326866475,1,"E1|equal-weight,rebalance=year|band=0.01"
2025-09-12,0.1404062734,0.1409566195,0.1395403221,0.1529307045,0.1462803954,0.1476629292,0.1322227559,1,"E1|equal-weight,rebalance=year|band=0.01"
2025-09-15,0.1397671944,0.1412912464,0.1393617493,0.1518763737,0.1466305555,0.1492050712,0.1318678095,1,"E1|equal-weight,rebalance=year|band=0.01"
2025-09-16,0.1396587378,0.140984732,0.1389590689,0.1530550001,0.1462773663,0.150090139,0.1309749558,1,"E1|equal-weight,rebalance=year|band=0.01"
2025-09-17,0.1401592064,0.1415660085,0.1398885126,0.1513264818,0.1465889541,0.1495034017,0.1309674349,1,"E1|equal-weight,rebalance=year|band=0.01"
2025-09-18,0.1400626681,0.1414607397,0.1398979768,0.1514210557,0.146442871,0.1501437661,0.1305709226,1,"E1|equal-weight,rebalance=year|band=0.01"
2025-09-19,0.1397039845,0.1422188723,0.1393978319,0.1509433341,0.1465918724,0.1505231042,0.1306210005,1,"E1|equal-weight,rebalance=year|band=0.01"
2025-09-22,0.1387815123,0.1421961803,0.1385691676,0.1537435617,0.1454938821,0.1507549926,0.1304607034,1,"E1|equal-weight,rebalance=year|band=0.01"
2025-09-23,0.1381409905,0.1412942224,0.1383842053,0.1563806176,0.1440683402,0.151791054,0.12994057,1,"E1|equal-weight,rebalance=year|band=0.01"
2025-09-24,0.1382833545,0.1406489953,0.1382010304,0.1565447432,0.143928133,0.1516248906,0.130768853,1,"E1|equal-weight,rebalance=year|band=0.01"
2025-09-25,0.1381181349,0.1402692939,0.1387040322,0.1569205059,0.143412486,0.1511953572,0.13138019,1,"E1|equal-weight,rebalance=year|band=0.01"
2025-09-26,0.1378906179,0.1389482646,0.1383049968,0.1577155868,0.1419624444,0.1528201402,0.1323579493,1,"E1|equal-weight,rebalance=year|band=0.01"
2025-09-29,0.136698741,0.1390594289,0.13712254,0.1592544749,0.1411606653,0.1553535,0.1313506498,1,"E1|equal-weight,rebalance=year|band=0.01"
2025-09-30,0.1359885498,0.139018749,0.137330774,0.1589264808,0.1405965545,0.1569137206,0.1312251713,1,"E1|equal-weight,rebalance=year|band=0.01"
2025-10-01,0.1364424959,0.1382607419,0.1382562015,0.1606869806,0.140916544,0.155150001,0.1302870351,1,"E1|equal-weight,rebalance=year|band=0.01"
2025-10-03,0.1357614613,0.1379151463,0.1377068644,0.1586003323,0.140982799,0.1596507293,0.1293826674,1,"E1|equal-weight,rebalance=year|band=0.01"
2025-10-06,0.1345983262,0.1363136936,0.1372994477,0.1596397839,0.1399313307,0.1647466629,0.127470755,1,"E1|equal-weight,rebalance=year|band=0.01"
2025-10-07,0.1337108596,0.1350048854,0.1361577874,0.1590993801,0.1395098734,0.1700200305,0.1264971836,1,"E1|equal-weight,rebalance=year|band=0.01"
2025-10-08,0.1339704044,0.1348290319,0.136327312,0.1632485286,0.1389919621,0.165410372,0.1272223891,1,"E1|equal-weight,rebalance=year|band=0.01"
2025-10-09,0.1343661984,0.1351053075,0.1365662508,0.1624160674,0.1400117002,0.1646716579,0.1268628178,1,"E1|equal-weight,rebalance=year|band=0.01"
2025-10-10,0.1350899128,0.1355217227,0.1376822906,0.1611693851,0.1408448963,0.1627849342,0.1269068584,1,"E1|equal-weight,rebalance=year|band=0.01"
2025-10-13,0.134812955,0.1354944689,0.1377305648,0.1645094101,0.1409683354,0.1593865054,0.1270977603,1,"E1|equal-weight,rebalance=year|band=0.01"
2025-10-14,0.1342021625,0.1346445449,0.1372621179,0.1682181965,0.1398396341,0.1588687273,0.1269646169,1,"E1|equal-weight,rebalance=year|band=0.01"
2025-10-15,0.1346182471,0.1355772824,0.1373053099,0.1676543534,0.1404830236,0.1580422363,0.1263195473,1,"E1|equal-weight,rebalance=year|band=0.01"
2025-10-16,0.134960397,0.1353796081,0.1376630146,0.1666758341,0.1401968194,0.1596191112,0.1255052157,1,"E1|equal-weight,rebalance=year|band=0.01"
2025-10-17,0.1350434778,0.1348580988,0.1377421477,0.1702484103,0.1388476836,0.158298399,0.1249617829,1,"E1|equal-weight,rebalance=year|band=0.01"
2025-10-20,0.1357867171,0.1350556562,0.1385314356,0.1655185896,0.1399012261,0.160224304,0.1249820713,1,"E1|equal-weight,rebalance=year|band=0.01"
2025-10-21,0.1353767855,0.1348127944,0.1380531105,0.1658764497,0.1399556432,0.1613247275,0.1246004891,1,"E1|equal-weight,rebalance=year|band=0.01"
2025-10-23,0.1366033936,0.1355907826,0.1391189733,0.1607740752,0.1405757227,0.1617703611,0.1255666915,1,"E1|equal-weight,rebalance=year|band=0.01"
2025-10-24,0.1363898275,0.1359175004,0.1386599172,0.1592375949,0.1406531482,0.1631709093,0.1259711026,1,"E1|equal-weight,rebalance=year|band=0.01"
2025-10-27,0.1366862536,0.1356093831,0.1388497968,0.1578855661,0.1410802258,0.1645794966,0.1253092779,1,"E1|equal-weight,rebalance=year|band=0.01"
2025-10-28,0.1374567901,0.1358193214,0.1400105843,0.1536743038,0.1419522819,0.1649461149,0.1261406036,1,"E1|equal-weight,rebalance=year|band=0.01"
2025-10-29,0.1371669781,0.1364438516,0.1395841025,0.1575227061,0.1419027581,0.1620854953,0.1252941083,1,"E1|equal-weight,rebalance=year|band=0.01"
2025-10-30,0.1362559825,0.1361103061,0.1390179163,0.1570778931,0.1419292893,0.1643121273,0.1252964853,1,"E1|equal-weight,rebalance=year|band=0.01"
2025-10-31,0.1358079857,0.1361914115,0.1386505409,0.1579050014,0.1415971442,0.1643000696,0.1255478467,1,"E1|equal-weight,rebalance=year|band=0.01"
2025-11-03,0.1354387435,0.136911357,0.1387721122,0.1573769341,0.1420465563,0.1642972804,0.1251570166,1,"E1|equal-weight,rebalance=year|band=0.01"
2025-11-04,0.1353813882,0.1370872558,0.1389052291,0.1578708827,0.1423639766,0.1625061519,0.1258851157,1,"E1|equal-weight,rebalance=year|band=0.01"
2025-11-06,0.1355123835,0.1362763396,0.1390126153,0.1591932791,0.1419267078,0.161441664,0.1266370107,1,"E1|equal-weight,rebalance=year|band=0.01"
2025-11-07,0.1357626704,0.1365486343,0.14007658,0.1591696729,0.1430009427,0.1586387299,0.1268027698,1,"E1|equal-weight,rebalance=year|band=0.01"
2025-11-10,0.1350947984,0.1359518347,0.1388610253,0.160591335,0.1425301077,0.1611900149,0.1257808841,1,"E1|equal-weight,rebalance=year|band=0.01"
2025-11-11,0.1350014049,0.1353159281,0.1384952736,0.1622439045,0.1422183292,0.1615852478,0.1251399118,1,"E1|equal-weight,rebalance=year|band=0.01"
2025-11-12,0.1354788275,0.1351864989,0.1384443893,0.1608211935,0.1430835398,0.1621971481,0.1247884028,1,"E1|equal-weight,rebalance=year|band=0.01"
2025-11-13,0.135085788,0.1349284816,0.1383548266,0.1647252666,0.1424370093,0.1598800219,0.124588606,1,"E1|equal-weight,rebalance=year|band=0.01"
2025-11-14,0.1358147254,0.1353716078,0.13919002,0.162917065,0.143143649,0.1584709148,0.125092018,1,"E1|equal-weight,rebalance=year|band=0.01"
2025-11-17,0.1364427459,0.1361250952,0.1403396044,0.1600988313,0.1441678294,0.1575837897,0.1252421041,1,"E1|equal-weight,rebalance=year|band=0.01"
2025-11-18,0.1366101073,0.1358673225,0.1409959962,0.1592171997,0.1441552036,0.157308444,0.1258457266,1,"E1|equal-weight,rebalance=year|band=0.01"
2025-11-19,0.1368464131,0.1354207181,0.1411578626,0.1608104715,0.1439371673,0.1563424383,0.125484929,1,"E1|equal-weight,rebalance=year|band=0.01"
2025-11-20,0.1372147782,0.1350413781,0.1412184215,0.1594827502,0.1437265377,0.1580146725,0.1253014618,1,"E1|equal-weight,rebalance=year|band=0.01"
2025-11-21,0.137558453,0.1342735874,0.1410910751,0.1613109222,0.1431446919,0.1564221114,0.126199159,1,"E1|equal-weight,rebalance=year|band=0.01"
2025-11-24,0.1375330678,0.1333960293,0.1414996322,0.1622069739,0.1431512886,0.1555394012,0.1266736071,1,"E1|equal-weight,rebalance=year|band=0.01"
2025-11-25,0.1368511597,0.1333302446,0.1410544498,0.1636906991,0.1432728439,0.1554663875,0.1263342153,1,"E1|equal-weight,rebalance=year|band=0.01"
2025-11-26,0.137110972,0.1339243158,0.1415273773,0.1632849937,0.143744314,0.1552365547,0.1251714724,1,"E1|equal-weight,rebalance=year|band=0.01"
2025-11-27,0.1372951877,0.1337495213,0.1418625114,0.1631685119,0.1439350738,0.1548032562,0.1251859377,1,"E1|equal-weight,rebalance=year|band=0.01"
2025-11-28,0.1372210482,0.1338688145,0.1419066844,0.1638405857,0.143604974,0.1544498759,0.1251080173,1,"E1|equal-weight,rebalance=year|band=0.01"
2025-12-01,0.1364352827,0.1334136787,0.1413922402,0.1663911404,0.1430142039,0.1547430732,0.1246103809,1,"E1|equal-weight,rebalance=year|band=0.01"
2025-12-02,0.1361425048,0.1336756067,0.1408566712,0.1651413862,0.1430776576,0.1561369783,0.1249691952,1,"E1|equal-weight,rebalance=year|band=0.01"
2025-12-03,0.1359072295,0.1320694633,0.1412066362,0.1667159865,0.1418295346,0.1571360556,0.1251350943,1,"E1|equal-weight,rebalance=year|band=0.01"
2025-12-04,0.1363044345,0.132807331,0.1407922932,0.1659550619,0.1419686156,0.1568967545,0.1252755092,1,"E1|equal-weight,rebalance=year|band=0.01"
2025-12-05,0.1365275722,0.1326050709,0.1413381736,0.1668196307,0.1420879254,0.1557980814,0.1248235457,1,"E1|equal-weight,rebalance=year|band=0.01"
2025-12-08,0.1362406673,0.1307467196,0.1412207393,0.1678584732,0.1404190281,0.1578097354,0.125704637,1,"E1|equal-weight,rebalance=year|band=0.01"
2025-12-09,0.1359588941,0.1317409435,0.141183629,0.1672446234,0.1408972759,0.1570446083,0.1259300259,1,"E1|equal-weight,rebalance=year|band=0.01"
2025-12-10,0.1360510666,0.1318482701,0.1410702263,0.167732525,0.13994346,0.1569855783,0.1263688737,1,"E1|equal-weight,rebalance=year|band=0.01"
2025-12-11,0.1361608125,0.1321053861,0.1411133488,0.1685297405,0.1405858456,0.1556076766,0.1258971899,1,"E1|equal-weight,rebalance=year|band=0.01"
2025-12-12,0.1357846229,0.1318956969,0.1405385665,0.1708958291,0.1411866513,0.1548813054,0.1248173278,1,"E1|equal-weight,rebalance=year|band=0.01"
2025-12-15,0.1353246414,0.1316801355,0.1401909479,0.1724868547,0.1406282557,0.1551762236,0.1245129412,1,"E1|equal-weight,rebalance=year|band=0.01"
2025-12-16,0.1351992686,0.1321213203,0.1401197055,0.1712612428,0.1401578551,0.1559285785,0.1252120292,1,"E1|equal-weight,rebalance=year|band=0.01"
2025-12-17,0.134975902,0.1317534582,0.139915655,0.1722083546,0.1396395734,0.1560713257,0.1254357311,1,"E1|equal-weight,rebalance=year|band=0.01"
2025-12-18,0.1351201708,0.131320815,0.1399475355,0.1721432958,0.1402509423,0.1556818527,0.125535388,1,"E1|equal-weight,rebalance=year|band=0.01"
2025-12-19,0.1352752997,0.1315897718,0.1397547481,0.1713076368,0.1411909729,0.1558670881,0.1250144827,1,"E1|equal-weight,rebalance=year|band=0.01"
2025-12-22,0.1354841407,0.1316111353,0.1393248164,0.1727007096,0.1416302974,0.1549330414,0.1243158592,1,"E1|equal-weight,rebalance=year|band=0.01"
2025-12-23,0.1350864752,0.1319112168,0.1387796691,0.1748431487,0.1411978077,0.1542072052,0.1239744773,1,"E1|equal-weight,rebalance=year|band=0.01"
2025-12-24,0.1351624337,0.1318222052,0.1388376213,0.1752182756,0.1406293537,0.1541837194,0.1241463911,1,"E1|equal-weight,rebalance=year|band=0.01"
2025-12-26,0.1346854794,0.131828088,0.1384062888,0.1769191269,0.1401315814,0.1538463728,0.1241830626,1,"E1|equal-weight,rebalance=year|band=0.01"
2025-12-29,0.1349025926,0.1321154775,0.13903371,0.1760030603,0.1402246056,0.152722118,0.124998436,1,"E1|equal-weight,rebalance=year|band=0.01"
2025-12-30,0.1351491549,0.1323769498,0.1401720446,0.1733226648,0.1403994762,0.1534234546,0.1251562553,1,"E1|equal-weight,rebalance=year|band=0.01"
2025-12-31,0.1356808422,0.1330308752,0.1406025713,0.171184025,0.1413896503,0.1532471205,0.1248649156,1,"E1|equal-weight,rebalance=year|band=0.01"
2026-01-01,0.1352106551,0.1330734263,0.140130892,0.1712144133,0.1413006446,0.1546241806,0.124445788,1,"E1|equal-weight,rebalance=year|band=0.01"
2026-01-02,0.135267231,0.1335671829,0.1401883634,0.172007834,0.1416137493,0.1537704201,0.1235852193,1,"E1|equal-weight,rebalance=year|band=0.01"
2026-01-05,0.1346379565,0.1335030364,0.1399169447,0.1735567957,0.1411326594,0.1537091287,0.1235434786,1,"E1|equal-weight,rebalance=year|band=0.01"
2026-01-06,0.1342958367,0.133997014,0.1399055125,0.1736815809,0.141002322,0.1537034605,0.1234142733,1,"E1|equal-weight,rebalance=year|band=0.01"
2026-01-07,0.1340769363,0.1340887909,0.1396026488,0.1732215345,0.1415785819,0.154085199,0.1233463086,1,"E1|equal-weight,rebalance=year|band=0.01"
2026-01-08,0.1340992345,0.1325306142,0.1404069066,0.1739400629,0.1402287618,0.1542470558,0.1245473641,1,"E1|equal-weight,rebalance=year|band=0.01"
2026-01-09,0.1333037398,0.1314750792,0.1396185473,0.1763495365,0.1394153455,0.1550159481,0.1248218036,1,"E1|equal-weight,rebalance=year|band=0.01"
2026-01-12,0.1330015602,0.1308408921,0.1390878362,0.1800352134,0.1383602625,0.1546227633,0.1240514722,1,"E1|equal-weight,rebalance=year|band=0.01"
2026-01-13,0.1329122319,0.1307996528,0.1395725539,0.1797691309,0.1382956148,0.1543528757,0.1242979399,1,"E1|equal-weight,rebalance=year|band=0.01"
2026-01-14,0.1323277402,0.1311871336,0.1391698821,0.1817944125,0.1379960298,0.1535554672,0.1239693345,1,"E1|equal-weight,rebalance=year|band=0.01"
2026-01-16,0.1322220035,0.1308016706,0.1400997557,0.1810584073,0.1379844448,0.1540894345,0.1237442836,1,"E1|equal-weight,rebalance=year|band=0.01"
2026-01-19,0.1313629981,0.1302213545,0.1392580072,0.1858530723,0.1374343272,0.1522857684,0.1235844725,1,"E1|equal-weight,rebalance=year|band=0.01"
2026-01-20,0.1302334409,0.1277848189,0.1385333153,0.1937382302,0.1343047244,0.1514394086,0.1239660616,1,"E1|equal-weight,rebalance=year|band=0.01"
2026-01-21,0.1287511561,0.1262965488,0.1362449546,0.2063553903,0.1318392627,0.1473695716,0.123143116,1,"E1|equal-weight,rebalance=year|band=0.01"
2026-01-22,0.1301676515,0.1284258877,0.1380327989,0.1910815199,0.1343180778,0.1541708078,0.1238032564,1,"E1|equal-weight,rebalance=year|band=0.01"
2026-01-23,0.1291638877,0.1261416189,0.1365464501,0.19615262,0.1321237689,0.1558387612,0.1240328933,1,"E1|equal-weight,rebalance=year|band=0.01"
2026-01-27,0.1285719127,0.1256456287,0.137036481,0.2005038949,0.1317225471,0.1535357446,0.1229837912,1,"E1|equal-weight,rebalance=year|band=0.01"
2026-01-28,0.1276680547,0.1267440968,0.1360845949,0.204715498,0.1323273696,0.1509152239,0.1215451621,1,"E1|equal-weight,rebalance=year|band=0.01"
2026-01-29,0.1258756143,0.124966155,0.1346427909,0.2171814951,0.1302898323,0.1475072135,0.1195368989,1,"E1|equal-weight,rebalance=year|band=0.01"
2026-01-30,0.1290557027,0.1276499358,0.1378621532,0.1996958776,0.1334547905,0.1494325361,0.122849004,1,"E1|equal-weight,rebalance=year|band=0.01"
2026-02-01,0.1301977307,0.1286921841,0.1383635654,0.1908013328,0.1339974677,0.1520718042,0.1258759152,1,"E1|equal-weight,rebalance=year|band=0.01"
2026-02-02,0.1316109264,0.129942993,0.1393792048,0.1861240116,0.1358813517,0.150471234,0.1265902786,1,"E1|equal-weight,rebalance=year|band=0.01"
2026-02-03,0.1312324547,0.1294008104,0.1388728248,0.1908932856,0.1360922039,0.1504109782,0.1230974424,1,"E1|equal-weight,rebalance=year|band=0.01"
2026-02-04,0.1305267955,0.1294391267,0.1382435905,0.1962631617,0.1356558917,0.1475680658,0.1223033681,1,"E1|equal-weight,rebalance=year|band=0.01"
2026-02-05,0.1313647138,0.1301991053,0.13966396,0.1917020191,0.1367536955,0.1466525191,0.123663987,1,"E1|equal-weight,rebalance=year|band=0.01"
2026-02-06,0.1312816278,0.130309021,0.1392607945,0.1911079195,0.1364621906,0.1480995691,0.1234788776,1,"E1|equal-weight,rebalance=year|band=0.01"
2026-02-09,0.1304585989,0.1297681611,0.1387020815,0.1931060865,0.1365942491,0.1494080358,0.1219627872,1,"E1|equal-weight,rebalance=year|band=0.01"
2026-02-10,0.1306087858,0.1299851742,0.1385812825,0.193211798,0.137125505,0.1487757926,0.1217116619,1,"E1|equal-weight,rebalance=year|band=0.01"
2026-02-11,0.1303263601,0.1299622639,0.1384804993,0.1931439958,0.1367358115,0.1499999995,0.1213510699,1,"E1|equal-weight,rebalance=year|band=0.01"
2026-02-12,0.1301416417,0.1299932695,0.1390760836,0.1936416846,0.1366077224,0.1486799724,0.1218596258,1,"E1|equal-weight,rebalance=year|band=0.01"
2026-02-13,0.1300929282,0.1296972413,0.1394461079,0.1921597514,0.1360173361,0.149310092,0.1232765432,1,"E1|equal-weight,rebalance=year|band=0.01"
2026-02-16,0.130040226,0.1299093916,0.1398540409,0.1920742795,0.1357960555,0.1498444231,0.1224815833,1,"E1|equal-weight,rebalance=year|band=0.01"
2026-02-17,0.1309180853,0.1311454097,0.1410208601,0.1893109393,0.136610674,0.14798591,0.1230081216,1,"E1|equal-weight,rebalance=year|band=0.01"
2026-02-18,0.130896676,0.1315310077,0.1416969788,0.1889304421,0.1371583623,0.1470690692,0.1227174637,1,"E1|equal-weight,rebalance=year|band=0.01"
2026-02-19,0.12963779,0.129908678,0.1400642524,0.1933187396,0.1353474891,0.1485550384,0.1231680124,1,"E1|equal-weight,rebalance=year|band=0.01"
2026-02-20,0.1298607328,0.1304686969,0.140982738,0.193765752,0.1359022072,0.1459810066,0.1230388666,1,"E1|equal-weight,rebalance=year|band=0.01"
2026-02-23,0.129557008,0.1299826595,0.1401465233,0.1962135409,0.1345096462,0.1472952021,0.1222954201,1,"E1|equal-weight,rebalance=year|band=0.01"
2026-02-24,0.1284573011,0.1301492551,0.1398479845,0.1981475408,0.1342987652,0.1467278908,0.1223712625,1,"E1|equal-weight,rebalance=year|band=0.01"
2026-02-25,0.1283893282,0.1307196135,0.1392922554,0.1982149233,0.1342638064,0.1471250704,0.1219950029,1,"E1|equal-weight,rebalance=year|band=0.01"
2026-02-26,0.1285860461,0.1314033031,0.1397204735,0.1967286698,0.1356072889,0.1457334523,0.1222207662,1,"E1|equal-weight,rebalance=year|band=0.01"
2026-02-27,0.1278087899,0.130689006,0.1390556251,0.199492309,0.134777503,0.1452714975,0.1229052694,1,"E1|equal-weight,rebalance=year|band=0.01"
2026-03-02,0.1260669558,0.128613959,0.1374049301,0.2092864199,0.1323515609,0.1435441934,0.1227319809,1,"E1|equal-weight,rebalance=year|band=0.01"
2026-03-04,0.1265561981,0.1277183137,0.1376581042,0.2068809228,0.1322238774,0.1436536854,0.1253088985,1,"E1|equal-weight,rebalance=year|band=0.01"
2026-03-05,0.1275112195,0.1289394357,0.1377056858,0.2035198498,0.1338495726,0.1435836408,0.1248905957,1,"E1|equal-weight,rebalance=year|band=0.01"
2026-03-06,0.1268925684,0.1293731823,0.1359766064,0.2025978685,0.1335663805,0.1459016337,0.1256917602,1,"E1|equal-weight,rebalance=year|band=0.01"
2026-03-09,0.1262116123,0.1281402017,0.1335332734,0.2059142949,0.1326469792,0.1462639367,0.1272897018,1,"E1|equal-weight,rebalance=year|band=0.01"
2026-03-10,0.1258343765,0.1288444855,0.1339854015,0.2047260592,0.1332365538,0.1476087004,0.1257644231,1,"E1|equal-weight,rebalance=year|band=0.01"
2026-03-11,0.1248373578,0.1285273817,0.1322367437,0.2071956918,0.1327143031,0.1476790759,0.1268094461,1,"E1|equal-weight,rebalance=year|band=0.01"
2026-03-12,0.1239847209,0.1287574408,0.131031799,0.2073543204,0.132550799,0.1491374269,0.127183493,1,"E1|equal-weight,rebalance=year|band=0.01"
2026-03-13,0.1238081521,0.1281886399,0.1302857076,0.207832215,0.1313597118,0.148983075,0.1295424987,1,"E1|equal-weight,rebalance=year|band=0.01"
2026-03-16,0.1255973521,0.1277080835,0.1323906019,0.2038877825,0.1317162026,0.1484688468,0.1302311305,1,"E1|equal-weight,rebalance=year|band=0.01"
2026-03-17,0.1256221791,0.1280551288,0.1325932386,0.2040077914,0.1321194513,0.1482710892,0.1293311216,1,"E1|equal-weight,rebalance=year|band=0.01"
2026-03-18,0.1255354416,0.127951692,0.1319856389,0.2016605729,0.1335324225,0.1511539349,0.1281802972,1,"E1|equal-weight,rebalance=year|band=0.01"
2026-03-19,0.1254226249,0.1279906626,0.1313219311,0.1964283742,0.1333846153,0.1537896312,0.1316621608,1,"E1|equal-weight,rebalance=year|band=0.01"
2026-03-20,0.1252141737,0.1278710388,0.1309266631,0.1957189814,0.1333236225,0.1554622282,0.1314832923,1,"E1|equal-weight,rebalance=year|band=0.01"
2026-03-23,0.1268801052,0.1279950623,0.1315196944,0.1863031201,0.1334578821,0.1569480841,0.1368960518,1,"E1|equal-weight,rebalance=year|band=0.01"
2026-03-24,0.1260238317,0.1267493661,0.1310225011,0.1895413031,0.1336487512,0.1594856238,0.1335286231,1,"E1|equal-weight,rebalance=year|band=0.01"
2026-03-25,0.1253577977,0.1266340572,0.1306628822,0.1916235437,0.1335460047,0.1614540679,0.1307216466,1,"E1|equal-weight,rebalance=year|band=0.01"
2026-03-27,0.1250162396,0.1259616284,0.1297814694,0.1920418965,0.1330387911,0.1611352497,0.1330247254,1,"E1|equal-weight,rebalance=year|band=0.01"
2026-03-30,0.1234428508,0.1234234044,0.1262105962,0.1997347646,0.1304886446,0.1623954849,0.1343042544,1,"E1|equal-weight,rebalance=year|band=0.01"
2026-04-01,0.1428571429,0.1428571429,0.1428571429,0.1428571429,0.1428571429,0.1428571429,0.1428571429,1,"E1|equal-weight,rebalance=year|band=0.01"
2026-04-02,0.1435966089,0.1433166959,0.1432410795,0.1402620162,0.1418182353,0.1440488004,0.1437165639,1,"E1|equal-weight,rebalance=year|band=0.01"
2026-04-06,0.1432787387,0.143254789,0.1443757602,0.1410938468,0.1420515459,0.1438819622,0.1420633573,1,"E1|equal-weight,rebalance=year|band=0.01"
2026-04-07,0.1435544304,0.1437113575,0.1441402596,0.1395256437,0.1419983735,0.1453643335,0.1417056018,1,"E1|equal-weight,rebalance=year|band=0.01"
2026-04-08,0.1439357387,0.1453342033,0.1472103505,0.1375244041,0.1427023152,0.1464991024,0.1367938859,1,"E1|equal-weight,rebalance=year|band=0.01"
2026-04-09,0.1435693985,0.1462201795,0.1456119635,0.1369772729,0.1437999929,0.1462156581,0.1376055346,1,"E1|equal-weight,rebalance=year|band=0.01"
2026-04-10,0.1434121617,0.1478893632,0.1465928685,0.1358976795,0.1440570064,0.1459009527,0.136249968,1,"E1|equal-weight,rebalance=year|band=0.01"
2026-04-13,0.1427777304,0.1473691477,0.1464497061,0.1368148089,0.1438287013,0.1458048161,0.1369550895,1,"E1|equal-weight,rebalance=year|band=0.01"
2026-04-15,0.142130398,0.147421463,0.1452765232,0.1354886364,0.144168832,0.1512438072,0.1342703403,1,"E1|equal-weight,rebalance=year|band=0.01"
2026-04-16,0.141258601,0.1479156401,0.1437405636,0.1351609212,0.1441188702,0.1544184892,0.1333869146,1,"E1|equal-weight,rebalance=year|band=0.01"
2026-04-17,0.1407479495,0.1485990747,0.1435218433,0.132872626,0.1443686232,0.1578932367,0.1319966466,1,"E1|equal-weight,rebalance=year|band=0.01"
2026-04-20,0.1406130553,0.1486064322,0.1436985588,0.1332768682,0.1443293156,0.1572269921,0.1322487778,1,"E1|equal-weight,rebalance=year|band=0.01"
2026-04-21,0.1407673604,0.1486540026,0.1446407765,0.1324928996,0.1439408304,0.1582489953,0.1312551352,1,"E1|equal-weight,rebalance=year|band=0.01"
2026-04-22,0.1397716024,0.1497714779,0.144150316,0.132262066,0.1441994346,0.1585649479,0.1312801553,1,"E1|equal-weight,rebalance=year|band=0.01"
2026-04-23,0.139649413,0.1489776784,0.1431249866,0.1320852244,0.1445026857,0.1595803532,0.1320796587,1,"E1|equal-weight,rebalance=year|band=0.01"
2026-04-24,0.1386651715,0.1483247107,0.1428790325,0.1322966109,0.1435720149,0.161804736,0.1324577234,1,"E1|equal-weight,rebalance=year|band=0.01"
2026-04-27,0.1385157113,0.1491694785,0.1422778439,0.131789371,0.1447184025,0.1618627562,0.1316664365,1,"E1|equal-weight,rebalance=year|band=0.01"
2026-04-28,0.1380893494,0.1489358405,0.1404119298,0.1302205249,0.1451830654,0.1653804335,0.1317788565,1,"E1|equal-weight,rebalance=year|band=0.01"
2026-04-29,0.1390510966,0.1487030842,0.1404349633,0.1291666762,0.1453110472,0.1654218352,0.1319112972,1,"E1|equal-weight,rebalance=year|band=0.01"
2026-04-30,0.1389758667,0.1478674791,0.1398173868,0.1316008157,0.1443943347,0.1649489775,0.1323951395,1,"E1|equal-weight,rebalance=year|band=0.01"
2026-05-04,0.1391552408,0.1487141322,0.1390108344,0.1301187384,0.1449105436,0.1659751554,0.1321153552,1,"E1|equal-weight,rebalance=year|band=0.01"
2026-05-05,0.1385460854,0.1491466875,0.1382076316,0.1297056737,0.1449564679,0.167486758,0.1319506959,1,"E1|equal-weight,rebalance=year|band=0.01"
2026-05-06,0.1384049728,0.1491849562,0.1399082302,0.1299100446,0.1456528753,0.1667406817,0.1301982392,1,"E1|equal-weight,rebalance=year|band=0.01"
2026-05-07,0.1374964273,0.1488722521,0.1393112621,0.1297891388,0.1463957107,0.1685067945,0.1296284145,1,"E1|equal-weight,rebalance=year|band=0.01"
2026-05-08,0.1370000589,0.148377901,0.1378216375,0.1297342663,0.1463464519,0.1709568128,0.1297628715,1,"E1|equal-weight,rebalance=year|band=0.01"
2026-05-11,0.1364472738,0.1473884221,0.1371007047,0.129909245,0.1462085518,0.1718099994,0.1311358032,1,"E1|equal-weight,rebalance=year|band=0.01"
2026-05-12,0.1347225812,0.1447005967,0.1356605163,0.1321748463,0.1434052995,0.1773737626,0.1319623974,1,"E1|equal-weight,rebalance=year|band=0.01"
2026-05-13,0.1333542552,0.1440576626,0.1338792656,0.1381152074,0.1427772429,0.1773690233,0.1304473431,1,"E1|equal-weight,rebalance=year|band=0.01"
2026-05-14,0.1339807146,0.144713992,0.1347585018,0.1374341022,0.1438517648,0.175486189,0.1297747356,1,"E1|equal-weight,rebalance=year|band=0.01"
2026-05-15,0.1340789203,0.1442183054,0.1340260051,0.1354605124,0.143831926,0.1781095914,0.1302747394,1,"E1|equal-weight,rebalance=year|band=0.01"
2026-05-18,0.1342315035,0.1428311887,0.1339751712,0.1357763448,0.1433161683,0.1795223753,0.1303472482,1,"E1|equal-weight,rebalance=year|band=0.01"
2026-05-19,0.1341871187,0.1435776019,0.133630286,0.1366998357,0.1445079691,0.1770890677,0.1303081208,1,"E1|equal-weight,rebalance=year|band=0.01"
2026-05-20,0.1342377117,0.1439138704,0.1336932693,0.1360670735,0.1451609314,0.176767761,0.1301593826,1,"E1|equal-weight,rebalance=year|band=0.01"
2026-05-21,0.1343150052,0.1443132127,0.1335140094,0.1366285248,0.1450259075,0.1760344731,0.1301688673,1,"E1|equal-weight,rebalance=year|band=0.01"
2026-05-22,0.1339031707,0.1441180105,0.1343983668,0.1355098942,0.144365299,0.1783455733,0.1293596855,1,"E1|equal-weight,rebalance=year|band=0.01"
2026-05-25,0.1343971633,0.1452859381,0.1361796099,0.1345749683,0.1447037674,0.1763390211,0.1285195319,1,"E1|equal-weight,rebalance=year|band=0.01"
2026-05-26,0.134000347,0.1456448036,0.1358886494,0.1337920969,0.1455898297,0.1763792061,0.1287050673,1,"E1|equal-weight,rebalance=year|band=0.01"
2026-05-27,0.1339494457,0.1473227008,0.1353690839,0.1331298615,0.1462136735,0.1753870046,0.12862823,1,"E1|equal-weight,rebalance=year|band=0.01"
2026-05-29,0.1327435877,0.146337623,0.1342979959,0.1330848244,0.1446914381,0.1797964002,0.1290481308,1,"E1|equal-weight,rebalance=year|band=0.01"
2026-06-01,0.1327660026,0.1451744399,0.1335791614,0.1330298473,0.1439931743,0.1812116835,0.1302456909,1,"E1|equal-weight,rebalance=year|band=0.01"
2026-06-02,0.1325599296,0.1450808879,0.1336983548,0.1338007685,0.1436088762,0.1814346033,0.1298165796,1,"E1|equal-weight,rebalance=year|band=0.01"
2026-06-03,0.1323724521,0.1444556244,0.1346501797,0.1327765668,0.1433093054,0.1825530212,0.1298828503,1,"E1|equal-weight,rebalance=year|band=0.01"
2026-06-04,0.1318964052,0.1443481347,0.1345241694,0.1331653845,0.1433777201,0.1832663211,0.1294218649,1,"E1|equal-weight,rebalance=year|band=0.01"
2026-06-05,0.1317980243,0.1446917122,0.1349792917,0.1324401479,0.1430077154,0.1836007619,0.1294823466,1,"E1|equal-weight,rebalance=year|band=0.01"
2026-06-08,0.1326396223,0.1446670295,0.1362243545,0.1308909887,0.1434145263,0.1803870768,0.1317764019,1,"E1|equal-weight,rebalance=year|band=0.01"
2026-06-09,0.1328351003,0.1461817457,0.1383155976,0.1317202682,0.1446760841,0.1749090715,0.1313621327,1,"E1|equal-weight,rebalance=year|band=0.01"
2026-06-10,0.1334377871,0.1455891984,0.1390449719,0.1282323933,0.1437473162,0.1775615425,0.1323867905,1,"E1|equal-weight,rebalance=year|band=0.01"
2026-06-11,0.1340311798,0.1448901235,0.1402104935,0.1270318049,0.1434684533,0.1771367311,0.1332312139,1,"E1|equal-weight,rebalance=year|band=0.01"
2026-06-12,0.1347849909,0.1461971376,0.1421755201,0.1280241658,0.1447290601,0.1726946264,0.1313944991,1,"E1|equal-weight,rebalance=year|band=0.01"
2026-06-15,0.1339034956,0.1471193891,0.1408172881,0.1281463038,0.1444186882,0.1763018862,0.129292949,1,"E1|equal-weight,rebalance=year|band=0.01"
2026-06-16,0.1342009491,0.1471400311,0.1408139414,0.1279702378,0.1447928741,0.1759531407,0.1291288259,1,"E1|equal-weight,rebalance=year|band=0.01"
2026-06-17,0.134322665,0.1474537231,0.1409201466,0.1270106787,0.1448080767,0.1769037776,0.1285809323,1,"E1|equal-weight,rebalance=year|band=0.01"
2026-06-18,0.1347102344,0.1481011706,0.1418584789,0.1253048004,0.1454178691,0.1760348563,0.1285725903,1,"E1|equal-weight,rebalance=year|band=0.01"
2026-06-19,0.1348797779,0.1483800651,0.1424604792,0.1235286342,0.14638372,0.1751286427,0.1292386807,1,"E1|equal-weight,rebalance=year|band=0.01"
2026-06-22,0.1341607402,0.1482919928,0.1417162575,0.1239074579,0.1459307788,0.1777202998,0.1282724729,1,"E1|equal-weight,rebalance=year|band=0.01"
2026-06-23,0.134060449,0.1481036414,0.1415671822,0.1228290686,0.1457311104,0.1781594553,0.1295490931,1,"E1|equal-weight,rebalance=year|band=0.01"
2026-06-24,0.1345125779,0.1476219628,0.1433942225,0.1210187101,0.1453064856,0.1790249428,0.1291210984,1,"E1|equal-weight,rebalance=year|band=0.01"
2026-06-25,0.1360307735,0.1491177102,0.1445284617,0.1193496341,0.1458005668,0.1749225542,0.1302502996,1,"E1|equal-weight,rebalance=year|band=0.01"
2026-06-29,0.1357795035,0.1482536784,0.1439907869,0.1212154977,0.1455092098,0.1745527869,0.1306985369,1,"E1|equal-weight,rebalance=year|band=0.01"
2026-06-30,0.1355087881,0.1483386524,0.1434912578,0.1206465873,0.1461013605,0.1752296304,0.1306837236,1,"E1|equal-weight,rebalance=year|band=0.01"
2026-07-01,0.1353490925,0.1485795949,0.1440155305,0.1195128056,0.1458686905,0.1765924381,0.130081848,1,"E1|equal-weight,rebalance=year|band=0.01"
2026-07-02,0.1350683702,0.1481336875,0.1426267116,0.1209478763,0.1455368475,0.1785099475,0.1291765595,1,"E1|equal-weight,rebalance=year|band=0.01"
2026-07-03,0.1357066281,0.1476256757,0.1424607808,0.1234862712,0.1450530008,0.1766313961,0.1290362472,1,"E1|equal-weight,rebalance=year|band=0.01"
2026-07-06,0.1365374149,0.1484970824,0.1432412082,0.1227399189,0.1456817779,0.1741526074,0.1291499903,1,"E1|equal-weight,rebalance=year|band=0.01"
2026-07-07,0.1367022706,0.1480152921,0.1436989775,0.1220990686,0.1457326776,0.174266579,0.1294851346,1,"E1|equal-weight,rebalance=year|band=0.01"
2026-07-08,0.1360417494,0.1474340584,0.1420220171,0.1222135179,0.1454267033,0.1754518325,0.1314101214,1,"E1|equal-weight,rebalance=year|band=0.01"
2026-07-09,0.1356895789,0.1476115629,0.1422727564,0.1229346194,0.1465130954,0.1743916752,0.1305867118,1,"E1|equal-weight,rebalance=year|band=0.01"
2026-07-10,0.1356903977,0.1482749772,0.1428906369,0.1216147316,0.1475367056,0.1744613189,0.1295312321,1,"E1|equal-weight,rebalance=year|band=0.01"
2026-07-13,0.1356904891,0.1476471623,0.1429069491,0.1202892325,0.1471970788,0.176783643,0.1294854452,1,"E1|equal-weight,rebalance=year|band=0.01"
2026-07-14,0.1352582646,0.1476941193,0.1419012965,0.1197598294,0.1474489441,0.1779421871,0.1299953589,1,"E1|equal-weight,rebalance=year|band=0.01"
2026-07-15,0.1354987838,0.1482555159,0.1428027142,0.1202605191,0.147804762,0.1752835588,0.1300941462,1,"E1|equal-weight,rebalance=year|band=0.01"
2026-07-16,0.1353333781,0.1475429925,0.1423421787,0.1200515073,0.1470994458,0.1778223462,0.1298081514,1,"E1|equal-weight,rebalance=year|band=0.01"
2026-07-17,0.1364160177,0.1472295147,0.1440589514,0.119230523,0.1460846124,0.1772653793,0.1297150016,1,"E1|equal-weight,rebalance=year|band=0.01"
2026-07-20,0.1361269954,0.1484084146,0.1430946481,0.120440193,0.1471951488,0.1748213648,0.1299132354,1,"E1|equal-weight,rebalance=year|band=0.01"
2026-07-21,0.1360820006,0.149161063,0.1431237629,0.1215159294,0.1477130046,0.1723005972,0.1301036423,1,"E1|equal-weight,rebalance=year|band=0.01"
2026-07-22,0.135653985,0.1487351203,0.1418465991,0.1233782249,0.1466326405,0.1732081744,0.1305452559,1,"E1|equal-weight,rebalance=year|band=0.01"
2026-07-23,0.1351815124,0.1483251812,0.1407455995,0.1231055954,0.1454881319,0.1763770346,0.130776945,1,"E1|equal-weight,rebalance=year|band=0.01"
2026-07-24,0.1350025903,0.1485609017,0.141208237,0.1224814654,0.1454676026,0.1762730329,0.1310061702,1,"E1|equal-weight,rebalance=year|band=0.01"
2026-07-27,0.1358356594,0.1495420736,0.1417254584,0.1229008332,0.1466837775,0.1725817424,0.1307304554,1,"E1|equal-weight,rebalance=year|band=0.01"
2026-07-28,0.1365353549,0.1496026837,0.1415471723,0.1216964378,0.14762515,0.1715426498,0.1314505515,1,"E1|equal-weight,rebalance=year|band=0.01"
2026-07-29,0.1373488034,0.1499968737,0.1422177012,0.1214258561,0.1483870702,0.1694660857,0.1311576098,1,"E1|equal-weight,rebalance=year|band=0.01"
2026-07-30,0.1378626239,0.1503541951,0.1422449894,0.1221258354,0.1480775977,0.1679821614,0.1313525972,1,"E1|equal-weight,rebalance=year|band=0.01"
2026-07-31,0.1384021997,0.1526039693,0.1426071263,0.121922129,0.14870657,0.1643003012,0.1314577046,1,"E1|equal-weight,rebalance=year|band=0.01"
2026-08-03,0.1382269167,0.1522043628,0.1423906498,0.1208563557,0.1479772902,0.1681294802,0.1302149445,1,"E1|equal-weight,rebalance=year|band=0.01"
2026-08-04,0.137783874,0.152382153,0.1421072193,0.1208222235,0.1478573509,0.1687198202,0.1303273589,1,"E1|equal-weight,rebalance=year|band=0.01"
2026-08-05,0.1373259074,0.1519462388,0.1411731763,0.1222102904,0.14761175,0.1703517458,0.1293808913,1,"E1|equal-weight,rebalance=year|band=0.01"
2026-08-06,0.1362672987,0.1507183216,0.1406727915,0.1241274881,0.1459103605,0.1741828025,0.1281209371,1,"E1|equal-weight,rebalance=year|band=0.01"
2026-08-07,0.136206445,0.1511312818,0.140667663,0.1253435171,0.1454075962,0.1728077232,0.1284357737,1,"E1|equal-weight,rebalance=year|band=0.01"
2026-08-10,0.1361719396,0.1510093204,0.1398451077,0.1262258639,0.1466648179,0.1718990655,0.1281838848,1,"E1|equal-weight,rebalance=year|band=0.01"
2026-08-11,0.1353032424,0.1505186482,0.1391705544,0.1269690736,0.1464022648,0.1736406598,0.1279955569,1,"E1|equal-weight,rebalance=year|band=0.01"
2026-08-12,0.1347974559,0.1501335879,0.1400215735,0.1278025282,0.1462582019,0.1730821254,0.1279045272,1,"E1|equal-weight,rebalance=year|band=0.01"
2026-08-13,0.1348312608,0.1505147846,0.1398939443,0.1269269252,0.1468899526,0.1729060323,0.1280371003,1,"E1|equal-weight,rebalance=year|band=0.01"
2026-08-14,0.1348989011,0.150509859,0.1394943366,0.1265499454,0.1465653423,0.1739468213,0.1280347943,1,"E1|equal-weight,rebalance=year|band=0.01"
2026-08-17,0.1341824225,0.1500328818,0.1394508465,0.1273768696,0.1458480771,0.1754904538,0.1276184488,1,"E1|equal-weight,rebalance=year|band=0.01"
2026-08-18,0.133672811,0.1500017644,0.1390000774,0.127735068,0.14588518,0.1757192525,0.1279858467,1,"E1|equal-weight,rebalance=year|band=0.01"
2026-08-19,0.1334022374,0.149375041,0.1390911889,0.1274539201,0.1459051551,0.1763348621,0.1284375955,1,"E1|equal-weight,rebalance=year|band=0.01"
2026-08-20,0.1338850153,0.149465333,0.1392645186,0.1301954364,0.1462724121,0.1729094946,0.1280077901,1,"E1|equal-weight,rebalance=year|band=0.01"
2026-08-21,0.1336810948,0.1486078483,0.1393532568,0.1323673508,0.1459705726,0.1722774129,0.1277424638,1,"E1|equal-weight,rebalance=year|band=0.01"
2026-08-24,0.13333642,0.1486415642,0.1387285526,0.1341666544,0.1461700569,0.1710679861,0.1278887659,1,"E1|equal-weight,rebalance=year|band=0.01"
2026-08-25,0.1335212684,0.1490510242,0.1384702316,0.133592094,0.1465694433,0.1711999849,0.1275959535,1,"E1|equal-weight,rebalance=year|band=0.01"
2026-08-26,0.1335598089,0.1495625693,0.139517331,0.1331795565,0.1469505502,0.1696130758,0.1276171083,1,"E1|equal-weight,rebalance=year|band=0.01"
2026-08-27,0.1334324418,0.149905195,0.1393820349,0.1313274012,0.1471093713,0.1707287994,0.1281147565,1,"E1|equal-weight,rebalance=year|band=0.01"
2026-08-28,0.1334226705,0.1491238683,0.1392619526,0.1321831079,0.1469500411,0.1708742062,0.1281841534,1,"E1|equal-weight,rebalance=year|band=0.01"
2026-08-31,0.1335012478,0.1482314783,0.1396116594,0.1290440378,0.1468191935,0.1741143942,0.128677989,1,"E1|equal-weight,rebalance=year|band=0.01"
2026-09-01,0.1336314581,0.1481859316,0.1401538451,0.1279150245,0.1467168196,0.1737975736,0.1295993474,1,"E1|equal-weight,rebalance=year|band=0.01"
2026-09-02,0.1337406409,0.1487258408,0.1403795255,0.1264800108,0.1464757167,0.1741204487,0.1300778166,1,"E1|equal-weight,rebalance=year|band=0.01"
2026-09-03,0.1335723233,0.1485645666,0.1409377295,0.129059135,0.1467056755,0.1712289579,0.1299316122,1,"E1|equal-weight,rebalance=year|band=0.01"
2026-09-04,0.1335903602,0.1486745445,0.1406691091,0.1297332108,0.1463818539,0.1712783185,0.1296726029,1,"E1|equal-weight,rebalance=year|band=0.01"
2026-09-07,0.132471933,0.1476464109,0.1394617976,0.1280035413,0.1455080678,0.1772909929,0.1296172565,1,"E1|equal-weight,rebalance=year|band=0.01"
2026-09-08,0.1313856319,0.1473134578,0.1383276325,0.1277631861,0.1451057108,0.1809764402,0.1291279406,1,"E1|equal-weight,rebalance=year|band=0.01"
2026-09-09,0.131010937,0.1482685042,0.1381511844,0.1282403437,0.1450733933,0.1795614924,0.129694145,1,"E1|equal-weight,rebalance=year|band=0.01"
2026-09-10,0.1312911642,0.1484543214,0.1383971529,0.1294167518,0.1452695133,0.1767025843,0.1304685122,1,"E1|equal-weight,rebalance=year|band=0.01"
2026-09-11,0.1314615609,0.1479390884,0.1392644901,0.1284901777,0.1454311617,0.1767499882,0.1306635331,1,"E1|equal-weight,rebalance=year|band=0.01"
2026-09-15,0.1317981952,0.1460664349,0.1392842695,0.1285063303,0.144282724,0.1777291396,0.1323329064,1,"E1|equal-weight,rebalance=year|band=0.01"
2026-09-16,0.1318764243,0.1463141361,0.1399401149,0.1297086841,0.1444783432,0.1754719722,0.1322103253,1,"E1|equal-weight,rebalance=year|band=0.01"
2026-09-17,0.1324722345,0.1477524576,0.1397624474,0.1292769397,0.1452088856,0.1732308111,0.1322962242,1,"E1|equal-weight,rebalance=year|band=0.01"
2026-09-18,0.1313795991,0.1480241475,0.138837196,0.1301029133,0.1449370763,0.1757142228,0.1310048451,1,"E1|equal-weight,rebalance=year|band=0.01"
2026-09-21,0.1319001521,0.14815524,0.1391535538,0.1290829324,0.1451674337,0.175552225,0.1309884631,1,"E1|equal-weight,rebalance=year|band=0.01"
2026-09-22,0.1320814238,0.1482659716,0.1395069321,0.1292140639,0.1454771708,0.1737040915,0.1317503462,1,"E1|equal-weight,rebalance=year|band=0.01"
2026-09-23,0.1320174012,0.1488041106,0.1394324054,0.1284149401,0.1458004653,0.1742919158,0.1312387616,1,"E1|equal-weight,rebalance=year|band=0.01"
2026-09-24,0.1319466936,0.1486811284,0.1389205944,0.1287404718,0.1446364073,0.1741091629,0.1329655417,1,"E1|equal-weight,rebalance=year|band=0.01"
2026-09-25,0.1315540486,0.148721151,0.1385419558,0.1293287021,0.1451576558,0.1742031417,0.132493345,1,"E1|equal-weight,rebalance=year|band=0.01"
2026-09-28,0.1315878873,0.1479771693,0.1378402828,0.1277428624,0.143840541,0.1765601062,0.1344511508,1,"E1|equal-weight,rebalance=year|band=0.01"
2026-09-29,0.1316398687,0.1485593446,0.1382058048,0.1277247169,0.1438280583,0.1750001723,0.1350420345,1,"E1|equal-weight,rebalance=year|band=0.01"
2026-09-30,0.131093498,0.147454824,0.138882922,0.128677257,0.1431894802,0.1757158447,0.1349861741,1,"E1|equal-weight,rebalance=year|band=0.01"
