date,NIFTYBEES,JUNIORBEES,BANKBEES,GOLDBEES,MOM100,MON100,cash,multiplier,strategy
2013-04-01,0.9,0,0,0,0,0,0.1,1,S0|cap=0.2|band=0.01
2013-04-02,0.9,0,0,0,0,0,0.1,1,S0|cap=0.2|band=0.01
2013-04-03,0.9,0,0,0,0,0,0.1,1,S0|cap=0.2|band=0.01
2013-04-04,0.9,0,0,0,0,0,0.1,1,S0|cap=0.2|band=0.01
2013-04-05,0.9,0,0,0,0,0,0.1,1,S0|cap=0.2|band=0.01
2013-04-08,0.9,0,0,0,0,0,0.1,1,S0|cap=0.2|band=0.01
2013-04-09,0.9,0,0,0,0,0,0.1,1,S0|cap=0.2|band=0.01
2013-04-10,0.9,0,0,0,0,0,0.1,1,S0|cap=0.2|band=0.01
2013-04-11,0.9,0,0,0,0,0,0.1,1,S0|cap=0.2|band=0.01
2013-04-12,0.9,0,0,0,0,0,0.1,1,S0|cap=0.2|band=0.01
2013-04-15,0.9,0,0,0,0,0,0.1,1,S0|cap=0.2|band=0.01
2013-04-16,0.9,0,0,0,0,0,0.1,1,S0|cap=0.2|band=0.01
2013-04-17,0.9,0,0,0,0,0,0.1,1,S0|cap=0.2|band=0.01
2013-04-18,0.9,0,0,0,0,0,0.1,1,S0|cap=0.2|band=0.01
2013-04-22,0.9,0,0,0,0,0,0.1,1,S0|cap=0.2|band=0.01
2013-04-23,0.9,0,0,0,0,0,0.1,1,S0|cap=0.2|band=0.01
2013-04-25,0.9,0,0,0,0,0,0.1,1,S0|cap=0.2|band=0.01
2013-04-26,0.9,0,0,0,0,0,0.1,1,S0|cap=0.2|band=0.01
2013-04-29,0.9,0,0,0,0,0,0.1,1,S0|cap=0.2|band=0.01
2013-04-30,0.9,0,0,0,0,0,0.1,1,S0|cap=0.2|band=0.01
2013-05-02,0.9,0,0,0,0,0,0.1,1,S0|cap=0.2|band=0.01
2013-05-03,0.9,0,0,0,0,0,0.1,1,S0|cap=0.2|band=0.01
2013-05-06,0.9,0,0,0,0,0,0.1,1,S0|cap=0.2|band=0.01
2013-05-07,0.9,0,0,0,0,0,0.1,1,S0|cap=0.2|band=0.01
2013-05-08,0.9,0,0,0,0,0,0.1,1,S0|cap=0.2|band=0.01
2013-05-09,0.9,0,0,0,0,0,0.1,1,S0|cap=0.2|band=0.01
2013-05-10,0.9,0,0,0,0,0,0.1,1,S0|cap=0.2|band=0.01
2013-05-11,0.9,0,0,0,0,0,0.1,1,S0|cap=0.2|band=0.01
2013-05-13,0.9,0,0,0,0,0,0.1,1,S0|cap=0.2|band=0.01
2013-05-14,0.9,0,0,0,0,0,0.1,1,S0|cap=0.2|band=0.01
2013-05-15,0.9,0,0,0,0,0,0.1,1,S0|cap=0.2|band=0.01
2013-05-16,0.9,0,0,0,0,0,0.1,1,S0|cap=0.2|band=0.01
2013-05-17,0.9,0,0,0,0,0,0.1,1,S0|cap=0.2|band=0.01
2013-05-20,0.9,0,0,0,0,0,0.1,1,S0|cap=0.2|band=0.01
2013-05-21,0.9,0,0,0,0,0,0.1,1,S0|cap=0.2|band=0.01
2013-05-22,0.9,0,0,0,0,0,0.1,1,S0|cap=0.2|band=0.01
2013-05-23,0.9,0,0,0,0,0,0.1,1,S0|cap=0.2|band=0.01
2013-05-24,0.9,0,0,0,0,0,0.1,1,S0|cap=0.2|band=0.01
2013-05-27,0.9,0,0,0,0,0,0.1,1,S0|cap=0.2|band=0.01
2013-05-28,0.9,0,0,0,0,0,0.1,1,S0|cap=0.2|band=0.01
2013-05-29,0.9,0,0,0,0,0,0.1,1,S0|cap=0.2|band=0.01
2013-05-30,0.9,0,0,0,0,0,0.1,1,S0|cap=0.2|band=0.01
2013-05-31,0.9,0,0,0,0,0,0.1,1,S0|cap=0.2|band=0.01
2013-06-03,0.9,0,0,0,0,0,0.1,1,S0|cap=0.2|band=0.01
2013-06-04,0.9,0,0,0,0,0,0.1,1,S0|cap=0.2|band=0.01
2013-06-05,0.9,0,0,0,0,0,0.1,1,S0|cap=0.2|band=0.01
2013-06-06,0.9,0,0,0,0,0,0.1,1,S0|cap=0.2|band=0.01
2013-06-07,0.9,0,0,0,0,0,0.1,1,S0|cap=0.2|band=0.01
2013-06-10,0.9,0,0,0,0,0,0.1,1,S0|cap=0.2|band=0.01
2013-06-11,0.9,0,0,0,0,0,0.1,1,S0|cap=0.2|band=0.01
2013-06-12,0.9,0,0,0,0,0,0.1,1,S0|cap=0.2|band=0.01
2013-06-13,0.9,0,0,0,0,0,0.1,1,S0|cap=0.2|band=0.01
2013-06-14,0.9,0,0,0,0,0,0.1,1,S0|cap=0.2|band=0.01
2013-06-17,0.9,0,0,0,0,0,0.1,1,S0|cap=0.2|band=0.01
2013-06-18,0.9,0,0,0,0,0,0.1,1,S0|cap=0.2|band=0.01
2013-06-19,0.9,0,0,0,0,0,0.1,1,S0|cap=0.2|band=0.01
2013-06-20,0.9,0,0,0,0,0,0.1,1,S0|cap=0.2|band=0.01
2013-06-21,0.9,0,0,0,0,0,0.1,1,S0|cap=0.2|band=0.01
2013-06-24,0.9,0,0,0,0,0,0.1,1,S0|cap=0.2|band=0.01
2013-06-25,0.9,0,0,0,0,0,0.1,1,S0|cap=0.2|band=0.01
2013-06-26,0.9,0,0,0,0,0,0.1,1,S0|cap=0.2|band=0.01
2013-06-27,0.9,0,0,0,0,0,0.1,1,S0|cap=0.2|band=0.01
2013-06-28,0.9,0,0,0,0,0,0.1,1,S0|cap=0.2|band=0.01
2013-07-01,0.9,0,0,0,0,0,0.1,1,S0|cap=0.2|band=0.01
2013-07-02,0.9,0,0,0,0,0,0.1,1,S0|cap=0.2|band=0.01
2013-07-03,0.9,0,0,0,0,0,0.1,1,S0|cap=0.2|band=0.01
2013-07-04,0.9,0,0,0,0,0,0.1,1,S0|cap=0.2|band=0.01
2013-07-05,0.9,0,0,0,0,0,0.1,1,S0|cap=0.2|band=0.01
2013-07-08,0.9,0,0,0,0,0,0.1,1,S0|cap=0.2|band=0.01
2013-07-09,0.9,0,0,0,0,0,0.1,1,S0|cap=0.2|band=0.01
2013-07-10,0.9,0,0,0,0,0,0.1,1,S0|cap=0.2|band=0.01
2013-07-11,0.9,0,0,0,0,0,0.1,1,S0|cap=0.2|band=0.01
2013-07-12,0.9,0,0,0,0,0,0.1,1,S0|cap=0.2|band=0.01
2013-07-15,0.9,0,0,0,0,0,0.1,1,S0|cap=0.2|band=0.01
2013-07-16,0.9,0,0,0,0,0,0.1,1,S0|cap=0.2|band=0.01
2013-07-17,0.9,0,0,0,0,0,0.1,1,S0|cap=0.2|band=0.01
2013-07-18,0.9,0,0,0,0,0,0.1,1,S0|cap=0.2|band=0.01
2013-07-19,0.9,0,0,0,0,0,0.1,1,S0|cap=0.2|band=0.01
2013-07-22,0.9,0,0,0,0,0,0.1,1,S0|cap=0.2|band=0.01
2013-07-23,0.9,0,0,0,0,0,0.1,1,S0|cap=0.2|band=0.01
2013-07-24,0.9,0,0,0,0,0,0.1,1,S0|cap=0.2|band=0.01
2013-07-25,0.9,0,0,0,0,0,0.1,1,S0|cap=0.2|band=0.01
2013-07-26,0.9,0,0,0,0,0,0.1,1,S0|cap=0.2|band=0.01
2013-07-29,0.9,0,0,0,0,0,0.1,1,S0|cap=0.2|band=0.01
2013-07-30,0.9,0,0,0,0,0,0.1,1,S0|cap=0.2|band=0.01
2013-07-31,0.9,0,0,0,0,0,0.1,1,S0|cap=0.2|band=0.01
2013-08-01,0.9,0,0,0,0,0,0.1,1,S0|cap=0.2|band=0.01
2013-08-02,0.9,0,0,0,0,0,0.1,1,S0|cap=0.2|band=0.01
2013-08-05,0.9,0,0,0,0,0,0.1,1,S0|cap=0.2|band=0.01
2013-08-06,0.9,0,0,0,0,0,0.1,1,S0|cap=0.2|band=0.01
2013-08-07,0.9,0,0,0,0,0,0.1,1,S0|cap=0.2|band=0.01
2013-08-08,0.9,0,0,0,0,0,0.1,1,S0|cap=0.2|band=0.01
2013-08-12,0.9,0,0,0,0,0,0.1,1,S0|cap=0.2|band=0.01
2013-08-13,0.9,0,0,0,0,0,0.1,1,S0|cap=0.2|band=0.01
2013-08-14,0.9,0,0,0,0,0,0.1,1,S0|cap=0.2|band=0.01
2013-08-16,0.9,0,0,0,0,0,0.1,1,S0|cap=0.2|band=0.01
2013-08-19,0.9,0,0,0,0,0,0.1,1,S0|cap=0.2|band=0.01
2013-08-20,0.8981900731,0,0,0,0,0,0.1018099269,0.9979889702,S0|cap=0.2|band=0.01
2013-08-21,0.7791316871,0,0,0,0,0,0.2208683129,0.8657018745,S0|cap=0.2|band=0.01
2013-08-22,0.7791316871,0,0,0,0,0,0.2208683129,0.8657018745,S0|cap=0.2|band=0.01
2013-08-23,0.7791316871,0,0,0,0,0,0.2208683129,0.8657018745,S0|cap=0.2|band=0.01
2013-08-26,0.7791316871,0,0,0,0,0,0.2208683129,0.8657018745,S0|cap=0.2|band=0.01
2013-08-27,0.7530755812,0,0,0,0,0,0.2469244188,0.8367506458,S0|cap=0.2|band=0.01
2013-08-28,0.7329959557,0,0,0,0,0,0.2670040443,0.8144399507,S0|cap=0.2|band=0.01
2013-08-29,0.7329959557,0,0,0,0,0,0.2670040443,0.8144399507,S0|cap=0.2|band=0.01
2013-08-30,0.7329959557,0,0,0,0,0,0.2670040443,0.8144399507,S0|cap=0.2|band=0.01
2013-09-02,0.7329959557,0,0,0,0,0,0.2670040443,0.8144399507,S0|cap=0.2|band=0.01
2013-09-03,0.7329959557,0,0,0,0,0,0.2670040443,0.8144399507,S0|cap=0.2|band=0.01
2013-09-04,0.7329959557,0,0,0,0,0,0.2670040443,0.8144399507,S0|cap=0.2|band=0.01
2013-09-05,0.7329959557,0,0,0,0,0,0.2670040443,0.8144399507,S0|cap=0.2|band=0.01
2013-09-06,0.7329959557,0,0,0,0,0,0.2670040443,0.8144399507,S0|cap=0.2|band=0.01
2013-09-10,0.7329959557,0,0,0,0,0,0.2670040443,0.8144399507,S0|cap=0.2|band=0.01
2013-09-11,0.7329959557,0,0,0,0,0,0.2670040443,0.8144399507,S0|cap=0.2|band=0.01
2013-09-12,0.7329959557,0,0,0,0,0,0.2670040443,0.8144399507,S0|cap=0.2|band=0.01
2013-09-13,0.7329959557,0,0,0,0,0,0.2670040443,0.8144399507,S0|cap=0.2|band=0.01
2013-09-16,0.7329959557,0,0,0,0,0,0.2670040443,0.8144399507,S0|cap=0.2|band=0.01
2013-09-17,0.7329959557,0,0,0,0,0,0.2670040443,0.8144399507,S0|cap=0.2|band=0.01
2013-09-18,0.7329959557,0,0,0,0,0,0.2670040443,0.8144399507,S0|cap=0.2|band=0.01
2013-09-19,0.7329959557,0,0,0,0,0,0.2670040443,0.8144399507,S0|cap=0.2|band=0.01
2013-09-20,0.7329959557,0,0,0,0,0,0.2670040443,0.8144399507,S0|cap=0.2|band=0.01
2013-09-23,0.7329959557,0,0,0,0,0,0.2670040443,0.8144399507,S0|cap=0.2|band=0.01
2013-09-24,0.7329959557,0,0,0,0,0,0.2670040443,0.8144399507,S0|cap=0.2|band=0.01
2013-09-25,0.7329959557,0,0,0,0,0,0.2670040443,0.8144399507,S0|cap=0.2|band=0.01
2013-09-26,0.7329959557,0,0,0,0,0,0.2670040443,0.8144399507,S0|cap=0.2|band=0.01
2013-09-27,0.7329959557,0,0,0,0,0,0.2670040443,0.8144399507,S0|cap=0.2|band=0.01
2013-09-30,0.7329959557,0,0,0,0,0,0.2670040443,0.8144399507,S0|cap=0.2|band=0.01
2013-10-01,0.7329959557,0,0,0,0,0,0.2670040443,0.8144399507,S0|cap=0.2|band=0.01
2013-10-03,0.7329959557,0,0,0,0,0,0.2670040443,0.8144399507,S0|cap=0.2|band=0.01
2013-10-04,0.7329959557,0,0,0,0,0,0.2670040443,0.8144399507,S0|cap=0.2|band=0.01
2013-10-07,0.7329959557,0,0,0,0,0,0.2670040443,0.8144399507,S0|cap=0.2|band=0.01
2013-10-08,0.7329959557,0,0,0,0,0,0.2670040443,0.8144399507,S0|cap=0.2|band=0.01
2013-10-09,0.7329959557,0,0,0,0,0,0.2670040443,0.8144399507,S0|cap=0.2|band=0.01
2013-10-10,0.7329959557,0,0,0,0,0,0.2670040443,0.8144399507,S0|cap=0.2|band=0.01
2013-10-11,0.7329959557,0,0,0,0,0,0.2670040443,0.8144399507,S0|cap=0.2|band=0.01
2013-10-14,0.7329959557,0,0,0,0,0,0.2670040443,0.8144399507,S0|cap=0.2|band=0.01
2013-10-15,0.7329959557,0,0,0,0,0,0.2670040443,0.8144399507,S0|cap=0.2|band=0.01
2013-10-17,0.7329959557,0,0,0,0,0,0.2670040443,0.8144399507,S0|cap=0.2|band=0.01
2013-10-18,0.7329959557,0,0,0,0,0,0.2670040443,0.8144399507,S0|cap=0.2|band=0.01
2013-10-21,0.7329959557,0,0,0,0,0,0.2670040443,0.8144399507,S0|cap=0.2|band=0.01
2013-10-22,0.7329959557,0,0,0,0,0,0.2670040443,0.8144399507,S0|cap=0.2|band=0.01
2013-10-23,0.7329959557,0,0,0,0,0,0.2670040443,0.8144399507,S0|cap=0.2|band=0.01
2013-10-24,0.7329959557,0,0,0,0,0,0.2670040443,0.8144399507,S0|cap=0.2|band=0.01
2013-10-25,0.7329959557,0,0,0,0,0,0.2670040443,0.8144399507,S0|cap=0.2|band=0.01
2013-10-28,0.7329959557,0,0,0,0,0,0.2670040443,0.8144399507,S0|cap=0.2|band=0.01
2013-10-29,0.9,0,0,0,0,0,0.1,1,S0|cap=0.2|band=0.01
2013-10-30,0.9,0,0,0,0,0,0.1,1,S0|cap=0.2|band=0.01
2013-10-31,0.9,0,0,0,0,0,0.1,1,S0|cap=0.2|band=0.01
2013-11-01,0.9,0,0,0,0,0,0.1,1,S0|cap=0.2|band=0.01
2013-11-03,0.9,0,0,0,0,0,0.1,1,S0|cap=0.2|band=0.01
2013-11-05,0.9,0,0,0,0,0,0.1,1,S0|cap=0.2|band=0.01
2013-11-06,0.9,0,0,0,0,0,0.1,1,S0|cap=0.2|band=0.01
2013-11-07,0.9,0,0,0,0,0,0.1,1,S0|cap=0.2|band=0.01
2013-11-08,0.9,0,0,0,0,0,0.1,1,S0|cap=0.2|band=0.01
2013-11-11,0.9,0,0,0,0,0,0.1,1,S0|cap=0.2|band=0.01
2013-11-12,0.9,0,0,0,0,0,0.1,1,S0|cap=0.2|band=0.01
2013-11-13,0.9,0,0,0,0,0,0.1,1,S0|cap=0.2|band=0.01
2013-11-14,0.9,0,0,0,0,0,0.1,1,S0|cap=0.2|band=0.01
2013-11-18,0.9,0,0,0,0,0,0.1,1,S0|cap=0.2|band=0.01
2013-11-19,0.9,0,0,0,0,0,0.1,1,S0|cap=0.2|band=0.01
2013-11-20,0.9,0,0,0,0,0,0.1,1,S0|cap=0.2|band=0.01
2013-11-21,0.9,0,0,0,0,0,0.1,1,S0|cap=0.2|band=0.01
2013-11-22,0.9,0,0,0,0,0,0.1,1,S0|cap=0.2|band=0.01
2013-11-25,0.9,0,0,0,0,0,0.1,1,S0|cap=0.2|band=0.01
2013-11-26,0.9,0,0,0,0,0,0.1,1,S0|cap=0.2|band=0.01
2013-11-27,0.9,0,0,0,0,0,0.1,1,S0|cap=0.2|band=0.01
2013-11-28,0.9,0,0,0,0,0,0.1,1,S0|cap=0.2|band=0.01
2013-11-29,0.9,0,0,0,0,0,0.1,1,S0|cap=0.2|band=0.01
2013-12-02,0.9,0,0,0,0,0,0.1,1,S0|cap=0.2|band=0.01
2013-12-03,0.9,0,0,0,0,0,0.1,1,S0|cap=0.2|band=0.01
2013-12-04,0.9,0,0,0,0,0,0.1,1,S0|cap=0.2|band=0.01
2013-12-05,0.9,0,0,0,0,0,0.1,1,S0|cap=0.2|band=0.01
2013-12-06,0.9,0,0,0,0,0,0.1,1,S0|cap=0.2|band=0.01
2013-12-09,0.9,0,0,0,0,0,0.1,1,S0|cap=0.2|band=0.01
2013-12-10,0.9,0,0,0,0,0,0.1,1,S0|cap=0.2|band=0.01
2013-12-11,0.9,0,0,0,0,0,0.1,1,S0|cap=0.2|band=0.01
2013-12-12,0.9,0,0,0,0,0,0.1,1,S0|cap=0.2|band=0.01
2013-12-13,0.9,0,0,0,0,0,0.1,1,S0|cap=0.2|band=0.01
2013-12-16,0.9,0,0,0,0,0,0.1,1,S0|cap=0.2|band=0.01
2013-12-17,0.9,0,0,0,0,0,0.1,1,S0|cap=0.2|band=0.01
2013-12-18,0.9,0,0,0,0,0,0.1,1,S0|cap=0.2|band=0.01
2013-12-19,0.9,0,0,0,0,0,0.1,1,S0|cap=0.2|band=0.01
2013-12-20,0.9,0,0,0,0,0,0.1,1,S0|cap=0.2|band=0.01
2013-12-23,0.9,0,0,0,0,0,0.1,1,S0|cap=0.2|band=0.01
2013-12-24,0.9,0,0,0,0,0,0.1,1,S0|cap=0.2|band=0.01
2013-12-26,0.9,0,0,0,0,0,0.1,1,S0|cap=0.2|band=0.01
2013-12-27,0.9,0,0,0,0,0,0.1,1,S0|cap=0.2|band=0.01
2013-12-30,0.9,0,0,0,0,0,0.1,1,S0|cap=0.2|band=0.01
2013-12-31,0.9,0,0,0,0,0,0.1,1,S0|cap=0.2|band=0.01
2014-01-01,0.9,0,0,0,0,0,0.1,1,S0|cap=0.2|band=0.01
2014-01-02,0.9,0,0,0,0,0,0.1,1,S0|cap=0.2|band=0.01
2014-01-03,0.9,0,0,0,0,0,0.1,1,S0|cap=0.2|band=0.01
2014-01-06,0.9,0,0,0,0,0,0.1,1,S0|cap=0.2|band=0.01
2014-01-07,0.9,0,0,0,0,0,0.1,1,S0|cap=0.2|band=0.01
2014-01-08,0.9,0,0,0,0,0,0.1,1,S0|cap=0.2|band=0.01
2014-01-09,0.9,0,0,0,0,0,0.1,1,S0|cap=0.2|band=0.01
2014-01-10,0.9,0,0,0,0,0,0.1,1,S0|cap=0.2|band=0.01
2014-01-13,0.9,0,0,0,0,0,0.1,1,S0|cap=0.2|band=0.01
2014-01-14,0.9,0,0,0,0,0,0.1,1,S0|cap=0.2|band=0.01
2014-01-15,0.9,0,0,0,0,0,0.1,1,S0|cap=0.2|band=0.01
2014-01-16,0.9,0,0,0,0,0,0.1,1,S0|cap=0.2|band=0.01
2014-01-17,0.9,0,0,0,0,0,0.1,1,S0|cap=0.2|band=0.01
2014-01-20,0.9,0,0,0,0,0,0.1,1,S0|cap=0.2|band=0.01
2014-01-21,0.9,0,0,0,0,0,0.1,1,S0|cap=0.2|band=0.01
2014-01-22,0.9,0,0,0,0,0,0.1,1,S0|cap=0.2|band=0.01
2014-01-23,0.9,0,0,0,0,0,0.1,1,S0|cap=0.2|band=0.01
2014-01-24,0.9,0,0,0,0,0,0.1,1,S0|cap=0.2|band=0.01
2014-01-27,0.9,0,0,0,0,0,0.1,1,S0|cap=0.2|band=0.01
2014-01-28,0.9,0,0,0,0,0,0.1,1,S0|cap=0.2|band=0.01
2014-01-29,0.9,0,0,0,0,0,0.1,1,S0|cap=0.2|band=0.01
2014-01-30,0.9,0,0,0,0,0,0.1,1,S0|cap=0.2|band=0.01
2014-01-31,0.9,0,0,0,0,0,0.1,1,S0|cap=0.2|band=0.01
2014-02-03,0.9,0,0,0,0,0,0.1,1,S0|cap=0.2|band=0.01
2014-02-04,0.9,0,0,0,0,0,0.1,1,S0|cap=0.2|band=0.01
2014-02-05,0.9,0,0,0,0,0,0.1,1,S0|cap=0.2|band=0.01
2014-02-06,0.9,0,0,0,0,0,0.1,1,S0|cap=0.2|band=0.01
2014-02-07,0.9,0,0,0,0,0,0.1,1,S0|cap=0.2|band=0.01
2014-02-10,0.9,0,0,0,0,0,0.1,1,S0|cap=0.2|band=0.01
2014-02-11,0.9,0,0,0,0,0,0.1,1,S0|cap=0.2|band=0.01
2014-02-12,0.9,0,0,0,0,0,0.1,1,S0|cap=0.2|band=0.01
2014-02-13,0.9,0,0,0,0,0,0.1,1,S0|cap=0.2|band=0.01
2014-02-14,0.9,0,0,0,0,0,0.1,1,S0|cap=0.2|band=0.01
2014-02-17,0.9,0,0,0,0,0,0.1,1,S0|cap=0.2|band=0.01
2014-02-18,0.9,0,0,0,0,0,0.1,1,S0|cap=0.2|band=0.01
2014-02-19,0.9,0,0,0,0,0,0.1,1,S0|cap=0.2|band=0.01
2014-02-20,0.9,0,0,0,0,0,0.1,1,S0|cap=0.2|band=0.01
2014-02-21,0.9,0,0,0,0,0,0.1,1,S0|cap=0.2|band=0.01
2014-02-24,0.9,0,0,0,0,0,0.1,1,S0|cap=0.2|band=0.01
2014-02-25,0.9,0,0,0,0,0,0.1,1,S0|cap=0.2|band=0.01
2014-02-26,0.9,0,0,0,0,0,0.1,1,S0|cap=0.2|band=0.01
2014-02-28,0.9,0,0,0,0,0,0.1,1,S0|cap=0.2|band=0.01
2014-03-03,0.9,0,0,0,0,0,0.1,1,S0|cap=0.2|band=0.01
2014-03-04,0.9,0,0,0,0,0,0.1,1,S0|cap=0.2|band=0.01
2014-03-05,0.9,0,0,0,0,0,0.1,1,S0|cap=0.2|band=0.01
2014-03-06,0.9,0,0,0,0,0,0.1,1,S0|cap=0.2|band=0.01
2014-03-07,0.9,0,0,0,0,0,0.1,1,S0|cap=0.2|band=0.01
2014-03-10,0.9,0,0,0,0,0,0.1,1,S0|cap=0.2|band=0.01
2014-03-11,0.9,0,0,0,0,0,0.1,1,S0|cap=0.2|band=0.01
2014-03-12,0.9,0,0,0,0,0,0.1,1,S0|cap=0.2|band=0.01
2014-03-13,0.9,0,0,0,0,0,0.1,1,S0|cap=0.2|band=0.01
2014-03-14,0.9,0,0,0,0,0,0.1,1,S0|cap=0.2|band=0.01
2014-03-18,0.9,0,0,0,0,0,0.1,1,S0|cap=0.2|band=0.01
2014-03-19,0.9,0,0,0,0,0,0.1,1,S0|cap=0.2|band=0.01
2014-03-20,0.9,0,0,0,0,0,0.1,1,S0|cap=0.2|band=0.01
2014-03-21,0.9,0,0,0,0,0,0.1,1,S0|cap=0.2|band=0.01
2014-03-22,0.9,0,0,0,0,0,0.1,1,S0|cap=0.2|band=0.01
2014-03-24,0.9,0,0,0,0,0,0.1,1,S0|cap=0.2|band=0.01
2014-03-25,0.9,0,0,0,0,0,0.1,1,S0|cap=0.2|band=0.01
2014-03-26,0.9,0,0,0,0,0,0.1,1,S0|cap=0.2|band=0.01
2014-03-27,0.9,0,0,0,0,0,0.1,1,S0|cap=0.2|band=0.01
2014-03-28,0.9,0,0,0,0,0,0.1,1,S0|cap=0.2|band=0.01
2014-03-31,0.9,0,0,0,0,0,0.1,1,S0|cap=0.2|band=0.01
2014-04-01,0.9,0,0,0,0,0,0.1,1,S0|cap=0.2|band=0.01
2014-04-02,0.9,0,0,0,0,0,0.1,1,S0|cap=0.2|band=0.01
2014-04-03,0.9,0,0,0,0,0,0.1,1,S0|cap=0.2|band=0.01
2014-04-04,0.9,0,0,0,0,0,0.1,1,S0|cap=0.2|band=0.01
2014-04-07,0.9,0,0,0,0,0,0.1,1,S0|cap=0.2|band=0.01
2014-04-09,0.9,0,0,0,0,0,0.1,1,S0|cap=0.2|band=0.01
2014-04-10,0.9,0,0,0,0,0,0.1,1,S0|cap=0.2|band=0.01
2014-04-11,0.9,0,0,0,0,0,0.1,1,S0|cap=0.2|band=0.01
2014-04-15,0.9,0,0,0,0,0,0.1,1,S0|cap=0.2|band=0.01
2014-04-16,0.9,0,0,0,0,0,0.1,1,S0|cap=0.2|band=0.01
2014-04-17,0.9,0,0,0,0,0,0.1,1,S0|cap=0.2|band=0.01
2014-04-21,0.9,0,0,0,0,0,0.1,1,S0|cap=0.2|band=0.01
2014-04-22,0.9,0,0,0,0,0,0.1,1,S0|cap=0.2|band=0.01
2014-04-23,0.9,0,0,0,0,0,0.1,1,S0|cap=0.2|band=0.01
2014-04-25,0.9,0,0,0,0,0,0.1,1,S0|cap=0.2|band=0.01
2014-04-28,0.9,0,0,0,0,0,0.1,1,S0|cap=0.2|band=0.01
2014-04-29,0.9,0,0,0,0,0,0.1,1,S0|cap=0.2|band=0.01
2014-04-30,0.9,0,0,0,0,0,0.1,1,S0|cap=0.2|band=0.01
2014-05-02,0.9,0,0,0,0,0,0.1,1,S0|cap=0.2|band=0.01
2014-05-05,0.9,0,0,0,0,0,0.1,1,S0|cap=0.2|band=0.01
2014-05-06,0.9,0,0,0,0,0,0.1,1,S0|cap=0.2|band=0.01
2014-05-07,0.9,0,0,0,0,0,0.1,1,S0|cap=0.2|band=0.01
2014-05-08,0.9,0,0,0,0,0,0.1,1,S0|cap=0.2|band=0.01
2014-05-09,0.9,0,0,0,0,0,0.1,1,S0|cap=0.2|band=0.01
2014-05-12,0.9,0,0,0,0,0,0.1,1,S0|cap=0.2|band=0.01
2014-05-13,0.9,0,0,0,0,0,0.1,1,S0|cap=0.2|band=0.01
2014-05-14,0.9,0,0,0,0,0,0.1,1,S0|cap=0.2|band=0.01
2014-05-15,0.9,0,0,0,0,0,0.1,1,S0|cap=0.2|band=0.01
2014-05-16,0.9,0,0,0,0,0,0.1,1,S0|cap=0.2|band=0.01
2014-05-19,0.9,0,0,0,0,0,0.1,1,S0|cap=0.2|band=0.01
2014-05-20,0.9,0,0,0,0,0,0.1,1,S0|cap=0.2|band=0.01
2014-05-21,0.9,0,0,0,0,0,0.1,1,S0|cap=0.2|band=0.01
2014-05-22,0.9,0,0,0,0,0,0.1,1,S0|cap=0.2|band=0.01
2014-05-23,0.9,0,0,0,0,0,0.1,1,S0|cap=0.2|band=0.01
2014-05-26,0.9,0,0,0,0,0,0.1,1,S0|cap=0.2|band=0.01
2014-05-27,0.9,0,0,0,0,0,0.1,1,S0|cap=0.2|band=0.01
2014-05-28,0.9,0,0,0,0,0,0.1,1,S0|cap=0.2|band=0.01
2014-05-29,0.9,0,0,0,0,0,0.1,1,S0|cap=0.2|band=0.01
2014-05-30,0.9,0,0,0,0,0,0.1,1,S0|cap=0.2|band=0.01
2014-06-02,0.9,0,0,0,0,0,0.1,1,S0|cap=0.2|band=0.01
2014-06-03,0.9,0,0,0,0,0,0.1,1,S0|cap=0.2|band=0.01
2014-06-04,0.9,0,0,0,0,0,0.1,1,S0|cap=0.2|band=0.01
2014-06-05,0.9,0,0,0,0,0,0.1,1,S0|cap=0.2|band=0.01
2014-06-06,0.9,0,0,0,0,0,0.1,1,S0|cap=0.2|band=0.01
2014-06-09,0.9,0,0,0,0,0,0.1,1,S0|cap=0.2|band=0.01
2014-06-10,0.9,0,0,0,0,0,0.1,1,S0|cap=0.2|band=0.01
2014-06-11,0.9,0,0,0,0,0,0.1,1,S0|cap=0.2|band=0.01
2014-06-12,0.9,0,0,0,0,0,0.1,1,S0|cap=0.2|band=0.01
2014-06-13,0.9,0,0,0,0,0,0.1,1,S0|cap=0.2|band=0.01
2014-06-16,0.9,0,0,0,0,0,0.1,1,S0|cap=0.2|band=0.01
2014-06-17,0.9,0,0,0,0,0,0.1,1,S0|cap=0.2|band=0.01
2014-06-18,0.9,0,0,0,0,0,0.1,1,S0|cap=0.2|band=0.01
2014-06-19,0.9,0,0,0,0,0,0.1,1,S0|cap=0.2|band=0.01
2014-06-20,0.9,0,0,0,0,0,0.1,1,S0|cap=0.2|band=0.01
2014-06-23,0.9,0,0,0,0,0,0.1,1,S0|cap=0.2|band=0.01
2014-06-24,0.9,0,0,0,0,0,0.1,1,S0|cap=0.2|band=0.01
2014-06-25,0.9,0,0,0,0,0,0.1,1,S0|cap=0.2|band=0.01
2014-06-26,0.9,0,0,0,0,0,0.1,1,S0|cap=0.2|band=0.01
2014-06-27,0.9,0,0,0,0,0,0.1,1,S0|cap=0.2|band=0.01
2014-06-30,0.9,0,0,0,0,0,0.1,1,S0|cap=0.2|band=0.01
2014-07-01,0.9,0,0,0,0,0,0.1,1,S0|cap=0.2|band=0.01
2014-07-02,0.9,0,0,0,0,0,0.1,1,S0|cap=0.2|band=0.01
2014-07-03,0.9,0,0,0,0,0,0.1,1,S0|cap=0.2|band=0.01
2014-07-04,0.9,0,0,0,0,0,0.1,1,S0|cap=0.2|band=0.01
2014-07-07,0.9,0,0,0,0,0,0.1,1,S0|cap=0.2|band=0.01
2014-07-08,0.9,0,0,0,0,0,0.1,1,S0|cap=0.2|band=0.01
2014-07-09,0.9,0,0,0,0,0,0.1,1,S0|cap=0.2|band=0.01
2014-07-10,0.9,0,0,0,0,0,0.1,1,S0|cap=0.2|band=0.01
2014-07-11,0.9,0,0,0,0,0,0.1,1,S0|cap=0.2|band=0.01
2014-07-14,0.9,0,0,0,0,0,0.1,1,S0|cap=0.2|band=0.01
2014-07-15,0.9,0,0,0,0,0,0.1,1,S0|cap=0.2|band=0.01
2014-07-16,0.9,0,0,0,0,0,0.1,1,S0|cap=0.2|band=0.01
2014-07-17,0.9,0,0,0,0,0,0.1,1,S0|cap=0.2|band=0.01
2014-07-18,0.9,0,0,0,0,0,0.1,1,S0|cap=0.2|band=0.01
2014-07-21,0.9,0,0,0,0,0,0.1,1,S0|cap=0.2|band=0.01
2014-07-22,0.9,0,0,0,0,0,0.1,1,S0|cap=0.2|band=0.01
2014-07-23,0.9,0,0,0,0,0,0.1,1,S0|cap=0.2|band=0.01
2014-07-24,0.9,0,0,0,0,0,0.1,1,S0|cap=0.2|band=0.01
2014-07-25,0.9,0,0,0,0,0,0.1,1,S0|cap=0.2|band=0.01
2014-07-28,0.9,0,0,0,0,0,0.1,1,S0|cap=0.2|band=0.01
2014-07-30,0.9,0,0,0,0,0,0.1,1,S0|cap=0.2|band=0.01
2014-07-31,0.9,0,0,0,0,0,0.1,1,S0|cap=0.2|band=0.01
2014-08-01,0.9,0,0,0,0,0,0.1,1,S0|cap=0.2|band=0.01
2014-08-04,0.9,0,0,0,0,0,0.1,1,S0|cap=0.2|band=0.01
2014-08-05,0.9,0,0,0,0,0,0.1,1,S0|cap=0.2|band=0.01
2014-08-06,0.9,0,0,0,0,0,0.1,1,S0|cap=0.2|band=0.01
2014-08-07,0.9,0,0,0,0,0,0.1,1,S0|cap=0.2|band=0.01
2014-08-08,0.9,0,0,0,0,0,0.1,1,S0|cap=0.2|band=0.01
2014-08-11,0.9,0,0,0,0,0,0.1,1,S0|cap=0.2|band=0.01
2014-08-12,0.9,0,0,0,0,0,0.1,1,S0|cap=0.2|band=0.01
2014-08-13,0.9,0,0,0,0,0,0.1,1,S0|cap=0.2|band=0.01
2014-08-14,0.9,0,0,0,0,0,0.1,1,S0|cap=0.2|band=0.01
2014-08-18,0.9,0,0,0,0,0,0.1,1,S0|cap=0.2|band=0.01
2014-08-19,0.9,0,0,0,0,0,0.1,1,S0|cap=0.2|band=0.01
2014-08-20,0.9,0,0,0,0,0,0.1,1,S0|cap=0.2|band=0.01
2014-08-21,0.9,0,0,0,0,0,0.1,1,S0|cap=0.2|band=0.01
2014-08-22,0.9,0,0,0,0,0,0.1,1,S0|cap=0.2|band=0.01
2014-08-25,0.9,0,0,0,0,0,0.1,1,S0|cap=0.2|band=0.01
2014-08-26,0.9,0,0,0,0,0,0.1,1,S0|cap=0.2|band=0.01
2014-08-27,0.9,0,0,0,0,0,0.1,1,S0|cap=0.2|band=0.01
2014-08-28,0.9,0,0,0,0,0,0.1,1,S0|cap=0.2|band=0.01
2014-09-01,0.9,0,0,0,0,0,0.1,1,S0|cap=0.2|band=0.01
2014-09-02,0.9,0,0,0,0,0,0.1,1,S0|cap=0.2|band=0.01
2014-09-03,0.9,0,0,0,0,0,0.1,1,S0|cap=0.2|band=0.01
2014-09-04,0.9,0,0,0,0,0,0.1,1,S0|cap=0.2|band=0.01
2014-09-05,0.9,0,0,0,0,0,0.1,1,S0|cap=0.2|band=0.01
2014-09-08,0.9,0,0,0,0,0,0.1,1,S0|cap=0.2|band=0.01
2014-09-09,0.9,0,0,0,0,0,0.1,1,S0|cap=0.2|band=0.01
2014-09-10,0.9,0,0,0,0,0,0.1,1,S0|cap=0.2|band=0.01
2014-09-11,0.9,0,0,0,0,0,0.1,1,S0|cap=0.2|band=0.01
2014-09-12,0.9,0,0,0,0,0,0.1,1,S0|cap=0.2|band=0.01
2014-09-15,0.9,0,0,0,0,0,0.1,1,S0|cap=0.2|band=0.01
2014-09-16,0.9,0,0,0,0,0,0.1,1,S0|cap=0.2|band=0.01
2014-09-17,0.9,0,0,0,0,0,0.1,1,S0|cap=0.2|band=0.01
2014-09-18,0.9,0,0,0,0,0,0.1,1,S0|cap=0.2|band=0.01
2014-09-19,0.9,0,0,0,0,0,0.1,1,S0|cap=0.2|band=0.01
2014-09-22,0.9,0,0,0,0,0,0.1,1,S0|cap=0.2|band=0.01
2014-09-23,0.9,0,0,0,0,0,0.1,1,S0|cap=0.2|band=0.01
2014-09-24,0.9,0,0,0,0,0,0.1,1,S0|cap=0.2|band=0.01
2014-09-25,0.9,0,0,0,0,0,0.1,1,S0|cap=0.2|band=0.01
2014-09-26,0.9,0,0,0,0,0,0.1,1,S0|cap=0.2|band=0.01
2014-09-29,0.9,0,0,0,0,0,0.1,1,S0|cap=0.2|band=0.01
2014-09-30,0.9,0,0,0,0,0,0.1,1,S0|cap=0.2|band=0.01
2014-10-01,0.9,0,0,0,0,0,0.1,1,S0|cap=0.2|band=0.01
2014-10-07,0.9,0,0,0,0,0,0.1,1,S0|cap=0.2|band=0.01
2014-10-08,0.9,0,0,0,0,0,0.1,1,S0|cap=0.2|band=0.01
2014-10-09,0.9,0,0,0,0,0,0.1,1,S0|cap=0.2|band=0.01
2014-10-10,0.9,0,0,0,0,0,0.1,1,S0|cap=0.2|band=0.01
2014-10-13,0.9,0,0,0,0,0,0.1,1,S0|cap=0.2|band=0.01
2014-10-14,0.9,0,0,0,0,0,0.1,1,S0|cap=0.2|band=0.01
2014-10-16,0.9,0,0,0,0,0,0.1,1,S0|cap=0.2|band=0.01
2014-10-17,0.9,0,0,0,0,0,0.1,1,S0|cap=0.2|band=0.01
2014-10-20,0.9,0,0,0,0,0,0.1,1,S0|cap=0.2|band=0.01
2014-10-21,0.9,0,0,0,0,0,0.1,1,S0|cap=0.2|band=0.01
2014-10-22,0.9,0,0,0,0,0,0.1,1,S0|cap=0.2|band=0.01
2014-10-23,0.9,0,0,0,0,0,0.1,1,S0|cap=0.2|band=0.01
2014-10-27,0.9,0,0,0,0,0,0.1,1,S0|cap=0.2|band=0.01
2014-10-28,0.9,0,0,0,0,0,0.1,1,S0|cap=0.2|band=0.01
2014-10-29,0.9,0,0,0,0,0,0.1,1,S0|cap=0.2|band=0.01
2014-10-30,0.9,0,0,0,0,0,0.1,1,S0|cap=0.2|band=0.01
2014-10-31,0.9,0,0,0,0,0,0.1,1,S0|cap=0.2|band=0.01
2014-11-03,0.9,0,0,0,0,0,0.1,1,S0|cap=0.2|band=0.01
2014-11-05,0.9,0,0,0,0,0,0.1,1,S0|cap=0.2|band=0.01
2014-11-07,0.9,0,0,0,0,0,0.1,1,S0|cap=0.2|band=0.01
2014-11-10,0.9,0,0,0,0,0,0.1,1,S0|cap=0.2|band=0.01
2014-11-11,0.9,0,0,0,0,0,0.1,1,S0|cap=0.2|band=0.01
2014-11-12,0.9,0,0,0,0,0,0.1,1,S0|cap=0.2|band=0.01
2014-11-13,0.9,0,0,0,0,0,0.1,1,S0|cap=0.2|band=0.01
2014-11-14,0.9,0,0,0,0,0,0.1,1,S0|cap=0.2|band=0.01
2014-11-17,0.9,0,0,0,0,0,0.1,1,S0|cap=0.2|band=0.01
2014-11-18,0.9,0,0,0,0,0,0.1,1,S0|cap=0.2|band=0.01
2014-11-19,0.9,0,0,0,0,0,0.1,1,S0|cap=0.2|band=0.01
2014-11-20,0.9,0,0,0,0,0,0.1,1,S0|cap=0.2|band=0.01
2014-11-21,0.9,0,0,0,0,0,0.1,1,S0|cap=0.2|band=0.01
2014-11-24,0.9,0,0,0,0,0,0.1,1,S0|cap=0.2|band=0.01
2014-11-25,0.9,0,0,0,0,0,0.1,1,S0|cap=0.2|band=0.01
2014-11-26,0.9,0,0,0,0,0,0.1,1,S0|cap=0.2|band=0.01
2014-11-27,0.9,0,0,0,0,0,0.1,1,S0|cap=0.2|band=0.01
2014-11-28,0.9,0,0,0,0,0,0.1,1,S0|cap=0.2|band=0.01
2014-12-01,0.9,0,0,0,0,0,0.1,1,S0|cap=0.2|band=0.01
2014-12-02,0.9,0,0,0,0,0,0.1,1,S0|cap=0.2|band=0.01
2014-12-03,0.9,0,0,0,0,0,0.1,1,S0|cap=0.2|band=0.01
2014-12-04,0.9,0,0,0,0,0,0.1,1,S0|cap=0.2|band=0.01
2014-12-05,0.9,0,0,0,0,0,0.1,1,S0|cap=0.2|band=0.01
2014-12-08,0.9,0,0,0,0,0,0.1,1,S0|cap=0.2|band=0.01
2014-12-09,0.9,0,0,0,0,0,0.1,1,S0|cap=0.2|band=0.01
2014-12-10,0.9,0,0,0,0,0,0.1,1,S0|cap=0.2|band=0.01
2014-12-11,0.9,0,0,0,0,0,0.1,1,S0|cap=0.2|band=0.01
2014-12-12,0.9,0,0,0,0,0,0.1,1,S0|cap=0.2|band=0.01
2014-12-15,0.9,0,0,0,0,0,0.1,1,S0|cap=0.2|band=0.01
2014-12-16,0.9,0,0,0,0,0,0.1,1,S0|cap=0.2|band=0.01
2014-12-17,0.9,0,0,0,0,0,0.1,1,S0|cap=0.2|band=0.01
2014-12-18,0.9,0,0,0,0,0,0.1,1,S0|cap=0.2|band=0.01
2014-12-19,0.9,0,0,0,0,0,0.1,1,S0|cap=0.2|band=0.01
2014-12-22,0.9,0,0,0,0,0,0.1,1,S0|cap=0.2|band=0.01
2014-12-23,0.9,0,0,0,0,0,0.1,1,S0|cap=0.2|band=0.01
2014-12-24,0.9,0,0,0,0,0,0.1,1,S0|cap=0.2|band=0.01
2014-12-26,0.9,0,0,0,0,0,0.1,1,S0|cap=0.2|band=0.01
2014-12-29,0.9,0,0,0,0,0,0.1,1,S0|cap=0.2|band=0.01
2014-12-30,0.9,0,0,0,0,0,0.1,1,S0|cap=0.2|band=0.01
2014-12-31,0.9,0,0,0,0,0,0.1,1,S0|cap=0.2|band=0.01
2015-01-01,0.9,0,0,0,0,0,0.1,1,S0|cap=0.2|band=0.01
2015-01-02,0.9,0,0,0,0,0,0.1,1,S0|cap=0.2|band=0.01
2015-01-05,0.9,0,0,0,0,0,0.1,1,S0|cap=0.2|band=0.01
2015-01-06,0.9,0,0,0,0,0,0.1,1,S0|cap=0.2|band=0.01
2015-01-07,0.9,0,0,0,0,0,0.1,1,S0|cap=0.2|band=0.01
2015-01-08,0.9,0,0,0,0,0,0.1,1,S0|cap=0.2|band=0.01
2015-01-09,0.9,0,0,0,0,0,0.1,1,S0|cap=0.2|band=0.01
2015-01-12,0.9,0,0,0,0,0,0.1,1,S0|cap=0.2|band=0.01
2015-01-13,0.9,0,0,0,0,0,0.1,1,S0|cap=0.2|band=0.01
2015-01-14,0.9,0,0,0,0,0,0.1,1,S0|cap=0.2|band=0.01
2015-01-15,0.9,0,0,0,0,0,0.1,1,S0|cap=0.2|band=0.01
2015-01-16,0.9,0,0,0,0,0,0.1,1,S0|cap=0.2|band=0.01
2015-01-19,0.9,0,0,0,0,0,0.1,1,S0|cap=0.2|band=0.01
2015-01-20,0.9,0,0,0,0,0,0.1,1,S0|cap=0.2|band=0.01
2015-01-21,0.9,0,0,0,0,0,0.1,1,S0|cap=0.2|band=0.01
2015-01-22,0.9,0,0,0,0,0,0.1,1,S0|cap=0.2|band=0.01
2015-01-23,0.9,0,0,0,0,0,0.1,1,S0|cap=0.2|band=0.01
2015-01-27,0.9,0,0,0,0,0,0.1,1,S0|cap=0.2|band=0.01
2015-01-28,0.9,0,0,0,0,0,0.1,1,S0|cap=0.2|band=0.01
2015-01-29,0.9,0,0,0,0,0,0.1,1,S0|cap=0.2|band=0.01
2015-01-30,0.9,0,0,0,0,0,0.1,1,S0|cap=0.2|band=0.01
2015-02-02,0.9,0,0,0,0,0,0.1,1,S0|cap=0.2|band=0.01
2015-02-03,0.9,0,0,0,0,0,0.1,1,S0|cap=0.2|band=0.01
2015-02-04,0.9,0,0,0,0,0,0.1,1,S0|cap=0.2|band=0.01
2015-02-05,0.9,0,0,0,0,0,0.1,1,S0|cap=0.2|band=0.01
2015-02-06,0.9,0,0,0,0,0,0.1,1,S0|cap=0.2|band=0.01
2015-02-09,0.9,0,0,0,0,0,0.1,1,S0|cap=0.2|band=0.01
2015-02-10,0.9,0,0,0,0,0,0.1,1,S0|cap=0.2|band=0.01
2015-02-11,0.9,0,0,0,0,0,0.1,1,S0|cap=0.2|band=0.01
2015-02-12,0.9,0,0,0,0,0,0.1,1,S0|cap=0.2|band=0.01
2015-02-13,0.9,0,0,0,0,0,0.1,1,S0|cap=0.2|band=0.01
2015-02-16,0.9,0,0,0,0,0,0.1,1,S0|cap=0.2|band=0.01
2015-02-18,0.9,0,0,0,0,0,0.1,1,S0|cap=0.2|band=0.01
2015-02-19,0.9,0,0,0,0,0,0.1,1,S0|cap=0.2|band=0.01
2015-02-20,0.9,0,0,0,0,0,0.1,1,S0|cap=0.2|band=0.01
2015-02-23,0.9,0,0,0,0,0,0.1,1,S0|cap=0.2|band=0.01
2015-02-24,0.9,0,0,0,0,0,0.1,1,S0|cap=0.2|band=0.01
2015-02-25,0.9,0,0,0,0,0,0.1,1,S0|cap=0.2|band=0.01
2015-02-26,0.9,0,0,0,0,0,0.1,1,S0|cap=0.2|band=0.01
2015-02-27,0.9,0,0,0,0,0,0.1,1,S0|cap=0.2|band=0.01
2015-02-28,0.9,0,0,0,0,0,0.1,1,S0|cap=0.2|band=0.01
2015-03-02,0.9,0,0,0,0,0,0.1,1,S0|cap=0.2|band=0.01
2015-03-03,0.9,0,0,0,0,0,0.1,1,S0|cap=0.2|band=0.01
2015-03-04,0.9,0,0,0,0,0,0.1,1,S0|cap=0.2|band=0.01
2015-03-05,0.9,0,0,0,0,0,0.1,1,S0|cap=0.2|band=0.01
2015-03-09,0.9,0,0,0,0,0,0.1,1,S0|cap=0.2|band=0.01
2015-03-10,0.9,0,0,0,0,0,0.1,1,S0|cap=0.2|band=0.01
2015-03-11,0.9,0,0,0,0,0,0.1,1,S0|cap=0.2|band=0.01
2015-03-12,0.9,0,0,0,0,0,0.1,1,S0|cap=0.2|band=0.01
2015-03-13,0.9,0,0,0,0,0,0.1,1,S0|cap=0.2|band=0.01
2015-03-16,0.9,0,0,0,0,0,0.1,1,S0|cap=0.2|band=0.01
2015-03-17,0.9,0,0,0,0,0,0.1,1,S0|cap=0.2|band=0.01
2015-03-18,0.9,0,0,0,0,0,0.1,1,S0|cap=0.2|band=0.01
2015-03-19,0.9,0,0,0,0,0,0.1,1,S0|cap=0.2|band=0.01
2015-03-20,0.9,0,0,0,0,0,0.1,1,S0|cap=0.2|band=0.01
2015-03-23,0.9,0,0,0,0,0,0.1,1,S0|cap=0.2|band=0.01
2015-03-24,0.9,0,0,0,0,0,0.1,1,S0|cap=0.2|band=0.01
2015-03-25,0.9,0,0,0,0,0,0.1,1,S0|cap=0.2|band=0.01
2015-03-26,0.9,0,0,0,0,0,0.1,1,S0|cap=0.2|band=0.01
2015-03-27,0.9,0,0,0,0,0,0.1,1,S0|cap=0.2|band=0.01
2015-03-30,0.9,0,0,0,0,0,0.1,1,S0|cap=0.2|band=0.01
2015-03-31,0.9,0,0,0,0,0,0.1,1,S0|cap=0.2|band=0.01
2015-04-01,0.9,0,0,0,0,0,0.1,1,S0|cap=0.2|band=0.01
2015-04-06,0.9,0,0,0,0,0,0.1,1,S0|cap=0.2|band=0.01
2015-04-07,0.9,0,0,0,0,0,0.1,1,S0|cap=0.2|band=0.01
2015-04-08,0.9,0,0,0,0,0,0.1,1,S0|cap=0.2|band=0.01
2015-04-09,0.9,0,0,0,0,0,0.1,1,S0|cap=0.2|band=0.01
2015-04-10,0.9,0,0,0,0,0,0.1,1,S0|cap=0.2|band=0.01
2015-04-13,0.9,0,0,0,0,0,0.1,1,S0|cap=0.2|band=0.01
2015-04-15,0.9,0,0,0,0,0,0.1,1,S0|cap=0.2|band=0.01
2015-04-16,0.9,0,0,0,0,0,0.1,1,S0|cap=0.2|band=0.01
2015-04-17,0.9,0,0,0,0,0,0.1,1,S0|cap=0.2|band=0.01
2015-04-20,0.9,0,0,0,0,0,0.1,1,S0|cap=0.2|band=0.01
2015-04-21,0.9,0,0,0,0,0,0.1,1,S0|cap=0.2|band=0.01
2015-04-22,0.9,0,0,0,0,0,0.1,1,S0|cap=0.2|band=0.01
2015-04-23,0.9,0,0,0,0,0,0.1,1,S0|cap=0.2|band=0.01
2015-04-24,0.9,0,0,0,0,0,0.1,1,S0|cap=0.2|band=0.01
2015-04-27,0.9,0,0,0,0,0,0.1,1,S0|cap=0.2|band=0.01
2015-04-28,0.9,0,0,0,0,0,0.1,1,S0|cap=0.2|band=0.01
2015-04-29,0.9,0,0,0,0,0,0.1,1,S0|cap=0.2|band=0.01
2015-04-30,0.9,0,0,0,0,0,0.1,1,S0|cap=0.2|band=0.01
2015-05-04,0.9,0,0,0,0,0,0.1,1,S0|cap=0.2|band=0.01
2015-05-05,0.9,0,0,0,0,0,0.1,1,S0|cap=0.2|band=0.01
2015-05-06,0.9,0,0,0,0,0,0.1,1,S0|cap=0.2|band=0.01
2015-05-07,0.9,0,0,0,0,0,0.1,1,S0|cap=0.2|band=0.01
2015-05-08,0.9,0,0,0,0,0,0.1,1,S0|cap=0.2|band=0.01
2015-05-11,0.9,0,0,0,0,0,0.1,1,S0|cap=0.2|band=0.01
2015-05-12,0.9,0,0,0,0,0,0.1,1,S0|cap=0.2|band=0.01
2015-05-13,0.9,0,0,0,0,0,0.1,1,S0|cap=0.2|band=0.01
2015-05-14,0.9,0,0,0,0,0,0.1,1,S0|cap=0.2|band=0.01
2015-05-15,0.9,0,0,0,0,0,0.1,1,S0|cap=0.2|band=0.01
2015-05-18,0.9,0,0,0,0,0,0.1,1,S0|cap=0.2|band=0.01
2015-05-19,0.9,0,0,0,0,0,0.1,1,S0|cap=0.2|band=0.01
2015-05-20,0.9,0,0,0,0,0,0.1,1,S0|cap=0.2|band=0.01
2015-05-21,0.9,0,0,0,0,0,0.1,1,S0|cap=0.2|band=0.01
2015-05-22,0.9,0,0,0,0,0,0.1,1,S0|cap=0.2|band=0.01
2015-05-25,0.9,0,0,0,0,0,0.1,1,S0|cap=0.2|band=0.01
2015-05-26,0.9,0,0,0,0,0,0.1,1,S0|cap=0.2|band=0.01
2015-05-27,0.9,0,0,0,0,0,0.1,1,S0|cap=0.2|band=0.01
2015-05-28,0.9,0,0,0,0,0,0.1,1,S0|cap=0.2|band=0.01
2015-05-29,0.9,0,0,0,0,0,0.1,1,S0|cap=0.2|band=0.01
2015-06-01,0.9,0,0,0,0,0,0.1,1,S0|cap=0.2|band=0.01
2015-06-02,0.9,0,0,0,0,0,0.1,1,S0|cap=0.2|band=0.01
2015-06-03,0.9,0,0,0,0,0,0.1,1,S0|cap=0.2|band=0.01
2015-06-04,0.9,0,0,0,0,0,0.1,1,S0|cap=0.2|band=0.01
2015-06-05,0.9,0,0,0,0,0,0.1,1,S0|cap=0.2|band=0.01
2015-06-08,0.9,0,0,0,0,0,0.1,1,S0|cap=0.2|band=0.01
2015-06-09,0.9,0,0,0,0,0,0.1,1,S0|cap=0.2|band=0.01
2015-06-10,0.9,0,0,0,0,0,0.1,1,S0|cap=0.2|band=0.01
2015-06-11,0.9,0,0,0,0,0,0.1,1,S0|cap=0.2|band=0.01
2015-06-12,0.9,0,0,0,0,0,0.1,1,S0|cap=0.2|band=0.01
2015-06-15,0.9,0,0,0,0,0,0.1,1,S0|cap=0.2|band=0.01
2015-06-16,0.9,0,0,0,0,0,0.1,1,S0|cap=0.2|band=0.01
2015-06-17,0.9,0,0,0,0,0,0.1,1,S0|cap=0.2|band=0.01
2015-06-18,0.9,0,0,0,0,0,0.1,1,S0|cap=0.2|band=0.01
2015-06-19,0.9,0,0,0,0,0,0.1,1,S0|cap=0.2|band=0.01
2015-06-22,0.9,0,0,0,0,0,0.1,1,S0|cap=0.2|band=0.01
2015-06-23,0.9,0,0,0,0,0,0.1,1,S0|cap=0.2|band=0.01
2015-06-24,0.9,0,0,0,0,0,0.1,1,S0|cap=0.2|band=0.01
2015-06-25,0.9,0,0,0,0,0,0.1,1,S0|cap=0.2|band=0.01
2015-06-26,0.9,0,0,0,0,0,0.1,1,S0|cap=0.2|band=0.01
2015-06-29,0.9,0,0,0,0,0,0.1,1,S0|cap=0.2|band=0.01
2015-06-30,0.9,0,0,0,0,0,0.1,1,S0|cap=0.2|band=0.01
2015-07-01,0.9,0,0,0,0,0,0.1,1,S0|cap=0.2|band=0.01
2015-07-02,0.9,0,0,0,0,0,0.1,1,S0|cap=0.2|band=0.01
2015-07-03,0.9,0,0,0,0,0,0.1,1,S0|cap=0.2|band=0.01
2015-07-06,0.9,0,0,0,0,0,0.1,1,S0|cap=0.2|band=0.01
2015-07-07,0.9,0,0,0,0,0,0.1,1,S0|cap=0.2|band=0.01
2015-07-08,0.9,0,0,0,0,0,0.1,1,S0|cap=0.2|band=0.01
2015-07-09,0.9,0,0,0,0,0,0.1,1,S0|cap=0.2|band=0.01
2015-07-10,0.9,0,0,0,0,0,0.1,1,S0|cap=0.2|band=0.01
2015-07-13,0.9,0,0,0,0,0,0.1,1,S0|cap=0.2|band=0.01
2015-07-14,0.9,0,0,0,0,0,0.1,1,S0|cap=0.2|band=0.01
2015-07-15,0.9,0,0,0,0,0,0.1,1,S0|cap=0.2|band=0.01
2015-07-16,0.9,0,0,0,0,0,0.1,1,S0|cap=0.2|band=0.01
2015-07-17,0.9,0,0,0,0,0,0.1,1,S0|cap=0.2|band=0.01
2015-07-20,0.9,0,0,0,0,0,0.1,1,S0|cap=0.2|band=0.01
2015-07-21,0.9,0,0,0,0,0,0.1,1,S0|cap=0.2|band=0.01
2015-07-22,0.9,0,0,0,0,0,0.1,1,S0|cap=0.2|band=0.01
2015-07-23,0.9,0,0,0,0,0,0.1,1,S0|cap=0.2|band=0.01
2015-07-24,0.9,0,0,0,0,0,0.1,1,S0|cap=0.2|band=0.01
2015-07-27,0.9,0,0,0,0,0,0.1,1,S0|cap=0.2|band=0.01
2015-07-28,0.9,0,0,0,0,0,0.1,1,S0|cap=0.2|band=0.01
2015-07-29,0.9,0,0,0,0,0,0.1,1,S0|cap=0.2|band=0.01
2015-07-30,0.9,0,0,0,0,0,0.1,1,S0|cap=0.2|band=0.01
2015-07-31,0.9,0,0,0,0,0,0.1,1,S0|cap=0.2|band=0.01
2015-08-03,0.9,0,0,0,0,0,0.1,1,S0|cap=0.2|band=0.01
2015-08-04,0.9,0,0,0,0,0,0.1,1,S0|cap=0.2|band=0.01
2015-08-05,0.9,0,0,0,0,0,0.1,1,S0|cap=0.2|band=0.01
2015-08-06,0.9,0,0,0,0,0,0.1,1,S0|cap=0.2|band=0.01
2015-08-07,0.9,0,0,0,0,0,0.1,1,S0|cap=0.2|band=0.01
2015-08-10,0.9,0,0,0,0,0,0.1,1,S0|cap=0.2|band=0.01
2015-08-11,0.9,0,0,0,0,0,0.1,1,S0|cap=0.2|band=0.01
2015-08-12,0.9,0,0,0,0,0,0.1,1,S0|cap=0.2|band=0.01
2015-08-13,0.9,0,0,0,0,0,0.1,1,S0|cap=0.2|band=0.01
2015-08-14,0.9,0,0,0,0,0,0.1,1,S0|cap=0.2|band=0.01
2015-08-17,0.9,0,0,0,0,0,0.1,1,S0|cap=0.2|band=0.01
2015-08-18,0.9,0,0,0,0,0,0.1,1,S0|cap=0.2|band=0.01
2015-08-19,0.9,0,0,0,0,0,0.1,1,S0|cap=0.2|band=0.01
2015-08-20,0.9,0,0,0,0,0,0.1,1,S0|cap=0.2|band=0.01
2015-08-21,0.9,0,0,0,0,0,0.1,1,S0|cap=0.2|band=0.01
2015-08-24,0.8441792686,0,0,0,0,0,0.1558207314,0.9379769651,S0|cap=0.2|band=0.01
2015-08-25,0.8441792686,0,0,0,0,0,0.1558207314,0.9379769651,S0|cap=0.2|band=0.01
2015-08-26,0.8121502991,0,0,0,0,0,0.1878497009,0.9023892212,S0|cap=0.2|band=0.01
2015-08-27,0.8121502991,0,0,0,0,0,0.1878497009,0.9023892212,S0|cap=0.2|band=0.01
2015-08-28,0.8121502991,0,0,0,0,0,0.1878497009,0.9023892212,S0|cap=0.2|band=0.01
2015-08-31,0.8121502991,0,0,0,0,0,0.1878497009,0.9023892212,S0|cap=0.2|band=0.01
2015-09-01,0.8121502991,0,0,0,0,0,0.1878497009,0.9023892212,S0|cap=0.2|band=0.01
2015-09-02,0.7446229325,0,0,0,0,0,0.2553770675,0.8273588139,S0|cap=0.2|band=0.01
2015-09-03,0.7446229325,0,0,0,0,0,0.2553770675,0.8273588139,S0|cap=0.2|band=0.01
2015-09-04,0.7028103273,0,0,0,0,0,0.2971896727,0.7809003637,S0|cap=0.2|band=0.01
2015-09-07,0.6003109508,0,0,0,0,0,0.3996890492,0.6670121676,S0|cap=0.2|band=0.01
2015-09-08,0.6003109508,0,0,0,0,0,0.3996890492,0.6670121676,S0|cap=0.2|band=0.01
2015-09-09,0.6003109508,0,0,0,0,0,0.3996890492,0.6670121676,S0|cap=0.2|band=0.01
2015-09-10,0.6003109508,0,0,0,0,0,0.3996890492,0.6670121676,S0|cap=0.2|band=0.01
2015-09-11,0.6003109508,0,0,0,0,0,0.3996890492,0.6670121676,S0|cap=0.2|band=0.01
2015-09-14,0.6003109508,0,0,0,0,0,0.3996890492,0.6670121676,S0|cap=0.2|band=0.01
2015-09-15,0.6003109508,0,0,0,0,0,0.3996890492,0.6670121676,S0|cap=0.2|band=0.01
2015-09-16,0.6003109508,0,0,0,0,0,0.3996890492,0.6670121676,S0|cap=0.2|band=0.01
2015-09-18,0.6003109508,0,0,0,0,0,0.3996890492,0.6670121676,S0|cap=0.2|band=0.01
2015-09-21,0.6003109508,0,0,0,0,0,0.3996890492,0.6670121676,S0|cap=0.2|band=0.01
2015-09-22,0.6003109508,0,0,0,0,0,0.3996890492,0.6670121676,S0|cap=0.2|band=0.01
2015-09-23,0.6003109508,0,0,0,0,0,0.3996890492,0.6670121676,S0|cap=0.2|band=0.01
2015-09-24,0.6003109508,0,0,0,0,0,0.3996890492,0.6670121676,S0|cap=0.2|band=0.01
2015-09-28,0.6003109508,0,0,0,0,0,0.3996890492,0.6670121676,S0|cap=0.2|band=0.01
2015-09-29,0.6003109508,0,0,0,0,0,0.3996890492,0.6670121676,S0|cap=0.2|band=0.01
2015-09-30,0.6003109508,0,0,0,0,0,0.3996890492,0.6670121676,S0|cap=0.2|band=0.01
2015-10-01,0.6003109508,0,0,0,0,0,0.3996890492,0.6670121676,S0|cap=0.2|band=0.01
2015-10-05,0.6003109508,0,0,0,0,0,0.3996890492,0.6670121676,S0|cap=0.2|band=0.01
2015-10-06,0.6003109508,0,0,0,0,0,0.3996890492,0.6670121676,S0|cap=0.2|band=0.01
2015-10-07,0.6003109508,0,0,0,0,0,0.3996890492,0.6670121676,S0|cap=0.2|band=0.01
2015-10-08,0.6003109508,0,0,0,0,0,0.3996890492,0.6670121676,S0|cap=0.2|band=0.01
2015-10-09,0.6003109508,0,0,0,0,0,0.3996890492,0.6670121676,S0|cap=0.2|band=0.01
2015-10-12,0.6003109508,0,0,0,0,0,0.3996890492,0.6670121676,S0|cap=0.2|band=0.01
2015-10-13,0.6003109508,0,0,0,0,0,0.3996890492,0.6670121676,S0|cap=0.2|band=0.01
2015-10-14,0.6003109508,0,0,0,0,0,0.3996890492,0.6670121676,S0|cap=0.2|band=0.01
2015-10-15,0.6003109508,0,0,0,0,0,0.3996890492,0.6670121676,S0|cap=0.2|band=0.01
2015-10-16,0.6003109508,0,0,0,0,0,0.3996890492,0.6670121676,S0|cap=0.2|band=0.01
2015-10-19,0.6003109508,0,0,0,0,0,0.3996890492,0.6670121676,S0|cap=0.2|band=0.01
2015-10-20,0.6003109508,0,0,0,0,0,0.3996890492,0.6670121676,S0|cap=0.2|band=0.01
2015-10-21,0.6003109508,0,0,0,0,0,0.3996890492,0.6670121676,S0|cap=0.2|band=0.01
2015-10-23,0.6003109508,0,0,0,0,0,0.3996890492,0.6670121676,S0|cap=0.2|band=0.01
2015-10-26,0.6003109508,0,0,0,0,0,0.3996890492,0.6670121676,S0|cap=0.2|band=0.01
2015-10-27,0.6003109508,0,0,0,0,0,0.3996890492,0.6670121676,S0|cap=0.2|band=0.01
2015-10-28,0.6003109508,0,0,0,0,0,0.3996890492,0.6670121676,S0|cap=0.2|band=0.01
2015-10-29,0.6003109508,0,0,0,0,0,0.3996890492,0.6670121676,S0|cap=0.2|band=0.01
2015-10-30,0.6003109508,0,0,0,0,0,0.3996890492,0.6670121676,S0|cap=0.2|band=0.01
2015-11-02,0.6003109508,0,0,0,0,0,0.3996890492,0.6670121676,S0|cap=0.2|band=0.01
2015-11-03,0.6003109508,0,0,0,0,0,0.3996890492,0.6670121676,S0|cap=0.2|band=0.01
2015-11-04,0.6003109508,0,0,0,0,0,0.3996890492,0.6670121676,S0|cap=0.2|band=0.01
2015-11-05,0.6003109508,0,0,0,0,0,0.3996890492,0.6670121676,S0|cap=0.2|band=0.01
2015-11-06,0.6003109508,0,0,0,0,0,0.3996890492,0.6670121676,S0|cap=0.2|band=0.01
2015-11-09,0.6003109508,0,0,0,0,0,0.3996890492,0.6670121676,S0|cap=0.2|band=0.01
2015-11-10,0.6003109508,0,0,0,0,0,0.3996890492,0.6670121676,S0|cap=0.2|band=0.01
2015-11-11,0.6003109508,0,0,0,0,0,0.3996890492,0.6670121676,S0|cap=0.2|band=0.01
2015-11-13,0.6003109508,0,0,0,0,0,0.3996890492,0.6670121676,S0|cap=0.2|band=0.01
2015-11-16,0.6003109508,0,0,0,0,0,0.3996890492,0.6670121676,S0|cap=0.2|band=0.01
2015-11-17,0.6003109508,0,0,0,0,0,0.3996890492,0.6670121676,S0|cap=0.2|band=0.01
2015-11-18,0.6003109508,0,0,0,0,0,0.3996890492,0.6670121676,S0|cap=0.2|band=0.01
2015-11-19,0.6003109508,0,0,0,0,0,0.3996890492,0.6670121676,S0|cap=0.2|band=0.01
2015-11-20,0.6003109508,0,0,0,0,0,0.3996890492,0.6670121676,S0|cap=0.2|band=0.01
2015-11-23,0.6003109508,0,0,0,0,0,0.3996890492,0.6670121676,S0|cap=0.2|band=0.01
2015-11-24,0.6003109508,0,0,0,0,0,0.3996890492,0.6670121676,S0|cap=0.2|band=0.01
2015-11-26,0.6003109508,0,0,0,0,0,0.3996890492,0.6670121676,S0|cap=0.2|band=0.01
2015-11-27,0.6003109508,0,0,0,0,0,0.3996890492,0.6670121676,S0|cap=0.2|band=0.01
2015-11-30,0.6003109508,0,0,0,0,0,0.3996890492,0.6670121676,S0|cap=0.2|band=0.01
2015-12-01,0.6003109508,0,0,0,0,0,0.3996890492,0.6670121676,S0|cap=0.2|band=0.01
2015-12-02,0.6003109508,0,0,0,0,0,0.3996890492,0.6670121676,S0|cap=0.2|band=0.01
2015-12-03,0.6003109508,0,0,0,0,0,0.3996890492,0.6670121676,S0|cap=0.2|band=0.01
2015-12-04,0.6003109508,0,0,0,0,0,0.3996890492,0.6670121676,S0|cap=0.2|band=0.01
2015-12-07,0.6003109508,0,0,0,0,0,0.3996890492,0.6670121676,S0|cap=0.2|band=0.01
2015-12-08,0.7946421957,0,0,0,0,0,0.2053578043,0.882935773,S0|cap=0.2|band=0.01
2015-12-09,0.7590224276,0,0,0,0,0,0.2409775724,0.8433582529,S0|cap=0.2|band=0.01
2015-12-10,0.7590224276,0,0,0,0,0,0.2409775724,0.8433582529,S0|cap=0.2|band=0.01
2015-12-11,0.69924676,0,0,0,0,0,0.30075324,0.7769408444,S0|cap=0.2|band=0.01
2015-12-14,0.69924676,0,0,0,0,0,0.30075324,0.7769408444,S0|cap=0.2|band=0.01
2015-12-15,0.69924676,0,0,0,0,0,0.30075324,0.7769408444,S0|cap=0.2|band=0.01
2015-12-16,0.69924676,0,0,0,0,0,0.30075324,0.7769408444,S0|cap=0.2|band=0.01
2015-12-17,0.69924676,0,0,0,0,0,0.30075324,0.7769408444,S0|cap=0.2|band=0.01
2015-12-18,0.69924676,0,0,0,0,0,0.30075324,0.7769408444,S0|cap=0.2|band=0.01
2015-12-21,0.69924676,0,0,0,0,0,0.30075324,0.7769408444,S0|cap=0.2|band=0.01
2015-12-22,0.69924676,0,0,0,0,0,0.30075324,0.7769408444,S0|cap=0.2|band=0.01
2015-12-23,0.69924676,0,0,0,0,0,0.30075324,0.7769408444,S0|cap=0.2|band=0.01
2015-12-24,0.69924676,0,0,0,0,0,0.30075324,0.7769408444,S0|cap=0.2|band=0.01
2015-12-28,0.69924676,0,0,0,0,0,0.30075324,0.7769408444,S0|cap=0.2|band=0.01
2015-12-29,0.69924676,0,0,0,0,0,0.30075324,0.7769408444,S0|cap=0.2|band=0.01
2015-12-30,0.69924676,0,0,0,0,0,0.30075324,0.7769408444,S0|cap=0.2|band=0.01
2015-12-31,0.69924676,0,0,0,0,0,0.30075324,0.7769408444,S0|cap=0.2|band=0.01
2016-01-01,0.69924676,0,0,0,0,0,0.30075324,0.7769408444,S0|cap=0.2|band=0.01
2016-01-04,0.69924676,0,0,0,0,0,0.30075324,0.7769408444,S0|cap=0.2|band=0.01
2016-01-05,0.69924676,0,0,0,0,0,0.30075324,0.7769408444,S0|cap=0.2|band=0.01
2016-01-06,0.69924676,0,0,0,0,0,0.30075324,0.7769408444,S0|cap=0.2|band=0.01
2016-01-07,0.6935425643,0,0,0,0,0,0.3064574357,0.7706028492,S0|cap=0.2|band=0.01
2016-01-08,0.6935425643,0,0,0,0,0,0.3064574357,0.7706028492,S0|cap=0.2|band=0.01
2016-01-11,0.6761690129,0,0,0,0,0,0.3238309871,0.7512989033,S0|cap=0.2|band=0.01
2016-01-12,0.6335862618,0,0,0,0,0,0.3664137382,0.7039847353,S0|cap=0.2|band=0.01
2016-01-13,0.6335862618,0,0,0,0,0,0.3664137382,0.7039847353,S0|cap=0.2|band=0.01
2016-01-14,0.6335862618,0,0,0,0,0,0.3664137382,0.7039847353,S0|cap=0.2|band=0.01
2016-01-15,0.5775921522,0,0,0,0,0,0.4224078478,0.641769058,S0|cap=0.2|band=0.01
2016-01-18,0.5046586954,0,0,0,0,0,0.4953413046,0.5607318838,S0|cap=0.2|band=0.01
2016-01-19,0.5046586954,0,0,0,0,0,0.4953413046,0.5607318838,S0|cap=0.2|band=0.01
2016-01-20,0.4724490471,0,0,0,0,0,0.5275509529,0.5249433856,S0|cap=0.2|band=0.01
2016-01-21,0.4598097725,0,0,0,0,0,0.5401902275,0.5108997472,S0|cap=0.2|band=0.01
2016-01-22,0.4598097725,0,0,0,0,0,0.5401902275,0.5108997472,S0|cap=0.2|band=0.01
2016-01-25,0.4598097725,0,0,0,0,0,0.5401902275,0.5108997472,S0|cap=0.2|band=0.01
2016-01-27,0.4598097725,0,0,0,0,0,0.5401902275,0.5108997472,S0|cap=0.2|band=0.01
2016-01-28,0.4598097725,0,0,0,0,0,0.5401902275,0.5108997472,S0|cap=0.2|band=0.01
2016-01-29,0.4598097725,0,0,0,0,0,0.5401902275,0.5108997472,S0|cap=0.2|band=0.01
2016-02-01,0.4598097725,0,0,0,0,0,0.5401902275,0.5108997472,S0|cap=0.2|band=0.01
2016-02-02,0.4598097725,0,0,0,0,0,0.5401902275,0.5108997472,S0|cap=0.2|band=0.01
2016-02-03,0.4598097725,0,0,0,0,0,0.5401902275,0.5108997472,S0|cap=0.2|band=0.01
2016-02-04,0.4598097725,0,0,0,0,0,0.5401902275,0.5108997472,S0|cap=0.2|band=0.01
2016-02-05,0.4598097725,0,0,0,0,0,0.5401902275,0.5108997472,S0|cap=0.2|band=0.01
2016-02-08,0.4598097725,0,0,0,0,0,0.5401902275,0.5108997472,S0|cap=0.2|band=0.01
2016-02-09,0.4598097725,0,0,0,0,0,0.5401902275,0.5108997472,S0|cap=0.2|band=0.01
2016-02-10,0.4468402191,0,0,0,0,0,0.5531597809,0.4964891323,S0|cap=0.2|band=0.01
2016-02-11,0.308511725,0,0,0,0,0,0.691488275,0.3427908055,S0|cap=0.2|band=0.01
2016-02-12,0.298385203,0,0,0,0,0,0.701614797,0.3315391144,S0|cap=0.2|band=0.01
2016-02-15,0.298385203,0,0,0,0,0,0.701614797,0.3315391144,S0|cap=0.2|band=0.01
2016-02-16,0.298385203,0,0,0,0,0,0.701614797,0.3315391144,S0|cap=0.2|band=0.01
2016-02-17,0.298385203,0,0,0,0,0,0.701614797,0.3315391144,S0|cap=0.2|band=0.01
2016-02-18,0.298385203,0,0,0,0,0,0.701614797,0.3315391144,S0|cap=0.2|band=0.01
2016-02-19,0.298385203,0,0,0,0,0,0.701614797,0.3315391144,S0|cap=0.2|band=0.01
2016-02-22,0.298385203,0,0,0,0,0,0.701614797,0.3315391144,S0|cap=0.2|band=0.01
2016-02-23,0.298385203,0,0,0,0,0,0.701614797,0.3315391144,S0|cap=0.2|band=0.01
2016-02-24,0.298385203,0,0,0,0,0,0.701614797,0.3315391144,S0|cap=0.2|band=0.01
2016-02-25,0.298385203,0,0,0,0,0,0.701614797,0.3315391144,S0|cap=0.2|band=0.01
2016-02-26,0.298385203,0,0,0,0,0,0.701614797,0.3315391144,S0|cap=0.2|band=0.01
2016-02-29,0.298385203,0,0,0,0,0,0.701614797,0.3315391144,S0|cap=0.2|band=0.01
2016-03-01,0.298385203,0,0,0,0,0,0.701614797,0.3315391144,S0|cap=0.2|band=0.01
2016-03-02,0.298385203,0,0,0,0,0,0.701614797,0.3315391144,S0|cap=0.2|band=0.01
2016-03-03,0.298385203,0,0,0,0,0,0.701614797,0.3315391144,S0|cap=0.2|band=0.01
2016-03-04,0.298385203,0,0,0,0,0,0.701614797,0.3315391144,S0|cap=0.2|band=0.01
2016-03-08,0.298385203,0,0,0,0,0,0.701614797,0.3315391144,S0|cap=0.2|band=0.01
2016-03-09,0.298385203,0,0,0,0,0,0.701614797,0.3315391144,S0|cap=0.2|band=0.01
2016-03-10,0.298385203,0,0,0,0,0,0.701614797,0.3315391144,S0|cap=0.2|band=0.01
2016-03-11,0.298385203,0,0,0,0,0,0.701614797,0.3315391144,S0|cap=0.2|band=0.01
2016-03-14,0.298385203,0,0,0,0,0,0.701614797,0.3315391144,S0|cap=0.2|band=0.01
2016-03-15,0.298385203,0,0,0,0,0,0.701614797,0.3315391144,S0|cap=0.2|band=0.01
2016-03-16,0.298385203,0,0,0,0,0,0.701614797,0.3315391144,S0|cap=0.2|band=0.01
2016-03-17,0.298385203,0,0,0,0,0,0.701614797,0.3315391144,S0|cap=0.2|band=0.01
2016-03-18,0.298385203,0,0,0,0,0,0.701614797,0.3315391144,S0|cap=0.2|band=0.01
2016-03-21,0.298385203,0,0,0,0,0,0.701614797,0.3315391144,S0|cap=0.2|band=0.01
2016-03-22,0.298385203,0,0,0,0,0,0.701614797,0.3315391144,S0|cap=0.2|band=0.01
2016-03-23,0.298385203,0,0,0,0,0,0.701614797,0.3315391144,S0|cap=0.2|band=0.01
2016-03-28,0.298385203,0,0,0,0,0,0.701614797,0.3315391144,S0|cap=0.2|band=0.01
2016-03-29,0.298385203,0,0,0,0,0,0.701614797,0.3315391144,S0|cap=0.2|band=0.01
2016-03-30,0.298385203,0,0,0,0,0,0.701614797,0.3315391144,S0|cap=0.2|band=0.01
2016-03-31,0.298385203,0,0,0,0,0,0.701614797,0.3315391144,S0|cap=0.2|band=0.01
2016-04-01,0.298385203,0,0,0,0,0,0.701614797,0.3315391144,S0|cap=0.2|band=0.01
2016-04-04,0.298385203,0,0,0,0,0,0.701614797,0.3315391144,S0|cap=0.2|band=0.01
2016-04-05,0.298385203,0,0,0,0,0,0.701614797,0.3315391144,S0|cap=0.2|band=0.01
2016-04-06,0.298385203,0,0,0,0,0,0.701614797,0.3315391144,S0|cap=0.2|band=0.01
2016-04-07,0.298385203,0,0,0,0,0,0.701614797,0.3315391144,S0|cap=0.2|band=0.01
2016-04-08,0.298385203,0,0,0,0,0,0.701614797,0.3315391144,S0|cap=0.2|band=0.01
2016-04-11,0.298385203,0,0,0,0,0,0.701614797,0.3315391144,S0|cap=0.2|band=0.01
2016-04-12,0.298385203,0,0,0,0,0,0.701614797,0.3315391144,S0|cap=0.2|band=0.01
2016-04-13,0.298385203,0,0,0,0,0,0.701614797,0.3315391144,S0|cap=0.2|band=0.01
2016-04-18,0.298385203,0,0,0,0,0,0.701614797,0.3315391144,S0|cap=0.2|band=0.01
2016-04-20,0.298385203,0,0,0,0,0,0.701614797,0.3315391144,S0|cap=0.2|band=0.01
2016-04-21,0.298385203,0,0,0,0,0,0.701614797,0.3315391144,S0|cap=0.2|band=0.01
2016-04-22,0.298385203,0,0,0,0,0,0.701614797,0.3315391144,S0|cap=0.2|band=0.01
2016-04-25,0.298385203,0,0,0,0,0,0.701614797,0.3315391144,S0|cap=0.2|band=0.01
2016-04-26,0.298385203,0,0,0,0,0,0.701614797,0.3315391144,S0|cap=0.2|band=0.01
2016-04-27,0.298385203,0,0,0,0,0,0.701614797,0.3315391144,S0|cap=0.2|band=0.01
2016-04-28,0.298385203,0,0,0,0,0,0.701614797,0.3315391144,S0|cap=0.2|band=0.01
2016-04-29,0.298385203,0,0,0,0,0,0.701614797,0.3315391144,S0|cap=0.2|band=0.01
2016-05-02,0.298385203,0,0,0,0,0,0.701614797,0.3315391144,S0|cap=0.2|band=0.01
2016-05-03,0.298385203,0,0,0,0,0,0.701614797,0.3315391144,S0|cap=0.2|band=0.01
2016-05-04,0.298385203,0,0,0,0,0,0.701614797,0.3315391144,S0|cap=0.2|band=0.01
2016-05-05,0.298385203,0,0,0,0,0,0.701614797,0.3315391144,S0|cap=0.2|band=0.01
2016-05-06,0.298385203,0,0,0,0,0,0.701614797,0.3315391144,S0|cap=0.2|band=0.01
2016-05-09,0.298385203,0,0,0,0,0,0.701614797,0.3315391144,S0|cap=0.2|band=0.01
2016-05-10,0.298385203,0,0,0,0,0,0.701614797,0.3315391144,S0|cap=0.2|band=0.01
2016-05-11,0.298385203,0,0,0,0,0,0.701614797,0.3315391144,S0|cap=0.2|band=0.01
2016-05-12,0.298385203,0,0,0,0,0,0.701614797,0.3315391144,S0|cap=0.2|band=0.01
2016-05-13,0.298385203,0,0,0,0,0,0.701614797,0.3315391144,S0|cap=0.2|band=0.01
2016-05-16,0.7977210976,0,0,0,0,0,0.2022789024,0.8863567751,S0|cap=0.2|band=0.01
2016-05-17,0.7836987289,0,0,0,0,0,0.2163012711,0.8707763655,S0|cap=0.2|band=0.01
2016-05-18,0.7576931279,0,0,0,0,0,0.2423068721,0.8418812532,S0|cap=0.2|band=0.01
2016-05-19,0.6834408184,0,0,0,0,0,0.3165591816,0.7593786871,S0|cap=0.2|band=0.01
2016-05-20,0.6735180466,0,0,0,0,0,0.3264819534,0.7483533852,S0|cap=0.2|band=0.01
2016-05-23,0.6538852216,0,0,0,0,0,0.3461147784,0.7265391351,S0|cap=0.2|band=0.01
2016-05-24,0.6500394943,0,0,0,0,0,0.3499605057,0.7222661048,S0|cap=0.2|band=0.01
2016-05-25,0.6500394943,0,0,0,0,0,0.3499605057,0.7222661048,S0|cap=0.2|band=0.01
2016-05-26,0.6500394943,0,0,0,0,0,0.3499605057,0.7222661048,S0|cap=0.2|band=0.01
2016-05-27,0.6500394943,0,0,0,0,0,0.3499605057,0.7222661048,S0|cap=0.2|band=0.01
2016-05-30,0.6500394943,0,0,0,0,0,0.3499605057,0.7222661048,S0|cap=0.2|band=0.01
2016-05-31,0.6500394943,0,0,0,0,0,0.3499605057,0.7222661048,S0|cap=0.2|band=0.01
2016-06-01,0.6500394943,0,0,0,0,0,0.3499605057,0.7222661048,S0|cap=0.2|band=0.01
2016-06-02,0.6500394943,0,0,0,0,0,0.3499605057,0.7222661048,S0|cap=0.2|band=0.01
2016-06-03,0.6500394943,0,0,0,0,0,0.3499605057,0.7222661048,S0|cap=0.2|band=0.01
2016-06-06,0.6500394943,0,0,0,0,0,0.3499605057,0.7222661048,S0|cap=0.2|band=0.01
2016-06-07,0.6500394943,0,0,0,0,0,0.3499605057,0.7222661048,S0|cap=0.2|band=0.01
2016-06-08,0.6500394943,0,0,0,0,0,0.3499605057,0.7222661048,S0|cap=0.2|band=0.01
2016-06-09,0.6500394943,0,0,0,0,0,0.3499605057,0.7222661048,S0|cap=0.2|band=0.01
2016-06-10,0.6500394943,0,0,0,0,0,0.3499605057,0.7222661048,S0|cap=0.2|band=0.01
2016-06-13,0.6500394943,0,0,0,0,0,0.3499605057,0.7222661048,S0|cap=0.2|band=0.01
2016-06-14,0.6500394943,0,0,0,0,0,0.3499605057,0.7222661048,S0|cap=0.2|band=0.01
2016-06-15,0.6500394943,0,0,0,0,0,0.3499605057,0.7222661048,S0|cap=0.2|band=0.01
2016-06-16,0.6500394943,0,0,0,0,0,0.3499605057,0.7222661048,S0|cap=0.2|band=0.01
2016-06-17,0.6500394943,0,0,0,0,0,0.3499605057,0.7222661048,S0|cap=0.2|band=0.01
2016-06-20,0.6500394943,0,0,0,0,0,0.3499605057,0.7222661048,S0|cap=0.2|band=0.01
2016-06-21,0.6500394943,0,0,0,0,0,0.3499605057,0.7222661048,S0|cap=0.2|band=0.01
2016-06-22,0.6500394943,0,0,0,0,0,0.3499605057,0.7222661048,S0|cap=0.2|band=0.01
2016-06-23,0.6500394943,0,0,0,0,0,0.3499605057,0.7222661048,S0|cap=0.2|band=0.01
2016-06-24,0.6500394943,0,0,0,0,0,0.3499605057,0.7222661048,S0|cap=0.2|band=0.01
2016-06-27,0.6500394943,0,0,0,0,0,0.3499605057,0.7222661048,S0|cap=0.2|band=0.01
2016-06-28,0.6500394943,0,0,0,0,0,0.3499605057,0.7222661048,S0|cap=0.2|band=0.01
2016-06-29,0.6500394943,0,0,0,0,0,0.3499605057,0.7222661048,S0|cap=0.2|band=0.01
2016-06-30,0.6500394943,0,0,0,0,0,0.3499605057,0.7222661048,S0|cap=0.2|band=0.01
2016-07-01,0.6500394943,0,0,0,0,0,0.3499605057,0.7222661048,S0|cap=0.2|band=0.01
2016-07-04,0.6500394943,0,0,0,0,0,0.3499605057,0.7222661048,S0|cap=0.2|band=0.01
2016-07-05,0.6500394943,0,0,0,0,0,0.3499605057,0.7222661048,S0|cap=0.2|band=0.01
2016-07-07,0.6500394943,0,0,0,0,0,0.3499605057,0.7222661048,S0|cap=0.2|band=0.01
2016-07-08,0.6500394943,0,0,0,0,0,0.3499605057,0.7222661048,S0|cap=0.2|band=0.01
2016-07-11,0.6500394943,0,0,0,0,0,0.3499605057,0.7222661048,S0|cap=0.2|band=0.01
2016-07-12,0.6500394943,0,0,0,0,0,0.3499605057,0.7222661048,S0|cap=0.2|band=0.01
2016-07-13,0.6500394943,0,0,0,0,0,0.3499605057,0.7222661048,S0|cap=0.2|band=0.01
2016-07-14,0.6500394943,0,0,0,0,0,0.3499605057,0.7222661048,S0|cap=0.2|band=0.01
2016-07-15,0.6500394943,0,0,0,0,0,0.3499605057,0.7222661048,S0|cap=0.2|band=0.01
2016-07-18,0.6500394943,0,0,0,0,0,0.3499605057,0.7222661048,S0|cap=0.2|band=0.01
2016-07-19,0.6500394943,0,0,0,0,0,0.3499605057,0.7222661048,S0|cap=0.2|band=0.01
2016-07-20,0.6500394943,0,0,0,0,0,0.3499605057,0.7222661048,S0|cap=0.2|band=0.01
2016-07-21,0.6500394943,0,0,0,0,0,0.3499605057,0.7222661048,S0|cap=0.2|band=0.01
2016-07-22,0.6500394943,0,0,0,0,0,0.3499605057,0.7222661048,S0|cap=0.2|band=0.01
2016-07-25,0.6500394943,0,0,0,0,0,0.3499605057,0.7222661048,S0|cap=0.2|band=0.01
2016-07-26,0.6500394943,0,0,0,0,0,0.3499605057,0.7222661048,S0|cap=0.2|band=0.01
2016-07-27,0.6500394943,0,0,0,0,0,0.3499605057,0.7222661048,S0|cap=0.2|band=0.01
2016-07-28,0.6500394943,0,0,0,0,0,0.3499605057,0.7222661048,S0|cap=0.2|band=0.01
2016-07-29,0.6500394943,0,0,0,0,0,0.3499605057,0.7222661048,S0|cap=0.2|band=0.01
2016-08-01,0.6500394943,0,0,0,0,0,0.3499605057,0.7222661048,S0|cap=0.2|band=0.01
2016-08-02,0.6500394943,0,0,0,0,0,0.3499605057,0.7222661048,S0|cap=0.2|band=0.01
2016-08-03,0.6500394943,0,0,0,0,0,0.3499605057,0.7222661048,S0|cap=0.2|band=0.01
2016-08-04,0.6500394943,0,0,0,0,0,0.3499605057,0.7222661048,S0|cap=0.2|band=0.01
2016-08-05,0.6500394943,0,0,0,0,0,0.3499605057,0.7222661048,S0|cap=0.2|band=0.01
2016-08-08,0.6500394943,0,0,0,0,0,0.3499605057,0.7222661048,S0|cap=0.2|band=0.01
2016-08-09,0.6500394943,0,0,0,0,0,0.3499605057,0.7222661048,S0|cap=0.2|band=0.01
2016-08-10,0.6500394943,0,0,0,0,0,0.3499605057,0.7222661048,S0|cap=0.2|band=0.01
2016-08-11,0.6500394943,0,0,0,0,0,0.3499605057,0.7222661048,S0|cap=0.2|band=0.01
2016-08-12,0.6500394943,0,0,0,0,0,0.3499605057,0.7222661048,S0|cap=0.2|band=0.01
2016-08-16,0.6500394943,0,0,0,0,0,0.3499605057,0.7222661048,S0|cap=0.2|band=0.01
2016-08-17,0.6500394943,0,0,0,0,0,0.3499605057,0.7222661048,S0|cap=0.2|band=0.01
2016-08-18,0.9,0,0,0,0,0,0.1,1,S0|cap=0.2|band=0.01
2016-08-19,0.9,0,0,0,0,0,0.1,1,S0|cap=0.2|band=0.01
2016-08-22,0.9,0,0,0,0,0,0.1,1,S0|cap=0.2|band=0.01
2016-08-23,0.9,0,0,0,0,0,0.1,1,S0|cap=0.2|band=0.01
2016-08-24,0.9,0,0,0,0,0,0.1,1,S0|cap=0.2|band=0.01
2016-08-25,0.9,0,0,0,0,0,0.1,1,S0|cap=0.2|band=0.01
2016-08-26,0.9,0,0,0,0,0,0.1,1,S0|cap=0.2|band=0.01
2016-08-29,0.9,0,0,0,0,0,0.1,1,S0|cap=0.2|band=0.01
2016-08-30,0.9,0,0,0,0,0,0.1,1,S0|cap=0.2|band=0.01
2016-08-31,0.9,0,0,0,0,0,0.1,1,S0|cap=0.2|band=0.01
2016-09-01,0.9,0,0,0,0,0,0.1,1,S0|cap=0.2|band=0.01
2016-09-02,0.9,0,0,0,0,0,0.1,1,S0|cap=0.2|band=0.01
2016-09-06,0.9,0,0,0,0,0,0.1,1,S0|cap=0.2|band=0.01
2016-09-07,0.9,0,0,0,0,0,0.1,1,S0|cap=0.2|band=0.01
2016-09-08,0.9,0,0,0,0,0,0.1,1,S0|cap=0.2|band=0.01
2016-09-09,0.9,0,0,0,0,0,0.1,1,S0|cap=0.2|band=0.01
2016-09-12,0.9,0,0,0,0,0,0.1,1,S0|cap=0.2|band=0.01
2016-09-14,0.9,0,0,0,0,0,0.1,1,S0|cap=0.2|band=0.01
2016-09-15,0.9,0,0,0,0,0,0.1,1,S0|cap=0.2|band=0.01
2016-09-16,0.9,0,0,0,0,0,0.1,1,S0|cap=0.2|band=0.01
2016-09-19,0.9,0,0,0,0,0,0.1,1,S0|cap=0.2|band=0.01
2016-09-20,0.9,0,0,0,0,0,0.1,1,S0|cap=0.2|band=0.01
2016-09-21,0.9,0,0,0,0,0,0.1,1,S0|cap=0.2|band=0.01
2016-09-22,0.9,0,0,0,0,0,0.1,1,S0|cap=0.2|band=0.01
2016-09-23,0.9,0,0,0,0,0,0.1,1,S0|cap=0.2|band=0.01
2016-09-26,0.9,0,0,0,0,0,0.1,1,S0|cap=0.2|band=0.01
2016-09-27,0.9,0,0,0,0,0,0.1,1,S0|cap=0.2|band=0.01
2016-09-28,0.9,0,0,0,0,0,0.1,1,S0|cap=0.2|band=0.01
2016-09-29,0.9,0,0,0,0,0,0.1,1,S0|cap=0.2|band=0.01
2016-09-30,0.9,0,0,0,0,0,0.1,1,S0|cap=0.2|band=0.01
2016-10-03,0.9,0,0,0,0,0,0.1,1,S0|cap=0.2|band=0.01
2016-10-04,0.9,0,0,0,0,0,0.1,1,S0|cap=0.2|band=0.01
2016-10-05,0.9,0,0,0,0,0,0.1,1,S0|cap=0.2|band=0.01
2016-10-06,0.9,0,0,0,0,0,0.1,1,S0|cap=0.2|band=0.01
2016-10-07,0.9,0,0,0,0,0,0.1,1,S0|cap=0.2|band=0.01
2016-10-10,0.9,0,0,0,0,0,0.1,1,S0|cap=0.2|band=0.01
2016-10-13,0.9,0,0,0,0,0,0.1,1,S0|cap=0.2|band=0.01
2016-10-14,0.9,0,0,0,0,0,0.1,1,S0|cap=0.2|band=0.01
2016-10-17,0.9,0,0,0,0,0,0.1,1,S0|cap=0.2|band=0.01
2016-10-18,0.9,0,0,0,0,0,0.1,1,S0|cap=0.2|band=0.01
2016-10-19,0.9,0,0,0,0,0,0.1,1,S0|cap=0.2|band=0.01
2016-10-20,0.9,0,0,0,0,0,0.1,1,S0|cap=0.2|band=0.01
2016-10-21,0.9,0,0,0,0,0,0.1,1,S0|cap=0.2|band=0.01
2016-10-24,0.9,0,0,0,0,0,0.1,1,S0|cap=0.2|band=0.01
2016-10-25,0.9,0,0,0,0,0,0.1,1,S0|cap=0.2|band=0.01
2016-10-26,0.9,0,0,0,0,0,0.1,1,S0|cap=0.2|band=0.01
2016-10-27,0.9,0,0,0,0,0,0.1,1,S0|cap=0.2|band=0.01
2016-10-28,0.9,0,0,0,0,0,0.1,1,S0|cap=0.2|band=0.01
2016-10-30,0.9,0,0,0,0,0,0.1,1,S0|cap=0.2|band=0.01
2016-11-01,0.9,0,0,0,0,0,0.1,1,S0|cap=0.2|band=0.01
2016-11-02,0.9,0,0,0,0,0,0.1,1,S0|cap=0.2|band=0.01
2016-11-03,0.9,0,0,0,0,0,0.1,1,S0|cap=0.2|band=0.01
2016-11-04,0.9,0,0,0,0,0,0.1,1,S0|cap=0.2|band=0.01
2016-11-07,0.9,0,0,0,0,0,0.1,1,S0|cap=0.2|band=0.01
2016-11-08,0.9,0,0,0,0,0,0.1,1,S0|cap=0.2|band=0.01
2016-11-09,0.9,0,0,0,0,0,0.1,1,S0|cap=0.2|band=0.01
2016-11-10,0.9,0,0,0,0,0,0.1,1,S0|cap=0.2|band=0.01
2016-11-11,0.9,0,0,0,0,0,0.1,1,S0|cap=0.2|band=0.01
2016-11-15,0.9,0,0,0,0,0,0.1,1,S0|cap=0.2|band=0.01
2016-11-16,0.9,0,0,0,0,0,0.1,1,S0|cap=0.2|band=0.01
2016-11-17,0.9,0,0,0,0,0,0.1,1,S0|cap=0.2|band=0.01
2016-11-18,0.9,0,0,0,0,0,0.1,1,S0|cap=0.2|band=0.01
2016-11-21,0.7647423799,0,0,0,0,0,0.2352576201,0.8497137555,S0|cap=0.2|band=0.01
2016-11-22,0.7647423799,0,0,0,0,0,0.2352576201,0.8497137555,S0|cap=0.2|band=0.01
2016-11-23,0.7647423799,0,0,0,0,0,0.2352576201,0.8497137555,S0|cap=0.2|band=0.01
2016-11-24,0.7647423799,0,0,0,0,0,0.2352576201,0.8497137555,S0|cap=0.2|band=0.01
2016-11-25,0.7647423799,0,0,0,0,0,0.2352576201,0.8497137555,S0|cap=0.2|band=0.01
2016-11-28,0.7647423799,0,0,0,0,0,0.2352576201,0.8497137555,S0|cap=0.2|band=0.01
2016-11-29,0.7647423799,0,0,0,0,0,0.2352576201,0.8497137555,S0|cap=0.2|band=0.01
2016-11-30,0.7647423799,0,0,0,0,0,0.2352576201,0.8497137555,S0|cap=0.2|band=0.01
2016-12-01,0.7647423799,0,0,0,0,0,0.2352576201,0.8497137555,S0|cap=0.2|band=0.01
2016-12-02,0.7647423799,0,0,0,0,0,0.2352576201,0.8497137555,S0|cap=0.2|band=0.01
2016-12-05,0.7647423799,0,0,0,0,0,0.2352576201,0.8497137555,S0|cap=0.2|band=0.01
2016-12-06,0.7647423799,0,0,0,0,0,0.2352576201,0.8497137555,S0|cap=0.2|band=0.01
2016-12-07,0.7647423799,0,0,0,0,0,0.2352576201,0.8497137555,S0|cap=0.2|band=0.01
2016-12-08,0.7647423799,0,0,0,0,0,0.2352576201,0.8497137555,S0|cap=0.2|band=0.01
2016-12-09,0.7647423799,0,0,0,0,0,0.2352576201,0.8497137555,S0|cap=0.2|band=0.01
2016-12-12,0.7647423799,0,0,0,0,0,0.2352576201,0.8497137555,S0|cap=0.2|band=0.01
2016-12-13,0.7647423799,0,0,0,0,0,0.2352576201,0.8497137555,S0|cap=0.2|band=0.01
2016-12-14,0.7647423799,0,0,0,0,0,0.2352576201,0.8497137555,S0|cap=0.2|band=0.01
2016-12-15,0.7647423799,0,0,0,0,0,0.2352576201,0.8497137555,S0|cap=0.2|band=0.01
2016-12-16,0.7647423799,0,0,0,0,0,0.2352576201,0.8497137555,S0|cap=0.2|band=0.01
2016-12-19,0.7647423799,0,0,0,0,0,0.2352576201,0.8497137555,S0|cap=0.2|band=0.01
2016-12-20,0.7647423799,0,0,0,0,0,0.2352576201,0.8497137555,S0|cap=0.2|band=0.01
2016-12-21,0.7647423799,0,0,0,0,0,0.2352576201,0.8497137555,S0|cap=0.2|band=0.01
2016-12-22,0.7647423799,0,0,0,0,0,0.2352576201,0.8497137555,S0|cap=0.2|band=0.01
2016-12-23,0.7647423799,0,0,0,0,0,0.2352576201,0.8497137555,S0|cap=0.2|band=0.01
2016-12-26,0.7336800578,0,0,0,0,0,0.2663199422,0.8152000642,S0|cap=0.2|band=0.01
2016-12-27,0.7336800578,0,0,0,0,0,0.2663199422,0.8152000642,S0|cap=0.2|band=0.01
2016-12-28,0.7336800578,0,0,0,0,0,0.2663199422,0.8152000642,S0|cap=0.2|band=0.01
2016-12-29,0.7336800578,0,0,0,0,0,0.2663199422,0.8152000642,S0|cap=0.2|band=0.01
2016-12-30,0.7336800578,0,0,0,0,0,0.2663199422,0.8152000642,S0|cap=0.2|band=0.01
2017-01-02,0.7336800578,0,0,0,0,0,0.2663199422,0.8152000642,S0|cap=0.2|band=0.01
2017-01-03,0.7336800578,0,0,0,0,0,0.2663199422,0.8152000642,S0|cap=0.2|band=0.01
2017-01-04,0.7336800578,0,0,0,0,0,0.2663199422,0.8152000642,S0|cap=0.2|band=0.01
2017-01-05,0.7336800578,0,0,0,0,0,0.2663199422,0.8152000642,S0|cap=0.2|band=0.01
2017-01-06,0.7336800578,0,0,0,0,0,0.2663199422,0.8152000642,S0|cap=0.2|band=0.01
2017-01-09,0.7336800578,0,0,0,0,0,0.2663199422,0.8152000642,S0|cap=0.2|band=0.01
2017-01-10,0.7336800578,0,0,0,0,0,0.2663199422,0.8152000642,S0|cap=0.2|band=0.01
2017-01-11,0.7336800578,0,0,0,0,0,0.2663199422,0.8152000642,S0|cap=0.2|band=0.01
2017-01-12,0.7336800578,0,0,0,0,0,0.2663199422,0.8152000642,S0|cap=0.2|band=0.01
2017-01-13,0.7336800578,0,0,0,0,0,0.2663199422,0.8152000642,S0|cap=0.2|band=0.01
2017-01-16,0.7336800578,0,0,0,0,0,0.2663199422,0.8152000642,S0|cap=0.2|band=0.01
2017-01-17,0.7336800578,0,0,0,0,0,0.2663199422,0.8152000642,S0|cap=0.2|band=0.01
2017-01-18,0.7336800578,0,0,0,0,0,0.2663199422,0.8152000642,S0|cap=0.2|band=0.01
2017-01-19,0.7336800578,0,0,0,0,0,0.2663199422,0.8152000642,S0|cap=0.2|band=0.01
2017-01-20,0.7336800578,0,0,0,0,0,0.2663199422,0.8152000642,S0|cap=0.2|band=0.01
2017-01-23,0.7336800578,0,0,0,0,0,0.2663199422,0.8152000642,S0|cap=0.2|band=0.01
2017-01-24,0.7336800578,0,0,0,0,0,0.2663199422,0.8152000642,S0|cap=0.2|band=0.01
2017-01-25,0.7336800578,0,0,0,0,0,0.2663199422,0.8152000642,S0|cap=0.2|band=0.01
2017-01-27,0.7336800578,0,0,0,0,0,0.2663199422,0.8152000642,S0|cap=0.2|band=0.01
2017-01-30,0.7336800578,0,0,0,0,0,0.2663199422,0.8152000642,S0|cap=0.2|band=0.01
2017-01-31,0.7336800578,0,0,0,0,0,0.2663199422,0.8152000642,S0|cap=0.2|band=0.01
2017-02-01,0.7336800578,0,0,0,0,0,0.2663199422,0.8152000642,S0|cap=0.2|band=0.01
2017-02-02,0.7336800578,0,0,0,0,0,0.2663199422,0.8152000642,S0|cap=0.2|band=0.01
2017-02-03,0.7336800578,0,0,0,0,0,0.2663199422,0.8152000642,S0|cap=0.2|band=0.01
2017-02-06,0.7336800578,0,0,0,0,0,0.2663199422,0.8152000642,S0|cap=0.2|band=0.01
2017-02-07,0.7336800578,0,0,0,0,0,0.2663199422,0.8152000642,S0|cap=0.2|band=0.01
2017-02-08,0.7336800578,0,0,0,0,0,0.2663199422,0.8152000642,S0|cap=0.2|band=0.01
2017-02-09,0.7336800578,0,0,0,0,0,0.2663199422,0.8152000642,S0|cap=0.2|band=0.01
2017-02-10,0.7336800578,0,0,0,0,0,0.2663199422,0.8152000642,S0|cap=0.2|band=0.01
2017-02-13,0.7336800578,0,0,0,0,0,0.2663199422,0.8152000642,S0|cap=0.2|band=0.01
2017-02-14,0.7336800578,0,0,0,0,0,0.2663199422,0.8152000642,S0|cap=0.2|band=0.01
2017-02-15,0.7336800578,0,0,0,0,0,0.2663199422,0.8152000642,S0|cap=0.2|band=0.01
2017-02-16,0.7336800578,0,0,0,0,0,0.2663199422,0.8152000642,S0|cap=0.2|band=0.01
2017-02-17,0.7336800578,0,0,0,0,0,0.2663199422,0.8152000642,S0|cap=0.2|band=0.01
2017-02-20,0.7336800578,0,0,0,0,0,0.2663199422,0.8152000642,S0|cap=0.2|band=0.01
2017-02-21,0.7336800578,0,0,0,0,0,0.2663199422,0.8152000642,S0|cap=0.2|band=0.01
2017-02-22,0.7336800578,0,0,0,0,0,0.2663199422,0.8152000642,S0|cap=0.2|band=0.01
2017-02-23,0.7336800578,0,0,0,0,0,0.2663199422,0.8152000642,S0|cap=0.2|band=0.01
2017-02-27,0.7336800578,0,0,0,0,0,0.2663199422,0.8152000642,S0|cap=0.2|band=0.01
2017-02-28,0.7336800578,0,0,0,0,0,0.2663199422,0.8152000642,S0|cap=0.2|band=0.01
2017-03-01,0.7336800578,0,0,0,0,0,0.2663199422,0.8152000642,S0|cap=0.2|band=0.01
2017-03-02,0.7336800578,0,0,0,0,0,0.2663199422,0.8152000642,S0|cap=0.2|band=0.01
2017-03-03,0.7336800578,0,0,0,0,0,0.2663199422,0.8152000642,S0|cap=0.2|band=0.01
2017-03-06,0.7336800578,0,0,0,0,0,0.2663199422,0.8152000642,S0|cap=0.2|band=0.01
2017-03-07,0.7336800578,0,0,0,0,0,0.2663199422,0.8152000642,S0|cap=0.2|band=0.01
2017-03-08,0.7336800578,0,0,0,0,0,0.2663199422,0.8152000642,S0|cap=0.2|band=0.01
2017-03-09,0.7336800578,0,0,0,0,0,0.2663199422,0.8152000642,S0|cap=0.2|band=0.01
2017-03-10,0.7336800578,0,0,0,0,0,0.2663199422,0.8152000642,S0|cap=0.2|band=0.01
2017-03-14,0.7336800578,0,0,0,0,0,0.2663199422,0.8152000642,S0|cap=0.2|band=0.01
2017-03-15,0.7336800578,0,0,0,0,0,0.2663199422,0.8152000642,S0|cap=0.2|band=0.01
2017-03-16,0.7336800578,0,0,0,0,0,0.2663199422,0.8152000642,S0|cap=0.2|band=0.01
2017-03-17,0.7336800578,0,0,0,0,0,0.2663199422,0.8152000642,S0|cap=0.2|band=0.01
2017-03-20,0.7336800578,0,0,0,0,0,0.2663199422,0.8152000642,S0|cap=0.2|band=0.01
2017-03-21,0.7336800578,0,0,0,0,0,0.2663199422,0.8152000642,S0|cap=0.2|band=0.01
2017-03-22,0.7336800578,0,0,0,0,0,0.2663199422,0.8152000642,S0|cap=0.2|band=0.01
2017-03-23,0.9,0,0,0,0,0,0.1,1,S0|cap=0.2|band=0.01
2017-03-24,0.9,0,0,0,0,0,0.1,1,S0|cap=0.2|band=0.01
2017-03-27,0.9,0,0,0,0,0,0.1,1,S0|cap=0.2|band=0.01
2017-03-28,0.9,0,0,0,0,0,0.1,1,S0|cap=0.2|band=0.01
2017-03-29,0.9,0,0,0,0,0,0.1,1,S0|cap=0.2|band=0.01
2017-03-30,0.9,0,0,0,0,0,0.1,1,S0|cap=0.2|band=0.01
2017-03-31,0.9,0,0,0,0,0,0.1,1,S0|cap=0.2|band=0.01
2017-04-03,0.9,0,0,0,0,0,0.1,1,S0|cap=0.2|band=0.01
2017-04-05,0.9,0,0,0,0,0,0.1,1,S0|cap=0.2|band=0.01
2017-04-06,0.9,0,0,0,0,0,0.1,1,S0|cap=0.2|band=0.01
2017-04-07,0.9,0,0,0,0,0,0.1,1,S0|cap=0.2|band=0.01
2017-04-10,0.9,0,0,0,0,0,0.1,1,S0|cap=0.2|band=0.01
2017-04-11,0.9,0,0,0,0,0,0.1,1,S0|cap=0.2|band=0.01
2017-04-12,0.9,0,0,0,0,0,0.1,1,S0|cap=0.2|band=0.01
2017-04-13,0.9,0,0,0,0,0,0.1,1,S0|cap=0.2|band=0.01
2017-04-17,0.9,0,0,0,0,0,0.1,1,S0|cap=0.2|band=0.01
2017-04-18,0.9,0,0,0,0,0,0.1,1,S0|cap=0.2|band=0.01
2017-04-19,0.9,0,0,0,0,0,0.1,1,S0|cap=0.2|band=0.01
2017-04-20,0.9,0,0,0,0,0,0.1,1,S0|cap=0.2|band=0.01
2017-04-21,0.9,0,0,0,0,0,0.1,1,S0|cap=0.2|band=0.01
2017-04-24,0.9,0,0,0,0,0,0.1,1,S0|cap=0.2|band=0.01
2017-04-25,0.9,0,0,0,0,0,0.1,1,S0|cap=0.2|band=0.01
2017-04-26,0.9,0,0,0,0,0,0.1,1,S0|cap=0.2|band=0.01
2017-04-27,0.9,0,0,0,0,0,0.1,1,S0|cap=0.2|band=0.01
2017-04-28,0.9,0,0,0,0,0,0.1,1,S0|cap=0.2|band=0.01
2017-05-02,0.9,0,0,0,0,0,0.1,1,S0|cap=0.2|band=0.01
2017-05-03,0.9,0,0,0,0,0,0.1,1,S0|cap=0.2|band=0.01
2017-05-04,0.9,0,0,0,0,0,0.1,1,S0|cap=0.2|band=0.01
2017-05-05,0.9,0,0,0,0,0,0.1,1,S0|cap=0.2|band=0.01
2017-05-08,0.9,0,0,0,0,0,0.1,1,S0|cap=0.2|band=0.01
2017-05-09,0.9,0,0,0,0,0,0.1,1,S0|cap=0.2|band=0.01
2017-05-10,0.9,0,0,0,0,0,0.1,1,S0|cap=0.2|band=0.01
2017-05-11,0.9,0,0,0,0,0,0.1,1,S0|cap=0.2|band=0.01
2017-05-12,0.9,0,0,0,0,0,0.1,1,S0|cap=0.2|band=0.01
2017-05-15,0.9,0,0,0,0,0,0.1,1,S0|cap=0.2|band=0.01
2017-05-16,0.9,0,0,0,0,0,0.1,1,S0|cap=0.2|band=0.01
2017-05-17,0.9,0,0,0,0,0,0.1,1,S0|cap=0.2|band=0.01
2017-05-18,0.9,0,0,0,0,0,0.1,1,S0|cap=0.2|band=0.01
2017-05-19,0.9,0,0,0,0,0,0.1,1,S0|cap=0.2|band=0.01
2017-05-22,0.9,0,0,0,0,0,0.1,1,S0|cap=0.2|band=0.01
2017-05-23,0.9,0,0,0,0,0,0.1,1,S0|cap=0.2|band=0.01
2017-05-24,0.9,0,0,0,0,0,0.1,1,S0|cap=0.2|band=0.01
2017-05-25,0.9,0,0,0,0,0,0.1,1,S0|cap=0.2|band=0.01
2017-05-26,0.9,0,0,0,0,0,0.1,1,S0|cap=0.2|band=0.01
2017-05-29,0.9,0,0,0,0,0,0.1,1,S0|cap=0.2|band=0.01
2017-05-30,0.9,0,0,0,0,0,0.1,1,S0|cap=0.2|band=0.01
2017-05-31,0.9,0,0,0,0,0,0.1,1,S0|cap=0.2|band=0.01
2017-06-01,0.9,0,0,0,0,0,0.1,1,S0|cap=0.2|band=0.01
2017-06-02,0.9,0,0,0,0,0,0.1,1,S0|cap=0.2|band=0.01
2017-06-05,0.9,0,0,0,0,0,0.1,1,S0|cap=0.2|band=0.01
2017-06-06,0.9,0,0,0,0,0,0.1,1,S0|cap=0.2|band=0.01
2017-06-07,0.9,0,0,0,0,0,0.1,1,S0|cap=0.2|band=0.01
2017-06-08,0.9,0,0,0,0,0,0.1,1,S0|cap=0.2|band=0.01
2017-06-09,0.9,0,0,0,0,0,0.1,1,S0|cap=0.2|band=0.01
2017-06-12,0.9,0,0,0,0,0,0.1,1,S0|cap=0.2|band=0.01
2017-06-13,0.9,0,0,0,0,0,0.1,1,S0|cap=0.2|band=0.01
2017-06-14,0.9,0,0,0,0,0,0.1,1,S0|cap=0.2|band=0.01
2017-06-15,0.9,0,0,0,0,0,0.1,1,S0|cap=0.2|band=0.01
2017-06-16,0.9,0,0,0,0,0,0.1,1,S0|cap=0.2|band=0.01
2017-06-19,0.9,0,0,0,0,0,0.1,1,S0|cap=0.2|band=0.01
2017-06-20,0.9,0,0,0,0,0,0.1,1,S0|cap=0.2|band=0.01
2017-06-21,0.9,0,0,0,0,0,0.1,1,S0|cap=0.2|band=0.01
2017-06-22,0.9,0,0,0,0,0,0.1,1,S0|cap=0.2|band=0.01
2017-06-23,0.9,0,0,0,0,0,0.1,1,S0|cap=0.2|band=0.01
2017-06-27,0.9,0,0,0,0,0,0.1,1,S0|cap=0.2|band=0.01
2017-06-28,0.9,0,0,0,0,0,0.1,1,S0|cap=0.2|band=0.01
2017-06-29,0.9,0,0,0,0,0,0.1,1,S0|cap=0.2|band=0.01
2017-06-30,0.9,0,0,0,0,0,0.1,1,S0|cap=0.2|band=0.01
2017-07-03,0.9,0,0,0,0,0,0.1,1,S0|cap=0.2|band=0.01
2017-07-04,0.9,0,0,0,0,0,0.1,1,S0|cap=0.2|band=0.01
2017-07-05,0.9,0,0,0,0,0,0.1,1,S0|cap=0.2|band=0.01
2017-07-06,0.9,0,0,0,0,0,0.1,1,S0|cap=0.2|band=0.01
2017-07-07,0.9,0,0,0,0,0,0.1,1,S0|cap=0.2|band=0.01
2017-07-10,0.9,0,0,0,0,0,0.1,1,S0|cap=0.2|band=0.01
2017-07-11,0.9,0,0,0,0,0,0.1,1,S0|cap=0.2|band=0.01
2017-07-12,0.9,0,0,0,0,0,0.1,1,S0|cap=0.2|band=0.01
2017-07-13,0.9,0,0,0,0,0,0.1,1,S0|cap=0.2|band=0.01
2017-07-14,0.9,0,0,0,0,0,0.1,1,S0|cap=0.2|band=0.01
2017-07-17,0.9,0,0,0,0,0,0.1,1,S0|cap=0.2|band=0.01
2017-07-18,0.9,0,0,0,0,0,0.1,1,S0|cap=0.2|band=0.01
2017-07-19,0.9,0,0,0,0,0,0.1,1,S0|cap=0.2|band=0.01
2017-07-20,0.9,0,0,0,0,0,0.1,1,S0|cap=0.2|band=0.01
2017-07-21,0.9,0,0,0,0,0,0.1,1,S0|cap=0.2|band=0.01
2017-07-24,0.9,0,0,0,0,0,0.1,1,S0|cap=0.2|band=0.01
2017-07-25,0.9,0,0,0,0,0,0.1,1,S0|cap=0.2|band=0.01
2017-07-26,0.9,0,0,0,0,0,0.1,1,S0|cap=0.2|band=0.01
2017-07-27,0.9,0,0,0,0,0,0.1,1,S0|cap=0.2|band=0.01
2017-07-28,0.9,0,0,0,0,0,0.1,1,S0|cap=0.2|band=0.01
2017-07-31,0.9,0,0,0,0,0,0.1,1,S0|cap=0.2|band=0.01
2017-08-01,0.9,0,0,0,0,0,0.1,1,S0|cap=0.2|band=0.01
2017-08-02,0.9,0,0,0,0,0,0.1,1,S0|cap=0.2|band=0.01
2017-08-03,0.9,0,0,0,0,0,0.1,1,S0|cap=0.2|band=0.01
2017-08-04,0.9,0,0,0,0,0,0.1,1,S0|cap=0.2|band=0.01
2017-08-07,0.9,0,0,0,0,0,0.1,1,S0|cap=0.2|band=0.01
2017-08-08,0.9,0,0,0,0,0,0.1,1,S0|cap=0.2|band=0.01
2017-08-09,0.9,0,0,0,0,0,0.1,1,S0|cap=0.2|band=0.01
2017-08-10,0.9,0,0,0,0,0,0.1,1,S0|cap=0.2|band=0.01
2017-08-11,0.9,0,0,0,0,0,0.1,1,S0|cap=0.2|band=0.01
2017-08-14,0.9,0,0,0,0,0,0.1,1,S0|cap=0.2|band=0.01
2017-08-16,0.9,0,0,0,0,0,0.1,1,S0|cap=0.2|band=0.01
2017-08-17,0.9,0,0,0,0,0,0.1,1,S0|cap=0.2|band=0.01
2017-08-18,0.9,0,0,0,0,0,0.1,1,S0|cap=0.2|band=0.01
2017-08-21,0.9,0,0,0,0,0,0.1,1,S0|cap=0.2|band=0.01
2017-08-22,0.9,0,0,0,0,0,0.1,1,S0|cap=0.2|band=0.01
2017-08-23,0.9,0,0,0,0,0,0.1,1,S0|cap=0.2|band=0.01
2017-08-24,0.9,0,0,0,0,0,0.1,1,S0|cap=0.2|band=0.01
2017-08-28,0.9,0,0,0,0,0,0.1,1,S0|cap=0.2|band=0.01
2017-08-29,0.9,0,0,0,0,0,0.1,1,S0|cap=0.2|band=0.01
2017-08-30,0.9,0,0,0,0,0,0.1,1,S0|cap=0.2|band=0.01
2017-08-31,0.9,0,0,0,0,0,0.1,1,S0|cap=0.2|band=0.01
2017-09-01,0.9,0,0,0,0,0,0.1,1,S0|cap=0.2|band=0.01
2017-09-04,0.9,0,0,0,0,0,0.1,1,S0|cap=0.2|band=0.01
2017-09-05,0.9,0,0,0,0,0,0.1,1,S0|cap=0.2|band=0.01
2017-09-06,0.9,0,0,0,0,0,0.1,1,S0|cap=0.2|band=0.01
2017-09-07,0.9,0,0,0,0,0,0.1,1,S0|cap=0.2|band=0.01
2017-09-08,0.9,0,0,0,0,0,0.1,1,S0|cap=0.2|band=0.01
2017-09-11,0.9,0,0,0,0,0,0.1,1,S0|cap=0.2|band=0.01
2017-09-12,0.9,0,0,0,0,0,0.1,1,S0|cap=0.2|band=0.01
2017-09-13,0.9,0,0,0,0,0,0.1,1,S0|cap=0.2|band=0.01
2017-09-14,0.9,0,0,0,0,0,0.1,1,S0|cap=0.2|band=0.01
2017-09-15,0.9,0,0,0,0,0,0.1,1,S0|cap=0.2|band=0.01
2017-09-18,0.9,0,0,0,0,0,0.1,1,S0|cap=0.2|band=0.01
2017-09-19,0.9,0,0,0,0,0,0.1,1,S0|cap=0.2|band=0.01
2017-09-20,0.9,0,0,0,0,0,0.1,1,S0|cap=0.2|band=0.01
2017-09-21,0.9,0,0,0,0,0,0.1,1,S0|cap=0.2|band=0.01
2017-09-22,0.9,0,0,0,0,0,0.1,1,S0|cap=0.2|band=0.01
2017-09-25,0.9,0,0,0,0,0,0.1,1,S0|cap=0.2|band=0.01
2017-09-26,0.9,0,0,0,0,0,0.1,1,S0|cap=0.2|band=0.01
2017-09-27,0.9,0,0,0,0,0,0.1,1,S0|cap=0.2|band=0.01
2017-09-28,0.9,0,0,0,0,0,0.1,1,S0|cap=0.2|band=0.01
2017-09-29,0.9,0,0,0,0,0,0.1,1,S0|cap=0.2|band=0.01
2017-10-03,0.9,0,0,0,0,0,0.1,1,S0|cap=0.2|band=0.01
2017-10-04,0.9,0,0,0,0,0,0.1,1,S0|cap=0.2|band=0.01
2017-10-05,0.9,0,0,0,0,0,0.1,1,S0|cap=0.2|band=0.01
2017-10-06,0.9,0,0,0,0,0,0.1,1,S0|cap=0.2|band=0.01
2017-10-09,0.9,0,0,0,0,0,0.1,1,S0|cap=0.2|band=0.01
2017-10-10,0.9,0,0,0,0,0,0.1,1,S0|cap=0.2|band=0.01
2017-10-11,0.9,0,0,0,0,0,0.1,1,S0|cap=0.2|band=0.01
2017-10-12,0.9,0,0,0,0,0,0.1,1,S0|cap=0.2|band=0.01
2017-10-13,0.9,0,0,0,0,0,0.1,1,S0|cap=0.2|band=0.01
2017-10-16,0.9,0,0,0,0,0,0.1,1,S0|cap=0.2|band=0.01
2017-10-17,0.9,0,0,0,0,0,0.1,1,S0|cap=0.2|band=0.01
2017-10-18,0.9,0,0,0,0,0,0.1,1,S0|cap=0.2|band=0.01
2017-10-19,0.9,0,0,0,0,0,0.1,1,S0|cap=0.2|band=0.01
2017-10-23,0.9,0,0,0,0,0,0.1,1,S0|cap=0.2|band=0.01
2017-10-24,0.9,0,0,0,0,0,0.1,1,S0|cap=0.2|band=0.01
2017-10-25,0.9,0,0,0,0,0,0.1,1,S0|cap=0.2|band=0.01
2017-10-26,0.9,0,0,0,0,0,0.1,1,S0|cap=0.2|band=0.01
2017-10-27,0.9,0,0,0,0,0,0.1,1,S0|cap=0.2|band=0.01
2017-10-30,0.9,0,0,0,0,0,0.1,1,S0|cap=0.2|band=0.01
2017-10-31,0.9,0,0,0,0,0,0.1,1,S0|cap=0.2|band=0.01
2017-11-01,0.9,0,0,0,0,0,0.1,1,S0|cap=0.2|band=0.01
2017-11-02,0.9,0,0,0,0,0,0.1,1,S0|cap=0.2|band=0.01
2017-11-03,0.9,0,0,0,0,0,0.1,1,S0|cap=0.2|band=0.01
2017-11-06,0.9,0,0,0,0,0,0.1,1,S0|cap=0.2|band=0.01
2017-11-07,0.9,0,0,0,0,0,0.1,1,S0|cap=0.2|band=0.01
2017-11-08,0.9,0,0,0,0,0,0.1,1,S0|cap=0.2|band=0.01
2017-11-09,0.9,0,0,0,0,0,0.1,1,S0|cap=0.2|band=0.01
2017-11-10,0.9,0,0,0,0,0,0.1,1,S0|cap=0.2|band=0.01
2017-11-13,0.9,0,0,0,0,0,0.1,1,S0|cap=0.2|band=0.01
2017-11-14,0.9,0,0,0,0,0,0.1,1,S0|cap=0.2|band=0.01
2017-11-15,0.9,0,0,0,0,0,0.1,1,S0|cap=0.2|band=0.01
2017-11-16,0.9,0,0,0,0,0,0.1,1,S0|cap=0.2|band=0.01
2017-11-17,0.9,0,0,0,0,0,0.1,1,S0|cap=0.2|band=0.01
2017-11-20,0.9,0,0,0,0,0,0.1,1,S0|cap=0.2|band=0.01
2017-11-21,0.9,0,0,0,0,0,0.1,1,S0|cap=0.2|band=0.01
2017-11-22,0.9,0,0,0,0,0,0.1,1,S0|cap=0.2|band=0.01
2017-11-23,0.9,0,0,0,0,0,0.1,1,S0|cap=0.2|band=0.01
2017-11-24,0.9,0,0,0,0,0,0.1,1,S0|cap=0.2|band=0.01
2017-11-27,0.9,0,0,0,0,0,0.1,1,S0|cap=0.2|band=0.01
2017-11-28,0.9,0,0,0,0,0,0.1,1,S0|cap=0.2|band=0.01
2017-11-29,0.9,0,0,0,0,0,0.1,1,S0|cap=0.2|band=0.01
2017-11-30,0.9,0,0,0,0,0,0.1,1,S0|cap=0.2|band=0.01
2017-12-01,0.9,0,0,0,0,0,0.1,1,S0|cap=0.2|band=0.01
2017-12-04,0.9,0,0,0,0,0,0.1,1,S0|cap=0.2|band=0.01
2017-12-05,0.9,0,0,0,0,0,0.1,1,S0|cap=0.2|band=0.01
2017-12-06,0.9,0,0,0,0,0,0.1,1,S0|cap=0.2|band=0.01
2017-12-07,0.9,0,0,0,0,0,0.1,1,S0|cap=0.2|band=0.01
2017-12-08,0.9,0,0,0,0,0,0.1,1,S0|cap=0.2|band=0.01
2017-12-11,0.9,0,0,0,0,0,0.1,1,S0|cap=0.2|band=0.01
2017-12-12,0.9,0,0,0,0,0,0.1,1,S0|cap=0.2|band=0.01
2017-12-13,0.9,0,0,0,0,0,0.1,1,S0|cap=0.2|band=0.01
2017-12-14,0.9,0,0,0,0,0,0.1,1,S0|cap=0.2|band=0.01
2017-12-15,0.9,0,0,0,0,0,0.1,1,S0|cap=0.2|band=0.01
2017-12-18,0.9,0,0,0,0,0,0.1,1,S0|cap=0.2|band=0.01
2017-12-19,0.9,0,0,0,0,0,0.1,1,S0|cap=0.2|band=0.01
2017-12-20,0.9,0,0,0,0,0,0.1,1,S0|cap=0.2|band=0.01
2017-12-21,0.9,0,0,0,0,0,0.1,1,S0|cap=0.2|band=0.01
2017-12-22,0.9,0,0,0,0,0,0.1,1,S0|cap=0.2|band=0.01
2017-12-26,0.9,0,0,0,0,0,0.1,1,S0|cap=0.2|band=0.01
2017-12-27,0.9,0,0,0,0,0,0.1,1,S0|cap=0.2|band=0.01
2017-12-28,0.9,0,0,0,0,0,0.1,1,S0|cap=0.2|band=0.01
2017-12-29,0.9,0,0,0,0,0,0.1,1,S0|cap=0.2|band=0.01
2018-01-01,0.9,0,0,0,0,0,0.1,1,S0|cap=0.2|band=0.01
2018-01-02,0.9,0,0,0,0,0,0.1,1,S0|cap=0.2|band=0.01
2018-01-03,0.9,0,0,0,0,0,0.1,1,S0|cap=0.2|band=0.01
2018-01-04,0.9,0,0,0,0,0,0.1,1,S0|cap=0.2|band=0.01
2018-01-05,0.9,0,0,0,0,0,0.1,1,S0|cap=0.2|band=0.01
2018-01-08,0.9,0,0,0,0,0,0.1,1,S0|cap=0.2|band=0.01
2018-01-09,0.9,0,0,0,0,0,0.1,1,S0|cap=0.2|band=0.01
2018-01-10,0.9,0,0,0,0,0,0.1,1,S0|cap=0.2|band=0.01
2018-01-11,0.9,0,0,0,0,0,0.1,1,S0|cap=0.2|band=0.01
2018-01-12,0.9,0,0,0,0,0,0.1,1,S0|cap=0.2|band=0.01
2018-01-15,0.9,0,0,0,0,0,0.1,1,S0|cap=0.2|band=0.01
2018-01-16,0.9,0,0,0,0,0,0.1,1,S0|cap=0.2|band=0.01
2018-01-17,0.9,0,0,0,0,0,0.1,1,S0|cap=0.2|band=0.01
2018-01-18,0.9,0,0,0,0,0,0.1,1,S0|cap=0.2|band=0.01
2018-01-19,0.9,0,0,0,0,0,0.1,1,S0|cap=0.2|band=0.01
2018-01-22,0.9,0,0,0,0,0,0.1,1,S0|cap=0.2|band=0.01
2018-01-23,0.9,0,0,0,0,0,0.1,1,S0|cap=0.2|band=0.01
2018-01-24,0.9,0,0,0,0,0,0.1,1,S0|cap=0.2|band=0.01
2018-01-25,0.9,0,0,0,0,0,0.1,1,S0|cap=0.2|band=0.01
2018-01-29,0.9,0,0,0,0,0,0.1,1,S0|cap=0.2|band=0.01
2018-01-30,0.9,0,0,0,0,0,0.1,1,S0|cap=0.2|band=0.01
2018-01-31,0.9,0,0,0,0,0,0.1,1,S0|cap=0.2|band=0.01
2018-02-01,0.9,0,0,0,0,0,0.1,1,S0|cap=0.2|band=0.01
2018-02-02,0.9,0,0,0,0,0,0.1,1,S0|cap=0.2|band=0.01
2018-02-05,0.9,0,0,0,0,0,0.1,1,S0|cap=0.2|band=0.01
2018-02-06,0.9,0,0,0,0,0,0.1,1,S0|cap=0.2|band=0.01
2018-02-07,0.9,0,0,0,0,0,0.1,1,S0|cap=0.2|band=0.01
2018-02-08,0.9,0,0,0,0,0,0.1,1,S0|cap=0.2|band=0.01
2018-02-09,0.9,0,0,0,0,0,0.1,1,S0|cap=0.2|band=0.01
2018-02-12,0.9,0,0,0,0,0,0.1,1,S0|cap=0.2|band=0.01
2018-02-14,0.9,0,0,0,0,0,0.1,1,S0|cap=0.2|band=0.01
2018-02-15,0.9,0,0,0,0,0,0.1,1,S0|cap=0.2|band=0.01
2018-02-16,0.9,0,0,0,0,0,0.1,1,S0|cap=0.2|band=0.01
2018-02-19,0.9,0,0,0,0,0,0.1,1,S0|cap=0.2|band=0.01
2018-02-20,0.9,0,0,0,0,0,0.1,1,S0|cap=0.2|band=0.01
2018-02-21,0.9,0,0,0,0,0,0.1,1,S0|cap=0.2|band=0.01
2018-02-22,0.9,0,0,0,0,0,0.1,1,S0|cap=0.2|band=0.01
2018-02-23,0.9,0,0,0,0,0,0.1,1,S0|cap=0.2|band=0.01
2018-02-26,0.9,0,0,0,0,0,0.1,1,S0|cap=0.2|band=0.01
2018-02-27,0.9,0,0,0,0,0,0.1,1,S0|cap=0.2|band=0.01
2018-02-28,0.9,0,0,0,0,0,0.1,1,S0|cap=0.2|band=0.01
2018-03-01,0.9,0,0,0,0,0,0.1,1,S0|cap=0.2|band=0.01
2018-03-05,0.9,0,0,0,0,0,0.1,1,S0|cap=0.2|band=0.01
2018-03-06,0.9,0,0,0,0,0,0.1,1,S0|cap=0.2|band=0.01
2018-03-07,0.9,0,0,0,0,0,0.1,1,S0|cap=0.2|band=0.01
2018-03-08,0.9,0,0,0,0,0,0.1,1,S0|cap=0.2|band=0.01
2018-03-09,0.9,0,0,0,0,0,0.1,1,S0|cap=0.2|band=0.01
2018-03-12,0.9,0,0,0,0,0,0.1,1,S0|cap=0.2|band=0.01
2018-03-13,0.9,0,0,0,0,0,0.1,1,S0|cap=0.2|band=0.01
2018-03-14,0.9,0,0,0,0,0,0.1,1,S0|cap=0.2|band=0.01
2018-03-15,0.9,0,0,0,0,0,0.1,1,S0|cap=0.2|band=0.01
2018-03-16,0.9,0,0,0,0,0,0.1,1,S0|cap=0.2|band=0.01
2018-03-19,0.9,0,0,0,0,0,0.1,1,S0|cap=0.2|band=0.01
2018-03-20,0.9,0,0,0,0,0,0.1,1,S0|cap=0.2|band=0.01
2018-03-21,0.9,0,0,0,0,0,0.1,1,S0|cap=0.2|band=0.01
2018-03-22,0.9,0,0,0,0,0,0.1,1,S0|cap=0.2|band=0.01
2018-03-23,0.9,0,0,0,0,0,0.1,1,S0|cap=0.2|band=0.01
2018-03-26,0.9,0,0,0,0,0,0.1,1,S0|cap=0.2|band=0.01
2018-03-27,0.9,0,0,0,0,0,0.1,1,S0|cap=0.2|band=0.01
2018-03-28,0.9,0,0,0,0,0,0.1,1,S0|cap=0.2|band=0.01
2018-04-02,0.9,0,0,0,0,0,0.1,1,S0|cap=0.2|band=0.01
2018-04-03,0.9,0,0,0,0,0,0.1,1,S0|cap=0.2|band=0.01
2018-04-04,0.9,0,0,0,0,0,0.1,1,S0|cap=0.2|band=0.01
2018-04-05,0.9,0,0,0,0,0,0.1,1,S0|cap=0.2|band=0.01
2018-04-06,0.9,0,0,0,0,0,0.1,1,S0|cap=0.2|band=0.01
2018-04-09,0.9,0,0,0,0,0,0.1,1,S0|cap=0.2|band=0.01
2018-04-10,0.9,0,0,0,0,0,0.1,1,S0|cap=0.2|band=0.01
2018-04-11,0.9,0,0,0,0,0,0.1,1,S0|cap=0.2|band=0.01
2018-04-12,0.9,0,0,0,0,0,0.1,1,S0|cap=0.2|band=0.01
2018-04-13,0.9,0,0,0,0,0,0.1,1,S0|cap=0.2|band=0.01
2018-04-16,0.9,0,0,0,0,0,0.1,1,S0|cap=0.2|band=0.01
2018-04-17,0.9,0,0,0,0,0,0.1,1,S0|cap=0.2|band=0.01
2018-04-18,0.9,0,0,0,0,0,0.1,1,S0|cap=0.2|band=0.01
2018-04-19,0.9,0,0,0,0,0,0.1,1,S0|cap=0.2|band=0.01
2018-04-20,0.9,0,0,0,0,0,0.1,1,S0|cap=0.2|band=0.01
2018-04-23,0.9,0,0,0,0,0,0.1,1,S0|cap=0.2|band=0.01
2018-04-24,0.9,0,0,0,0,0,0.1,1,S0|cap=0.2|band=0.01
2018-04-25,0.9,0,0,0,0,0,0.1,1,S0|cap=0.2|band=0.01
2018-04-26,0.9,0,0,0,0,0,0.1,1,S0|cap=0.2|band=0.01
2018-04-27,0.9,0,0,0,0,0,0.1,1,S0|cap=0.2|band=0.01
2018-04-30,0.9,0,0,0,0,0,0.1,1,S0|cap=0.2|band=0.01
2018-05-02,0.9,0,0,0,0,0,0.1,1,S0|cap=0.2|band=0.01
2018-05-03,0.9,0,0,0,0,0,0.1,1,S0|cap=0.2|band=0.01
2018-05-04,0.9,0,0,0,0,0,0.1,1,S0|cap=0.2|band=0.01
2018-05-07,0.9,0,0,0,0,0,0.1,1,S0|cap=0.2|band=0.01
2018-05-08,0.9,0,0,0,0,0,0.1,1,S0|cap=0.2|band=0.01
2018-05-09,0.9,0,0,0,0,0,0.1,1,S0|cap=0.2|band=0.01
2018-05-10,0.9,0,0,0,0,0,0.1,1,S0|cap=0.2|band=0.01
2018-05-11,0.9,0,0,0,0,0,0.1,1,S0|cap=0.2|band=0.01
2018-05-14,0.9,0,0,0,0,0,0.1,1,S0|cap=0.2|band=0.01
2018-05-15,0.9,0,0,0,0,0,0.1,1,S0|cap=0.2|band=0.01
2018-05-16,0.9,0,0,0,0,0,0.1,1,S0|cap=0.2|band=0.01
2018-05-17,0.9,0,0,0,0,0,0.1,1,S0|cap=0.2|band=0.01
2018-05-18,0.9,0,0,0,0,0,0.1,1,S0|cap=0.2|band=0.01
2018-05-21,0.9,0,0,0,0,0,0.1,1,S0|cap=0.2|band=0.01
2018-05-22,0.9,0,0,0,0,0,0.1,1,S0|cap=0.2|band=0.01
2018-05-23,0.9,0,0,0,0,0,0.1,1,S0|cap=0.2|band=0.01
2018-05-24,0.9,0,0,0,0,0,0.1,1,S0|cap=0.2|band=0.01
2018-05-25,0.9,0,0,0,0,0,0.1,1,S0|cap=0.2|band=0.01
2018-05-28,0.9,0,0,0,0,0,0.1,1,S0|cap=0.2|band=0.01
2018-05-29,0.9,0,0,0,0,0,0.1,1,S0|cap=0.2|band=0.01
2018-05-30,0.9,0,0,0,0,0,0.1,1,S0|cap=0.2|band=0.01
2018-05-31,0.9,0,0,0,0,0,0.1,1,S0|cap=0.2|band=0.01
2018-06-01,0.9,0,0,0,0,0,0.1,1,S0|cap=0.2|band=0.01
2018-06-04,0.9,0,0,0,0,0,0.1,1,S0|cap=0.2|band=0.01
2018-06-05,0.9,0,0,0,0,0,0.1,1,S0|cap=0.2|band=0.01
2018-06-06,0.9,0,0,0,0,0,0.1,1,S0|cap=0.2|band=0.01
2018-06-07,0.9,0,0,0,0,0,0.1,1,S0|cap=0.2|band=0.01
2018-06-08,0.9,0,0,0,0,0,0.1,1,S0|cap=0.2|band=0.01
2018-06-11,0.9,0,0,0,0,0,0.1,1,S0|cap=0.2|band=0.01
2018-06-12,0.9,0,0,0,0,0,0.1,1,S0|cap=0.2|band=0.01
2018-06-13,0.9,0,0,0,0,0,0.1,1,S0|cap=0.2|band=0.01
2018-06-14,0.9,0,0,0,0,0,0.1,1,S0|cap=0.2|band=0.01
2018-06-15,0.9,0,0,0,0,0,0.1,1,S0|cap=0.2|band=0.01
2018-06-18,0.9,0,0,0,0,0,0.1,1,S0|cap=0.2|band=0.01
2018-06-19,0.9,0,0,0,0,0,0.1,1,S0|cap=0.2|band=0.01
2018-06-20,0.9,0,0,0,0,0,0.1,1,S0|cap=0.2|band=0.01
2018-06-21,0.9,0,0,0,0,0,0.1,1,S0|cap=0.2|band=0.01
2018-06-22,0.9,0,0,0,0,0,0.1,1,S0|cap=0.2|band=0.01
2018-06-25,0.9,0,0,0,0,0,0.1,1,S0|cap=0.2|band=0.01
2018-06-26,0.9,0,0,0,0,0,0.1,1,S0|cap=0.2|band=0.01
2018-06-27,0.9,0,0,0,0,0,0.1,1,S0|cap=0.2|band=0.01
2018-06-28,0.9,0,0,0,0,0,0.1,1,S0|cap=0.2|band=0.01
2018-06-29,0.9,0,0,0,0,0,0.1,1,S0|cap=0.2|band=0.01
2018-07-02,0.9,0,0,0,0,0,0.1,1,S0|cap=0.2|band=0.01
2018-07-03,0.9,0,0,0,0,0,0.1,1,S0|cap=0.2|band=0.01
2018-07-04,0.9,0,0,0,0,0,0.1,1,S0|cap=0.2|band=0.01
2018-07-05,0.9,0,0,0,0,0,0.1,1,S0|cap=0.2|band=0.01
2018-07-06,0.9,0,0,0,0,0,0.1,1,S0|cap=0.2|band=0.01
2018-07-09,0.9,0,0,0,0,0,0.1,1,S0|cap=0.2|band=0.01
2018-07-10,0.9,0,0,0,0,0,0.1,1,S0|cap=0.2|band=0.01
2018-07-11,0.9,0,0,0,0,0,0.1,1,S0|cap=0.2|band=0.01
2018-07-12,0.9,0,0,0,0,0,0.1,1,S0|cap=0.2|band=0.01
2018-07-13,0.9,0,0,0,0,0,0.1,1,S0|cap=0.2|band=0.01
2018-07-16,0.9,0,0,0,0,0,0.1,1,S0|cap=0.2|band=0.01
2018-07-17,0.9,0,0,0,0,0,0.1,1,S0|cap=0.2|band=0.01
2018-07-18,0.9,0,0,0,0,0,0.1,1,S0|cap=0.2|band=0.01
2018-07-19,0.9,0,0,0,0,0,0.1,1,S0|cap=0.2|band=0.01
2018-07-20,0.9,0,0,0,0,0,0.1,1,S0|cap=0.2|band=0.01
2018-07-23,0.9,0,0,0,0,0,0.1,1,S0|cap=0.2|band=0.01
2018-07-24,0.9,0,0,0,0,0,0.1,1,S0|cap=0.2|band=0.01
2018-07-25,0.9,0,0,0,0,0,0.1,1,S0|cap=0.2|band=0.01
2018-07-26,0.9,0,0,0,0,0,0.1,1,S0|cap=0.2|band=0.01
2018-07-27,0.9,0,0,0,0,0,0.1,1,S0|cap=0.2|band=0.01
2018-07-30,0.9,0,0,0,0,0,0.1,1,S0|cap=0.2|band=0.01
2018-07-31,0.9,0,0,0,0,0,0.1,1,S0|cap=0.2|band=0.01
2018-08-01,0.9,0,0,0,0,0,0.1,1,S0|cap=0.2|band=0.01
2018-08-03,0.9,0,0,0,0,0,0.1,1,S0|cap=0.2|band=0.01
2018-08-06,0.9,0,0,0,0,0,0.1,1,S0|cap=0.2|band=0.01
2018-08-07,0.9,0,0,0,0,0,0.1,1,S0|cap=0.2|band=0.01
2018-08-08,0.9,0,0,0,0,0,0.1,1,S0|cap=0.2|band=0.01
2018-08-09,0.9,0,0,0,0,0,0.1,1,S0|cap=0.2|band=0.01
2018-08-10,0.9,0,0,0,0,0,0.1,1,S0|cap=0.2|band=0.01
2018-08-13,0.9,0,0,0,0,0,0.1,1,S0|cap=0.2|band=0.01
2018-08-14,0.9,0,0,0,0,0,0.1,1,S0|cap=0.2|band=0.01
2018-08-16,0.9,0,0,0,0,0,0.1,1,S0|cap=0.2|band=0.01
2018-08-17,0.9,0,0,0,0,0,0.1,1,S0|cap=0.2|band=0.01
2018-08-20,0.9,0,0,0,0,0,0.1,1,S0|cap=0.2|band=0.01
2018-08-21,0.9,0,0,0,0,0,0.1,1,S0|cap=0.2|band=0.01
2018-08-23,0.9,0,0,0,0,0,0.1,1,S0|cap=0.2|band=0.01
2018-08-24,0.9,0,0,0,0,0,0.1,1,S0|cap=0.2|band=0.01
2018-08-27,0.9,0,0,0,0,0,0.1,1,S0|cap=0.2|band=0.01
2018-08-28,0.9,0,0,0,0,0,0.1,1,S0|cap=0.2|band=0.01
2018-08-29,0.9,0,0,0,0,0,0.1,1,S0|cap=0.2|band=0.01
2018-08-30,0.9,0,0,0,0,0,0.1,1,S0|cap=0.2|band=0.01
2018-08-31,0.9,0,0,0,0,0,0.1,1,S0|cap=0.2|band=0.01
2018-09-03,0.9,0,0,0,0,0,0.1,1,S0|cap=0.2|band=0.01
2018-09-04,0.9,0,0,0,0,0,0.1,1,S0|cap=0.2|band=0.01
2018-09-05,0.9,0,0,0,0,0,0.1,1,S0|cap=0.2|band=0.01
2018-09-06,0.9,0,0,0,0,0,0.1,1,S0|cap=0.2|band=0.01
2018-09-07,0.9,0,0,0,0,0,0.1,1,S0|cap=0.2|band=0.01
2018-09-10,0.9,0,0,0,0,0,0.1,1,S0|cap=0.2|band=0.01
2018-09-11,0.9,0,0,0,0,0,0.1,1,S0|cap=0.2|band=0.01
2018-09-12,0.9,0,0,0,0,0,0.1,1,S0|cap=0.2|band=0.01
2018-09-14,0.9,0,0,0,0,0,0.1,1,S0|cap=0.2|band=0.01
2018-09-17,0.9,0,0,0,0,0,0.1,1,S0|cap=0.2|band=0.01
2018-09-18,0.9,0,0,0,0,0,0.1,1,S0|cap=0.2|band=0.01
2018-09-19,0.9,0,0,0,0,0,0.1,1,S0|cap=0.2|band=0.01
2018-09-21,0.9,0,0,0,0,0,0.1,1,S0|cap=0.2|band=0.01
2018-09-24,0.9,0,0,0,0,0,0.1,1,S0|cap=0.2|band=0.01
2018-09-25,0.9,0,0,0,0,0,0.1,1,S0|cap=0.2|band=0.01
2018-09-26,0.9,0,0,0,0,0,0.1,1,S0|cap=0.2|band=0.01
2018-09-27,0.9,0,0,0,0,0,0.1,1,S0|cap=0.2|band=0.01
2018-09-28,0.9,0,0,0,0,0,0.1,1,S0|cap=0.2|band=0.01
2018-10-01,0.9,0,0,0,0,0,0.1,1,S0|cap=0.2|band=0.01
2018-10-03,0.9,0,0,0,0,0,0.1,1,S0|cap=0.2|band=0.01
2018-10-04,0.9,0,0,0,0,0,0.1,1,S0|cap=0.2|band=0.01
2018-10-05,0.865685153,0,0,0,0,0,0.134314847,0.9618723922,S0|cap=0.2|band=0.01
2018-10-08,0.865685153,0,0,0,0,0,0.134314847,0.9618723922,S0|cap=0.2|band=0.01
2018-10-09,0.8498830875,0,0,0,0,0,0.1501169125,0.9443145416,S0|cap=0.2|band=0.01
2018-10-10,0.8498830875,0,0,0,0,0,0.1501169125,0.9443145416,S0|cap=0.2|band=0.01
2018-10-11,0.7919217384,0,0,0,0,0,0.2080782616,0.8799130427,S0|cap=0.2|band=0.01
2018-10-12,0.7919217384,0,0,0,0,0,0.2080782616,0.8799130427,S0|cap=0.2|band=0.01
2018-10-15,0.7919217384,0,0,0,0,0,0.2080782616,0.8799130427,S0|cap=0.2|band=0.01
2018-10-16,0.7919217384,0,0,0,0,0,0.2080782616,0.8799130427,S0|cap=0.2|band=0.01
2018-10-17,0.7919217384,0,0,0,0,0,0.2080782616,0.8799130427,S0|cap=0.2|band=0.01
2018-10-19,0.7919217384,0,0,0,0,0,0.2080782616,0.8799130427,S0|cap=0.2|band=0.01
2018-10-22,0.7919217384,0,0,0,0,0,0.2080782616,0.8799130427,S0|cap=0.2|band=0.01
2018-10-23,0.750301892,0,0,0,0,0,0.249698108,0.8336687689,S0|cap=0.2|band=0.01
2018-10-24,0.750301892,0,0,0,0,0,0.249698108,0.8336687689,S0|cap=0.2|band=0.01
2018-10-25,0.7468080747,0,0,0,0,0,0.2531919253,0.8297867497,S0|cap=0.2|band=0.01
2018-10-26,0.6702009647,0,0,0,0,0,0.3297990353,0.7446677386,S0|cap=0.2|band=0.01
2018-10-29,0.6702009647,0,0,0,0,0,0.3297990353,0.7446677386,S0|cap=0.2|band=0.01
2018-10-30,0.6702009647,0,0,0,0,0,0.3297990353,0.7446677386,S0|cap=0.2|band=0.01
2018-10-31,0.6702009647,0,0,0,0,0,0.3297990353,0.7446677386,S0|cap=0.2|band=0.01
2018-11-01,0.6702009647,0,0,0,0,0,0.3297990353,0.7446677386,S0|cap=0.2|band=0.01
2018-11-02,0.6702009647,0,0,0,0,0,0.3297990353,0.7446677386,S0|cap=0.2|band=0.01
2018-11-05,0.6702009647,0,0,0,0,0,0.3297990353,0.7446677386,S0|cap=0.2|band=0.01
2018-11-06,0.6702009647,0,0,0,0,0,0.3297990353,0.7446677386,S0|cap=0.2|band=0.01
2018-11-07,0.6702009647,0,0,0,0,0,0.3297990353,0.7446677386,S0|cap=0.2|band=0.01
2018-11-09,0.6702009647,0,0,0,0,0,0.3297990353,0.7446677386,S0|cap=0.2|band=0.01
2018-11-12,0.6702009647,0,0,0,0,0,0.3297990353,0.7446677386,S0|cap=0.2|band=0.01
2018-11-13,0.6702009647,0,0,0,0,0,0.3297990353,0.7446677386,S0|cap=0.2|band=0.01
2018-11-14,0.6702009647,0,0,0,0,0,0.3297990353,0.7446677386,S0|cap=0.2|band=0.01
2018-11-15,0.6702009647,0,0,0,0,0,0.3297990353,0.7446677386,S0|cap=0.2|band=0.01
2018-11-16,0.6702009647,0,0,0,0,0,0.3297990353,0.7446677386,S0|cap=0.2|band=0.01
2018-11-19,0.6702009647,0,0,0,0,0,0.3297990353,0.7446677386,S0|cap=0.2|band=0.01
2018-11-20,0.6702009647,0,0,0,0,0,0.3297990353,0.7446677386,S0|cap=0.2|band=0.01
2018-11-21,0.6702009647,0,0,0,0,0,0.3297990353,0.7446677386,S0|cap=0.2|band=0.01
2018-11-22,0.6702009647,0,0,0,0,0,0.3297990353,0.7446677386,S0|cap=0.2|band=0.01
2018-11-26,0.6702009647,0,0,0,0,0,0.3297990353,0.7446677386,S0|cap=0.2|band=0.01
2018-11-27,0.6702009647,0,0,0,0,0,0.3297990353,0.7446677386,S0|cap=0.2|band=0.01
2018-11-28,0.6702009647,0,0,0,0,0,0.3297990353,0.7446677386,S0|cap=0.2|band=0.01
2018-11-29,0.6702009647,0,0,0,0,0,0.3297990353,0.7446677386,S0|cap=0.2|band=0.01
2018-11-30,0.6702009647,0,0,0,0,0,0.3297990353,0.7446677386,S0|cap=0.2|band=0.01
2018-12-03,0.6702009647,0,0,0,0,0,0.3297990353,0.7446677386,S0|cap=0.2|band=0.01
2018-12-04,0.6702009647,0,0,0,0,0,0.3297990353,0.7446677386,S0|cap=0.2|band=0.01
2018-12-05,0.6702009647,0,0,0,0,0,0.3297990353,0.7446677386,S0|cap=0.2|band=0.01
2018-12-06,0.6702009647,0,0,0,0,0,0.3297990353,0.7446677386,S0|cap=0.2|band=0.01
2018-12-07,0.6702009647,0,0,0,0,0,0.3297990353,0.7446677386,S0|cap=0.2|band=0.01
2018-12-10,0.6702009647,0,0,0,0,0,0.3297990353,0.7446677386,S0|cap=0.2|band=0.01
2018-12-11,0.6702009647,0,0,0,0,0,0.3297990353,0.7446677386,S0|cap=0.2|band=0.01
2018-12-12,0.6702009647,0,0,0,0,0,0.3297990353,0.7446677386,S0|cap=0.2|band=0.01
2018-12-13,0.6702009647,0,0,0,0,0,0.3297990353,0.7446677386,S0|cap=0.2|band=0.01
2018-12-14,0.6702009647,0,0,0,0,0,0.3297990353,0.7446677386,S0|cap=0.2|band=0.01
2018-12-17,0.6702009647,0,0,0,0,0,0.3297990353,0.7446677386,S0|cap=0.2|band=0.01
2018-12-18,0.6702009647,0,0,0,0,0,0.3297990353,0.7446677386,S0|cap=0.2|band=0.01
2018-12-19,0.6702009647,0,0,0,0,0,0.3297990353,0.7446677386,S0|cap=0.2|band=0.01
2018-12-20,0.6702009647,0,0,0,0,0,0.3297990353,0.7446677386,S0|cap=0.2|band=0.01
2018-12-21,0.6702009647,0,0,0,0,0,0.3297990353,0.7446677386,S0|cap=0.2|band=0.01
2018-12-24,0.6702009647,0,0,0,0,0,0.3297990353,0.7446677386,S0|cap=0.2|band=0.01
2018-12-26,0.6702009647,0,0,0,0,0,0.3297990353,0.7446677386,S0|cap=0.2|band=0.01
2018-12-27,0.6702009647,0,0,0,0,0,0.3297990353,0.7446677386,S0|cap=0.2|band=0.01
2018-12-28,0.6702009647,0,0,0,0,0,0.3297990353,0.7446677386,S0|cap=0.2|band=0.01
2018-12-31,0.6702009647,0,0,0,0,0,0.3297990353,0.7446677386,S0|cap=0.2|band=0.01
2019-01-01,0.6702009647,0,0,0,0,0,0.3297990353,0.7446677386,S0|cap=0.2|band=0.01
2019-01-02,0.6702009647,0,0,0,0,0,0.3297990353,0.7446677386,S0|cap=0.2|band=0.01
2019-01-03,0.6702009647,0,0,0,0,0,0.3297990353,0.7446677386,S0|cap=0.2|band=0.01
2019-01-04,0.6702009647,0,0,0,0,0,0.3297990353,0.7446677386,S0|cap=0.2|band=0.01
2019-01-07,0.6702009647,0,0,0,0,0,0.3297990353,0.7446677386,S0|cap=0.2|band=0.01
2019-01-08,0.6702009647,0,0,0,0,0,0.3297990353,0.7446677386,S0|cap=0.2|band=0.01
2019-01-09,0.6702009647,0,0,0,0,0,0.3297990353,0.7446677386,S0|cap=0.2|band=0.01
2019-01-10,0.6702009647,0,0,0,0,0,0.3297990353,0.7446677386,S0|cap=0.2|band=0.01
2019-01-11,0.6702009647,0,0,0,0,0,0.3297990353,0.7446677386,S0|cap=0.2|band=0.01
2019-01-14,0.6702009647,0,0,0,0,0,0.3297990353,0.7446677386,S0|cap=0.2|band=0.01
2019-01-15,0.6702009647,0,0,0,0,0,0.3297990353,0.7446677386,S0|cap=0.2|band=0.01
2019-01-16,0.6702009647,0,0,0,0,0,0.3297990353,0.7446677386,S0|cap=0.2|band=0.01
2019-01-17,0.6702009647,0,0,0,0,0,0.3297990353,0.7446677386,S0|cap=0.2|band=0.01
2019-01-18,0.6702009647,0,0,0,0,0,0.3297990353,0.7446677386,S0|cap=0.2|band=0.01
2019-01-21,0.6702009647,0,0,0,0,0,0.3297990353,0.7446677386,S0|cap=0.2|band=0.01
2019-01-22,0.6702009647,0,0,0,0,0,0.3297990353,0.7446677386,S0|cap=0.2|band=0.01
2019-01-23,0.9,0,0,0,0,0,0.1,1,S0|cap=0.2|band=0.01
2019-01-24,0.9,0,0,0,0,0,0.1,1,S0|cap=0.2|band=0.01
2019-01-25,0.9,0,0,0,0,0,0.1,1,S0|cap=0.2|band=0.01
2019-01-28,0.9,0,0,0,0,0,0.1,1,S0|cap=0.2|band=0.01
2019-01-29,0.9,0,0,0,0,0,0.1,1,S0|cap=0.2|band=0.01
2019-01-30,0.9,0,0,0,0,0,0.1,1,S0|cap=0.2|band=0.01
2019-01-31,0.9,0,0,0,0,0,0.1,1,S0|cap=0.2|band=0.01
2019-02-01,0.9,0,0,0,0,0,0.1,1,S0|cap=0.2|band=0.01
2019-02-04,0.9,0,0,0,0,0,0.1,1,S0|cap=0.2|band=0.01
2019-02-05,0.9,0,0,0,0,0,0.1,1,S0|cap=0.2|band=0.01
2019-02-06,0.9,0,0,0,0,0,0.1,1,S0|cap=0.2|band=0.01
2019-02-07,0.9,0,0,0,0,0,0.1,1,S0|cap=0.2|band=0.01
2019-02-08,0.9,0,0,0,0,0,0.1,1,S0|cap=0.2|band=0.01
2019-02-11,0.9,0,0,0,0,0,0.1,1,S0|cap=0.2|band=0.01
2019-02-12,0.9,0,0,0,0,0,0.1,1,S0|cap=0.2|band=0.01
2019-02-13,0.9,0,0,0,0,0,0.1,1,S0|cap=0.2|band=0.01
2019-02-14,0.9,0,0,0,0,0,0.1,1,S0|cap=0.2|band=0.01
2019-02-15,0.9,0,0,0,0,0,0.1,1,S0|cap=0.2|band=0.01
2019-02-18,0.9,0,0,0,0,0,0.1,1,S0|cap=0.2|band=0.01
2019-02-19,0.9,0,0,0,0,0,0.1,1,S0|cap=0.2|band=0.01
2019-02-20,0.9,0,0,0,0,0,0.1,1,S0|cap=0.2|band=0.01
2019-02-21,0.9,0,0,0,0,0,0.1,1,S0|cap=0.2|band=0.01
2019-02-22,0.9,0,0,0,0,0,0.1,1,S0|cap=0.2|band=0.01
2019-02-25,0.9,0,0,0,0,0,0.1,1,S0|cap=0.2|band=0.01
2019-02-26,0.9,0,0,0,0,0,0.1,1,S0|cap=0.2|band=0.01
2019-02-27,0.9,0,0,0,0,0,0.1,1,S0|cap=0.2|band=0.01
2019-02-28,0.9,0,0,0,0,0,0.1,1,S0|cap=0.2|band=0.01
2019-03-01,0.9,0,0,0,0,0,0.1,1,S0|cap=0.2|band=0.01
2019-03-05,0.9,0,0,0,0,0,0.1,1,S0|cap=0.2|band=0.01
2019-03-06,0.9,0,0,0,0,0,0.1,1,S0|cap=0.2|band=0.01
2019-03-07,0.9,0,0,0,0,0,0.1,1,S0|cap=0.2|band=0.01
2019-03-08,0.9,0,0,0,0,0,0.1,1,S0|cap=0.2|band=0.01
2019-03-11,0.9,0,0,0,0,0,0.1,1,S0|cap=0.2|band=0.01
2019-03-12,0.9,0,0,0,0,0,0.1,1,S0|cap=0.2|band=0.01
2019-03-13,0.9,0,0,0,0,0,0.1,1,S0|cap=0.2|band=0.01
2019-03-14,0.9,0,0,0,0,0,0.1,1,S0|cap=0.2|band=0.01
2019-03-15,0.9,0,0,0,0,0,0.1,1,S0|cap=0.2|band=0.01
2019-03-18,0.9,0,0,0,0,0,0.1,1,S0|cap=0.2|band=0.01
2019-03-19,0.9,0,0,0,0,0,0.1,1,S0|cap=0.2|band=0.01
2019-03-20,0.9,0,0,0,0,0,0.1,1,S0|cap=0.2|band=0.01
2019-03-22,0.9,0,0,0,0,0,0.1,1,S0|cap=0.2|band=0.01
2019-03-25,0.9,0,0,0,0,0,0.1,1,S0|cap=0.2|band=0.01
2019-03-26,0.9,0,0,0,0,0,0.1,1,S0|cap=0.2|band=0.01
2019-03-27,0.9,0,0,0,0,0,0.1,1,S0|cap=0.2|band=0.01
2019-03-28,0.9,0,0,0,0,0,0.1,1,S0|cap=0.2|band=0.01
2019-03-29,0.9,0,0,0,0,0,0.1,1,S0|cap=0.2|band=0.01
2019-04-01,0.9,0,0,0,0,0,0.1,1,S0|cap=0.2|band=0.01
2019-04-02,0.9,0,0,0,0,0,0.1,1,S0|cap=0.2|band=0.01
2019-04-03,0.9,0,0,0,0,0,0.1,1,S0|cap=0.2|band=0.01
2019-04-04,0.9,0,0,0,0,0,0.1,1,S0|cap=0.2|band=0.01
2019-04-05,0.9,0,0,0,0,0,0.1,1,S0|cap=0.2|band=0.01
2019-04-08,0.9,0,0,0,0,0,0.1,1,S0|cap=0.2|band=0.01
2019-04-09,0.9,0,0,0,0,0,0.1,1,S0|cap=0.2|band=0.01
2019-04-10,0.9,0,0,0,0,0,0.1,1,S0|cap=0.2|band=0.01
2019-04-11,0.9,0,0,0,0,0,0.1,1,S0|cap=0.2|band=0.01
2019-04-12,0.9,0,0,0,0,0,0.1,1,S0|cap=0.2|band=0.01
2019-04-15,0.9,0,0,0,0,0,0.1,1,S0|cap=0.2|band=0.01
2019-04-16,0.9,0,0,0,0,0,0.1,1,S0|cap=0.2|band=0.01
2019-04-18,0.9,0,0,0,0,0,0.1,1,S0|cap=0.2|band=0.01
2019-04-22,0.9,0,0,0,0,0,0.1,1,S0|cap=0.2|band=0.01
2019-04-23,0.9,0,0,0,0,0,0.1,1,S0|cap=0.2|band=0.01
2019-04-24,0.9,0,0,0,0,0,0.1,1,S0|cap=0.2|band=0.01
2019-04-25,0.9,0,0,0,0,0,0.1,1,S0|cap=0.2|band=0.01
2019-04-26,0.9,0,0,0,0,0,0.1,1,S0|cap=0.2|band=0.01
2019-04-30,0.9,0,0,0,0,0,0.1,1,S0|cap=0.2|band=0.01
2019-05-02,0.9,0,0,0,0,0,0.1,1,S0|cap=0.2|band=0.01
2019-05-03,0.9,0,0,0,0,0,0.1,1,S0|cap=0.2|band=0.01
2019-05-06,0.9,0,0,0,0,0,0.1,1,S0|cap=0.2|band=0.01
2019-05-07,0.9,0,0,0,0,0,0.1,1,S0|cap=0.2|band=0.01
2019-05-08,0.9,0,0,0,0,0,0.1,1,S0|cap=0.2|band=0.01
2019-05-09,0.9,0,0,0,0,0,0.1,1,S0|cap=0.2|band=0.01
2019-05-10,0.9,0,0,0,0,0,0.1,1,S0|cap=0.2|band=0.01
2019-05-13,0.9,0,0,0,0,0,0.1,1,S0|cap=0.2|band=0.01
2019-05-14,0.9,0,0,0,0,0,0.1,1,S0|cap=0.2|band=0.01
2019-05-15,0.9,0,0,0,0,0,0.1,1,S0|cap=0.2|band=0.01
2019-05-16,0.9,0,0,0,0,0,0.1,1,S0|cap=0.2|band=0.01
2019-05-17,0.9,0,0,0,0,0,0.1,1,S0|cap=0.2|band=0.01
2019-05-20,0.9,0,0,0,0,0,0.1,1,S0|cap=0.2|band=0.01
2019-05-21,0.9,0,0,0,0,0,0.1,1,S0|cap=0.2|band=0.01
2019-05-22,0.9,0,0,0,0,0,0.1,1,S0|cap=0.2|band=0.01
2019-05-23,0.9,0,0,0,0,0,0.1,1,S0|cap=0.2|band=0.01
2019-05-24,0.9,0,0,0,0,0,0.1,1,S0|cap=0.2|band=0.01
2019-05-27,0.9,0,0,0,0,0,0.1,1,S0|cap=0.2|band=0.01
2019-05-28,0.9,0,0,0,0,0,0.1,1,S0|cap=0.2|band=0.01
2019-05-29,0.9,0,0,0,0,0,0.1,1,S0|cap=0.2|band=0.01
2019-05-30,0.9,0,0,0,0,0,0.1,1,S0|cap=0.2|band=0.01
2019-05-31,0.9,0,0,0,0,0,0.1,1,S0|cap=0.2|band=0.01
2019-06-03,0.9,0,0,0,0,0,0.1,1,S0|cap=0.2|band=0.01
2019-06-04,0.9,0,0,0,0,0,0.1,1,S0|cap=0.2|band=0.01
2019-06-06,0.9,0,0,0,0,0,0.1,1,S0|cap=0.2|band=0.01
2019-06-07,0.9,0,0,0,0,0,0.1,1,S0|cap=0.2|band=0.01
2019-06-10,0.9,0,0,0,0,0,0.1,1,S0|cap=0.2|band=0.01
2019-06-11,0.9,0,0,0,0,0,0.1,1,S0|cap=0.2|band=0.01
2019-06-12,0.9,0,0,0,0,0,0.1,1,S0|cap=0.2|band=0.01
2019-06-13,0.9,0,0,0,0,0,0.1,1,S0|cap=0.2|band=0.01
2019-06-14,0.9,0,0,0,0,0,0.1,1,S0|cap=0.2|band=0.01
2019-06-17,0.9,0,0,0,0,0,0.1,1,S0|cap=0.2|band=0.01
2019-06-18,0.9,0,0,0,0,0,0.1,1,S0|cap=0.2|band=0.01
2019-06-19,0.9,0,0,0,0,0,0.1,1,S0|cap=0.2|band=0.01
2019-06-20,0.9,0,0,0,0,0,0.1,1,S0|cap=0.2|band=0.01
2019-06-21,0.9,0,0,0,0,0,0.1,1,S0|cap=0.2|band=0.01
2019-06-24,0.9,0,0,0,0,0,0.1,1,S0|cap=0.2|band=0.01
2019-06-25,0.9,0,0,0,0,0,0.1,1,S0|cap=0.2|band=0.01
2019-06-26,0.9,0,0,0,0,0,0.1,1,S0|cap=0.2|band=0.01
2019-06-27,0.9,0,0,0,0,0,0.1,1,S0|cap=0.2|band=0.01
2019-06-28,0.9,0,0,0,0,0,0.1,1,S0|cap=0.2|band=0.01
2019-07-01,0.9,0,0,0,0,0,0.1,1,S0|cap=0.2|band=0.01
2019-07-02,0.9,0,0,0,0,0,0.1,1,S0|cap=0.2|band=0.01
2019-07-03,0.9,0,0,0,0,0,0.1,1,S0|cap=0.2|band=0.01
2019-07-04,0.9,0,0,0,0,0,0.1,1,S0|cap=0.2|band=0.01
2019-07-05,0.9,0,0,0,0,0,0.1,1,S0|cap=0.2|band=0.01
2019-07-08,0.9,0,0,0,0,0,0.1,1,S0|cap=0.2|band=0.01
2019-07-09,0.9,0,0,0,0,0,0.1,1,S0|cap=0.2|band=0.01
2019-07-10,0.9,0,0,0,0,0,0.1,1,S0|cap=0.2|band=0.01
2019-07-11,0.9,0,0,0,0,0,0.1,1,S0|cap=0.2|band=0.01
2019-07-12,0.9,0,0,0,0,0,0.1,1,S0|cap=0.2|band=0.01
2019-07-15,0.9,0,0,0,0,0,0.1,1,S0|cap=0.2|band=0.01
2019-07-16,0.9,0,0,0,0,0,0.1,1,S0|cap=0.2|band=0.01
2019-07-17,0.9,0,0,0,0,0,0.1,1,S0|cap=0.2|band=0.01
2019-07-18,0.9,0,0,0,0,0,0.1,1,S0|cap=0.2|band=0.01
2019-07-19,0.9,0,0,0,0,0,0.1,1,S0|cap=0.2|band=0.01
2019-07-22,0.9,0,0,0,0,0,0.1,1,S0|cap=0.2|band=0.01
2019-07-23,0.9,0,0,0,0,0,0.1,1,S0|cap=0.2|band=0.01
2019-07-24,0.9,0,0,0,0,0,0.1,1,S0|cap=0.2|band=0.01
2019-07-25,0.9,0,0,0,0,0,0.1,1,S0|cap=0.2|band=0.01
2019-07-26,0.9,0,0,0,0,0,0.1,1,S0|cap=0.2|band=0.01
2019-07-29,0.9,0,0,0,0,0,0.1,1,S0|cap=0.2|band=0.01
2019-07-30,0.9,0,0,0,0,0,0.1,1,S0|cap=0.2|band=0.01
2019-07-31,0.9,0,0,0,0,0,0.1,1,S0|cap=0.2|band=0.01
2019-08-01,0.9,0,0,0,0,0,0.1,1,S0|cap=0.2|band=0.01
2019-08-02,0.9,0,0,0,0,0,0.1,1,S0|cap=0.2|band=0.01
2019-08-05,0.9,0,0,0,0,0,0.1,1,S0|cap=0.2|band=0.01
2019-08-06,0.9,0,0,0,0,0,0.1,1,S0|cap=0.2|band=0.01
2019-08-07,0.9,0,0,0,0,0,0.1,1,S0|cap=0.2|band=0.01
2019-08-08,0.9,0,0,0,0,0,0.1,1,S0|cap=0.2|band=0.01
2019-08-09,0.9,0,0,0,0,0,0.1,1,S0|cap=0.2|band=0.01
2019-08-13,0.9,0,0,0,0,0,0.1,1,S0|cap=0.2|band=0.01
2019-08-14,0.9,0,0,0,0,0,0.1,1,S0|cap=0.2|band=0.01
2019-08-16,0.9,0,0,0,0,0,0.1,1,S0|cap=0.2|band=0.01
2019-08-19,0.9,0,0,0,0,0,0.1,1,S0|cap=0.2|band=0.01
2019-08-20,0.9,0,0,0,0,0,0.1,1,S0|cap=0.2|band=0.01
2019-08-21,0.9,0,0,0,0,0,0.1,1,S0|cap=0.2|band=0.01
2019-08-22,0.9,0,0,0,0,0,0.1,1,S0|cap=0.2|band=0.01
2019-08-23,0.9,0,0,0,0,0,0.1,1,S0|cap=0.2|band=0.01
2019-08-26,0.9,0,0,0,0,0,0.1,1,S0|cap=0.2|band=0.01
2019-08-27,0.9,0,0,0,0,0,0.1,1,S0|cap=0.2|band=0.01
2019-08-28,0.9,0,0,0,0,0,0.1,1,S0|cap=0.2|band=0.01
2019-08-29,0.9,0,0,0,0,0,0.1,1,S0|cap=0.2|band=0.01
2019-08-30,0.9,0,0,0,0,0,0.1,1,S0|cap=0.2|band=0.01
2019-09-03,0.9,0,0,0,0,0,0.1,1,S0|cap=0.2|band=0.01
2019-09-04,0.9,0,0,0,0,0,0.1,1,S0|cap=0.2|band=0.01
2019-09-05,0.9,0,0,0,0,0,0.1,1,S0|cap=0.2|band=0.01
2019-09-06,0.9,0,0,0,0,0,0.1,1,S0|cap=0.2|band=0.01
2019-09-09,0.9,0,0,0,0,0,0.1,1,S0|cap=0.2|band=0.01
2019-09-11,0.9,0,0,0,0,0,0.1,1,S0|cap=0.2|band=0.01
2019-09-12,0.9,0,0,0,0,0,0.1,1,S0|cap=0.2|band=0.01
2019-09-13,0.9,0,0,0,0,0,0.1,1,S0|cap=0.2|band=0.01
2019-09-16,0.9,0,0,0,0,0,0.1,1,S0|cap=0.2|band=0.01
2019-09-17,0.9,0,0,0,0,0,0.1,1,S0|cap=0.2|band=0.01
2019-09-18,0.9,0,0,0,0,0,0.1,1,S0|cap=0.2|band=0.01
2019-09-19,0.9,0,0,0,0,0,0.1,1,S0|cap=0.2|band=0.01
2019-09-20,0.9,0,0,0,0,0,0.1,1,S0|cap=0.2|band=0.01
2019-09-23,0.9,0,0,0,0,0,0.1,1,S0|cap=0.2|band=0.01
2019-09-24,0.9,0,0,0,0,0,0.1,1,S0|cap=0.2|band=0.01
2019-09-25,0.9,0,0,0,0,0,0.1,1,S0|cap=0.2|band=0.01
2019-09-26,0.9,0,0,0,0,0,0.1,1,S0|cap=0.2|band=0.01
2019-09-27,0.9,0,0,0,0,0,0.1,1,S0|cap=0.2|band=0.01
2019-09-30,0.9,0,0,0,0,0,0.1,1,S0|cap=0.2|band=0.01
2019-10-01,0.9,0,0,0,0,0,0.1,1,S0|cap=0.2|band=0.01
2019-10-03,0.9,0,0,0,0,0,0.1,1,S0|cap=0.2|band=0.01
2019-10-04,0.9,0,0,0,0,0,0.1,1,S0|cap=0.2|band=0.01
2019-10-07,0.9,0,0,0,0,0,0.1,1,S0|cap=0.2|band=0.01
2019-10-09,0.9,0,0,0,0,0,0.1,1,S0|cap=0.2|band=0.01
2019-10-10,0.9,0,0,0,0,0,0.1,1,S0|cap=0.2|band=0.01
2019-10-11,0.9,0,0,0,0,0,0.1,1,S0|cap=0.2|band=0.01
2019-10-14,0.9,0,0,0,0,0,0.1,1,S0|cap=0.2|band=0.01
2019-10-15,0.9,0,0,0,0,0,0.1,1,S0|cap=0.2|band=0.01
2019-10-16,0.9,0,0,0,0,0,0.1,1,S0|cap=0.2|band=0.01
2019-10-17,0.9,0,0,0,0,0,0.1,1,S0|cap=0.2|band=0.01
2019-10-18,0.9,0,0,0,0,0,0.1,1,S0|cap=0.2|band=0.01
2019-10-22,0.9,0,0,0,0,0,0.1,1,S0|cap=0.2|band=0.01
2019-10-23,0.9,0,0,0,0,0,0.1,1,S0|cap=0.2|band=0.01
2019-10-24,0.9,0,0,0,0,0,0.1,1,S0|cap=0.2|band=0.01
2019-10-25,0.9,0,0,0,0,0,0.1,1,S0|cap=0.2|band=0.01
2019-10-27,0.9,0,0,0,0,0,0.1,1,S0|cap=0.2|band=0.01
2019-10-29,0.9,0,0,0,0,0,0.1,1,S0|cap=0.2|band=0.01
2019-10-30,0.9,0,0,0,0,0,0.1,1,S0|cap=0.2|band=0.01
2019-10-31,0.9,0,0,0,0,0,0.1,1,S0|cap=0.2|band=0.01
2019-11-01,0.9,0,0,0,0,0,0.1,1,S0|cap=0.2|band=0.01
2019-11-04,0.9,0,0,0,0,0,0.1,1,S0|cap=0.2|band=0.01
2019-11-05,0.9,0,0,0,0,0,0.1,1,S0|cap=0.2|band=0.01
2019-11-06,0.9,0,0,0,0,0,0.1,1,S0|cap=0.2|band=0.01
2019-11-07,0.9,0,0,0,0,0,0.1,1,S0|cap=0.2|band=0.01
2019-11-08,0.9,0,0,0,0,0,0.1,1,S0|cap=0.2|band=0.01
2019-11-11,0.9,0,0,0,0,0,0.1,1,S0|cap=0.2|band=0.01
2019-11-13,0.9,0,0,0,0,0,0.1,1,S0|cap=0.2|band=0.01
2019-11-14,0.9,0,0,0,0,0,0.1,1,S0|cap=0.2|band=0.01
2019-11-15,0.9,0,0,0,0,0,0.1,1,S0|cap=0.2|band=0.01
2019-11-18,0.9,0,0,0,0,0,0.1,1,S0|cap=0.2|band=0.01
2019-11-19,0.9,0,0,0,0,0,0.1,1,S0|cap=0.2|band=0.01
2019-11-20,0.9,0,0,0,0,0,0.1,1,S0|cap=0.2|band=0.01
2019-11-21,0.9,0,0,0,0,0,0.1,1,S0|cap=0.2|band=0.01
2019-11-22,0.9,0,0,0,0,0,0.1,1,S0|cap=0.2|band=0.01
2019-11-25,0.9,0,0,0,0,0,0.1,1,S0|cap=0.2|band=0.01
2019-11-26,0.9,0,0,0,0,0,0.1,1,S0|cap=0.2|band=0.01
2019-11-27,0.9,0,0,0,0,0,0.1,1,S0|cap=0.2|band=0.01
2019-11-28,0.9,0,0,0,0,0,0.1,1,S0|cap=0.2|band=0.01
2019-11-29,0.9,0,0,0,0,0,0.1,1,S0|cap=0.2|band=0.01
2019-12-02,0.9,0,0,0,0,0,0.1,1,S0|cap=0.2|band=0.01
2019-12-03,0.9,0,0,0,0,0,0.1,1,S0|cap=0.2|band=0.01
2019-12-04,0.9,0,0,0,0,0,0.1,1,S0|cap=0.2|band=0.01
2019-12-05,0.9,0,0,0,0,0,0.1,1,S0|cap=0.2|band=0.01
2019-12-06,0.9,0,0,0,0,0,0.1,1,S0|cap=0.2|band=0.01
2019-12-09,0.9,0,0,0,0,0,0.1,1,S0|cap=0.2|band=0.01
2019-12-10,0.9,0,0,0,0,0,0.1,1,S0|cap=0.2|band=0.01
2019-12-11,0.9,0,0,0,0,0,0.1,1,S0|cap=0.2|band=0.01
2019-12-12,0.9,0,0,0,0,0,0.1,1,S0|cap=0.2|band=0.01
2019-12-13,0.9,0,0,0,0,0,0.1,1,S0|cap=0.2|band=0.01
2019-12-16,0.9,0,0,0,0,0,0.1,1,S0|cap=0.2|band=0.01
2019-12-17,0.9,0,0,0,0,0,0.1,1,S0|cap=0.2|band=0.01
2019-12-18,0.9,0,0,0,0,0,0.1,1,S0|cap=0.2|band=0.01
2019-12-19,0.9,0,0,0,0,0,0.1,1,S0|cap=0.2|band=0.01
2019-12-20,0.9,0,0,0,0,0,0.1,1,S0|cap=0.2|band=0.01
2019-12-23,0.9,0,0,0,0,0,0.1,1,S0|cap=0.2|band=0.01
2019-12-24,0.9,0,0,0,0,0,0.1,1,S0|cap=0.2|band=0.01
2019-12-26,0.9,0,0,0,0,0,0.1,1,S0|cap=0.2|band=0.01
2019-12-27,0.9,0,0,0,0,0,0.1,1,S0|cap=0.2|band=0.01
2019-12-30,0.9,0,0,0,0,0,0.1,1,S0|cap=0.2|band=0.01
2019-12-31,0.9,0,0,0,0,0,0.1,1,S0|cap=0.2|band=0.01
2020-01-01,0.9,0,0,0,0,0,0.1,1,S0|cap=0.2|band=0.01
2020-01-02,0.9,0,0,0,0,0,0.1,1,S0|cap=0.2|band=0.01
2020-01-03,0.9,0,0,0,0,0,0.1,1,S0|cap=0.2|band=0.01
2020-01-06,0.9,0,0,0,0,0,0.1,1,S0|cap=0.2|band=0.01
2020-01-07,0.9,0,0,0,0,0,0.1,1,S0|cap=0.2|band=0.01
2020-01-08,0.9,0,0,0,0,0,0.1,1,S0|cap=0.2|band=0.01
2020-01-09,0.9,0,0,0,0,0,0.1,1,S0|cap=0.2|band=0.01
2020-01-10,0.9,0,0,0,0,0,0.1,1,S0|cap=0.2|band=0.01
2020-01-13,0.9,0,0,0,0,0,0.1,1,S0|cap=0.2|band=0.01
2020-01-14,0.9,0,0,0,0,0,0.1,1,S0|cap=0.2|band=0.01
2020-01-15,0.9,0,0,0,0,0,0.1,1,S0|cap=0.2|band=0.01
2020-01-16,0.9,0,0,0,0,0,0.1,1,S0|cap=0.2|band=0.01
2020-01-17,0.9,0,0,0,0,0,0.1,1,S0|cap=0.2|band=0.01
2020-01-20,0.9,0,0,0,0,0,0.1,1,S0|cap=0.2|band=0.01
2020-01-21,0.9,0,0,0,0,0,0.1,1,S0|cap=0.2|band=0.01
2020-01-22,0.9,0,0,0,0,0,0.1,1,S0|cap=0.2|band=0.01
2020-01-23,0.9,0,0,0,0,0,0.1,1,S0|cap=0.2|band=0.01
2020-01-24,0.9,0,0,0,0,0,0.1,1,S0|cap=0.2|band=0.01
2020-01-27,0.9,0,0,0,0,0,0.1,1,S0|cap=0.2|band=0.01
2020-01-28,0.9,0,0,0,0,0,0.1,1,S0|cap=0.2|band=0.01
2020-01-29,0.9,0,0,0,0,0,0.1,1,S0|cap=0.2|band=0.01
2020-01-30,0.9,0,0,0,0,0,0.1,1,S0|cap=0.2|band=0.01
2020-01-31,0.9,0,0,0,0,0,0.1,1,S0|cap=0.2|band=0.01
2020-02-01,0.9,0,0,0,0,0,0.1,1,S0|cap=0.2|band=0.01
2020-02-03,0.9,0,0,0,0,0,0.1,1,S0|cap=0.2|band=0.01
2020-02-04,0.9,0,0,0,0,0,0.1,1,S0|cap=0.2|band=0.01
2020-02-05,0.9,0,0,0,0,0,0.1,1,S0|cap=0.2|band=0.01
2020-02-06,0.9,0,0,0,0,0,0.1,1,S0|cap=0.2|band=0.01
2020-02-07,0.9,0,0,0,0,0,0.1,1,S0|cap=0.2|band=0.01
2020-02-10,0.9,0,0,0,0,0,0.1,1,S0|cap=0.2|band=0.01
2020-02-11,0.9,0,0,0,0,0,0.1,1,S0|cap=0.2|band=0.01
2020-02-12,0.9,0,0,0,0,0,0.1,1,S0|cap=0.2|band=0.01
2020-02-13,0.9,0,0,0,0,0,0.1,1,S0|cap=0.2|band=0.01
2020-02-14,0.9,0,0,0,0,0,0.1,1,S0|cap=0.2|band=0.01
2020-02-17,0.9,0,0,0,0,0,0.1,1,S0|cap=0.2|band=0.01
2020-02-18,0.9,0,0,0,0,0,0.1,1,S0|cap=0.2|band=0.01
2020-02-19,0.9,0,0,0,0,0,0.1,1,S0|cap=0.2|band=0.01
2020-02-20,0.9,0,0,0,0,0,0.1,1,S0|cap=0.2|band=0.01
2020-02-24,0.9,0,0,0,0,0,0.1,1,S0|cap=0.2|band=0.01
2020-02-25,0.9,0,0,0,0,0,0.1,1,S0|cap=0.2|band=0.01
2020-02-26,0.9,0,0,0,0,0,0.1,1,S0|cap=0.2|band=0.01
2020-02-27,0.9,0,0,0,0,0,0.1,1,S0|cap=0.2|band=0.01
2020-02-28,0.9,0,0,0,0,0,0.1,1,S0|cap=0.2|band=0.01
2020-03-02,0.9,0,0,0,0,0,0.1,1,S0|cap=0.2|band=0.01
2020-03-03,0.9,0,0,0,0,0,0.1,1,S0|cap=0.2|band=0.01
2020-03-04,0.9,0,0,0,0,0,0.1,1,S0|cap=0.2|band=0.01
2020-03-05,0.9,0,0,0,0,0,0.1,1,S0|cap=0.2|band=0.01
2020-03-06,0.9,0,0,0,0,0,0.1,1,S0|cap=0.2|band=0.01
2020-03-09,0.5426946322,0,0,0,0,0,0.4573053678,0.6029940358,S0|cap=0.2|band=0.01
2020-03-11,0.5169570402,0,0,0,0,0,0.4830429598,0.5743967114,S0|cap=0.2|band=0.01
2020-03-12,0.1296545622,0,0,0,0,0,0.8703454378,0.1440606246,S0|cap=0.2|band=0.01
2020-03-13,0.1296545622,0,0,0,0,0,0.8703454378,0.1440606246,S0|cap=0.2|band=0.01
2020-03-16,0.1296545622,0,0,0,0,0,0.8703454378,0.1440606246,S0|cap=0.2|band=0.01
2020-03-17,0.1042958826,0,0,0,0,0,0.8957041174,0.1303698533,S0|cap=0.2|band=0.01
2020-03-18,0.06168230457,0,0,0,0,0,0.9383176954,0.08811757796,S0|cap=0.2|band=0.01
2020-03-19,0.002788046111,0,0,0,0,0,0.9972119539,0.005069174747,S0|cap=0.2|band=0.01
2020-03-20,0.002788046111,0,0,0,0,0,0.9972119539,0.005069174747,S0|cap=0.2|band=0.01
2020-03-23,0.002534587373,0,0,0,0,0,0.9974654126,0.005069174747,S0|cap=0.2|band=0.01
2020-03-24,0.0007841845909,0,0,0,0,0,0.9992158154,0.001568369182,S0|cap=0.2|band=0.01
2020-03-25,0.0007841845909,0,0,0,0,0,0.9992158154,0.001568369182,S0|cap=0.2|band=0.01
2020-03-26,0.0007841845909,0,0,0,0,0,0.9992158154,0.001568369182,S0|cap=0.2|band=0.01
2020-03-27,0.0007841845909,0,0,0,0,0,0.9992158154,0.001568369182,S0|cap=0.2|band=0.01
2020-03-30,0.0007841845909,0,0,0,0,0,0.9992158154,0.001568369182,S0|cap=0.2|band=0.01
2020-03-31,0.0007841845909,0,0,0,0,0,0.9992158154,0.001568369182,S0|cap=0.2|band=0.01
2020-04-01,0.0007841845909,0,0,0,0,0,0.9992158154,0.001568369182,S0|cap=0.2|band=0.01
2020-04-03,0.0007841845909,0,0,0,0,0,0.9992158154,0.001568369182,S0|cap=0.2|band=0.01
2020-04-07,0.0007841845909,0,0,0,0,0,0.9992158154,0.001568369182,S0|cap=0.2|band=0.01
2020-04-08,0.0007841845909,0,0,0,0,0,0.9992158154,0.001568369182,S0|cap=0.2|band=0.01
2020-04-09,0.0007841845909,0,0,0,0,0,0.9992158154,0.001568369182,S0|cap=0.2|band=0.01
2020-04-13,0.0007841845909,0,0,0,0,0,0.9992158154,0.001568369182,S0|cap=0.2|band=0.01
2020-04-15,0.0007841845909,0,0,0,0,0,0.9992158154,0.001568369182,S0|cap=0.2|band=0.01
2020-04-16,0.0007841845909,0,0,0,0,0,0.9992158154,0.001568369182,S0|cap=0.2|band=0.01
2020-04-17,0.0007841845909,0,0,0,0,0,0.9992158154,0.001568369182,S0|cap=0.2|band=0.01
2020-04-20,0.0007841845909,0,0,0,0,0,0.9992158154,0.001568369182,S0|cap=0.2|band=0.01
2020-04-21,0.0007841845909,0,0,0,0,0,0.9992158154,0.001568369182,S0|cap=0.2|band=0.01
2020-04-22,0.0007841845909,0,0,0,0,0,0.9992158154,0.001568369182,S0|cap=0.2|band=0.01
2020-04-23,0.0007841845909,0,0,0,0,0,0.9992158154,0.001568369182,S0|cap=0.2|band=0.01
2020-04-24,0.0007841845909,0,0,0,0,0,0.9992158154,0.001568369182,S0|cap=0.2|band=0.01
2020-04-27,0.0007841845909,0,0,0,0,0,0.9992158154,0.001568369182,S0|cap=0.2|band=0.01
2020-04-28,0.0007841845909,0,0,0,0,0,0.9992158154,0.001568369182,S0|cap=0.2|band=0.01
2020-04-29,0.0007841845909,0,0,0,0,0,0.9992158154,0.001568369182,S0|cap=0.2|band=0.01
2020-04-30,0.0007841845909,0,0,0,0,0,0.9992158154,0.001568369182,S0|cap=0.2|band=0.01
2020-05-04,0.0007841845909,0,0,0,0,0,0.9992158154,0.001568369182,S0|cap=0.2|band=0.01
2020-05-05,0.0007841845909,0,0,0,0,0,0.9992158154,0.001568369182,S0|cap=0.2|band=0.01
2020-05-06,0.0007841845909,0,0,0,0,0,0.9992158154,0.001568369182,S0|cap=0.2|band=0.01
2020-05-07,0.0007841845909,0,0,0,0,0,0.9992158154,0.001568369182,S0|cap=0.2|band=0.01
2020-05-08,0.0007841845909,0,0,0,0,0,0.9992158154,0.001568369182,S0|cap=0.2|band=0.01
2020-05-11,0.0007841845909,0,0,0,0,0,0.9992158154,0.001568369182,S0|cap=0.2|band=0.01
2020-05-12,0.0007841845909,0,0,0,0,0,0.9992158154,0.001568369182,S0|cap=0.2|band=0.01
2020-05-13,0.0007841845909,0,0,0,0,0,0.9992158154,0.001568369182,S0|cap=0.2|band=0.01
2020-05-14,0.0007841845909,0,0,0,0,0,0.9992158154,0.001568369182,S0|cap=0.2|band=0.01
2020-05-15,0.0007841845909,0,0,0,0,0,0.9992158154,0.001568369182,S0|cap=0.2|band=0.01
2020-05-18,0.0007841845909,0,0,0,0,0,0.9992158154,0.001568369182,S0|cap=0.2|band=0.01
2020-05-19,0.0007841845909,0,0,0,0,0,0.9992158154,0.001568369182,S0|cap=0.2|band=0.01
2020-05-20,0.0007841845909,0,0,0,0,0,0.9992158154,0.001568369182,S0|cap=0.2|band=0.01
2020-05-21,0.0007841845909,0,0,0,0,0,0.9992158154,0.001568369182,S0|cap=0.2|band=0.01
2020-05-22,0.0007841845909,0,0,0,0,0,0.9992158154,0.001568369182,S0|cap=0.2|band=0.01
2020-05-26,0.0007841845909,0,0,0,0,0,0.9992158154,0.001568369182,S0|cap=0.2|band=0.01
2020-05-27,0.0007841845909,0,0,0,0,0,0.9992158154,0.001568369182,S0|cap=0.2|band=0.01
2020-05-28,0.0007841845909,0,0,0,0,0,0.9992158154,0.001568369182,S0|cap=0.2|band=0.01
2020-05-29,0.0007841845909,0,0,0,0,0,0.9992158154,0.001568369182,S0|cap=0.2|band=0.01
2020-06-01,0.0007841845909,0,0,0,0,0,0.9992158154,0.001568369182,S0|cap=0.2|band=0.01
2020-06-02,0.0007841845909,0,0,0,0,0,0.9992158154,0.001568369182,S0|cap=0.2|band=0.01
2020-06-03,0.0007841845909,0,0,0,0,0,0.9992158154,0.001568369182,S0|cap=0.2|band=0.01
2020-06-04,0.0007841845909,0,0,0,0,0,0.9992158154,0.001568369182,S0|cap=0.2|band=0.01
2020-06-05,0.0007841845909,0,0,0,0,0,0.9992158154,0.001568369182,S0|cap=0.2|band=0.01
2020-06-08,0.0007841845909,0,0,0,0,0,0.9992158154,0.001568369182,S0|cap=0.2|band=0.01
2020-06-09,0.0007841845909,0,0,0,0,0,0.9992158154,0.001568369182,S0|cap=0.2|band=0.01
2020-06-10,0.0007841845909,0,0,0,0,0,0.9992158154,0.001568369182,S0|cap=0.2|band=0.01
2020-06-11,0.0007841845909,0,0,0,0,0,0.9992158154,0.001568369182,S0|cap=0.2|band=0.01
2020-06-12,0.0007841845909,0,0,0,0,0,0.9992158154,0.001568369182,S0|cap=0.2|band=0.01
2020-06-15,0.0007841845909,0,0,0,0,0,0.9992158154,0.001568369182,S0|cap=0.2|band=0.01
2020-06-16,0.0007841845909,0,0,0,0,0,0.9992158154,0.001568369182,S0|cap=0.2|band=0.01
2020-06-17,0.0007841845909,0,0,0,0,0,0.9992158154,0.001568369182,S0|cap=0.2|band=0.01
2020-06-18,0.0007841845909,0,0,0,0,0,0.9992158154,0.001568369182,S0|cap=0.2|band=0.01
2020-06-19,0.0007841845909,0,0,0,0,0,0.9992158154,0.001568369182,S0|cap=0.2|band=0.01
2020-06-22,0.0007841845909,0,0,0,0,0,0.9992158154,0.001568369182,S0|cap=0.2|band=0.01
2020-06-23,0.0007841845909,0,0,0,0,0,0.9992158154,0.001568369182,S0|cap=0.2|band=0.01
2020-06-24,0.09020600444,0,0,0,0,0,0.9097939956,0.1804120089,S0|cap=0.2|band=0.01
2020-06-25,0.08995144253,0,0,0,0,0,0.9100485575,0.1799028851,S0|cap=0.2|band=0.01
2020-06-26,0.08995144253,0,0,0,0,0,0.9100485575,0.1799028851,S0|cap=0.2|band=0.01
2020-06-29,0.08995144253,0,0,0,0,0,0.9100485575,0.1799028851,S0|cap=0.2|band=0.01
2020-06-30,0.08995144253,0,0,0,0,0,0.9100485575,0.1799028851,S0|cap=0.2|band=0.01
2020-07-01,0.08995144253,0,0,0,0,0,0.9100485575,0.1799028851,S0|cap=0.2|band=0.01
2020-07-02,0.08995144253,0,0,0,0,0,0.9100485575,0.1799028851,S0|cap=0.2|band=0.01
2020-07-03,0.08995144253,0,0,0,0,0,0.9100485575,0.1799028851,S0|cap=0.2|band=0.01
2020-07-06,0.08995144253,0,0,0,0,0,0.9100485575,0.1799028851,S0|cap=0.2|band=0.01
2020-07-07,0.08995144253,0,0,0,0,0,0.9100485575,0.1799028851,S0|cap=0.2|band=0.01
2020-07-08,0.08995144253,0,0,0,0,0,0.9100485575,0.1799028851,S0|cap=0.2|band=0.01
2020-07-09,0.08995144253,0,0,0,0,0,0.9100485575,0.1799028851,S0|cap=0.2|band=0.01
2020-07-10,0.08995144253,0,0,0,0,0,0.9100485575,0.1799028851,S0|cap=0.2|band=0.01
2020-07-13,0.08995144253,0,0,0,0,0,0.9100485575,0.1799028851,S0|cap=0.2|band=0.01
2020-07-14,0.08995144253,0,0,0,0,0,0.9100485575,0.1799028851,S0|cap=0.2|band=0.01
2020-07-15,0.08995144253,0,0,0,0,0,0.9100485575,0.1799028851,S0|cap=0.2|band=0.01
2020-07-16,0.08995144253,0,0,0,0,0,0.9100485575,0.1799028851,S0|cap=0.2|band=0.01
2020-07-17,0.08995144253,0,0,0,0,0,0.9100485575,0.1799028851,S0|cap=0.2|band=0.01
2020-07-20,0.08995144253,0,0,0,0,0,0.9100485575,0.1799028851,S0|cap=0.2|band=0.01
2020-07-21,0.08995144253,0,0,0,0,0,0.9100485575,0.1799028851,S0|cap=0.2|band=0.01
2020-07-22,0.08995144253,0,0,0,0,0,0.9100485575,0.1799028851,S0|cap=0.2|band=0.01
2020-07-23,0.08995144253,0,0,0,0,0,0.9100485575,0.1799028851,S0|cap=0.2|band=0.01
2020-07-24,0.08995144253,0,0,0,0,0,0.9100485575,0.1799028851,S0|cap=0.2|band=0.01
2020-07-27,0.08995144253,0,0,0,0,0,0.9100485575,0.1799028851,S0|cap=0.2|band=0.01
2020-07-28,0.08995144253,0,0,0,0,0,0.9100485575,0.1799028851,S0|cap=0.2|band=0.01
2020-07-29,0.08995144253,0,0,0,0,0,0.9100485575,0.1799028851,S0|cap=0.2|band=0.01
2020-07-30,0.08995144253,0,0,0,0,0,0.9100485575,0.1799028851,S0|cap=0.2|band=0.01
2020-07-31,0.08995144253,0,0,0,0,0,0.9100485575,0.1799028851,S0|cap=0.2|band=0.01
2020-08-03,0.08995144253,0,0,0,0,0,0.9100485575,0.1799028851,S0|cap=0.2|band=0.01
2020-08-04,0.08995144253,0,0,0,0,0,0.9100485575,0.1799028851,S0|cap=0.2|band=0.01
2020-08-05,0.08995144253,0,0,0,0,0,0.9100485575,0.1799028851,S0|cap=0.2|band=0.01
2020-08-06,0.08995144253,0,0,0,0,0,0.9100485575,0.1799028851,S0|cap=0.2|band=0.01
2020-08-07,0.08995144253,0,0,0,0,0,0.9100485575,0.1799028851,S0|cap=0.2|band=0.01
2020-08-10,0.08995144253,0,0,0,0,0,0.9100485575,0.1799028851,S0|cap=0.2|band=0.01
2020-08-11,0.08995144253,0,0,0,0,0,0.9100485575,0.1799028851,S0|cap=0.2|band=0.01
2020-08-12,0.08995144253,0,0,0,0,0,0.9100485575,0.1799028851,S0|cap=0.2|band=0.01
2020-08-13,0.08995144253,0,0,0,0,0,0.9100485575,0.1799028851,S0|cap=0.2|band=0.01
2020-08-14,0.08995144253,0,0,0,0,0,0.9100485575,0.1799028851,S0|cap=0.2|band=0.01
2020-08-17,0.08995144253,0,0,0,0,0,0.9100485575,0.1799028851,S0|cap=0.2|band=0.01
2020-08-18,0.08995144253,0,0,0,0,0,0.9100485575,0.1799028851,S0|cap=0.2|band=0.01
2020-08-19,0.08995144253,0,0,0,0,0,0.9100485575,0.1799028851,S0|cap=0.2|band=0.01
2020-08-20,0.08995144253,0,0,0,0,0,0.9100485575,0.1799028851,S0|cap=0.2|band=0.01
2020-08-21,0.08995144253,0,0,0,0,0,0.9100485575,0.1799028851,S0|cap=0.2|band=0.01
2020-08-24,0.08995144253,0,0,0,0,0,0.9100485575,0.1799028851,S0|cap=0.2|band=0.01
2020-08-25,0.08995144253,0,0,0,0,0,0.9100485575,0.1799028851,S0|cap=0.2|band=0.01
2020-08-26,0.08995144253,0,0,0,0,0,0.9100485575,0.1799028851,S0|cap=0.2|band=0.01
2020-08-27,0.08995144253,0,0,0,0,0,0.9100485575,0.1799028851,S0|cap=0.2|band=0.01
2020-08-28,0.08995144253,0,0,0,0,0,0.9100485575,0.1799028851,S0|cap=0.2|band=0.01
2020-08-31,0.08995144253,0,0,0,0,0,0.9100485575,0.1799028851,S0|cap=0.2|band=0.01
2020-09-01,0.08995144253,0,0,0,0,0,0.9100485575,0.1799028851,S0|cap=0.2|band=0.01
2020-09-02,0.08995144253,0,0,0,0,0,0.9100485575,0.1799028851,S0|cap=0.2|band=0.01
2020-09-03,0.08995144253,0,0,0,0,0,0.9100485575,0.1799028851,S0|cap=0.2|band=0.01
2020-09-04,0.08995144253,0,0,0,0,0,0.9100485575,0.1799028851,S0|cap=0.2|band=0.01
2020-09-07,0.08995144253,0,0,0,0,0,0.9100485575,0.1799028851,S0|cap=0.2|band=0.01
2020-09-08,0.08995144253,0,0,0,0,0,0.9100485575,0.1799028851,S0|cap=0.2|band=0.01
2020-09-09,0.08995144253,0,0,0,0,0,0.9100485575,0.1799028851,S0|cap=0.2|band=0.01
2020-09-10,0.08995144253,0,0,0,0,0,0.9100485575,0.1799028851,S0|cap=0.2|band=0.01
2020-09-11,0.08995144253,0,0,0,0,0,0.9100485575,0.1799028851,S0|cap=0.2|band=0.01
2020-09-14,0.08995144253,0,0,0,0,0,0.9100485575,0.1799028851,S0|cap=0.2|band=0.01
2020-09-15,0.08995144253,0,0,0,0,0,0.9100485575,0.1799028851,S0|cap=0.2|band=0.01
2020-09-16,0.08995144253,0,0,0,0,0,0.9100485575,0.1799028851,S0|cap=0.2|band=0.01
2020-09-17,0.1834227811,0,0,0,0,0,0.8165772189,0.3668455622,S0|cap=0.2|band=0.01
2020-09-18,0.1823653447,0,0,0,0,0,0.8176346553,0.3647306894,S0|cap=0.2|band=0.01
2020-09-21,0.1621634914,0,0,0,0,0,0.8378365086,0.3243269828,S0|cap=0.2|band=0.01
2020-09-22,0.1547114966,0,0,0,0,0,0.8452885034,0.3094229932,S0|cap=0.2|band=0.01
2020-09-23,0.1547114966,0,0,0,0,0,0.8452885034,0.3094229932,S0|cap=0.2|band=0.01
2020-09-24,0.1332743587,0,0,0,0,0,0.8667256413,0.2665487173,S0|cap=0.2|band=0.01
2020-09-25,0.1332743587,0,0,0,0,0,0.8667256413,0.2665487173,S0|cap=0.2|band=0.01
2020-09-28,0.1332743587,0,0,0,0,0,0.8667256413,0.2665487173,S0|cap=0.2|band=0.01
2020-09-29,0.1332743587,0,0,0,0,0,0.8667256413,0.2665487173,S0|cap=0.2|band=0.01
2020-09-30,0.1332743587,0,0,0,0,0,0.8667256413,0.2665487173,S0|cap=0.2|band=0.01
2020-10-01,0.1332743587,0,0,0,0,0,0.8667256413,0.2665487173,S0|cap=0.2|band=0.01
2020-10-05,0.1332743587,0,0,0,0,0,0.8667256413,0.2665487173,S0|cap=0.2|band=0.01
2020-10-06,0.1332743587,0,0,0,0,0,0.8667256413,0.2665487173,S0|cap=0.2|band=0.01
2020-10-07,0.1332743587,0,0,0,0,0,0.8667256413,0.2665487173,S0|cap=0.2|band=0.01
2020-10-08,0.1332743587,0,0,0,0,0,0.8667256413,0.2665487173,S0|cap=0.2|band=0.01
2020-10-09,0.1332743587,0,0,0,0,0,0.8667256413,0.2665487173,S0|cap=0.2|band=0.01
2020-10-12,0.1332743587,0,0,0,0,0,0.8667256413,0.2665487173,S0|cap=0.2|band=0.01
2020-10-13,0.1332743587,0,0,0,0,0,0.8667256413,0.2665487173,S0|cap=0.2|band=0.01
2020-10-14,0.1332743587,0,0,0,0,0,0.8667256413,0.2665487173,S0|cap=0.2|band=0.01
2020-10-15,0.1332743587,0,0,0,0,0,0.8667256413,0.2665487173,S0|cap=0.2|band=0.01
2020-10-16,0.1332743587,0,0,0,0,0,0.8667256413,0.2665487173,S0|cap=0.2|band=0.01
2020-10-19,0.1332743587,0,0,0,0,0,0.8667256413,0.2665487173,S0|cap=0.2|band=0.01
2020-10-20,0.1332743587,0,0,0,0,0,0.8667256413,0.2665487173,S0|cap=0.2|band=0.01
2020-10-21,0.1332743587,0,0,0,0,0,0.8667256413,0.2665487173,S0|cap=0.2|band=0.01
2020-10-22,0.1332743587,0,0,0,0,0,0.8667256413,0.2665487173,S0|cap=0.2|band=0.01
2020-10-23,0.1332743587,0,0,0,0,0,0.8667256413,0.2665487173,S0|cap=0.2|band=0.01
2020-10-26,0.1332743587,0,0,0,0,0,0.8667256413,0.2665487173,S0|cap=0.2|band=0.01
2020-10-27,0.1332743587,0,0,0,0,0,0.8667256413,0.2665487173,S0|cap=0.2|band=0.01
2020-10-28,0.1332743587,0,0,0,0,0,0.8667256413,0.2665487173,S0|cap=0.2|band=0.01
2020-10-29,0.1332743587,0,0,0,0,0,0.8667256413,0.2665487173,S0|cap=0.2|band=0.01
2020-10-30,0.1332743587,0,0,0,0,0,0.8667256413,0.2665487173,S0|cap=0.2|band=0.01
2020-11-02,0.1332743587,0,0,0,0,0,0.8667256413,0.2665487173,S0|cap=0.2|band=0.01
2020-11-03,0.1332743587,0,0,0,0,0,0.8667256413,0.2665487173,S0|cap=0.2|band=0.01
2020-11-04,0.1332743587,0,0,0,0,0,0.8667256413,0.2665487173,S0|cap=0.2|band=0.01
2020-11-05,0.1332743587,0,0,0,0,0,0.8667256413,0.2665487173,S0|cap=0.2|band=0.01
2020-11-06,0.1332743587,0,0,0,0,0,0.8667256413,0.2665487173,S0|cap=0.2|band=0.01
2020-11-09,0.1332743587,0,0,0,0,0,0.8667256413,0.2665487173,S0|cap=0.2|band=0.01
2020-11-10,0.1332743587,0,0,0,0,0,0.8667256413,0.2665487173,S0|cap=0.2|band=0.01
2020-11-11,0.1332743587,0,0,0,0,0,0.8667256413,0.2665487173,S0|cap=0.2|band=0.01
2020-11-12,0.1332743587,0,0,0,0,0,0.8667256413,0.2665487173,S0|cap=0.2|band=0.01
2020-11-13,0.1332743587,0,0,0,0,0,0.8667256413,0.2665487173,S0|cap=0.2|band=0.01
2020-11-14,0.1332743587,0,0,0,0,0,0.8667256413,0.2665487173,S0|cap=0.2|band=0.01
2020-11-17,0.1332743587,0,0,0,0,0,0.8667256413,0.2665487173,S0|cap=0.2|band=0.01
2020-11-18,0.1332743587,0,0,0,0,0,0.8667256413,0.2665487173,S0|cap=0.2|band=0.01
2020-11-19,0.1332743587,0,0,0,0,0,0.8667256413,0.2665487173,S0|cap=0.2|band=0.01
2020-11-20,0.1332743587,0,0,0,0,0,0.8667256413,0.2665487173,S0|cap=0.2|band=0.01
2020-11-23,0.1332743587,0,0,0,0,0,0.8667256413,0.2665487173,S0|cap=0.2|band=0.01
2020-11-24,0.1332743587,0,0,0,0,0,0.8667256413,0.2665487173,S0|cap=0.2|band=0.01
2020-11-25,0.1332743587,0,0,0,0,0,0.8667256413,0.2665487173,S0|cap=0.2|band=0.01
2020-11-26,0.1332743587,0,0,0,0,0,0.8667256413,0.2665487173,S0|cap=0.2|band=0.01
2020-11-27,0.1332743587,0,0,0,0,0,0.8667256413,0.2665487173,S0|cap=0.2|band=0.01
2020-12-01,0.1332743587,0,0,0,0,0,0.8667256413,0.2665487173,S0|cap=0.2|band=0.01
2020-12-02,0.1332743587,0,0,0,0,0,0.8667256413,0.2665487173,S0|cap=0.2|band=0.01
2020-12-03,0.1332743587,0,0,0,0,0,0.8667256413,0.2665487173,S0|cap=0.2|band=0.01
2020-12-04,0.1332743587,0,0,0,0,0,0.8667256413,0.2665487173,S0|cap=0.2|band=0.01
2020-12-07,0.1332743587,0,0,0,0,0,0.8667256413,0.2665487173,S0|cap=0.2|band=0.01
2020-12-08,0.1332743587,0,0,0,0,0,0.8667256413,0.2665487173,S0|cap=0.2|band=0.01
2020-12-09,0.1332743587,0,0,0,0,0,0.8667256413,0.2665487173,S0|cap=0.2|band=0.01
2020-12-10,0.1332743587,0,0,0,0,0,0.8667256413,0.2665487173,S0|cap=0.2|band=0.01
2020-12-11,0.1332743587,0,0,0,0,0,0.8667256413,0.2665487173,S0|cap=0.2|band=0.01
2020-12-14,0.1332743587,0,0,0,0,0,0.8667256413,0.2665487173,S0|cap=0.2|band=0.01
2020-12-15,0.1332743587,0,0,0,0,0,0.8667256413,0.2665487173,S0|cap=0.2|band=0.01
2020-12-16,0.1332743587,0,0,0,0,0,0.8667256413,0.2665487173,S0|cap=0.2|band=0.01
2020-12-17,0.1332743587,0,0,0,0,0,0.8667256413,0.2665487173,S0|cap=0.2|band=0.01
2020-12-18,0.1332743587,0,0,0,0,0,0.8667256413,0.2665487173,S0|cap=0.2|band=0.01
2020-12-21,0.3194887227,0,0,0,0,0,0.6805112773,0.6389774454,S0|cap=0.2|band=0.01
2020-12-22,0.3194887227,0,0,0,0,0,0.6805112773,0.6389774454,S0|cap=0.2|band=0.01
2020-12-23,0.3194887227,0,0,0,0,0,0.6805112773,0.6389774454,S0|cap=0.2|band=0.01
2020-12-24,0.3194887227,0,0,0,0,0,0.6805112773,0.6389774454,S0|cap=0.2|band=0.01
2020-12-28,0.3194887227,0,0,0,0,0,0.6805112773,0.6389774454,S0|cap=0.2|band=0.01
2020-12-29,0.3194887227,0,0,0,0,0,0.6805112773,0.6389774454,S0|cap=0.2|band=0.01
2020-12-30,0.3194887227,0,0,0,0,0,0.6805112773,0.6389774454,S0|cap=0.2|band=0.01
2020-12-31,0.3194887227,0,0,0,0,0,0.6805112773,0.6389774454,S0|cap=0.2|band=0.01
2021-01-01,0.3194887227,0,0,0,0,0,0.6805112773,0.6389774454,S0|cap=0.2|band=0.01
2021-01-04,0.3194887227,0,0,0,0,0,0.6805112773,0.6389774454,S0|cap=0.2|band=0.01
2021-01-05,0.3194887227,0,0,0,0,0,0.6805112773,0.6389774454,S0|cap=0.2|band=0.01
2021-01-06,0.3194887227,0,0,0,0,0,0.6805112773,0.6389774454,S0|cap=0.2|band=0.01
2021-01-07,0.3194887227,0,0,0,0,0,0.6805112773,0.6389774454,S0|cap=0.2|band=0.01
2021-01-08,0.3194887227,0,0,0,0,0,0.6805112773,0.6389774454,S0|cap=0.2|band=0.01
2021-01-11,0.3194887227,0,0,0,0,0,0.6805112773,0.6389774454,S0|cap=0.2|band=0.01
2021-01-12,0.3194887227,0,0,0,0,0,0.6805112773,0.6389774454,S0|cap=0.2|band=0.01
2021-01-13,0.3194887227,0,0,0,0,0,0.6805112773,0.6389774454,S0|cap=0.2|band=0.01
2021-01-14,0.3194887227,0,0,0,0,0,0.6805112773,0.6389774454,S0|cap=0.2|band=0.01
2021-01-15,0.3194887227,0,0,0,0,0,0.6805112773,0.6389774454,S0|cap=0.2|band=0.01
2021-01-18,0.3194887227,0,0,0,0,0,0.6805112773,0.6389774454,S0|cap=0.2|band=0.01
2021-01-19,0.3194887227,0,0,0,0,0,0.6805112773,0.6389774454,S0|cap=0.2|band=0.01
2021-01-20,0.3194887227,0,0,0,0,0,0.6805112773,0.6389774454,S0|cap=0.2|band=0.01
2021-01-21,0.3194887227,0,0,0,0,0,0.6805112773,0.6389774454,S0|cap=0.2|band=0.01
2021-01-22,0.3194887227,0,0,0,0,0,0.6805112773,0.6389774454,S0|cap=0.2|band=0.01
2021-01-25,0.3194887227,0,0,0,0,0,0.6805112773,0.6389774454,S0|cap=0.2|band=0.01
2021-01-27,0.3194887227,0,0,0,0,0,0.6805112773,0.6389774454,S0|cap=0.2|band=0.01
2021-01-28,0.3194887227,0,0,0,0,0,0.6805112773,0.6389774454,S0|cap=0.2|band=0.01
2021-01-29,0.3194887227,0,0,0,0,0,0.6805112773,0.6389774454,S0|cap=0.2|band=0.01
2021-02-01,0.3194887227,0,0,0,0,0,0.6805112773,0.6389774454,S0|cap=0.2|band=0.01
2021-02-02,0.3194887227,0,0,0,0,0,0.6805112773,0.6389774454,S0|cap=0.2|band=0.01
2021-02-03,0.3194887227,0,0,0,0,0,0.6805112773,0.6389774454,S0|cap=0.2|band=0.01
2021-02-04,0.3194887227,0,0,0,0,0,0.6805112773,0.6389774454,S0|cap=0.2|band=0.01
2021-02-05,0.3194887227,0,0,0,0,0,0.6805112773,0.6389774454,S0|cap=0.2|band=0.01
2021-02-08,0.3194887227,0,0,0,0,0,0.6805112773,0.6389774454,S0|cap=0.2|band=0.01
2021-02-09,0.3194887227,0,0,0,0,0,0.6805112773,0.6389774454,S0|cap=0.2|band=0.01
2021-02-10,0.3194887227,0,0,0,0,0,0.6805112773,0.6389774454,S0|cap=0.2|band=0.01
2021-02-11,0.3194887227,0,0,0,0,0,0.6805112773,0.6389774454,S0|cap=0.2|band=0.01
2021-02-12,0.3194887227,0,0,0,0,0,0.6805112773,0.6389774454,S0|cap=0.2|band=0.01
2021-02-15,0.3194887227,0,0,0,0,0,0.6805112773,0.6389774454,S0|cap=0.2|band=0.01
2021-02-16,0.3194887227,0,0,0,0,0,0.6805112773,0.6389774454,S0|cap=0.2|band=0.01
2021-02-17,0.3194887227,0,0,0,0,0,0.6805112773,0.6389774454,S0|cap=0.2|band=0.01
2021-02-18,0.3194887227,0,0,0,0,0,0.6805112773,0.6389774454,S0|cap=0.2|band=0.01
2021-02-19,0.3194887227,0,0,0,0,0,0.6805112773,0.6389774454,S0|cap=0.2|band=0.01
2021-02-22,0.3194887227,0,0,0,0,0,0.6805112773,0.6389774454,S0|cap=0.2|band=0.01
2021-02-23,0.3194887227,0,0,0,0,0,0.6805112773,0.6389774454,S0|cap=0.2|band=0.01
2021-02-24,0.3194887227,0,0,0,0,0,0.6805112773,0.6389774454,S0|cap=0.2|band=0.01
2021-02-25,0.3194887227,0,0,0,0,0,0.6805112773,0.6389774454,S0|cap=0.2|band=0.01
2021-02-26,0.3194887227,0,0,0,0,0,0.6805112773,0.6389774454,S0|cap=0.2|band=0.01
2021-03-01,0.3194887227,0,0,0,0,0,0.6805112773,0.6389774454,S0|cap=0.2|band=0.01
2021-03-02,0.3194887227,0,0,0,0,0,0.6805112773,0.6389774454,S0|cap=0.2|band=0.01
2021-03-03,0.3194887227,0,0,0,0,0,0.6805112773,0.6389774454,S0|cap=0.2|band=0.01
2021-03-04,0.3194887227,0,0,0,0,0,0.6805112773,0.6389774454,S0|cap=0.2|band=0.01
2021-03-05,0.3194887227,0,0,0,0,0,0.6805112773,0.6389774454,S0|cap=0.2|band=0.01
2021-03-08,0.3194887227,0,0,0,0,0,0.6805112773,0.6389774454,S0|cap=0.2|band=0.01
2021-03-09,0.3194887227,0,0,0,0,0,0.6805112773,0.6389774454,S0|cap=0.2|band=0.01
2021-03-10,0.3194887227,0,0,0,0,0,0.6805112773,0.6389774454,S0|cap=0.2|band=0.01
2021-03-12,0.3194887227,0,0,0,0,0,0.6805112773,0.6389774454,S0|cap=0.2|band=0.01
2021-03-15,0.3194887227,0,0,0,0,0,0.6805112773,0.6389774454,S0|cap=0.2|band=0.01
2021-03-16,0.3194887227,0,0,0,0,0,0.6805112773,0.6389774454,S0|cap=0.2|band=0.01
2021-03-17,0.3194887227,0,0,0,0,0,0.6805112773,0.6389774454,S0|cap=0.2|band=0.01
2021-03-18,0.5,0,0,0,0,0,0.5,1,S0|cap=0.2|band=0.01
2021-03-19,0.5,0,0,0,0,0,0.5,1,S0|cap=0.2|band=0.01
2021-03-22,0.5,0,0,0,0,0,0.5,1,S0|cap=0.2|band=0.01
2021-03-23,0.5,0,0,0,0,0,0.5,1,S0|cap=0.2|band=0.01
2021-03-24,0.5,0,0,0,0,0,0.5,1,S0|cap=0.2|band=0.01
2021-03-25,0.4759725821,0,0,0,0,0,0.5240274179,0.9519451642,S0|cap=0.2|band=0.01
2021-03-26,0.4759725821,0,0,0,0,0,0.5240274179,0.9519451642,S0|cap=0.2|band=0.01
2021-03-30,0.4759725821,0,0,0,0,0,0.5240274179,0.9519451642,S0|cap=0.2|band=0.01
2021-03-31,0.4759725821,0,0,0,0,0,0.5240274179,0.9519451642,S0|cap=0.2|band=0.01
2021-04-01,0.4759725821,0,0,0,0,0,0.5240274179,0.9519451642,S0|cap=0.2|band=0.01
2021-04-05,0.4759725821,0,0,0,0,0,0.5240274179,0.9519451642,S0|cap=0.2|band=0.01
2021-04-06,0.4759725821,0,0,0,0,0,0.5240274179,0.9519451642,S0|cap=0.2|band=0.01
2021-04-07,0.4759725821,0,0,0,0,0,0.5240274179,0.9519451642,S0|cap=0.2|band=0.01
2021-04-08,0.4759725821,0,0,0,0,0,0.5240274179,0.9519451642,S0|cap=0.2|band=0.01
2021-04-09,0.4759725821,0,0,0,0,0,0.5240274179,0.9519451642,S0|cap=0.2|band=0.01
2021-04-12,0.4759725821,0,0,0,0,0,0.5240274179,0.9519451642,S0|cap=0.2|band=0.01
2021-04-13,0.4759725821,0,0,0,0,0,0.5240274179,0.9519451642,S0|cap=0.2|band=0.01
2021-04-15,0.4759725821,0,0,0,0,0,0.5240274179,0.9519451642,S0|cap=0.2|band=0.01
2021-04-16,0.4759725821,0,0,0,0,0,0.5240274179,0.9519451642,S0|cap=0.2|band=0.01
2021-04-19,0.4759725821,0,0,0,0,0,0.5240274179,0.9519451642,S0|cap=0.2|band=0.01
2021-04-20,0.4742079167,0,0,0,0,0,0.5257920833,0.9484158334,S0|cap=0.2|band=0.01
2021-04-22,0.4742079167,0,0,0,0,0,0.5257920833,0.9484158334,S0|cap=0.2|band=0.01
2021-04-23,0.4742079167,0,0,0,0,0,0.5257920833,0.9484158334,S0|cap=0.2|band=0.01
2021-04-26,0.4742079167,0,0,0,0,0,0.5257920833,0.9484158334,S0|cap=0.2|band=0.01
2021-04-27,0.4742079167,0,0,0,0,0,0.5257920833,0.9484158334,S0|cap=0.2|band=0.01
2021-04-28,0.4742079167,0,0,0,0,0,0.5257920833,0.9484158334,S0|cap=0.2|band=0.01
2021-04-29,0.4742079167,0,0,0,0,0,0.5257920833,0.9484158334,S0|cap=0.2|band=0.01
2021-04-30,0.4742079167,0,0,0,0,0,0.5257920833,0.9484158334,S0|cap=0.2|band=0.01
2021-05-03,0.4742079167,0,0,0,0,0,0.5257920833,0.9484158334,S0|cap=0.2|band=0.01
2021-05-04,0.4742079167,0,0,0,0,0,0.5257920833,0.9484158334,S0|cap=0.2|band=0.01
2021-05-05,0.4742079167,0,0,0,0,0,0.5257920833,0.9484158334,S0|cap=0.2|band=0.01
2021-05-06,0.4742079167,0,0,0,0,0,0.5257920833,0.9484158334,S0|cap=0.2|band=0.01
2021-05-07,0.4742079167,0,0,0,0,0,0.5257920833,0.9484158334,S0|cap=0.2|band=0.01
2021-05-10,0.4742079167,0,0,0,0,0,0.5257920833,0.9484158334,S0|cap=0.2|band=0.01
2021-05-11,0.4742079167,0,0,0,0,0,0.5257920833,0.9484158334,S0|cap=0.2|band=0.01
2021-05-12,0.4742079167,0,0,0,0,0,0.5257920833,0.9484158334,S0|cap=0.2|band=0.01
2021-05-14,0.4742079167,0,0,0,0,0,0.5257920833,0.9484158334,S0|cap=0.2|band=0.01
2021-05-17,0.4742079167,0,0,0,0,0,0.5257920833,0.9484158334,S0|cap=0.2|band=0.01
2021-05-18,0.4742079167,0,0,0,0,0,0.5257920833,0.9484158334,S0|cap=0.2|band=0.01
2021-05-19,0.4742079167,0,0,0,0,0,0.5257920833,0.9484158334,S0|cap=0.2|band=0.01
2021-05-20,0.4742079167,0,0,0,0,0,0.5257920833,0.9484158334,S0|cap=0.2|band=0.01
2021-05-21,0.4742079167,0,0,0,0,0,0.5257920833,0.9484158334,S0|cap=0.2|band=0.01
2021-05-24,0.4742079167,0,0,0,0,0,0.5257920833,0.9484158334,S0|cap=0.2|band=0.01
2021-05-25,0.4742079167,0,0,0,0,0,0.5257920833,0.9484158334,S0|cap=0.2|band=0.01
2021-05-26,0.4742079167,0,0,0,0,0,0.5257920833,0.9484158334,S0|cap=0.2|band=0.01
2021-05-27,0.4742079167,0,0,0,0,0,0.5257920833,0.9484158334,S0|cap=0.2|band=0.01
2021-05-28,0.4742079167,0,0,0,0,0,0.5257920833,0.9484158334,S0|cap=0.2|band=0.01
2021-05-31,0.4742079167,0,0,0,0,0,0.5257920833,0.9484158334,S0|cap=0.2|band=0.01
2021-06-01,0.4742079167,0,0,0,0,0,0.5257920833,0.9484158334,S0|cap=0.2|band=0.01
2021-06-02,0.4742079167,0,0,0,0,0,0.5257920833,0.9484158334,S0|cap=0.2|band=0.01
2021-06-03,0.4742079167,0,0,0,0,0,0.5257920833,0.9484158334,S0|cap=0.2|band=0.01
2021-06-04,0.4742079167,0,0,0,0,0,0.5257920833,0.9484158334,S0|cap=0.2|band=0.01
2021-06-07,0.4742079167,0,0,0,0,0,0.5257920833,0.9484158334,S0|cap=0.2|band=0.01
2021-06-08,0.4742079167,0,0,0,0,0,0.5257920833,0.9484158334,S0|cap=0.2|band=0.01
2021-06-09,0.4742079167,0,0,0,0,0,0.5257920833,0.9484158334,S0|cap=0.2|band=0.01
2021-06-10,0.4742079167,0,0,0,0,0,0.5257920833,0.9484158334,S0|cap=0.2|band=0.01
2021-06-11,0.4742079167,0,0,0,0,0,0.5257920833,0.9484158334,S0|cap=0.2|band=0.01
2021-06-14,0.4742079167,0,0,0,0,0,0.5257920833,0.9484158334,S0|cap=0.2|band=0.01
2021-06-15,0.4742079167,0,0,0,0,0,0.5257920833,0.9484158334,S0|cap=0.2|band=0.01
2021-06-16,0.4742079167,0,0,0,0,0,0.5257920833,0.9484158334,S0|cap=0.2|band=0.01
2021-06-17,0.4742079167,0,0,0,0,0,0.5257920833,0.9484158334,S0|cap=0.2|band=0.01
2021-06-18,0.4742079167,0,0,0,0,0,0.5257920833,0.9484158334,S0|cap=0.2|band=0.01
2021-06-21,0.4742079167,0,0,0,0,0,0.5257920833,0.9484158334,S0|cap=0.2|band=0.01
2021-06-22,0.4742079167,0,0,0,0,0,0.5257920833,0.9484158334,S0|cap=0.2|band=0.01
2021-06-23,0.4742079167,0,0,0,0,0,0.5257920833,0.9484158334,S0|cap=0.2|band=0.01
2021-06-24,0.4742079167,0,0,0,0,0,0.5257920833,0.9484158334,S0|cap=0.2|band=0.01
2021-06-25,0.4742079167,0,0,0,0,0,0.5257920833,0.9484158334,S0|cap=0.2|band=0.01
2021-06-28,0.4742079167,0,0,0,0,0,0.5257920833,0.9484158334,S0|cap=0.2|band=0.01
2021-06-29,0.4742079167,0,0,0,0,0,0.5257920833,0.9484158334,S0|cap=0.2|band=0.01
2021-06-30,0.4742079167,0,0,0,0,0,0.5257920833,0.9484158334,S0|cap=0.2|band=0.01
2021-07-01,0.4742079167,0,0,0,0,0,0.5257920833,0.9484158334,S0|cap=0.2|band=0.01
2021-07-02,0.4742079167,0,0,0,0,0,0.5257920833,0.9484158334,S0|cap=0.2|band=0.01
2021-07-05,0.4742079167,0,0,0,0,0,0.5257920833,0.9484158334,S0|cap=0.2|band=0.01
2021-07-06,0.4742079167,0,0,0,0,0,0.5257920833,0.9484158334,S0|cap=0.2|band=0.01
2021-07-07,0.4742079167,0,0,0,0,0,0.5257920833,0.9484158334,S0|cap=0.2|band=0.01
2021-07-08,0.4742079167,0,0,0,0,0,0.5257920833,0.9484158334,S0|cap=0.2|band=0.01
2021-07-09,0.4742079167,0,0,0,0,0,0.5257920833,0.9484158334,S0|cap=0.2|band=0.01
2021-07-12,0.4742079167,0,0,0,0,0,0.5257920833,0.9484158334,S0|cap=0.2|band=0.01
2021-07-13,0.4742079167,0,0,0,0,0,0.5257920833,0.9484158334,S0|cap=0.2|band=0.01
2021-07-14,0.4742079167,0,0,0,0,0,0.5257920833,0.9484158334,S0|cap=0.2|band=0.01
2021-07-15,0.5,0,0,0,0,0,0.5,1,S0|cap=0.2|band=0.01
2021-07-16,0.5,0,0,0,0,0,0.5,1,S0|cap=0.2|band=0.01
2021-07-19,0.5,0,0,0,0,0,0.5,1,S0|cap=0.2|band=0.01
2021-07-20,0.5,0,0,0,0,0,0.5,1,S0|cap=0.2|band=0.01
2021-07-22,0.5,0,0,0,0,0,0.5,1,S0|cap=0.2|band=0.01
2021-07-23,0.5,0,0,0,0,0,0.5,1,S0|cap=0.2|band=0.01
2021-07-26,0.5,0,0,0,0,0,0.5,1,S0|cap=0.2|band=0.01
2021-07-27,0.5,0,0,0,0,0,0.5,1,S0|cap=0.2|band=0.01
2021-07-28,0.5,0,0,0,0,0,0.5,1,S0|cap=0.2|band=0.01
2021-07-29,0.5,0,0,0,0,0,0.5,1,S0|cap=0.2|band=0.01
2021-07-30,0.5,0,0,0,0,0,0.5,1,S0|cap=0.2|band=0.01
2021-08-02,0.5,0,0,0,0,0,0.5,1,S0|cap=0.2|band=0.01
2021-08-03,0.5,0,0,0,0,0,0.5,1,S0|cap=0.2|band=0.01
2021-08-04,0.5,0,0,0,0,0,0.5,1,S0|cap=0.2|band=0.01
2021-08-05,0.5,0,0,0,0,0,0.5,1,S0|cap=0.2|band=0.01
2021-08-06,0.5,0,0,0,0,0,0.5,1,S0|cap=0.2|band=0.01
2021-08-09,0.5,0,0,0,0,0,0.5,1,S0|cap=0.2|band=0.01
2021-08-10,0.5,0,0,0,0,0,0.5,1,S0|cap=0.2|band=0.01
2021-08-11,0.5,0,0,0,0,0,0.5,1,S0|cap=0.2|band=0.01
2021-08-12,0.5,0,0,0,0,0,0.5,1,S0|cap=0.2|band=0.01
2021-08-13,0.5,0,0,0,0,0,0.5,1,S0|cap=0.2|band=0.01
2021-08-16,0.5,0,0,0,0,0,0.5,1,S0|cap=0.2|band=0.01
2021-08-17,0.5,0,0,0,0,0,0.5,1,S0|cap=0.2|band=0.01
2021-08-18,0.5,0,0,0,0,0,0.5,1,S0|cap=0.2|band=0.01
2021-08-20,0.5,0,0,0,0,0,0.5,1,S0|cap=0.2|band=0.01
2021-08-23,0.5,0,0,0,0,0,0.5,1,S0|cap=0.2|band=0.01
2021-08-24,0.5,0,0,0,0,0,0.5,1,S0|cap=0.2|band=0.01
2021-08-25,0.5,0,0,0,0,0,0.5,1,S0|cap=0.2|band=0.01
2021-08-26,0.5,0,0,0,0,0,0.5,1,S0|cap=0.2|band=0.01
2021-08-27,0.5,0,0,0,0,0,0.5,1,S0|cap=0.2|band=0.01
2021-08-30,0.5,0,0,0,0,0,0.5,1,S0|cap=0.2|band=0.01
2021-08-31,0.5,0,0,0,0,0,0.5,1,S0|cap=0.2|band=0.01
2021-09-01,0.5,0,0,0,0,0,0.5,1,S0|cap=0.2|band=0.01
2021-09-02,0.5,0,0,0,0,0,0.5,1,S0|cap=0.2|band=0.01
2021-09-03,0.5,0,0,0,0,0,0.5,1,S0|cap=0.2|band=0.01
2021-09-06,0.5,0,0,0,0,0,0.5,1,S0|cap=0.2|band=0.01
2021-09-07,0.5,0,0,0,0,0,0.5,1,S0|cap=0.2|band=0.01
2021-09-08,0.5,0,0,0,0,0,0.5,1,S0|cap=0.2|band=0.01
2021-09-09,0.5,0,0,0,0,0,0.5,1,S0|cap=0.2|band=0.01
2021-09-13,0.5,0,0,0,0,0,0.5,1,S0|cap=0.2|band=0.01
2021-09-14,0.5,0,0,0,0,0,0.5,1,S0|cap=0.2|band=0.01
2021-09-15,0.5,0,0,0,0,0,0.5,1,S0|cap=0.2|band=0.01
2021-09-16,0.5,0,0,0,0,0,0.5,1,S0|cap=0.2|band=0.01
2021-09-17,0.5,0,0,0,0,0,0.5,1,S0|cap=0.2|band=0.01
2021-09-20,0.5,0,0,0,0,0,0.5,1,S0|cap=0.2|band=0.01
2021-09-21,0.5,0,0,0,0,0,0.5,1,S0|cap=0.2|band=0.01
2021-09-22,0.5,0,0,0,0,0,0.5,1,S0|cap=0.2|band=0.01
2021-09-23,0.5,0,0,0,0,0,0.5,1,S0|cap=0.2|band=0.01
2021-09-24,0.5,0,0,0,0,0,0.5,1,S0|cap=0.2|band=0.01
2021-09-27,0.5,0,0,0,0,0,0.5,1,S0|cap=0.2|band=0.01
2021-09-28,0.5,0,0,0,0,0,0.5,1,S0|cap=0.2|band=0.01
2021-09-29,0.5,0,0,0,0,0,0.5,1,S0|cap=0.2|band=0.01
2021-09-30,0.5,0,0,0,0,0,0.5,1,S0|cap=0.2|band=0.01
2021-10-01,0.5,0,0,0,0,0,0.5,1,S0|cap=0.2|band=0.01
2021-10-04,0.5,0,0,0,0,0,0.5,1,S0|cap=0.2|band=0.01
2021-10-05,0.5,0,0,0,0,0,0.5,1,S0|cap=0.2|band=0.01
2021-10-06,0.5,0,0,0,0,0,0.5,1,S0|cap=0.2|band=0.01
2021-10-07,0.5,0,0,0,0,0,0.5,1,S0|cap=0.2|band=0.01
2021-10-08,0.5,0,0,0,0,0,0.5,1,S0|cap=0.2|band=0.01
2021-10-11,0.5,0,0,0,0,0,0.5,1,S0|cap=0.2|band=0.01
2021-10-12,0.5,0,0,0,0,0,0.5,1,S0|cap=0.2|band=0.01
2021-10-13,0.5,0,0,0,0,0,0.5,1,S0|cap=0.2|band=0.01
2021-10-14,0.5,0,0,0,0,0,0.5,1,S0|cap=0.2|band=0.01
2021-10-18,0.5,0,0,0,0,0,0.5,1,S0|cap=0.2|band=0.01
2021-10-19,0.5,0,0,0,0,0,0.5,1,S0|cap=0.2|band=0.01
2021-10-20,0.5,0,0,0,0,0,0.5,1,S0|cap=0.2|band=0.01
2021-10-21,0.5,0,0,0,0,0,0.5,1,S0|cap=0.2|band=0.01
2021-10-22,0.5,0,0,0,0,0,0.5,1,S0|cap=0.2|band=0.01
2021-10-25,0.5,0,0,0,0,0,0.5,1,S0|cap=0.2|band=0.01
2021-10-26,0.5,0,0,0,0,0,0.5,1,S0|cap=0.2|band=0.01
2021-10-27,0.5,0,0,0,0,0,0.5,1,S0|cap=0.2|band=0.01
2021-10-28,0.5,0,0,0,0,0,0.5,1,S0|cap=0.2|band=0.01
2021-10-29,0.5,0,0,0,0,0,0.5,1,S0|cap=0.2|band=0.01
2021-11-01,0.5,0,0,0,0,0,0.5,1,S0|cap=0.2|band=0.01
2021-11-02,0.5,0,0,0,0,0,0.5,1,S0|cap=0.2|band=0.01
2021-11-03,0.5,0,0,0,0,0,0.5,1,S0|cap=0.2|band=0.01
2021-11-04,0.5,0,0,0,0,0,0.5,1,S0|cap=0.2|band=0.01
2021-11-08,0.5,0,0,0,0,0,0.5,1,S0|cap=0.2|band=0.01
2021-11-09,0.5,0,0,0,0,0,0.5,1,S0|cap=0.2|band=0.01
2021-11-10,0.5,0,0,0,0,0,0.5,1,S0|cap=0.2|band=0.01
2021-11-11,0.5,0,0,0,0,0,0.5,1,S0|cap=0.2|band=0.01
2021-11-12,0.5,0,0,0,0,0,0.5,1,S0|cap=0.2|band=0.01
2021-11-15,0.5,0,0,0,0,0,0.5,1,S0|cap=0.2|band=0.01
2021-11-16,0.5,0,0,0,0,0,0.5,1,S0|cap=0.2|band=0.01
2021-11-17,0.5,0,0,0,0,0,0.5,1,S0|cap=0.2|band=0.01
2021-11-18,0.5,0,0,0,0,0,0.5,1,S0|cap=0.2|band=0.01
2021-11-22,0.5,0,0,0,0,0,0.5,1,S0|cap=0.2|band=0.01
2021-11-23,0.5,0,0,0,0,0,0.5,1,S0|cap=0.2|band=0.01
2021-11-24,0.5,0,0,0,0,0,0.5,1,S0|cap=0.2|band=0.01
2021-11-25,0.5,0,0,0,0,0,0.5,1,S0|cap=0.2|band=0.01
2021-11-26,0.5,0,0,0,0,0,0.5,1,S0|cap=0.2|band=0.01
2021-11-29,0.5,0,0,0,0,0,0.5,1,S0|cap=0.2|band=0.01
2021-11-30,0.5,0,0,0,0,0,0.5,1,S0|cap=0.2|band=0.01
2021-12-01,0.5,0,0,0,0,0,0.5,1,S0|cap=0.2|band=0.01
2021-12-02,0.5,0,0,0,0,0,0.5,1,S0|cap=0.2|band=0.01
2021-12-03,0.5,0,0,0,0,0,0.5,1,S0|cap=0.2|band=0.01
2021-12-06,0.5,0,0,0,0,0,0.5,1,S0|cap=0.2|band=0.01
2021-12-07,0.5,0,0,0,0,0,0.5,1,S0|cap=0.2|band=0.01
2021-12-08,0.5,0,0,0,0,0,0.5,1,S0|cap=0.2|band=0.01
2021-12-09,0.5,0,0,0,0,0,0.5,1,S0|cap=0.2|band=0.01
2021-12-10,0.5,0,0,0,0,0,0.5,1,S0|cap=0.2|band=0.01
2021-12-13,0.5,0,0,0,0,0,0.5,1,S0|cap=0.2|band=0.01
2021-12-14,0.5,0,0,0,0,0,0.5,1,S0|cap=0.2|band=0.01
2021-12-15,0.5,0,0,0,0,0,0.5,1,S0|cap=0.2|band=0.01
2021-12-16,0.5,0,0,0,0,0,0.5,1,S0|cap=0.2|band=0.01
2021-12-17,0.5,0,0,0,0,0,0.5,1,S0|cap=0.2|band=0.01
2021-12-20,0.5,0,0,0,0,0,0.5,1,S0|cap=0.2|band=0.01
2021-12-21,0.5,0,0,0,0,0,0.5,1,S0|cap=0.2|band=0.01
2021-12-22,0.5,0,0,0,0,0,0.5,1,S0|cap=0.2|band=0.01
2021-12-23,0.5,0,0,0,0,0,0.5,1,S0|cap=0.2|band=0.01
2021-12-24,0.5,0,0,0,0,0,0.5,1,S0|cap=0.2|band=0.01
2021-12-27,0.5,0,0,0,0,0,0.5,1,S0|cap=0.2|band=0.01
2021-12-28,0.5,0,0,0,0,0,0.5,1,S0|cap=0.2|band=0.01
2021-12-29,0.5,0,0,0,0,0,0.5,1,S0|cap=0.2|band=0.01
2021-12-30,0.5,0,0,0,0,0,0.5,1,S0|cap=0.2|band=0.01
2021-12-31,0.5,0,0,0,0,0,0.5,1,S0|cap=0.2|band=0.01
2022-01-03,0.5,0,0,0,0,0,0.5,1,S0|cap=0.2|band=0.01
2022-01-04,0.5,0,0,0,0,0,0.5,1,S0|cap=0.2|band=0.01
2022-01-05,0.5,0,0,0,0,0,0.5,1,S0|cap=0.2|band=0.01
2022-01-06,0.5,0,0,0,0,0,0.5,1,S0|cap=0.2|band=0.01
2022-01-07,0.5,0,0,0,0,0,0.5,1,S0|cap=0.2|band=0.01
2022-01-10,0.5,0,0,0,0,0,0.5,1,S0|cap=0.2|band=0.01
2022-01-11,0.5,0,0,0,0,0,0.5,1,S0|cap=0.2|band=0.01
2022-01-12,0.5,0,0,0,0,0,0.5,1,S0|cap=0.2|band=0.01
2022-01-13,0.5,0,0,0,0,0,0.5,1,S0|cap=0.2|band=0.01
2022-01-14,0.5,0,0,0,0,0,0.5,1,S0|cap=0.2|band=0.01
2022-01-17,0.5,0,0,0,0,0,0.5,1,S0|cap=0.2|band=0.01
2022-01-18,0.5,0,0,0,0,0,0.5,1,S0|cap=0.2|band=0.01
2022-01-19,0.5,0,0,0,0,0,0.5,1,S0|cap=0.2|band=0.01
2022-01-20,0.5,0,0,0,0,0,0.5,1,S0|cap=0.2|band=0.01
2022-01-21,0.5,0,0,0,0,0,0.5,1,S0|cap=0.2|band=0.01
2022-01-24,0.5,0,0,0,0,0,0.5,1,S0|cap=0.2|band=0.01
2022-01-25,0.5,0,0,0,0,0,0.5,1,S0|cap=0.2|band=0.01
2022-01-27,0.5,0,0,0,0,0,0.5,1,S0|cap=0.2|band=0.01
2022-01-28,0.5,0,0,0,0,0,0.5,1,S0|cap=0.2|band=0.01
2022-01-31,0.5,0,0,0,0,0,0.5,1,S0|cap=0.2|band=0.01
2022-02-01,0.5,0,0,0,0,0,0.5,1,S0|cap=0.2|band=0.01
2022-02-02,0.5,0,0,0,0,0,0.5,1,S0|cap=0.2|band=0.01
2022-02-03,0.5,0,0,0,0,0,0.5,1,S0|cap=0.2|band=0.01
2022-02-04,0.5,0,0,0,0,0,0.5,1,S0|cap=0.2|band=0.01
2022-02-07,0.5,0,0,0,0,0,0.5,1,S0|cap=0.2|band=0.01
2022-02-08,0.5,0,0,0,0,0,0.5,1,S0|cap=0.2|band=0.01
2022-02-09,0.5,0,0,0,0,0,0.5,1,S0|cap=0.2|band=0.01
2022-02-10,0.5,0,0,0,0,0,0.5,1,S0|cap=0.2|band=0.01
2022-02-11,0.5,0,0,0,0,0,0.5,1,S0|cap=0.2|band=0.01
2022-02-14,0.5,0,0,0,0,0,0.5,1,S0|cap=0.2|band=0.01
2022-02-15,0.5,0,0,0,0,0,0.5,1,S0|cap=0.2|band=0.01
2022-02-16,0.5,0,0,0,0,0,0.5,1,S0|cap=0.2|band=0.01
2022-02-17,0.5,0,0,0,0,0,0.5,1,S0|cap=0.2|band=0.01
2022-02-18,0.5,0,0,0,0,0,0.5,1,S0|cap=0.2|band=0.01
2022-02-21,0.5,0,0,0,0,0,0.5,1,S0|cap=0.2|band=0.01
2022-02-22,0.5,0,0,0,0,0,0.5,1,S0|cap=0.2|band=0.01
2022-02-23,0.5,0,0,0,0,0,0.5,1,S0|cap=0.2|band=0.01
2022-02-24,0.5,0,0,0,0,0,0.5,1,S0|cap=0.2|band=0.01
2022-02-25,0.5,0,0,0,0,0,0.5,1,S0|cap=0.2|band=0.01
2022-02-28,0.5,0,0,0,0,0,0.5,1,S0|cap=0.2|band=0.01
2022-03-02,0.5,0,0,0,0,0,0.5,1,S0|cap=0.2|band=0.01
2022-03-03,0.5,0,0,0,0,0,0.5,1,S0|cap=0.2|band=0.01
2022-03-04,0.5,0,0,0,0,0,0.5,1,S0|cap=0.2|band=0.01
2022-03-07,0.5,0,0,0,0,0,0.5,1,S0|cap=0.2|band=0.01
2022-03-08,0.5,0,0,0,0,0,0.5,1,S0|cap=0.2|band=0.01
2022-03-09,0.5,0,0,0,0,0,0.5,1,S0|cap=0.2|band=0.01
2022-03-10,0.5,0,0,0,0,0,0.5,1,S0|cap=0.2|band=0.01
2022-03-11,0.5,0,0,0,0,0,0.5,1,S0|cap=0.2|band=0.01
2022-03-14,0.5,0,0,0,0,0,0.5,1,S0|cap=0.2|band=0.01
2022-03-15,0.5,0,0,0,0,0,0.5,1,S0|cap=0.2|band=0.01
2022-03-16,0.5,0,0,0,0,0,0.5,1,S0|cap=0.2|band=0.01
2022-03-17,0.5,0,0,0,0,0,0.5,1,S0|cap=0.2|band=0.01
2022-03-21,0.5,0,0,0,0,0,0.5,1,S0|cap=0.2|band=0.01
2022-03-22,0.5,0,0,0,0,0,0.5,1,S0|cap=0.2|band=0.01
2022-03-23,0.5,0,0,0,0,0,0.5,1,S0|cap=0.2|band=0.01
2022-03-24,0.5,0,0,0,0,0,0.5,1,S0|cap=0.2|band=0.01
2022-03-25,0.5,0,0,0,0,0,0.5,1,S0|cap=0.2|band=0.01
2022-03-28,0.5,0,0,0,0,0,0.5,1,S0|cap=0.2|band=0.01
2022-03-29,0.5,0,0,0,0,0,0.5,1,S0|cap=0.2|band=0.01
2022-03-30,0.5,0,0,0,0,0,0.5,1,S0|cap=0.2|band=0.01
2022-03-31,0.5,0,0,0,0,0,0.5,1,S0|cap=0.2|band=0.01
2022-04-01,0.1428571429,0.1428571429,0.1428571429,0.1428571429,0.1428571429,0.1428571429,0.1428571429,1,"E1|equal-weight,rebalance=year|band=0.01"
2022-04-04,0.1444631055,0.144070472,0.146618382,0.1398627517,0.1426558963,0.1412868487,0.1410425438,1,"E1|equal-weight,rebalance=year|band=0.01"
2022-04-05,0.1436139123,0.144763044,0.1444749445,0.1397819117,0.1456473299,0.1410278523,0.1406910053,1,"E1|equal-weight,rebalance=year|band=0.01"
2022-04-06,0.1431368154,0.1457825248,0.1436397455,0.1410069098,0.1457512734,0.1393173519,0.1413653792,1,"E1|equal-weight,rebalance=year|band=0.01"
2022-04-07,0.1423901976,0.1459823145,0.1439736777,0.1420247636,0.1451942346,0.1385143176,0.1419204945,1,"E1|equal-weight,rebalance=year|band=0.01"
2022-04-08,0.1425508643,0.1472948738,0.1437436336,0.1411417844,0.1454683573,0.1388344847,0.1409660018,1,"E1|equal-weight,rebalance=year|band=0.01"
2022-04-11,0.1416234622,0.1488482557,0.1428807771,0.1427892689,0.146407018,0.1365605896,0.1408906285,1,"E1|equal-weight,rebalance=year|band=0.01"
2022-04-12,0.1416024471,0.1473825183,0.144287418,0.1436417146,0.1446712607,0.1366033897,0.1418112517,1,"E1|equal-weight,rebalance=year|band=0.01"
2022-04-13,0.1406328796,0.1479010191,0.1428807418,0.1450010483,0.1450594942,0.1370192806,0.1415055364,1,"E1|equal-weight,rebalance=year|band=0.01"
2022-04-18,0.1390977999,0.1478836312,0.141348971,0.1474356564,0.1441006781,0.1376124045,0.1425208589,1,"E1|equal-weight,rebalance=year|band=0.01"
2022-04-19,0.1384522091,0.1470819995,0.1407670476,0.1481122344,0.1438414408,0.1378940604,0.1438510081,1,"E1|equal-weight,rebalance=year|band=0.01"
2022-04-20,0.1399773498,0.1473606252,0.1407484385,0.1455413301,0.1439008185,0.1387210148,0.1437504232,1,"E1|equal-weight,rebalance=year|band=0.01"
2022-04-21,0.1408432208,0.1481628008,0.1417724596,0.1446657114,0.1450867897,0.1365350445,0.1429339732,1,"E1|equal-weight,rebalance=year|band=0.01"
2022-04-22,0.1403417735,0.1485219856,0.1399888596,0.1460944074,0.1444588502,0.1366236788,0.143970445,1,"E1|equal-weight,rebalance=year|band=0.01"
2022-04-25,0.1403010822,0.1471723854,0.1416651655,0.146421231,0.1432863717,0.1354366207,0.1457171436,1,"E1|equal-weight,rebalance=year|band=0.01"
2022-04-26,0.1406775214,0.1490649768,0.1414439421,0.1441992934,0.1450607905,0.1352044994,0.1443489762,1,"E1|equal-weight,rebalance=year|band=0.01"
2022-04-27,0.1410733591,0.1488847821,0.1416187278,0.1449607094,0.1447766768,0.13287477,0.1458109748,1,"E1|equal-weight,rebalance=year|band=0.01"
2022-04-28,0.1412293416,0.1493430057,0.1419482774,0.1435282557,0.1447141061,0.1345301507,0.1447068627,1,"E1|equal-weight,rebalance=year|band=0.01"
2022-04-29,0.1409243941,0.1483812761,0.141248935,0.1454692461,0.1431600118,0.1356504214,0.1451657155,1,"E1|equal-weight,rebalance=year|band=0.01"
2022-05-02,0.1412078262,0.1479805785,0.1418830341,0.1439522437,0.1434137682,0.1358114904,0.1457510589,1,"E1|equal-weight,rebalance=year|band=0.01"
2022-05-04,0.1400661934,0.1460728264,0.1405206431,0.1454032017,0.1429475769,0.137206427,0.1477831316,1,"E1|equal-weight,rebalance=year|band=0.01"
2022-05-05,0.1398448158,0.1462032282,0.1399467189,0.1470543796,0.141965772,0.137427222,0.1475578636,1,"E1|equal-weight,rebalance=year|band=0.01"
2022-05-06,0.1394331052,0.1450321872,0.1395363033,0.1491845914,0.1421107918,0.1350223739,0.1496806471,1,"E1|equal-weight,rebalance=year|band=0.01"
2022-05-09,0.1399429694,0.1439091198,0.1395736038,0.1501284566,0.140868061,0.1344628647,0.1511149248,1,"E1|equal-weight,rebalance=year|band=0.01"
2022-05-10,0.1403251274,0.1415877469,0.1410584976,0.1506688595,0.1383999367,0.1357366103,0.1522232216,1,"E1|equal-weight,rebalance=year|band=0.01"
2022-05-11,0.1397264373,0.1414352038,0.141870729,0.1500465534,0.1380717385,0.136551187,0.152298151,1,"E1|equal-weight,rebalance=year|band=0.01"
2022-05-12,0.1391354873,0.1402670911,0.1399813667,0.1524231805,0.1380058938,0.1353153623,0.1548716184,1,"E1|equal-weight,rebalance=year|band=0.01"
2022-05-13,0.1390797297,0.1396368818,0.1388683341,0.1505659565,0.1389378553,0.1378000822,0.1551111604,1,"E1|equal-weight,rebalance=year|band=0.01"
2022-05-16,0.1387947963,0.1406556499,0.1395572655,0.1486554047,0.139998873,0.1381436661,0.1541943446,1,"E1|equal-weight,rebalance=year|band=0.01"
2022-05-17,0.1401870717,0.1417177566,0.1402739682,0.1478370498,0.1419027412,0.1361210457,0.1519603668,1,"E1|equal-weight,rebalance=year|band=0.01"
2022-05-18,0.1399349465,0.1425085952,0.1401329081,0.1473885528,0.1414371252,0.1365570717,0.1520408004,1,"E1|equal-weight,rebalance=year|band=0.01"
2022-05-19,0.1391995952,0.1414085869,0.1393291276,0.1510214006,0.1403699783,0.1335766549,0.1550946564,1,"E1|equal-weight,rebalance=year|band=0.01"
2022-05-20,0.1407059548,0.141213258,0.1410785926,0.150121723,0.1407870404,0.1330616551,0.1530317761,1,"E1|equal-weight,rebalance=year|band=0.01"
2022-05-23,0.1403668192,0.1403900431,0.1409368742,0.1512203812,0.1410953609,0.1329304569,0.1530600645,1,"E1|equal-weight,rebalance=year|band=0.01"
2022-05-24,0.14069829,0.1398528939,0.1418012187,0.1513402596,0.1404350142,0.1320432072,0.1538291164,1,"E1|equal-weight,rebalance=year|band=0.01"
2022-05-25,0.1408147484,0.1384102258,0.1431843447,0.1524733685,0.1385141531,0.1317750648,0.1548280946,1,"E1|equal-weight,rebalance=year|band=0.01"
2022-05-26,0.1413183654,0.1392246729,0.1455770997,0.1509036965,0.1383519728,0.1304985166,0.1541256761,1,"E1|equal-weight,rebalance=year|band=0.01"
2022-05-27,0.1413767903,0.1389913782,0.1464344321,0.1503782719,0.1391756715,0.1307663339,0.1528771222,1,"E1|equal-weight,rebalance=year|band=0.01"
2022-05-30,0.1422392105,0.1406638936,0.1455550293,0.1481664094,0.1417413016,0.1306037909,0.1510303647,1,"E1|equal-weight,rebalance=year|band=0.01"
2022-05-31,0.1420443191,0.1412105158,0.1442711083,0.1483228159,0.1416563642,0.1311822476,0.1513126291,1,"E1|equal-weight,rebalance=year|band=0.01"
2022-06-01,0.1422732161,0.1403502799,0.1454937735,0.1473376819,0.1420108588,0.1307238721,0.1518103177,1,"E1|equal-weight,rebalance=year|band=0.01"
2022-06-02,0.1425061426,0.1403866708,0.1448447475,0.1482390678,0.1423782416,0.1304858844,0.1511592453,1,"E1|equal-weight,rebalance=year|band=0.01"
2022-06-03,0.1426133597,0.138932716,0.1439249064,0.1493124357,0.1413387332,0.1321895393,0.1516883097,1,"E1|equal-weight,rebalance=year|band=0.01"
2022-06-06,0.1429585198,0.1388566698,0.1445077692,0.1492149716,0.1405861794,0.1317167264,0.1521591637,1,"E1|equal-weight,rebalance=year|band=0.01"
2022-06-07,0.1424779266,0.1384951484,0.1440489508,0.1495601818,0.140260939,0.1321536006,0.1530032528,1,"E1|equal-weight,rebalance=year|band=0.01"
2022-06-08,0.1423455875,0.138610931,0.1439845593,0.1498923364,0.1402687581,0.1315832681,0.1533145597,1,"E1|equal-weight,rebalance=year|band=0.01"
2022-06-09,0.1428236893,0.1388420393,0.1437996849,0.1495273496,0.1398952581,0.1323918858,0.152720093,1,"E1|equal-weight,rebalance=year|band=0.01"
2022-06-10,0.1416766561,0.1387620193,0.1429829649,0.1503173891,0.140650604,0.1315718946,0.154038472,1,"E1|equal-weight,rebalance=year|band=0.01"
2022-06-13,0.1404997315,0.1383107113,0.1413015312,0.1543772735,0.137914166,0.1307036653,0.1568929212,1,"E1|equal-weight,rebalance=year|band=0.01"
2022-06-14,0.140657388,0.1393013524,0.141427435,0.1528891595,0.1390698559,0.1290396826,0.1576151267,1,"E1|equal-weight,rebalance=year|band=0.01"
2022-06-15,0.1405491826,0.1396674816,0.1412278488,0.1530905379,0.1395192895,0.1282519129,0.1576937468,1,"E1|equal-weight,rebalance=year|band=0.01"
2022-06-16,0.1221070933,0.1213551504,0.1226308547,0.1361553286,0.1212391537,0.1132610678,0.2632513515,0.8766629115,"E1|equal-weight,rebalance=year|band=0.01"
2022-06-17,0.1211733047,0.1190505101,0.1226896261,0.1367899592,0.1189810193,0.1155519386,0.2657636419,0.8736553126,"E1|equal-weight,rebalance=year|band=0.01"
2022-06-20,0.1095206507,0.1064712536,0.1103487276,0.122583054,0.1056865781,0.09941914448,0.3459705917,0.7797652954,"E1|equal-weight,rebalance=year|band=0.01"
2022-06-21,0.1101946948,0.1076556302,0.1108366443,0.1210898558,0.1071719415,0.09847913957,0.3445720938,0.7797652954,"E1|equal-weight,rebalance=year|band=0.01"
2022-06-22,0.1099124031,0.1073203278,0.1107873067,0.1220667105,0.1063628154,0.09766903092,0.3458814057,0.7797652954,"E1|equal-weight,rebalance=year|band=0.01"
2022-06-23,0.1103498534,0.1075546917,0.1111996176,0.1215977637,0.1077096411,0.0963980759,0.3451903567,0.7797652954,"E1|equal-weight,rebalance=year|band=0.01"
2022-06-24,0.1103265716,0.1083158294,0.111854392,0.1202667359,0.1078953246,0.09721821108,0.3441229355,0.7797652954,"E1|equal-weight,rebalance=year|band=0.01"
2022-06-27,0.1101625899,0.1081608766,0.111300977,0.1196450147,0.1084689549,0.09932333779,0.3429382491,0.7797652954,"E1|equal-weight,rebalance=year|band=0.01"
2022-06-28,0.110519206,0.1086201294,0.1111480877,0.119819977,0.1089930688,0.09757065589,0.3433288752,0.7797652954,"E1|equal-weight,rebalance=year|band=0.01"
2022-06-29,0.1109100716,0.1086471181,0.1108011335,0.1206861517,0.1090688216,0.09553714077,0.3443495626,0.7797652954,"E1|equal-weight,rebalance=year|band=0.01"
2022-06-30,0.1108556933,0.108233376,0.1113271251,0.1208097485,0.1085608372,0.09570949721,0.3445037228,0.7797652954,"E1|equal-weight,rebalance=year|band=0.01"
2022-07-01,0.1104618219,0.1091298451,0.1115533944,0.1220026268,0.1089987495,0.09379892294,0.3440546393,0.7797652954,"E1|equal-weight,rebalance=year|band=0.01"
2022-07-04,0.1103659191,0.1090933034,0.1119375869,0.1220719342,0.1083562307,0.09488666757,0.3432883582,0.7797652954,"E1|equal-weight,rebalance=year|band=0.01"
2022-07-05,0.1100504439,0.109527047,0.1115723234,0.1224684797,0.1083403374,0.09466585882,0.3433755098,0.7797652954,"E1|equal-weight,rebalance=year|band=0.01"
2022-07-06,0.1103346426,0.1100678514,0.1123919963,0.1196119529,0.109374043,0.09597973973,0.3422397741,0.7797652954,"E1|equal-weight,rebalance=year|band=0.01"
2022-07-07,0.110477076,0.1106148768,0.1134786086,0.1172375931,0.1106291078,0.0961351325,0.3414276052,0.7797652954,"E1|equal-weight,rebalance=year|band=0.01"
2022-07-08,0.1106321864,0.110531564,0.1137027195,0.1168557161,0.1098302357,0.09734481641,0.3411027619,0.7797652954,"E1|equal-weight,rebalance=year|band=0.01"
2022-07-11,0.1101473974,0.1114936357,0.1145424945,0.1163499544,0.1106914959,0.0961218194,0.3406532028,0.7797652954,"E1|equal-weight,rebalance=year|band=0.01"
2022-07-12,0.1100828624,0.1118741859,0.1140162069,0.1171934061,0.1106998115,0.09475858456,0.3413749427,0.7797652954,"E1|equal-weight,rebalance=year|band=0.01"
2022-07-13,0.1095678283,0.1121583428,0.1132990147,0.1168578358,0.111217615,0.0953559183,0.3415434451,0.7797652954,"E1|equal-weight,rebalance=year|band=0.01"
2022-07-14,0.1097392839,0.1119653782,0.113161454,0.1167506935,0.1112857764,0.09525422113,0.341843193,0.7797652954,"E1|equal-weight,rebalance=year|band=0.01"
2022-07-15,0.1099985056,0.1123967576,0.1127127091,0.1157873397,0.1118712962,0.09584773325,0.3413856587,0.7797652954,"E1|equal-weight,rebalance=year|band=0.01"
2022-07-18,0.1100255669,0.1121380732,0.1132905534,0.1154347558,0.1122258966,0.09704334737,0.3398418068,0.7797652954,"E1|equal-weight,rebalance=year|band=0.01"
2022-07-19,0.1101973696,0.1128949517,0.1141960851,0.1148729317,0.1124257763,0.09570215155,0.339710734,0.7797652954,"E1|equal-weight,rebalance=year|band=0.01"
2022-07-20,0.1105807201,0.1124847388,0.1142103727,0.1142131161,0.1120015828,0.09747670768,0.3390327619,0.7797652954,"E1|equal-weight,rebalance=year|band=0.01"
2022-07-21,0.1105412812,0.1131300755,0.1142628496,0.112591693,0.1129504379,0.09818823966,0.3383354232,0.7797652954,"E1|equal-weight,rebalance=year|band=0.01"
2022-07-22,0.1106763956,0.1122901588,0.1152910121,0.1136088533,0.1123585866,0.09816014562,0.3376148479,0.7797652954,"E1|equal-weight,rebalance=year|band=0.01"
2022-07-25,0.1106321033,0.1122806868,0.1153310933,0.1135980038,0.1128356303,0.09742911566,0.3378933667,0.7797652954,"E1|equal-weight,rebalance=year|band=0.01"
2022-07-26,0.11065745,0.1118278476,0.1155595648,0.1142349575,0.1122113207,0.09656804098,0.3389408184,0.7797652954,"E1|equal-weight,rebalance=year|band=0.01"
2022-07-27,0.1109065248,0.1117133349,0.1161270496,0.1137136921,0.1128452426,0.09658914389,0.338105012,0.7797652954,"E1|equal-weight,rebalance=year|band=0.01"
2022-07-28,0.1114644669,0.1120018679,0.1165541547,0.1138486697,0.1122233584,0.09685208316,0.3370553993,0.7797652954,"E1|equal-weight,rebalance=year|band=0.01"
2022-07-29,0.1118423178,0.1125909,0.1157882194,0.1128918596,0.1127967256,0.09810468619,0.3359852915,0.7797652954,"E1|equal-weight,rebalance=year|band=0.01"
2022-08-01,0.1119993828,0.1128983548,0.1160279982,0.1122037962,0.1139818127,0.09796600519,0.3349226502,0.7797652954,"E1|equal-weight,rebalance=year|band=0.01"
2022-08-02,0.112028397,0.1134188585,0.1165951801,0.1121372859,0.1140173849,0.09682214693,0.3349807467,0.7797652954,"E1|equal-weight,rebalance=year|band=0.01"
2022-08-03,0.112380813,0.113046964,0.1163917553,0.112223969,0.1132958917,0.09759969294,0.335060914,0.7797652954,"E1|equal-weight,rebalance=year|band=0.01"
2022-08-04,0.1117352343,0.1129548816,0.1149139812,0.1127302699,0.1133175629,0.0999670618,0.3343810082,0.7797652954,"E1|equal-weight,rebalance=year|band=0.01"
2022-08-05,0.1115145138,0.1127250709,0.115210429,0.1126111126,0.113858427,0.09996044387,0.3341200028,0.7797652954,"E1|equal-weight,rebalance=year|band=0.01"
2022-08-08,0.1117484525,0.1125486725,0.115633293,0.1116861765,0.1158450796,0.0990527544,0.3334855715,0.7797652954,"E1|equal-weight,rebalance=year|band=0.01"
2022-08-10,0.1123532685,0.1128768307,0.1162211613,0.1127720354,0.1137104787,0.09808241367,0.3339838117,0.7797652954,"E1|equal-weight,rebalance=year|band=0.01"
2022-08-11,0.1121815064,0.1125660658,0.1171600879,0.1119382875,0.1135735088,0.09951947516,0.3330610685,0.7797652954,"E1|equal-weight,rebalance=year|band=0.01"
2022-08-12,0.1120608802,0.1128716298,0.1172172248,0.1117399128,0.1140860485,0.09937421176,0.3326500922,0.7797652954,"E1|equal-weight,rebalance=year|band=0.01"
2022-08-16,0.1120667383,0.1136100809,0.1171175948,0.1101739659,0.1148921063,0.1001291961,0.3320103176,0.7797652954,"E1|equal-weight,rebalance=year|band=0.01"
2022-08-17,0.112527177,0.1144230472,0.1173116434,0.109677719,0.1150548177,0.09935376184,0.331651834,0.7797652954,"E1|equal-weight,rebalance=year|band=0.01"
2022-08-18,0.1124618248,0.1150872241,0.1177435716,0.1094016231,0.1151351475,0.09865621858,0.3315143903,0.7797652954,"E1|equal-weight,rebalance=year|band=0.01"
2022-08-19,0.1124227458,0.1147254524,0.116813907,0.1102272329,0.1141155216,0.09899316177,0.3327019785,0.7797652954,"E1|equal-weight,rebalance=year|band=0.01"
2022-08-22,0.1122155869,0.114216768,0.1162955647,0.110476888,0.1137655929,0.09891865703,0.3341109425,0.7797652954,"E1|equal-weight,rebalance=year|band=0.01"
2022-08-23,0.1124379772,0.1144598763,0.1170712937,0.1103816528,0.1143779749,0.09765579068,0.3336154344,0.7797652954,"E1|equal-weight,rebalance=year|band=0.01"
2022-08-24,0.1125089513,0.1146030367,0.1178174791,0.1106483217,0.1148890793,0.09608908154,0.3334440504,0.7797652954,"E1|equal-weight,rebalance=year|band=0.01"
2022-08-25,0.1117067139,0.1143686584,0.1173143433,0.111117918,0.1149595766,0.09738165206,0.3331511378,0.7797652954,"E1|equal-weight,rebalance=year|band=0.01"
2022-08-26,0.1116866601,0.1150158557,0.1173831192,0.1101713682,0.1153086533,0.09736986016,0.3330644833,0.7797652954,"E1|equal-weight,rebalance=year|band=0.01"
2022-08-29,0.111586716,0.1159462579,0.116685973,0.1103810083,0.1154776483,0.09543089555,0.3344915008,0.7797652954,"E1|equal-weight,rebalance=year|band=0.01"
2022-08-30,0.112517339,0.1165447826,0.1185482058,0.108854232,0.1160465568,0.09469211127,0.3327967726,0.7797652954,"E1|equal-weight,rebalance=year|band=0.01"
2022-09-01,0.1122960806,0.117337122,0.1190600972,0.1084535473,0.1170512126,0.09196162207,0.3338403183,0.7797652954,"E1|equal-weight,rebalance=year|band=0.01"
2022-09-02,0.1119720015,0.1170149772,0.1190436359,0.1083090235,0.1170515349,0.0929522474,0.3336565796,0.7797652954,"E1|equal-weight,rebalance=year|band=0.01"
2022-09-05,0.1126001702,0.1169121398,0.1200598674,0.10856732,0.1170124935,0.09131024353,0.3335377656,0.7797652954,"E1|equal-weight,rebalance=year|band=0.01"
2022-09-06,0.1116697518,0.1171398427,0.11892069,0.107850744,0.1198253025,0.09168005518,0.3329136138,0.7797652954,"E1|equal-weight,rebalance=year|band=0.01"
2022-09-07,0.1120873983,0.1180047578,0.1188473315,0.1080919066,0.1185606711,0.09099062381,0.3334173108,0.7797652954,"E1|equal-weight,rebalance=year|band=0.01"
2022-09-08,0.1123422619,0.1175461056,0.1202437095,0.1078976214,0.1173805044,0.09185305582,0.3327367413,0.7797652954,"E1|equal-weight,rebalance=year|band=0.01"
2022-09-09,0.1122555725,0.1171208333,0.1204729768,0.1076298543,0.117723724,0.09247824829,0.3323187908,0.7797652954,"E1|equal-weight,rebalance=year|band=0.01"
2022-09-12,0.1121898449,0.1176387315,0.1201725172,0.1068479836,0.1181638935,0.09328404255,0.3317029867,0.7797652954,"E1|equal-weight,rebalance=year|band=0.01"
2022-09-13,0.1125455382,0.1180239437,0.1205515278,0.1062295891,0.1180926715,0.09323042749,0.3313263023,0.7797652954,"E1|equal-weight,rebalance=year|band=0.01"
2022-09-14,0.112379197,0.1186136471,0.12264192,0.105657076,0.1183953275,0.09075451593,0.3315583165,0.7797652954,"E1|equal-weight,rebalance=year|band=0.01"
2022-09-15,0.1436753716,0.15327928,0.1566007421,0.1350737009,0.1513753773,0.1172313567,0.1427641713,1,"E1|equal-weight,rebalance=year|band=0.01"
2022-09-16,0.1435351971,0.1518436853,0.1575508693,0.1350818114,0.1504924645,0.1160406299,0.1454553424,1,"E1|equal-weight,rebalance=year|band=0.01"
2022-09-19,0.144022859,0.1520254101,0.1577783527,0.1351984904,0.1506962326,0.1149117993,0.1453668559,1,"E1|equal-weight,rebalance=year|band=0.01"
2022-09-20,0.1441931773,0.1522777876,0.158758909,0.1346572615,0.1508524354,0.1149764475,0.1442839817,1,"E1|equal-weight,rebalance=year|band=0.01"
2022-09-21,0.1442319215,0.1510437403,0.1586020199,0.1360167027,0.1501512888,0.1149150608,0.1450392661,1,"E1|equal-weight,rebalance=year|band=0.01"
2022-09-22,0.1438841301,0.1517483792,0.1568473899,0.1370209692,0.1509102666,0.1144418653,0.1451469997,1,"E1|equal-weight,rebalance=year|band=0.01"
2022-09-23,0.1434696831,0.1512257175,0.1552049316,0.1384397489,0.1504928757,0.1139167704,0.1472502728,1,"E1|equal-weight,rebalance=year|band=0.01"
2022-09-26,0.1433411582,0.1497149591,0.1539701312,0.1402713745,0.1474049907,0.1154164978,0.1498808884,1,"E1|equal-weight,rebalance=year|band=0.01"
2022-09-27,0.1431622513,0.1499977904,0.1528016927,0.1394933348,0.1481780068,0.1165507785,0.1498161456,1,"E1|equal-weight,rebalance=year|band=0.01"
2022-09-28,0.1428777275,0.1499585846,0.1516082098,0.1400113043,0.1488251014,0.1159115202,0.1508075522,1,"E1|equal-weight,rebalance=year|band=0.01"
2022-09-29,0.1420980889,0.1491389696,0.1506550727,0.1415293345,0.1483346549,0.1178828714,0.1503610082,1,"E1|equal-weight,rebalance=year|band=0.01"
2022-09-30,0.1430963412,0.1490398305,0.1530053583,0.1412691393,0.1494200341,0.1149253618,0.1492439348,1,"E1|equal-weight,rebalance=year|band=0.01"
2022-10-03,0.1424955738,0.147396757,0.1524539153,0.1425797886,0.1486969994,0.1155611108,0.1508158551,1,"E1|equal-weight,rebalance=year|band=0.01"
2022-10-04,0.1428792939,0.1480160313,0.1533214519,0.1428472554,0.1494468552,0.1155117905,0.1479773217,1,"E1|equal-weight,rebalance=year|band=0.01"
2022-10-06,0.1422482053,0.1479808453,0.1528113969,0.1424670542,0.151299071,0.1163055606,0.1468878667,1,"E1|equal-weight,rebalance=year|band=0.01"
2022-10-07,0.1425647057,0.1478816022,0.1525756194,0.1432716288,0.1503510721,0.1163233886,0.1470319832,1,"E1|equal-weight,rebalance=year|band=0.01"
2022-10-10,0.1436101618,0.1478583981,0.1537534862,0.1421875714,0.150620695,0.1134501613,0.1485195261,1,"E1|equal-weight,rebalance=year|band=0.01"
2022-10-11,0.1428113793,0.1475578621,0.1538622277,0.142569715,0.149570233,0.1136429965,0.1499855864,1,"E1|equal-weight,rebalance=year|band=0.01"
2022-10-12,0.1435369496,0.1476325259,0.155052829,0.1428254121,0.1493920191,0.1118740995,0.1496861647,1,"E1|equal-weight,rebalance=year|band=0.01"
2022-10-13,0.1433981509,0.1468302952,0.1540423429,0.1437672284,0.1490635019,0.1125443885,0.1503540922,1,"E1|equal-weight,rebalance=year|band=0.01"
2022-10-14,0.1442546666,0.1457576001,0.1559367706,0.1418392042,0.1490782277,0.1133018708,0.1498316601,1,"E1|equal-weight,rebalance=year|band=0.01"
2022-10-17,0.1445702816,0.146288379,0.1578721142,0.1414743369,0.1482127092,0.1119903423,0.1495918368,1,"E1|equal-weight,rebalance=year|band=0.01"
2022-10-18,0.1445607226,0.1464585446,0.15774193,0.1397329993,0.1490234445,0.1142934331,0.1481889259,1,"E1|equal-weight,rebalance=year|band=0.01"
2022-10-19,0.1446832533,0.1462060882,0.158028296,0.1399390003,0.1486376173,0.1143138963,0.1481918485,1,"E1|equal-weight,rebalance=year|band=0.01"
2022-10-20,0.1452483831,0.1477669022,0.15734549,0.1395516036,0.1484243179,0.1133445529,0.1483187502,1,"E1|equal-weight,rebalance=year|band=0.01"
2022-10-21,0.1456201341,0.1461864938,0.1600749663,0.1388430464,0.1481038581,0.1125222242,0.1486492772,1,"E1|equal-weight,rebalance=year|band=0.01"
2022-10-24,0.1453638533,0.1455951758,0.1601889968,0.1398267392,0.1479338399,0.1138943618,0.1471970332,1,"E1|equal-weight,rebalance=year|band=0.01"
2022-10-25,0.1451955205,0.1454354802,0.1600639452,0.1391589175,0.1483749695,0.1142016425,0.1475695246,1,"E1|equal-weight,rebalance=year|band=0.01"
2022-10-27,0.1453886237,0.1462551681,0.1600765397,0.1395839105,0.148285587,0.1133278279,0.1470823431,1,"E1|equal-weight,rebalance=year|band=0.01"
2022-10-28,0.1461994261,0.146408926,0.1594832401,0.1394134556,0.1486752773,0.112281509,0.1475381658,1,"E1|equal-weight,rebalance=year|band=0.01"
2022-10-31,0.1467637064,0.1460663902,0.1593872319,0.1381446059,0.1491960871,0.1140004828,0.1464414957,1,"E1|equal-weight,rebalance=year|band=0.01"
2022-11-01,0.1471247827,0.1468727275,0.1584562572,0.1375424151,0.1498306794,0.114604133,0.1455690051,1,"E1|equal-weight,rebalance=year|band=0.01"
2022-11-02,0.1471280184,0.146862781,0.1583309511,0.1385477387,0.1492835931,0.1138199997,0.146026918,1,"E1|equal-weight,rebalance=year|band=0.01"
2022-11-03,0.147669499,0.1474442307,0.1595106642,0.137473205,0.1510143222,0.1102810434,0.1466070355,1,"E1|equal-weight,rebalance=year|band=0.01"
2022-11-04,0.1480470203,0.1478234393,0.1594658701,0.1384875687,0.1507055743,0.108746968,0.1467235594,1,"E1|equal-weight,rebalance=year|band=0.01"
2022-11-07,0.1477077766,0.1481624845,0.1599999824,0.1390090611,0.1506084697,0.1086706803,0.1458415454,1,"E1|equal-weight,rebalance=year|band=0.01"
2022-11-09,0.1474532633,0.1478595015,0.1603951036,0.1397102559,0.14968488,0.1090395874,0.1458574084,1,"E1|equal-weight,rebalance=year|band=0.01"
2022-11-10,0.1472620486,0.1472739666,0.1607178381,0.1412352218,0.1488503898,0.1078815019,0.1467790332,1,"E1|equal-weight,rebalance=year|band=0.01"
2022-11-11,0.1477946272,0.1467537316,0.160613429,0.1411969173,0.1469702497,0.1118066212,0.144864424,1,"E1|equal-weight,rebalance=year|band=0.01"
2022-11-14,0.1475116683,0.1472267508,0.1602405614,0.1411507485,0.1467255102,0.1124461759,0.1446985849,1,"E1|equal-weight,rebalance=year|band=0.01"
2022-11-15,0.1475078528,0.146971047,0.1607189119,0.1416626266,0.146269338,0.1126824132,0.1441878104,1,"E1|equal-weight,rebalance=year|band=0.01"
2022-11-16,0.1474165102,0.14578022,0.1611612466,0.1422303521,0.1456798863,0.113578322,0.1441534628,1,"E1|equal-weight,rebalance=year|band=0.01"
2022-11-17,0.1475305994,0.1452731963,0.1617052766,0.1422499335,0.1455736663,0.1128930439,0.1447742839,1,"E1|equal-weight,rebalance=year|band=0.01"
2022-11-18,0.1474309716,0.1446444924,0.161784729,0.1426366012,0.1448832878,0.1137160703,0.1449038477,1,"E1|equal-weight,rebalance=year|band=0.01"
2022-11-21,0.1471420026,0.1444746049,0.1620517431,0.1418824675,0.1451527514,0.1136046505,0.14569178,1,"E1|equal-weight,rebalance=year|band=0.01"
2022-11-22,0.1474111932,0.1445053641,0.1621342747,0.1419730837,0.1460309532,0.1124608441,0.1454842869,1,"E1|equal-weight,rebalance=year|band=0.01"
2022-11-23,0.1471202552,0.1443830973,0.1626645556,0.1410843505,0.1463339723,0.1133936798,0.1450200893,1,"E1|equal-weight,rebalance=year|band=0.01"
2022-11-24,0.1479079814,0.1441394568,0.1629986671,0.1411318324,0.1457694581,0.1138271789,0.1442254252,1,"E1|equal-weight,rebalance=year|band=0.01"
2022-11-25,0.1481117433,0.1442926365,0.1627150363,0.1406985701,0.1467445297,0.1134361303,0.144001354,1,"E1|equal-weight,rebalance=year|band=0.01"
2022-11-28,0.148397399,0.1443940841,0.1625308335,0.140928141,0.1474918975,0.1123894983,0.1438681466,1,"E1|equal-weight,rebalance=year|band=0.01"
2022-11-29,0.1485845272,0.1450290754,0.1626439417,0.1407729064,0.1469130852,0.1122553071,0.1438011571,1,"E1|equal-weight,rebalance=year|band=0.01"
2022-11-30,0.1490024555,0.1459202721,0.162472507,0.1402930227,0.1478087507,0.1111649625,0.1433380295,1,"E1|equal-weight,rebalance=year|band=0.01"
2022-12-01,0.1487040081,0.1456333899,0.1613994122,0.1402746033,0.1482544533,0.1132427815,0.1424913516,1,"E1|equal-weight,rebalance=year|band=0.01"
2022-12-02,0.1478042397,0.1455221803,0.1605927776,0.1414956509,0.1492671347,0.1131609242,0.1421570926,1,"E1|equal-weight,rebalance=year|band=0.01"
2022-12-05,0.1472589204,0.1451694179,0.1611324904,0.1418751702,0.1495469632,0.1130542888,0.1419627492,1,"E1|equal-weight,rebalance=year|band=0.01"
2022-12-06,0.1474000942,0.1454876131,0.1611071763,0.1413867408,0.1492176861,0.1130672158,0.1423334738,1,"E1|equal-weight,rebalance=year|band=0.01"
2022-12-07,0.1470058972,0.1462965991,0.1611528295,0.1419532972,0.1488813847,0.1118468523,0.14286314,1,"E1|equal-weight,rebalance=year|band=0.01"
2022-12-08,0.1469412707,0.146295819,0.1623909062,0.1420467297,0.1484841183,0.1115404814,0.1423006747,1,"E1|equal-weight,rebalance=year|band=0.01"
2022-12-09,0.1463129214,0.1456738754,0.1627840605,0.1423900425,0.1484216569,0.1119031492,0.1425142941,1,"E1|equal-weight,rebalance=year|band=0.01"
2022-12-12,0.1462336949,0.1455047139,0.1628828019,0.1424683803,0.1487653596,0.1117232217,0.1424218276,1,"E1|equal-weight,rebalance=year|band=0.01"
2022-12-13,0.1464647701,0.1447019702,0.1632910037,0.1417890447,0.1494019057,0.1124945317,0.1418567739,1,"E1|equal-weight,rebalance=year|band=0.01"
2022-12-14,0.1462644161,0.1446724644,0.1626523364,0.1423555378,0.1496752123,0.1130950707,0.1412849623,1,"E1|equal-weight,rebalance=year|band=0.01"
2022-12-15,0.145749678,0.1446894648,0.1624049214,0.1422279943,0.1494640641,0.1127206601,0.1427432173,1,"E1|equal-weight,rebalance=year|band=0.01"
2022-12-16,0.1459308093,0.1439040379,0.1627025925,0.1436331125,0.1483511453,0.1115229804,0.143955322,1,"E1|equal-weight,rebalance=year|band=0.01"
2022-12-19,0.1463176157,0.1447217871,0.1627611498,0.1439277052,0.147978627,0.1109574348,0.1433356802,1,"E1|equal-weight,rebalance=year|band=0.01"
2022-12-20,0.1462475714,0.1449547775,0.1633819041,0.1452127215,0.1475922881,0.1089900401,0.1436206973,1,"E1|equal-weight,rebalance=year|band=0.01"
2022-12-21,0.1459758256,0.1436539646,0.1615817405,0.1466027167,0.1473385849,0.1101610349,0.1446861326,1,"E1|equal-weight,rebalance=year|band=0.01"
2022-12-22,0.145888866,0.1430845213,0.1615387025,0.1471740219,0.1464274972,0.1106393788,0.1452470123,1,"E1|equal-weight,rebalance=year|band=0.01"
2022-12-23,0.146137231,0.140546533,0.1611976372,0.149417044,0.1437999133,0.1108460027,0.1480556387,1,"E1|equal-weight,rebalance=year|band=0.01"
2022-12-26,0.1458205431,0.1418379415,0.1627400733,0.1475209017,0.1458757111,0.1099510207,0.1462538087,1,"E1|equal-weight,rebalance=year|band=0.01"
2022-12-27,0.1457946584,0.1424068993,0.1629435799,0.1474875371,0.1462979678,0.1093826577,0.1456866998,1,"E1|equal-weight,rebalance=year|band=0.01"
2022-12-28,0.1460000801,0.1432717251,0.1629968198,0.1466943785,0.1468651771,0.1082421387,0.1459296808,1,"E1|equal-weight,rebalance=year|band=0.01"
2022-12-29,0.1464524209,0.1432373075,0.164447838,0.1467529769,0.1465580296,0.1067134258,0.1458380013,1,"E1|equal-weight,rebalance=year|band=0.01"
2022-12-30,0.1456278674,0.142924716,0.1635882929,0.147037654,0.1474236663,0.1077935225,0.1456042808,1,"E1|equal-weight,rebalance=year|band=0.01"
2023-01-02,0.1458876984,0.1417434397,0.1634469944,0.14752786,0.1481714894,0.1082222607,0.1450002575,1,"E1|equal-weight,rebalance=year|band=0.01"
2023-01-03,0.1455308659,0.1420840376,0.1635328385,0.1483491542,0.1476884772,0.1083862209,0.1444284057,1,"E1|equal-weight,rebalance=year|band=0.01"
2023-01-04,0.1449893672,0.1413339621,0.1631159564,0.1506792542,0.1469201066,0.1075822223,0.1453791313,1,"E1|equal-weight,rebalance=year|band=0.01"
2023-01-05,0.1448418081,0.1424408933,0.1620606131,0.1500733282,0.1474818241,0.1074002824,0.1457012508,1,"E1|equal-weight,rebalance=year|band=0.01"
2023-01-06,0.1447386376,0.142199579,0.1614679705,0.1501159471,0.1481273031,0.1067236161,0.1466269467,1,"E1|equal-weight,rebalance=year|band=0.01"
2023-01-09,0.1452797305,0.1422353221,0.1612554517,0.1506417735,0.1471567844,0.1080817846,0.1453491533,1,"E1|equal-weight,rebalance=year|band=0.01"
2023-01-10,0.1444290947,0.1424533304,0.1602892648,0.1509293782,0.1471924802,0.1086025479,0.1461039039,1,"E1|equal-weight,rebalance=year|band=0.01"
2023-01-11,0.1443191988,0.141603025,0.1608852702,0.1510032116,0.1471687122,0.1090049175,0.1460156647,1,"E1|equal-weight,rebalance=year|band=0.01"
2023-01-12,0.143923313,0.141896958,0.1602314864,0.150769208,0.1469346064,0.110219407,0.1460250212,1,"E1|equal-weight,rebalance=year|band=0.01"
2023-01-13,0.1442164315,0.1420939505,0.160842851,0.1511855735,0.1463530665,0.1097129255,0.1455952013,1,"E1|equal-weight,rebalance=year|band=0.01"
2023-01-16,0.1435839629,0.1419790491,0.1599993279,0.1524157496,0.145768736,0.1108173702,0.1454358044,1,"E1|equal-weight,rebalance=year|band=0.01"
2023-01-17,0.1445298083,0.1419606651,0.1600416758,0.1516987447,0.1451986019,0.1111971201,0.145373384,1,"E1|equal-weight,rebalance=year|band=0.01"
2023-01-18,0.1449938661,0.1413135669,0.1603363713,0.1511570537,0.1459372862,0.1112643563,0.1449974995,1,"E1|equal-weight,rebalance=year|band=0.01"
2023-01-19,0.1453276576,0.1412484591,0.1603823108,0.151798202,0.1459524277,0.1097735504,0.1455173924,1,"E1|equal-weight,rebalance=year|band=0.01"
2023-01-20,0.144700338,0.1410405807,0.1612013896,0.1527073892,0.1456482622,0.1090693323,0.1456327081,1,"E1|equal-weight,rebalance=year|band=0.01"
2023-01-23,0.1448502064,0.140799521,0.161674512,0.1521341118,0.1446341111,0.1107785938,0.145128944,1,"E1|equal-weight,rebalance=year|band=0.01"
2023-01-24,0.1445464296,0.1402334643,0.16101306,0.1522662086,0.1443016607,0.1127781655,0.1448610114,1,"E1|equal-weight,rebalance=year|band=0.01"
2023-01-25,0.1446937518,0.138545759,0.1592691672,0.1537987227,0.14403414,0.112865024,0.1467934354,1,"E1|equal-weight,rebalance=year|band=0.01"
2023-01-27,0.1441324154,0.1347749853,0.1561640182,0.1556790236,0.1441682392,0.1164992289,0.1485820894,1,"E1|equal-weight,rebalance=year|band=0.01"
2023-01-30,0.1445259216,0.1332910079,0.1564030799,0.1558701481,0.1436574387,0.1173809303,0.1488714734,1,"E1|equal-weight,rebalance=year|band=0.01"
2023-01-31,0.1440869313,0.1342382359,0.1569164005,0.1549257483,0.1450899686,0.1164430379,0.1482996775,1,"E1|equal-weight,rebalance=year|band=0.01"
2023-02-01,0.1438868595,0.1322401192,0.1562040693,0.1573150217,0.1445404069,0.1174501255,0.148363398,1,"E1|equal-weight,rebalance=year|band=0.01"
2023-02-02,0.1426550208,0.1308236481,0.1557649317,0.1594959181,0.1429343861,0.1210372573,0.1472888378,1,"E1|equal-weight,rebalance=year|band=0.01"
2023-02-03,0.1441966565,0.1301615458,0.1582358727,0.1560774252,0.1427097006,0.12139794,0.1472208591,1,"E1|equal-weight,rebalance=year|band=0.01"
2023-02-06,0.1435468339,0.131383931,0.1577282022,0.154686738,0.143640383,0.1218931748,0.1471207371,1,"E1|equal-weight,rebalance=year|band=0.01"
2023-02-07,0.1431171169,0.1311337952,0.1580120134,0.1546679462,0.1435351262,0.1224966117,0.1470373904,1,"E1|equal-weight,rebalance=year|band=0.01"
2023-02-08,0.1434059528,0.1315857,0.157262456,0.1541986668,0.1439966006,0.1233249351,0.1462256886,1,"E1|equal-weight,rebalance=year|band=0.01"
2023-02-09,0.1438068337,0.1305309269,0.1575965644,0.1540710846,0.1445372453,0.1230616179,0.1463957273,1,"E1|equal-weight,rebalance=year|band=0.01"
2023-02-10,0.1440354268,0.1313581527,0.1581060685,0.1532148391,0.1454165949,0.1209112825,0.1469576354,1,"E1|equal-weight,rebalance=year|band=0.01"
2023-02-13,0.1442191281,0.1299499498,0.1580019606,0.1541435383,0.1444462815,0.1213383069,0.1479008348,1,"E1|equal-weight,rebalance=year|band=0.01"
2023-02-14,0.1447650692,0.1297480804,0.1587134499,0.1540163386,0.143086399,0.1222302118,0.147440451,1,"E1|equal-weight,rebalance=year|band=0.01"
2023-02-15,0.1454628668,0.130033947,0.1589993414,0.1519077792,0.1438586317,0.1223892799,0.1473481541,1,"E1|equal-weight,rebalance=year|band=0.01"
2023-02-16,0.1450820455,0.1309633847,0.1582121438,0.1513656334,0.144475716,0.1231132463,0.1467878302,1,"E1|equal-weight,rebalance=year|band=0.01"
2023-02-17,0.1454447001,0.1310334414,0.1575748413,0.1518274018,0.1443677968,0.1217858477,0.1479659708,1,"E1|equal-weight,rebalance=year|band=0.01"
2023-02-20,0.1449036903,0.1307494686,0.1562453147,0.1531731385,0.1447970675,0.1221028969,0.1480284236,1,"E1|equal-weight,rebalance=year|band=0.01"
2023-02-21,0.1449475799,0.1308810662,0.1562003166,0.1530977996,0.1445071511,0.1220160344,0.1483500521,1,"E1|equal-weight,rebalance=year|band=0.01"
2023-02-22,0.1444581282,0.1303881255,0.1555966258,0.154439759,0.1440070422,0.1211277873,0.1499825321,1,"E1|equal-weight,rebalance=year|band=0.01"
2023-02-23,0.1443187359,0.1299710809,0.1558167162,0.1537288967,0.1440174132,0.1218957453,0.1502514117,1,"E1|equal-weight,rebalance=year|band=0.01"
2023-02-24,0.1440542091,0.1299518465,0.1555435739,0.1536306935,0.1442566107,0.1221334246,0.1504296418,1,"E1|equal-weight,rebalance=year|band=0.01"
2023-02-27,0.143914004,0.1293029041,0.1575458406,0.1531087251,0.1430763202,0.1219810391,0.1510711669,1,"E1|equal-weight,rebalance=year|band=0.01"
2023-02-28,0.1432842265,0.1294881037,0.1574517574,0.153032952,0.1439563901,0.121674218,0.1511123523,1,"E1|equal-weight,rebalance=year|band=0.01"
2023-03-01,0.1432224696,0.1298274938,0.1577324656,0.1528553993,0.1453991642,0.1211353618,0.1498276457,1,"E1|equal-weight,rebalance=year|band=0.01"
2023-03-02,0.1426309456,0.1301809068,0.1571080177,0.1534344513,0.1457378169,0.1206139325,0.1502939291,1,"E1|equal-weight,rebalance=year|band=0.01"
2023-03-03,0.1436919082,0.1306632084,0.1589885493,0.1525360647,0.1451226946,0.1195874546,0.1494101202,1,"E1|equal-weight,rebalance=year|band=0.01"
2023-03-06,0.1435910252,0.131015116,0.158291319,0.1515789796,0.1461826486,0.1208162921,0.1485246196,1,"E1|equal-weight,rebalance=year|band=0.01"
2023-03-08,0.1441357309,0.1313532677,0.1594154915,0.1496480631,0.1464059735,0.1201438278,0.1488976455,1,"E1|equal-weight,rebalance=year|band=0.01"
2023-03-09,0.1436162964,0.1309437199,0.1588623977,0.1499634418,0.1470938457,0.1201195245,0.1494007739,1,"E1|equal-weight,rebalance=year|band=0.01"
2023-03-10,0.1429543034,0.1315273602,0.1569672241,0.1519041921,0.1466983535,0.1197131946,0.1502353721,1,"E1|equal-weight,rebalance=year|band=0.01"
2023-03-13,0.1419583477,0.1309645084,0.1546643245,0.15743732,0.1447270043,0.1188749031,0.151373592,1,"E1|equal-weight,rebalance=year|band=0.01"
2023-03-14,0.1412426527,0.1296633716,0.1543133042,0.1586587542,0.1442046729,0.12029892,0.1516183244,1,"E1|equal-weight,rebalance=year|band=0.01"
2023-03-15,0.1406212309,0.1302097499,0.1527860554,0.1580024006,0.1443310132,0.1224200943,0.1516294558,1,"E1|equal-weight,rebalance=year|band=0.01"
2023-03-16,0.1400155423,0.1300615932,0.1522368589,0.1596860359,0.1437442528,0.1233563267,0.1508993902,1,"E1|equal-weight,rebalance=year|band=0.01"
2023-03-17,0.1403209805,0.1304808322,0.1528968183,0.1591782442,0.1426045095,0.1242222342,0.150296381,1,"E1|equal-weight,rebalance=year|band=0.01"
2023-03-20,0.1394513587,0.1295714085,0.1520648843,0.1629409027,0.141481887,0.1240514575,0.1504381012,1,"E1|equal-weight,rebalance=year|band=0.01"
2023-03-21,0.1399169723,0.1295875884,0.1536403828,0.1610145343,0.1419398467,0.1239242397,0.1499764357,1,"E1|equal-weight,rebalance=year|band=0.01"
2023-03-22,0.1400974084,0.1305535051,0.1538793517,0.1594596471,0.1419840012,0.1241629967,0.1498630898,1,"E1|equal-weight,rebalance=year|band=0.01"
2023-03-23,0.1396148733,0.1299479932,0.1527180503,0.1607566022,0.1419605843,0.1248452124,0.1501566843,1,"E1|equal-weight,rebalance=year|band=0.01"
2023-03-24,0.1390548514,0.129626667,0.1521604565,0.162900624,0.1405767351,0.1251187679,0.150561898,1,"E1|equal-weight,rebalance=year|band=0.01"
2023-03-27,0.1395694695,0.128958789,0.1525891547,0.1614625793,0.1402236807,0.126430416,0.1507659108,1,"E1|equal-weight,rebalance=year|band=0.01"
2023-03-28,0.1395301066,0.1280372884,0.1535347817,0.1618576688,0.1405839597,0.1253899262,0.1510662686,1,"E1|equal-weight,rebalance=year|band=0.01"
2023-03-29,0.1392573136,0.1276531007,0.153621495,0.1612403295,0.142130159,0.1263190394,0.1497785628,1,"E1|equal-weight,rebalance=year|band=0.01"
2023-03-31,0.1399293886,0.1282587211,0.1545731121,0.1608515557,0.1411743151,0.1267770599,0.1484358476,1,"E1|equal-weight,rebalance=year|band=0.01"
2023-04-03,0.5,0,0,0,0,0,0.5,1,S0|cap=0.2|band=0.01
2023-04-05,0.5,0,0,0,0,0,0.5,1,S0|cap=0.2|band=0.01
2023-04-06,0.5,0,0,0,0,0,0.5,1,S0|cap=0.2|band=0.01
2023-04-10,0.5,0,0,0,0,0,0.5,1,S0|cap=0.2|band=0.01
2023-04-11,0.5,0,0,0,0,0,0.5,1,S0|cap=0.2|band=0.01
2023-04-12,0.5,0,0,0,0,0,0.5,1,S0|cap=0.2|band=0.01
2023-04-13,0.5,0,0,0,0,0,0.5,1,S0|cap=0.2|band=0.01
2023-04-17,0.5,0,0,0,0,0,0.5,1,S0|cap=0.2|band=0.01
2023-04-18,0.5,0,0,0,0,0,0.5,1,S0|cap=0.2|band=0.01
2023-04-19,0.5,0,0,0,0,0,0.5,1,S0|cap=0.2|band=0.01
2023-04-20,0.5,0,0,0,0,0,0.5,1,S0|cap=0.2|band=0.01
2023-04-21,0.5,0,0,0,0,0,0.5,1,S0|cap=0.2|band=0.01
2023-04-24,0.5,0,0,0,0,0,0.5,1,S0|cap=0.2|band=0.01
2023-04-25,0.5,0,0,0,0,0,0.5,1,S0|cap=0.2|band=0.01
2023-04-26,0.5,0,0,0,0,0,0.5,1,S0|cap=0.2|band=0.01
2023-04-27,0.5,0,0,0,0,0,0.5,1,S0|cap=0.2|band=0.01
2023-04-28,0.5,0,0,0,0,0,0.5,1,S0|cap=0.2|band=0.01
2023-05-02,0.5,0,0,0,0,0,0.5,1,S0|cap=0.2|band=0.01
2023-05-03,0.5,0,0,0,0,0,0.5,1,S0|cap=0.2|band=0.01
2023-05-04,0.5,0,0,0,0,0,0.5,1,S0|cap=0.2|band=0.01
2023-05-05,0.5,0,0,0,0,0,0.5,1,S0|cap=0.2|band=0.01
2023-05-08,0.5,0,0,0,0,0,0.5,1,S0|cap=0.2|band=0.01
2023-05-09,0.5,0,0,0,0,0,0.5,1,S0|cap=0.2|band=0.01
2023-05-10,0.5,0,0,0,0,0,0.5,1,S0|cap=0.2|band=0.01
2023-05-11,0.5,0,0,0,0,0,0.5,1,S0|cap=0.2|band=0.01
2023-05-12,0.5,0,0,0,0,0,0.5,1,S0|cap=0.2|band=0.01
2023-05-15,0.5,0,0,0,0,0,0.5,1,S0|cap=0.2|band=0.01
2023-05-16,0.5,0,0,0,0,0,0.5,1,S0|cap=0.2|band=0.01
2023-05-17,0.5,0,0,0,0,0,0.5,1,S0|cap=0.2|band=0.01
2023-05-18,0.5,0,0,0,0,0,0.5,1,S0|cap=0.2|band=0.01
2023-05-19,0.5,0,0,0,0,0,0.5,1,S0|cap=0.2|band=0.01
2023-05-22,0.5,0,0,0,0,0,0.5,1,S0|cap=0.2|band=0.01
2023-05-23,0.5,0,0,0,0,0,0.5,1,S0|cap=0.2|band=0.01
2023-05-24,0.5,0,0,0,0,0,0.5,1,S0|cap=0.2|band=0.01
2023-05-25,0.5,0,0,0,0,0,0.5,1,S0|cap=0.2|band=0.01
2023-05-26,0.5,0,0,0,0,0,0.5,1,S0|cap=0.2|band=0.01
2023-05-29,0.5,0,0,0,0,0,0.5,1,S0|cap=0.2|band=0.01
2023-05-30,0.5,0,0,0,0,0,0.5,1,S0|cap=0.2|band=0.01
2023-05-31,0.5,0,0,0,0,0,0.5,1,S0|cap=0.2|band=0.01
2023-06-01,0.5,0,0,0,0,0,0.5,1,S0|cap=0.2|band=0.01
2023-06-02,0.5,0,0,0,0,0,0.5,1,S0|cap=0.2|band=0.01
2023-06-05,0.5,0,0,0,0,0,0.5,1,S0|cap=0.2|band=0.01
2023-06-06,0.5,0,0,0,0,0,0.5,1,S0|cap=0.2|band=0.01
2023-06-07,0.5,0,0,0,0,0,0.5,1,S0|cap=0.2|band=0.01
2023-06-08,0.5,0,0,0,0,0,0.5,1,S0|cap=0.2|band=0.01
2023-06-09,0.5,0,0,0,0,0,0.5,1,S0|cap=0.2|band=0.01
2023-06-12,0.5,0,0,0,0,0,0.5,1,S0|cap=0.2|band=0.01
2023-06-13,0.5,0,0,0,0,0,0.5,1,S0|cap=0.2|band=0.01
2023-06-14,0.5,0,0,0,0,0,0.5,1,S0|cap=0.2|band=0.01
2023-06-15,0.5,0,0,0,0,0,0.5,1,S0|cap=0.2|band=0.01
2023-06-16,0.5,0,0,0,0,0,0.5,1,S0|cap=0.2|band=0.01
2023-06-19,0.5,0,0,0,0,0,0.5,1,S0|cap=0.2|band=0.01
2023-06-20,0.5,0,0,0,0,0,0.5,1,S0|cap=0.2|band=0.01
2023-06-21,0.5,0,0,0,0,0,0.5,1,S0|cap=0.2|band=0.01
2023-06-22,0.5,0,0,0,0,0,0.5,1,S0|cap=0.2|band=0.01
2023-06-23,0.5,0,0,0,0,0,0.5,1,S0|cap=0.2|band=0.01
2023-06-26,0.5,0,0,0,0,0,0.5,1,S0|cap=0.2|band=0.01
2023-06-27,0.5,0,0,0,0,0,0.5,1,S0|cap=0.2|band=0.01
2023-06-28,0.5,0,0,0,0,0,0.5,1,S0|cap=0.2|band=0.01
2023-06-30,0.5,0,0,0,0,0,0.5,1,S0|cap=0.2|band=0.01
2023-07-03,0.5,0,0,0,0,0,0.5,1,S0|cap=0.2|band=0.01
2023-07-04,0.5,0,0,0,0,0,0.5,1,S0|cap=0.2|band=0.01
2023-07-05,0.5,0,0,0,0,0,0.5,1,S0|cap=0.2|band=0.01
2023-07-06,0.5,0,0,0,0,0,0.5,1,S0|cap=0.2|band=0.01
2023-07-07,0.5,0,0,0,0,0,0.5,1,S0|cap=0.2|band=0.01
2023-07-10,0.5,0,0,0,0,0,0.5,1,S0|cap=0.2|band=0.01
2023-07-11,0.5,0,0,0,0,0,0.5,1,S0|cap=0.2|band=0.01
2023-07-12,0.5,0,0,0,0,0,0.5,1,S0|cap=0.2|band=0.01
2023-07-13,0.5,0,0,0,0,0,0.5,1,S0|cap=0.2|band=0.01
2023-07-14,0.5,0,0,0,0,0,0.5,1,S0|cap=0.2|band=0.01
2023-07-17,0.5,0,0,0,0,0,0.5,1,S0|cap=0.2|band=0.01
2023-07-18,0.5,0,0,0,0,0,0.5,1,S0|cap=0.2|band=0.01
2023-07-19,0.5,0,0,0,0,0,0.5,1,S0|cap=0.2|band=0.01
2023-07-20,0.5,0,0,0,0,0,0.5,1,S0|cap=0.2|band=0.01
2023-07-21,0.5,0,0,0,0,0,0.5,1,S0|cap=0.2|band=0.01
2023-07-24,0.5,0,0,0,0,0,0.5,1,S0|cap=0.2|band=0.01
2023-07-25,0.5,0,0,0,0,0,0.5,1,S0|cap=0.2|band=0.01
2023-07-26,0.5,0,0,0,0,0,0.5,1,S0|cap=0.2|band=0.01
2023-07-27,0.5,0,0,0,0,0,0.5,1,S0|cap=0.2|band=0.01
2023-07-28,0.5,0,0,0,0,0,0.5,1,S0|cap=0.2|band=0.01
2023-07-31,0.5,0,0,0,0,0,0.5,1,S0|cap=0.2|band=0.01
2023-08-01,0.5,0,0,0,0,0,0.5,1,S0|cap=0.2|band=0.01
2023-08-02,0.5,0,0,0,0,0,0.5,1,S0|cap=0.2|band=0.01
2023-08-03,0.5,0,0,0,0,0,0.5,1,S0|cap=0.2|band=0.01
2023-08-04,0.5,0,0,0,0,0,0.5,1,S0|cap=0.2|band=0.01
2023-08-07,0.5,0,0,0,0,0,0.5,1,S0|cap=0.2|band=0.01
2023-08-08,0.5,0,0,0,0,0,0.5,1,S0|cap=0.2|band=0.01
2023-08-09,0.5,0,0,0,0,0,0.5,1,S0|cap=0.2|band=0.01
2023-08-10,0.5,0,0,0,0,0,0.5,1,S0|cap=0.2|band=0.01
2023-08-11,0.5,0,0,0,0,0,0.5,1,S0|cap=0.2|band=0.01
2023-08-14,0.5,0,0,0,0,0,0.5,1,S0|cap=0.2|band=0.01
2023-08-16,0.5,0,0,0,0,0,0.5,1,S0|cap=0.2|band=0.01
2023-08-17,0.5,0,0,0,0,0,0.5,1,S0|cap=0.2|band=0.01
2023-08-18,0.5,0,0,0,0,0,0.5,1,S0|cap=0.2|band=0.01
2023-08-21,0.5,0,0,0,0,0,0.5,1,S0|cap=0.2|band=0.01
2023-08-22,0.5,0,0,0,0,0,0.5,1,S0|cap=0.2|band=0.01
2023-08-23,0.5,0,0,0,0,0,0.5,1,S0|cap=0.2|band=0.01
2023-08-24,0.5,0,0,0,0,0,0.5,1,S0|cap=0.2|band=0.01
2023-08-25,0.5,0,0,0,0,0,0.5,1,S0|cap=0.2|band=0.01
2023-08-28,0.5,0,0,0,0,0,0.5,1,S0|cap=0.2|band=0.01
2023-08-29,0.5,0,0,0,0,0,0.5,1,S0|cap=0.2|band=0.01
2023-08-30,0.5,0,0,0,0,0,0.5,1,S0|cap=0.2|band=0.01
2023-08-31,0.5,0,0,0,0,0,0.5,1,S0|cap=0.2|band=0.01
2023-09-01,0.5,0,0,0,0,0,0.5,1,S0|cap=0.2|band=0.01
2023-09-04,0.5,0,0,0,0,0,0.5,1,S0|cap=0.2|band=0.01
2023-09-05,0.5,0,0,0,0,0,0.5,1,S0|cap=0.2|band=0.01
2023-09-06,0.5,0,0,0,0,0,0.5,1,S0|cap=0.2|band=0.01
2023-09-07,0.5,0,0,0,0,0,0.5,1,S0|cap=0.2|band=0.01
2023-09-08,0.5,0,0,0,0,0,0.5,1,S0|cap=0.2|band=0.01
2023-09-11,0.5,0,0,0,0,0,0.5,1,S0|cap=0.2|band=0.01
2023-09-12,0.5,0,0,0,0,0,0.5,1,S0|cap=0.2|band=0.01
2023-09-13,0.5,0,0,0,0,0,0.5,1,S0|cap=0.2|band=0.01
2023-09-14,0.5,0,0,0,0,0,0.5,1,S0|cap=0.2|band=0.01
2023-09-15,0.5,0,0,0,0,0,0.5,1,S0|cap=0.2|band=0.01
2023-09-18,0.5,0,0,0,0,0,0.5,1,S0|cap=0.2|band=0.01
2023-09-20,0.5,0,0,0,0,0,0.5,1,S0|cap=0.2|band=0.01
2023-09-21,0.5,0,0,0,0,0,0.5,1,S0|cap=0.2|band=0.01
2023-09-22,0.5,0,0,0,0,0,0.5,1,S0|cap=0.2|band=0.01
2023-09-25,0.5,0,0,0,0,0,0.5,1,S0|cap=0.2|band=0.01
2023-09-26,0.5,0,0,0,0,0,0.5,1,S0|cap=0.2|band=0.01
2023-09-27,0.5,0,0,0,0,0,0.5,1,S0|cap=0.2|band=0.01
2023-09-28,0.5,0,0,0,0,0,0.5,1,S0|cap=0.2|band=0.01
2023-09-29,0.5,0,0,0,0,0,0.5,1,S0|cap=0.2|band=0.01
2023-10-03,0.5,0,0,0,0,0,0.5,1,S0|cap=0.2|band=0.01
2023-10-04,0.5,0,0,0,0,0,0.5,1,S0|cap=0.2|band=0.01
2023-10-05,0.5,0,0,0,0,0,0.5,1,S0|cap=0.2|band=0.01
2023-10-06,0.5,0,0,0,0,0,0.5,1,S0|cap=0.2|band=0.01
2023-10-09,0.5,0,0,0,0,0,0.5,1,S0|cap=0.2|band=0.01
2023-10-10,0.5,0,0,0,0,0,0.5,1,S0|cap=0.2|band=0.01
2023-10-11,0.5,0,0,0,0,0,0.5,1,S0|cap=0.2|band=0.01
2023-10-12,0.5,0,0,0,0,0,0.5,1,S0|cap=0.2|band=0.01
2023-10-13,0.5,0,0,0,0,0,0.5,1,S0|cap=0.2|band=0.01
2023-10-16,0.5,0,0,0,0,0,0.5,1,S0|cap=0.2|band=0.01
2023-10-17,0.5,0,0,0,0,0,0.5,1,S0|cap=0.2|band=0.01
2023-10-18,0.5,0,0,0,0,0,0.5,1,S0|cap=0.2|band=0.01
2023-10-19,0.5,0,0,0,0,0,0.5,1,S0|cap=0.2|band=0.01
2023-10-20,0.5,0,0,0,0,0,0.5,1,S0|cap=0.2|band=0.01
2023-10-23,0.5,0,0,0,0,0,0.5,1,S0|cap=0.2|band=0.01
2023-10-25,0.5,0,0,0,0,0,0.5,1,S0|cap=0.2|band=0.01
2023-10-26,0.5,0,0,0,0,0,0.5,1,S0|cap=0.2|band=0.01
2023-10-27,0.5,0,0,0,0,0,0.5,1,S0|cap=0.2|band=0.01
2023-10-30,0.5,0,0,0,0,0,0.5,1,S0|cap=0.2|band=0.01
2023-10-31,0.5,0,0,0,0,0,0.5,1,S0|cap=0.2|band=0.01
2023-11-01,0.5,0,0,0,0,0,0.5,1,S0|cap=0.2|band=0.01
2023-11-02,0.5,0,0,0,0,0,0.5,1,S0|cap=0.2|band=0.01
2023-11-03,0.5,0,0,0,0,0,0.5,1,S0|cap=0.2|band=0.01
2023-11-06,0.5,0,0,0,0,0,0.5,1,S0|cap=0.2|band=0.01
2023-11-07,0.5,0,0,0,0,0,0.5,1,S0|cap=0.2|band=0.01
2023-11-08,0.5,0,0,0,0,0,0.5,1,S0|cap=0.2|band=0.01
2023-11-09,0.5,0,0,0,0,0,0.5,1,S0|cap=0.2|band=0.01
2023-11-10,0.5,0,0,0,0,0,0.5,1,S0|cap=0.2|band=0.01
2023-11-12,0.5,0,0,0,0,0,0.5,1,S0|cap=0.2|band=0.01
2023-11-13,0.5,0,0,0,0,0,0.5,1,S0|cap=0.2|band=0.01
2023-11-15,0.5,0,0,0,0,0,0.5,1,S0|cap=0.2|band=0.01
2023-11-16,0.5,0,0,0,0,0,0.5,1,S0|cap=0.2|band=0.01
2023-11-17,0.5,0,0,0,0,0,0.5,1,S0|cap=0.2|band=0.01
2023-11-20,0.5,0,0,0,0,0,0.5,1,S0|cap=0.2|band=0.01
2023-11-21,0.5,0,0,0,0,0,0.5,1,S0|cap=0.2|band=0.01
2023-11-22,0.5,0,0,0,0,0,0.5,1,S0|cap=0.2|band=0.01
2023-11-23,0.5,0,0,0,0,0,0.5,1,S0|cap=0.2|band=0.01
2023-11-24,0.5,0,0,0,0,0,0.5,1,S0|cap=0.2|band=0.01
2023-11-28,0.5,0,0,0,0,0,0.5,1,S0|cap=0.2|band=0.01
2023-11-29,0.5,0,0,0,0,0,0.5,1,S0|cap=0.2|band=0.01
2023-11-30,0.5,0,0,0,0,0,0.5,1,S0|cap=0.2|band=0.01
2023-12-01,0.5,0,0,0,0,0,0.5,1,S0|cap=0.2|band=0.01
2023-12-04,0.5,0,0,0,0,0,0.5,1,S0|cap=0.2|band=0.01
2023-12-05,0.5,0,0,0,0,0,0.5,1,S0|cap=0.2|band=0.01
2023-12-06,0.5,0,0,0,0,0,0.5,1,S0|cap=0.2|band=0.01
2023-12-07,0.5,0,0,0,0,0,0.5,1,S0|cap=0.2|band=0.01
2023-12-08,0.5,0,0,0,0,0,0.5,1,S0|cap=0.2|band=0.01
2023-12-11,0.5,0,0,0,0,0,0.5,1,S0|cap=0.2|band=0.01
2023-12-12,0.5,0,0,0,0,0,0.5,1,S0|cap=0.2|band=0.01
2023-12-13,0.5,0,0,0,0,0,0.5,1,S0|cap=0.2|band=0.01
2023-12-14,0.5,0,0,0,0,0,0.5,1,S0|cap=0.2|band=0.01
2023-12-15,0.5,0,0,0,0,0,0.5,1,S0|cap=0.2|band=0.01
2023-12-18,0.5,0,0,0,0,0,0.5,1,S0|cap=0.2|band=0.01
2023-12-19,0.5,0,0,0,0,0,0.5,1,S0|cap=0.2|band=0.01
2023-12-20,0.5,0,0,0,0,0,0.5,1,S0|cap=0.2|band=0.01
2023-12-21,0.5,0,0,0,0,0,0.5,1,S0|cap=0.2|band=0.01
2023-12-22,0.5,0,0,0,0,0,0.5,1,S0|cap=0.2|band=0.01
2023-12-26,0.5,0,0,0,0,0,0.5,1,S0|cap=0.2|band=0.01
2023-12-27,0.5,0,0,0,0,0,0.5,1,S0|cap=0.2|band=0.01
2023-12-28,0.5,0,0,0,0,0,0.5,1,S0|cap=0.2|band=0.01
2023-12-29,0.5,0,0,0,0,0,0.5,1,S0|cap=0.2|band=0.01
2024-01-01,0.5,0,0,0,0,0,0.5,1,S0|cap=0.2|band=0.01
2024-01-02,0.5,0,0,0,0,0,0.5,1,S0|cap=0.2|band=0.01
2024-01-03,0.5,0,0,0,0,0,0.5,1,S0|cap=0.2|band=0.01
2024-01-04,0.5,0,0,0,0,0,0.5,1,S0|cap=0.2|band=0.01
2024-01-05,0.5,0,0,0,0,0,0.5,1,S0|cap=0.2|band=0.01
2024-01-08,0.5,0,0,0,0,0,0.5,1,S0|cap=0.2|band=0.01
2024-01-09,0.5,0,0,0,0,0,0.5,1,S0|cap=0.2|band=0.01
2024-01-10,0.5,0,0,0,0,0,0.5,1,S0|cap=0.2|band=0.01
2024-01-11,0.5,0,0,0,0,0,0.5,1,S0|cap=0.2|band=0.01
2024-01-12,0.5,0,0,0,0,0,0.5,1,S0|cap=0.2|band=0.01
2024-01-15,0.5,0,0,0,0,0,0.5,1,S0|cap=0.2|band=0.01
2024-01-16,0.5,0,0,0,0,0,0.5,1,S0|cap=0.2|band=0.01
2024-01-17,0.5,0,0,0,0,0,0.5,1,S0|cap=0.2|band=0.01
2024-01-18,0.5,0,0,0,0,0,0.5,1,S0|cap=0.2|band=0.01
2024-01-19,0.5,0,0,0,0,0,0.5,1,S0|cap=0.2|band=0.01
2024-01-20,0.5,0,0,0,0,0,0.5,1,S0|cap=0.2|band=0.01
2024-01-23,0.5,0,0,0,0,0,0.5,1,S0|cap=0.2|band=0.01
2024-01-24,0.5,0,0,0,0,0,0.5,1,S0|cap=0.2|band=0.01
2024-01-25,0.5,0,0,0,0,0,0.5,1,S0|cap=0.2|band=0.01
2024-01-29,0.5,0,0,0,0,0,0.5,1,S0|cap=0.2|band=0.01
2024-01-30,0.5,0,0,0,0,0,0.5,1,S0|cap=0.2|band=0.01
2024-01-31,0.5,0,0,0,0,0,0.5,1,S0|cap=0.2|band=0.01
2024-02-01,0.5,0,0,0,0,0,0.5,1,S0|cap=0.2|band=0.01
2024-02-02,0.5,0,0,0,0,0,0.5,1,S0|cap=0.2|band=0.01
2024-02-05,0.5,0,0,0,0,0,0.5,1,S0|cap=0.2|band=0.01
2024-02-06,0.5,0,0,0,0,0,0.5,1,S0|cap=0.2|band=0.01
2024-02-07,0.5,0,0,0,0,0,0.5,1,S0|cap=0.2|band=0.01
2024-02-08,0.5,0,0,0,0,0,0.5,1,S0|cap=0.2|band=0.01
2024-02-09,0.5,0,0,0,0,0,0.5,1,S0|cap=0.2|band=0.01
2024-02-12,0.5,0,0,0,0,0,0.5,1,S0|cap=0.2|band=0.01
2024-02-13,0.5,0,0,0,0,0,0.5,1,S0|cap=0.2|band=0.01
2024-02-14,0.5,0,0,0,0,0,0.5,1,S0|cap=0.2|band=0.01
2024-02-15,0.5,0,0,0,0,0,0.5,1,S0|cap=0.2|band=0.01
2024-02-16,0.5,0,0,0,0,0,0.5,1,S0|cap=0.2|band=0.01
2024-02-19,0.5,0,0,0,0,0,0.5,1,S0|cap=0.2|band=0.01
2024-02-20,0.5,0,0,0,0,0,0.5,1,S0|cap=0.2|band=0.01
2024-02-21,0.5,0,0,0,0,0,0.5,1,S0|cap=0.2|band=0.01
2024-02-22,0.5,0,0,0,0,0,0.5,1,S0|cap=0.2|band=0.01
2024-02-23,0.5,0,0,0,0,0,0.5,1,S0|cap=0.2|band=0.01
2024-02-26,0.5,0,0,0,0,0,0.5,1,S0|cap=0.2|band=0.01
2024-02-27,0.5,0,0,0,0,0,0.5,1,S0|cap=0.2|band=0.01
2024-02-28,0.5,0,0,0,0,0,0.5,1,S0|cap=0.2|band=0.01
2024-02-29,0.5,0,0,0,0,0,0.5,1,S0|cap=0.2|band=0.01
2024-03-01,0.5,0,0,0,0,0,0.5,1,S0|cap=0.2|band=0.01
2024-03-02,0.5,0,0,0,0,0,0.5,1,S0|cap=0.2|band=0.01
2024-03-04,0.5,0,0,0,0,0,0.5,1,S0|cap=0.2|band=0.01
2024-03-05,0.5,0,0,0,0,0,0.5,1,S0|cap=0.2|band=0.01
2024-03-06,0.5,0,0,0,0,0,0.5,1,S0|cap=0.2|band=0.01
2024-03-07,0.5,0,0,0,0,0,0.5,1,S0|cap=0.2|band=0.01
2024-03-11,0.5,0,0,0,0,0,0.5,1,S0|cap=0.2|band=0.01
2024-03-12,0.5,0,0,0,0,0,0.5,1,S0|cap=0.2|band=0.01
2024-03-13,0.5,0,0,0,0,0,0.5,1,S0|cap=0.2|band=0.01
2024-03-14,0.5,0,0,0,0,0,0.5,1,S0|cap=0.2|band=0.01
2024-03-15,0.5,0,0,0,0,0,0.5,1,S0|cap=0.2|band=0.01
2024-03-18,0.5,0,0,0,0,0,0.5,1,S0|cap=0.2|band=0.01
2024-03-19,0.5,0,0,0,0,0,0.5,1,S0|cap=0.2|band=0.01
2024-03-20,0.5,0,0,0,0,0,0.5,1,S0|cap=0.2|band=0.01
2024-03-21,0.5,0,0,0,0,0,0.5,1,S0|cap=0.2|band=0.01
2024-03-22,0.5,0,0,0,0,0,0.5,1,S0|cap=0.2|band=0.01
2024-03-26,0.5,0,0,0,0,0,0.5,1,S0|cap=0.2|band=0.01
2024-03-27,0.5,0,0,0,0,0,0.5,1,S0|cap=0.2|band=0.01
2024-03-28,0.5,0,0,0,0,0,0.5,1,S0|cap=0.2|band=0.01
2024-04-01,0.1428571429,0.1428571429,0.1428571429,0.1428571429,0.1428571429,0.1428571429,0.1428571429,1,"E1|equal-weight,rebalance=year|band=0.01"
2024-04-02,0.1428134176,0.1440577865,0.1423229456,0.1433313773,0.1440258414,0.1408112724,0.1426373591,1,"E1|equal-weight,rebalance=year|band=0.01"
2024-04-03,0.1426509714,0.1443738716,0.1424096916,0.1435203661,0.1445251089,0.139982907,0.1425370835,1,"E1|equal-weight,rebalance=year|band=0.01"
2024-04-04,0.1425253892,0.1432032618,0.1431887466,0.1440235935,0.1443265653,0.1406541269,0.1420783168,1,"E1|equal-weight,rebalance=year|band=0.01"
2024-04-05,0.1422312969,0.1439663948,0.144144858,0.1434657295,0.1451660631,0.1391055444,0.1419201134,1,"E1|equal-weight,rebalance=year|band=0.01"
2024-04-08,0.1423332969,0.1440080648,0.1434938955,0.1454457242,0.1443663596,0.1392001135,0.1411525454,1,"E1|equal-weight,rebalance=year|band=0.01"
2024-04-09,0.1423191862,0.1436021217,0.1441997697,0.1462583741,0.1437362713,0.1387132192,0.1411710577,1,"E1|equal-weight,rebalance=year|band=0.01"
2024-04-10,0.1421455561,0.1442325182,0.1440574621,0.145766301,0.1444592238,0.1387595762,0.1405793625,1,"E1|equal-weight,rebalance=year|band=0.01"
2024-04-12,0.1409515877,0.1433585209,0.1430212448,0.1488067265,0.1437541873,0.1395334229,0.1405743098,1,"E1|equal-weight,rebalance=year|band=0.01"
2024-04-15,0.1410046317,0.142785373,0.1422290585,0.1488319201,0.143063853,0.1398413876,0.1422437761,1,"E1|equal-weight,rebalance=year|band=0.01"
2024-04-16,0.1405115376,0.1431550549,0.1418551164,0.1507343933,0.1432657068,0.1379231798,0.1425550112,1,"E1|equal-weight,rebalance=year|band=0.01"
2024-04-18,0.1402555017,0.1435564296,0.141222373,0.1516055357,0.1432191778,0.1368713271,0.143269655,1,"E1|equal-weight,rebalance=year|band=0.01"
2024-04-19,0.141265253,0.1435904645,0.1427044266,0.1523937428,0.141919128,0.1347378552,0.1433891299,1,"E1|equal-weight,rebalance=year|band=0.01"
2024-04-22,0.1416412046,0.1446617588,0.1432586901,0.1504808803,0.1429904956,0.1341524963,0.1428144743,1,"E1|equal-weight,rebalance=year|band=0.01"
2024-04-23,0.1420079206,0.1450826439,0.1431375837,0.1469264652,0.1460939545,0.1338345548,0.1429168774,1,"E1|equal-weight,rebalance=year|band=0.01"
2024-04-24,0.1414665147,0.1455133524,0.143089178,0.1474609752,0.1449504046,0.1351938183,0.1423257567,1,"E1|equal-weight,rebalance=year|band=0.01"
2024-04-25,0.141884314,0.1459614746,0.1436371765,0.1474222662,0.145307401,0.1337872793,0.1420000884,1,"E1|equal-weight,rebalance=year|band=0.01"
2024-04-26,0.1407981952,0.1464776995,0.1422802533,0.1479160483,0.1454053229,0.135718073,0.1414044078,1,"E1|equal-weight,rebalance=year|band=0.01"
2024-04-29,0.1411867373,0.1460311134,0.1449309584,0.1469797162,0.1452261993,0.1349901682,0.1406551072,1,"E1|equal-weight,rebalance=year|band=0.01"
2024-04-30,0.1408756684,0.1471887515,0.1448028497,0.14595977,0.1456961508,0.1348105571,0.1406662524,1,"E1|equal-weight,rebalance=year|band=0.01"
2024-05-02,0.1411295383,0.1491759376,0.1443047082,0.1456962839,0.1459066405,0.1332473889,0.1405395025,1,"E1|equal-weight,rebalance=year|band=0.01"
2024-05-03,0.1402571284,0.1494482025,0.1438762332,0.1451243875,0.1460351185,0.1343847409,0.140874189,1,"E1|equal-weight,rebalance=year|band=0.01"
2024-05-06,0.1402062473,0.1476890618,0.1437379414,0.1458702591,0.1453992101,0.1359789701,0.1411183102,1,"E1|equal-weight,rebalance=year|band=0.01"
2024-05-07,0.1403797689,0.1463231747,0.1430830604,0.1466987922,0.1438872754,0.1375929305,0.1420349978,1,"E1|equal-weight,rebalance=year|band=0.01"
2024-05-08,0.1402497203,0.1477595638,0.1421875078,0.1460512933,0.1443805784,0.1375244988,0.1418468376,1,"E1|equal-weight,rebalance=year|band=0.01"
2024-05-09,0.1392650638,0.1461829683,0.141862533,0.1470647325,0.1444584647,0.138123063,0.1430431747,1,"E1|equal-weight,rebalance=year|band=0.01"
2024-05-10,0.1391550779,0.1464964648,0.1411992628,0.1496869254,0.1428232391,0.1385514919,0.142087538,1,"E1|equal-weight,rebalance=year|band=0.01"
2024-05-13,0.1392138878,0.1473108861,0.1420965771,0.1477733689,0.1433676381,0.138117659,0.1421199829,1,"E1|equal-weight,rebalance=year|band=0.01"
2024-05-14,0.1394782517,0.1488184149,0.1417347898,0.1472797468,0.1442763263,0.1368275054,0.1415849651,1,"E1|equal-weight,rebalance=year|band=0.01"
2024-05-15,0.1387298514,0.1489287744,0.1405817956,0.1478482805,0.1449798023,0.1379669494,0.1409645465,1,"E1|equal-weight,rebalance=year|band=0.01"
2024-05-16,0.1388242674,0.149055062,0.1403638294,0.1475900443,0.1450349939,0.1390425917,0.1400892112,1,"E1|equal-weight,rebalance=year|band=0.01"
2024-05-17,0.1386857587,0.1507252934,0.1402332201,0.1470218454,0.1458441139,0.1378222786,0.1396674898,1,"E1|equal-weight,rebalance=year|band=0.01"
2024-05-18,0.1382186507,0.1512659714,0.1397744058,0.148534884,0.1454832064,0.1377046583,0.1390182233,1,"E1|equal-weight,rebalance=year|band=0.01"
2024-05-21,0.1382027329,0.1521459385,0.1392532609,0.1474951362,0.1462764916,0.1378848476,0.1387415924,1,"E1|equal-weight,rebalance=year|band=0.01"
2024-05-22,0.1384257292,0.1523802435,0.138518691,0.1474849239,0.1465182197,0.1380213017,0.1386508909,1,"E1|equal-weight,rebalance=year|band=0.01"
2024-05-23,0.1399819685,0.1525327363,0.1404571641,0.1443548143,0.1462686965,0.1383352443,0.138069376,1,"E1|equal-weight,rebalance=year|band=0.01"
2024-05-24,0.14048278,0.1534398919,0.1413139421,0.1427676181,0.1464996907,0.137279281,0.1382167961,1,"E1|equal-weight,rebalance=year|band=0.01"
2024-05-27,0.1399919649,0.1531285213,0.1416359959,0.1426713143,0.1470526763,0.1375663299,0.1379531975,1,"E1|equal-weight,rebalance=year|band=0.01"
2024-05-28,0.1399972623,0.1521677831,0.1418381171,0.1432498269,0.1463364696,0.1381443618,0.1382661792,1,"E1|equal-weight,rebalance=year|band=0.01"
2024-05-29,0.1396052312,0.1518014788,0.1408448519,0.144072851,0.1463790961,0.138390564,0.138905927,1,"E1|equal-weight,rebalance=year|band=0.01"
2024-05-30,0.1392002325,0.151416575,0.1419534379,0.1437255292,0.1453320045,0.1387255356,0.1396466853,1,"E1|equal-weight,rebalance=year|band=0.01"
2024-05-31,0.1390500352,0.150851027,0.1423400097,0.144409015,0.1465579111,0.1377133246,0.1390786774,1,"E1|equal-weight,rebalance=year|band=0.01"
2024-06-03,0.1403908271,0.1544139734,0.1454166538,0.1402332965,0.1474080377,0.1354380905,0.1366991211,1,"E1|equal-weight,rebalance=year|band=0.01"
2024-06-04,0.138336162,0.1547294787,0.1421688721,0.1423361774,0.1477205639,0.1358660061,0.1388427397,1,"E1|equal-weight,rebalance=year|band=0.01"
2024-06-05,0.1399082461,0.1500964304,0.143067526,0.1437683073,0.1449093644,0.1382596419,0.1399904838,1,"E1|equal-weight,rebalance=year|band=0.01"
2024-06-06,0.1389938037,0.1511028287,0.1415905299,0.1436805239,0.1463282801,0.1401231382,0.1381808956,1,"E1|equal-weight,rebalance=year|band=0.01"
2024-06-07,0.1408014532,0.1518851298,0.1419318186,0.1416504321,0.1472120752,0.1394618937,0.1370571974,1,"E1|equal-weight,rebalance=year|band=0.01"
2024-06-10,0.1407262691,0.1533956162,0.1420251057,0.139609331,0.1476670169,0.1392589029,0.1373177582,1,"E1|equal-weight,rebalance=year|band=0.01"
2024-06-11,0.1408803269,0.1529131529,0.1415939264,0.139969549,0.1485036933,0.1391011029,0.1370382487,1,"E1|equal-weight,rebalance=year|band=0.01"
2024-06-12,0.1404291229,0.1531606048,0.1414453906,0.1395955809,0.1492894305,0.1397635427,0.1363163275,1,"E1|equal-weight,rebalance=year|band=0.01"
2024-06-13,0.1401600454,0.1536186092,0.1406395018,0.1388410142,0.1496360753,0.1415010073,0.1356037468,1,"E1|equal-weight,rebalance=year|band=0.01"
2024-06-14,0.1396979204,0.1550525817,0.1404345327,0.1382202263,0.1504734553,0.1411198049,0.1350014787,1,"E1|equal-weight,rebalance=year|band=0.01"
2024-06-18,0.1394258097,0.1551179909,0.1408487941,0.1368585504,0.1505714904,0.142805213,0.1343721515,1,"E1|equal-weight,rebalance=year|band=0.01"
2024-06-19,0.1392037297,0.153608975,0.1433670507,0.1375959068,0.1489899105,0.142957731,0.1342766964,1,"E1|equal-weight,rebalance=year|band=0.01"
2024-06-20,0.1387713096,0.1530873915,0.1438699735,0.1377123561,0.1497478072,0.1431000335,0.1337111286,1,"E1|equal-weight,rebalance=year|band=0.01"
2024-06-21,0.1386184211,0.1523531444,0.1437311532,0.139139516,0.1500955139,0.142037484,0.1340247673,1,"E1|equal-weight,rebalance=year|band=0.01"
2024-06-24,0.1391208247,0.1533210172,0.1439444149,0.1371631664,0.1504125272,0.1418581457,0.134179904,1,"E1|equal-weight,rebalance=year|band=0.01"
2024-06-25,0.1398865314,0.1525982342,0.1460988596,0.1372018659,0.1496276754,0.1406380368,0.1339487969,1,"E1|equal-weight,rebalance=year|band=0.01"
2024-06-26,0.1403854663,0.152189605,0.1464658135,0.1362996666,0.1489532158,0.141977556,0.1337286767,1,"E1|equal-weight,rebalance=year|band=0.01"
2024-06-27,0.1412372224,0.1519982629,0.1462023877,0.1358148753,0.1492464987,0.1419146487,0.1335861043,1,"E1|equal-weight,rebalance=year|band=0.01"
2024-06-28,0.141240189,0.1520899689,0.1451295952,0.1362452304,0.1497835186,0.1421515628,0.1333599351,1,"E1|equal-weight,rebalance=year|band=0.01"
2024-07-01,0.141256704,0.1530037968,0.1452632359,0.1356654648,0.1507719604,0.1409763031,0.1330625349,1,"E1|equal-weight,rebalance=year|band=0.01"
2024-07-02,0.1417187045,0.1530717421,0.1443726401,0.1361209554,0.1499016012,0.1416371889,0.1331771679,1,"E1|equal-weight,rebalance=year|band=0.01"
2024-07-03,0.1414371301,0.1530935228,0.1453606044,0.1360268239,0.1498365042,0.1418963978,0.1323490167,1,"E1|equal-weight,rebalance=year|band=0.01"
2024-07-04,0.1410624502,0.1533198564,0.1449614901,0.1360042174,0.1502916877,0.1424844026,0.1318758957,1,"E1|equal-weight,rebalance=year|band=0.01"
2024-07-05,0.1406970458,0.1541529006,0.1435801794,0.1360724389,0.1512147028,0.1427258792,0.1315568533,1,"E1|equal-weight,rebalance=year|band=0.01"
2024-07-08,0.1403542081,0.1542038423,0.1429849671,0.1361862484,0.1507487736,0.1439771306,0.13154483,1,"E1|equal-weight,rebalance=year|band=0.01"
2024-07-09,0.1406986735,0.1544370991,0.142951748,0.1354271729,0.1507428211,0.1445008075,0.1312416778,1,"E1|equal-weight,rebalance=year|band=0.01"
2024-07-10,0.1406333361,0.1546648091,0.1422196783,0.1359475759,0.1504096548,0.1446961077,0.1314288381,1,"E1|equal-weight,rebalance=year|band=0.01"
2024-07-11,0.1401949825,0.1546616705,0.1420375983,0.1359174238,0.1506019811,0.1454572621,0.1311290817,1,"E1|equal-weight,rebalance=year|band=0.01"
2024-07-12,0.1411301594,0.1544149402,0.142189435,0.1366891319,0.1510914031,0.1430321996,0.1314527308,1,"E1|equal-weight,rebalance=year|band=0.01"
2024-07-15,0.140909317,0.1547191955,0.1420343569,0.1359664079,0.1514725676,0.1441266464,0.1307715088,1,"E1|equal-weight,rebalance=year|band=0.01"
2024-07-16,0.1411783551,0.1539628635,0.141894611,0.1371390247,0.1516785714,0.1433227041,0.1308238701,1,"E1|equal-weight,rebalance=year|band=0.01"
2024-07-18,0.142498369,0.152584067,0.142493518,0.138471047,0.1503823963,0.1424106655,0.1311599371,1,"E1|equal-weight,rebalance=year|band=0.01"
2024-07-19,0.1432614383,0.1510602692,0.1434627951,0.139227977,0.1496455286,0.1403837765,0.1329582152,1,"E1|equal-weight,rebalance=year|band=0.01"
2024-07-22,0.1425261315,0.1524846171,0.1431986171,0.1382057644,0.1509055428,0.1399208421,0.1327584851,1,"E1|equal-weight,rebalance=year|band=0.01"
2024-07-23,0.1435833835,0.1523666106,0.1428319675,0.1348308279,0.1512169564,0.1414962192,0.1336740349,1,"E1|equal-weight,rebalance=year|band=0.01"
2024-07-24,0.1435002599,0.153016059,0.1421385357,0.133866675,0.1530539727,0.1404342579,0.1339902399,1,"E1|equal-weight,rebalance=year|band=0.01"
2024-07-25,0.1442861165,0.1543370979,0.1416632228,0.1340655535,0.1534457042,0.1374676608,0.1347346443,1,"E1|equal-weight,rebalance=year|band=0.01"
2024-07-26,0.1450042012,0.1555602597,0.1411684047,0.1340981317,0.1544725291,0.136297115,0.1333993587,1,"E1|equal-weight,rebalance=year|band=0.01"
2024-07-29,0.1450873422,0.1568109628,0.141367457,0.1311741031,0.1557626394,0.1365465561,0.1332509394,1,"E1|equal-weight,rebalance=year|band=0.01"
2024-07-30,0.145384978,0.1567157719,0.1418185581,0.1302838649,0.1566449377,0.135803801,0.1333480884,1,"E1|equal-weight,rebalance=year|band=0.01"
2024-07-31,0.1452709452,0.1572715525,0.141541603,0.130611544,0.1571767263,0.1351721618,0.1329554672,1,"E1|equal-weight,rebalance=year|band=0.01"
2024-08-01,0.1453591444,0.1564441649,0.1412816386,0.1313297423,0.1556514697,0.1371485173,0.1327853227,1,"E1|equal-weight,rebalance=year|band=0.01"
2024-08-02,0.1450681385,0.155907421,0.141907479,0.1336207258,0.1558754017,0.1338081938,0.1338126403,1,"E1|equal-weight,rebalance=year|band=0.01"
2024-08-05,0.145338491,0.1566581326,0.142056962,0.1348201525,0.1545521338,0.1293437613,0.1372303667,1,"E1|equal-weight,rebalance=year|band=0.01"
2024-08-06,0.1452283618,0.1540040819,0.1417806412,0.1353822346,0.1537055762,0.1317910087,0.1381080956,1,"E1|equal-weight,rebalance=year|band=0.01"
2024-08-07,0.1453998572,0.1562850574,0.1411140356,0.1328385758,0.1553787413,0.1324650873,0.1365186454,1,"E1|equal-weight,rebalance=year|band=0.01"
2024-08-08,0.1449649877,0.1562427476,0.141536733,0.1330596976,0.1558039721,0.1313615718,0.1370302902,1,"E1|equal-weight,rebalance=year|band=0.01"
2024-08-09,0.1447456174,0.1563298376,0.140970031,0.1330455859,0.155161748,0.1340369228,0.1357102571,1,"E1|equal-weight,rebalance=year|band=0.01"
2024-08-12,0.1445265648,0.1556575974,0.1413575073,0.1337333742,0.1554434884,0.1336263079,0.1356551601,1,"E1|equal-weight,rebalance=year|band=0.01"
2024-08-13,0.1441093617,0.1546383803,0.1401753979,0.1351619364,0.1549788359,0.1346848462,0.1362512416,1,"E1|equal-weight,rebalance=year|band=0.01"
2024-08-14,0.1437855029,0.1545960136,0.1396588698,0.1354254011,0.1537934899,0.1366787488,0.1360619739,1,"E1|equal-weight,rebalance=year|band=0.01"
2024-08-16,0.1442464735,0.1548107443,0.1396656318,0.1333277658,0.1547775614,0.1388506136,0.1343212096,1,"E1|equal-weight,rebalance=year|band=0.01"
2024-08-19,0.1440867534,0.155273573,0.138889565,0.1348231718,0.1552067784,0.1377758135,0.1339443449,1,"E1|equal-weight,rebalance=year|band=0.01"
2024-08-20,0.1438383166,0.1556953546,0.139178975,0.1346399219,0.1546493066,0.1389354545,0.1330626709,1,"E1|equal-weight,rebalance=year|band=0.01"
2024-08-21,0.1439837428,0.1561785147,0.1388932385,0.13399095,0.1553133861,0.1385591012,0.1330810668,1,"E1|equal-weight,rebalance=year|band=0.01"
2024-08-22,0.1435768027,0.1566074237,0.1389128327,0.1335929764,0.1561809241,0.1385714799,0.1325575605,1,"E1|equal-weight,rebalance=year|band=0.01"
2024-08-23,0.1441067699,0.1566618149,0.139266471,0.1335844857,0.1557468404,0.1376184498,0.1330151683,1,"E1|equal-weight,rebalance=year|band=0.01"
2024-08-26,0.1444581445,0.1565076877,0.139019965,0.1341132041,0.1557110028,0.1378480316,0.1323419642,1,"E1|equal-weight,rebalance=year|band=0.01"
2024-08-27,0.144427013,0.1566820052,0.1394389654,0.1335341579,0.1563971255,0.137116372,0.132404361,1,"E1|equal-weight,rebalance=year|band=0.01"
2024-08-28,0.1444577782,0.1569196231,0.1390625105,0.1334476854,0.1562711914,0.1374985532,0.1323426581,1,"E1|equal-weight,rebalance=year|band=0.01"
2024-08-29,0.1453339942,0.1569073536,0.1393133244,0.1337452719,0.1559009763,0.1361810579,0.1326180218,1,"E1|equal-weight,rebalance=year|band=0.01"
2024-08-30,0.1452952151,0.1568604769,0.1393036277,0.1334413838,0.1562511594,0.1367042592,0.1321438778,1,"E1|equal-weight,rebalance=year|band=0.01"
2024-09-02,0.1455733363,0.1570891983,0.139566744,0.1326185873,0.1560489474,0.1368029822,0.1323002046,1,"E1|equal-weight,rebalance=year|band=0.01"
2024-09-03,0.1455879227,0.1571675563,0.1400682935,0.1327466789,0.1562594663,0.1359592413,0.1322108409,1,"E1|equal-weight,rebalance=year|band=0.01"
2024-09-04,0.1459785041,0.1582187272,0.1404247892,0.1321404624,0.156726098,0.1337139882,0.1327974308,1,"E1|equal-weight,rebalance=year|band=0.01"
2024-09-05,0.1453045485,0.1575087006,0.1402531646,0.133516718,0.1570427623,0.1337656745,0.1326084316,1,"E1|equal-weight,rebalance=year|band=0.01"
2024-09-06,0.1451312993,0.1573338483,0.1391221707,0.1348549046,0.1562399397,0.1336002432,0.1337175941,1,"E1|equal-weight,rebalance=year|band=0.01"
2024-09-09,0.1452962051,0.1576474827,0.1404079205,0.1339628142,0.1556742384,0.1329975478,0.1340137914,1,"E1|equal-weight,rebalance=year|band=0.01"
2024-09-10,0.1455157735,0.1574265872,0.1404358533,0.133878443,0.1570209797,0.132214846,0.1335075173,1,"E1|equal-weight,rebalance=year|band=0.01"
2024-09-11,0.1448495492,0.1567957335,0.139667731,0.1348399431,0.1568890725,0.1332424,0.1337155705,1,"E1|equal-weight,rebalance=year|band=0.01"
2024-09-12,0.1459263145,0.1569773037,0.1401900755,0.1331384484,0.1571063367,0.1343897907,0.1322717305,1,"E1|equal-weight,rebalance=year|band=0.01"
2024-09-13,0.1454683638,0.1563613535,0.1399048419,0.1347472883,0.1572527205,0.1346073237,0.1316581084,1,"E1|equal-weight,rebalance=year|band=0.01"
2024-09-16,0.145137478,0.1559616317,0.1401763237,0.1352968044,0.1574117724,0.1346190352,0.1313969547,1,"E1|equal-weight,rebalance=year|band=0.01"
2024-09-17,0.1455604393,0.1558513723,0.1404299485,0.1347837787,0.1572571995,0.1345977933,0.1315194683,1,"E1|equal-weight,rebalance=year|band=0.01"
2024-09-18,0.1455306823,0.1555297747,0.1420880398,0.134811565,0.1565410511,0.1337349792,0.1317639079,1,"E1|equal-weight,rebalance=year|band=0.01"
2024-09-19,0.1452928107,0.1539350698,0.1424845126,0.1354364181,0.1557332903,0.135799979,0.1313179196,1,"E1|equal-weight,rebalance=year|band=0.01"
2024-09-20,0.1458617104,0.1547046808,0.1431398038,0.1349796222,0.156135231,0.1347796579,0.1303992938,1,"E1|equal-weight,rebalance=year|band=0.01"
2024-09-23,0.145926871,0.1558279157,0.1436149301,0.134810075,0.1561002194,0.1341962574,0.1295237313,1,"E1|equal-weight,rebalance=year|band=0.01"
2024-09-24,0.1457746317,0.1558585035,0.1429229302,0.1350740405,0.1562707971,0.1346663468,0.1294327502,1,"E1|equal-weight,rebalance=year|band=0.01"
2024-09-25,0.1460978412,0.1553155083,0.1429115739,0.136440857,0.1554474551,0.1343975182,0.1293892463,1,"E1|equal-weight,rebalance=year|band=0.01"
2024-09-26,0.1460449413,0.1554467541,0.1428671552,0.1359429386,0.1545414678,0.1364342454,0.1287224978,1,"E1|equal-weight,rebalance=year|band=0.01"
2024-09-27,0.1463609168,0.1566821184,0.141887984,0.1354224208,0.1545814378,0.136226057,0.1288390651,1,"E1|equal-weight,rebalance=year|band=0.01"
2024-09-30,0.1454748735,0.1568589823,0.1406037846,0.1364285205,0.1548618466,0.1360276328,0.1297443598,1,"E1|equal-weight,rebalance=year|band=0.01"
2024-10-01,0.1451990157,0.1566651239,0.1402824797,0.1363075189,0.1549868795,0.1369791615,0.1295798209,1,"E1|equal-weight,rebalance=year|band=0.01"
2024-10-03,0.1440778094,0.1557848445,0.1393888352,0.1381416577,0.1547389416,0.1366913672,0.1311765444,1,"E1|equal-weight,rebalance=year|band=0.01"
2024-10-04,0.1433215773,0.1555144553,0.1386920234,0.1393156245,0.1540801505,0.1373759042,0.1317002649,1,"E1|equal-weight,rebalance=year|band=0.01"
2024-10-07,0.1438691287,0.1537398194,0.1381013051,0.1405279478,0.1515723823,0.1388937861,0.1332956305,1,"E1|equal-weight,rebalance=year|band=0.01"
2024-10-08,0.1436731661,0.1549190437,0.1381136971,0.1388505648,0.1537220961,0.1382441232,0.1324773092,1,"E1|equal-weight,rebalance=year|band=0.01"
2024-10-09,0.1429215185,0.1561671201,0.1376397555,0.1375227826,0.1545116173,0.1391027714,0.1321344345,1,"E1|equal-weight,rebalance=year|band=0.01"
2024-10-10,0.142944353,0.1555965439,0.1385672828,0.1372373461,0.1539473591,0.1398008131,0.131906302,1,"E1|equal-weight,rebalance=year|band=0.01"
2024-10-11,0.1424832238,0.1555817949,0.1376936725,0.1382323126,0.1548166084,0.1394115787,0.1317808092,1,"E1|equal-weight,rebalance=year|band=0.01"
2024-10-14,0.1428181172,0.1553649672,0.1383938337,0.1385029645,0.1542466969,0.1394724941,0.1312009263,1,"E1|equal-weight,rebalance=year|band=0.01"
2024-10-15,0.14223016,0.1557089461,0.1385265848,0.1381316196,0.1543883974,0.1398978059,0.1311164862,1,"E1|equal-weight,rebalance=year|band=0.01"
2024-10-16,0.1417389063,0.1555962817,0.1384339785,0.1395681022,0.1543718244,0.1389779952,0.1313129118,1,"E1|equal-weight,rebalance=year|band=0.01"
2024-10-17,0.1419063337,0.1533246704,0.1382577609,0.1406470449,0.1529525139,0.1405611948,0.1323504813,1,"E1|equal-weight,rebalance=year|band=0.01"
2024-10-18,0.1416347646,0.1531629603,0.1395102883,0.1415601615,0.1528051805,0.1396059852,0.1317206596,1,"E1|equal-weight,rebalance=year|band=0.01"
2024-10-21,0.1416732577,0.1516586476,0.1396218093,0.1434717905,0.1511882076,0.140052232,0.1323340554,1,"E1|equal-weight,rebalance=year|band=0.01"
2024-10-22,0.1416408479,0.1488395686,0.1395277179,0.1448325973,0.1501238763,0.1413041895,0.1337312026,1,"E1|equal-weight,rebalance=year|band=0.01"
2024-10-23,0.1414213461,0.1484256544,0.1393922828,0.1458046684,0.1491629961,0.1420130425,0.1337800097,1,"E1|equal-weight,rebalance=year|band=0.01"
2024-10-24,0.1412444158,0.1480533247,0.140380705,0.1452356876,0.1491120305,0.1418603382,0.1341134983,1,"E1|equal-weight,rebalance=year|band=0.01"
2024-10-25,0.1414806408,0.1473828128,0.1397339158,0.1456928621,0.1470794026,0.1434521654,0.1351782005,1,"E1|equal-weight,rebalance=year|band=0.01"
2024-10-28,0.1414008164,0.1471302025,0.1400364363,0.1455430757,0.1475277536,0.1439268565,0.1344348591,1,"E1|equal-weight,rebalance=year|band=0.01"
2024-10-29,0.1413489557,0.1471908453,0.1417545442,0.1457715182,0.1477318943,0.1425864737,0.1336157687,1,"E1|equal-weight,rebalance=year|band=0.01"
2024-10-30,0.140372006,0.1463832775,0.1405539297,0.1471049875,0.1483165801,0.1438544793,0.1334147399,1,"E1|equal-weight,rebalance=year|band=0.01"
2024-10-31,0.1403189237,0.1464982849,0.1404940854,0.1476545914,0.1483526424,0.1425416375,0.1341398347,1,"E1|equal-weight,rebalance=year|band=0.01"
2024-11-01,0.1406846273,0.1477984049,0.1401769623,0.1464396781,0.1495159439,0.1417491797,0.1336352038,1,"E1|equal-weight,rebalance=year|band=0.01"
2024-11-04,0.1402662386,0.146523596,0.1406222132,0.1467910821,0.1488239904,0.1416960626,0.1352768171,1,"E1|equal-weight,rebalance=year|band=0.01"
2024-11-05,0.1408021209,0.1466005638,0.1422991077,0.1459124269,0.1483601987,0.1413626914,0.1346628905,1,"E1|equal-weight,rebalance=year|band=0.01"
2024-11-06,0.140375787,0.1478008044,0.1410310185,0.1430502795,0.149593315,0.1453967056,0.1327520901,1,"E1|equal-weight,rebalance=year|band=0.01"
2024-11-07,0.1397564981,0.147307076,0.140819155,0.1413396688,0.1500849373,0.1469327741,0.1337598907,1,"E1|equal-weight,rebalance=year|band=0.01"
2024-11-08,0.1395668418,0.1457253578,0.1400064977,0.1429717901,0.1482353393,0.1495587649,0.1339354084,1,"E1|equal-weight,rebalance=year|band=0.01"
2024-11-11,0.1396278871,0.1463045264,0.1407788403,0.1419488529,0.1472058982,0.1500307212,0.1341032739,1,"E1|equal-weight,rebalance=year|band=0.01"
2024-11-12,0.1398618624,0.1447937194,0.1408830934,0.1399904152,0.147366848,0.1513524384,0.1357516232,1,"E1|equal-weight,rebalance=year|band=0.01"
2024-11-13,0.139591302,0.1437107398,0.139524171,0.1425195192,0.1453258664,0.1519936271,0.1373347745,1,"E1|equal-weight,rebalance=year|band=0.01"
2024-11-14,0.1396302037,0.1444365753,0.1398928451,0.1393055291,0.146136412,0.1531625607,0.1374358741,1,"E1|equal-weight,rebalance=year|band=0.01"
2024-11-18,0.1394595953,0.14472995,0.1405113679,0.1422283391,0.1465695567,0.1485560147,0.1379451763,1,"E1|equal-weight,rebalance=year|band=0.01"
2024-11-19,0.1390749442,0.1447718864,0.1404182099,0.1433573949,0.1471155701,0.147983216,0.1372787784,1,"E1|equal-weight,rebalance=year|band=0.01"
2024-11-21,0.1382493067,0.1428262604,0.1397937713,0.1453910669,0.1470621185,0.1492354056,0.1374420706,1,"E1|equal-weight,rebalance=year|band=0.01"
2024-11-22,0.1394266415,0.1436224658,0.1403163921,0.1452585507,0.1466864393,0.1489458212,0.1357436894,1,"E1|equal-weight,rebalance=year|band=0.01"
2024-11-25,0.1401689914,0.1451663976,0.1417091842,0.1418512937,0.1479969627,0.1485144001,0.1345927703,1,"E1|equal-weight,rebalance=year|band=0.01"
2024-11-26,0.1405111692,0.1459532027,0.1421814595,0.1401092722,0.1483140783,0.1478908535,0.1350399645,1,"E1|equal-weight,rebalance=year|band=0.01"
2024-11-27,0.140088961,0.1463045191,0.141551575,0.1404252868,0.1479870477,0.1494796762,0.1341629342,1,"E1|equal-weight,rebalance=year|band=0.01"
2024-11-28,0.1384112024,0.1468031358,0.1409973942,0.14092025,0.1483969981,0.14998161,0.1344894095,1,"E1|equal-weight,rebalance=year|band=0.01"
2024-11-29,0.1390465209,0.1472146342,0.1406559961,0.1409612087,0.1482553708,0.1498336879,0.1340325814,1,"E1|equal-weight,rebalance=year|band=0.01"
2024-12-02,0.1392095123,0.1475374269,0.1402367261,0.1391893946,0.1490008181,0.1513006592,0.1335254627,1,"E1|equal-weight,rebalance=year|band=0.01"
2024-12-03,0.1387548835,0.1477307317,0.1404730049,0.1385706154,0.1490231319,0.153116408,0.1323312247,1,"E1|equal-weight,rebalance=year|band=0.01"
2024-12-04,0.1385197323,0.1478972052,0.1415178195,0.1380003132,0.1499970066,0.1521530145,0.1319149088,1,"E1|equal-weight,rebalance=year|band=0.01"
2024-12-05,0.1392858154,0.1477723891,0.1417678838,0.1376186862,0.1504508331,0.1516305137,0.1314738787,1,"E1|equal-weight,rebalance=year|band=0.01"
2024-12-06,0.1392314783,0.1486969106,0.1420429754,0.1374346026,0.1510386683,0.1500829114,0.1314724534,1,"E1|equal-weight,rebalance=year|band=0.01"
2024-12-09,0.1384549098,0.1478843442,0.1410333209,0.1376780853,0.1513429027,0.1524429659,0.1311634712,1,"E1|equal-weight,rebalance=year|band=0.01"
2024-12-10,0.1373221569,0.1476996149,0.140520416,0.1375888377,0.1506655084,0.1558715068,0.1303319593,1,"E1|equal-weight,rebalance=year|band=0.01"
2024-12-11,0.1368704624,0.147348641,0.1392789066,0.1377754116,0.1505329125,0.1584048553,0.1297888105,1,"E1|equal-weight,rebalance=year|band=0.01"
2024-12-12,0.1357231798,0.1462174863,0.1382483342,0.1380024335,0.1490848133,0.163593407,0.1291303459,1,"E1|equal-weight,rebalance=year|band=0.01"
2024-12-13,0.1366274197,0.1459149997,0.1389865872,0.1360722058,0.1489310546,0.1643941821,0.1290735509,1,"E1|equal-weight,rebalance=year|band=0.01"
2024-12-16,0.1354697323,0.1454069004,0.1380788683,0.1349410207,0.1490677177,0.1686984499,0.1283373109,1,"E1|equal-weight,rebalance=year|band=0.01"
2024-12-17,0.1341875024,0.1438544241,0.1366898661,0.134467346,0.1485801894,0.1735531421,0.1286675299,1,"E1|equal-weight,rebalance=year|band=0.01"
2024-12-18,0.1342087767,0.1427712133,0.1359344153,0.1358345969,0.1485176026,0.1733010651,0.12943233,1,"E1|equal-weight,rebalance=year|band=0.01"
2024-12-19,0.1341837611,0.1427035422,0.1355824488,0.1357015815,0.1493871079,0.1718997547,0.1305418038,1,"E1|equal-weight,rebalance=year|band=0.01"
2024-12-20,0.1346089927,0.1416021561,0.1358670684,0.1373191572,0.148190049,0.169331076,0.1330815007,1,"E1|equal-weight,rebalance=year|band=0.01"
2024-12-23,0.1338827586,0.1403352173,0.1360419153,0.137196047,0.1467927175,0.1740766461,0.1316746982,1,"E1|equal-weight,rebalance=year|band=0.01"
2024-12-24,0.1335636324,0.1401741328,0.1356243725,0.136335788,0.1464407831,0.176409869,0.1314514221,1,"E1|equal-weight,rebalance=year|band=0.01"
2024-12-26,0.1332555677,0.1401376294,0.1348631705,0.1366122316,0.1461234291,0.177899092,0.1311088797,1,"E1|equal-weight,rebalance=year|band=0.01"
2024-12-27,0.1332743047,0.1387977075,0.1349783116,0.1367092628,0.1455107861,0.1799332079,0.1307964195,1,"E1|equal-weight,rebalance=year|band=0.01"
2024-12-30,0.1328489446,0.1383582457,0.1347194276,0.1368650862,0.1465852838,0.1791672828,0.1314557292,1,"E1|equal-weight,rebalance=year|band=0.01"
2024-12-31,0.133069218,0.1384381344,0.1345802918,0.1372328949,0.146772815,0.1782151077,0.1316915382,1,"E1|equal-weight,rebalance=year|band=0.01"
2025-01-01,0.1334445772,0.1387299995,0.1349383315,0.1375955936,0.147283779,0.1764687287,0.1315389906,1,"E1|equal-weight,rebalance=year|band=0.01"
2025-01-02,0.1349594098,0.1398086698,0.1351707966,0.1374724456,0.1473681325,0.1742724591,0.1309480865,1,"E1|equal-weight,rebalance=year|band=0.01"
2025-01-03,0.1342536149,0.140052613,0.1339309124,0.1385080027,0.1478106054,0.1744410314,0.1310032203,1,"E1|equal-weight,rebalance=year|band=0.01"
2025-01-06,0.1348497763,0.1383883605,0.1334386095,0.1401922154,0.1466677634,0.1728451549,0.13361812,1,"E1|equal-weight,rebalance=year|band=0.01"
2025-01-07,0.1349814928,0.1378870072,0.1339764986,0.1403158971,0.147622097,0.171787488,0.1334295193,1,"E1|equal-weight,rebalance=year|band=0.01"
2025-01-08,0.1354642677,0.1373637422,0.1335598037,0.1417069539,0.1467262279,0.1711376479,0.1340413567,1,"E1|equal-weight,rebalance=year|band=0.01"
2025-01-09,0.1352450656,0.1363463755,0.1334359568,0.1430416682,0.1462262011,0.1709646986,0.1347400342,1,"E1|equal-weight,rebalance=year|band=0.01"
2025-01-10,0.1360576721,0.1350717257,0.1327652599,0.1455817925,0.1446868298,0.1697792686,0.1360574514,1,"E1|equal-weight,rebalance=year|band=0.01"
2025-01-13,0.136956823,0.1325743781,0.1339126603,0.1494320691,0.1419417792,0.1661187059,0.1390635844,1,"E1|equal-weight,rebalance=year|band=0.01"
2025-01-14,0.1359374893,0.1338717842,0.1342938897,0.1473593021,0.1436632245,0.1672744416,0.1375998686,1,"E1|equal-weight,rebalance=year|band=0.01"
2025-01-15,0.1359416239,0.1348306587,0.1341404552,0.1476724298,0.1442634151,0.1656878193,0.1374635981,1,"E1|equal-weight,rebalance=year|band=0.01"
2025-01-16,0.1347169844,0.1348015842,0.1335060625,0.1464278831,0.1435933252,0.1712948507,0.1356593098,1,"E1|equal-weight,rebalance=year|band=0.01"
2025-01-17,0.13381085,0.135653685,0.1310663679,0.1461283257,0.1436395756,0.1744359016,0.1352652941,1,"E1|equal-weight,rebalance=year|band=0.01"
2025-01-20,0.1332373851,0.1344293781,0.1319604316,0.1445037409,0.1434301169,0.1784619731,0.1339769743,1,"E1|equal-weight,rebalance=year|band=0.01"
2025-01-21,0.1333452271,0.1327263718,0.1319490162,0.1473081037,0.1423012836,0.1765016638,0.1358683338,1,"E1|equal-weight,rebalance=year|band=0.01"
2025-01-22,0.1332312222,0.1309527928,0.1318235542,0.1481152489,0.1394823604,0.1811146,0.1352802216,1,"E1|equal-weight,rebalance=year|band=0.01"
2025-01-23,0.1325995318,0.1313057603,0.1305485469,0.1466249295,0.1411682456,0.1834303974,0.1343225884,1,"E1|equal-weight,rebalance=year|band=0.01"
2025-01-24,0.1321625094,0.1294769393,0.1299428431,0.1476294861,0.1393264607,0.186875275,0.1345864865,1,"E1|equal-weight,rebalance=year|band=0.01"
2025-01-27,0.1333642087,0.1282560607,0.131859367,0.1502508118,0.1381188927,0.1809313898,0.1372192693,1,"E1|equal-weight,rebalance=year|band=0.01"
2025-01-28,0.1349812068,0.1293391743,0.1345693655,0.1508578235,0.1379785965,0.1742474415,0.1380263919,1,"E1|equal-weight,rebalance=year|band=0.01"
2025-01-29,0.1339940048,0.1298927784,0.1332377219,0.1491864915,0.1401664559,0.1775596516,0.1359628959,1,"E1|equal-weight,rebalance=year|band=0.01"
2025-01-30,0.1344758194,0.1300603004,0.1339012191,0.1497454463,0.1389861918,0.1767940334,0.1360369895,1,"E1|equal-weight,rebalance=year|band=0.01"
2025-01-31,0.1347417662,0.1312512744,0.1332563607,0.1506140822,0.140423331,0.1748222229,0.1348909626,1,"E1|equal-weight,rebalance=year|band=0.01"
2025-02-01,0.134389778,0.1316960249,0.1333624858,0.1504355726,0.1400087589,0.1751222664,0.1349851135,1,"E1|equal-weight,rebalance=year|band=0.01"
2025-02-03,0.134747797,0.1306111571,0.1333724042,0.152730345,0.139460247,0.1733137383,0.1357643114,1,"E1|equal-weight,rebalance=year|band=0.01"
2025-02-04,0.1349410231,0.1310992549,0.1338538631,0.1518368016,0.1398341616,0.1742822102,0.1341526854,1,"E1|equal-weight,rebalance=year|band=0.01"
2025-02-05,0.1340046596,0.1308867831,0.1333960457,0.153872953,0.1397212422,0.1749639033,0.133154413,1,"E1|equal-weight,rebalance=year|band=0.01"
2025-02-06,0.1339891027,0.1303155308,0.1340579133,0.1540652602,0.1386498754,0.1753080321,0.1336142855,1,"E1|equal-weight,rebalance=year|band=0.01"
2025-02-07,0.1337407744,0.1304431075,0.1334858008,0.1543785881,0.1387423724,0.1755034581,0.1337058986,1,"E1|equal-weight,rebalance=year|band=0.01"
2025-02-10,0.1335300624,0.1287648417,0.1339038932,0.1573504948,0.1366622299,0.1752760264,0.1345124517,1,"E1|equal-weight,rebalance=year|band=0.01"
2025-02-11,0.1333401492,0.1269432707,0.133923499,0.157977414,0.1340374148,0.1776868028,0.1360914495,1,"E1|equal-weight,rebalance=year|band=0.01"
2025-02-12,0.1334960254,0.1273018343,0.1344237576,0.1572117199,0.1340688938,0.1770703267,0.1364274423,1,"E1|equal-weight,rebalance=year|band=0.01"
2025-02-13,0.1333656265,0.1274594014,0.1339189524,0.157998347,0.1342603525,0.1766242182,0.1363731021,1,"E1|equal-weight,rebalance=year|band=0.01"
2025-02-14,0.1337437232,0.1255850377,0.1343663777,0.159973864,0.1320834944,0.1768126691,0.1374348339,1,"E1|equal-weight,rebalance=year|band=0.01"
2025-02-17,0.133914431,0.1253004339,0.1348778572,0.1588149457,0.1326409318,0.1768506686,0.1376007317,1,"E1|equal-weight,rebalance=year|band=0.01"
2025-02-18,0.1339188281,0.1256789957,0.134397177,0.1597193687,0.1325364867,0.1759733284,0.1377758154,1,"E1|equal-weight,rebalance=year|band=0.01"
2025-02-19,0.1328179455,0.1260030548,0.1347821324,0.1600257645,0.1334152271,0.1763136946,0.1366421812,1,"E1|equal-weight,rebalance=year|band=0.01"
2025-02-20,0.1326861735,0.1277119937,0.1339610537,0.159364272,0.1349514682,0.1747738857,0.1365511532,1,"E1|equal-weight,rebalance=year|band=0.01"
2025-02-21,0.1329168107,0.1274117109,0.1337347815,0.1595583581,0.134051784,0.1748037681,0.1375227867,1,"E1|equal-weight,rebalance=year|band=0.01"
2025-02-24,0.1326780609,0.1270413212,0.1341203341,0.1621082776,0.1340944701,0.1711545516,0.1388029844,1,"E1|equal-weight,rebalance=year|band=0.01"
2025-02-25,0.1333313923,0.1267452361,0.1345397775,0.1633206168,0.1339648356,0.1685201973,0.1395779443,1,"E1|equal-weight,rebalance=year|band=0.01"
2025-02-27,0.1336066446,0.1259552252,0.1353222235,0.1618222818,0.1327052917,0.1705696218,0.1400187114,1,"E1|equal-weight,rebalance=year|band=0.01"
2025-02-28,0.1342174788,0.1251423701,0.1372886791,0.1634580975,0.1325852767,0.1642957136,0.1430123842,1,"E1|equal-weight,rebalance=year|band=0.01"
2025-03-03,0.1335134913,0.1255423074,0.1359516425,0.1634585064,0.1319744024,0.1669905082,0.1425691417,1,"E1|equal-weight,rebalance=year|band=0.01"
2025-03-04,0.1332943392,0.1264514894,0.1365674233,0.1659890099,0.1321071911,0.1629080598,0.1426824872,1,"E1|equal-weight,rebalance=year|band=0.01"
2025-03-05,0.133711433,0.1285210618,0.135837396,0.1641800211,0.1341409657,0.1621643973,0.1414447251,1,"E1|equal-weight,rebalance=year|band=0.01"
2025-03-06,0.1341667874,0.1293675554,0.1357032148,0.1624011514,0.1339196576,0.163765544,0.1406760895,1,"E1|equal-weight,rebalance=year|band=0.01"
2025-03-07,0.1342643356,0.1288427541,0.1354084988,0.1631845334,0.1335900918,0.1639667644,0.1407430219,1,"E1|equal-weight,rebalance=year|band=0.01"
2025-03-10,0.1343847624,0.1275570185,0.1351062573,0.1639472052,0.1321794549,0.1652657154,0.1415595863,1,"E1|equal-weight,rebalance=year|band=0.01"
2025-03-11,0.1351119072,0.1287649725,0.1347874424,0.1644132355,0.1339966086,0.1607667025,0.1421591313,1,"E1|equal-weight,rebalance=year|band=0.01"
2025-03-12,0.1352428811,0.1290313404,0.1355565935,0.1653435916,0.1330799307,0.1592300154,0.1425156472,1,"E1|equal-weight,rebalance=year|band=0.01"
2025-03-13,0.1353904407,0.1288015252,0.1360720532,0.1671198032,0.1326103304,0.1569196669,0.1430861804,1,"E1|equal-weight,rebalance=year|band=0.01"
2025-03-17,0.134745872,0.1285209213,0.135555427,0.1671999559,0.1323849668,0.1597109797,0.1418818773,1,"E1|equal-weight,rebalance=year|band=0.01"
2025-03-18,0.1354415218,0.1307306331,0.1371471666,0.1670236977,0.133922547,0.1551260145,0.1406084193,1,"E1|equal-weight,rebalance=year|band=0.01"
2025-03-19,0.134299229,0.1312746111,0.1367127535,0.1653144713,0.1359246298,0.15750329,0.1389710153,1,"E1|equal-weight,rebalance=year|band=0.01"
2025-03-20,0.1345096179,0.1309312235,0.136225533,0.1644303813,0.1355276734,0.160564657,0.1378109139,1,"E1|equal-weight,rebalance=year|band=0.01"
2025-03-21,0.1351099636,0.1315778068,0.1371714518,0.1628553689,0.1371313952,0.158630623,0.1375233906,1,"E1|equal-weight,rebalance=year|band=0.01"
2025-03-24,0.135866926,0.1321065414,0.1390052382,0.1593387534,0.1377477283,0.1595317986,0.136403014,1,"E1|equal-weight,rebalance=year|band=0.01"
2025-03-25,0.1362651069,0.1306618702,0.139257226,0.1604121647,0.1367942643,0.1596850359,0.136924332,1,"E1|equal-weight,rebalance=year|band=0.01"
2025-03-26,0.1361364034,0.130892493,0.1390052493,0.1614202737,0.1365809111,0.1581787768,0.1377858926,1,"E1|equal-weight,rebalance=year|band=0.01"
2025-03-27,0.136054698,0.1320344916,0.1395403775,0.1620231731,0.1366097028,0.1564688752,0.1372686818,1,"E1|equal-weight,rebalance=year|band=0.01"
2025-03-28,0.1360537728,0.1314786656,0.1398970868,0.1631340767,0.1366571729,0.1550846319,0.1376945933,1,"E1|equal-weight,rebalance=year|band=0.01"
2025-04-01,0.1428571429,0.1428571429,0.1428571429,0.1428571429,0.1428571429,0.1428571429,0.1428571429,1,"E1|equal-weight,rebalance=year|band=0.01"
2025-04-02,0.1430520726,0.1435689131,0.1431796587,0.1410301695,0.1441556699,0.1429916982,0.142021818,1,"E1|equal-weight,rebalance=year|band=0.01"
2025-04-03,0.1425963838,0.143796115,0.1440292379,0.140513857,0.1446316741,0.1421570862,0.1422756461,1,"E1|equal-weight,rebalance=year|band=0.01"
2025-04-04,0.1429597638,0.1422957542,0.1462851816,0.14106194,0.1428470685,0.1400494767,0.1445008152,1,"E1|equal-weight,rebalance=year|band=0.01"
2025-04-07,0.1426450207,0.1424585832,0.1462649219,0.1430579019,0.141901815,0.1347551072,0.1489166502,1,"E1|equal-weight,rebalance=year|band=0.01"
2025-04-08,0.1434218967,0.1436291637,0.1464145246,0.141488636,0.1432019975,0.1342265308,0.1476172505,1,"E1|equal-weight,rebalance=year|band=0.01"
2025-04-09,0.1426182305,0.1435054019,0.145862069,0.1439691174,0.1426075278,0.1336203234,0.1478173301,1,"E1|equal-weight,rebalance=year|band=0.01"
2025-04-11,0.1428212639,0.1427797479,0.1451186695,0.1470744914,0.1427665156,0.1342169676,0.1452223441,1,"E1|equal-weight,rebalance=year|band=0.01"
2025-04-15,0.1434066684,0.1447256903,0.1466518302,0.1444570323,0.1446282473,0.1329481674,0.1431823641,1,"E1|equal-weight,rebalance=year|band=0.01"
2025-04-16,0.1432370852,0.1448521373,0.1479426098,0.1466186256,0.1448385271,0.1300428605,0.1424681545,1,"E1|equal-weight,rebalance=year|band=0.01"
2025-04-17,0.1445556181,0.1445316011,0.1499456905,0.1459485075,0.1444005032,0.1293116337,0.141306446,1,"E1|equal-weight,rebalance=year|band=0.01"
2025-04-21,0.14419988,0.1450990848,0.1506008788,0.1466696378,0.1458898518,0.1281364549,0.1394042119,1,"E1|equal-weight,rebalance=year|band=0.01"
2025-04-22,0.1435607534,0.1445043208,0.1508629684,0.1491221552,0.1461839216,0.1271352619,0.1386306187,1,"E1|equal-weight,rebalance=year|band=0.01"
2025-04-23,0.1443099846,0.1453341201,0.1498546728,0.1444152628,0.1475683802,0.1300474843,0.1384700952,1,"E1|equal-weight,rebalance=year|band=0.01"
2025-04-24,0.1441268249,0.145340725,0.1495311418,0.1449110771,0.1476032884,0.1297249905,0.1387619522,1,"E1|equal-weight,rebalance=year|band=0.01"
2025-04-25,0.1442400358,0.1435135592,0.1494585924,0.1454052945,0.1452447804,0.1320460631,0.1400916745,1,"E1|equal-weight,rebalance=year|band=0.01"
2025-04-28,0.1451145268,0.1440164328,0.1507148183,0.1427577356,0.1468362485,0.1312489477,0.1393112903,1,"E1|equal-weight,rebalance=year|band=0.01"
2025-04-29,0.1449958394,0.1437296007,0.1503605365,0.1444220598,0.1471385588,0.1301462261,0.1392071788,1,"E1|equal-weight,rebalance=year|band=0.01"
2025-04-30,0.1457661141,0.1434236352,0.1503763782,0.1434238277,0.1462327913,0.1308454341,0.1399318193,1,"E1|equal-weight,rebalance=year|band=0.01"
2025-05-02,0.1459226556,0.1434646815,0.1505180111,0.1432194929,0.1455475442,0.1312273963,0.1401002184,1,"E1|equal-weight,rebalance=year|band=0.01"
2025-05-05,0.1460418787,0.1444883733,0.1488903357,0.1433207791,0.1470364108,0.131126629,0.1390955934,1,"E1|equal-weight,rebalance=year|band=0.01"
2025-05-06,0.1459278198,0.1421377938,0.1478895601,0.1487682175,0.1444253664,0.1309287232,0.1399225192,1,"E1|equal-weight,rebalance=year|band=0.01"
2025-05-07,0.145766581,0.1425527521,0.1484605801,0.1469634405,0.1464348311,0.1301312586,0.1396905567,1,"E1|equal-weight,rebalance=year|band=0.01"
2025-05-08,0.1459966847,0.1407390089,0.1491860824,0.1475261128,0.1445625754,0.1311549445,0.1408345913,1,"E1|equal-weight,rebalance=year|band=0.01"
2025-05-09,0.1452107334,0.1408861767,0.1477394414,0.1478693142,0.1452009911,0.1316722617,0.1414210816,1,"E1|equal-weight,rebalance=year|band=0.01"
2025-05-12,0.1474869522,0.143204942,0.1493890893,0.1395153938,0.1479655256,0.1341090034,0.1383290937,1,"E1|equal-weight,rebalance=year|band=0.01"
2025-05-13,0.1458184722,0.1432665542,0.1482172376,0.141534521,0.1482873264,0.1344410169,0.1384348717,1,"E1|equal-weight,rebalance=year|band=0.01"
2025-05-14,0.1459439869,0.14397541,0.1473762257,0.1403102036,0.1495399363,0.1347322322,0.1381220052,1,"E1|equal-weight,rebalance=year|band=0.01"
2025-05-15,0.1472508191,0.1446442716,0.148163074,0.1370087983,0.1500315917,0.1353120433,0.1375894019,1,"E1|equal-weight,rebalance=year|band=0.01"
2025-05-16,0.1462754685,0.1457496094,0.1473943827,0.1373889804,0.1503961016,0.1361104619,0.1366849955,1,"E1|equal-weight,rebalance=year|band=0.01"
2025-05-19,0.1457969463,0.146515699,0.1476150062,0.1383841122,0.1506381239,0.1342487122,0.1368014003,1,"E1|equal-weight,rebalance=year|band=0.01"
2025-05-20,0.145624476,0.1448495783,0.1475586206,0.1391471807,0.1493875796,0.1356223698,0.137810195,1,"E1|equal-weight,rebalance=year|band=0.01"
2025-05-21,0.1452416064,0.1457179189,0.1469742877,0.1407709478,0.1498011892,0.1343413091,0.1371527409,1,"E1|equal-weight,rebalance=year|band=0.01"
2025-05-22,0.1447413217,0.1455795589,0.1469759,0.1416701969,0.1494298522,0.1340775671,0.1375256033,1,"E1|equal-weight,rebalance=year|band=0.01"
2025-05-23,0.1454966556,0.1458343376,0.1476696901,0.1406204323,0.1498688552,0.1334582552,0.137051774,1,"E1|equal-weight,rebalance=year|band=0.01"
2025-05-26,0.1457340446,0.1458942822,0.1475865426,0.1405430331,0.1503793147,0.1332574553,0.1366053276,1,"E1|equal-weight,rebalance=year|band=0.01"
2025-05-27,0.1452860413,0.1456454445,0.1475922503,0.1405657732,0.1509238425,0.1329766773,0.137009971,1,"E1|equal-weight,rebalance=year|band=0.01"
2025-05-28,0.1447982347,0.145102562,0.1473855595,0.1412585378,0.1507696582,0.1338336551,0.1368517928,1,"E1|equal-weight,rebalance=year|band=0.01"
2025-05-29,0.1449302896,0.1450020361,0.1474425199,0.1392656999,0.1513797253,0.1353975835,0.1365821456,1,"E1|equal-weight,rebalance=year|band=0.01"
2025-05-30,0.1447359407,0.1446956885,0.1481839226,0.1400512702,0.1513884397,0.1342411515,0.1367035867,1,"E1|equal-weight,rebalance=year|band=0.01"
2025-06-02,0.1440889773,0.1447715323,0.1480848203,0.1414201056,0.1518679147,0.1334230874,0.1363435624,1,"E1|equal-weight,rebalance=year|band=0.01"
2025-06-03,0.1433757896,0.1442914534,0.1474037797,0.1424455993,0.1514565723,0.1344297958,0.1365970099,1,"E1|equal-weight,rebalance=year|band=0.01"
2025-06-04,0.1431552438,0.1441366383,0.1470466885,0.1424672404,0.1518969334,0.1352301728,0.1360670828,1,"E1|equal-weight,rebalance=year|band=0.01"
2025-06-05,0.1435548974,0.1442302747,0.1468502709,0.1427817519,0.1524001768,0.1344902557,0.1356923727,1,"E1|equal-weight,rebalance=year|band=0.01"
2025-06-06,0.1439399829,0.1449358125,0.1485516462,0.141046115,0.153338966,0.1332446003,0.134942877,1,"E1|equal-weight,rebalance=year|band=0.01"
2025-06-09,0.1438752951,0.1461663326,0.1486671638,0.1392590312,0.1545686754,0.1329222588,0.1345412429,1,"E1|equal-weight,rebalance=year|band=0.01"
2025-06-10,0.1437140985,0.1463947478,0.147633459,0.1393078952,0.1544699586,0.1340856082,0.1343942327,1,"E1|equal-weight,rebalance=year|band=0.01"
2025-06-11,0.1441759944,0.1460783345,0.1474130016,0.139777254,0.1539059647,0.1340370619,0.1346123889,1,"E1|equal-weight,rebalance=year|band=0.01"
2025-06-12,0.143659179,0.1448282554,0.1473922718,0.141831977,0.1525048964,0.1342352949,0.1355481255,1,"E1|equal-weight,rebalance=year|band=0.01"
2025-06-13,0.1429585028,0.1439871274,0.1460640213,0.1451200235,0.1522143081,0.1338483688,0.1358076481,1,"E1|equal-weight,rebalance=year|band=0.01"
2025-06-16,0.1435313832,0.1441697917,0.1465216639,0.1442777154,0.152880902,0.1334754595,0.1351430842,1,"E1|equal-weight,rebalance=year|band=0.01"
2025-06-17,0.1434443637,0.1435676735,0.1463042163,0.1438413477,0.1524493309,0.134771267,0.1356218009,1,"E1|equal-weight,rebalance=year|band=0.01"
2025-06-18,0.1432790595,0.1431962947,0.146601219,0.144257079,0.1516389576,0.1353710892,0.1356563009,1,"E1|equal-weight,rebalance=year|band=0.01"
2025-06-19,0.1440891741,0.1421938234,0.1470326082,0.1452449878,0.1503530036,0.1344764559,0.136609947,1,"E1|equal-weight,rebalance=year|band=0.01"
2025-06-20,0.1449644903,0.1431128358,0.147742844,0.143287933,0.1513543407,0.1338275079,0.1357100484,1,"E1|equal-weight,rebalance=year|band=0.01"
2025-06-23,0.1444384955,0.1429684655,0.1470689334,0.143841618,0.1510517259,0.1350379919,0.1355927699,1,"E1|equal-weight,rebalance=year|band=0.01"
2025-06-24,0.144361609,0.1439289063,0.1477952766,0.1405578772,0.1524568782,0.135630838,0.1352686147,1,"E1|equal-weight,rebalance=year|band=0.01"
2025-06-25,0.1447821338,0.1439731602,0.1476781705,0.1402071941,0.1524595758,0.1361716884,0.1347280772,1,"E1|equal-weight,rebalance=year|band=0.01"
2025-06-26,0.1453870589,0.1440056944,0.1481107552,0.1393451757,0.1523899549,0.136860235,0.1339011259,1,"E1|equal-weight,rebalance=year|band=0.01"
2025-06-27,0.1458784356,0.1445237861,0.1488368282,0.1368082656,0.1524538486,0.1378652765,0.1336335594,1,"E1|equal-weight,rebalance=year|band=0.01"
2025-06-30,0.1446116753,0.1445863697,0.1479546375,0.136614049,0.1527523343,0.1402524667,0.1332284674,1,"E1|equal-weight,rebalance=year|band=0.01"
2025-07-01,0.1445221661,0.1442385884,0.1481666518,0.1381795778,0.1525059356,0.1393586832,0.1330283972,1,"E1|equal-weight,rebalance=year|band=0.01"
2025-07-02,0.1444526395,0.1446626821,0.1474679132,0.1387280064,0.1527594255,0.1384399077,0.1334894257,1,"E1|equal-weight,rebalance=year|band=0.01"
2025-07-03,0.1443434262,0.1440863407,0.1469388567,0.1386414157,0.1529241325,0.1394638006,0.1336020276,1,"E1|equal-weight,rebalance=year|band=0.01"
2025-07-04,0.1444917715,0.1444152243,0.1472950181,0.1382295862,0.1528152285,0.1393285298,0.1334246416,1,"E1|equal-weight,rebalance=year|band=0.01"
2025-07-07,0.1446149146,0.1445565473,0.1472500439,0.1377509373,0.1524897242,0.1397142718,0.1336235608,1,"E1|equal-weight,rebalance=year|band=0.01"
2025-07-08,0.1448171833,0.1444683337,0.147775036,0.1379667245,0.1521368326,0.13939831,0.1334375798,1,"E1|equal-weight,rebalance=year|band=0.01"
2025-07-09,0.1449067577,0.1447429374,0.1479774054,0.1369660476,0.1520907576,0.1395894626,0.1337266317,1,"E1|equal-weight,rebalance=year|band=0.01"
2025-07-10,0.1442812744,0.14446301,0.1474773036,0.138179878,0.151763836,0.1400407671,0.1337939308,1,"E1|equal-weight,rebalance=year|band=0.01"
2025-07-11,0.1438237123,0.1438726648,0.1475636243,0.1394954051,0.1509874964,0.1399052033,0.1343518938,1,"E1|equal-weight,rebalance=year|band=0.01"
2025-07-14,0.1431855339,0.1440944804,0.1472981108,0.1403239822,0.1516774727,0.1394085512,0.1340118689,1,"E1|equal-weight,rebalance=year|band=0.01"
2025-07-15,0.1430636083,0.1442918571,0.1473892716,0.139361816,0.1524765,0.1399632894,0.1334536576,1,"E1|equal-weight,rebalance=year|band=0.01"
2025-07-16,0.1430820558,0.1445849293,0.1476601072,0.1388581408,0.1524516261,0.1398462053,0.1335169355,1,"E1|equal-weight,rebalance=year|band=0.01"
2025-07-17,0.1428565747,0.1445800595,0.1470581578,0.1387116352,0.1524327733,0.1406512039,0.1337095957,1,"E1|equal-weight,rebalance=year|band=0.01"
2025-07-18,0.1423258369,0.143837514,0.14609599,0.1398591706,0.1515957019,0.1423914441,0.1338943424,1,"E1|equal-weight,rebalance=year|band=0.01"
2025-07-21,0.1420469108,0.1436851347,0.1467227457,0.1398557649,0.151851166,0.1425423632,0.1332959148,1,"E1|equal-weight,rebalance=year|band=0.01"
2025-07-22,0.1419033569,0.1431047119,0.1462152272,0.1408979972,0.1508739876,0.1437329922,0.1332717271,1,"E1|equal-weight,rebalance=year|band=0.01"
2025-07-23,0.1420128108,0.1426061239,0.1465736439,0.1419415081,0.1507092321,0.1434493524,0.1327073289,1,"E1|equal-weight,rebalance=year|band=0.01"
2025-07-24,0.1417474245,0.142863897,0.1467838919,0.1399290932,0.1502653478,0.1452601259,0.1331502196,1,"E1|equal-weight,rebalance=year|band=0.01"
2025-07-25,0.1416659203,0.1416819554,0.1464601805,0.1405400416,0.1489255595,0.1466504211,0.1340759217,1,"E1|equal-weight,rebalance=year|band=0.01"
2025-07-28,0.1410593694,0.1410600318,0.1456089903,0.1405921713,0.1478649673,0.1495140986,0.1343003713,1,"E1|equal-weight,rebalance=year|band=0.01"
2025-07-29,0.1414630273,0.1419356132,0.1456010312,0.1399839887,0.1486089087,0.1484744985,0.1339329323,1,"E1|equal-weight,rebalance=year|band=0.01"
2025-07-30,0.1414950172,0.1420220473,0.1454071243,0.1408160384,0.1485259434,0.1477740733,0.1339597562,1,"E1|equal-weight,rebalance=year|band=0.01"
2025-07-31,0.1410063943,0.1412777297,0.1449444942,0.1404423168,0.1469491455,0.1514452415,0.133934678,1,"E1|equal-weight,rebalance=year|band=0.01"
2025-08-01,0.1412470721,0.1407890213,0.1453481545,0.1412200419,0.146435207,0.1498517475,0.1351087558,1,"E1|equal-weight,rebalance=year|band=0.01"
2025-08-04,0.1414864188,0.1418053817,0.1448238837,0.1428960072,0.1478817004,0.1464341268,0.1346724815,1,"E1|equal-weight,rebalance=year|band=0.01"
2025-08-05,0.1411077009,0.1413450895,0.1440730573,0.1435296359,0.1472398697,0.1480294579,0.1346751888,1,"E1|equal-weight,rebalance=year|band=0.01"
2025-08-06,0.1411699553,0.1407087056,0.1447123719,0.1437299041,0.1466886763,0.1478342912,0.1351560955,1,"E1|equal-weight,rebalance=year|band=0.01"
2025-08-07,0.1408442447,0.1407199573,0.1445910385,0.1442679818,0.1466484284,0.1480524016,0.1348759477,1,"E1|equal-weight,rebalance=year|band=0.01"
2025-08-08,0.1405395022,0.1398051867,0.1442215276,0.1458066537,0.1453292408,0.1486437457,0.1356541433,1,"E1|equal-weight,rebalance=year|band=0.01"
2025-08-11,0.1411374869,0.1408091562,0.1447983987,0.1433455321,0.1459689392,0.1487051308,0.135235356,1,"E1|equal-weight,rebalance=year|band=0.01"
2025-08-12,0.1411045669,0.1409954719,0.1445582126,0.1432691341,0.1459213299,0.1485593268,0.1355919579,1,"E1|equal-weight,rebalance=year|band=0.01"
2025-08-13,0.1411618707,0.1413084117,0.1441223791,0.1429251262,0.1461619217,0.1493712005,0.1349490901,1,"E1|equal-weight,rebalance=year|band=0.01"
2025-08-14,0.1412339833,0.1411278757,0.1444583651,0.1428043268,0.1456710661,0.1497659733,0.1349384096,1,"E1|equal-weight,rebalance=year|band=0.01"
2025-08-18,0.1418329727,0.1420930729,0.1444762459,0.1412950047,0.1465491308,0.1495281684,0.1342254046,1,"E1|equal-weight,rebalance=year|band=0.01"
2025-08-19,0.1420148577,0.1427405034,0.1445030562,0.1402797479,0.1474385685,0.1490297514,0.1339935149,1,"E1|equal-weight,rebalance=year|band=0.01"
2025-08-20,0.142375248,0.1434282987,0.1442491887,0.1399647709,0.1482331938,0.1476604418,0.134088858,1,"E1|equal-weight,rebalance=year|band=0.01"
2025-08-21,0.1427463689,0.1430397266,0.144592627,0.1408639099,0.1477648953,0.14678983,0.1342026424,1,"E1|equal-weight,rebalance=year|band=0.01"
2025-08-22,0.1422184586,0.1428011592,0.1436480817,0.1416176838,0.1481667714,0.146720834,0.1348270113,1,"E1|equal-weight,rebalance=year|band=0.01"
2025-08-25,0.1420643669,0.1426949902,0.1428731686,0.1424989675,0.1478507863,0.1477192982,0.1342984224,1,"E1|equal-weight,rebalance=year|band=0.01"
2025-08-26,0.1417811434,0.1419159756,0.1423146191,0.1441225733,0.1464051287,0.1481484686,0.1353120912,1,"E1|equal-weight,rebalance=year|band=0.01"
2025-08-28,0.1413451764,0.1407572522,0.1413584877,0.1457982893,0.1453621387,0.1494115396,0.1359671162,1,"E1|equal-weight,rebalance=year|band=0.01"
2025-08-29,0.1408538459,0.1403153394,0.1408643391,0.1473377246,0.1444946928,0.1501916362,0.135942422,1,"E1|equal-weight,rebalance=year|band=0.01"
2025-09-01,0.1407811771,0.1409406908,0.1404613588,0.1483142301,0.1461854375,0.1484162887,0.134900817,1,"E1|equal-weight,rebalance=year|band=0.01"
2025-09-02,0.1406598149,0.1416910287,0.1397840993,0.1484532034,0.1467527058,0.1476143951,0.1350447528,1,"E1|equal-weight,rebalance=year|band=0.01"
2025-09-03,0.140418633,0.1416446841,0.1398781901,0.1496925155,0.1466470275,0.14749302,0.1342259299,1,"E1|equal-weight,rebalance=year|band=0.01"
2025-09-04,0.140830129,0.1413589113,0.1400194968,0.1504046347,0.1459249495,0.1470052398,0.1344566388,1,"E1|equal-weight,rebalance=year|band=0.01"
2025-09-05,0.140541507,0.1408986267,0.1398176442,0.150779491,0.145622377,0.1482724781,0.134067876,1,"E1|equal-weight,rebalance=year|band=0.01"
2025-09-08,0.140148823,0.1408715377,0.1395614526,0.1524014212,0.1454856576,0.1479621768,0.1335689311,1,"E1|equal-weight,rebalance=year|band=0.01"
2025-09-09,0.140049556,0.1406743007,0.1391022673,0.1540050607,0.1452153804,0.1477256497,0.1332277852,1,"E1|equal-weight,rebalance=year|band=0.01"
2025-09-10,0.1403057654,0.1410014486,0.1396500395,0.1531203328,0.1461960812,0.1468544781,0.1328718544,1,"E1|equal-weight,rebalance=year|band=0.01"
2025-09-11,0.1404314525,0.141018808,0.1398195003,0.1524122836,0.1464388118,0.1471924963,0.1326866475,1,"E1|equal-weight,rebalance=year|band=0.01"
2025-09-12,0.1404062734,0.1409566195,0.1395403221,0.1529307045,0.1462803954,0.1476629292,0.1322227559,1,"E1|equal-weight,rebalance=year|band=0.01"
2025-09-15,0.1397671944,0.1412912464,0.1393617493,0.1518763737,0.1466305555,0.1492050712,0.1318678095,1,"E1|equal-weight,rebalance=year|band=0.01"
2025-09-16,0.1396587378,0.140984732,0.1389590689,0.1530550001,0.1462773663,0.150090139,0.1309749558,1,"E1|equal-weight,rebalance=year|band=0.01"
2025-09-17,0.1401592064,0.1415660085,0.1398885126,0.1513264818,0.1465889541,0.1495034017,0.1309674349,1,"E1|equal-weight,rebalance=year|band=0.01"
2025-09-18,0.1400626681,0.1414607397,0.1398979768,0.1514210557,0.146442871,0.1501437661,0.1305709226,1,"E1|equal-weight,rebalance=year|band=0.01"
2025-09-19,0.1397039845,0.1422188723,0.1393978319,0.1509433341,0.1465918724,0.1505231042,0.1306210005,1,"E1|equal-weight,rebalance=year|band=0.01"
2025-09-22,0.1387815123,0.1421961803,0.1385691676,0.1537435617,0.1454938821,0.1507549926,0.1304607034,1,"E1|equal-weight,rebalance=year|band=0.01"
2025-09-23,0.1381409905,0.1412942224,0.1383842053,0.1563806176,0.1440683402,0.151791054,0.12994057,1,"E1|equal-weight,rebalance=year|band=0.01"
2025-09-24,0.1382833545,0.1406489953,0.1382010304,0.1565447432,0.143928133,0.1516248906,0.130768853,1,"E1|equal-weight,rebalance=year|band=0.01"
2025-09-25,0.1381181349,0.1402692939,0.1387040322,0.1569205059,0.143412486,0.1511953572,0.13138019,1,"E1|equal-weight,rebalance=year|band=0.01"
2025-09-26,0.1378906179,0.1389482646,0.1383049968,0.1577155868,0.1419624444,0.1528201402,0.1323579493,1,"E1|equal-weight,rebalance=year|band=0.01"
2025-09-29,0.136698741,0.1390594289,0.13712254,0.1592544749,0.1411606653,0.1553535,0.1313506498,1,"E1|equal-weight,rebalance=year|band=0.01"
2025-09-30,0.1359885498,0.139018749,0.137330774,0.1589264808,0.1405965545,0.1569137206,0.1312251713,1,"E1|equal-weight,rebalance=year|band=0.01"
2025-10-01,0.1364424959,0.1382607419,0.1382562015,0.1606869806,0.140916544,0.155150001,0.1302870351,1,"E1|equal-weight,rebalance=year|band=0.01"
2025-10-03,0.1357614613,0.1379151463,0.1377068644,0.1586003323,0.140982799,0.1596507293,0.1293826674,1,"E1|equal-weight,rebalance=year|band=0.01"
2025-10-06,0.1345983262,0.1363136936,0.1372994477,0.1596397839,0.1399313307,0.1647466629,0.127470755,1,"E1|equal-weight,rebalance=year|band=0.01"
2025-10-07,0.1337108596,0.1350048854,0.1361577874,0.1590993801,0.1395098734,0.1700200305,0.1264971836,1,"E1|equal-weight,rebalance=year|band=0.01"
2025-10-08,0.1339704044,0.1348290319,0.136327312,0.1632485286,0.1389919621,0.165410372,0.1272223891,1,"E1|equal-weight,rebalance=year|band=0.01"
2025-10-09,0.1343661984,0.1351053075,0.1365662508,0.1624160674,0.1400117002,0.1646716579,0.1268628178,1,"E1|equal-weight,rebalance=year|band=0.01"
2025-10-10,0.1350899128,0.1355217227,0.1376822906,0.1611693851,0.1408448963,0.1627849342,0.1269068584,1,"E1|equal-weight,rebalance=year|band=0.01"
2025-10-13,0.134812955,0.1354944689,0.1377305648,0.1645094101,0.1409683354,0.1593865054,0.1270977603,1,"E1|equal-weight,rebalance=year|band=0.01"
2025-10-14,0.1342021625,0.1346445449,0.1372621179,0.1682181965,0.1398396341,0.1588687273,0.1269646169,1,"E1|equal-weight,rebalance=year|band=0.01"
2025-10-15,0.1346182471,0.1355772824,0.1373053099,0.1676543534,0.1404830236,0.1580422363,0.1263195473,1,"E1|equal-weight,rebalance=year|band=0.01"
2025-10-16,0.134960397,0.1353796081,0.1376630146,0.1666758341,0.1401968194,0.1596191112,0.1255052157,1,"E1|equal-weight,rebalance=year|band=0.01"
2025-10-17,0.1350434778,0.1348580988,0.1377421477,0.1702484103,0.1388476836,0.158298399,0.1249617829,1,"E1|equal-weight,rebalance=year|band=0.01"
2025-10-20,0.1357867171,0.1350556562,0.1385314356,0.1655185896,0.1399012261,0.160224304,0.1249820713,1,"E1|equal-weight,rebalance=year|band=0.01"
2025-10-21,0.1353767855,0.1348127944,0.1380531105,0.1658764497,0.1399556432,0.1613247275,0.1246004891,1,"E1|equal-weight,rebalance=year|band=0.01"
2025-10-23,0.1366033936,0.1355907826,0.1391189733,0.1607740752,0.1405757227,0.1617703611,0.1255666915,1,"E1|equal-weight,rebalance=year|band=0.01"
2025-10-24,0.1363898275,0.1359175004,0.1386599172,0.1592375949,0.1406531482,0.1631709093,0.1259711026,1,"E1|equal-weight,rebalance=year|band=0.01"
2025-10-27,0.1366862536,0.1356093831,0.1388497968,0.1578855661,0.1410802258,0.1645794966,0.1253092779,1,"E1|equal-weight,rebalance=year|band=0.01"
2025-10-28,0.1374567901,0.1358193214,0.1400105843,0.1536743038,0.1419522819,0.1649461149,0.1261406036,1,"E1|equal-weight,rebalance=year|band=0.01"
2025-10-29,0.1371669781,0.1364438516,0.1395841025,0.1575227061,0.1419027581,0.1620854953,0.1252941083,1,"E1|equal-weight,rebalance=year|band=0.01"
2025-10-30,0.1362559825,0.1361103061,0.1390179163,0.1570778931,0.1419292893,0.1643121273,0.1252964853,1,"E1|equal-weight,rebalance=year|band=0.01"
2025-10-31,0.1358079857,0.1361914115,0.1386505409,0.1579050014,0.1415971442,0.1643000696,0.1255478467,1,"E1|equal-weight,rebalance=year|band=0.01"
2025-11-03,0.1354387435,0.136911357,0.1387721122,0.1573769341,0.1420465563,0.1642972804,0.1251570166,1,"E1|equal-weight,rebalance=year|band=0.01"
2025-11-04,0.1353813882,0.1370872558,0.1389052291,0.1578708827,0.1423639766,0.1625061519,0.1258851157,1,"E1|equal-weight,rebalance=year|band=0.01"
2025-11-06,0.1355123835,0.1362763396,0.1390126153,0.1591932791,0.1419267078,0.161441664,0.1266370107,1,"E1|equal-weight,rebalance=year|band=0.01"
2025-11-07,0.1357626704,0.1365486343,0.14007658,0.1591696729,0.1430009427,0.1586387299,0.1268027698,1,"E1|equal-weight,rebalance=year|band=0.01"
2025-11-10,0.1350947984,0.1359518347,0.1388610253,0.160591335,0.1425301077,0.1611900149,0.1257808841,1,"E1|equal-weight,rebalance=year|band=0.01"
2025-11-11,0.1350014049,0.1353159281,0.1384952736,0.1622439045,0.1422183292,0.1615852478,0.1251399118,1,"E1|equal-weight,rebalance=year|band=0.01"
2025-11-12,0.1354788275,0.1351864989,0.1384443893,0.1608211935,0.1430835398,0.1621971481,0.1247884028,1,"E1|equal-weight,rebalance=year|band=0.01"
2025-11-13,0.135085788,0.1349284816,0.1383548266,0.1647252666,0.1424370093,0.1598800219,0.124588606,1,"E1|equal-weight,rebalance=year|band=0.01"
2025-11-14,0.1358147254,0.1353716078,0.13919002,0.162917065,0.143143649,0.1584709148,0.125092018,1,"E1|equal-weight,rebalance=year|band=0.01"
2025-11-17,0.1364427459,0.1361250952,0.1403396044,0.1600988313,0.1441678294,0.1575837897,0.1252421041,1,"E1|equal-weight,rebalance=year|band=0.01"
2025-11-18,0.1366101073,0.1358673225,0.1409959962,0.1592171997,0.1441552036,0.157308444,0.1258457266,1,"E1|equal-weight,rebalance=year|band=0.01"
2025-11-19,0.1368464131,0.1354207181,0.1411578626,0.1608104715,0.1439371673,0.1563424383,0.125484929,1,"E1|equal-weight,rebalance=year|band=0.01"
2025-11-20,0.1372147782,0.1350413781,0.1412184215,0.1594827502,0.1437265377,0.1580146725,0.1253014618,1,"E1|equal-weight,rebalance=year|band=0.01"
2025-11-21,0.137558453,0.1342735874,0.1410910751,0.1613109222,0.1431446919,0.1564221114,0.126199159,1,"E1|equal-weight,rebalance=year|band=0.01"
2025-11-24,0.1375330678,0.1333960293,0.1414996322,0.1622069739,0.1431512886,0.1555394012,0.1266736071,1,"E1|equal-weight,rebalance=year|band=0.01"
2025-11-25,0.1368511597,0.1333302446,0.1410544498,0.1636906991,0.1432728439,0.1554663875,0.1263342153,1,"E1|equal-weight,rebalance=year|band=0.01"
2025-11-26,0.137110972,0.1339243158,0.1415273773,0.1632849937,0.143744314,0.1552365547,0.1251714724,1,"E1|equal-weight,rebalance=year|band=0.01"
2025-11-27,0.1372951877,0.1337495213,0.1418625114,0.1631685119,0.1439350738,0.1548032562,0.1251859377,1,"E1|equal-weight,rebalance=year|band=0.01"
2025-11-28,0.1372210482,0.1338688145,0.1419066844,0.1638405857,0.143604974,0.1544498759,0.1251080173,1,"E1|equal-weight,rebalance=year|band=0.01"
2025-12-01,0.1364352827,0.1334136787,0.1413922402,0.1663911404,0.1430142039,0.1547430732,0.1246103809,1,"E1|equal-weight,rebalance=year|band=0.01"
2025-12-02,0.1361425048,0.1336756067,0.1408566712,0.1651413862,0.1430776576,0.1561369783,0.1249691952,1,"E1|equal-weight,rebalance=year|band=0.01"
2025-12-03,0.1359072295,0.1320694633,0.1412066362,0.1667159865,0.1418295346,0.1571360556,0.1251350943,1,"E1|equal-weight,rebalance=year|band=0.01"
2025-12-04,0.1363044345,0.132807331,0.1407922932,0.1659550619,0.1419686156,0.1568967545,0.1252755092,1,"E1|equal-weight,rebalance=year|band=0.01"
2025-12-05,0.1365275722,0.1326050709,0.1413381736,0.1668196307,0.1420879254,0.1557980814,0.1248235457,1,"E1|equal-weight,rebalance=year|band=0.01"
2025-12-08,0.1362406673,0.1307467196,0.1412207393,0.1678584732,0.1404190281,0.1578097354,0.125704637,1,"E1|equal-weight,rebalance=year|band=0.01"
2025-12-09,0.1359588941,0.1317409435,0.141183629,0.1672446234,0.1408972759,0.1570446083,0.1259300259,1,"E1|equal-weight,rebalance=year|band=0.01"
2025-12-10,0.1360510666,0.1318482701,0.1410702263,0.167732525,0.13994346,0.1569855783,0.1263688737,1,"E1|equal-weight,rebalance=year|band=0.01"
2025-12-11,0.1361608125,0.1321053861,0.1411133488,0.1685297405,0.1405858456,0.1556076766,0.1258971899,1,"E1|equal-weight,rebalance=year|band=0.01"
2025-12-12,0.1357846229,0.1318956969,0.1405385665,0.1708958291,0.1411866513,0.1548813054,0.1248173278,1,"E1|equal-weight,rebalance=year|band=0.01"
2025-12-15,0.1353246414,0.1316801355,0.1401909479,0.1724868547,0.1406282557,0.1551762236,0.1245129412,1,"E1|equal-weight,rebalance=year|band=0.01"
2025-12-16,0.1351992686,0.1321213203,0.1401197055,0.1712612428,0.1401578551,0.1559285785,0.1252120292,1,"E1|equal-weight,rebalance=year|band=0.01"
2025-12-17,0.134975902,0.1317534582,0.139915655,0.1722083546,0.1396395734,0.1560713257,0.1254357311,1,"E1|equal-weight,rebalance=year|band=0.01"
2025-12-18,0.1351201708,0.131320815,0.1399475355,0.1721432958,0.1402509423,0.1556818527,0.125535388,1,"E1|equal-weight,rebalance=year|band=0.01"
2025-12-19,0.1352752997,0.1315897718,0.1397547481,0.1713076368,0.1411909729,0.1558670881,0.1250144827,1,"E1|equal-weight,rebalance=year|band=0.01"
2025-12-22,0.1354841407,0.1316111353,0.1393248164,0.1727007096,0.1416302974,0.1549330414,0.1243158592,1,"E1|equal-weight,rebalance=year|band=0.01"
2025-12-23,0.1350864752,0.1319112168,0.1387796691,0.1748431487,0.1411978077,0.1542072052,0.1239744773,1,"E1|equal-weight,rebalance=year|band=0.01"
2025-12-24,0.1351624337,0.1318222052,0.1388376213,0.1752182756,0.1406293537,0.1541837194,0.1241463911,1,"E1|equal-weight,rebalance=year|band=0.01"
2025-12-26,0.1346854794,0.131828088,0.1384062888,0.1769191269,0.1401315814,0.1538463728,0.1241830626,1,"E1|equal-weight,rebalance=year|band=0.01"
2025-12-29,0.1349025926,0.1321154775,0.13903371,0.1760030603,0.1402246056,0.152722118,0.124998436,1,"E1|equal-weight,rebalance=year|band=0.01"
2025-12-30,0.1351491549,0.1323769498,0.1401720446,0.1733226648,0.1403994762,0.1534234546,0.1251562553,1,"E1|equal-weight,rebalance=year|band=0.01"
2025-12-31,0.1356808422,0.1330308752,0.1406025713,0.171184025,0.1413896503,0.1532471205,0.1248649156,1,"E1|equal-weight,rebalance=year|band=0.01"
2026-01-01,0.1352106551,0.1330734263,0.140130892,0.1712144133,0.1413006446,0.1546241806,0.124445788,1,"E1|equal-weight,rebalance=year|band=0.01"
2026-01-02,0.135267231,0.1335671829,0.1401883634,0.172007834,0.1416137493,0.1537704201,0.1235852193,1,"E1|equal-weight,rebalance=year|band=0.01"
2026-01-05,0.1346379565,0.1335030364,0.1399169447,0.1735567957,0.1411326594,0.1537091287,0.1235434786,1,"E1|equal-weight,rebalance=year|band=0.01"
2026-01-06,0.1342958367,0.133997014,0.1399055125,0.1736815809,0.141002322,0.1537034605,0.1234142733,1,"E1|equal-weight,rebalance=year|band=0.01"
2026-01-07,0.1340769363,0.1340887909,0.1396026488,0.1732215345,0.1415785819,0.154085199,0.1233463086,1,"E1|equal-weight,rebalance=year|band=0.01"
2026-01-08,0.1340992345,0.1325306142,0.1404069066,0.1739400629,0.1402287618,0.1542470558,0.1245473641,1,"E1|equal-weight,rebalance=year|band=0.01"
2026-01-09,0.1333037398,0.1314750792,0.1396185473,0.1763495365,0.1394153455,0.1550159481,0.1248218036,1,"E1|equal-weight,rebalance=year|band=0.01"
2026-01-12,0.1330015602,0.1308408921,0.1390878362,0.1800352134,0.1383602625,0.1546227633,0.1240514722,1,"E1|equal-weight,rebalance=year|band=0.01"
2026-01-13,0.1329122319,0.1307996528,0.1395725539,0.1797691309,0.1382956148,0.1543528757,0.1242979399,1,"E1|equal-weight,rebalance=year|band=0.01"
2026-01-14,0.1323277402,0.1311871336,0.1391698821,0.1817944125,0.1379960298,0.1535554672,0.1239693345,1,"E1|equal-weight,rebalance=year|band=0.01"
2026-01-16,0.1322220035,0.1308016706,0.1400997557,0.1810584073,0.1379844448,0.1540894345,0.1237442836,1,"E1|equal-weight,rebalance=year|band=0.01"
2026-01-19,0.1313629981,0.1302213545,0.1392580072,0.1858530723,0.1374343272,0.1522857684,0.1235844725,1,"E1|equal-weight,rebalance=year|band=0.01"
2026-01-20,0.1302334409,0.1277848189,0.1385333153,0.1937382302,0.1343047244,0.1514394086,0.1239660616,1,"E1|equal-weight,rebalance=year|band=0.01"
2026-01-21,0.1287511561,0.1262965488,0.1362449546,0.2063553903,0.1318392627,0.1473695716,0.123143116,1,"E1|equal-weight,rebalance=year|band=0.01"
2026-01-22,0.1301676515,0.1284258877,0.1380327989,0.1910815199,0.1343180778,0.1541708078,0.1238032564,1,"E1|equal-weight,rebalance=year|band=0.01"
2026-01-23,0.1291638877,0.1261416189,0.1365464501,0.19615262,0.1321237689,0.1558387612,0.1240328933,1,"E1|equal-weight,rebalance=year|band=0.01"
2026-01-27,0.1285719127,0.1256456287,0.137036481,0.2005038949,0.1317225471,0.1535357446,0.1229837912,1,"E1|equal-weight,rebalance=year|band=0.01"
2026-01-28,0.1276680547,0.1267440968,0.1360845949,0.204715498,0.1323273696,0.1509152239,0.1215451621,1,"E1|equal-weight,rebalance=year|band=0.01"
2026-01-29,0.1258756143,0.124966155,0.1346427909,0.2171814951,0.1302898323,0.1475072135,0.1195368989,1,"E1|equal-weight,rebalance=year|band=0.01"
2026-01-30,0.1290557027,0.1276499358,0.1378621532,0.1996958776,0.1334547905,0.1494325361,0.122849004,1,"E1|equal-weight,rebalance=year|band=0.01"
2026-02-01,0.1301977307,0.1286921841,0.1383635654,0.1908013328,0.1339974677,0.1520718042,0.1258759152,1,"E1|equal-weight,rebalance=year|band=0.01"
2026-02-02,0.1316109264,0.129942993,0.1393792048,0.1861240116,0.1358813517,0.150471234,0.1265902786,1,"E1|equal-weight,rebalance=year|band=0.01"
2026-02-03,0.1312324547,0.1294008104,0.1388728248,0.1908932856,0.1360922039,0.1504109782,0.1230974424,1,"E1|equal-weight,rebalance=year|band=0.01"
2026-02-04,0.1305267955,0.1294391267,0.1382435905,0.1962631617,0.1356558917,0.1475680658,0.1223033681,1,"E1|equal-weight,rebalance=year|band=0.01"
2026-02-05,0.1313647138,0.1301991053,0.13966396,0.1917020191,0.1367536955,0.1466525191,0.123663987,1,"E1|equal-weight,rebalance=year|band=0.01"
2026-02-06,0.1312816278,0.130309021,0.1392607945,0.1911079195,0.1364621906,0.1480995691,0.1234788776,1,"E1|equal-weight,rebalance=year|band=0.01"
2026-02-09,0.1304585989,0.1297681611,0.1387020815,0.1931060865,0.1365942491,0.1494080358,0.1219627872,1,"E1|equal-weight,rebalance=year|band=0.01"
2026-02-10,0.1306087858,0.1299851742,0.1385812825,0.193211798,0.137125505,0.1487757926,0.1217116619,1,"E1|equal-weight,rebalance=year|band=0.01"
2026-02-11,0.1303263601,0.1299622639,0.1384804993,0.1931439958,0.1367358115,0.1499999995,0.1213510699,1,"E1|equal-weight,rebalance=year|band=0.01"
2026-02-12,0.1301416417,0.1299932695,0.1390760836,0.1936416846,0.1366077224,0.1486799724,0.1218596258,1,"E1|equal-weight,rebalance=year|band=0.01"
2026-02-13,0.1300929282,0.1296972413,0.1394461079,0.1921597514,0.1360173361,0.149310092,0.1232765432,1,"E1|equal-weight,rebalance=year|band=0.01"
2026-02-16,0.130040226,0.1299093916,0.1398540409,0.1920742795,0.1357960555,0.1498444231,0.1224815833,1,"E1|equal-weight,rebalance=year|band=0.01"
2026-02-17,0.1309180853,0.1311454097,0.1410208601,0.1893109393,0.136610674,0.14798591,0.1230081216,1,"E1|equal-weight,rebalance=year|band=0.01"
2026-02-18,0.130896676,0.1315310077,0.1416969788,0.1889304421,0.1371583623,0.1470690692,0.1227174637,1,"E1|equal-weight,rebalance=year|band=0.01"
2026-02-19,0.12963779,0.129908678,0.1400642524,0.1933187396,0.1353474891,0.1485550384,0.1231680124,1,"E1|equal-weight,rebalance=year|band=0.01"
2026-02-20,0.1298607328,0.1304686969,0.140982738,0.193765752,0.1359022072,0.1459810066,0.1230388666,1,"E1|equal-weight,rebalance=year|band=0.01"
2026-02-23,0.129557008,0.1299826595,0.1401465233,0.1962135409,0.1345096462,0.1472952021,0.1222954201,1,"E1|equal-weight,rebalance=year|band=0.01"
2026-02-24,0.1284573011,0.1301492551,0.1398479845,0.1981475408,0.1342987652,0.1467278908,0.1223712625,1,"E1|equal-weight,rebalance=year|band=0.01"
2026-02-25,0.1283893282,0.1307196135,0.1392922554,0.1982149233,0.1342638064,0.1471250704,0.1219950029,1,"E1|equal-weight,rebalance=year|band=0.01"
2026-02-26,0.1285860461,0.1314033031,0.1397204735,0.1967286698,0.1356072889,0.1457334523,0.1222207662,1,"E1|equal-weight,rebalance=year|band=0.01"
2026-02-27,0.1278087899,0.130689006,0.1390556251,0.199492309,0.134777503,0.1452714975,0.1229052694,1,"E1|equal-weight,rebalance=year|band=0.01"
2026-03-02,0.1260669558,0.128613959,0.1374049301,0.2092864199,0.1323515609,0.1435441934,0.1227319809,1,"E1|equal-weight,rebalance=year|band=0.01"
2026-03-04,0.1265561981,0.1277183137,0.1376581042,0.2068809228,0.1322238774,0.1436536854,0.1253088985,1,"E1|equal-weight,rebalance=year|band=0.01"
2026-03-05,0.1275112195,0.1289394357,0.1377056858,0.2035198498,0.1338495726,0.1435836408,0.1248905957,1,"E1|equal-weight,rebalance=year|band=0.01"
2026-03-06,0.1268925684,0.1293731823,0.1359766064,0.2025978685,0.1335663805,0.1459016337,0.1256917602,1,"E1|equal-weight,rebalance=year|band=0.01"
2026-03-09,0.1262116123,0.1281402017,0.1335332734,0.2059142949,0.1326469792,0.1462639367,0.1272897018,1,"E1|equal-weight,rebalance=year|band=0.01"
2026-03-10,0.1258343765,0.1288444855,0.1339854015,0.2047260592,0.1332365538,0.1476087004,0.1257644231,1,"E1|equal-weight,rebalance=year|band=0.01"
2026-03-11,0.1248373578,0.1285273817,0.1322367437,0.2071956918,0.1327143031,0.1476790759,0.1268094461,1,"E1|equal-weight,rebalance=year|band=0.01"
2026-03-12,0.1239847209,0.1287574408,0.131031799,0.2073543204,0.132550799,0.1491374269,0.127183493,1,"E1|equal-weight,rebalance=year|band=0.01"
2026-03-13,0.1238081521,0.1281886399,0.1302857076,0.207832215,0.1313597118,0.148983075,0.1295424987,1,"E1|equal-weight,rebalance=year|band=0.01"
2026-03-16,0.1255973521,0.1277080835,0.1323906019,0.2038877825,0.1317162026,0.1484688468,0.1302311305,1,"E1|equal-weight,rebalance=year|band=0.01"
2026-03-17,0.1256221791,0.1280551288,0.1325932386,0.2040077914,0.1321194513,0.1482710892,0.1293311216,1,"E1|equal-weight,rebalance=year|band=0.01"
2026-03-18,0.1255354416,0.127951692,0.1319856389,0.2016605729,0.1335324225,0.1511539349,0.1281802972,1,"E1|equal-weight,rebalance=year|band=0.01"
2026-03-19,0.1254226249,0.1279906626,0.1313219311,0.1964283742,0.1333846153,0.1537896312,0.1316621608,1,"E1|equal-weight,rebalance=year|band=0.01"
2026-03-20,0.1252141737,0.1278710388,0.1309266631,0.1957189814,0.1333236225,0.1554622282,0.1314832923,1,"E1|equal-weight,rebalance=year|band=0.01"
2026-03-23,0.1061994204,0.1071326463,0.1100827848,0.1559368457,0.1117050598,0.1313665019,0.2775767411,0.8370060876,"E1|equal-weight,rebalance=year|band=0.01"
2026-03-24,0.1054827143,0.106089991,0.1096666311,0.1586472245,0.1118648184,0.133490438,0.2747581828,0.8370060876,"E1|equal-weight,rebalance=year|band=0.01"
2026-03-25,0.1049252398,0.1059934768,0.1093656279,0.1603900726,0.1117788189,0.1351380377,0.2724087264,0.8370060876,"E1|equal-weight,rebalance=year|band=0.01"
2026-03-27,0.1046393536,0.1054306497,0.1086278799,0.1607402364,0.111354278,0.1348711849,0.2743364174,0.8370060876,"E1|equal-weight,rebalance=year|band=0.01"
2026-03-30,0.1033224176,0.1033061409,0.1056390374,0.1671792139,0.1092197899,0.1359260095,0.2754073909,0.8370060876,"E1|equal-weight,rebalance=year|band=0.01"
2026-04-01,0.1195722982,0.1195722982,0.1195722982,0.1195722982,0.1195722982,0.1195722982,0.2825662106,0.8370060876,"E1|equal-weight,rebalance=year|band=0.01"
2026-04-02,0.1201912358,0.1199569469,0.1198936556,0.1174001614,0.1187027262,0.1205697229,0.2832855513,0.8370060876,"E1|equal-weight,rebalance=year|band=0.01"
2026-04-06,0.1199251765,0.1199051305,0.1208433902,0.1180964087,0.1188980087,0.1204300783,0.2819018073,0.8370060876,"E1|equal-weight,rebalance=year|band=0.01"
2026-04-07,0.1201559322,0.1202872811,0.1206462747,0.1167838131,0.1188535031,0.1216708321,0.2816023637,0.8370060876,"E1|equal-weight,rebalance=year|band=0.01"
2026-04-08,0.1204750895,0.1216456129,0.1232159595,0.1151087634,0.1194427065,0.1226206405,0.2774912276,0.8370060876,"E1|equal-weight,rebalance=year|band=0.01"
2026-04-09,0.1201684606,0.1223871804,0.1218780999,0.1146508113,0.1203614694,0.122383396,0.2781705825,0.8370060876,"E1|equal-weight,rebalance=year|band=0.01"
2026-04-10,0.1200368524,0.1237842973,0.1226991233,0.113747185,0.1205765913,0.1221199856,0.277035965,0.8370060876,"E1|equal-weight,rebalance=year|band=0.01"
2026-04-13,0.1195058295,0.1233488738,0.1225792955,0.1145148279,0.1203854985,0.1220395187,0.277626156,0.8370060876,"E1|equal-weight,rebalance=year|band=0.01"
2026-04-15,0.1189640083,0.123392662,0.1215973343,0.1134048134,0.12067019,0.1265919873,0.2753790046,0.8370060876,"E1|equal-weight,rebalance=year|band=0.01"
2026-04-16,0.118234309,0.1238062912,0.1203117268,0.1131305138,0.1206283717,0.1292492155,0.274639572,0.8370060876,"E1|equal-weight,rebalance=year|band=0.01"
2026-04-17,0.1178068905,0.1243783301,0.1201286565,0.1112151969,0.1208374165,0.1321576003,0.2734759092,0.8370060876,"E1|equal-weight,rebalance=year|band=0.01"
2026-04-20,0.1176939833,0.1243844884,0.1202765685,0.11155355,0.1208045158,0.1315999495,0.2736869445,0.8370060876,"E1|equal-weight,rebalance=year|band=0.01"
2026-04-21,0.1178231376,0.1244243051,0.1210652104,0.1108973636,0.1204793513,0.1324553724,0.2728552596,0.8370060876,"E1|equal-weight,rebalance=year|band=0.01"
2026-04-22,0.116989682,0.1253596387,0.120654692,0.1107041544,0.1206958046,0.1327198267,0.2728762016,0.8370060876,"E1|equal-weight,rebalance=year|band=0.01"
2026-04-23,0.1168874088,0.1246952237,0.1197964851,0.1105561369,0.1209496276,0.1335697271,0.2735453908,0.8370060876,"E1|equal-weight,rebalance=year|band=0.01"
2026-04-24,0.1160635927,0.1241486858,0.11959062,0.1107330687,0.1201706505,0.1354315491,0.2738618332,0.8370060876,"E1|equal-weight,rebalance=year|band=0.01"
2026-04-27,0.1159384936,0.1248557616,0.1190874214,0.1103085058,0.1211301839,0.1354801123,0.2731995213,0.8370060876,"E1|equal-weight,rebalance=year|band=0.01"
2026-04-28,0.1155816261,0.1246602051,0.11752564,0.1089953721,0.1215191096,0.1384244296,0.2732936175,0.8370060876,"E1|equal-weight,rebalance=year|band=0.01"
2026-04-29,0.1163866144,0.1244653867,0.1175449192,0.1081132943,0.1216262311,0.1384590831,0.2734044712,0.8370060876,"E1|equal-weight,rebalance=year|band=0.01"
2026-04-30,0.1163236465,0.1237659801,0.1170280039,0.1101506839,0.1208589372,0.1380632983,0.2738094502,0.8370060876,"E1|equal-weight,rebalance=year|band=0.01"
2026-05-04,0.1164737837,0.124474634,0.1163529146,0.1089101761,0.1212910072,0.1389222154,0.273575269,0.8370060876,"E1|equal-weight,rebalance=year|band=0.01"
2026-05-05,0.1159639169,0.1248366854,0.115680629,0.1085644384,0.1213294461,0.140187436,0.2734374481,0.8370060876,"E1|equal-weight,rebalance=year|band=0.01"
2026-05-06,0.1158458048,0.1248687166,0.1171040404,0.1087354982,0.1219123433,0.1395629657,0.2719706312,0.8370060876,"E1|equal-weight,rebalance=year|band=0.01"
2026-05-07,0.1150853467,0.1246069813,0.1166043745,0.1086342993,0.1225341011,0.1410412128,0.2714936844,0.8370060876,"E1|equal-weight,rebalance=year|band=0.01"
2026-05-08,0.1146698833,0.1241932064,0.1153575496,0.1085883707,0.1224928711,0.143091893,0.2716062258,0.8370060876,"E1|equal-weight,rebalance=year|band=0.01"
2026-05-11,0.1142071988,0.1233650065,0.1147541244,0.1087348289,0.1223774479,0.1438060154,0.272755378,0.8370060876,"E1|equal-weight,rebalance=year|band=0.01"
2026-05-12,0.1127636206,0.1211152803,0.113548678,0.110631151,0.1200311087,0.1484629191,0.2734472424,0.8370060876,"E1|equal-weight,rebalance=year|band=0.01"
2026-05-13,0.1116183234,0.1205771405,0.1120577603,0.1156032694,0.1195054215,0.1484589522,0.2721791327,0.8370060876,"E1|equal-weight,rebalance=year|band=0.01"
2026-05-14,0.1121426737,0.1211264923,0.1127936864,0.1150331802,0.1204048028,0.1468830085,0.2716161561,0.8370060876,"E1|equal-weight,rebalance=year|band=0.01"
2026-05-15,0.1122248725,0.1207115996,0.1121805821,0.1133812735,0.1203881977,0.1490788123,0.2720346623,0.8370060876,"E1|equal-weight,rebalance=year|band=0.01"
2026-05-18,0.1123525856,0.1195505745,0.1121380339,0.1136456271,0.1199565053,0.150261321,0.2720953526,0.8370060876,"E1|equal-weight,rebalance=year|band=0.01"
2026-05-19,0.1123154352,0.1201753268,0.1118493629,0.1144185947,0.1209540499,0.1482246277,0.2720626028,0.8370060876,"E1|equal-weight,rebalance=year|band=0.01"
2026-05-20,0.1123577819,0.1204567856,0.1119020803,0.1138889689,0.1215005833,0.1479556921,0.271938108,0.8370060876,"E1|equal-weight,rebalance=year|band=0.01"
2026-05-21,0.112422477,0.1207910375,0.1117520387,0.114358907,0.1213875675,0.1473419256,0.2719460467,0.8370060876,"E1|equal-weight,rebalance=year|band=0.01"
2026-05-22,0.112077769,0.1206276521,0.1124922512,0.1134226064,0.1208346341,0.1492763305,0.2712687566,0.8370060876,"E1|equal-weight,rebalance=year|band=0.01"
2026-05-25,0.1343971633,0.1452859381,0.1361796099,0.1345749683,0.1447037674,0.1763390211,0.1285195319,1,"E1|equal-weight,rebalance=year|band=0.01"
2026-05-26,0.134000347,0.1456448036,0.1358886494,0.1337920969,0.1455898297,0.1763792061,0.1287050673,1,"E1|equal-weight,rebalance=year|band=0.01"
2026-05-27,0.1339494457,0.1473227008,0.1353690839,0.1331298615,0.1462136735,0.1753870046,0.12862823,1,"E1|equal-weight,rebalance=year|band=0.01"
2026-05-29,0.1327435877,0.146337623,0.1342979959,0.1330848244,0.1446914381,0.1797964002,0.1290481308,1,"E1|equal-weight,rebalance=year|band=0.01"
2026-06-01,0.1327660026,0.1451744399,0.1335791614,0.1330298473,0.1439931743,0.1812116835,0.1302456909,1,"E1|equal-weight,rebalance=year|band=0.01"
2026-06-02,0.1325599296,0.1450808879,0.1336983548,0.1338007685,0.1436088762,0.1814346033,0.1298165796,1,"E1|equal-weight,rebalance=year|band=0.01"
2026-06-03,0.1323724521,0.1444556244,0.1346501797,0.1327765668,0.1433093054,0.1825530212,0.1298828503,1,"E1|equal-weight,rebalance=year|band=0.01"
2026-06-04,0.1318964052,0.1443481347,0.1345241694,0.1331653845,0.1433777201,0.1832663211,0.1294218649,1,"E1|equal-weight,rebalance=year|band=0.01"
2026-06-05,0.1317980243,0.1446917122,0.1349792917,0.1324401479,0.1430077154,0.1836007619,0.1294823466,1,"E1|equal-weight,rebalance=year|band=0.01"
2026-06-08,0.1326396223,0.1446670295,0.1362243545,0.1308909887,0.1434145263,0.1803870768,0.1317764019,1,"E1|equal-weight,rebalance=year|band=0.01"
2026-06-09,0.1328351003,0.1461817457,0.1383155976,0.1317202682,0.1446760841,0.1749090715,0.1313621327,1,"E1|equal-weight,rebalance=year|band=0.01"
2026-06-10,0.1334377871,0.1455891984,0.1390449719,0.1282323933,0.1437473162,0.1775615425,0.1323867905,1,"E1|equal-weight,rebalance=year|band=0.01"
2026-06-11,0.1340311798,0.1448901235,0.1402104935,0.1270318049,0.1434684533,0.1771367311,0.1332312139,1,"E1|equal-weight,rebalance=year|band=0.01"
2026-06-12,0.1347849909,0.1461971376,0.1421755201,0.1280241658,0.1447290601,0.1726946264,0.1313944991,1,"E1|equal-weight,rebalance=year|band=0.01"
2026-06-15,0.1339034956,0.1471193891,0.1408172881,0.1281463038,0.1444186882,0.1763018862,0.129292949,1,"E1|equal-weight,rebalance=year|band=0.01"
2026-06-16,0.1342009491,0.1471400311,0.1408139414,0.1279702378,0.1447928741,0.1759531407,0.1291288259,1,"E1|equal-weight,rebalance=year|band=0.01"
2026-06-17,0.134322665,0.1474537231,0.1409201466,0.1270106787,0.1448080767,0.1769037776,0.1285809323,1,"E1|equal-weight,rebalance=year|band=0.01"
2026-06-18,0.1347102344,0.1481011706,0.1418584789,0.1253048004,0.1454178691,0.1760348563,0.1285725903,1,"E1|equal-weight,rebalance=year|band=0.01"
2026-06-19,0.1348797779,0.1483800651,0.1424604792,0.1235286342,0.14638372,0.1751286427,0.1292386807,1,"E1|equal-weight,rebalance=year|band=0.01"
2026-06-22,0.1341607402,0.1482919928,0.1417162575,0.1239074579,0.1459307788,0.1777202998,0.1282724729,1,"E1|equal-weight,rebalance=year|band=0.01"
2026-06-23,0.134060449,0.1481036414,0.1415671822,0.1228290686,0.1457311104,0.1781594553,0.1295490931,1,"E1|equal-weight,rebalance=year|band=0.01"
2026-06-24,0.1345125779,0.1476219628,0.1433942225,0.1210187101,0.1453064856,0.1790249428,0.1291210984,1,"E1|equal-weight,rebalance=year|band=0.01"
2026-06-25,0.1360307735,0.1491177102,0.1445284617,0.1193496341,0.1458005668,0.1749225542,0.1302502996,1,"E1|equal-weight,rebalance=year|band=0.01"
2026-06-29,0.1357795035,0.1482536784,0.1439907869,0.1212154977,0.1455092098,0.1745527869,0.1306985369,1,"E1|equal-weight,rebalance=year|band=0.01"
2026-06-30,0.1355087881,0.1483386524,0.1434912578,0.1206465873,0.1461013605,0.1752296304,0.1306837236,1,"E1|equal-weight,rebalance=year|band=0.01"
2026-07-01,0.1353490925,0.1485795949,0.1440155305,0.1195128056,0.1458686905,0.1765924381,0.130081848,1,"E1|equal-weight,rebalance=year|band=0.01"
2026-07-02,0.1350683702,0.1481336875,0.1426267116,0.1209478763,0.1455368475,0.1785099475,0.1291765595,1,"E1|equal-weight,rebalance=year|band=0.01"
2026-07-03,0.1357066281,0.1476256757,0.1424607808,0.1234862712,0.1450530008,0.1766313961,0.1290362472,1,"E1|equal-weight,rebalance=year|band=0.01"
2026-07-06,0.1365374149,0.1484970824,0.1432412082,0.1227399189,0.1456817779,0.1741526074,0.1291499903,1,"E1|equal-weight,rebalance=year|band=0.01"
2026-07-07,0.1367022706,0.1480152921,0.1436989775,0.1220990686,0.1457326776,0.174266579,0.1294851346,1,"E1|equal-weight,rebalance=year|band=0.01"
2026-07-08,0.1360417494,0.1474340584,0.1420220171,0.1222135179,0.1454267033,0.1754518325,0.1314101214,1,"E1|equal-weight,rebalance=year|band=0.01"
2026-07-09,0.1356895789,0.1476115629,0.1422727564,0.1229346194,0.1465130954,0.1743916752,0.1305867118,1,"E1|equal-weight,rebalance=year|band=0.01"
2026-07-10,0.1356903977,0.1482749772,0.1428906369,0.1216147316,0.1475367056,0.1744613189,0.1295312321,1,"E1|equal-weight,rebalance=year|band=0.01"
2026-07-13,0.1356904891,0.1476471623,0.1429069491,0.1202892325,0.1471970788,0.176783643,0.1294854452,1,"E1|equal-weight,rebalance=year|band=0.01"
2026-07-14,0.1352582646,0.1476941193,0.1419012965,0.1197598294,0.1474489441,0.1779421871,0.1299953589,1,"E1|equal-weight,rebalance=year|band=0.01"
2026-07-15,0.1354987838,0.1482555159,0.1428027142,0.1202605191,0.147804762,0.1752835588,0.1300941462,1,"E1|equal-weight,rebalance=year|band=0.01"
2026-07-16,0.1353333781,0.1475429925,0.1423421787,0.1200515073,0.1470994458,0.1778223462,0.1298081514,1,"E1|equal-weight,rebalance=year|band=0.01"
2026-07-17,0.1364160177,0.1472295147,0.1440589514,0.119230523,0.1460846124,0.1772653793,0.1297150016,1,"E1|equal-weight,rebalance=year|band=0.01"
2026-07-20,0.1361269954,0.1484084146,0.1430946481,0.120440193,0.1471951488,0.1748213648,0.1299132354,1,"E1|equal-weight,rebalance=year|band=0.01"
2026-07-21,0.1360820006,0.149161063,0.1431237629,0.1215159294,0.1477130046,0.1723005972,0.1301036423,1,"E1|equal-weight,rebalance=year|band=0.01"
2026-07-22,0.135653985,0.1487351203,0.1418465991,0.1233782249,0.1466326405,0.1732081744,0.1305452559,1,"E1|equal-weight,rebalance=year|band=0.01"
2026-07-23,0.1351815124,0.1483251812,0.1407455995,0.1231055954,0.1454881319,0.1763770346,0.130776945,1,"E1|equal-weight,rebalance=year|band=0.01"
2026-07-24,0.1350025903,0.1485609017,0.141208237,0.1224814654,0.1454676026,0.1762730329,0.1310061702,1,"E1|equal-weight,rebalance=year|band=0.01"
2026-07-27,0.1358356594,0.1495420736,0.1417254584,0.1229008332,0.1466837775,0.1725817424,0.1307304554,1,"E1|equal-weight,rebalance=year|band=0.01"
2026-07-28,0.1365353549,0.1496026837,0.1415471723,0.1216964378,0.14762515,0.1715426498,0.1314505515,1,"E1|equal-weight,rebalance=year|band=0.01"
2026-07-29,0.1373488034,0.1499968737,0.1422177012,0.1214258561,0.1483870702,0.1694660857,0.1311576098,1,"E1|equal-weight,rebalance=year|band=0.01"
2026-07-30,0.1378626239,0.1503541951,0.1422449894,0.1221258354,0.1480775977,0.1679821614,0.1313525972,1,"E1|equal-weight,rebalance=year|band=0.01"
2026-07-31,0.1384021997,0.1526039693,0.1426071263,0.121922129,0.14870657,0.1643003012,0.1314577046,1,"E1|equal-weight,rebalance=year|band=0.01"
2026-08-03,0.1382269167,0.1522043628,0.1423906498,0.1208563557,0.1479772902,0.1681294802,0.1302149445,1,"E1|equal-weight,rebalance=year|band=0.01"
2026-08-04,0.137783874,0.152382153,0.1421072193,0.1208222235,0.1478573509,0.1687198202,0.1303273589,1,"E1|equal-weight,rebalance=year|band=0.01"
2026-08-05,0.1373259074,0.1519462388,0.1411731763,0.1222102904,0.14761175,0.1703517458,0.1293808913,1,"E1|equal-weight,rebalance=year|band=0.01"
2026-08-06,0.1362672987,0.1507183216,0.1406727915,0.1241274881,0.1459103605,0.1741828025,0.1281209371,1,"E1|equal-weight,rebalance=year|band=0.01"
2026-08-07,0.136206445,0.1511312818,0.140667663,0.1253435171,0.1454075962,0.1728077232,0.1284357737,1,"E1|equal-weight,rebalance=year|band=0.01"
2026-08-10,0.1361719396,0.1510093204,0.1398451077,0.1262258639,0.1466648179,0.1718990655,0.1281838848,1,"E1|equal-weight,rebalance=year|band=0.01"
2026-08-11,0.1353032424,0.1505186482,0.1391705544,0.1269690736,0.1464022648,0.1736406598,0.1279955569,1,"E1|equal-weight,rebalance=year|band=0.01"
2026-08-12,0.1347974559,0.1501335879,0.1400215735,0.1278025282,0.1462582019,0.1730821254,0.1279045272,1,"E1|equal-weight,rebalance=year|band=0.01"
2026-08-13,0.1348312608,0.1505147846,0.1398939443,0.1269269252,0.1468899526,0.1729060323,0.1280371003,1,"E1|equal-weight,rebalance=year|band=0.01"
2026-08-14,0.1348989011,0.150509859,0.1394943366,0.1265499454,0.1465653423,0.1739468213,0.1280347943,1,"E1|equal-weight,rebalance=year|band=0.01"
2026-08-17,0.1341824225,0.1500328818,0.1394508465,0.1273768696,0.1458480771,0.1754904538,0.1276184488,1,"E1|equal-weight,rebalance=year|band=0.01"
2026-08-18,0.133672811,0.1500017644,0.1390000774,0.127735068,0.14588518,0.1757192525,0.1279858467,1,"E1|equal-weight,rebalance=year|band=0.01"
2026-08-19,0.1334022374,0.149375041,0.1390911889,0.1274539201,0.1459051551,0.1763348621,0.1284375955,1,"E1|equal-weight,rebalance=year|band=0.01"
2026-08-20,0.1338850153,0.149465333,0.1392645186,0.1301954364,0.1462724121,0.1729094946,0.1280077901,1,"E1|equal-weight,rebalance=year|band=0.01"
2026-08-21,0.1336810948,0.1486078483,0.1393532568,0.1323673508,0.1459705726,0.1722774129,0.1277424638,1,"E1|equal-weight,rebalance=year|band=0.01"
2026-08-24,0.13333642,0.1486415642,0.1387285526,0.1341666544,0.1461700569,0.1710679861,0.1278887659,1,"E1|equal-weight,rebalance=year|band=0.01"
2026-08-25,0.1335212684,0.1490510242,0.1384702316,0.133592094,0.1465694433,0.1711999849,0.1275959535,1,"E1|equal-weight,rebalance=year|band=0.01"
2026-08-26,0.1335598089,0.1495625693,0.139517331,0.1331795565,0.1469505502,0.1696130758,0.1276171083,1,"E1|equal-weight,rebalance=year|band=0.01"
2026-08-27,0.1334324418,0.149905195,0.1393820349,0.1313274012,0.1471093713,0.1707287994,0.1281147565,1,"E1|equal-weight,rebalance=year|band=0.01"
2026-08-28,0.1334226705,0.1491238683,0.1392619526,0.1321831079,0.1469500411,0.1708742062,0.1281841534,1,"E1|equal-weight,rebalance=year|band=0.01"
2026-08-31,0.1335012478,0.1482314783,0.1396116594,0.1290440378,0.1468191935,0.1741143942,0.128677989,1,"E1|equal-weight,rebalance=year|band=0.01"
2026-09-01,0.1336314581,0.1481859316,0.1401538451,0.1279150245,0.1467168196,0.1737975736,0.1295993474,1,"E1|equal-weight,rebalance=year|band=0.01"
2026-09-02,0.1337406409,0.1487258408,0.1403795255,0.1264800108,0.1464757167,0.1741204487,0.1300778166,1,"E1|equal-weight,rebalance=year|band=0.01"
2026-09-03,0.1335723233,0.1485645666,0.1409377295,0.129059135,0.1467056755,0.1712289579,0.1299316122,1,"E1|equal-weight,rebalance=year|band=0.01"
2026-09-04,0.1335903602,0.1486745445,0.1406691091,0.1297332108,0.1463818539,0.1712783185,0.1296726029,1,"E1|equal-weight,rebalance=year|band=0.01"
2026-09-07,0.132471933,0.1476464109,0.1394617976,0.1280035413,0.1455080678,0.1772909929,0.1296172565,1,"E1|equal-weight,rebalance=year|band=0.01"
2026-09-08,0.1313856319,0.1473134578,0.1383276325,0.1277631861,0.1451057108,0.1809764402,0.1291279406,1,"E1|equal-weight,rebalance=year|band=0.01"
2026-09-09,0.131010937,0.1482685042,0.1381511844,0.1282403437,0.1450733933,0.1795614924,0.129694145,1,"E1|equal-weight,rebalance=year|band=0.01"
2026-09-10,0.1312911642,0.1484543214,0.1383971529,0.1294167518,0.1452695133,0.1767025843,0.1304685122,1,"E1|equal-weight,rebalance=year|band=0.01"
2026-09-11,0.1314615609,0.1479390884,0.1392644901,0.1284901777,0.1454311617,0.1767499882,0.1306635331,1,"E1|equal-weight,rebalance=year|band=0.01"
2026-09-15,0.1317981952,0.1460664349,0.1392842695,0.1285063303,0.144282724,0.1777291396,0.1323329064,1,"E1|equal-weight,rebalance=year|band=0.01"
2026-09-16,0.1318764243,0.1463141361,0.1399401149,0.1297086841,0.1444783432,0.1754719722,0.1322103253,1,"E1|equal-weight,rebalance=year|band=0.01"
2026-09-17,0.1324722345,0.1477524576,0.1397624474,0.1292769397,0.1452088856,0.1732308111,0.1322962242,1,"E1|equal-weight,rebalance=year|band=0.01"
2026-09-18,0.1313795991,0.1480241475,0.138837196,0.1301029133,0.1449370763,0.1757142228,0.1310048451,1,"E1|equal-weight,rebalance=year|band=0.01"
2026-09-21,0.1319001521,0.14815524,0.1391535538,0.1290829324,0.1451674337,0.175552225,0.1309884631,1,"E1|equal-weight,rebalance=year|band=0.01"
2026-09-22,0.1320814238,0.1482659716,0.1395069321,0.1292140639,0.1454771708,0.1737040915,0.1317503462,1,"E1|equal-weight,rebalance=year|band=0.01"
2026-09-23,0.1320174012,0.1488041106,0.1394324054,0.1284149401,0.1458004653,0.1742919158,0.1312387616,1,"E1|equal-weight,rebalance=year|band=0.01"
2026-09-24,0.1319466936,0.1486811284,0.1389205944,0.1287404718,0.1446364073,0.1741091629,0.1329655417,1,"E1|equal-weight,rebalance=year|band=0.01"
2026-09-25,0.1315540486,0.148721151,0.1385419558,0.1293287021,0.1451576558,0.1742031417,0.132493345,1,"E1|equal-weight,rebalance=year|band=0.01"
2026-09-28,0.1315878873,0.1479771693,0.1378402828,0.1277428624,0.143840541,0.1765601062,0.1344511508,1,"E1|equal-weight,rebalance=year|band=0.01"
2026-09-29,0.1316398687,0.1485593446,0.1382058048,0.1277247169,0.1438280583,0.1750001723,0.1350420345,1,"E1|equal-weight,rebalance=year|band=0.01"
2026-09-30,0.131093498,0.147454824,0.138882922,0.128677257,0.1431894802,0.1757158447,0.1349861741,1,"E1|equal-weight,rebalance=year|band=0.01"
