date,NIFTYBEES,JUNIORBEES,BANKBEES,GOLDBEES,MOM100,MON100,cash,multiplier,strategy
2013-04-01,0.1666666667,0.1666666667,0.1666666667,0.1666666667,0.1666666667,0.1666666667,-2.220446049e-16,1,"S1|equal six ETFs, no cash,rebalance=year|no guard"
2013-04-02,0.1669329719,0.1665146853,0.1674138778,0.1656339112,0.1686473038,0.16485725,0,1,"S1|equal six ETFs, no cash,rebalance=year|no guard"
2013-04-03,0.1664427025,0.1673445522,0.1658376023,0.1645264468,0.1685450685,0.1673036277,1.110223025e-16,1,"S1|equal six ETFs, no cash,rebalance=year|no guard"
2013-04-04,0.1671881044,0.1658178799,0.1650400403,0.1655937692,0.1677461359,0.1686140704,1.110223025e-16,1,"S1|equal six ETFs, no cash,rebalance=year|no guard"
2013-04-05,0.1648827178,0.1662958981,0.1641492866,0.1664969631,0.1681832212,0.1699919132,-2.220446049e-16,1,"S1|equal six ETFs, no cash,rebalance=year|no guard"
2013-04-08,0.1654958438,0.166289348,0.1635792466,0.1681549386,0.1682252623,0.1682553607,2.220446049e-16,1,"S1|equal six ETFs, no cash,rebalance=year|no guard"
2013-04-09,0.1651150365,0.1673290546,0.1620440105,0.1686085191,0.167726339,0.1691770403,0,1,"S1|equal six ETFs, no cash,rebalance=year|no guard"
2013-04-10,0.1657515451,0.166435805,0.1636367202,0.1675415099,0.167713253,0.1689211669,0,1,"S1|equal six ETFs, no cash,rebalance=year|no guard"
2013-04-11,0.16463397,0.1672811875,0.1649519777,0.164812986,0.1669267107,0.171393168,0,1,"S1|equal six ETFs, no cash,rebalance=year|no guard"
2013-04-12,0.1636591278,0.1671356021,0.1669591036,0.1639964514,0.1668363902,0.1714133249,0,1,"S1|equal six ETFs, no cash,rebalance=year|no guard"
2013-04-15,0.1659499654,0.169756066,0.1705275094,0.1519564816,0.1686726802,0.1731372974,1.110223025e-16,1,"S1|equal six ETFs, no cash,rebalance=year|no guard"
2013-04-16,0.1678372815,0.1718042944,0.174093348,0.1482228068,0.1695718031,0.1684704662,2.220446049e-16,1,"S1|equal six ETFs, no cash,rebalance=year|no guard"
2013-04-17,0.1671985352,0.1717466012,0.1748305367,0.1474992317,0.169638459,0.169086636,0,1,"S1|equal six ETFs, no cash,rebalance=year|no guard"
2013-04-18,0.1687121272,0.1701922597,0.1781182088,0.1474898212,0.1705258859,0.1649616972,-2.220446049e-16,1,"S1|equal six ETFs, no cash,rebalance=year|no guard"
2013-04-22,0.1682990074,0.1710614268,0.1793722757,0.1478275073,0.171309571,0.1621302117,1.110223025e-16,1,"S1|equal six ETFs, no cash,rebalance=year|no guard"
2013-04-23,0.1680038845,0.1707829955,0.1790974601,0.1475522043,0.1704789869,0.1640844686,-2.220446049e-16,1,"S1|equal six ETFs, no cash,rebalance=year|no guard"
2013-04-25,0.1682635064,0.1700164595,0.1784495024,0.1485777777,0.1699514694,0.1647412845,-2.220446049e-16,1,"S1|equal six ETFs, no cash,rebalance=year|no guard"
2013-04-26,0.1681765823,0.1693859834,0.1767540742,0.1508112794,0.1691830367,0.1656890439,0,1,"S1|equal six ETFs, no cash,rebalance=year|no guard"
2013-04-29,0.1678070095,0.1700039213,0.1770505506,0.1503752127,0.1701234427,0.1646398632,0,1,"S1|equal six ETFs, no cash,rebalance=year|no guard"
2013-04-30,0.168231754,0.1713978917,0.175402578,0.1490409122,0.1702396876,0.1656871765,-2.220446049e-16,1,"S1|equal six ETFs, no cash,rebalance=year|no guard"
2013-05-02,0.1691847299,0.1721787849,0.1773904496,0.1468152428,0.1709458212,0.1634849716,-2.220446049e-16,1,"S1|equal six ETFs, no cash,rebalance=year|no guard"
2013-05-03,0.1674969381,0.1738096412,0.173488215,0.1489819425,0.1705566716,0.1656665917,0,1,"S1|equal six ETFs, no cash,rebalance=year|no guard"
2013-05-06,0.1675522381,0.1727001393,0.1724664456,0.1485937367,0.1713955519,0.1672918884,0,1,"S1|equal six ETFs, no cash,rebalance=year|no guard"
2013-05-07,0.1681244264,0.1732489905,0.1739437239,0.1461637769,0.1714011825,0.1671178998,2.220446049e-16,1,"S1|equal six ETFs, no cash,rebalance=year|no guard"
2013-05-08,0.1688054959,0.1728948349,0.1745661362,0.1455761366,0.1713979734,0.166759423,0,1,"S1|equal six ETFs, no cash,rebalance=year|no guard"
2013-05-09,0.1681779065,0.1726001856,0.1735700684,0.1475304066,0.1703376411,0.1677837917,0,1,"S1|equal six ETFs, no cash,rebalance=year|no guard"
2013-05-10,0.1687957281,0.172372137,0.1756597797,0.1460945019,0.1700476358,0.1670302174,0,1,"S1|equal six ETFs, no cash,rebalance=year|no guard"
2013-05-11,0.1689990436,0.1722949005,0.1752301183,0.1466861177,0.1699023299,0.16688749,0,1,"S1|equal six ETFs, no cash,rebalance=year|no guard"
2013-05-13,0.1671961277,0.1723372777,0.1744482338,0.1462465177,0.1687034071,0.171068436,1.110223025e-16,1,"S1|equal six ETFs, no cash,rebalance=year|no guard"
2013-05-14,0.1673539089,0.1720808605,0.1746060225,0.1459536545,0.1692955984,0.1707099552,0,1,"S1|equal six ETFs, no cash,rebalance=year|no guard"
2013-05-15,0.1686054186,0.1735615831,0.1772662928,0.1420218948,0.1697691296,0.1687756811,0,1,"S1|equal six ETFs, no cash,rebalance=year|no guard"
2013-05-16,0.1684304608,0.1744088753,0.1794793886,0.1387277565,0.1702981897,0.1686553292,0,1,"S1|equal six ETFs, no cash,rebalance=year|no guard"
2013-05-17,0.1682746462,0.1750365185,0.1798042144,0.1384529634,0.1706147899,0.1678168677,-2.220446049e-16,1,"S1|equal six ETFs, no cash,rebalance=year|no guard"
2013-05-20,0.1685461104,0.1729543971,0.1803591136,0.1369307741,0.1704407081,0.1707688967,0,1,"S1|equal six ETFs, no cash,rebalance=year|no guard"
2013-05-21,0.1679543922,0.1728290656,0.1782812336,0.1396537875,0.1695862522,0.1716952689,0,1,"S1|equal six ETFs, no cash,rebalance=year|no guard"
2013-05-22,0.1679413606,0.1723704241,0.178035801,0.1405186648,0.167951832,0.1731819175,0,1,"S1|equal six ETFs, no cash,rebalance=year|no guard"
2013-05-23,0.1679003665,0.1691750108,0.1761762855,0.1435389166,0.1678139379,0.1753954828,0,1,"S1|equal six ETFs, no cash,rebalance=year|no guard"
2013-05-24,0.1674101696,0.172047448,0.1770927637,0.142451118,0.1670021947,0.173996306,0,1,"S1|equal six ETFs, no cash,rebalance=year|no guard"
2013-05-27,0.1680608452,0.1730339607,0.1776302355,0.1414878229,0.1673481938,0.1724389418,-2.220446049e-16,1,"S1|equal six ETFs, no cash,rebalance=year|no guard"
2013-05-28,0.1687903864,0.1725956423,0.1777807726,0.1407480502,0.1680809918,0.1720041567,-2.220446049e-16,1,"S1|equal six ETFs, no cash,rebalance=year|no guard"
2013-05-29,0.168558949,0.1715973615,0.1759700284,0.1420072553,0.1673046731,0.1745617327,0,1,"S1|equal six ETFs, no cash,rebalance=year|no guard"
2013-05-30,0.1684232599,0.1725182666,0.1764167571,0.1431491795,0.1661867755,0.1733057615,0,1,"S1|equal six ETFs, no cash,rebalance=year|no guard"
2013-05-31,0.1673314967,0.1718589536,0.1727613973,0.1459326302,0.1658930823,0.1762224399,1.110223025e-16,1,"S1|equal six ETFs, no cash,rebalance=year|no guard"
2013-06-03,0.1666135686,0.173410797,0.1722870554,0.1455063801,0.1664129888,0.17576921,1.110223025e-16,1,"S1|equal six ETFs, no cash,rebalance=year|no guard"
2013-06-04,0.1655478101,0.1744147461,0.1711693822,0.1455630835,0.1666495241,0.1766554541,0,1,"S1|equal six ETFs, no cash,rebalance=year|no guard"
2013-06-05,0.1657984493,0.1748386106,0.1715808814,0.1454864384,0.1674080142,0.1748876061,0,1,"S1|equal six ETFs, no cash,rebalance=year|no guard"
2013-06-06,0.1657933013,0.1732980913,0.172922626,0.1474815653,0.1670994916,0.1734049245,0,1,"S1|equal six ETFs, no cash,rebalance=year|no guard"
2013-06-07,0.1650962984,0.1722694116,0.1720892154,0.1493629567,0.166279307,0.1749028109,0,1,"S1|equal six ETFs, no cash,rebalance=year|no guard"
2013-06-10,0.1653498284,0.1708260354,0.171991498,0.1487636667,0.164545367,0.1785236043,0,1,"S1|equal six ETFs, no cash,rebalance=year|no guard"
2013-06-11,0.1642923724,0.1694481884,0.1709153995,0.1496757396,0.1626078528,0.1830604472,0,1,"S1|equal six ETFs, no cash,rebalance=year|no guard"
2013-06-12,0.1650408842,0.1680058973,0.1692329814,0.1509311829,0.1633753634,0.1834136908,0,1,"S1|equal six ETFs, no cash,rebalance=year|no guard"
2013-06-13,0.1652813642,0.1671631015,0.1697208235,0.1542284103,0.1620858096,0.1815204909,-2.220446049e-16,1,"S1|equal six ETFs, no cash,rebalance=year|no guard"
2013-06-14,0.1661507616,0.1676434593,0.1699180551,0.1510670831,0.1626770274,0.1825436135,0,1,"S1|equal six ETFs, no cash,rebalance=year|no guard"
2013-06-17,0.1668555261,0.1686812486,0.1703561893,0.1517656647,0.163080196,0.1792611752,0,1,"S1|equal six ETFs, no cash,rebalance=year|no guard"
2013-06-18,0.1655056294,0.1691859328,0.1686559785,0.1521972363,0.1632469836,0.1812082394,0,1,"S1|equal six ETFs, no cash,rebalance=year|no guard"
2013-06-19,0.1647150271,0.1689636765,0.1666585601,0.1510272136,0.1635723437,0.1850631789,0,1,"S1|equal six ETFs, no cash,rebalance=year|no guard"
2013-06-20,0.164095809,0.1704647832,0.166329569,0.1494801837,0.1632134383,0.1864162168,0,1,"S1|equal six ETFs, no cash,rebalance=year|no guard"
2013-06-21,0.1651545295,0.1700702633,0.1670496355,0.1494433866,0.1620524541,0.186229731,1.110223025e-16,1,"S1|equal six ETFs, no cash,rebalance=year|no guard"
2013-06-24,0.165756661,0.1691438874,0.1664498155,0.1516528639,0.1600583916,0.1869383806,1.110223025e-16,1,"S1|equal six ETFs, no cash,rebalance=year|no guard"
2013-06-25,0.1667347009,0.170516784,0.1662746025,0.1509555336,0.1591446832,0.1863736957,0,1,"S1|equal six ETFs, no cash,rebalance=year|no guard"
2013-06-26,0.1662776577,0.171347589,0.1656364222,0.1474873024,0.1602981099,0.1889529187,0,1,"S1|equal six ETFs, no cash,rebalance=year|no guard"
2013-06-27,0.1669982074,0.1703150545,0.1647111168,0.1463658036,0.1598940587,0.1917157589,1.110223025e-16,1,"S1|equal six ETFs, no cash,rebalance=year|no guard"
2013-06-28,0.1707192909,0.1691175049,0.1674534645,0.1406097618,0.1628300142,0.1892699637,0,1,"S1|equal six ETFs, no cash,rebalance=year|no guard"
2013-07-01,0.1693637256,0.1714642692,0.1679599083,0.1422701202,0.1643723615,0.1845696151,0,1,"S1|equal six ETFs, no cash,rebalance=year|no guard"
2013-07-02,0.1684490109,0.1706741733,0.1675074159,0.1441412052,0.1633060191,0.1859221755,-2.220446049e-16,1,"S1|equal six ETFs, no cash,rebalance=year|no guard"
2013-07-03,0.169462275,0.1687439516,0.1656580979,0.1460163167,0.1616301129,0.1884892459,-2.220446049e-16,1,"S1|equal six ETFs, no cash,rebalance=year|no guard"
2013-07-04,0.1682285556,0.1703272059,0.1652047903,0.1451140881,0.1614595612,0.1896657989,0,1,"S1|equal six ETFs, no cash,rebalance=year|no guard"
2013-07-05,0.1688661169,0.1711216322,0.1647234571,0.144557372,0.1617094826,0.1890219391,0,1,"S1|equal six ETFs, no cash,rebalance=year|no guard"
2013-07-08,0.1681745483,0.1717674704,0.1633907103,0.1441051933,0.1615090463,0.1910530313,0,1,"S1|equal six ETFs, no cash,rebalance=year|no guard"
2013-07-09,0.1681230313,0.1707703436,0.1636851851,0.1441450808,0.1618567293,0.1914196299,2.220446049e-16,1,"S1|equal six ETFs, no cash,rebalance=year|no guard"
2013-07-10,0.1670823282,0.1721498045,0.1640834086,0.144097334,0.1613028814,0.1912842433,0,1,"S1|equal six ETFs, no cash,rebalance=year|no guard"
2013-07-11,0.1682738263,0.1718368617,0.1648096272,0.1451383382,0.1609777893,0.1889635575,0,1,"S1|equal six ETFs, no cash,rebalance=year|no guard"
2013-07-12,0.1694045966,0.1706150305,0.164769315,0.1435890628,0.1604556306,0.1911663645,0,1,"S1|equal six ETFs, no cash,rebalance=year|no guard"
2013-07-15,0.1689328293,0.1699049629,0.1652149719,0.1433917225,0.1611869702,0.1913685432,1.110223025e-16,1,"S1|equal six ETFs, no cash,rebalance=year|no guard"
2013-07-16,0.1693183125,0.1707747794,0.1591078322,0.1445171758,0.1615832467,0.1946986533,0,1,"S1|equal six ETFs, no cash,rebalance=year|no guard"
2013-07-17,0.1704051751,0.1700483276,0.1597494574,0.1455291569,0.1608732657,0.1933946173,0,1,"S1|equal six ETFs, no cash,rebalance=year|no guard"
2013-07-18,0.1708219302,0.1726410915,0.1583080058,0.1442777551,0.1612562431,0.1926949744,-2.220446049e-16,1,"S1|equal six ETFs, no cash,rebalance=year|no guard"
2013-07-19,0.171349191,0.172079459,0.1568464329,0.1454470589,0.1604588214,0.1938190367,1.110223025e-16,1,"S1|equal six ETFs, no cash,rebalance=year|no guard"
2013-07-22,0.1714354958,0.1731245624,0.1564267535,0.1481265868,0.1600994678,0.1907871337,0,1,"S1|equal six ETFs, no cash,rebalance=year|no guard"
2013-07-23,0.1717373491,0.1696859163,0.157960086,0.1495959518,0.1596167783,0.1914039185,0,1,"S1|equal six ETFs, no cash,rebalance=year|no guard"
2013-07-24,0.1721994221,0.1688479628,0.1551330652,0.1507328446,0.1594636376,0.1936230677,-2.220446049e-16,1,"S1|equal six ETFs, no cash,rebalance=year|no guard"
2013-07-25,0.1716288285,0.169715172,0.1557657473,0.1498453009,0.1592962424,0.193748709,1.110223025e-16,1,"S1|equal six ETFs, no cash,rebalance=year|no guard"
2013-07-26,0.170755891,0.1700939482,0.1546395191,0.1516633892,0.1577460751,0.1951011774,1.110223025e-16,1,"S1|equal six ETFs, no cash,rebalance=year|no guard"
2013-07-29,0.1705576935,0.1692514426,0.1510017601,0.155209752,0.1567890068,0.197190345,-2.220446049e-16,1,"S1|equal six ETFs, no cash,rebalance=year|no guard"
2013-07-30,0.1701732016,0.167108465,0.1513974179,0.1577388477,0.1541946767,0.199387391,0,1,"S1|equal six ETFs, no cash,rebalance=year|no guard"
2013-07-31,0.1682104544,0.1660476216,0.1531851436,0.1576359931,0.1529333141,0.2019874733,1.110223025e-16,1,"S1|equal six ETFs, no cash,rebalance=year|no guard"
2013-08-01,0.1689177373,0.1638856617,0.1549944892,0.1564363445,0.151997698,0.2037680693,0,1,"S1|equal six ETFs, no cash,rebalance=year|no guard"
2013-08-02,0.1690841697,0.1609090936,0.1581825217,0.1545702471,0.1507168046,0.2065371632,0,1,"S1|equal six ETFs, no cash,rebalance=year|no guard"
2013-08-05,0.1672581962,0.159862157,0.1555305246,0.1573483889,0.1506961913,0.209304542,2.220446049e-16,1,"S1|equal six ETFs, no cash,rebalance=year|no guard"
2013-08-06,0.1655731672,0.1623935836,0.1549898781,0.1583411774,0.1482899129,0.2104122808,0,1,"S1|equal six ETFs, no cash,rebalance=year|no guard"
2013-08-07,0.1657467831,0.1651772281,0.150135933,0.1570881691,0.1512137529,0.2106381338,1.110223025e-16,1,"S1|equal six ETFs, no cash,rebalance=year|no guard"
2013-08-08,0.1654163212,0.1669210007,0.1491925823,0.1572119334,0.1517049151,0.2095532473,1.110223025e-16,1,"S1|equal six ETFs, no cash,rebalance=year|no guard"
2013-08-12,0.1659899507,0.1653677091,0.1458342395,0.1613011455,0.1536929446,0.2078140107,0,1,"S1|equal six ETFs, no cash,rebalance=year|no guard"
2013-08-13,0.1665071838,0.1645772276,0.1456900834,0.1625577672,0.1539034529,0.2067642851,0,1,"S1|equal six ETFs, no cash,rebalance=year|no guard"
2013-08-14,0.1668937729,0.1644832117,0.1458617237,0.1615681307,0.1542380477,0.2069551134,0,1,"S1|equal six ETFs, no cash,rebalance=year|no guard"
2013-08-16,0.16356124,0.164246673,0.143499132,0.1699459192,0.1519001654,0.2068468705,1.110223025e-16,1,"S1|equal six ETFs, no cash,rebalance=year|no guard"
2013-08-19,0.1622536331,0.1621729308,0.1408774552,0.1745896128,0.1505851642,0.2095212038,0,1,"S1|equal six ETFs, no cash,rebalance=year|no guard"
2013-08-20,0.1615620363,0.1598859978,0.1391193051,0.1750937929,0.1499171414,0.2144217265,0,1,"S1|equal six ETFs, no cash,rebalance=year|no guard"
2013-08-21,0.1599869301,0.1586500208,0.1401628499,0.176450981,0.148279027,0.2164701912,0,1,"S1|equal six ETFs, no cash,rebalance=year|no guard"
2013-08-22,0.1615295218,0.1563278665,0.1402235572,0.1756987039,0.1491194168,0.2171009338,0,1,"S1|equal six ETFs, no cash,rebalance=year|no guard"
2013-08-23,0.1610537138,0.1568966942,0.1410369201,0.1725803785,0.1493301336,0.2191021598,0,1,"S1|equal six ETFs, no cash,rebalance=year|no guard"
2013-08-26,0.1608872259,0.1582243044,0.1398094967,0.1745055713,0.1499730974,0.2166003043,0,1,"S1|equal six ETFs, no cash,rebalance=year|no guard"
2013-08-27,0.1584288377,0.1576944864,0.1346307149,0.1787476727,0.1483738718,0.2221244165,0,1,"S1|equal six ETFs, no cash,rebalance=year|no guard"
2013-08-28,0.1586595933,0.1558099168,0.1327139362,0.1819687055,0.1473306653,0.2235171828,0,1,"S1|equal six ETFs, no cash,rebalance=year|no guard"
2013-08-29,0.1586815135,0.1551134023,0.1331026845,0.1774245731,0.1467874392,0.2288903874,-2.220446049e-16,1,"S1|equal six ETFs, no cash,rebalance=year|no guard"
2013-08-30,0.1615042343,0.1560187382,0.1335910205,0.1739221164,0.1490050133,0.2259588773,0,1,"S1|equal six ETFs, no cash,rebalance=year|no guard"
2013-09-02,0.1629759965,0.1580256093,0.1346532538,0.1729717987,0.1511779899,0.2201953518,0,1,"S1|equal six ETFs, no cash,rebalance=year|no guard"
2013-09-03,0.1598804335,0.1559210851,0.13075129,0.1798467565,0.1496881809,0.2239122539,1.110223025e-16,1,"S1|equal six ETFs, no cash,rebalance=year|no guard"
2013-09-04,0.159738599,0.1567063273,0.1307245109,0.1760664776,0.1489847345,0.2277793506,0,1,"S1|equal six ETFs, no cash,rebalance=year|no guard"
2013-09-05,0.1614786311,0.1554842122,0.1393909929,0.1703324897,0.1491692816,0.2241443926,0,1,"S1|equal six ETFs, no cash,rebalance=year|no guard"
2013-09-06,0.1636358182,0.1556369342,0.1430935161,0.1662579939,0.1498884294,0.2214873082,1.110223025e-16,1,"S1|equal six ETFs, no cash,rebalance=year|no guard"
2013-09-10,0.1674393058,0.1575285207,0.1440274952,0.1621872368,0.150650241,0.2181672006,0,1,"S1|equal six ETFs, no cash,rebalance=year|no guard"
2013-09-11,0.1678748939,0.1574706478,0.146598229,0.1612982027,0.1527221732,0.2140358534,1.110223025e-16,1,"S1|equal six ETFs, no cash,rebalance=year|no guard"
2013-09-12,0.1673942898,0.1589649036,0.1449394345,0.1624773043,0.1527462103,0.2134778574,0,1,"S1|equal six ETFs, no cash,rebalance=year|no guard"
2013-09-13,0.1675327906,0.1585566346,0.1459276245,0.1598912559,0.153843181,0.2142485135,0,1,"S1|equal six ETFs, no cash,rebalance=year|no guard"
2013-09-16,0.1674696521,0.1578825717,0.1480780851,0.1593224133,0.1532230942,0.2140241836,0,1,"S1|equal six ETFs, no cash,rebalance=year|no guard"
2013-09-17,0.1682636063,0.1585439867,0.1469330159,0.1613257127,0.1531640403,0.2117696382,0,1,"S1|equal six ETFs, no cash,rebalance=year|no guard"
2013-09-18,0.1684276553,0.1578209517,0.1482893039,0.1585726586,0.1530595725,0.213829858,1.110223025e-16,1,"S1|equal six ETFs, no cash,rebalance=year|no guard"
2013-09-19,0.1688002219,0.158835807,0.1535022916,0.1572541281,0.1522556685,0.2093518829,0,1,"S1|equal six ETFs, no cash,rebalance=year|no guard"
2013-09-20,0.1689097701,0.1603672828,0.1503392329,0.1592820413,0.152786367,0.208315306,0,1,"S1|equal six ETFs, no cash,rebalance=year|no guard"
2013-09-23,0.1680399948,0.1601578359,0.1467657643,0.1599800845,0.1533161324,0.2117401881,1.110223025e-16,1,"S1|equal six ETFs, no cash,rebalance=year|no guard"
2013-09-24,0.1676085658,0.1613786464,0.1463008007,0.1591538338,0.1534682452,0.2120899081,0,1,"S1|equal six ETFs, no cash,rebalance=year|no guard"
2013-09-25,0.1671764919,0.1611033541,0.1450520256,0.1599492775,0.1540138181,0.2127050328,1.110223025e-16,1,"S1|equal six ETFs, no cash,rebalance=year|no guard"
2013-09-26,0.1679550405,0.1611925241,0.1450421589,0.1603698402,0.1542125258,0.2112279105,0,1,"S1|equal six ETFs, no cash,rebalance=year|no guard"
2013-09-27,0.1668538546,0.1628264437,0.1426187932,0.1611355982,0.1545052621,0.2120600483,0,1,"S1|equal six ETFs, no cash,rebalance=year|no guard"
2013-09-30,0.1652689326,0.1631211906,0.1388064204,0.1643415856,0.1541051353,0.2143567355,0,1,"S1|equal six ETFs, no cash,rebalance=year|no guard"
2013-10-01,0.1657857037,0.1641268834,0.1406872913,0.1617954499,0.1544356556,0.213169016,0,1,"S1|equal six ETFs, no cash,rebalance=year|no guard"
2013-10-03,0.1673360973,0.1625840961,0.1434778696,0.1589020179,0.155006013,0.212693906,0,1,"S1|equal six ETFs, no cash,rebalance=year|no guard"
2013-10-04,0.1678842415,0.1633047433,0.1442881227,0.1596464544,0.1560396634,0.2088367748,0,1,"S1|equal six ETFs, no cash,rebalance=year|no guard"
2013-10-07,0.1679945857,0.1638513565,0.1417534359,0.1599520367,0.1569504817,0.2094981035,0,1,"S1|equal six ETFs, no cash,rebalance=year|no guard"
2013-10-08,0.1681393545,0.1641799361,0.1416925606,0.1629028207,0.1558347267,0.2072506014,2.220446049e-16,1,"S1|equal six ETFs, no cash,rebalance=year|no guard"
2013-10-09,0.1697478433,0.1656034463,0.1431657597,0.1609175332,0.157380852,0.2031845656,0,1,"S1|equal six ETFs, no cash,rebalance=year|no guard"
2013-10-10,0.1696689233,0.1652004648,0.1439169888,0.160957509,0.157847038,0.2024090762,-2.220446049e-16,1,"S1|equal six ETFs, no cash,rebalance=year|no guard"
2013-10-11,0.1698787731,0.1654559722,0.1469487143,0.1576383162,0.1565369019,0.2035413224,-2.220446049e-16,1,"S1|equal six ETFs, no cash,rebalance=year|no guard"
2013-10-14,0.1695208959,0.1653194894,0.1473088574,0.1582901053,0.15671917,0.202841482,0,1,"S1|equal six ETFs, no cash,rebalance=year|no guard"
2013-10-15,0.1700768531,0.1638790617,0.1445074405,0.1583620459,0.1559646246,0.2072099742,0,1,"S1|equal six ETFs, no cash,rebalance=year|no guard"
2013-10-17,0.1682776571,0.1634947509,0.143760022,0.1608066709,0.1545949363,0.2090659628,0,1,"S1|equal six ETFs, no cash,rebalance=year|no guard"
2013-10-18,0.1699466773,0.162189395,0.1473560889,0.1599424978,0.154783747,0.2057815939,-2.220446049e-16,1,"S1|equal six ETFs, no cash,rebalance=year|no guard"
2013-10-21,0.1687654625,0.1641421649,0.1460091306,0.1593783563,0.1547122007,0.206992685,1.110223025e-16,1,"S1|equal six ETFs, no cash,rebalance=year|no guard"
2013-10-22,0.168204503,0.1630487352,0.1459612788,0.1602885664,0.1549812627,0.2075156538,1.110223025e-16,1,"S1|equal six ETFs, no cash,rebalance=year|no guard"
2013-10-23,0.166822515,0.163559792,0.1461147979,0.1619257445,0.1541085097,0.2074686409,-2.220446049e-16,1,"S1|equal six ETFs, no cash,rebalance=year|no guard"
2013-10-24,0.1670945637,0.16242163,0.147233055,0.161990863,0.1545790679,0.2066808204,2.220446049e-16,1,"S1|equal six ETFs, no cash,rebalance=year|no guard"
2013-10-25,0.1669050275,0.1625313675,0.1475118478,0.1625846305,0.1531228156,0.207344311,0,1,"S1|equal six ETFs, no cash,rebalance=year|no guard"
2013-10-28,0.1661814327,0.1623541075,0.1459130134,0.1637323306,0.152335007,0.2094841089,0,1,"S1|equal six ETFs, no cash,rebalance=year|no guard"
2013-10-29,0.1678713184,0.1619748321,0.1505704108,0.1585961078,0.1533922718,0.2075950593,0,1,"S1|equal six ETFs, no cash,rebalance=year|no guard"
2013-10-30,0.1683046193,0.1627962181,0.1502023842,0.1579057019,0.1533488852,0.2074421913,0,1,"S1|equal six ETFs, no cash,rebalance=year|no guard"
2013-10-31,0.1687901979,0.1627124714,0.1528740318,0.1549455081,0.1549626945,0.2057150962,0,1,"S1|equal six ETFs, no cash,rebalance=year|no guard"
2013-11-01,0.1680738338,0.1629330232,0.1541698357,0.1545906067,0.1555041391,0.2047285615,1.110223025e-16,1,"S1|equal six ETFs, no cash,rebalance=year|no guard"
2013-11-03,0.1679892358,0.1640646666,0.1533024065,0.1548404378,0.1553187566,0.2044844966,2.220446049e-16,1,"S1|equal six ETFs, no cash,rebalance=year|no guard"
2013-11-05,0.1667303202,0.1650344094,0.1523036536,0.1527310434,0.1574021257,0.2057984477,0,1,"S1|equal six ETFs, no cash,rebalance=year|no guard"
2013-11-06,0.1664205627,0.1634109176,0.1501469383,0.1550679873,0.1580698713,0.2068837228,0,1,"S1|equal six ETFs, no cash,rebalance=year|no guard"
2013-11-07,0.166516405,0.1632061557,0.1482815172,0.1549652542,0.1567691731,0.2102614948,-2.220446049e-16,1,"S1|equal six ETFs, no cash,rebalance=year|no guard"
2013-11-08,0.1667023923,0.1631041657,0.147367583,0.156851013,0.1577498934,0.2082249526,2.220446049e-16,1,"S1|equal six ETFs, no cash,rebalance=year|no guard"
2013-11-11,0.1653534777,0.1639851133,0.1458278919,0.1567911495,0.1565017482,0.2115406195,0,1,"S1|equal six ETFs, no cash,rebalance=year|no guard"
2013-11-12,0.1644762275,0.1628823451,0.1438774699,0.1592371238,0.155407775,0.2141190586,0,1,"S1|equal six ETFs, no cash,rebalance=year|no guard"
2013-11-13,0.1637873029,0.1619463796,0.1432411876,0.159326219,0.1548709394,0.2168279715,0,1,"S1|equal six ETFs, no cash,rebalance=year|no guard"
2013-11-14,0.1631419821,0.1638418556,0.1456298751,0.1573526013,0.1549702617,0.2150634242,-2.220446049e-16,1,"S1|equal six ETFs, no cash,rebalance=year|no guard"
2013-11-18,0.1646302962,0.1644311831,0.1472426921,0.1556659839,0.1550745278,0.2129553168,1.110223025e-16,1,"S1|equal six ETFs, no cash,rebalance=year|no guard"
2013-11-19,0.1660323008,0.1640365868,0.1488095748,0.1556515922,0.1559453124,0.209524633,-2.220446049e-16,1,"S1|equal six ETFs, no cash,rebalance=year|no guard"
2013-11-20,0.1653697237,0.1636914224,0.1474888365,0.1569943124,0.1562279009,0.2102278041,0,1,"S1|equal six ETFs, no cash,rebalance=year|no guard"
2013-11-21,0.1641092222,0.1633366728,0.1458498011,0.1582970755,0.1555517428,0.2128554856,0,1,"S1|equal six ETFs, no cash,rebalance=year|no guard"
2013-11-22,0.1631869293,0.1639604349,0.1445425192,0.1577559114,0.1550189927,0.2155352125,0,1,"S1|equal six ETFs, no cash,rebalance=year|no guard"
2013-11-25,0.1648064533,0.1629470231,0.1480078686,0.1540214781,0.1558043145,0.2144128624,1.110223025e-16,1,"S1|equal six ETFs, no cash,rebalance=year|no guard"
2013-11-26,0.1637359921,0.1639069877,0.1467226159,0.1561111281,0.1554888259,0.2140344504,0,1,"S1|equal six ETFs, no cash,rebalance=year|no guard"
2013-11-27,0.1638288321,0.1626379466,0.1463853209,0.1558661625,0.1557606763,0.2155210615,2.220446049e-16,1,"S1|equal six ETFs, no cash,rebalance=year|no guard"
2013-11-28,0.1639749388,0.1636986705,0.1458208596,0.1545090978,0.1566066032,0.2153898301,0,1,"S1|equal six ETFs, no cash,rebalance=year|no guard"
2013-11-29,0.1643185329,0.1636311295,0.1478721471,0.1542197661,0.1564657674,0.213492657,0,1,"S1|equal six ETFs, no cash,rebalance=year|no guard"
2013-12-02,0.1646530444,0.1641720032,0.1485257103,0.1525124405,0.1566367413,0.2135000604,0,1,"S1|equal six ETFs, no cash,rebalance=year|no guard"
2013-12-03,0.1645275439,0.1652234071,0.1476889601,0.1524058501,0.1570688019,0.213085437,1.110223025e-16,1,"S1|equal six ETFs, no cash,rebalance=year|no guard"
2013-12-04,0.1642016589,0.1641197034,0.1478941656,0.1535417861,0.1562224755,0.2140202105,0,1,"S1|equal six ETFs, no cash,rebalance=year|no guard"
2013-12-05,0.1648269302,0.1642142536,0.1522416346,0.1521252127,0.1556614618,0.2109305071,2.220446049e-16,1,"S1|equal six ETFs, no cash,rebalance=year|no guard"
2013-12-06,0.1652711574,0.1645283993,0.1539113863,0.1507804354,0.1562561688,0.2092524527,2.220446049e-16,1,"S1|equal six ETFs, no cash,rebalance=year|no guard"
2013-12-09,0.1658441617,0.1642144804,0.1567651474,0.1481182443,0.1566825426,0.2083754236,1.110223025e-16,1,"S1|equal six ETFs, no cash,rebalance=year|no guard"
2013-12-10,0.1659904073,0.1642315697,0.1551614831,0.1495219562,0.1564970133,0.2085975703,0,1,"S1|equal six ETFs, no cash,rebalance=year|no guard"
2013-12-11,0.1661576367,0.1636855917,0.1542565237,0.1506115552,0.1561682294,0.2091204633,1.110223025e-16,1,"S1|equal six ETFs, no cash,rebalance=year|no guard"
2013-12-12,0.1658048053,0.1636200201,0.1537093843,0.1510689063,0.1567436076,0.2090532763,1.110223025e-16,1,"S1|equal six ETFs, no cash,rebalance=year|no guard"
2013-12-13,0.1652184238,0.1636618695,0.1519682282,0.1518170116,0.1556005254,0.2117339414,0,1,"S1|equal six ETFs, no cash,rebalance=year|no guard"
2013-12-16,0.1639388914,0.1643338531,0.154148914,0.150667967,0.1554443686,0.2114660058,-2.220446049e-16,1,"S1|equal six ETFs, no cash,rebalance=year|no guard"
2013-12-17,0.1642100716,0.1647410225,0.1516541976,0.1507106201,0.1560669676,0.2126171206,0,1,"S1|equal six ETFs, no cash,rebalance=year|no guard"
2013-12-18,0.1653636572,0.1657523957,0.1504541928,0.1495432303,0.1573106801,0.2115758438,0,1,"S1|equal six ETFs, no cash,rebalance=year|no guard"
2013-12-19,0.1642633276,0.1663154189,0.1475124651,0.1492333051,0.1573391509,0.2153363325,0,1,"S1|equal six ETFs, no cash,rebalance=year|no guard"
2013-12-20,0.1658167208,0.1682632789,0.1482159523,0.1468676544,0.1583797915,0.2124566022,1.110223025e-16,1,"S1|equal six ETFs, no cash,rebalance=year|no guard"
2013-12-23,0.1653946111,0.166752466,0.1492825239,0.146277736,0.159173712,0.2131189509,1.110223025e-16,1,"S1|equal six ETFs, no cash,rebalance=year|no guard"
2013-12-24,0.164289653,0.1680867697,0.1482286313,0.145305381,0.1596136849,0.2144758801,0,1,"S1|equal six ETFs, no cash,rebalance=year|no guard"
2013-12-26,0.1643789759,0.1683142098,0.1485623867,0.1454774913,0.1595512663,0.21371567,0,1,"S1|equal six ETFs, no cash,rebalance=year|no guard"
2013-12-27,0.1647596498,0.1674586005,0.1487020287,0.1441326409,0.1601701378,0.2147769424,0,1,"S1|equal six ETFs, no cash,rebalance=year|no guard"
2013-12-30,0.1647650293,0.1681001879,0.1483905636,0.1438299415,0.1604341978,0.2144800798,0,1,"S1|equal six ETFs, no cash,rebalance=year|no guard"
2013-12-31,0.1647901824,0.1690450539,0.1480881699,0.1430831969,0.1612281489,0.213765248,0,1,"S1|equal six ETFs, no cash,rebalance=year|no guard"
2014-01-01,0.164256755,0.1689904612,0.1479429118,0.1430532048,0.1616399129,0.2141167542,-2.220446049e-16,1,"S1|equal six ETFs, no cash,rebalance=year|no guard"
2014-01-02,0.1629900952,0.1711395126,0.145963857,0.1450478473,0.1591356692,0.2157230188,0,1,"S1|equal six ETFs, no cash,rebalance=year|no guard"
2014-01-03,0.1632924019,0.1678575487,0.1464146982,0.1464847076,0.1600577821,0.2158928615,0,1,"S1|equal six ETFs, no cash,rebalance=year|no guard"
2014-01-06,0.1629903272,0.170633184,0.1444086484,0.1466601645,0.1607823667,0.2145253093,0,1,"S1|equal six ETFs, no cash,rebalance=year|no guard"
2014-01-07,0.1633119324,0.1694365097,0.1447593017,0.1472154745,0.1599780332,0.2152987484,1.110223025e-16,1,"S1|equal six ETFs, no cash,rebalance=year|no guard"
2014-01-08,0.1629681255,0.1692871708,0.1451051798,0.1456895399,0.1603819985,0.2165679854,0,1,"S1|equal six ETFs, no cash,rebalance=year|no guard"
2014-01-09,0.163185221,0.1699461887,0.1441661829,0.146218349,0.1595573196,0.2169267389,2.220446049e-16,1,"S1|equal six ETFs, no cash,rebalance=year|no guard"
2014-01-10,0.1641881829,0.1702388874,0.1426999803,0.14734142,0.1586719365,0.2168595929,0,1,"S1|equal six ETFs, no cash,rebalance=year|no guard"
2014-01-13,0.1653766789,0.1703991246,0.1445439186,0.146768958,0.1572956056,0.2156157144,2.220446049e-16,1,"S1|equal six ETFs, no cash,rebalance=year|no guard"
2014-01-14,0.1658188337,0.1701157403,0.144727732,0.1483319065,0.1584537173,0.2125520702,-2.220446049e-16,1,"S1|equal six ETFs, no cash,rebalance=year|no guard"
2014-01-15,0.1662220212,0.1694374993,0.1455088308,0.1461146249,0.1579899246,0.2147270992,0,1,"S1|equal six ETFs, no cash,rebalance=year|no guard"
2014-01-16,0.1664536427,0.1674155417,0.1458346189,0.1464061578,0.157353945,0.216536094,1.110223025e-16,1,"S1|equal six ETFs, no cash,rebalance=year|no guard"
2014-01-17,0.1664282859,0.1642932157,0.1454208447,0.1478014901,0.1571513017,0.2189048619,-2.220446049e-16,1,"S1|equal six ETFs, no cash,rebalance=year|no guard"
2014-01-20,0.1672660852,0.1653112147,0.145153475,0.1479277453,0.157934536,0.2164069438,-2.220446049e-16,1,"S1|equal six ETFs, no cash,rebalance=year|no guard"
2014-01-21,0.1665836232,0.1648231075,0.1466197472,0.1474353634,0.1581023921,0.2164357666,0,1,"S1|equal six ETFs, no cash,rebalance=year|no guard"
2014-01-22,0.1669846631,0.1650960477,0.1468928781,0.1459177893,0.1573930174,0.2177156044,0,1,"S1|equal six ETFs, no cash,rebalance=year|no guard"
2014-01-23,0.1670822971,0.165771298,0.1467105207,0.1456116319,0.1568113793,0.218012873,0,1,"S1|equal six ETFs, no cash,rebalance=year|no guard"
2014-01-24,0.1663510924,0.1660764163,0.1450972993,0.1477014844,0.1553824164,0.2193912913,0,1,"S1|equal six ETFs, no cash,rebalance=year|no guard"
2014-01-27,0.1660213493,0.1643681888,0.1422387377,0.1515813438,0.1539410097,0.2218493706,2.220446049e-16,1,"S1|equal six ETFs, no cash,rebalance=year|no guard"
2014-01-28,0.1663995416,0.163774979,0.1423962304,0.1514411138,0.1540821467,0.2219059885,0,1,"S1|equal six ETFs, no cash,rebalance=year|no guard"
2014-01-29,0.16714667,0.1633176709,0.1417401779,0.15347311,0.1548356402,0.2194867311,0,1,"S1|equal six ETFs, no cash,rebalance=year|no guard"
2014-01-30,0.1675484661,0.1641152974,0.1395778579,0.1538131237,0.1549572972,0.2199879577,2.220446049e-16,1,"S1|equal six ETFs, no cash,rebalance=year|no guard"
2014-01-31,0.1660384498,0.1639413706,0.1391933548,0.1515362878,0.1569375675,0.2223529694,0,1,"S1|equal six ETFs, no cash,rebalance=year|no guard"
2014-02-03,0.1658925032,0.1642861104,0.1379571913,0.1521942736,0.1561771572,0.2234927643,-2.220446049e-16,1,"S1|equal six ETFs, no cash,rebalance=year|no guard"
2014-02-04,0.1656003056,0.1641960294,0.1404221945,0.1534136874,0.1574435479,0.2189242352,0,1,"S1|equal six ETFs, no cash,rebalance=year|no guard"
2014-02-05,0.1655089635,0.1645084509,0.139350124,0.1528999055,0.1578356997,0.2198968563,1.110223025e-16,1,"S1|equal six ETFs, no cash,rebalance=year|no guard"
2014-02-06,0.1653817356,0.165530883,0.1392461286,0.152819036,0.1581757139,0.2188465029,2.220446049e-16,1,"S1|equal six ETFs, no cash,rebalance=year|no guard"
2014-02-07,0.1657835042,0.1653076868,0.138436359,0.1521084141,0.1585072524,0.2198567836,0,1,"S1|equal six ETFs, no cash,rebalance=year|no guard"
2014-02-10,0.1651672479,0.1632166151,0.1381709952,0.1527483289,0.1576998932,0.2229969197,0,1,"S1|equal six ETFs, no cash,rebalance=year|no guard"
2014-02-11,0.1649686878,0.1629997256,0.1377080505,0.1528457484,0.1572752138,0.224202574,0,1,"S1|equal six ETFs, no cash,rebalance=year|no guard"
2014-02-12,0.1647538706,0.1626434793,0.1386058046,0.1522019101,0.156755744,0.2250391915,0,1,"S1|equal six ETFs, no cash,rebalance=year|no guard"
2014-02-13,0.1638869124,0.1616185811,0.1378106612,0.1533934904,0.1562199267,0.2270704282,1.110223025e-16,1,"S1|equal six ETFs, no cash,rebalance=year|no guard"
2014-02-14,0.164242296,0.1604871409,0.1374415958,0.1532731885,0.1556483421,0.2289074366,1.110223025e-16,1,"S1|equal six ETFs, no cash,rebalance=year|no guard"
2014-02-17,0.1644728716,0.1599283563,0.1383217839,0.1551043953,0.1553016018,0.2268709912,-2.220446049e-16,1,"S1|equal six ETFs, no cash,rebalance=year|no guard"
2014-02-18,0.1640454549,0.1609562231,0.1410140507,0.1541109301,0.155432922,0.2244404192,1.110223025e-16,1,"S1|equal six ETFs, no cash,rebalance=year|no guard"
2014-02-19,0.1636850741,0.1615241332,0.1407138868,0.1533484693,0.1553391907,0.2253892459,0,1,"S1|equal six ETFs, no cash,rebalance=year|no guard"
2014-02-20,0.1636511256,0.161656579,0.1392975404,0.1540074658,0.1561517469,0.2252355423,1.110223025e-16,1,"S1|equal six ETFs, no cash,rebalance=year|no guard"
2014-02-21,0.1639703826,0.1626078971,0.1395791389,0.1524204808,0.1564158697,0.2250062309,1.110223025e-16,1,"S1|equal six ETFs, no cash,rebalance=year|no guard"
2014-02-24,0.1647983692,0.1600756954,0.1407068331,0.1532368077,0.1570714167,0.224110878,1.110223025e-16,1,"S1|equal six ETFs, no cash,rebalance=year|no guard"
2014-02-25,0.1646790057,0.1614120873,0.1405869213,0.1522500833,0.1565646326,0.2245072698,1.110223025e-16,1,"S1|equal six ETFs, no cash,rebalance=year|no guard"
2014-02-26,0.1652659048,0.160802307,0.1412311534,0.1524097982,0.1567446178,0.2235462189,-2.220446049e-16,1,"S1|equal six ETFs, no cash,rebalance=year|no guard"
2014-02-28,0.165387043,0.1606389595,0.141053326,0.1513570974,0.157812184,0.2237513901,0,1,"S1|equal six ETFs, no cash,rebalance=year|no guard"
2014-03-03,0.1642981914,0.1623243873,0.1400986027,0.1523059497,0.1575560707,0.2234167981,1.110223025e-16,1,"S1|equal six ETFs, no cash,rebalance=year|no guard"
2014-03-04,0.1649771384,0.1631239285,0.1426611522,0.1502051369,0.1582476982,0.2207849458,0,1,"S1|equal six ETFs, no cash,rebalance=year|no guard"
2014-03-05,0.1643207798,0.163602292,0.143780911,0.1482839649,0.1589613279,0.2210507244,1.110223025e-16,1,"S1|equal six ETFs, no cash,rebalance=year|no guard"
2014-03-06,0.1650413984,0.1630979447,0.1449593412,0.1468574181,0.1602332038,0.2198106939,1.110223025e-16,1,"S1|equal six ETFs, no cash,rebalance=year|no guard"
2014-03-07,0.1670023709,0.162056704,0.1508415399,0.1453748344,0.1593648189,0.2153597319,0,1,"S1|equal six ETFs, no cash,rebalance=year|no guard"
2014-03-10,0.1661831364,0.1628677837,0.1524243817,0.1444542783,0.1600499331,0.2140204869,0,1,"S1|equal six ETFs, no cash,rebalance=year|no guard"
2014-03-11,0.1653959665,0.1615930765,0.1529226404,0.1454048554,0.1603866715,0.2142967896,1.110223025e-16,1,"S1|equal six ETFs, no cash,rebalance=year|no guard"
2014-03-12,0.1655623592,0.1633708942,0.1522048448,0.1456388278,0.1596032837,0.2136197903,0,1,"S1|equal six ETFs, no cash,rebalance=year|no guard"
2014-03-13,0.1646790003,0.1621153109,0.1535390092,0.1458316952,0.1584440487,0.2153909356,0,1,"S1|equal six ETFs, no cash,rebalance=year|no guard"
2014-03-14,0.1658843211,0.1611935557,0.1531692478,0.1473824069,0.1592696143,0.2131008543,0,1,"S1|equal six ETFs, no cash,rebalance=year|no guard"
2014-03-18,0.1653121027,0.1617303104,0.1545297146,0.1453664323,0.1604205699,0.2126408701,1.110223025e-16,1,"S1|equal six ETFs, no cash,rebalance=year|no guard"
2014-03-19,0.1651100356,0.1632532382,0.153187478,0.1437844389,0.1601402287,0.2145245806,-2.220446049e-16,1,"S1|equal six ETFs, no cash,rebalance=year|no guard"
2014-03-20,0.1653790919,0.1638034691,0.1533033268,0.143064682,0.1602886211,0.2141608092,0,1,"S1|equal six ETFs, no cash,rebalance=year|no guard"
2014-03-21,0.1646939784,0.1623760349,0.1550948735,0.1426593775,0.1603503878,0.2148253479,2.220446049e-16,1,"S1|equal six ETFs, no cash,rebalance=year|no guard"
2014-03-22,0.1646020171,0.1634541028,0.1549656623,0.1422888015,0.1601425345,0.2145468817,0,1,"S1|equal six ETFs, no cash,rebalance=year|no guard"
2014-03-24,0.1664761477,0.1648980586,0.1563258718,0.1406323296,0.1610159103,0.210651682,0,1,"S1|equal six ETFs, no cash,rebalance=year|no guard"
2014-03-25,0.1673351455,0.1641031936,0.1575014953,0.1396518003,0.1628154115,0.2085929538,0,1,"S1|equal six ETFs, no cash,rebalance=year|no guard"
2014-03-26,0.1666401948,0.1655259331,0.1576793716,0.139139325,0.1633524905,0.207662685,0,1,"S1|equal six ETFs, no cash,rebalance=year|no guard"
2014-03-27,0.1679980608,0.1660174682,0.1588654399,0.138534457,0.1642272329,0.2043573412,-2.220446049e-16,1,"S1|equal six ETFs, no cash,rebalance=year|no guard"
2014-03-28,0.1686499802,0.1653239525,0.1592820603,0.1378493267,0.1663312349,0.2025634453,0,1,"S1|equal six ETFs, no cash,rebalance=year|no guard"
2014-03-31,0.1678788612,0.1678322954,0.1581210607,0.1381776963,0.1672970114,0.2006930751,0,1,"S1|equal six ETFs, no cash,rebalance=year|no guard"
2014-04-01,0.1666666667,0.1666666667,0.1666666667,0.1666666667,0.1666666667,0.1666666667,-2.220446049e-16,1,"S1|equal six ETFs, no cash,rebalance=year|no guard"
2014-04-02,0.1662229537,0.1680615838,0.1677316086,0.1625579414,0.1674576417,0.1679682709,1.110223025e-16,1,"S1|equal six ETFs, no cash,rebalance=year|no guard"
2014-04-03,0.1662993046,0.1666747209,0.1665619648,0.1647716819,0.1668667559,0.1688255719,2.220446049e-16,1,"S1|equal six ETFs, no cash,rebalance=year|no guard"
2014-04-04,0.1656294166,0.1679846028,0.1664157202,0.1648900681,0.1667532748,0.1683269175,0,1,"S1|equal six ETFs, no cash,rebalance=year|no guard"
2014-04-07,0.1665022096,0.1682046654,0.1669248297,0.1662568259,0.1674084557,0.1647030137,2.220446049e-16,1,"S1|equal six ETFs, no cash,rebalance=year|no guard"
2014-04-09,0.1664895102,0.1690306469,0.1698215711,0.1647965302,0.1675473705,0.1623143711,-2.220446049e-16,1,"S1|equal six ETFs, no cash,rebalance=year|no guard"
2014-04-10,0.1647234455,0.1715797443,0.1678204577,0.1646360394,0.1678577177,0.1633825954,0,1,"S1|equal six ETFs, no cash,rebalance=year|no guard"
2014-04-11,0.1658347943,0.1715040763,0.1684877952,0.1657461046,0.1690554911,0.1593717386,0,1,"S1|equal six ETFs, no cash,rebalance=year|no guard"
2014-04-15,0.1663523948,0.1699497849,0.1664473497,0.1684448886,0.1687214741,0.1600841079,0,1,"S1|equal six ETFs, no cash,rebalance=year|no guard"
2014-04-16,0.1658057784,0.1694243415,0.1663703291,0.1690090731,0.1679299399,0.1614605381,0,1,"S1|equal six ETFs, no cash,rebalance=year|no guard"
2014-04-17,0.1659058096,0.1673117944,0.1680280484,0.1678141174,0.168624066,0.1623161642,1.110223025e-16,1,"S1|equal six ETFs, no cash,rebalance=year|no guard"
2014-04-21,0.1659869453,0.1682045984,0.1686646827,0.1673146767,0.1688234719,0.161005625,-2.220446049e-16,1,"S1|equal six ETFs, no cash,rebalance=year|no guard"
2014-04-22,0.1649355571,0.1687713869,0.1681817563,0.167987733,0.1680542696,0.1620692971,0,1,"S1|equal six ETFs, no cash,rebalance=year|no guard"
2014-04-23,0.164950629,0.1687793618,0.1685446683,0.1675792702,0.1670423453,0.1631037254,0,1,"S1|equal six ETFs, no cash,rebalance=year|no guard"
2014-04-25,0.163751802,0.1683306109,0.1684484746,0.1685645898,0.1669127093,0.1639918134,0,1,"S1|equal six ETFs, no cash,rebalance=year|no guard"
2014-04-28,0.1634405715,0.1689795924,0.169450975,0.169192269,0.1684899107,0.1604466814,0,1,"S1|equal six ETFs, no cash,rebalance=year|no guard"
2014-04-29,0.1631249119,0.1680802896,0.1692553902,0.1695019438,0.16818642,0.1618510445,-2.220446049e-16,1,"S1|equal six ETFs, no cash,rebalance=year|no guard"
2014-04-30,0.1636074491,0.1661087521,0.1699410922,0.1698757521,0.1669435854,0.1635233691,0,1,"S1|equal six ETFs, no cash,rebalance=year|no guard"
2014-05-02,0.1627801746,0.1677149934,0.168155509,0.1696102986,0.1676172994,0.164121725,0,1,"S1|equal six ETFs, no cash,rebalance=year|no guard"
2014-05-05,0.1632280609,0.1677467885,0.1685339618,0.1700277686,0.1673381973,0.1631252229,-2.220446049e-16,1,"S1|equal six ETFs, no cash,rebalance=year|no guard"
2014-05-06,0.1632108405,0.1664900281,0.1693802703,0.1698620184,0.167376709,0.1636801335,0,1,"S1|equal six ETFs, no cash,rebalance=year|no guard"
2014-05-07,0.1629298022,0.1677672891,0.168533066,0.1709211346,0.1678612745,0.1619874335,-2.220446049e-16,1,"S1|equal six ETFs, no cash,rebalance=year|no guard"
2014-05-08,0.1627578046,0.1670158809,0.1710556365,0.1697515614,0.1676813366,0.1617377799,0,1,"S1|equal six ETFs, no cash,rebalance=year|no guard"
2014-05-09,0.1652278494,0.1673616313,0.1765934885,0.165445072,0.1672964505,0.1580755083,2.220446049e-16,1,"S1|equal six ETFs, no cash,rebalance=year|no guard"
2014-05-12,0.1664683571,0.1662644518,0.1790470932,0.1636256952,0.1673927108,0.157201692,0,1,"S1|equal six ETFs, no cash,rebalance=year|no guard"
2014-05-13,0.1662016557,0.1683143756,0.177698014,0.1609448611,0.1689042992,0.1579367945,1.110223025e-16,1,"S1|equal six ETFs, no cash,rebalance=year|no guard"
2014-05-14,0.1658202705,0.1695399778,0.1779904262,0.1598108022,0.170645651,0.1561928722,0,1,"S1|equal six ETFs, no cash,rebalance=year|no guard"
2014-05-15,0.1663189321,0.1714564183,0.1776540785,0.1598288819,0.1691372835,0.1556044057,-2.220446049e-16,1,"S1|equal six ETFs, no cash,rebalance=year|no guard"
2014-05-16,0.1664961805,0.1720824101,0.1831429541,0.1559814725,0.1707348445,0.1515621383,0,1,"S1|equal six ETFs, no cash,rebalance=year|no guard"
2014-05-19,0.1644510879,0.1766450204,0.1845613309,0.1513017861,0.1746247163,0.1484160585,0,1,"S1|equal six ETFs, no cash,rebalance=year|no guard"
2014-05-20,0.1635006117,0.178024096,0.1839937498,0.1502565472,0.1758294551,0.1483955401,0,1,"S1|equal six ETFs, no cash,rebalance=year|no guard"
2014-05-21,0.1645973713,0.1773331549,0.1817484737,0.1501485349,0.1776705939,0.1485018712,2.220446049e-16,1,"S1|equal six ETFs, no cash,rebalance=year|no guard"
2014-05-22,0.1638420405,0.1802833996,0.1826178286,0.1440374286,0.1797851977,0.149434105,-2.220446049e-16,1,"S1|equal six ETFs, no cash,rebalance=year|no guard"
2014-05-23,0.1644803543,0.1812483068,0.1826105855,0.1421604917,0.1816396376,0.1478606241,0,1,"S1|equal six ETFs, no cash,rebalance=year|no guard"
2014-05-26,0.1656758961,0.1782885087,0.1823835483,0.143881567,0.1796229489,0.150147531,0,1,"S1|equal six ETFs, no cash,rebalance=year|no guard"
2014-05-27,0.1650512961,0.1773797012,0.1827292055,0.1440537836,0.1789350849,0.1518509286,2.220446049e-16,1,"S1|equal six ETFs, no cash,rebalance=year|no guard"
2014-05-28,0.1648849654,0.177084966,0.182203099,0.1424181251,0.1794239692,0.1539848754,0,1,"S1|equal six ETFs, no cash,rebalance=year|no guard"
2014-05-29,0.1653144185,0.176869514,0.1827960969,0.1416154902,0.1790702955,0.1543341848,0,1,"S1|equal six ETFs, no cash,rebalance=year|no guard"
2014-05-30,0.1643656198,0.17720316,0.180465159,0.1419181654,0.1800242608,0.156023635,0,1,"S1|equal six ETFs, no cash,rebalance=year|no guard"
2014-06-02,0.1646124284,0.1791433003,0.1830095456,0.1388294698,0.180828512,0.1535767439,0,1,"S1|equal six ETFs, no cash,rebalance=year|no guard"
2014-06-03,0.1657393128,0.179328884,0.1816748943,0.1384506046,0.1818294249,0.1529768793,0,1,"S1|equal six ETFs, no cash,rebalance=year|no guard"
2014-06-04,0.1644846893,0.180039212,0.1817798902,0.1374403036,0.1835990576,0.1526568473,1.110223025e-16,1,"S1|equal six ETFs, no cash,rebalance=year|no guard"
2014-06-05,0.1645473555,0.1824995106,0.1809143604,0.1358522814,0.1844872869,0.1516992052,0,1,"S1|equal six ETFs, no cash,rebalance=year|no guard"
2014-06-06,0.1656209456,0.1803498132,0.1813944901,0.1348575686,0.1860514608,0.1517257217,1.110223025e-16,1,"S1|equal six ETFs, no cash,rebalance=year|no guard"
2014-06-09,0.1664404317,0.1816729034,0.1811219225,0.133389682,0.186556598,0.1508184625,0,1,"S1|equal six ETFs, no cash,rebalance=year|no guard"
2014-06-10,0.1668415934,0.1821570546,0.1797756478,0.13390526,0.1860574721,0.1512629721,0,1,"S1|equal six ETFs, no cash,rebalance=year|no guard"
2014-06-11,0.1668351802,0.1807572928,0.1800042504,0.1353067342,0.1846934334,0.1524031089,0,1,"S1|equal six ETFs, no cash,rebalance=year|no guard"
2014-06-12,0.1671474532,0.1786695225,0.1805196544,0.1354649622,0.1857747504,0.1524236573,1.110223025e-16,1,"S1|equal six ETFs, no cash,rebalance=year|no guard"
2014-06-13,0.1680119981,0.1771578382,0.1805995193,0.138564147,0.1830024961,0.1526640012,0,1,"S1|equal six ETFs, no cash,rebalance=year|no guard"
2014-06-16,0.1668050013,0.1765072931,0.1790403318,0.140690269,0.1830406413,0.1539164636,-2.220446049e-16,1,"S1|equal six ETFs, no cash,rebalance=year|no guard"
2014-06-17,0.167025662,0.1766979148,0.1808098403,0.1380061966,0.1836583145,0.1538020717,1.110223025e-16,1,"S1|equal six ETFs, no cash,rebalance=year|no guard"
2014-06-18,0.166297826,0.1763048218,0.1805446959,0.1392950858,0.183009378,0.1545481926,1.110223025e-16,1,"S1|equal six ETFs, no cash,rebalance=year|no guard"
2014-06-19,0.1662841975,0.1759271747,0.1792791043,0.1400812611,0.1819679408,0.1564603216,-2.220446049e-16,1,"S1|equal six ETFs, no cash,rebalance=year|no guard"
2014-06-20,0.1657636881,0.1756524598,0.1788286577,0.1432720087,0.1809115529,0.1555716328,1.110223025e-16,1,"S1|equal six ETFs, no cash,rebalance=year|no guard"
2014-06-23,0.1648762154,0.1756573371,0.178833697,0.1429841695,0.1819277076,0.1557208735,0,1,"S1|equal six ETFs, no cash,rebalance=year|no guard"
2014-06-24,0.1651300929,0.1754395036,0.1797308317,0.1422352519,0.1830730238,0.1543912961,0,1,"S1|equal six ETFs, no cash,rebalance=year|no guard"
2014-06-25,0.1651846809,0.1750241549,0.1797858006,0.1416553838,0.1842049793,0.1541450006,1.110223025e-16,1,"S1|equal six ETFs, no cash,rebalance=year|no guard"
2014-06-26,0.1636730187,0.1756760141,0.1813551918,0.1414494273,0.1828167853,0.1550295629,1.110223025e-16,1,"S1|equal six ETFs, no cash,rebalance=year|no guard"
2014-06-27,0.1633661435,0.1757366136,0.1816763013,0.1409885375,0.183393589,0.1548388151,1.110223025e-16,1,"S1|equal six ETFs, no cash,rebalance=year|no guard"
2014-06-30,0.1627346928,0.1761263972,0.1846108115,0.1391091179,0.1844911648,0.1529278158,1.110223025e-16,1,"S1|equal six ETFs, no cash,rebalance=year|no guard"
2014-07-01,0.1634825656,0.1794663329,0.1784160118,0.1392656161,0.185800842,0.1535686317,0,1,"S1|equal six ETFs, no cash,rebalance=year|no guard"
2014-07-02,0.1639073638,0.1798338218,0.1778682299,0.1375095745,0.1871471211,0.1537338889,0,1,"S1|equal six ETFs, no cash,rebalance=year|no guard"
2014-07-03,0.1644711535,0.1802147486,0.1772190452,0.1369337802,0.1879325842,0.1532286882,0,1,"S1|equal six ETFs, no cash,rebalance=year|no guard"
2014-07-04,0.1646101849,0.1807718852,0.1770823698,0.1361455706,0.1878439902,0.1535459993,0,1,"S1|equal six ETFs, no cash,rebalance=year|no guard"
2014-07-07,0.165381216,0.179908988,0.1756444149,0.1358932738,0.1890457322,0.1541263752,-2.220446049e-16,1,"S1|equal six ETFs, no cash,rebalance=year|no guard"
2014-07-08,0.1655164871,0.1792803803,0.1750209176,0.1384524566,0.1844355951,0.1572941633,0,1,"S1|equal six ETFs, no cash,rebalance=year|no guard"
2014-07-09,0.1661990018,0.1776664781,0.1753134467,0.1404606035,0.1836757892,0.1566846807,0,1,"S1|equal six ETFs, no cash,rebalance=year|no guard"
2014-07-10,0.1652478099,0.1763348511,0.1754169358,0.1428813705,0.1834907034,0.1566283294,0,1,"S1|equal six ETFs, no cash,rebalance=year|no guard"
2014-07-11,0.1658442388,0.1740946785,0.1736325463,0.1451791056,0.1810660331,0.1601833977,0,1,"S1|equal six ETFs, no cash,rebalance=year|no guard"
2014-07-14,0.1650771916,0.1762784351,0.1734351684,0.14393673,0.1810381329,0.1602343421,1.110223025e-16,1,"S1|equal six ETFs, no cash,rebalance=year|no guard"
2014-07-15,0.1645687895,0.1772573851,0.1746148343,0.1412742827,0.1828533591,0.1594313493,1.110223025e-16,1,"S1|equal six ETFs, no cash,rebalance=year|no guard"
2014-07-16,0.1651691558,0.1778649247,0.1772023998,0.1389125754,0.1836172982,0.1572336461,0,1,"S1|equal six ETFs, no cash,rebalance=year|no guard"
2014-07-17,0.1643956026,0.1790483562,0.1762452734,0.1384645378,0.1847689839,0.1570772462,1.110223025e-16,1,"S1|equal six ETFs, no cash,rebalance=year|no guard"
2014-07-18,0.1655198305,0.1773589026,0.1780592988,0.1393448389,0.1843564361,0.1553606931,0,1,"S1|equal six ETFs, no cash,rebalance=year|no guard"
2014-07-21,0.1652884763,0.1778019231,0.1769146238,0.138875248,0.1835333746,0.1575863542,-2.220446049e-16,1,"S1|equal six ETFs, no cash,rebalance=year|no guard"
2014-07-22,0.1666545025,0.1777494835,0.1769592318,0.1381134011,0.183378289,0.1571450921,1.110223025e-16,1,"S1|equal six ETFs, no cash,rebalance=year|no guard"
2014-07-23,0.1671651415,0.1763939317,0.1786411223,0.1376400977,0.1823234132,0.1578362936,0,1,"S1|equal six ETFs, no cash,rebalance=year|no guard"
2014-07-24,0.1676467692,0.1767342622,0.1780739972,0.1369276033,0.1821614142,0.1584559538,0,1,"S1|equal six ETFs, no cash,rebalance=year|no guard"
2014-07-25,0.1683021438,0.1748008839,0.1785871936,0.1372596238,0.1813758283,0.1596743266,0,1,"S1|equal six ETFs, no cash,rebalance=year|no guard"
2014-07-28,0.1679133774,0.1754388054,0.1779917805,0.1386989687,0.1809105211,0.1590465469,-2.220446049e-16,1,"S1|equal six ETFs, no cash,rebalance=year|no guard"
2014-07-30,0.1682770193,0.175620573,0.1781614394,0.1378560957,0.1815858661,0.1584990065,1.110223025e-16,1,"S1|equal six ETFs, no cash,rebalance=year|no guard"
2014-07-31,0.1672277969,0.1763439315,0.1770031309,0.1380942202,0.1821572618,0.1591736586,1.110223025e-16,1,"S1|equal six ETFs, no cash,rebalance=year|no guard"
2014-08-01,0.1666024428,0.176231105,0.1768700767,0.1396999431,0.1823277707,0.1582686618,0,1,"S1|equal six ETFs, no cash,rebalance=year|no guard"
2014-08-04,0.166396341,0.176844517,0.1770850768,0.139048535,0.1826869697,0.1579385605,0,1,"S1|equal six ETFs, no cash,rebalance=year|no guard"
2014-08-05,0.1670465073,0.1766275945,0.1762623627,0.1384484379,0.1834757773,0.1581393203,0,1,"S1|equal six ETFs, no cash,rebalance=year|no guard"
2014-08-06,0.1664083966,0.1770037287,0.1753962926,0.1400223873,0.1834442499,0.1577249448,0,1,"S1|equal six ETFs, no cash,rebalance=year|no guard"
2014-08-07,0.1657244242,0.1768328265,0.1752276533,0.140837826,0.1822797709,0.1590974992,0,1,"S1|equal six ETFs, no cash,rebalance=year|no guard"
2014-08-08,0.1657821366,0.1790205776,0.1724350498,0.1434119354,0.1804410005,0.1589093002,0,1,"S1|equal six ETFs, no cash,rebalance=year|no guard"
2014-08-11,0.1663009191,0.1771168617,0.1733750343,0.1416422646,0.1818147069,0.1597502134,1.110223025e-16,1,"S1|equal six ETFs, no cash,rebalance=year|no guard"
2014-08-12,0.1667946014,0.1770192769,0.1736981386,0.1412732445,0.1817962408,0.1594184978,-2.220446049e-16,1,"S1|equal six ETFs, no cash,rebalance=year|no guard"
2014-08-13,0.1683756489,0.176267352,0.1731222673,0.1416286838,0.1807930704,0.1598129776,0,1,"S1|equal six ETFs, no cash,rebalance=year|no guard"
2014-08-14,0.1680097835,0.1758636886,0.1740230168,0.1405184851,0.1810340425,0.1605509834,1.110223025e-16,1,"S1|equal six ETFs, no cash,rebalance=year|no guard"
2014-08-18,0.1675944469,0.178974982,0.1752866507,0.1374511054,0.1817255334,0.1589672816,1.110223025e-16,1,"S1|equal six ETFs, no cash,rebalance=year|no guard"
2014-08-19,0.1675031978,0.1771386069,0.1760582152,0.1364930416,0.1830271213,0.1597798172,2.220446049e-16,1,"S1|equal six ETFs, no cash,rebalance=year|no guard"
2014-08-20,0.1666220654,0.1780820462,0.1756225002,0.1364106095,0.1832397555,0.1600230231,1.110223025e-16,1,"S1|equal six ETFs, no cash,rebalance=year|no guard"
2014-08-21,0.1665249395,0.1781850695,0.1768722823,0.1348777488,0.1838251214,0.1597148387,0,1,"S1|equal six ETFs, no cash,rebalance=year|no guard"
2014-08-22,0.1667496935,0.1780354967,0.1779860862,0.13449212,0.1833213393,0.1594152642,2.220446049e-16,1,"S1|equal six ETFs, no cash,rebalance=year|no guard"
2014-08-25,0.1675376033,0.1776965478,0.1774541127,0.1343105529,0.1828783051,0.1601228781,0,1,"S1|equal six ETFs, no cash,rebalance=year|no guard"
2014-08-26,0.1675082655,0.1781106419,0.1765309467,0.1347236317,0.1826725388,0.1604539755,0,1,"S1|equal six ETFs, no cash,rebalance=year|no guard"
2014-08-27,0.1680709402,0.1764524317,0.1776505919,0.1342566499,0.1832712982,0.1602980881,-2.220446049e-16,1,"S1|equal six ETFs, no cash,rebalance=year|no guard"
2014-08-28,0.1680793614,0.1779568056,0.1776942743,0.1344078567,0.1819684219,0.1598932801,0,1,"S1|equal six ETFs, no cash,rebalance=year|no guard"
2014-09-01,0.1678074506,0.1776616348,0.1787753195,0.1330897404,0.183739922,0.1589259328,1.110223025e-16,1,"S1|equal six ETFs, no cash,rebalance=year|no guard"
2014-09-02,0.1679231472,0.1804508947,0.1788920306,0.1314391199,0.1835147853,0.1577800222,1.110223025e-16,1,"S1|equal six ETFs, no cash,rebalance=year|no guard"
2014-09-03,0.168285628,0.1791616336,0.1783085587,0.1307391414,0.185056639,0.1584483993,0,1,"S1|equal six ETFs, no cash,rebalance=year|no guard"
2014-09-04,0.1680852769,0.1787338104,0.1785743317,0.1307254328,0.1862505638,0.1576305844,-2.220446049e-16,1,"S1|equal six ETFs, no cash,rebalance=year|no guard"
2014-09-05,0.1679532611,0.1804895748,0.1774368703,0.1303027303,0.1866983035,0.15711926,0,1,"S1|equal six ETFs, no cash,rebalance=year|no guard"
2014-09-08,0.1681219268,0.1812704318,0.1780530113,0.1285457849,0.1874146558,0.1565941894,0,1,"S1|equal six ETFs, no cash,rebalance=year|no guard"
2014-09-09,0.1677883706,0.1818051556,0.1779151688,0.1280127341,0.188095497,0.1563830739,0,1,"S1|equal six ETFs, no cash,rebalance=year|no guard"
2014-09-10,0.1672376714,0.1806189381,0.1783940565,0.1291516417,0.1882348699,0.1563628224,1.110223025e-16,1,"S1|equal six ETFs, no cash,rebalance=year|no guard"
2014-09-11,0.1663024695,0.1801827039,0.1783034658,0.127955338,0.1893915816,0.1578644412,1.110223025e-16,1,"S1|equal six ETFs, no cash,rebalance=year|no guard"
2014-09-12,0.1661710249,0.1805280225,0.1785935035,0.1272387043,0.1899350731,0.1575336717,0,1,"S1|equal six ETFs, no cash,rebalance=year|no guard"
2014-09-15,0.1657267518,0.1800916845,0.1783660176,0.1277765964,0.1913101276,0.1567288221,0,1,"S1|equal six ETFs, no cash,rebalance=year|no guard"
2014-09-16,0.1669662973,0.1774480444,0.1782678388,0.1302719745,0.187678935,0.1593669099,0,1,"S1|equal six ETFs, no cash,rebalance=year|no guard"
2014-09-17,0.1665720495,0.1788707579,0.1773363512,0.1289865376,0.1881938704,0.1600404334,0,1,"S1|equal six ETFs, no cash,rebalance=year|no guard"
2014-09-18,0.1677110995,0.1791549233,0.1782189586,0.1274335237,0.1895932162,0.1578882788,-2.220446049e-16,1,"S1|equal six ETFs, no cash,rebalance=year|no guard"
2014-09-19,0.1677055674,0.1802001685,0.1781216697,0.1269805056,0.1882427813,0.1587493076,-2.220446049e-16,1,"S1|equal six ETFs, no cash,rebalance=year|no guard"
2014-09-22,0.1685735556,0.1803388269,0.178558708,0.1263612395,0.1876937039,0.1584739661,0,1,"S1|equal six ETFs, no cash,rebalance=year|no guard"
2014-09-23,0.1682356916,0.1802941221,0.1777899085,0.1284324685,0.1863849484,0.158862861,0,1,"S1|equal six ETFs, no cash,rebalance=year|no guard"
2014-09-24,0.1688203252,0.1775842803,0.1774368089,0.1298796989,0.18632407,0.1599548167,0,1,"S1|equal six ETFs, no cash,rebalance=year|no guard"
2014-09-25,0.1689333848,0.177208954,0.1746233243,0.1307541724,0.1848887523,0.1635914122,0,1,"S1|equal six ETFs, no cash,rebalance=year|no guard"
2014-09-26,0.1690643578,0.1779741297,0.1776878266,0.1297885458,0.1855192093,0.1599659308,2.220446049e-16,1,"S1|equal six ETFs, no cash,rebalance=year|no guard"
2014-09-29,0.1681878961,0.1794489253,0.1751199417,0.1296869506,0.1866433803,0.1609129059,1.110223025e-16,1,"S1|equal six ETFs, no cash,rebalance=year|no guard"
2014-09-30,0.1684735778,0.1793154401,0.1738344306,0.1292627261,0.1872439427,0.1618698827,0,1,"S1|equal six ETFs, no cash,rebalance=year|no guard"
2014-10-01,0.1680679141,0.1798684206,0.1739627849,0.1291971309,0.1864234044,0.1624803451,0,1,"S1|equal six ETFs, no cash,rebalance=year|no guard"
2014-10-07,0.1672829108,0.1784613542,0.1758362415,0.1299428802,0.1861907368,0.1622858763,0,1,"S1|equal six ETFs, no cash,rebalance=year|no guard"
2014-10-08,0.1682415859,0.1784357973,0.1753338425,0.1318272321,0.1863171588,0.1598443834,0,1,"S1|equal six ETFs, no cash,rebalance=year|no guard"
2014-10-09,0.1674574513,0.1779779629,0.1771130899,0.1300461316,0.1866079497,0.1607974146,0,1,"S1|equal six ETFs, no cash,rebalance=year|no guard"
2014-10-10,0.1685326666,0.1767564237,0.1770511252,0.1317840013,0.1864821744,0.1593936088,-2.220446049e-16,1,"S1|equal six ETFs, no cash,rebalance=year|no guard"
2014-10-13,0.1683133045,0.1786132907,0.1790010641,0.1317220401,0.186684775,0.1556655257,0,1,"S1|equal six ETFs, no cash,rebalance=year|no guard"
2014-10-14,0.1685237303,0.1788505999,0.1798229409,0.1324648619,0.18715833,0.153179537,0,1,"S1|equal six ETFs, no cash,rebalance=year|no guard"
2014-10-16,0.1681769158,0.1773886142,0.1791728712,0.1361082191,0.1843906592,0.1547627205,-2.220446049e-16,1,"S1|equal six ETFs, no cash,rebalance=year|no guard"
2014-10-17,0.1673575872,0.1774239928,0.1830569484,0.1337426392,0.1845568105,0.1538620219,0,1,"S1|equal six ETFs, no cash,rebalance=year|no guard"
2014-10-20,0.1679668747,0.177511379,0.183604182,0.132182512,0.1853519097,0.1533831425,0,1,"S1|equal six ETFs, no cash,rebalance=year|no guard"
2014-10-21,0.166512015,0.1788604774,0.1835244078,0.1333657926,0.1844024035,0.1533349037,0,1,"S1|equal six ETFs, no cash,rebalance=year|no guard"
2014-10-22,0.1664287856,0.1786221469,0.1827950999,0.130660674,0.1851739368,0.1563193568,2.220446049e-16,1,"S1|equal six ETFs, no cash,rebalance=year|no guard"
2014-10-23,0.1669450713,0.1785121617,0.1830808964,0.130456073,0.1849095932,0.1560962044,0,1,"S1|equal six ETFs, no cash,rebalance=year|no guard"
2014-10-27,0.1660298292,0.1776624663,0.1843977933,0.1283966742,0.1851760587,0.1583371783,0,1,"S1|equal six ETFs, no cash,rebalance=year|no guard"
2014-10-28,0.1661381132,0.1777414078,0.1845232668,0.1279341408,0.1855368239,0.1581262474,1.110223025e-16,1,"S1|equal six ETFs, no cash,rebalance=year|no guard"
2014-10-29,0.1663641383,0.1778496345,0.1836179941,0.1270703667,0.1854198524,0.1596780139,1.110223025e-16,1,"S1|equal six ETFs, no cash,rebalance=year|no guard"
2014-10-30,0.168354293,0.1778643645,0.1836469435,0.1255739894,0.1859717384,0.1585886712,0,1,"S1|equal six ETFs, no cash,rebalance=year|no guard"
2014-10-31,0.1684670282,0.1811916026,0.1852557488,0.1218881148,0.1861751513,0.1570223542,0,1,"S1|equal six ETFs, no cash,rebalance=year|no guard"
2014-11-03,0.1676371144,0.1796267963,0.1873262211,0.1210743402,0.1865542658,0.1577812622,-2.220446049e-16,1,"S1|equal six ETFs, no cash,rebalance=year|no guard"
2014-11-05,0.1680455954,0.1789787522,0.1875348541,0.1201430758,0.1871886981,0.1581090244,-2.220446049e-16,1,"S1|equal six ETFs, no cash,rebalance=year|no guard"
2014-11-07,0.1685005287,0.1788896814,0.1867586519,0.1194644798,0.1876688187,0.1587178395,0,1,"S1|equal six ETFs, no cash,rebalance=year|no guard"
2014-11-10,0.1679210249,0.1796666879,0.1857165701,0.120387957,0.1874547535,0.1588530065,2.220446049e-16,1,"S1|equal six ETFs, no cash,rebalance=year|no guard"
2014-11-11,0.1677352047,0.180436517,0.1870321434,0.118369821,0.1880282595,0.1583980544,0,1,"S1|equal six ETFs, no cash,rebalance=year|no guard"
2014-11-12,0.1671132376,0.1812590893,0.1872261955,0.1182334958,0.1881260723,0.1580419094,0,1,"S1|equal six ETFs, no cash,rebalance=year|no guard"
2014-11-13,0.1668495704,0.1830630869,0.1859531928,0.1184590537,0.1872012841,0.1584738122,1.110223025e-16,1,"S1|equal six ETFs, no cash,rebalance=year|no guard"
2014-11-14,0.1666639267,0.1820056973,0.1873513385,0.117655586,0.1878972543,0.1584261971,2.220446049e-16,1,"S1|equal six ETFs, no cash,rebalance=year|no guard"
2014-11-17,0.1662832638,0.1824128101,0.1864390363,0.1188517603,0.1877473327,0.1582657969,-2.220446049e-16,1,"S1|equal six ETFs, no cash,rebalance=year|no guard"
2014-11-18,0.1654537386,0.1839191415,0.1861158322,0.1189368289,0.188294175,0.1572802837,0,1,"S1|equal six ETFs, no cash,rebalance=year|no guard"
2014-11-19,0.1653153525,0.181091092,0.1863510632,0.1199975541,0.1879477311,0.1592972071,0,1,"S1|equal six ETFs, no cash,rebalance=year|no guard"
2014-11-20,0.1655245671,0.1816525122,0.1867199278,0.1193584304,0.1877350187,0.1590095438,0,1,"S1|equal six ETFs, no cash,rebalance=year|no guard"
2014-11-21,0.165696142,0.1808204903,0.190576382,0.1181261312,0.1862938875,0.1584869671,0,1,"S1|equal six ETFs, no cash,rebalance=year|no guard"
2014-11-24,0.1660753521,0.1803943096,0.1919898014,0.1177789772,0.1860965763,0.1576649833,0,1,"S1|equal six ETFs, no cash,rebalance=year|no guard"
2014-11-25,0.1664312433,0.1787448289,0.1900361098,0.1193949129,0.1848728596,0.1605200455,0,1,"S1|equal six ETFs, no cash,rebalance=year|no guard"
2014-11-26,0.166225976,0.179993534,0.1889954447,0.119753799,0.1850878975,0.1599433488,0,1,"S1|equal six ETFs, no cash,rebalance=year|no guard"
2014-11-27,0.1667185943,0.1807632572,0.1880215987,0.1183911644,0.1855744434,0.1605309419,1.110223025e-16,1,"S1|equal six ETFs, no cash,rebalance=year|no guard"
2014-11-28,0.1664142424,0.1790867456,0.1919841323,0.1172658685,0.1860558372,0.1591931741,0,1,"S1|equal six ETFs, no cash,rebalance=year|no guard"
2014-12-01,0.1658285487,0.1792716907,0.1931814406,0.1150565671,0.186004869,0.1606568839,-2.220446049e-16,1,"S1|equal six ETFs, no cash,rebalance=year|no guard"
2014-12-02,0.1650254979,0.1814635557,0.191935692,0.1160631538,0.1872257276,0.1582863731,2.220446049e-16,1,"S1|equal six ETFs, no cash,rebalance=year|no guard"
2014-12-03,0.1641777489,0.1813344823,0.1919943004,0.1162717857,0.1887649164,0.1574567664,2.220446049e-16,1,"S1|equal six ETFs, no cash,rebalance=year|no guard"
2014-12-04,0.1641503538,0.1815845816,0.1927982774,0.1155424578,0.1888901898,0.1570341397,0,1,"S1|equal six ETFs, no cash,rebalance=year|no guard"
2014-12-05,0.1643454672,0.1814856598,0.1932092243,0.115295427,0.1882334792,0.1574307424,0,1,"S1|equal six ETFs, no cash,rebalance=year|no guard"
2014-12-08,0.1638980761,0.1794134244,0.1927802173,0.1167521979,0.1882570687,0.1588990157,0,1,"S1|equal six ETFs, no cash,rebalance=year|no guard"
2014-12-09,0.163908881,0.1788125061,0.1920042075,0.1184268335,0.1872863478,0.1595612241,0,1,"S1|equal six ETFs, no cash,rebalance=year|no guard"
2014-12-10,0.1624800753,0.1802439309,0.1921473719,0.1195220683,0.187035943,0.1585706106,0,1,"S1|equal six ETFs, no cash,rebalance=year|no guard"
2014-12-11,0.1629236224,0.1802114483,0.192215889,0.1197425294,0.1871264498,0.1577800611,0,1,"S1|equal six ETFs, no cash,rebalance=year|no guard"
2014-12-12,0.1620962755,0.1789105574,0.1921102161,0.1211239682,0.185746592,0.1600123908,0,1,"S1|equal six ETFs, no cash,rebalance=year|no guard"
2014-12-15,0.1621628879,0.1781654814,0.1948505003,0.1211401206,0.1852476242,0.1584333855,1.110223025e-16,1,"S1|equal six ETFs, no cash,rebalance=year|no guard"
2014-12-16,0.1624792298,0.1776130877,0.1920384916,0.12298797,0.1836617224,0.1612194984,2.220446049e-16,1,"S1|equal six ETFs, no cash,rebalance=year|no guard"
2014-12-17,0.1619376799,0.1779986697,0.1926597015,0.1233000533,0.183443279,0.1606606167,0,1,"S1|equal six ETFs, no cash,rebalance=year|no guard"
2014-12-18,0.1608865382,0.1793399852,0.1935817082,0.1204398948,0.1852111321,0.1605407415,-2.220446049e-16,1,"S1|equal six ETFs, no cash,rebalance=year|no guard"
2014-12-19,0.1615381867,0.1779529916,0.1933802178,0.1195513081,0.1852309608,0.162346335,0,1,"S1|equal six ETFs, no cash,rebalance=year|no guard"
2014-12-22,0.1619407256,0.1782373952,0.1940817531,0.1190686438,0.1849506873,0.161720795,0,1,"S1|equal six ETFs, no cash,rebalance=year|no guard"
2014-12-23,0.1613320381,0.1776552379,0.1945192676,0.1184238347,0.185026657,0.1630429648,0,1,"S1|equal six ETFs, no cash,rebalance=year|no guard"
2014-12-24,0.1605083229,0.1782544626,0.1955297235,0.1180264044,0.1851172587,0.1625638279,1.110223025e-16,1,"S1|equal six ETFs, no cash,rebalance=year|no guard"
2014-12-26,0.1596486771,0.1780754729,0.1941217636,0.1189873486,0.185971341,0.1631953968,0,1,"S1|equal six ETFs, no cash,rebalance=year|no guard"
2014-12-29,0.1600288484,0.1779157241,0.1929004152,0.1188364728,0.1866053319,0.1637132076,-2.220446049e-16,1,"S1|equal six ETFs, no cash,rebalance=year|no guard"
2014-12-30,0.1595972898,0.1779305963,0.1938266481,0.1180205251,0.1871033529,0.1635215878,0,1,"S1|equal six ETFs, no cash,rebalance=year|no guard"
2014-12-31,0.159974834,0.1788568696,0.1941663733,0.1178490371,0.1881529627,0.1609999233,0,1,"S1|equal six ETFs, no cash,rebalance=year|no guard"
2015-01-01,0.1598992527,0.18134346,0.193934065,0.1175087572,0.1887137638,0.1586007013,0,1,"S1|equal six ETFs, no cash,rebalance=year|no guard"
2015-01-02,0.1603671005,0.1813125924,0.1954165667,0.116356046,0.1884600515,0.1580876428,0,1,"S1|equal six ETFs, no cash,rebalance=year|no guard"
2015-01-05,0.1598687006,0.1819354484,0.195076285,0.1170095007,0.1885148624,0.157595203,0,1,"S1|equal six ETFs, no cash,rebalance=year|no guard"
2015-01-06,0.1592444613,0.1812288576,0.193104919,0.1210669334,0.1867415817,0.1586132471,1.110223025e-16,1,"S1|equal six ETFs, no cash,rebalance=year|no guard"
2015-01-07,0.1593549093,0.1798001249,0.1925517494,0.12194113,0.1883079515,0.158044135,-2.220446049e-16,1,"S1|equal six ETFs, no cash,rebalance=year|no guard"
2015-01-08,0.1599286289,0.1800779509,0.1941962527,0.1190379323,0.189535858,0.1572233772,1.110223025e-16,1,"S1|equal six ETFs, no cash,rebalance=year|no guard"
2015-01-09,0.160763229,0.1788716539,0.1932893156,0.1184319456,0.1896508417,0.1589930143,0,1,"S1|equal six ETFs, no cash,rebalance=year|no guard"
2015-01-12,0.1609501876,0.1797300594,0.1943729069,0.118935547,0.1895935946,0.1564177046,0,1,"S1|equal six ETFs, no cash,rebalance=year|no guard"
2015-01-13,0.1604799941,0.1812378394,0.1934304047,0.1201956742,0.190020055,0.1546360326,-2.220446049e-16,1,"S1|equal six ETFs, no cash,rebalance=year|no guard"
2015-01-14,0.1608096993,0.1807772242,0.1934234863,0.1198988956,0.1902237861,0.1548669085,0,1,"S1|equal six ETFs, no cash,rebalance=year|no guard"
2015-01-15,0.162030191,0.1822477319,0.1967975412,0.1175622768,0.1896480407,0.1517142184,1.110223025e-16,1,"S1|equal six ETFs, no cash,rebalance=year|no guard"
2015-01-16,0.1626369795,0.1816482253,0.196093868,0.1199237658,0.1904970996,0.1492000618,1.110223025e-16,1,"S1|equal six ETFs, no cash,rebalance=year|no guard"
2015-01-19,0.1620781771,0.1805442088,0.1969850738,0.1204146038,0.1901078683,0.1498700683,0,1,"S1|equal six ETFs, no cash,rebalance=year|no guard"
2015-01-20,0.1634313812,0.179936094,0.1984447419,0.1206948128,0.1892761216,0.1482168485,0,1,"S1|equal six ETFs, no cash,rebalance=year|no guard"
2015-01-21,0.1633996851,0.1791691306,0.1997482422,0.1206276362,0.1884724034,0.1485829025,-2.220446049e-16,1,"S1|equal six ETFs, no cash,rebalance=year|no guard"
2015-01-22,0.1638638308,0.1792071348,0.1995041611,0.1195748821,0.188794261,0.1490557301,-2.220446049e-16,1,"S1|equal six ETFs, no cash,rebalance=year|no guard"
2015-01-23,0.1638931574,0.1798381951,0.1992743643,0.1187411695,0.1876807163,0.1505723974,1.110223025e-16,1,"S1|equal six ETFs, no cash,rebalance=year|no guard"
2015-01-27,0.1642285243,0.1786437091,0.2023434029,0.117179963,0.1882239346,0.149380466,0,1,"S1|equal six ETFs, no cash,rebalance=year|no guard"
2015-01-28,0.1641574785,0.1811673804,0.2021465938,0.1177602182,0.1893793346,0.1453889944,1.110223025e-16,1,"S1|equal six ETFs, no cash,rebalance=year|no guard"
2015-01-29,0.1652356558,0.1810265188,0.2025920783,0.117207004,0.18920895,0.1447297931,0,1,"S1|equal six ETFs, no cash,rebalance=year|no guard"
2015-01-30,0.1644646595,0.1817767794,0.1980316806,0.1188515055,0.189052249,0.1478231261,1.110223025e-16,1,"S1|equal six ETFs, no cash,rebalance=year|no guard"
2015-02-02,0.1637528276,0.1813526871,0.1998653749,0.1183145031,0.1900859984,0.1466286089,1.110223025e-16,1,"S1|equal six ETFs, no cash,rebalance=year|no guard"
2015-02-03,0.1641662212,0.1825445615,0.1948125534,0.1192013155,0.1901758747,0.1490994737,0,1,"S1|equal six ETFs, no cash,rebalance=year|no guard"
2015-02-04,0.1644086152,0.182172064,0.1935879931,0.118495906,0.1903761761,0.1509592455,0,1,"S1|equal six ETFs, no cash,rebalance=year|no guard"
2015-02-05,0.1650085082,0.1820431443,0.1931781013,0.1195662566,0.1885515686,0.1516524211,0,1,"S1|equal six ETFs, no cash,rebalance=year|no guard"
2015-02-06,0.1652217146,0.1822437896,0.1914218837,0.120060301,0.1875539552,0.153498356,0,1,"S1|equal six ETFs, no cash,rebalance=year|no guard"
2015-02-09,0.1651680409,0.181839076,0.1907534532,0.1199477908,0.1874039612,0.1548876778,0,1,"S1|equal six ETFs, no cash,rebalance=year|no guard"
2015-02-10,0.1640759604,0.1842136671,0.1920725983,0.1187880898,0.1868160872,0.1540335971,0,1,"S1|equal six ETFs, no cash,rebalance=year|no guard"
2015-02-11,0.1641499909,0.1824870727,0.1921703188,0.1177772843,0.1884596858,0.1549556474,0,1,"S1|equal six ETFs, no cash,rebalance=year|no guard"
2015-02-12,0.1643040571,0.1821158638,0.1931005831,0.1161145002,0.1895295997,0.1548353962,-2.220446049e-16,1,"S1|equal six ETFs, no cash,rebalance=year|no guard"
2015-02-13,0.1641667999,0.181975833,0.1938465887,0.1155087177,0.1892245512,0.1552775096,0,1,"S1|equal six ETFs, no cash,rebalance=year|no guard"
2015-02-16,0.1647825409,0.1823607335,0.1923080013,0.1156982059,0.1887167424,0.156133776,2.220446049e-16,1,"S1|equal six ETFs, no cash,rebalance=year|no guard"
2015-02-18,0.165286591,0.1813665138,0.1927580326,0.1144541587,0.1900147671,0.1561199369,2.220446049e-16,1,"S1|equal six ETFs, no cash,rebalance=year|no guard"
2015-02-19,0.1651439198,0.1814770034,0.1905533599,0.1145082986,0.1910842523,0.1572331659,1.110223025e-16,1,"S1|equal six ETFs, no cash,rebalance=year|no guard"
2015-02-20,0.1640520153,0.1825073362,0.1900527806,0.1144338105,0.1910116754,0.1579423821,0,1,"S1|equal six ETFs, no cash,rebalance=year|no guard"
2015-02-23,0.1627074523,0.1836573929,0.1894316901,0.1144491231,0.19012258,0.1596317616,0,1,"S1|equal six ETFs, no cash,rebalance=year|no guard"
2015-02-24,0.1639587759,0.1821100928,0.1895990541,0.1137518581,0.1900543001,0.160525919,1.110223025e-16,1,"S1|equal six ETFs, no cash,rebalance=year|no guard"
2015-02-25,0.1637029833,0.1836038495,0.1880784805,0.114183147,0.1898958284,0.1605357113,0,1,"S1|equal six ETFs, no cash,rebalance=year|no guard"
2015-02-26,0.1641045276,0.1832645015,0.1877339922,0.1149656965,0.1891776669,0.1607536153,-2.220446049e-16,1,"S1|equal six ETFs, no cash,rebalance=year|no guard"
2015-02-27,0.164451746,0.1840046248,0.1898269844,0.1130304645,0.1901134983,0.1585726819,0,1,"S1|equal six ETFs, no cash,rebalance=year|no guard"
2015-02-28,0.164333406,0.1822632039,0.1946896905,0.1124171024,0.1888106306,0.1574859667,0,1,"S1|equal six ETFs, no cash,rebalance=year|no guard"
2015-03-02,0.1629670788,0.1825151897,0.1959732855,0.112535695,0.1902934504,0.1557153006,0,1,"S1|equal six ETFs, no cash,rebalance=year|no guard"
2015-03-03,0.1636565566,0.1829918733,0.1945879016,0.1112180419,0.1909389927,0.1566066338,0,1,"S1|equal six ETFs, no cash,rebalance=year|no guard"
2015-03-04,0.1632428232,0.1839423064,0.1930701082,0.1122231299,0.1902353419,0.1572862904,0,1,"S1|equal six ETFs, no cash,rebalance=year|no guard"
2015-03-05,0.1632772912,0.1833180415,0.1934985837,0.1123072063,0.1907574785,0.1568413988,0,1,"S1|equal six ETFs, no cash,rebalance=year|no guard"
2015-03-09,0.1626102792,0.1845912627,0.1908530318,0.1130887369,0.1913063355,0.1575503539,0,1,"S1|equal six ETFs, no cash,rebalance=year|no guard"
2015-03-10,0.1622743691,0.1854075553,0.1895918534,0.1121962614,0.1914668632,0.1590630976,0,1,"S1|equal six ETFs, no cash,rebalance=year|no guard"
2015-03-11,0.1631138687,0.1848909256,0.1908631071,0.1121906312,0.1916835669,0.1572579004,0,1,"S1|equal six ETFs, no cash,rebalance=year|no guard"
2015-03-12,0.163017425,0.1861036971,0.1906329399,0.1112290207,0.1934365535,0.1555803638,0,1,"S1|equal six ETFs, no cash,rebalance=year|no guard"
2015-03-13,0.1620714676,0.1870403637,0.1887728002,0.1120079233,0.1926144535,0.1574929917,2.220446049e-16,1,"S1|equal six ETFs, no cash,rebalance=year|no guard"
2015-03-16,0.1624997061,0.1847172339,0.1899301869,0.1123210658,0.1923289135,0.1582028937,0,1,"S1|equal six ETFs, no cash,rebalance=year|no guard"
2015-03-17,0.162235232,0.1857795467,0.1905052443,0.1107417207,0.1924147898,0.1583234665,0,1,"S1|equal six ETFs, no cash,rebalance=year|no guard"
2015-03-18,0.1611739455,0.1884148246,0.1900864627,0.1101781924,0.1922804247,0.15786615,0,1,"S1|equal six ETFs, no cash,rebalance=year|no guard"
2015-03-19,0.160759281,0.1867701338,0.1886581128,0.1109224861,0.1925421227,0.1603478636,0,1,"S1|equal six ETFs, no cash,rebalance=year|no guard"
2015-03-20,0.1615469749,0.1869238204,0.1876575537,0.1117890981,0.1909667591,0.1611157938,0,1,"S1|equal six ETFs, no cash,rebalance=year|no guard"
2015-03-23,0.1618814586,0.1851605,0.1864654539,0.1128709159,0.1905263812,0.1630952903,0,1,"S1|equal six ETFs, no cash,rebalance=year|no guard"
2015-03-24,0.1623743339,0.1849849695,0.1861987071,0.1137552778,0.1902954633,0.1623912485,0,1,"S1|equal six ETFs, no cash,rebalance=year|no guard"
2015-03-25,0.1623437658,0.1843529549,0.1863116545,0.1138854611,0.1909314603,0.1621747035,1.110223025e-16,1,"S1|equal six ETFs, no cash,rebalance=year|no guard"
2015-03-26,0.1607541795,0.1868899341,0.1842070327,0.1173631706,0.1907676254,0.1600180577,1.110223025e-16,1,"S1|equal six ETFs, no cash,rebalance=year|no guard"
2015-03-27,0.16073114,0.1849643482,0.1858559614,0.116158206,0.1912455107,0.1610448338,0,1,"S1|equal six ETFs, no cash,rebalance=year|no guard"
2015-03-30,0.1614173497,0.1853336446,0.1864626958,0.1147496709,0.1924480082,0.1595886309,1.110223025e-16,1,"S1|equal six ETFs, no cash,rebalance=year|no guard"
2015-03-31,0.1613361414,0.1850034412,0.1844097028,0.1140737473,0.1931999866,0.1619769808,0,1,"S1|equal six ETFs, no cash,rebalance=year|no guard"
2015-04-01,0.1666666667,0.1666666667,0.1666666667,0.1666666667,0.1666666667,0.1666666667,0,1,"S1|equal six ETFs, no cash,rebalance=year|no guard"
2015-04-06,0.1667396952,0.1677563359,0.1651345322,0.1688100905,0.166876551,0.1646827951,1.110223025e-16,1,"S1|equal six ETFs, no cash,rebalance=year|no guard"
2015-04-07,0.1661793227,0.1703522386,0.1635875921,0.1675387768,0.1677187389,0.164623331,0,1,"S1|equal six ETFs, no cash,rebalance=year|no guard"
2015-04-08,0.1670918831,0.1689445687,0.1630074824,0.1675779037,0.1689411701,0.1644369921,2.220446049e-16,1,"S1|equal six ETFs, no cash,rebalance=year|no guard"
2015-04-09,0.1666055447,0.1726969615,0.1651758751,0.1636780362,0.1678028377,0.1640407447,-2.220446049e-16,1,"S1|equal six ETFs, no cash,rebalance=year|no guard"
2015-04-10,0.1666745168,0.170355056,0.1647932867,0.164406594,0.1688223479,0.1649481986,0,1,"S1|equal six ETFs, no cash,rebalance=year|no guard"
2015-04-13,0.1666979314,0.1716123948,0.1641834768,0.1638394604,0.1685895972,0.1650771395,0,1,"S1|equal six ETFs, no cash,rebalance=year|no guard"
2015-04-15,0.1663957886,0.1717652729,0.1643502283,0.1635819737,0.1682829984,0.1656237382,0,1,"S1|equal six ETFs, no cash,rebalance=year|no guard"
2015-04-16,0.1660583076,0.1695062175,0.1648054573,0.1654514631,0.1675223391,0.1666562152,0,1,"S1|equal six ETFs, no cash,rebalance=year|no guard"
2015-04-17,0.1665871184,0.16730325,0.1635404772,0.1675789937,0.1668353815,0.1681547793,2.220446049e-16,1,"S1|equal six ETFs, no cash,rebalance=year|no guard"
2015-04-20,0.1652229265,0.1680221753,0.1632766846,0.1708703802,0.1648151682,0.1677926653,0,1,"S1|equal six ETFs, no cash,rebalance=year|no guard"
2015-04-21,0.1636498556,0.1665152801,0.1632200842,0.1718384668,0.1632990433,0.1714772701,-2.220446049e-16,1,"S1|equal six ETFs, no cash,rebalance=year|no guard"
2015-04-22,0.1640146841,0.1677585417,0.1636201091,0.1699329646,0.1631614759,0.1715122246,1.110223025e-16,1,"S1|equal six ETFs, no cash,rebalance=year|no guard"
2015-04-23,0.1631252074,0.1689004463,0.1634291378,0.1688589682,0.163284226,0.1724020142,2.220446049e-16,1,"S1|equal six ETFs, no cash,rebalance=year|no guard"
2015-04-24,0.162510551,0.1663837068,0.1627289712,0.1711789633,0.1615388307,0.175658977,2.220446049e-16,1,"S1|equal six ETFs, no cash,rebalance=year|no guard"
2015-04-27,0.1622828772,0.16480182,0.1618741438,0.1716724818,0.1592199761,0.1801487011,0,1,"S1|equal six ETFs, no cash,rebalance=year|no guard"
2015-04-28,0.1620182812,0.1644606704,0.1644472981,0.1711578027,0.1602443752,0.1776715725,1.110223025e-16,1,"S1|equal six ETFs, no cash,rebalance=year|no guard"
2015-04-29,0.1610811532,0.1640787759,0.1649366297,0.1720511209,0.1613043997,0.1765479204,0,1,"S1|equal six ETFs, no cash,rebalance=year|no guard"
2015-04-30,0.1600970244,0.1647086242,0.1658111375,0.1723700673,0.1614475917,0.175565555,1.110223025e-16,1,"S1|equal six ETFs, no cash,rebalance=year|no guard"
2015-05-04,0.1615398168,0.1655364502,0.1656990094,0.1691361238,0.1637168427,0.1743717571,0,1,"S1|equal six ETFs, no cash,rebalance=year|no guard"
2015-05-05,0.1614746392,0.1658855196,0.1650417412,0.1687439106,0.1644164214,0.1744377681,0,1,"S1|equal six ETFs, no cash,rebalance=year|no guard"
2015-05-06,0.1601757563,0.1667788479,0.163033244,0.1730029577,0.1619329077,0.1750762864,0,1,"S1|equal six ETFs, no cash,rebalance=year|no guard"
2015-05-07,0.162335003,0.1633902802,0.1607285908,0.1759311113,0.1610597837,0.176555231,0,1,"S1|equal six ETFs, no cash,rebalance=year|no guard"
2015-05-08,0.1622598266,0.1632916676,0.1618277234,0.1735347785,0.1618514379,0.177234566,0,1,"S1|equal six ETFs, no cash,rebalance=year|no guard"
2015-05-11,0.1622896877,0.1649119666,0.1633832326,0.1707532065,0.1624716029,0.1761903036,0,1,"S1|equal six ETFs, no cash,rebalance=year|no guard"
2015-05-12,0.1613969373,0.1653403625,0.160708065,0.1735233741,0.1617545247,0.1772767364,0,1,"S1|equal six ETFs, no cash,rebalance=year|no guard"
2015-05-13,0.1609097679,0.1668677345,0.1627126412,0.1722125018,0.1621215592,0.1751757955,-2.220446049e-16,1,"S1|equal six ETFs, no cash,rebalance=year|no guard"
2015-05-14,0.1602420697,0.1663026491,0.1620400168,0.1736919843,0.1636403295,0.1740829507,0,1,"S1|equal six ETFs, no cash,rebalance=year|no guard"
2015-05-15,0.1605799681,0.1664079861,0.1622820761,0.1722541373,0.1634025806,0.1750732518,0,1,"S1|equal six ETFs, no cash,rebalance=year|no guard"
2015-05-18,0.1608292361,0.1668715792,0.1627433367,0.1726884928,0.1634337551,0.1734336001,1.110223025e-16,1,"S1|equal six ETFs, no cash,rebalance=year|no guard"
2015-05-19,0.1604765297,0.1671676568,0.1625326446,0.1715218472,0.1634960307,0.1748052911,0,1,"S1|equal six ETFs, no cash,rebalance=year|no guard"
2015-05-20,0.1612784502,0.1674551003,0.1636858008,0.1702502491,0.1632343031,0.1740960964,-2.220446049e-16,1,"S1|equal six ETFs, no cash,rebalance=year|no guard"
2015-05-21,0.1613323253,0.167387265,0.1636275232,0.1702646408,0.1628822872,0.1745059586,1.110223025e-16,1,"S1|equal six ETFs, no cash,rebalance=year|no guard"
2015-05-22,0.1619891983,0.1677497536,0.1625052936,0.1692579388,0.1634918041,0.1750060117,0,1,"S1|equal six ETFs, no cash,rebalance=year|no guard"
2015-05-25,0.1609798525,0.1681783343,0.1624702027,0.1693982366,0.1639369177,0.1750364562,0,1,"S1|equal six ETFs, no cash,rebalance=year|no guard"
2015-05-26,0.1609143417,0.1669001386,0.1627753741,0.1694259976,0.164373962,0.175610186,0,1,"S1|equal six ETFs, no cash,rebalance=year|no guard"
2015-05-27,0.1602492796,0.1676476824,0.1644224794,0.1688464675,0.1643331763,0.1745009147,-2.220446049e-16,1,"S1|equal six ETFs, no cash,rebalance=year|no guard"
2015-05-28,0.1601905872,0.1654365353,0.1649697583,0.1684824355,0.1635432819,0.1773774017,0,1,"S1|equal six ETFs, no cash,rebalance=year|no guard"
2015-05-29,0.1615175342,0.1661250106,0.1652900223,0.1673702154,0.1643453012,0.1753519162,0,1,"S1|equal six ETFs, no cash,rebalance=year|no guard"
2015-06-01,0.1620794705,0.166622015,0.1647386974,0.1671255166,0.1646779053,0.1747563952,0,1,"S1|equal six ETFs, no cash,rebalance=year|no guard"
2015-06-02,0.1618897736,0.1660014151,0.1618200038,0.1702811168,0.1629975921,0.1770100986,0,1,"S1|equal six ETFs, no cash,rebalance=year|no guard"
2015-06-03,0.1605082623,0.1652128526,0.1607980747,0.1721569848,0.1624161697,0.178907656,0,1,"S1|equal six ETFs, no cash,rebalance=year|no guard"
2015-06-04,0.1604774441,0.165897661,0.1605167897,0.1715776314,0.1621987733,0.1793317005,0,1,"S1|equal six ETFs, no cash,rebalance=year|no guard"
2015-06-05,0.1607084322,0.1666847049,0.1594378672,0.1710615227,0.1631564062,0.1789510668,1.110223025e-16,1,"S1|equal six ETFs, no cash,rebalance=year|no guard"
2015-06-08,0.1608451172,0.1650362756,0.160091334,0.1727099378,0.1619108554,0.1794064801,1.110223025e-16,1,"S1|equal six ETFs, no cash,rebalance=year|no guard"
2015-06-09,0.160189904,0.1662173458,0.1615396558,0.1725500632,0.1611996702,0.1783033609,0,1,"S1|equal six ETFs, no cash,rebalance=year|no guard"
2015-06-10,0.1606365526,0.1661363076,0.1627253271,0.1718426591,0.1620195712,0.1766395825,0,1,"S1|equal six ETFs, no cash,rebalance=year|no guard"
2015-06-11,0.1597240671,0.1665115609,0.160489097,0.1718851261,0.1608861115,0.1805040374,1.110223025e-16,1,"S1|equal six ETFs, no cash,rebalance=year|no guard"
2015-06-12,0.1595389996,0.1656951689,0.1611590574,0.1725576501,0.1605378114,0.1805113125,0,1,"S1|equal six ETFs, no cash,rebalance=year|no guard"
2015-06-15,0.1605831376,0.1653845397,0.1608015729,0.1725446889,0.1610359228,0.179650138,0,1,"S1|equal six ETFs, no cash,rebalance=year|no guard"
2015-06-16,0.1605776255,0.165335217,0.1619028591,0.1725776868,0.1611636587,0.1784429529,-2.220446049e-16,1,"S1|equal six ETFs, no cash,rebalance=year|no guard"
2015-06-17,0.1602978957,0.166214679,0.1609956583,0.1712239558,0.162652193,0.1786156183,0,1,"S1|equal six ETFs, no cash,rebalance=year|no guard"
2015-06-18,0.1608089529,0.1664309092,0.1612024675,0.1711621137,0.1627889905,0.1776065662,0,1,"S1|equal six ETFs, no cash,rebalance=year|no guard"
2015-06-19,0.1610234756,0.1666497731,0.1613288274,0.1700193202,0.1629626769,0.1780159269,0,1,"S1|equal six ETFs, no cash,rebalance=year|no guard"
2015-06-22,0.1619620225,0.1667305999,0.1638437218,0.167887167,0.164208403,0.1753680857,0,1,"S1|equal six ETFs, no cash,rebalance=year|no guard"
2015-06-23,0.1622125306,0.1667758921,0.1641053932,0.1662456623,0.164453038,0.1762074837,0,1,"S1|equal six ETFs, no cash,rebalance=year|no guard"
2015-06-24,0.1621388514,0.1673892503,0.1645377042,0.1658506953,0.1631914156,0.1768920832,0,1,"S1|equal six ETFs, no cash,rebalance=year|no guard"
2015-06-25,0.1622595903,0.167927384,0.1646445959,0.1659465752,0.1638158583,0.1754059964,0,1,"S1|equal six ETFs, no cash,rebalance=year|no guard"
2015-06-26,0.1627375232,0.1670593017,0.1645154043,0.1660682091,0.1643054857,0.175314076,0,1,"S1|equal six ETFs, no cash,rebalance=year|no guard"
2015-06-29,0.1622226573,0.1672799059,0.1638999336,0.1680364605,0.1630028379,0.1755582048,-2.220446049e-16,1,"S1|equal six ETFs, no cash,rebalance=year|no guard"
2015-06-30,0.1634330075,0.1674679903,0.1652281293,0.1671343114,0.1647143092,0.1720222523,0,1,"S1|equal six ETFs, no cash,rebalance=year|no guard"
2015-07-01,0.1634646585,0.1699110189,0.1653172121,0.1653659645,0.1655447345,0.1703964115,0,1,"S1|equal six ETFs, no cash,rebalance=year|no guard"
2015-07-02,0.1625398641,0.1708681938,0.1655568993,0.16375273,0.1663568602,0.1709254525,0,1,"S1|equal six ETFs, no cash,rebalance=year|no guard"
2015-07-03,0.1634089531,0.1691192989,0.1665648513,0.1635308239,0.166255949,0.1711201238,-2.220446049e-16,1,"S1|equal six ETFs, no cash,rebalance=year|no guard"
2015-07-06,0.1634280428,0.1700246989,0.1675072358,0.1623019769,0.1668770019,0.1698610436,0,1,"S1|equal six ETFs, no cash,rebalance=year|no guard"
2015-07-07,0.1629882562,0.1705699698,0.1667848355,0.1627957005,0.1676265732,0.1692346647,0,1,"S1|equal six ETFs, no cash,rebalance=year|no guard"
2015-07-08,0.1619636275,0.1705978554,0.1656747568,0.1638895858,0.1668543655,0.171019809,-2.220446049e-16,1,"S1|equal six ETFs, no cash,rebalance=year|no guard"
2015-07-09,0.161816595,0.1712352593,0.1661607605,0.1652951405,0.1666742522,0.1688179924,1.110223025e-16,1,"S1|equal six ETFs, no cash,rebalance=year|no guard"
2015-07-10,0.1623640555,0.1712270531,0.1675105065,0.1641604418,0.1665933949,0.1681445483,2.220446049e-16,1,"S1|equal six ETFs, no cash,rebalance=year|no guard"
2015-07-13,0.1627188803,0.1708203019,0.1680979597,0.1617800168,0.1673342861,0.1692485551,0,1,"S1|equal six ETFs, no cash,rebalance=year|no guard"
2015-07-14,0.1619923578,0.1706927105,0.1671826633,0.1609385814,0.1672789933,0.1719146937,-2.220446049e-16,1,"S1|equal six ETFs, no cash,rebalance=year|no guard"
2015-07-15,0.1629120026,0.1700143339,0.1668060063,0.1606072409,0.1673914099,0.1722690065,0,1,"S1|equal six ETFs, no cash,rebalance=year|no guard"
2015-07-16,0.1628397516,0.1706929713,0.1688985793,0.1582414696,0.1681538658,0.1711733625,2.220446049e-16,1,"S1|equal six ETFs, no cash,rebalance=year|no guard"
2015-07-17,0.1630349438,0.1712367053,0.1673778425,0.1573368758,0.1678885388,0.1731250938,0,1,"S1|equal six ETFs, no cash,rebalance=year|no guard"
2015-07-20,0.1628854494,0.1715673178,0.1661707226,0.1555365041,0.1683493127,0.1754906933,0,1,"S1|equal six ETFs, no cash,rebalance=year|no guard"
2015-07-21,0.1624083399,0.1706878966,0.1648894404,0.1571179049,0.1667925364,0.1781038818,0,1,"S1|equal six ETFs, no cash,rebalance=year|no guard"
2015-07-22,0.1637061152,0.171018111,0.1667686786,0.1532066767,0.1681238216,0.1771765969,2.220446049e-16,1,"S1|equal six ETFs, no cash,rebalance=year|no guard"
2015-07-23,0.1633760248,0.172056937,0.165938374,0.1540799572,0.1688188734,0.1757298336,0,1,"S1|equal six ETFs, no cash,rebalance=year|no guard"
2015-07-24,0.1634251472,0.1724409971,0.1646892523,0.1545014382,0.1684800971,0.1764630682,-2.220446049e-16,1,"S1|equal six ETFs, no cash,rebalance=year|no guard"
2015-07-27,0.1623981941,0.1717783217,0.1635081583,0.1566887169,0.1682444007,0.1773822083,0,1,"S1|equal six ETFs, no cash,rebalance=year|no guard"
2015-07-28,0.1620348417,0.1727921689,0.1640098443,0.1567562944,0.167814647,0.1765922038,2.220446049e-16,1,"S1|equal six ETFs, no cash,rebalance=year|no guard"
2015-07-29,0.1621424458,0.1727167507,0.1639043726,0.1556376707,0.1686877449,0.1769110153,1.110223025e-16,1,"S1|equal six ETFs, no cash,rebalance=year|no guard"
2015-07-30,0.1625251211,0.1732904376,0.1638773198,0.154313284,0.169270012,0.1767238255,0,1,"S1|equal six ETFs, no cash,rebalance=year|no guard"
2015-07-31,0.1629105281,0.1734374453,0.165460363,0.1525629304,0.1696116236,0.1760171096,1.110223025e-16,1,"S1|equal six ETFs, no cash,rebalance=year|no guard"
2015-08-03,0.1627164583,0.173804671,0.1656245666,0.1522996288,0.1702520812,0.1753025941,1.110223025e-16,1,"S1|equal six ETFs, no cash,rebalance=year|no guard"
2015-08-04,0.1615609489,0.1750279934,0.1656659597,0.1514477871,0.1721566433,0.1741406675,0,1,"S1|equal six ETFs, no cash,rebalance=year|no guard"
2015-08-05,0.1619766009,0.1776973033,0.1646756384,0.1499454642,0.1732307,0.1724742931,0,1,"S1|equal six ETFs, no cash,rebalance=year|no guard"
2015-08-06,0.1621146118,0.1772354329,0.1652206,0.1494003617,0.1726910937,0.1733379,1.110223025e-16,1,"S1|equal six ETFs, no cash,rebalance=year|no guard"
2015-08-07,0.162267939,0.1774356517,0.1647970735,0.1508741605,0.1731572776,0.1714678976,1.110223025e-16,1,"S1|equal six ETFs, no cash,rebalance=year|no guard"
2015-08-10,0.1613740855,0.1778758219,0.1650565764,0.1514677611,0.1729807665,0.1712449886,2.220446049e-16,1,"S1|equal six ETFs, no cash,rebalance=year|no guard"
2015-08-11,0.1607224186,0.1757422626,0.1629250051,0.1547013884,0.1721710218,0.1737379035,1.110223025e-16,1,"S1|equal six ETFs, no cash,rebalance=year|no guard"
2015-08-12,0.1607852974,0.1752020627,0.159990731,0.1588982391,0.1704251753,0.1746984945,0,1,"S1|equal six ETFs, no cash,rebalance=year|no guard"
2015-08-13,0.1602850946,0.175018751,0.1602898778,0.1589590549,0.1692828293,0.1761643925,0,1,"S1|equal six ETFs, no cash,rebalance=year|no guard"
2015-08-14,0.161000683,0.1742625739,0.1632397665,0.1565320736,0.1704453926,0.1745195105,0,1,"S1|equal six ETFs, no cash,rebalance=year|no guard"
2015-08-17,0.1593848856,0.1750840707,0.1633830693,0.1571633238,0.1708575484,0.1741271022,0,1,"S1|equal six ETFs, no cash,rebalance=year|no guard"
2015-08-18,0.1586123274,0.175186744,0.1623879264,0.1572173829,0.1709618079,0.1756338115,-2.220446049e-16,1,"S1|equal six ETFs, no cash,rebalance=year|no guard"
2015-08-19,0.1591319136,0.1754643444,0.1617191304,0.1573288592,0.1714419679,0.1749137844,1.110223025e-16,1,"S1|equal six ETFs, no cash,rebalance=year|no guard"
2015-08-20,0.1583506808,0.1757715704,0.160025694,0.1609137223,0.1699317908,0.1750065416,0,1,"S1|equal six ETFs, no cash,rebalance=year|no guard"
2015-08-21,0.1589670234,0.174625279,0.1593185371,0.1645769969,0.1702560457,0.1722561179,0,1,"S1|equal six ETFs, no cash,rebalance=year|no guard"
2015-08-24,0.1581077779,0.1704379202,0.1568084987,0.1757900797,0.1639635079,0.1748922156,0,1,"S1|equal six ETFs, no cash,rebalance=year|no guard"
2015-08-25,0.1585139657,0.1733931339,0.1592002396,0.1728810239,0.166425895,0.1695857418,1.110223025e-16,1,"S1|equal six ETFs, no cash,rebalance=year|no guard"
2015-08-26,0.1583522298,0.1739374754,0.158286298,0.1728730593,0.1676751942,0.1688757432,1.110223025e-16,1,"S1|equal six ETFs, no cash,rebalance=year|no guard"
2015-08-27,0.1580947288,0.173854558,0.1577831774,0.1676590887,0.1687347922,0.173873655,0,1,"S1|equal six ETFs, no cash,rebalance=year|no guard"
2015-08-28,0.1577787392,0.1738979381,0.1568168798,0.1674525947,0.1676709679,0.1763828802,0,1,"S1|equal six ETFs, no cash,rebalance=year|no guard"
2015-08-31,0.1575525401,0.1731587351,0.1563980245,0.1689222187,0.1668889834,0.1770794981,0,1,"S1|equal six ETFs, no cash,rebalance=year|no guard"
2015-09-01,0.1565163671,0.1733888154,0.1533288243,0.1723391469,0.1659443405,0.1784825057,0,1,"S1|equal six ETFs, no cash,rebalance=year|no guard"
2015-09-02,0.156693167,0.1759701441,0.1526262177,0.1731938737,0.1672294397,0.1742871578,0,1,"S1|equal six ETFs, no cash,rebalance=year|no guard"
2015-09-03,0.1574105847,0.1737122052,0.1535613279,0.1702888556,0.1676865568,0.1773404699,0,1,"S1|equal six ETFs, no cash,rebalance=year|no guard"
2015-09-04,0.1562088469,0.1744740415,0.1521904135,0.1723021136,0.1660834027,0.1787411818,0,1,"S1|equal six ETFs, no cash,rebalance=year|no guard"
2015-09-07,0.1563116311,0.1722774693,0.1509961247,0.1753367588,0.1650330658,0.1800449503,0,1,"S1|equal six ETFs, no cash,rebalance=year|no guard"
2015-09-08,0.1575491926,0.1700580736,0.1546718846,0.1737067821,0.1645919713,0.1794220957,0,1,"S1|equal six ETFs, no cash,rebalance=year|no guard"
2015-09-09,0.157489731,0.1708233901,0.1542336437,0.1705143862,0.1656490952,0.1812897538,0,1,"S1|equal six ETFs, no cash,rebalance=year|no guard"
2015-09-10,0.1580371302,0.1714795323,0.1551684798,0.1694957147,0.1664474411,0.1793717018,2.220446049e-16,1,"S1|equal six ETFs, no cash,rebalance=year|no guard"
2015-09-11,0.1575430126,0.1713474336,0.1544959196,0.1693558124,0.1665282482,0.1807295736,0,1,"S1|equal six ETFs, no cash,rebalance=year|no guard"
2015-09-14,0.1571227302,0.1725405998,0.1555671819,0.1672738688,0.1671401582,0.1803554611,0,1,"S1|equal six ETFs, no cash,rebalance=year|no guard"
2015-09-15,0.1571849106,0.1722125795,0.1555718571,0.1680802957,0.1667985141,0.1801518429,0,1,"S1|equal six ETFs, no cash,rebalance=year|no guard"
2015-09-16,0.157785847,0.1716212293,0.1564835828,0.1675289962,0.1649792197,0.1816011251,0,1,"S1|equal six ETFs, no cash,rebalance=year|no guard"
2015-09-18,0.1573920147,0.1715203706,0.1585526905,0.1679927755,0.1638411886,0.1807009601,0,1,"S1|equal six ETFs, no cash,rebalance=year|no guard"
2015-09-21,0.1580339272,0.1711337394,0.1605956486,0.1678043365,0.1654846898,0.1769476585,0,1,"S1|equal six ETFs, no cash,rebalance=year|no guard"
2015-09-22,0.1567078369,0.1708908041,0.1580419149,0.169444351,0.1652086631,0.17970643,0,1,"S1|equal six ETFs, no cash,rebalance=year|no guard"
2015-09-23,0.1568848535,0.1714832475,0.1599007068,0.1685789424,0.1659400316,0.1772122182,0,1,"S1|equal six ETFs, no cash,rebalance=year|no guard"
2015-09-24,0.1581727836,0.1711039207,0.158966075,0.1696407216,0.165430898,0.1766856011,-2.220446049e-16,1,"S1|equal six ETFs, no cash,rebalance=year|no guard"
2015-09-28,0.1569301591,0.1698077008,0.1592524004,0.1709340293,0.1664282815,0.1766474288,0,1,"S1|equal six ETFs, no cash,rebalance=year|no guard"
2015-09-29,0.1583108107,0.1706779202,0.1612444028,0.170398962,0.1673374282,0.1720304762,0,1,"S1|equal six ETFs, no cash,rebalance=year|no guard"
2015-09-30,0.1593814347,0.1724136467,0.1597638461,0.1691501477,0.1694334921,0.1698574327,0,1,"S1|equal six ETFs, no cash,rebalance=year|no guard"
2015-10-01,0.1592930279,0.1725670418,0.1587481912,0.1673813747,0.1693206711,0.1726896934,1.110223025e-16,1,"S1|equal six ETFs, no cash,rebalance=year|no guard"
2015-10-05,0.1593042052,0.1726421319,0.160134735,0.1657119675,0.1695371283,0.172669832,0,1,"S1|equal six ETFs, no cash,rebalance=year|no guard"
2015-10-06,0.1590860626,0.1733637313,0.1589907982,0.1654046819,0.1694629884,0.1736917376,0,1,"S1|equal six ETFs, no cash,rebalance=year|no guard"
2015-10-07,0.15954938,0.1731637261,0.1588874209,0.1659250806,0.169580504,0.1728938883,-2.220446049e-16,1,"S1|equal six ETFs, no cash,rebalance=year|no guard"
2015-10-08,0.1596728691,0.1720863206,0.1584904105,0.1663316982,0.1695329442,0.1738857572,0,1,"S1|equal six ETFs, no cash,rebalance=year|no guard"
2015-10-09,0.1600667488,0.1712712786,0.1591975371,0.1667231495,0.1686394021,0.1741018838,0,1,"S1|equal six ETFs, no cash,rebalance=year|no guard"
2015-10-12,0.1592538565,0.1713435214,0.1587274326,0.1681782043,0.1685369131,0.1739600721,2.220446049e-16,1,"S1|equal six ETFs, no cash,rebalance=year|no guard"
2015-10-13,0.1591638378,0.1710359087,0.1590129895,0.1672271356,0.1687663703,0.1747937581,0,1,"S1|equal six ETFs, no cash,rebalance=year|no guard"
2015-10-14,0.1588785002,0.1702050957,0.1587081971,0.1690642204,0.1685080203,0.1746359663,1.110223025e-16,1,"S1|equal six ETFs, no cash,rebalance=year|no guard"
2015-10-15,0.159427236,0.1705219399,0.1592078563,0.1694536323,0.1682133907,0.1731759447,0,1,"S1|equal six ETFs, no cash,rebalance=year|no guard"
2015-10-16,0.1594529746,0.1704120782,0.1606513779,0.1674539045,0.1678369428,0.174192722,0,1,"S1|equal six ETFs, no cash,rebalance=year|no guard"
2015-10-19,0.1598686535,0.1705795027,0.159370232,0.1665661542,0.1689093605,0.174706097,0,1,"S1|equal six ETFs, no cash,rebalance=year|no guard"
2015-10-20,0.1594221273,0.1702714223,0.1589872586,0.1668740953,0.1692197663,0.1752253302,0,1,"S1|equal six ETFs, no cash,rebalance=year|no guard"
2015-10-21,0.1596451194,0.1699870365,0.1579134697,0.1678229057,0.1693022532,0.1753292156,0,1,"S1|equal six ETFs, no cash,rebalance=year|no guard"
2015-10-23,0.1599381604,0.1685111937,0.1592164492,0.1663576116,0.1683522812,0.1776243039,2.220446049e-16,1,"S1|equal six ETFs, no cash,rebalance=year|no guard"
2015-10-26,0.1591711126,0.1682518481,0.1583864962,0.165510244,0.167372126,0.1813081732,0,1,"S1|equal six ETFs, no cash,rebalance=year|no guard"
2015-10-27,0.1585743767,0.167456645,0.1585179754,0.166253195,0.1673942137,0.1818035943,0,1,"S1|equal six ETFs, no cash,rebalance=year|no guard"
2015-10-28,0.1585719017,0.167245627,0.1556623633,0.1677532749,0.1675922516,0.1831745815,1.110223025e-16,1,"S1|equal six ETFs, no cash,rebalance=year|no guard"
2015-10-29,0.1581799972,0.1672803585,0.1548838308,0.1674624562,0.1672342539,0.1849591034,0,1,"S1|equal six ETFs, no cash,rebalance=year|no guard"
2015-10-30,0.1572334764,0.1678088991,0.1552445399,0.1671570348,0.1669005119,0.185655538,-2.220446049e-16,1,"S1|equal six ETFs, no cash,rebalance=year|no guard"
2015-11-02,0.157422941,0.1686506996,0.1556071814,0.1657808362,0.1671237507,0.1854145911,-2.220446049e-16,1,"S1|equal six ETFs, no cash,rebalance=year|no guard"
2015-11-03,0.1571944637,0.1682788218,0.155154402,0.1642105372,0.1672818548,0.1878799205,2.220446049e-16,1,"S1|equal six ETFs, no cash,rebalance=year|no guard"
2015-11-04,0.1569536649,0.168798665,0.1544671819,0.1633144549,0.1675843012,0.1888817321,0,1,"S1|equal six ETFs, no cash,rebalance=year|no guard"
2015-11-05,0.1565783429,0.1691270759,0.1536546047,0.1644474351,0.1663656133,0.1898269281,0,1,"S1|equal six ETFs, no cash,rebalance=year|no guard"
2015-11-06,0.1565198859,0.1683945463,0.1550218358,0.1637712738,0.1657716831,0.1905207753,0,1,"S1|equal six ETFs, no cash,rebalance=year|no guard"
2015-11-09,0.1557141265,0.1691798559,0.1540673862,0.1643376503,0.1663894532,0.1903115279,0,1,"S1|equal six ETFs, no cash,rebalance=year|no guard"
2015-11-10,0.155128824,0.1685581353,0.1541050234,0.1643260928,0.1654618182,0.1924201064,0,1,"S1|equal six ETFs, no cash,rebalance=year|no guard"
2015-11-11,0.155320235,0.1715216838,0.1542872078,0.1625075086,0.1647597328,0.1916036319,0,1,"S1|equal six ETFs, no cash,rebalance=year|no guard"
2015-11-13,0.1553760713,0.1683772745,0.1554151369,0.1633429657,0.1669042641,0.1905842874,0,1,"S1|equal six ETFs, no cash,rebalance=year|no guard"
2015-11-16,0.1564465379,0.1680182366,0.1580013962,0.1641156679,0.1669802113,0.1864379501,0,1,"S1|equal six ETFs, no cash,rebalance=year|no guard"
2015-11-17,0.1565652369,0.1676080841,0.1572974778,0.1624831367,0.1676467713,0.1883992932,0,1,"S1|equal six ETFs, no cash,rebalance=year|no guard"
2015-11-18,0.1556702594,0.1687891193,0.1551785045,0.1629241423,0.1676420008,0.1897959738,1.110223025e-16,1,"S1|equal six ETFs, no cash,rebalance=year|no guard"
2015-11-19,0.1558980536,0.1683635715,0.1556688655,0.1610589436,0.1672181958,0.1917923698,0,1,"S1|equal six ETFs, no cash,rebalance=year|no guard"
2015-11-20,0.1552428525,0.1689931561,0.1550262725,0.1620531096,0.1677588685,0.1909257408,1.110223025e-16,1,"S1|equal six ETFs, no cash,rebalance=year|no guard"
2015-11-23,0.1550844881,0.1703194048,0.1546633113,0.160501051,0.1677067403,0.1917250045,-2.220446049e-16,1,"S1|equal six ETFs, no cash,rebalance=year|no guard"
2015-11-24,0.1543776561,0.1697086688,0.154088966,0.161360143,0.1681126508,0.1923519153,0,1,"S1|equal six ETFs, no cash,rebalance=year|no guard"
2015-11-26,0.1553140118,0.1698235597,0.1547481566,0.1604000003,0.1683324728,0.1913817987,0,1,"S1|equal six ETFs, no cash,rebalance=year|no guard"
2015-11-27,0.1554662403,0.1690174602,0.1565162044,0.1596062618,0.1681669203,0.191226913,-2.220446049e-16,1,"S1|equal six ETFs, no cash,rebalance=year|no guard"
2015-11-30,0.1555664918,0.1688179373,0.1570501605,0.1583045555,0.1683368366,0.1919240182,1.110223025e-16,1,"S1|equal six ETFs, no cash,rebalance=year|no guard"
2015-12-01,0.1553403254,0.1690448082,0.1564988116,0.1591926938,0.16933807,0.1905852911,0,1,"S1|equal six ETFs, no cash,rebalance=year|no guard"
2015-12-02,0.1549331658,0.1695967705,0.1550957836,0.1586992309,0.1693906858,0.1922843634,0,1,"S1|equal six ETFs, no cash,rebalance=year|no guard"
2015-12-03,0.1546554834,0.1691821222,0.1552832706,0.158602548,0.1696148052,0.1926617706,0,1,"S1|equal six ETFs, no cash,rebalance=year|no guard"
2015-12-04,0.1548298298,0.1695044671,0.1540417367,0.160756892,0.1697694762,0.1910975983,0,1,"S1|equal six ETFs, no cash,rebalance=year|no guard"
2015-12-07,0.1532646577,0.1684030634,0.1538122775,0.1619455641,0.1683145223,0.194259915,2.220446049e-16,1,"S1|equal six ETFs, no cash,rebalance=year|no guard"
2015-12-08,0.1533084435,0.1685281014,0.1535238831,0.1619339158,0.1676907165,0.1950149397,0,1,"S1|equal six ETFs, no cash,rebalance=year|no guard"
2015-12-09,0.1534476026,0.1669179692,0.1533932453,0.1639700887,0.1657409173,0.1965301769,0,1,"S1|equal six ETFs, no cash,rebalance=year|no guard"
2015-12-10,0.153964646,0.1682282586,0.1535549193,0.1631470999,0.1673403056,0.1937647707,-2.220446049e-16,1,"S1|equal six ETFs, no cash,rebalance=year|no guard"
2015-12-11,0.1535135844,0.1682171795,0.1516532439,0.1636103216,0.1673024724,0.1957031981,0,1,"S1|equal six ETFs, no cash,rebalance=year|no guard"
2015-12-14,0.1542152639,0.168412328,0.1522405234,0.1643848744,0.1685327204,0.1922142899,0,1,"S1|equal six ETFs, no cash,rebalance=year|no guard"
2015-12-15,0.1544898629,0.1684584145,0.1523436092,0.1627905016,0.1686509716,0.1932666401,0,1,"S1|equal six ETFs, no cash,rebalance=year|no guard"
2015-12-16,0.1547385949,0.1692032951,0.1524913752,0.1619723472,0.1685534338,0.1930409539,0,1,"S1|equal six ETFs, no cash,rebalance=year|no guard"
2015-12-17,0.1553214916,0.1686471297,0.1525435153,0.160258654,0.1698575594,0.19337165,0,1,"S1|equal six ETFs, no cash,rebalance=year|no guard"
2015-12-18,0.1553764879,0.1702795373,0.1526587436,0.1600076217,0.1705301751,0.1911474344,1.110223025e-16,1,"S1|equal six ETFs, no cash,rebalance=year|no guard"
2015-12-21,0.1558306483,0.1710789134,0.1537343117,0.1610167405,0.1713450845,0.1869943016,0,1,"S1|equal six ETFs, no cash,rebalance=year|no guard"
2015-12-22,0.1550128033,0.1706842285,0.1529927945,0.1619955382,0.1706091409,0.1887054945,0,1,"S1|equal six ETFs, no cash,rebalance=year|no guard"
2015-12-23,0.1555627374,0.1706663791,0.1533878762,0.1603691487,0.1708134069,0.1892004517,1.110223025e-16,1,"S1|equal six ETFs, no cash,rebalance=year|no guard"
2015-12-24,0.1555860412,0.1703918884,0.1533865269,0.1598458613,0.1710085871,0.1897810951,0,1,"S1|equal six ETFs, no cash,rebalance=year|no guard"
2015-12-28,0.155930054,0.1710892043,0.1537302368,0.1593975682,0.1706577795,0.1891951572,1.110223025e-16,1,"S1|equal six ETFs, no cash,rebalance=year|no guard"
2015-12-29,0.156038133,0.1709172067,0.1537167403,0.1596445483,0.1708449831,0.1888383885,0,1,"S1|equal six ETFs, no cash,rebalance=year|no guard"
2015-12-30,0.1550925777,0.1707823953,0.1527813253,0.1589957403,0.1704020045,0.1919459569,0,1,"S1|equal six ETFs, no cash,rebalance=year|no guard"
2015-12-31,0.156080089,0.1716657705,0.1531419198,0.1579682102,0.1708132582,0.1903307523,0,1,"S1|equal six ETFs, no cash,rebalance=year|no guard"
2016-01-01,0.1577033594,0.1751165005,0.1553259823,0.1592710418,0.1726020362,0.1799810797,0,1,"S1|equal six ETFs, no cash,rebalance=year|no guard"
2016-01-04,0.1546074692,0.1722719469,0.1514505529,0.1607676188,0.1727395904,0.1881628218,0,1,"S1|equal six ETFs, no cash,rebalance=year|no guard"
2016-01-05,0.1538904167,0.1722145376,0.1504098754,0.1611619793,0.1710704434,0.1912527476,0,1,"S1|equal six ETFs, no cash,rebalance=year|no guard"
2016-01-06,0.1543479452,0.1725930052,0.1502130949,0.1635412162,0.1734575624,0.1858471759,0,1,"S1|equal six ETFs, no cash,rebalance=year|no guard"
2016-01-07,0.153263623,0.1713247849,0.1494081309,0.1682173064,0.1713799216,0.1864062332,0,1,"S1|equal six ETFs, no cash,rebalance=year|no guard"
2016-01-08,0.1523147414,0.1716477874,0.1484170575,0.1663749774,0.1722943572,0.1889510791,0,1,"S1|equal six ETFs, no cash,rebalance=year|no guard"
2016-01-11,0.1518343561,0.1718051266,0.1480188965,0.1672150301,0.1736196485,0.1875069422,2.220446049e-16,1,"S1|equal six ETFs, no cash,rebalance=year|no guard"
2016-01-12,0.1522836533,0.1710778255,0.1472505029,0.1684110427,0.1729622362,0.1880147393,0,1,"S1|equal six ETFs, no cash,rebalance=year|no guard"
2016-01-13,0.1530447992,0.1696813483,0.1482328906,0.1660191385,0.1714767399,0.1915450835,0,1,"S1|equal six ETFs, no cash,rebalance=year|no guard"
2016-01-14,0.1526309892,0.1681370969,0.1456155151,0.1690315722,0.1725605296,0.192024297,0,1,"S1|equal six ETFs, no cash,rebalance=year|no guard"
2016-01-15,0.1539856361,0.1689793473,0.1454845601,0.1723811965,0.1693411575,0.1898281025,2.220446049e-16,1,"S1|equal six ETFs, no cash,rebalance=year|no guard"
2016-01-18,0.1558010955,0.1674784146,0.1465985579,0.1777023867,0.1702263297,0.1821932156,0,1,"S1|equal six ETFs, no cash,rebalance=year|no guard"
2016-01-19,0.1568054112,0.1678333347,0.1481576246,0.1766723903,0.1652791636,0.1852520757,0,1,"S1|equal six ETFs, no cash,rebalance=year|no guard"
2016-01-20,0.155713849,0.1677712274,0.1462786363,0.1796518401,0.1660188537,0.1845655935,0,1,"S1|equal six ETFs, no cash,rebalance=year|no guard"
2016-01-21,0.1550200396,0.1648866713,0.1474294746,0.1796575512,0.1662738396,0.1867324238,0,1,"S1|equal six ETFs, no cash,rebalance=year|no guard"
2016-01-22,0.1561588809,0.1662385806,0.1497250813,0.1764429186,0.1663393408,0.1850951977,0,1,"S1|equal six ETFs, no cash,rebalance=year|no guard"
2016-01-25,0.1564973619,0.1668321273,0.1500648587,0.1775778022,0.1664501226,0.1825777273,0,1,"S1|equal six ETFs, no cash,rebalance=year|no guard"
2016-01-27,0.155460176,0.1652403371,0.1492883369,0.1787835539,0.1654264086,0.1858011875,0,1,"S1|equal six ETFs, no cash,rebalance=year|no guard"
2016-01-28,0.1554067032,0.165829693,0.1489302317,0.1794127743,0.1628499122,0.1875706856,0,1,"S1|equal six ETFs, no cash,rebalance=year|no guard"
2016-01-29,0.1562265444,0.1664833069,0.1481042957,0.1770932184,0.1649102029,0.1871824316,0,1,"S1|equal six ETFs, no cash,rebalance=year|no guard"
2016-02-01,0.1531722892,0.1642590112,0.1434862807,0.1739003923,0.1622996865,0.20288234,0,1,"S1|equal six ETFs, no cash,rebalance=year|no guard"
2016-02-02,0.1535987566,0.1634122415,0.143125003,0.1773981327,0.164512649,0.1979532172,0,1,"S1|equal six ETFs, no cash,rebalance=year|no guard"
2016-02-03,0.1545441675,0.1640323254,0.1438346225,0.1817988674,0.1652920484,0.1904979688,1.110223025e-16,1,"S1|equal six ETFs, no cash,rebalance=year|no guard"
2016-02-04,0.1549762842,0.1636839675,0.1439043704,0.1827153594,0.1653781244,0.1893418942,0,1,"S1|equal six ETFs, no cash,rebalance=year|no guard"
2016-02-05,0.1552603036,0.1640995911,0.1451509282,0.1819456949,0.1647041716,0.1888393106,-2.220446049e-16,1,"S1|equal six ETFs, no cash,rebalance=year|no guard"
2016-02-08,0.15408571,0.1655088204,0.144596819,0.1854010355,0.1658791889,0.1845284261,0,1,"S1|equal six ETFs, no cash,rebalance=year|no guard"
2016-02-09,0.1524659093,0.1632819703,0.1436148648,0.1893542619,0.1640355496,0.1872474441,1.110223025e-16,1,"S1|equal six ETFs, no cash,rebalance=year|no guard"
2016-02-10,0.1526120346,0.1623364715,0.1419893232,0.1888848708,0.16468588,0.1894914199,0,1,"S1|equal six ETFs, no cash,rebalance=year|no guard"
2016-02-11,0.1502986316,0.1599525966,0.138793845,0.1963542584,0.1648716778,0.1897289906,0,1,"S1|equal six ETFs, no cash,rebalance=year|no guard"
2016-02-12,0.1498648184,0.1600695525,0.1385075953,0.198558954,0.1628262975,0.1901727823,0,1,"S1|equal six ETFs, no cash,rebalance=year|no guard"
2016-02-15,0.1490250357,0.165965487,0.1390132897,0.1900999194,0.1645038662,0.1913924021,-2.220446049e-16,1,"S1|equal six ETFs, no cash,rebalance=year|no guard"
2016-02-16,0.1488213422,0.1587279832,0.1374542185,0.1934277728,0.1648513494,0.1967173339,1.110223025e-16,1,"S1|equal six ETFs, no cash,rebalance=year|no guard"
2016-02-17,0.1500771739,0.1603373487,0.1379963154,0.1925619558,0.1628426788,0.1961845274,0,1,"S1|equal six ETFs, no cash,rebalance=year|no guard"
2016-02-18,0.1524253436,0.1602598335,0.1398090896,0.1933302573,0.1637188167,0.1904566593,0,1,"S1|equal six ETFs, no cash,rebalance=year|no guard"
2016-02-19,0.1521546965,0.1601713352,0.1396122739,0.1946498612,0.1625048381,0.1909069951,0,1,"S1|equal six ETFs, no cash,rebalance=year|no guard"
2016-02-22,0.1518808473,0.1602922968,0.1390310193,0.1917549276,0.1675806852,0.1894602238,1.110223025e-16,1,"S1|equal six ETFs, no cash,rebalance=year|no guard"
2016-02-23,0.1511563988,0.1599668455,0.137400009,0.1960917727,0.1641357516,0.1912492224,0,1,"S1|equal six ETFs, no cash,rebalance=year|no guard"
2016-02-24,0.1503712793,0.1591966311,0.1359592247,0.1974260786,0.1665935944,0.1904531919,0,1,"S1|equal six ETFs, no cash,rebalance=year|no guard"
2016-02-25,0.1509291199,0.1609906221,0.1352707958,0.2008610649,0.1635428104,0.188405587,0,1,"S1|equal six ETFs, no cash,rebalance=year|no guard"
2016-02-26,0.1516649211,0.1614893455,0.1373945386,0.1998679593,0.1625967969,0.1869864387,0,1,"S1|equal six ETFs, no cash,rebalance=year|no guard"
2016-02-29,0.1504122438,0.1608703989,0.138353415,0.2005588558,0.1636703114,0.186134775,0,1,"S1|equal six ETFs, no cash,rebalance=year|no guard"
2016-03-01,0.1518716472,0.1644290451,0.1399728496,0.1969673411,0.1613650908,0.185394026,0,1,"S1|equal six ETFs, no cash,rebalance=year|no guard"
2016-03-02,0.1535070559,0.1630659758,0.1445783277,0.1914743592,0.164318213,0.1830560684,0,1,"S1|equal six ETFs, no cash,rebalance=year|no guard"
2016-03-03,0.1543577747,0.16309843,0.1446290093,0.1916948398,0.1631332324,0.1830867138,1.110223025e-16,1,"S1|equal six ETFs, no cash,rebalance=year|no guard"
2016-03-04,0.1535347139,0.1633367504,0.1450886813,0.1926358908,0.1620675133,0.1833364503,0,1,"S1|equal six ETFs, no cash,rebalance=year|no guard"
2016-03-08,0.1536140603,0.1627757549,0.1433338751,0.193550864,0.1628589595,0.1838664862,0,1,"S1|equal six ETFs, no cash,rebalance=year|no guard"
2016-03-09,0.154367532,0.1632315168,0.1449951545,0.1915533132,0.1624613494,0.1833911341,0,1,"S1|equal six ETFs, no cash,rebalance=year|no guard"
2016-03-10,0.1545535323,0.1639648061,0.1451487885,0.1916246084,0.1624229911,0.1822852737,0,1,"S1|equal six ETFs, no cash,rebalance=year|no guard"
2016-03-11,0.1545306222,0.1638475012,0.1441063452,0.1937100968,0.1626916237,0.1811138109,0,1,"S1|equal six ETFs, no cash,rebalance=year|no guard"
2016-03-14,0.1553679817,0.1645397453,0.1449619295,0.1925933933,0.1609647065,0.1815722438,0,1,"S1|equal six ETFs, no cash,rebalance=year|no guard"
2016-03-15,0.1542355707,0.1644404993,0.1457470521,0.1897822698,0.1622371027,0.1835575054,0,1,"S1|equal six ETFs, no cash,rebalance=year|no guard"
2016-03-16,0.1555138877,0.1630846733,0.146945629,0.1898921604,0.1628951364,0.1816685133,0,1,"S1|equal six ETFs, no cash,rebalance=year|no guard"
2016-03-17,0.1551944311,0.1626525609,0.1456626652,0.1922278707,0.1628198239,0.1814426483,0,1,"S1|equal six ETFs, no cash,rebalance=year|no guard"
2016-03-18,0.1561106192,0.1633898752,0.1474976065,0.1893832495,0.1633136521,0.1803049975,1.110223025e-16,1,"S1|equal six ETFs, no cash,rebalance=year|no guard"
2016-03-21,0.1569520648,0.1640297414,0.1490820588,0.1868460682,0.1637848793,0.1793051876,0,1,"S1|equal six ETFs, no cash,rebalance=year|no guard"
2016-03-22,0.1570443232,0.1643771436,0.1482399867,0.1856636746,0.1658615023,0.1788133696,0,1,"S1|equal six ETFs, no cash,rebalance=year|no guard"
2016-03-23,0.1578433952,0.1649572609,0.1485246753,0.1846336962,0.1663881731,0.1776527993,0,1,"S1|equal six ETFs, no cash,rebalance=year|no guard"
2016-03-28,0.1582514484,0.1645027099,0.1474186931,0.1833446617,0.163292503,0.1831899839,0,1,"S1|equal six ETFs, no cash,rebalance=year|no guard"
2016-03-29,0.1565622451,0.1639679411,0.1473659076,0.1836418277,0.1666362982,0.1818257803,0,1,"S1|equal six ETFs, no cash,rebalance=year|no guard"
2016-03-30,0.1574926483,0.1655746759,0.1503956616,0.1837265004,0.1651291372,0.1776813766,0,1,"S1|equal six ETFs, no cash,rebalance=year|no guard"
2016-03-31,0.1581314916,0.1650702267,0.1503135537,0.1826924181,0.1651909919,0.1786013181,0,1,"S1|equal six ETFs, no cash,rebalance=year|no guard"
2016-04-01,0.1666666667,0.1666666667,0.1666666667,0.1666666667,0.1666666667,0.1666666667,-2.220446049e-16,1,"S1|equal six ETFs, no cash,rebalance=year|no guard"
2016-04-04,0.1679308665,0.167098847,0.1671454414,0.1648967484,0.1650541838,0.1678739129,0,1,"S1|equal six ETFs, no cash,rebalance=year|no guard"
2016-04-05,0.1658354651,0.1652740019,0.1624775843,0.1685123468,0.1690129365,0.1688876653,1.110223025e-16,1,"S1|equal six ETFs, no cash,rebalance=year|no guard"
2016-04-06,0.1663237206,0.1660557594,0.1623269546,0.1689515497,0.1688128051,0.1675292105,0,1,"S1|equal six ETFs, no cash,rebalance=year|no guard"
2016-04-07,0.1640944611,0.1659041575,0.1611757921,0.1700504474,0.1681648811,0.1706102609,-2.220446049e-16,1,"S1|equal six ETFs, no cash,rebalance=year|no guard"
2016-04-08,0.1644944392,0.1663243725,0.1613061723,0.1705309967,0.1681067895,0.1692372298,0,1,"S1|equal six ETFs, no cash,rebalance=year|no guard"
2016-04-11,0.165830893,0.1669656199,0.1624507465,0.1696805892,0.1673610414,0.16771111,0,1,"S1|equal six ETFs, no cash,rebalance=year|no guard"
2016-04-12,0.1656814707,0.1670944627,0.1625923928,0.1707136256,0.1663122399,0.1676058082,0,1,"S1|equal six ETFs, no cash,rebalance=year|no guard"
2016-04-13,0.1667389702,0.1676665739,0.164792156,0.1678119197,0.1669577215,0.1660326587,0,1,"S1|equal six ETFs, no cash,rebalance=year|no guard"
2016-04-18,0.166800324,0.1670199759,0.162969968,0.1673160059,0.1667592529,0.1691344732,0,1,"S1|equal six ETFs, no cash,rebalance=year|no guard"
2016-04-20,0.1665578363,0.1676091004,0.1638423533,0.1673416755,0.1667184534,0.1679305811,1.110223025e-16,1,"S1|equal six ETFs, no cash,rebalance=year|no guard"
2016-04-21,0.1658437767,0.1658019876,0.166328302,0.1685447894,0.166515544,0.1669656002,0,1,"S1|equal six ETFs, no cash,rebalance=year|no guard"
2016-04-22,0.1660326356,0.1672267124,0.1674114866,0.1680961548,0.166126069,0.1651069415,0,1,"S1|equal six ETFs, no cash,rebalance=year|no guard"
2016-04-25,0.1659080165,0.1668224065,0.1676341332,0.1672288264,0.1654177917,0.1669888257,-2.220446049e-16,1,"S1|equal six ETFs, no cash,rebalance=year|no guard"
2016-04-26,0.1668065794,0.166964312,0.1697222678,0.1658608055,0.1672261157,0.1634199196,0,1,"S1|equal six ETFs, no cash,rebalance=year|no guard"
2016-04-27,0.1675398589,0.1673787689,0.1689798122,0.1674811723,0.1678384273,0.1607819604,0,1,"S1|equal six ETFs, no cash,rebalance=year|no guard"
2016-04-28,0.1659208775,0.1666358663,0.1688840912,0.170049991,0.1657324495,0.1627767245,0,1,"S1|equal six ETFs, no cash,rebalance=year|no guard"
2016-04-29,0.1648219316,0.1656909449,0.1678750537,0.1706746782,0.1661007092,0.1648366824,0,1,"S1|equal six ETFs, no cash,rebalance=year|no guard"
2016-05-02,0.1639168328,0.1688964807,0.1656939066,0.1724953074,0.1655257743,0.1634716982,0,1,"S1|equal six ETFs, no cash,rebalance=year|no guard"
2016-05-03,0.1636121086,0.1690216787,0.1646118158,0.1732264847,0.1668097939,0.1627181184,2.220446049e-16,1,"S1|equal six ETFs, no cash,rebalance=year|no guard"
2016-05-04,0.1646066058,0.1684908435,0.1654297222,0.1735898886,0.1660403273,0.1618426125,1.110223025e-16,1,"S1|equal six ETFs, no cash,rebalance=year|no guard"
2016-05-05,0.1650012713,0.1667149504,0.1649730653,0.1722835225,0.1673303471,0.1636968434,0,1,"S1|equal six ETFs, no cash,rebalance=year|no guard"
2016-05-06,0.1648047449,0.167903623,0.164891785,0.1734578778,0.166406412,0.1625355573,0,1,"S1|equal six ETFs, no cash,rebalance=year|no guard"
2016-05-09,0.1654865156,0.1681999212,0.1673895167,0.170788142,0.1658382212,0.1622976833,1.110223025e-16,1,"S1|equal six ETFs, no cash,rebalance=year|no guard"
2016-05-10,0.1652022211,0.1673803044,0.1680737785,0.1703997431,0.1657063498,0.1632376032,1.110223025e-16,1,"S1|equal six ETFs, no cash,rebalance=year|no guard"
2016-05-11,0.1646662088,0.1689779852,0.168137107,0.1708246137,0.1634908268,0.1639032585,2.220446049e-16,1,"S1|equal six ETFs, no cash,rebalance=year|no guard"
2016-05-12,0.165220807,0.1692176814,0.1692224513,0.1692824832,0.163999728,0.1630568491,1.110223025e-16,1,"S1|equal six ETFs, no cash,rebalance=year|no guard"
2016-05-13,0.1639563563,0.1681437153,0.1674960104,0.1709780365,0.1655352861,0.1638905954,0,1,"S1|equal six ETFs, no cash,rebalance=year|no guard"
2016-05-16,0.1653134386,0.1676029991,0.1679035188,0.1715190616,0.165392834,0.1622681479,-2.220446049e-16,1,"S1|equal six ETFs, no cash,rebalance=year|no guard"
2016-05-17,0.1653072151,0.1672545491,0.1678905722,0.171123376,0.164335712,0.1640885756,-2.220446049e-16,1,"S1|equal six ETFs, no cash,rebalance=year|no guard"
2016-05-18,0.1652914073,0.1669436354,0.1676413986,0.171906169,0.165339261,0.1628781286,0,1,"S1|equal six ETFs, no cash,rebalance=year|no guard"
2016-05-19,0.1646383437,0.1665070141,0.1667480484,0.1727191301,0.1636084844,0.1657789793,-2.220446049e-16,1,"S1|equal six ETFs, no cash,rebalance=year|no guard"
2016-05-20,0.1649527744,0.166418753,0.1663130789,0.1729097775,0.1648833949,0.1645222213,0,1,"S1|equal six ETFs, no cash,rebalance=year|no guard"
2016-05-23,0.1644222007,0.1660295665,0.1657840181,0.1726648912,0.1653719442,0.1657273792,-2.220446049e-16,1,"S1|equal six ETFs, no cash,rebalance=year|no guard"
2016-05-24,0.1650996461,0.1663102407,0.1671097685,0.1724121817,0.1655303776,0.1635377855,0,1,"S1|equal six ETFs, no cash,rebalance=year|no guard"
2016-05-25,0.1671815291,0.1658202242,0.1704997654,0.168654779,0.1649050763,0.162938626,-2.220446049e-16,1,"S1|equal six ETFs, no cash,rebalance=year|no guard"
2016-05-26,0.1683808431,0.1666015939,0.1726324876,0.1681738754,0.1637209834,0.1604902165,-2.220446049e-16,1,"S1|equal six ETFs, no cash,rebalance=year|no guard"
2016-05-27,0.1693359017,0.168143299,0.1732841681,0.1669029992,0.1641318932,0.1582017388,0,1,"S1|equal six ETFs, no cash,rebalance=year|no guard"
2016-05-30,0.1698171666,0.1680794609,0.173283659,0.1642844418,0.164073635,0.1604616367,0,1,"S1|equal six ETFs, no cash,rebalance=year|no guard"
2016-05-31,0.1697309657,0.1676437318,0.1743965077,0.1646100288,0.1630911894,0.1605275766,2.220446049e-16,1,"S1|equal six ETFs, no cash,rebalance=year|no guard"
2016-06-01,0.1700650138,0.1684898373,0.1729758648,0.1647851039,0.16358267,0.1601015102,-2.220446049e-16,1,"S1|equal six ETFs, no cash,rebalance=year|no guard"
2016-06-02,0.1709417632,0.1680962273,0.1735433434,0.1631014,0.1648884838,0.1594287823,-2.220446049e-16,1,"S1|equal six ETFs, no cash,rebalance=year|no guard"
2016-06-03,0.170710779,0.1684769107,0.1748431367,0.1633045544,0.1628113098,0.1598533094,2.220446049e-16,1,"S1|equal six ETFs, no cash,rebalance=year|no guard"
2016-06-06,0.170031694,0.1670636917,0.1746327453,0.165680518,0.1638395264,0.1587518247,0,1,"S1|equal six ETFs, no cash,rebalance=year|no guard"
2016-06-07,0.1707386874,0.16788188,0.1764471051,0.1636915757,0.1623108793,0.1589298725,-2.220446049e-16,1,"S1|equal six ETFs, no cash,rebalance=year|no guard"
2016-06-08,0.1706926393,0.1670296057,0.1762321551,0.1630918633,0.1648657912,0.1580879456,0,1,"S1|equal six ETFs, no cash,rebalance=year|no guard"
2016-06-09,0.1694429652,0.1673377635,0.1756469675,0.164002108,0.1648612252,0.1587089706,2.220446049e-16,1,"S1|equal six ETFs, no cash,rebalance=year|no guard"
2016-06-10,0.1691273565,0.1672237108,0.175291852,0.1651461442,0.16458826,0.1586226766,0,1,"S1|equal six ETFs, no cash,rebalance=year|no guard"
2016-06-13,0.1692383441,0.1670795457,0.1744024199,0.1680042931,0.1623892973,0.1588860999,0,1,"S1|equal six ETFs, no cash,rebalance=year|no guard"
2016-06-14,0.1689171725,0.1670593257,0.1751425009,0.1675496728,0.1640888383,0.1572424898,1.110223025e-16,1,"S1|equal six ETFs, no cash,rebalance=year|no guard"
2016-06-15,0.1688297773,0.1673097927,0.1753931721,0.1660656901,0.1645174706,0.1578840972,0,1,"S1|equal six ETFs, no cash,rebalance=year|no guard"
2016-06-16,0.1683508236,0.1664720065,0.1745075108,0.1689854258,0.1637619914,0.1579222419,-2.220446049e-16,1,"S1|equal six ETFs, no cash,rebalance=year|no guard"
2016-06-17,0.168860795,0.1666645559,0.1745535147,0.1674911704,0.1632127577,0.1592172063,0,1,"S1|equal six ETFs, no cash,rebalance=year|no guard"
2016-06-20,0.1698873729,0.1665276962,0.1747493804,0.166844395,0.1631388859,0.1588522697,0,1,"S1|equal six ETFs, no cash,rebalance=year|no guard"
2016-06-21,0.1692015053,0.1681058267,0.1737194577,0.1668872628,0.1644329784,0.1576529691,0,1,"S1|equal six ETFs, no cash,rebalance=year|no guard"
2016-06-22,0.1694691651,0.1680875516,0.1739914428,0.1659160668,0.1648829838,0.1576527898,0,1,"S1|equal six ETFs, no cash,rebalance=year|no guard"
2016-06-23,0.1703587904,0.1676819385,0.1758430215,0.1647288486,0.1643784177,0.1570089833,0,1,"S1|equal six ETFs, no cash,rebalance=year|no guard"
2016-06-24,0.168031914,0.1677219165,0.1725282836,0.1712658235,0.1628801635,0.1575718989,0,1,"S1|equal six ETFs, no cash,rebalance=year|no guard"
2016-06-27,0.1675085279,0.1669602778,0.1725974798,0.1725585968,0.1618571802,0.1585179374,1.110223025e-16,1,"S1|equal six ETFs, no cash,rebalance=year|no guard"
2016-06-28,0.1668422326,0.1691042676,0.1722564556,0.1722240206,0.1648359532,0.1547370703,0,1,"S1|equal six ETFs, no cash,rebalance=year|no guard"
2016-06-29,0.1673750051,0.1687934149,0.1727390346,0.1696733811,0.1652975967,0.1561215676,0,1,"S1|equal six ETFs, no cash,rebalance=year|no guard"
2016-06-30,0.1682176777,0.1694479248,0.1740739831,0.1679720939,0.165281395,0.1550069255,0,1,"S1|equal six ETFs, no cash,rebalance=year|no guard"
2016-07-01,0.1669913842,0.1699587096,0.173044378,0.1677439286,0.1671824268,0.1550791728,0,1,"S1|equal six ETFs, no cash,rebalance=year|no guard"
2016-07-04,0.1668383965,0.1709712848,0.1724196606,0.1673231316,0.1650131899,0.1574343366,0,1,"S1|equal six ETFs, no cash,rebalance=year|no guard"
2016-07-05,0.166938142,0.1707735239,0.1730001377,0.1678033245,0.1657459241,0.1557389478,0,1,"S1|equal six ETFs, no cash,rebalance=year|no guard"
2016-07-07,0.1666766048,0.1712512779,0.1732139647,0.1691559668,0.1650150153,0.1546871704,0,1,"S1|equal six ETFs, no cash,rebalance=year|no guard"
2016-07-08,0.1663789136,0.1715021587,0.1727146776,0.1690114524,0.1652752132,0.1551175845,0,1,"S1|equal six ETFs, no cash,rebalance=year|no guard"
2016-07-11,0.1674058711,0.1715515899,0.1741684335,0.1675397135,0.1645788559,0.1547555361,1.110223025e-16,1,"S1|equal six ETFs, no cash,rebalance=year|no guard"
2016-07-12,0.1681696126,0.1722981394,0.1762623236,0.1659310838,0.1646895859,0.1526492547,0,1,"S1|equal six ETFs, no cash,rebalance=year|no guard"
2016-07-13,0.1681019194,0.1723571056,0.1762866663,0.1651390745,0.164253026,0.1538622083,0,1,"S1|equal six ETFs, no cash,rebalance=year|no guard"
2016-07-14,0.1681241097,0.1722803721,0.1771636659,0.1640013516,0.1646542624,0.1537762384,0,1,"S1|equal six ETFs, no cash,rebalance=year|no guard"
2016-07-15,0.1674052218,0.1742455399,0.1774625935,0.1634290469,0.164214635,0.1532429628,0,1,"S1|equal six ETFs, no cash,rebalance=year|no guard"
2016-07-18,0.1675093692,0.172531513,0.1786689724,0.1633496464,0.1637572953,0.1541832037,0,1,"S1|equal six ETFs, no cash,rebalance=year|no guard"
2016-07-19,0.1678787618,0.1727225728,0.1782620261,0.1637654757,0.1633427794,0.1540283842,0,1,"S1|equal six ETFs, no cash,rebalance=year|no guard"
2016-07-20,0.168457853,0.1734197257,0.1784520522,0.1631261263,0.1634656841,0.1530785588,1.110223025e-16,1,"S1|equal six ETFs, no cash,rebalance=year|no guard"
2016-07-21,0.167932737,0.1737274331,0.1765798505,0.1635998574,0.1629033754,0.1552567466,0,1,"S1|equal six ETFs, no cash,rebalance=year|no guard"
2016-07-22,0.1675177981,0.1748649788,0.1751191899,0.1626832597,0.1665747577,0.1532400158,0,1,"S1|equal six ETFs, no cash,rebalance=year|no guard"
2016-07-25,0.1680956273,0.1758086332,0.1766127122,0.1608735858,0.1666333324,0.151976109,0,1,"S1|equal six ETFs, no cash,rebalance=year|no guard"
2016-07-26,0.167544998,0.1752237375,0.1756683396,0.1618442641,0.1672353748,0.1524832859,0,1,"S1|equal six ETFs, no cash,rebalance=year|no guard"
2016-07-27,0.1673896411,0.1760300038,0.1763437631,0.1610633303,0.1658688383,0.1533044235,-2.220446049e-16,1,"S1|equal six ETFs, no cash,rebalance=year|no guard"
2016-07-28,0.1672835481,0.1762030537,0.1757009106,0.1613007342,0.1660770417,0.1534347118,0,1,"S1|equal six ETFs, no cash,rebalance=year|no guard"
2016-07-29,0.1678342541,0.1770249182,0.1756617674,0.1614145549,0.1676368353,0.1504276703,0,1,"S1|equal six ETFs, no cash,rebalance=year|no guard"
2016-08-01,0.1670126826,0.1763957471,0.1740139174,0.163717263,0.1669747798,0.1518856101,0,1,"S1|equal six ETFs, no cash,rebalance=year|no guard"
2016-08-02,0.1671386364,0.1766705799,0.1735284915,0.1658055052,0.1664661253,0.1503906617,0,1,"S1|equal six ETFs, no cash,rebalance=year|no guard"
2016-08-03,0.1671111737,0.175192971,0.1743422011,0.167925593,0.1641233951,0.151304666,2.220446049e-16,1,"S1|equal six ETFs, no cash,rebalance=year|no guard"
2016-08-04,0.1667709002,0.1746495241,0.1731543857,0.1667257261,0.1670573788,0.1516420851,1.110223025e-16,1,"S1|equal six ETFs, no cash,rebalance=year|no guard"
2016-08-05,0.1668921648,0.1758396688,0.173848113,0.1665219113,0.165294342,0.1516038001,1.110223025e-16,1,"S1|equal six ETFs, no cash,rebalance=year|no guard"
2016-08-08,0.1674764769,0.1772141833,0.1742398732,0.1623185671,0.1664508462,0.1523000532,0,1,"S1|equal six ETFs, no cash,rebalance=year|no guard"
2016-08-09,0.1671706064,0.1762659372,0.1740813762,0.1636729861,0.1662175594,0.1525915348,2.220446049e-16,1,"S1|equal six ETFs, no cash,rebalance=year|no guard"
2016-08-10,0.1664712781,0.1757571551,0.17322497,0.165788046,0.1662327342,0.1525258166,0,1,"S1|equal six ETFs, no cash,rebalance=year|no guard"
2016-08-11,0.1657368172,0.1760213698,0.1720934866,0.1645973663,0.1659795477,0.1555714124,0,1,"S1|equal six ETFs, no cash,rebalance=year|no guard"
2016-08-12,0.1664700988,0.1755161025,0.1739481952,0.1644243042,0.1658117897,0.1538295097,1.110223025e-16,1,"S1|equal six ETFs, no cash,rebalance=year|no guard"
2016-08-16,0.1662385314,0.1767760322,0.1743238028,0.1632137403,0.1663021306,0.1531457626,1.110223025e-16,1,"S1|equal six ETFs, no cash,rebalance=year|no guard"
2016-08-17,0.1654995787,0.1781059953,0.1748591872,0.1628240263,0.1661555529,0.1525556596,0,1,"S1|equal six ETFs, no cash,rebalance=year|no guard"
2016-08-18,0.1651854341,0.1773670431,0.1773249111,0.1624593188,0.1660261979,0.151637095,0,1,"S1|equal six ETFs, no cash,rebalance=year|no guard"
2016-08-19,0.1647107224,0.177643459,0.1766165683,0.1620729038,0.1676037797,0.1513525668,0,1,"S1|equal six ETFs, no cash,rebalance=year|no guard"
2016-08-22,0.1654187561,0.1778807943,0.1771699625,0.1629823241,0.1666637918,0.1498843713,0,1,"S1|equal six ETFs, no cash,rebalance=year|no guard"
2016-08-23,0.1653194585,0.1766080461,0.1769328075,0.1624164679,0.1671254724,0.1515977476,0,1,"S1|equal six ETFs, no cash,rebalance=year|no guard"
2016-08-24,0.1652061716,0.1776980333,0.1762358484,0.1621199739,0.168581893,0.1501580798,0,1,"S1|equal six ETFs, no cash,rebalance=year|no guard"
2016-08-25,0.1649581916,0.177627468,0.1765259153,0.1613262268,0.1690657847,0.1504964135,2.220446049e-16,1,"S1|equal six ETFs, no cash,rebalance=year|no guard"
2016-08-26,0.1647262148,0.177672585,0.176087527,0.1623507136,0.1682331644,0.1509297952,0,1,"S1|equal six ETFs, no cash,rebalance=year|no guard"
2016-08-29,0.164765942,0.1775750558,0.1755173157,0.1604490051,0.1715967902,0.1500958911,0,1,"S1|equal six ETFs, no cash,rebalance=year|no guard"
2016-08-30,0.1664566535,0.1788618683,0.1774872061,0.1595550057,0.169131262,0.1485080043,0,1,"S1|equal six ETFs, no cash,rebalance=year|no guard"
2016-08-31,0.1673572847,0.1777670576,0.1792292359,0.1591423312,0.1679454856,0.148558605,0,1,"S1|equal six ETFs, no cash,rebalance=year|no guard"
2016-09-01,0.1673758778,0.1783434988,0.1798353589,0.1578040825,0.1673254911,0.1493156908,0,1,"S1|equal six ETFs, no cash,rebalance=year|no guard"
2016-09-02,0.1665338722,0.1776929369,0.1798783893,0.1570042839,0.1694997167,0.149390801,1.110223025e-16,1,"S1|equal six ETFs, no cash,rebalance=year|no guard"
2016-09-06,0.1662183037,0.1774148205,0.1812088475,0.1552594701,0.1715491342,0.148349424,0,1,"S1|equal six ETFs, no cash,rebalance=year|no guard"
2016-09-07,0.1662433593,0.1775116915,0.1818181666,0.1569997325,0.1690780422,0.1483490081,0,1,"S1|equal six ETFs, no cash,rebalance=year|no guard"
2016-09-08,0.1659212663,0.176772473,0.1806873111,0.1560057315,0.1736500123,0.1469632058,0,1,"S1|equal six ETFs, no cash,rebalance=year|no guard"
2016-09-09,0.1658379069,0.1776529303,0.1803624249,0.1561426607,0.1714909308,0.1485131465,0,1,"S1|equal six ETFs, no cash,rebalance=year|no guard"
2016-09-12,0.1664480123,0.1769003896,0.1802320898,0.1607366902,0.1679852532,0.1476975649,0,1,"S1|equal six ETFs, no cash,rebalance=year|no guard"
2016-09-14,0.1654129414,0.1765373686,0.1796582337,0.1588600767,0.1697681165,0.1497632631,0,1,"S1|equal six ETFs, no cash,rebalance=year|no guard"
2016-09-15,0.1651534147,0.1766024942,0.1791403115,0.1580739309,0.1699933217,0.151036527,-2.220446049e-16,1,"S1|equal six ETFs, no cash,rebalance=year|no guard"
2016-09-16,0.1660328073,0.1774638164,0.1798368698,0.1580050716,0.1678379093,0.1508235256,2.220446049e-16,1,"S1|equal six ETFs, no cash,rebalance=year|no guard"
2016-09-19,0.1655582577,0.1757776038,0.1790386955,0.157910961,0.1729790334,0.1487354486,1.110223025e-16,1,"S1|equal six ETFs, no cash,rebalance=year|no guard"
2016-09-20,0.1658924923,0.177109356,0.1785392874,0.158619641,0.1689478352,0.1508913881,0,1,"S1|equal six ETFs, no cash,rebalance=year|no guard"
2016-09-21,0.1657420229,0.175836572,0.1786059756,0.1589798387,0.168784166,0.1520514248,0,1,"S1|equal six ETFs, no cash,rebalance=year|no guard"
2016-09-22,0.1652726095,0.1759623689,0.179141948,0.1573098826,0.1722749464,0.1500382446,0,1,"S1|equal six ETFs, no cash,rebalance=year|no guard"
2016-09-23,0.164854648,0.1773249841,0.1776116222,0.157601257,0.1721430247,0.150464464,0,1,"S1|equal six ETFs, no cash,rebalance=year|no guard"
2016-09-26,0.1645462275,0.1777239893,0.17637612,0.1588404157,0.1729563967,0.1495568507,0,1,"S1|equal six ETFs, no cash,rebalance=year|no guard"
2016-09-27,0.1644040292,0.1777582012,0.1760709466,0.1588952865,0.1731930563,0.1496784801,0,1,"S1|equal six ETFs, no cash,rebalance=year|no guard"
2016-09-28,0.1642886478,0.1782768847,0.1760785951,0.1567497829,0.1733596713,0.1512464182,0,1,"S1|equal six ETFs, no cash,rebalance=year|no guard"
2016-09-29,0.1636877532,0.1742497571,0.1741377466,0.1605408097,0.1760609886,0.1513229448,1.110223025e-16,1,"S1|equal six ETFs, no cash,rebalance=year|no guard"
2016-09-30,0.1633662242,0.1763886264,0.1749668851,0.159198369,0.1762235985,0.1498562967,1.110223025e-16,1,"S1|equal six ETFs, no cash,rebalance=year|no guard"
2016-10-03,0.1641103651,0.1793761165,0.1751735094,0.1571527764,0.172692632,0.1514946007,1.110223025e-16,1,"S1|equal six ETFs, no cash,rebalance=year|no guard"
2016-10-04,0.1636886115,0.1798748771,0.1753373918,0.1564046332,0.1740544744,0.1506400121,0,1,"S1|equal six ETFs, no cash,rebalance=year|no guard"
2016-10-05,0.163292847,0.1798624623,0.1746450026,0.1549708165,0.175852469,0.1513764025,2.220446049e-16,1,"S1|equal six ETFs, no cash,rebalance=year|no guard"
2016-10-06,0.1631590317,0.1805226701,0.1738906604,0.1545407627,0.1747959488,0.1530909263,1.110223025e-16,1,"S1|equal six ETFs, no cash,rebalance=year|no guard"
2016-10-07,0.1636499835,0.1812925585,0.1742966556,0.1546111227,0.175727398,0.1504222816,0,1,"S1|equal six ETFs, no cash,rebalance=year|no guard"
2016-10-10,0.1631305211,0.1810728052,0.1736327954,0.1553903404,0.1739023207,0.1528712172,1.110223025e-16,1,"S1|equal six ETFs, no cash,rebalance=year|no guard"
2016-10-13,0.1629467489,0.1800613944,0.1720838878,0.1557131684,0.174928442,0.1542663586,0,1,"S1|equal six ETFs, no cash,rebalance=year|no guard"
2016-10-14,0.1625999092,0.1800681425,0.1713589586,0.1544158628,0.1767358357,0.1548212912,1.110223025e-16,1,"S1|equal six ETFs, no cash,rebalance=year|no guard"
2016-10-17,0.1609586073,0.1787176381,0.1714923732,0.1541912809,0.1800506965,0.1545894041,-2.220446049e-16,1,"S1|equal six ETFs, no cash,rebalance=year|no guard"
2016-10-18,0.1619736822,0.180225523,0.1736081412,0.1533569459,0.1774853817,0.153350326,0,1,"S1|equal six ETFs, no cash,rebalance=year|no guard"
2016-10-19,0.1634094803,0.1817187283,0.1745890963,0.1541265823,0.1755588956,0.1505972172,0,1,"S1|equal six ETFs, no cash,rebalance=year|no guard"
2016-10-20,0.1635489544,0.180537501,0.175872028,0.1537320745,0.1762055567,0.1501038855,1.110223025e-16,1,"S1|equal six ETFs, no cash,rebalance=year|no guard"
2016-10-21,0.1626256561,0.1802749077,0.1755452624,0.1526493508,0.1761778046,0.1527270184,0,1,"S1|equal six ETFs, no cash,rebalance=year|no guard"
2016-10-24,0.1625688663,0.1793661753,0.176023021,0.1517910225,0.1778281291,0.1524227858,0,1,"S1|equal six ETFs, no cash,rebalance=year|no guard"
2016-10-25,0.1625081667,0.1800449772,0.1763813877,0.1513960527,0.178436253,0.1512331628,1.110223025e-16,1,"S1|equal six ETFs, no cash,rebalance=year|no guard"
2016-10-26,0.1618909234,0.1794865649,0.1746884695,0.1522134635,0.1761058706,0.1556147082,0,1,"S1|equal six ETFs, no cash,rebalance=year|no guard"
2016-10-27,0.1625152068,0.1784680129,0.1751756241,0.1523354426,0.1784168621,0.1530888515,1.110223025e-16,1,"S1|equal six ETFs, no cash,rebalance=year|no guard"
2016-10-28,0.1623736385,0.1806157197,0.1746670384,0.1528643927,0.1744078865,0.1550713242,1.110223025e-16,1,"S1|equal six ETFs, no cash,rebalance=year|no guard"
2016-10-30,0.1607900496,0.1788845266,0.1735741721,0.1541631049,0.179023723,0.1535644239,-2.220446049e-16,1,"S1|equal six ETFs, no cash,rebalance=year|no guard"
2016-11-01,0.1618330585,0.1812148217,0.1735456676,0.1524107891,0.1766001764,0.1543954868,1.110223025e-16,1,"S1|equal six ETFs, no cash,rebalance=year|no guard"
2016-11-02,0.1612269216,0.179243329,0.1727386942,0.1549348656,0.1778119416,0.154044248,2.220446049e-16,1,"S1|equal six ETFs, no cash,rebalance=year|no guard"
2016-11-03,0.1619597623,0.1793690095,0.1734074039,0.1559011253,0.176506567,0.152856132,0,1,"S1|equal six ETFs, no cash,rebalance=year|no guard"
2016-11-04,0.1609431981,0.1769782936,0.1724275935,0.1565730452,0.1769699207,0.1561079489,0,1,"S1|equal six ETFs, no cash,rebalance=year|no guard"
2016-11-07,0.1623902213,0.1769387363,0.175104686,0.1558442755,0.1745521315,0.1551699494,-2.220446049e-16,1,"S1|equal six ETFs, no cash,rebalance=year|no guard"
2016-11-08,0.1625843446,0.1770412356,0.1745308905,0.1548491808,0.1747714725,0.1562228761,0,1,"S1|equal six ETFs, no cash,rebalance=year|no guard"
2016-11-09,0.1607992715,0.1748100788,0.1778081744,0.1589946,0.1731163401,0.1544715352,0,1,"S1|equal six ETFs, no cash,rebalance=year|no guard"
2016-11-10,0.1604518177,0.1751945966,0.1814674363,0.155604665,0.1727622643,0.1545192201,0,1,"S1|equal six ETFs, no cash,rebalance=year|no guard"
2016-11-11,0.1589411848,0.1738522526,0.180226477,0.1560421921,0.1742418653,0.1566960281,0,1,"S1|equal six ETFs, no cash,rebalance=year|no guard"
2016-11-15,0.1589339926,0.1668723483,0.1805206008,0.1588926848,0.1730294499,0.1617509235,0,1,"S1|equal six ETFs, no cash,rebalance=year|no guard"
2016-11-16,0.1588689714,0.1700088257,0.1782366066,0.1588733924,0.171560567,0.162451637,0,1,"S1|equal six ETFs, no cash,rebalance=year|no guard"
2016-11-17,0.1595332651,0.1702757568,0.1787185614,0.1575894093,0.172782493,0.1611005144,-2.220446049e-16,1,"S1|equal six ETFs, no cash,rebalance=year|no guard"
2016-11-18,0.1592079399,0.1701422569,0.1778949159,0.1545319344,0.1727209742,0.1655019788,0,1,"S1|equal six ETFs, no cash,rebalance=year|no guard"
2016-11-21,0.1562253738,0.170793941,0.1729459196,0.1549031278,0.1688713386,0.1762602993,0,1,"S1|equal six ETFs, no cash,rebalance=year|no guard"
2016-11-22,0.1570211881,0.1727080098,0.1727323901,0.154991553,0.1650585362,0.1774883228,0,1,"S1|equal six ETFs, no cash,rebalance=year|no guard"
2016-11-23,0.1572600303,0.172884316,0.1719260976,0.1549303381,0.1658087014,0.1771905166,0,1,"S1|equal six ETFs, no cash,rebalance=year|no guard"
2016-11-24,0.1563256547,0.1709694073,0.1708306586,0.1544441859,0.1680393992,0.1793906943,2.220446049e-16,1,"S1|equal six ETFs, no cash,rebalance=year|no guard"
2016-11-25,0.1574606159,0.1729743495,0.1711036017,0.151727257,0.1702593119,0.176474864,0,1,"S1|equal six ETFs, no cash,rebalance=year|no guard"
2016-11-28,0.1573443711,0.171772961,0.1683780594,0.1521322911,0.1693222419,0.1810500754,0,1,"S1|equal six ETFs, no cash,rebalance=year|no guard"
2016-11-29,0.1568574902,0.1715827799,0.166976476,0.1512957354,0.1681635772,0.1851239413,0,1,"S1|equal six ETFs, no cash,rebalance=year|no guard"
2016-11-30,0.1573295749,0.1723195339,0.1698245926,0.1503128439,0.1688232597,0.1813901951,0,1,"S1|equal six ETFs, no cash,rebalance=year|no guard"
2016-12-01,0.1574062813,0.1725771102,0.1688857906,0.1494046711,0.168373323,0.1833528238,0,1,"S1|equal six ETFs, no cash,rebalance=year|no guard"
2016-12-02,0.1560603075,0.1707270094,0.168329258,0.1484806731,0.1689843942,0.1874183578,1.110223025e-16,1,"S1|equal six ETFs, no cash,rebalance=year|no guard"
2016-12-05,0.1570442761,0.1714817874,0.1691567379,0.1478091339,0.1684666445,0.1860414202,1.110223025e-16,1,"S1|equal six ETFs, no cash,rebalance=year|no guard"
2016-12-06,0.1574036364,0.1727311088,0.1691836905,0.148486196,0.1682650533,0.183930315,0,1,"S1|equal six ETFs, no cash,rebalance=year|no guard"
2016-12-07,0.1569686141,0.1721081037,0.1677622906,0.1483512847,0.1693875489,0.185422158,0,1,"S1|equal six ETFs, no cash,rebalance=year|no guard"
2016-12-08,0.1577542146,0.1744489891,0.1687818114,0.1474366089,0.1692211879,0.1823571881,1.110223025e-16,1,"S1|equal six ETFs, no cash,rebalance=year|no guard"
2016-12-09,0.1575509817,0.1734499326,0.1695017296,0.1459493455,0.1704893159,0.1830586947,2.220446049e-16,1,"S1|equal six ETFs, no cash,rebalance=year|no guard"
2016-12-12,0.1568165642,0.1724026992,0.167998934,0.1463098533,0.1719452878,0.1845266615,0,1,"S1|equal six ETFs, no cash,rebalance=year|no guard"
2016-12-13,0.1581537812,0.1724268665,0.1692018504,0.146165287,0.1696867343,0.1843654806,0,1,"S1|equal six ETFs, no cash,rebalance=year|no guard"
2016-12-14,0.1596210299,0.1725326737,0.1704533732,0.147990884,0.168260948,0.1811410911,0,1,"S1|equal six ETFs, no cash,rebalance=year|no guard"
2016-12-15,0.1603143679,0.1740683185,0.1717242097,0.1475886982,0.1669746994,0.1793297062,0,1,"S1|equal six ETFs, no cash,rebalance=year|no guard"
2016-12-16,0.1598971845,0.1725773562,0.171214935,0.1459287608,0.1684513425,0.181930421,0,1,"S1|equal six ETFs, no cash,rebalance=year|no guard"
2016-12-19,0.1595698289,0.1722002681,0.1708801563,0.146352649,0.167285928,0.1837111697,0,1,"S1|equal six ETFs, no cash,rebalance=year|no guard"
2016-12-20,0.1594209179,0.1716094282,0.1692778947,0.1463477475,0.1676780151,0.1856659967,0,1,"S1|equal six ETFs, no cash,rebalance=year|no guard"
2016-12-21,0.1600023748,0.1696556621,0.1703960632,0.1469794766,0.1690446009,0.1839218224,0,1,"S1|equal six ETFs, no cash,rebalance=year|no guard"
2016-12-22,0.159240723,0.1701675412,0.1696961733,0.1471376012,0.1690337407,0.1847242206,0,1,"S1|equal six ETFs, no cash,rebalance=year|no guard"
2016-12-23,0.159100556,0.169041474,0.1692825642,0.1468245817,0.1697919607,0.1859588634,0,1,"S1|equal six ETFs, no cash,rebalance=year|no guard"
2016-12-26,0.1592650689,0.1681404513,0.1690910593,0.1493669108,0.1655762971,0.1885602126,-2.220446049e-16,1,"S1|equal six ETFs, no cash,rebalance=year|no guard"
2016-12-27,0.1596320514,0.1689776524,0.168881357,0.1492185352,0.1679721844,0.1853182195,-2.220446049e-16,1,"S1|equal six ETFs, no cash,rebalance=year|no guard"
2016-12-28,0.159572546,0.1696926566,0.1690801403,0.1504605695,0.1654226923,0.1857713952,-2.220446049e-16,1,"S1|equal six ETFs, no cash,rebalance=year|no guard"
2016-12-29,0.1601564881,0.1705955889,0.1695950119,0.1496725365,0.166834614,0.1831457606,-2.220446049e-16,1,"S1|equal six ETFs, no cash,rebalance=year|no guard"
2016-12-30,0.1607526202,0.1715990517,0.1697155976,0.149643169,0.1670942378,0.1811953238,1.110223025e-16,1,"S1|equal six ETFs, no cash,rebalance=year|no guard"
2017-01-02,0.160396124,0.1731135092,0.167565046,0.1489081957,0.1672398363,0.1827772889,0,1,"S1|equal six ETFs, no cash,rebalance=year|no guard"
2017-01-03,0.160040922,0.1732159668,0.1672835724,0.1476912873,0.1695703622,0.1821978893,-2.220446049e-16,1,"S1|equal six ETFs, no cash,rebalance=year|no guard"
2017-01-04,0.1596432379,0.1728910737,0.1662204548,0.1495281832,0.1686567694,0.1830602809,1.110223025e-16,1,"S1|equal six ETFs, no cash,rebalance=year|no guard"
2017-01-05,0.1599490234,0.1727864736,0.1664303686,0.149238199,0.1684633039,0.1831326315,0,1,"S1|equal six ETFs, no cash,rebalance=year|no guard"
2017-01-06,0.1594429666,0.1732184522,0.1686290577,0.1490536855,0.170011663,0.1796441749,2.220446049e-16,1,"S1|equal six ETFs, no cash,rebalance=year|no guard"
2017-01-09,0.1584565806,0.1727148238,0.1680254327,0.1486611104,0.1693864507,0.1827556017,1.110223025e-16,1,"S1|equal six ETFs, no cash,rebalance=year|no guard"
2017-01-10,0.1589535301,0.1740009747,0.1684856981,0.1491533065,0.1696071578,0.1797993327,0,1,"S1|equal six ETFs, no cash,rebalance=year|no guard"
2017-01-11,0.1587346646,0.1731102999,0.1695873191,0.1482982867,0.1695920365,0.1806773931,0,1,"S1|equal six ETFs, no cash,rebalance=year|no guard"
2017-01-12,0.1582182214,0.1737947127,0.1697620055,0.1483981881,0.1683611169,0.1814657554,0,1,"S1|equal six ETFs, no cash,rebalance=year|no guard"
2017-01-13,0.1582483132,0.1748571304,0.1701575382,0.1481844371,0.1689503084,0.1796022727,0,1,"S1|equal six ETFs, no cash,rebalance=year|no guard"
2017-01-16,0.157686703,0.1745133493,0.1707194468,0.1481611407,0.1680248788,0.1808944814,2.220446049e-16,1,"S1|equal six ETFs, no cash,rebalance=year|no guard"
2017-01-17,0.1569328711,0.1726699932,0.1700975491,0.1489601808,0.169016838,0.1823225677,0,1,"S1|equal six ETFs, no cash,rebalance=year|no guard"
2017-01-18,0.1569047749,0.1731885307,0.1705084474,0.1489258311,0.1690429563,0.1814294596,0,1,"S1|equal six ETFs, no cash,rebalance=year|no guard"
2017-01-19,0.1569978894,0.1740794591,0.1696150975,0.1475911615,0.1699156216,0.1818007709,0,1,"S1|equal six ETFs, no cash,rebalance=year|no guard"
2017-01-20,0.1566690787,0.1730321761,0.1686552708,0.1488891005,0.1701756536,0.1825787205,0,1,"S1|equal six ETFs, no cash,rebalance=year|no guard"
2017-01-23,0.1569106135,0.1738150238,0.1681008634,0.148370165,0.1705886745,0.1822146599,0,1,"S1|equal six ETFs, no cash,rebalance=year|no guard"
2017-01-24,0.1575413695,0.1744184623,0.1689193495,0.1475311539,0.1698497225,0.1817399424,0,1,"S1|equal six ETFs, no cash,rebalance=year|no guard"
2017-01-25,0.1583334992,0.1758921661,0.1707879947,0.1455012269,0.1686176218,0.1808674912,0,1,"S1|equal six ETFs, no cash,rebalance=year|no guard"
2017-01-27,0.1583246183,0.1759970398,0.1723067197,0.1429497247,0.167279631,0.1831422664,0,1,"S1|equal six ETFs, no cash,rebalance=year|no guard"
2017-01-30,0.1582862124,0.1760207031,0.1713357519,0.1422021342,0.1684850626,0.1836701359,0,1,"S1|equal six ETFs, no cash,rebalance=year|no guard"
2017-01-31,0.1580940009,0.1761734053,0.1716353192,0.144490488,0.1694426516,0.180164135,1.110223025e-16,1,"S1|equal six ETFs, no cash,rebalance=year|no guard"
2017-02-01,0.1588722235,0.1766831661,0.1743697047,0.1434334386,0.1686512442,0.1779902229,1.110223025e-16,1,"S1|equal six ETFs, no cash,rebalance=year|no guard"
2017-02-02,0.1580906335,0.1767354986,0.1737291701,0.1430589744,0.1702010528,0.1781846705,0,1,"S1|equal six ETFs, no cash,rebalance=year|no guard"
2017-02-03,0.158545654,0.1767424894,0.1745264084,0.1427690601,0.1742453906,0.1731709975,-2.220446049e-16,1,"S1|equal six ETFs, no cash,rebalance=year|no guard"
2017-02-06,0.1584216058,0.1767857931,0.1746507906,0.1420956563,0.1752889643,0.17275719,1.110223025e-16,1,"S1|equal six ETFs, no cash,rebalance=year|no guard"
2017-02-07,0.157812832,0.1769559137,0.1743151935,0.1438476572,0.1740432892,0.1730251143,1.110223025e-16,1,"S1|equal six ETFs, no cash,rebalance=year|no guard"
2017-02-08,0.1576695859,0.1774755839,0.1729513961,0.1439401361,0.1741721476,0.1737911504,0,1,"S1|equal six ETFs, no cash,rebalance=year|no guard"
2017-02-09,0.157061235,0.1772290529,0.1717207953,0.1427913689,0.1765332578,0.1746642902,0,1,"S1|equal six ETFs, no cash,rebalance=year|no guard"
2017-02-10,0.1575046504,0.1771466216,0.1725641218,0.1413516132,0.1738978774,0.1775351157,0,1,"S1|equal six ETFs, no cash,rebalance=year|no guard"
2017-02-13,0.1572851742,0.1761675771,0.1726606249,0.1405840958,0.1738497247,0.1794528033,0,1,"S1|equal six ETFs, no cash,rebalance=year|no guard"
2017-02-14,0.1565027728,0.1745799482,0.1713973403,0.140472778,0.1723704554,0.1846767053,0,1,"S1|equal six ETFs, no cash,rebalance=year|no guard"
2017-02-15,0.1562646073,0.1734545178,0.1715600876,0.1408518751,0.1690870628,0.1887818494,2.220446049e-16,1,"S1|equal six ETFs, no cash,rebalance=year|no guard"
2017-02-16,0.155531605,0.1734446352,0.1706166415,0.1405039858,0.1698404564,0.1900626761,1.110223025e-16,1,"S1|equal six ETFs, no cash,rebalance=year|no guard"
2017-02-17,0.1551743846,0.1735265934,0.1719234039,0.1404423217,0.170838713,0.1880945832,-2.220446049e-16,1,"S1|equal six ETFs, no cash,rebalance=year|no guard"
2017-02-20,0.1552100147,0.1746843463,0.1720693464,0.1391572336,0.1698413318,0.1890377271,0,1,"S1|equal six ETFs, no cash,rebalance=year|no guard"
2017-02-21,0.1550576989,0.1750116139,0.1729315732,0.1377350286,0.168570972,0.1906931135,2.220446049e-16,1,"S1|equal six ETFs, no cash,rebalance=year|no guard"
2017-02-22,0.1550191409,0.1739442632,0.1725331143,0.1388171812,0.1683825646,0.1913037359,0,1,"S1|equal six ETFs, no cash,rebalance=year|no guard"
2017-02-23,0.1555183146,0.1727691094,0.1726275543,0.138942451,0.1690980211,0.1910445495,1.110223025e-16,1,"S1|equal six ETFs, no cash,rebalance=year|no guard"
2017-02-27,0.1548777346,0.172859136,0.1710344198,0.1400464747,0.1686127015,0.1925695333,0,1,"S1|equal six ETFs, no cash,rebalance=year|no guard"
2017-02-28,0.1545871512,0.173692902,0.170708643,0.1396212877,0.168850035,0.192539981,0,1,"S1|equal six ETFs, no cash,rebalance=year|no guard"
2017-03-01,0.1556833958,0.1734409891,0.1718918447,0.1387212045,0.1691120506,0.1911505152,0,1,"S1|equal six ETFs, no cash,rebalance=year|no guard"
2017-03-02,0.1558115664,0.1724875359,0.1708856863,0.139297221,0.1692272934,0.192290697,0,1,"S1|equal six ETFs, no cash,rebalance=year|no guard"
2017-03-03,0.1570313058,0.1734290515,0.1717998333,0.1391319743,0.1701015459,0.1885062892,0,1,"S1|equal six ETFs, no cash,rebalance=year|no guard"
2017-03-06,0.1567974854,0.1732897941,0.1716035174,0.1387603207,0.1689983183,0.1905505642,1.110223025e-16,1,"S1|equal six ETFs, no cash,rebalance=year|no guard"
2017-03-07,0.1559659304,0.172659101,0.1711992729,0.1374904243,0.1702484636,0.1924368077,1.110223025e-16,1,"S1|equal six ETFs, no cash,rebalance=year|no guard"
2017-03-08,0.1565777507,0.1718693643,0.1723092377,0.136978415,0.170146641,0.1921185913,0,1,"S1|equal six ETFs, no cash,rebalance=year|no guard"
2017-03-09,0.1571925334,0.1719084341,0.1728126706,0.1366488981,0.1703386553,0.1910988085,0,1,"S1|equal six ETFs, no cash,rebalance=year|no guard"
2017-03-10,0.1572562723,0.1724101667,0.1730173925,0.1360784937,0.169488686,0.1917489887,1.110223025e-16,1,"S1|equal six ETFs, no cash,rebalance=year|no guard"
2017-03-14,0.1584482538,0.1740605434,0.174856965,0.1344071789,0.168004814,0.190222245,-2.220446049e-16,1,"S1|equal six ETFs, no cash,rebalance=year|no guard"
2017-03-15,0.1581458424,0.1741742242,0.1749704883,0.1325009709,0.1716351585,0.1885733157,0,1,"S1|equal six ETFs, no cash,rebalance=year|no guard"
2017-03-16,0.1580965336,0.1750571116,0.1743732343,0.1330861774,0.1710632892,0.188323654,0,1,"S1|equal six ETFs, no cash,rebalance=year|no guard"
2017-03-17,0.1586600239,0.1756235621,0.1743285484,0.1337409203,0.1719243486,0.1857225965,0,1,"S1|equal six ETFs, no cash,rebalance=year|no guard"
2017-03-20,0.1579937605,0.1757082709,0.1737111583,0.1337383785,0.1729050421,0.1859433896,0,1,"S1|equal six ETFs, no cash,rebalance=year|no guard"
2017-03-21,0.1580452223,0.1756057956,0.1732902191,0.1337778834,0.1715955472,0.1876853324,0,1,"S1|equal six ETFs, no cash,rebalance=year|no guard"
2017-03-22,0.1575166375,0.175219608,0.172339258,0.1363008269,0.1731297498,0.1854939197,0,1,"S1|equal six ETFs, no cash,rebalance=year|no guard"
2017-03-23,0.1580072094,0.1761584527,0.1727486226,0.1358382005,0.1716196111,0.1856279038,1.110223025e-16,1,"S1|equal six ETFs, no cash,rebalance=year|no guard"
2017-03-24,0.1580972935,0.1746566615,0.1739284034,0.1352198825,0.1763803681,0.181717391,0,1,"S1|equal six ETFs, no cash,rebalance=year|no guard"
2017-03-27,0.1580837316,0.1761764249,0.1745175549,0.1367201464,0.1777232121,0.1767789302,0,1,"S1|equal six ETFs, no cash,rebalance=year|no guard"
2017-03-28,0.1584291892,0.1763661563,0.1757396078,0.135962543,0.1773760324,0.1761264713,-2.220446049e-16,1,"S1|equal six ETFs, no cash,rebalance=year|no guard"
2017-03-29,0.1582589634,0.1764773009,0.1762434924,0.1352230375,0.1787854495,0.1750117562,1.110223025e-16,1,"S1|equal six ETFs, no cash,rebalance=year|no guard"
2017-03-30,0.15888511,0.1766800672,0.1768761064,0.1349060711,0.1779023737,0.1747502717,1.110223025e-16,1,"S1|equal six ETFs, no cash,rebalance=year|no guard"
2017-03-31,0.1595507108,0.1774561142,0.1771993863,0.1346461217,0.1784151861,0.172732481,0,1,"S1|equal six ETFs, no cash,rebalance=year|no guard"
2017-04-03,0.1666666667,0.1666666667,0.1666666667,0.1666666667,0.1666666667,0.1666666667,-2.220446049e-16,1,"S1|equal six ETFs, no cash,rebalance=year|no guard"
2017-04-05,0.1664509674,0.1675090953,0.1670926863,0.168076681,0.1663303198,0.1645402502,0,1,"S1|equal six ETFs, no cash,rebalance=year|no guard"
2017-04-06,0.1661857674,0.1675599625,0.1666207659,0.1679314922,0.165959009,0.1657430031,0,1,"S1|equal six ETFs, no cash,rebalance=year|no guard"
2017-04-07,0.1660595427,0.1695713332,0.1662310047,0.1696098043,0.1654583175,0.1630699975,0,1,"S1|equal six ETFs, no cash,rebalance=year|no guard"
2017-04-10,0.1661724598,0.169946612,0.1669971005,0.1678645058,0.1667661703,0.1622531515,0,1,"S1|equal six ETFs, no cash,rebalance=year|no guard"
2017-04-11,0.1667116292,0.1715028963,0.168235923,0.1679703328,0.1668317893,0.1587474295,0,1,"S1|equal six ETFs, no cash,rebalance=year|no guard"
2017-04-12,0.1654185867,0.1708715276,0.1670261428,0.1693765653,0.1689400679,0.1583671098,1.110223025e-16,1,"S1|equal six ETFs, no cash,rebalance=year|no guard"
2017-04-13,0.1648835628,0.1715276217,0.1677406884,0.1709268231,0.1679618106,0.1569594935,0,1,"S1|equal six ETFs, no cash,rebalance=year|no guard"
2017-04-17,0.1649508701,0.1706737064,0.1675200953,0.171254664,0.167104938,0.1584957263,-2.220446049e-16,1,"S1|equal six ETFs, no cash,rebalance=year|no guard"
2017-04-18,0.1642253957,0.1694692647,0.1682646781,0.1713472682,0.1701318595,0.1565615338,0,1,"S1|equal six ETFs, no cash,rebalance=year|no guard"
2017-04-19,0.1646431923,0.1704763821,0.1677553755,0.1708473664,0.1697040829,0.1565736009,0,1,"S1|equal six ETFs, no cash,rebalance=year|no guard"
2017-04-20,0.1648368635,0.1711280457,0.166737465,0.1705435121,0.169846519,0.1569075949,0,1,"S1|equal six ETFs, no cash,rebalance=year|no guard"
2017-04-21,0.1641688746,0.170873622,0.1664617136,0.170839064,0.1701621364,0.1574945894,0,1,"S1|equal six ETFs, no cash,rebalance=year|no guard"
2017-04-24,0.1655593331,0.1718309194,0.1686021499,0.1689930012,0.1716530594,0.1533615369,1.110223025e-16,1,"S1|equal six ETFs, no cash,rebalance=year|no guard"
2017-04-25,0.1681327545,0.1755774323,0.171460306,0.1698581433,0.1736434293,0.1413279346,0,1,"S1|equal six ETFs, no cash,rebalance=year|no guard"
2017-04-26,0.1694943375,0.175637282,0.1733506973,0.1693775747,0.175183507,0.1369566015,0,1,"S1|equal six ETFs, no cash,rebalance=year|no guard"
2017-04-27,0.1692030848,0.175233729,0.1735289904,0.1691493973,0.1738731356,0.1390116628,0,1,"S1|equal six ETFs, no cash,rebalance=year|no guard"
2017-04-28,0.1678036182,0.1744317667,0.1731681409,0.1688515122,0.1746664567,0.1410785053,0,1,"S1|equal six ETFs, no cash,rebalance=year|no guard"
2017-05-02,0.1681414388,0.1756761831,0.173681208,0.1676575286,0.1705711238,0.1442725177,-2.220446049e-16,1,"S1|equal six ETFs, no cash,rebalance=year|no guard"
2017-05-03,0.16784571,0.1752030663,0.1724761318,0.1669085983,0.1733098238,0.1442566698,0,1,"S1|equal six ETFs, no cash,rebalance=year|no guard"
2017-05-04,0.168081464,0.1751847108,0.1751679298,0.164285386,0.1727011877,0.1445793217,0,1,"S1|equal six ETFs, no cash,rebalance=year|no guard"
2017-05-05,0.1672249321,0.1732244716,0.1746240788,0.1653505553,0.1746842122,0.1448917501,0,1,"S1|equal six ETFs, no cash,rebalance=year|no guard"
2017-05-08,0.1665173236,0.1722645782,0.1750069978,0.1631435062,0.1718769897,0.1511906046,0,1,"S1|equal six ETFs, no cash,rebalance=year|no guard"
2017-05-09,0.1660647754,0.1733170968,0.1736657847,0.1624599241,0.172539511,0.151952908,-2.220446049e-16,1,"S1|equal six ETFs, no cash,rebalance=year|no guard"
2017-05-10,0.1658924348,0.1735071842,0.1726602797,0.1605912036,0.1745695711,0.1527793266,0,1,"S1|equal six ETFs, no cash,rebalance=year|no guard"
2017-05-11,0.1660543416,0.1737080242,0.172385678,0.1595914921,0.1753559901,0.152904474,2.220446049e-16,1,"S1|equal six ETFs, no cash,rebalance=year|no guard"
2017-05-12,0.1669592304,0.1740806253,0.1727386379,0.1609686858,0.17342034,0.1518324805,0,1,"S1|equal six ETFs, no cash,rebalance=year|no guard"
2017-05-15,0.1668205004,0.1748990936,0.1731336366,0.1604251575,0.1723593912,0.1523622206,1.110223025e-16,1,"S1|equal six ETFs, no cash,rebalance=year|no guard"
2017-05-16,0.1673829843,0.1740381611,0.1731389603,0.15990549,0.1714959612,0.1540384431,1.110223025e-16,1,"S1|equal six ETFs, no cash,rebalance=year|no guard"
2017-05-17,0.1674458886,0.1735979636,0.1728561038,0.1608490982,0.1722953438,0.152955602,0,1,"S1|equal six ETFs, no cash,rebalance=year|no guard"
2017-05-18,0.1667259343,0.1709987659,0.1723780595,0.1650917976,0.171572259,0.1532331837,0,1,"S1|equal six ETFs, no cash,rebalance=year|no guard"
2017-05-19,0.1669959034,0.1701224024,0.1732096721,0.1647124475,0.1695380775,0.1554214971,1.110223025e-16,1,"S1|equal six ETFs, no cash,rebalance=year|no guard"
2017-05-22,0.1672918869,0.1687429075,0.172506445,0.164556673,0.1685496377,0.1583524499,0,1,"S1|equal six ETFs, no cash,rebalance=year|no guard"
2017-05-23,0.167405793,0.1678640042,0.1729676253,0.1668983257,0.165712255,0.1591519968,1.110223025e-16,1,"S1|equal six ETFs, no cash,rebalance=year|no guard"
2017-05-24,0.1672905422,0.1656663868,0.1728493741,0.1663276039,0.1654211586,0.1624449345,-2.220446049e-16,1,"S1|equal six ETFs, no cash,rebalance=year|no guard"
2017-05-25,0.1680463883,0.1652226763,0.1757171424,0.1636984245,0.1640305662,0.1632848022,0,1,"S1|equal six ETFs, no cash,rebalance=year|no guard"
2017-05-26,0.1681361261,0.1675247002,0.1765671985,0.1635690811,0.1644174898,0.1597854043,0,1,"S1|equal six ETFs, no cash,rebalance=year|no guard"
2017-05-29,0.1677365102,0.1657222255,0.17438921,0.1628698527,0.165498629,0.1637835726,0,1,"S1|equal six ETFs, no cash,rebalance=year|no guard"
2017-05-30,0.1678246393,0.1665373575,0.1751395421,0.1626976179,0.1648010609,0.1629997823,-2.220446049e-16,1,"S1|equal six ETFs, no cash,rebalance=year|no guard"
2017-05-31,0.1678999084,0.1674879515,0.1758341859,0.1620182561,0.1638092771,0.162950421,0,1,"S1|equal six ETFs, no cash,rebalance=year|no guard"
2017-06-01,0.1679392528,0.1672172385,0.1750082433,0.1627433,0.162975248,0.1641167175,0,1,"S1|equal six ETFs, no cash,rebalance=year|no guard"
2017-06-02,0.167463308,0.1668969086,0.1742731259,0.1608928529,0.1643954631,0.1660783415,2.220446049e-16,1,"S1|equal six ETFs, no cash,rebalance=year|no guard"
2017-06-05,0.1671287737,0.1679848416,0.174160894,0.162243393,0.1627535515,0.1657285462,-2.220446049e-16,1,"S1|equal six ETFs, no cash,rebalance=year|no guard"
2017-06-06,0.1666808063,0.1664322895,0.1739816421,0.1632911051,0.1633212974,0.1662928595,0,1,"S1|equal six ETFs, no cash,rebalance=year|no guard"
2017-06-07,0.1658564893,0.1663521182,0.173630059,0.1618501974,0.1656632295,0.1666479066,1.110223025e-16,1,"S1|equal six ETFs, no cash,rebalance=year|no guard"
2017-06-08,0.1655639751,0.166839922,0.173545494,0.1612053294,0.1653500511,0.1674952284,2.220446049e-16,1,"S1|equal six ETFs, no cash,rebalance=year|no guard"
2017-06-09,0.1660218076,0.1670851701,0.1746166378,0.1600654144,0.1657095116,0.1665014585,3.330669074e-16,1,"S1|equal six ETFs, no cash,rebalance=year|no guard"
2017-06-12,0.1658126971,0.1677174795,0.174181113,0.1606117883,0.1662940241,0.165382898,0,1,"S1|equal six ETFs, no cash,rebalance=year|no guard"
2017-06-13,0.1662784523,0.1687387002,0.1744110551,0.1603689039,0.164554199,0.1656486895,0,1,"S1|equal six ETFs, no cash,rebalance=year|no guard"
2017-06-14,0.1665355886,0.1680815903,0.1744477627,0.1606299023,0.1624986322,0.167806524,0,1,"S1|equal six ETFs, no cash,rebalance=year|no guard"
2017-06-15,0.1666340198,0.169195518,0.174501062,0.1609875476,0.1611812633,0.1675005893,-2.220446049e-16,1,"S1|equal six ETFs, no cash,rebalance=year|no guard"
2017-06-16,0.1659578455,0.1688204408,0.1744456275,0.1599440043,0.1635276344,0.1673044476,0,1,"S1|equal six ETFs, no cash,rebalance=year|no guard"
2017-06-19,0.1670547358,0.1689370103,0.1767211245,0.1591895028,0.1633192576,0.164778369,0,1,"S1|equal six ETFs, no cash,rebalance=year|no guard"
2017-06-20,0.1672199355,0.1690732003,0.1764396736,0.1590504759,0.1633964412,0.1648202735,1.110223025e-16,1,"S1|equal six ETFs, no cash,rebalance=year|no guard"
2017-06-21,0.1666092485,0.1689968659,0.1761731682,0.1594843283,0.1630323772,0.165704012,0,1,"S1|equal six ETFs, no cash,rebalance=year|no guard"
2017-06-22,0.1658044043,0.1673114185,0.1763561018,0.1590571487,0.162810047,0.1686608798,0,1,"S1|equal six ETFs, no cash,rebalance=year|no guard"
2017-06-23,0.1662112652,0.1670652104,0.1752830832,0.1603270918,0.1628369679,0.1682763816,1.110223025e-16,1,"S1|equal six ETFs, no cash,rebalance=year|no guard"
2017-06-27,0.1660827446,0.1659200749,0.1738914082,0.1610321411,0.1637614522,0.1693121791,-2.220446049e-16,1,"S1|equal six ETFs, no cash,rebalance=year|no guard"
2017-06-28,0.1663657825,0.1671103688,0.1748914331,0.1609206214,0.1616604443,0.16905135,1.110223025e-16,1,"S1|equal six ETFs, no cash,rebalance=year|no guard"
2017-06-29,0.1664409357,0.1671060798,0.1748563915,0.1598840516,0.162845046,0.1688674953,0,1,"S1|equal six ETFs, no cash,rebalance=year|no guard"
2017-06-30,0.1671724451,0.1690841021,0.1747800379,0.1597715041,0.1636029758,0.1655889349,-2.220446049e-16,1,"S1|equal six ETFs, no cash,rebalance=year|no guard"
2017-07-03,0.1673106464,0.1693633705,0.1740286981,0.1580126631,0.1645101714,0.1667744506,0,1,"S1|equal six ETFs, no cash,rebalance=year|no guard"
2017-07-04,0.1681791206,0.1705219586,0.1749176581,0.1572125197,0.1631573172,0.1660114257,0,1,"S1|equal six ETFs, no cash,rebalance=year|no guard"
2017-07-05,0.1670042681,0.1696240672,0.1737626153,0.1555219602,0.1632473076,0.1708397817,-2.220446049e-16,1,"S1|equal six ETFs, no cash,rebalance=year|no guard"
2017-07-06,0.1675616092,0.1706935504,0.1745802775,0.1557578526,0.1620333576,0.1693733529,0,1,"S1|equal six ETFs, no cash,rebalance=year|no guard"
2017-07-07,0.1664097908,0.1700645596,0.1736284173,0.1544641781,0.1652988459,0.1701342083,1.110223025e-16,1,"S1|equal six ETFs, no cash,rebalance=year|no guard"
2017-07-10,0.1674161607,0.1705196762,0.1741155015,0.1520735248,0.1644451582,0.1714299786,0,1,"S1|equal six ETFs, no cash,rebalance=year|no guard"
2017-07-11,0.1684669607,0.1700385616,0.1747859684,0.1528102714,0.163464801,0.1704334369,3.330669074e-16,1,"S1|equal six ETFs, no cash,rebalance=year|no guard"
2017-07-12,0.1681784386,0.1700176601,0.1745743566,0.1526206076,0.1637867021,0.170822235,1.110223025e-16,1,"S1|equal six ETFs, no cash,rebalance=year|no guard"
2017-07-13,0.1686272093,0.1706816492,0.1750949154,0.1517859349,0.162726209,0.1710840821,0,1,"S1|equal six ETFs, no cash,rebalance=year|no guard"
2017-07-14,0.1689348235,0.1714037248,0.1755620097,0.1520840238,0.1627890959,0.1692263222,0,1,"S1|equal six ETFs, no cash,rebalance=year|no guard"
2017-07-17,0.1684548219,0.170446427,0.1750634327,0.1521440539,0.1617916666,0.1720995979,2.220446049e-16,1,"S1|equal six ETFs, no cash,rebalance=year|no guard"
2017-07-18,0.1678648599,0.1699849827,0.1757616894,0.1531146028,0.1613462531,0.1719276122,1.110223025e-16,1,"S1|equal six ETFs, no cash,rebalance=year|no guard"
2017-07-19,0.167389106,0.1707907351,0.1753619298,0.152042839,0.1610295603,0.1733858299,1.110223025e-16,1,"S1|equal six ETFs, no cash,rebalance=year|no guard"
2017-07-20,0.1670146102,0.1698712903,0.1757311694,0.1517586717,0.1624758411,0.1731484173,0,1,"S1|equal six ETFs, no cash,rebalance=year|no guard"
2017-07-21,0.1672202478,0.1698710825,0.1754274655,0.1523273059,0.1615927631,0.1735611352,0,1,"S1|equal six ETFs, no cash,rebalance=year|no guard"
2017-07-24,0.1674276865,0.1694509736,0.1758382001,0.1526064406,0.1611678165,0.1735088828,0,1,"S1|equal six ETFs, no cash,rebalance=year|no guard"
2017-07-25,0.1676404645,0.1702983892,0.1769011768,0.152011789,0.1592221238,0.1739260568,1.110223025e-16,1,"S1|equal six ETFs, no cash,rebalance=year|no guard"
2017-07-26,0.1678110381,0.1697053359,0.1771742545,0.1509695423,0.1618167217,0.1725231075,0,1,"S1|equal six ETFs, no cash,rebalance=year|no guard"
2017-07-27,0.1676767851,0.1687065156,0.1787399804,0.1518045385,0.1638750396,0.1691971408,-2.220446049e-16,1,"S1|equal six ETFs, no cash,rebalance=year|no guard"
2017-07-28,0.1672963783,0.1693215786,0.1775783919,0.1511877692,0.1630232427,0.1715926392,0,1,"S1|equal six ETFs, no cash,rebalance=year|no guard"
2017-07-31,0.1673845476,0.1695356828,0.1788386177,0.1506126651,0.1619676058,0.1716608811,0,1,"S1|equal six ETFs, no cash,rebalance=year|no guard"
2017-08-01,0.1677451801,0.1694019379,0.1793357724,0.1501729973,0.1620829732,0.171261139,1.110223025e-16,1,"S1|equal six ETFs, no cash,rebalance=year|no guard"
2017-08-02,0.1683009331,0.1692748762,0.1790426362,0.1503350713,0.1621333071,0.1709131761,0,1,"S1|equal six ETFs, no cash,rebalance=year|no guard"
2017-08-03,0.1689278324,0.1708799884,0.1783445934,0.1515563147,0.1641147259,0.1661765452,0,1,"S1|equal six ETFs, no cash,rebalance=year|no guard"
2017-08-04,0.1690504253,0.1722150817,0.1784496272,0.1522322642,0.1624764255,0.1655761762,-2.220446049e-16,1,"S1|equal six ETFs, no cash,rebalance=year|no guard"
2017-08-07,0.1677963755,0.1738124078,0.178132845,0.1499583317,0.1636979828,0.1666020572,0,1,"S1|equal six ETFs, no cash,rebalance=year|no guard"
2017-08-08,0.1684757695,0.1731373829,0.1775408568,0.1516272532,0.163237925,0.1659808127,1.110223025e-16,1,"S1|equal six ETFs, no cash,rebalance=year|no guard"
2017-08-09,0.168144627,0.1718016562,0.1774812006,0.1536642267,0.1621750217,0.1667332679,1.110223025e-16,1,"S1|equal six ETFs, no cash,rebalance=year|no guard"
2017-08-10,0.1687336587,0.1694369626,0.1791444272,0.1575147774,0.1623707573,0.1627994168,0,1,"S1|equal six ETFs, no cash,rebalance=year|no guard"
2017-08-11,0.1685350167,0.1704587611,0.1781914778,0.1603058825,0.1622192832,0.1602895787,1.110223025e-16,1,"S1|equal six ETFs, no cash,rebalance=year|no guard"
2017-08-14,0.1684209825,0.1719182558,0.1775468936,0.1572376735,0.1626156529,0.1622605417,1.110223025e-16,1,"S1|equal six ETFs, no cash,rebalance=year|no guard"
2017-08-16,0.1695957602,0.1728234644,0.1788188486,0.1550398985,0.1630402952,0.1606817332,-2.220446049e-16,1,"S1|equal six ETFs, no cash,rebalance=year|no guard"
2017-08-17,0.1700990279,0.1730100991,0.1783962017,0.1575750942,0.1634024592,0.1575171179,0,1,"S1|equal six ETFs, no cash,rebalance=year|no guard"
2017-08-18,0.1696183575,0.1730690849,0.1776690233,0.1585091495,0.1619861547,0.1591482302,2.220446049e-16,1,"S1|equal six ETFs, no cash,rebalance=year|no guard"
2017-08-21,0.1691155041,0.1721615873,0.1778363899,0.158291819,0.163658416,0.1589362837,0,1,"S1|equal six ETFs, no cash,rebalance=year|no guard"
2017-08-22,0.1698922804,0.1717112491,0.1787527251,0.158489031,0.1631001165,0.1580545979,0,1,"S1|equal six ETFs, no cash,rebalance=year|no guard"
2017-08-23,0.1700627999,0.1725069317,0.1795831681,0.157589886,0.1638523233,0.1564048909,0,1,"S1|equal six ETFs, no cash,rebalance=year|no guard"
2017-08-24,0.1707087443,0.1748486073,0.1796406584,0.1579251058,0.1637539995,0.1531228848,0,1,"S1|equal six ETFs, no cash,rebalance=year|no guard"
2017-08-28,0.1717846016,0.1758723089,0.1807102355,0.1598497161,0.1635972546,0.1481858834,1.110223025e-16,1,"S1|equal six ETFs, no cash,rebalance=year|no guard"
2017-08-29,0.170067771,0.1745029009,0.1791022062,0.1634038317,0.1638113537,0.1491119364,0,1,"S1|equal six ETFs, no cash,rebalance=year|no guard"
2017-08-30,0.1703070082,0.1761403209,0.1792464284,0.1611152907,0.1640615469,0.149129405,0,1,"S1|equal six ETFs, no cash,rebalance=year|no guard"
2017-08-31,0.1704232392,0.1760694297,0.1788238138,0.1601870624,0.1641628929,0.1503335619,0,1,"S1|equal six ETFs, no cash,rebalance=year|no guard"
2017-09-01,0.1701180344,0.1762184269,0.1779420896,0.1605584587,0.1650924727,0.1500705178,0,1,"S1|equal six ETFs, no cash,rebalance=year|no guard"
2017-09-04,0.1691658588,0.1760940698,0.1772104032,0.1627492033,0.1650009627,0.1497795022,1.110223025e-16,1,"S1|equal six ETFs, no cash,rebalance=year|no guard"
2017-09-05,0.1695766877,0.1766875617,0.1776987679,0.162039594,0.164857336,0.1491400527,0,1,"S1|equal six ETFs, no cash,rebalance=year|no guard"
2017-09-06,0.1690744635,0.176965606,0.1770687912,0.1634775634,0.1653281293,0.1480854466,0,1,"S1|equal six ETFs, no cash,rebalance=year|no guard"
2017-09-07,0.1692297437,0.1776306177,0.1769771169,0.1626072822,0.1648655815,0.1486896579,1.110223025e-16,1,"S1|equal six ETFs, no cash,rebalance=year|no guard"
2017-09-08,0.1689749216,0.1763258695,0.1773364592,0.1633528139,0.1663805453,0.1476293905,0,1,"S1|equal six ETFs, no cash,rebalance=year|no guard"
2017-09-11,0.1694822566,0.1775397202,0.1787830522,0.1612496147,0.1654573103,0.147488046,1.110223025e-16,1,"S1|equal six ETFs, no cash,rebalance=year|no guard"
2017-09-12,0.1698304475,0.1778063354,0.1785637901,0.1596609819,0.1681083144,0.1460301308,0,1,"S1|equal six ETFs, no cash,rebalance=year|no guard"
2017-09-13,0.1699744534,0.1772427502,0.1793721664,0.1607690142,0.1657505041,0.1468911116,0,1,"S1|equal six ETFs, no cash,rebalance=year|no guard"
2017-09-14,0.1697561519,0.1772363548,0.1795864834,0.1593005044,0.1676783897,0.1464421158,0,1,"S1|equal six ETFs, no cash,rebalance=year|no guard"
2017-09-15,0.169655549,0.1773188263,0.1790150456,0.1597080934,0.1675045122,0.1467979736,1.110223025e-16,1,"S1|equal six ETFs, no cash,rebalance=year|no guard"
2017-09-18,0.1705712999,0.177258279,0.1799904439,0.1580823948,0.1678756669,0.1462219155,1.110223025e-16,1,"S1|equal six ETFs, no cash,rebalance=year|no guard"
2017-09-19,0.1703977169,0.1781679029,0.1797361963,0.1578477068,0.1685410182,0.1453094589,0,1,"S1|equal six ETFs, no cash,rebalance=year|no guard"
2017-09-20,0.170332897,0.1776448581,0.1796186714,0.1585120411,0.1677614195,0.1461301128,0,1,"S1|equal six ETFs, no cash,rebalance=year|no guard"
2017-09-21,0.1706099889,0.1768458574,0.1791422312,0.1585638192,0.1678665557,0.1469715475,-2.220446049e-16,1,"S1|equal six ETFs, no cash,rebalance=year|no guard"
2017-09-22,0.1703242308,0.1753299862,0.1787317457,0.1606448776,0.167349851,0.1476193087,1.110223025e-16,1,"S1|equal six ETFs, no cash,rebalance=year|no guard"
2017-09-25,0.170335654,0.1741049753,0.1787077412,0.1622414944,0.1681577804,0.1464523546,1.110223025e-16,1,"S1|equal six ETFs, no cash,rebalance=year|no guard"
2017-09-26,0.1691737764,0.1739266027,0.1783354586,0.1634175688,0.1684713954,0.1466751981,0,1,"S1|equal six ETFs, no cash,rebalance=year|no guard"
2017-09-27,0.1695833661,0.172339158,0.1776781365,0.1639154126,0.1682274466,0.1482564802,1.110223025e-16,1,"S1|equal six ETFs, no cash,rebalance=year|no guard"
2017-09-28,0.1701484724,0.1724074594,0.1777112696,0.1629264107,0.1675291674,0.1492772206,1.110223025e-16,1,"S1|equal six ETFs, no cash,rebalance=year|no guard"
2017-09-29,0.1695814923,0.1735170602,0.1785202494,0.1620483186,0.1670706054,0.149262274,0,1,"S1|equal six ETFs, no cash,rebalance=year|no guard"
2017-10-03,0.1693369598,0.1753015928,0.1772716165,0.1605325194,0.1672254147,0.1503318968,0,1,"S1|equal six ETFs, no cash,rebalance=year|no guard"
2017-10-04,0.1702115635,0.175236062,0.1775321938,0.1601559845,0.168032181,0.1488320152,0,1,"S1|equal six ETFs, no cash,rebalance=year|no guard"
2017-10-05,0.1700519863,0.1755645342,0.177415783,0.1599939191,0.1679480117,0.1490257657,1.110223025e-16,1,"S1|equal six ETFs, no cash,rebalance=year|no guard"
2017-10-06,0.1711404335,0.1762379658,0.1775049277,0.1587144917,0.1670339654,0.1493682159,0,1,"S1|equal six ETFs, no cash,rebalance=year|no guard"
2017-10-09,0.1707179362,0.1753511926,0.1769794677,0.160015944,0.1660035178,0.1509319418,0,1,"S1|equal six ETFs, no cash,rebalance=year|no guard"
2017-10-10,0.1707598793,0.1761091976,0.1772424374,0.1602883967,0.1661985678,0.1494015212,0,1,"S1|equal six ETFs, no cash,rebalance=year|no guard"
2017-10-11,0.1702311924,0.1753715016,0.1755860898,0.1609360443,0.1685552958,0.1493198761,0,1,"S1|equal six ETFs, no cash,rebalance=year|no guard"
2017-10-12,0.1712162262,0.1765373216,0.1766029221,0.1608081145,0.166615526,0.1482198895,2.220446049e-16,1,"S1|equal six ETFs, no cash,rebalance=year|no guard"
2017-10-13,0.1719239084,0.1760558593,0.1780789558,0.1598619572,0.1660587724,0.1480205469,0,1,"S1|equal six ETFs, no cash,rebalance=year|no guard"
2017-10-16,0.1723774133,0.176131541,0.1774073928,0.1589125512,0.166285531,0.1488855707,0,1,"S1|equal six ETFs, no cash,rebalance=year|no guard"
2017-10-17,0.1727369165,0.1768459919,0.177481623,0.1587227644,0.1669831745,0.1472295297,0,1,"S1|equal six ETFs, no cash,rebalance=year|no guard"
2017-10-18,0.1731465726,0.1772548527,0.1760442741,0.1582015191,0.16777713,0.1475756515,0,1,"S1|equal six ETFs, no cash,rebalance=year|no guard"
2017-10-19,0.1718959303,0.1774560455,0.174039873,0.1597090121,0.1682772812,0.1486218579,0,1,"S1|equal six ETFs, no cash,rebalance=year|no guard"
2017-10-23,0.1729063431,0.177209034,0.1743763939,0.158037423,0.1690340898,0.1484367163,1.110223025e-16,1,"S1|equal six ETFs, no cash,rebalance=year|no guard"
2017-10-24,0.1726651157,0.1777209604,0.1752952712,0.1579470537,0.1679704895,0.1484011095,0,1,"S1|equal six ETFs, no cash,rebalance=year|no guard"
2017-10-25,0.1720660605,0.177003046,0.179038005,0.1555941828,0.1685020374,0.1477966683,1.110223025e-16,1,"S1|equal six ETFs, no cash,rebalance=year|no guard"
2017-10-26,0.1725080517,0.1781943038,0.1786652008,0.1551476114,0.1684174667,0.1470673656,1.110223025e-16,1,"S1|equal six ETFs, no cash,rebalance=year|no guard"
2017-10-27,0.1725326516,0.1795666429,0.1778526117,0.1545197868,0.1695779649,0.145950342,0,1,"S1|equal six ETFs, no cash,rebalance=year|no guard"
2017-10-30,0.1722428309,0.1797420544,0.1778256149,0.1531973465,0.170139141,0.1468530123,-2.220446049e-16,1,"S1|equal six ETFs, no cash,rebalance=year|no guard"
2017-10-31,0.1718468923,0.1796082044,0.1783129252,0.154005266,0.1695898047,0.1466369074,0,1,"S1|equal six ETFs, no cash,rebalance=year|no guard"
2017-11-01,0.1723211746,0.1810152563,0.1797507369,0.1528647388,0.1713411103,0.1427069831,0,1,"S1|equal six ETFs, no cash,rebalance=year|no guard"
2017-11-02,0.1723412497,0.1816833776,0.1796464811,0.1525972173,0.172331795,0.1413998794,2.220446049e-16,1,"S1|equal six ETFs, no cash,rebalance=year|no guard"
2017-11-03,0.1720244578,0.1810811777,0.1803587625,0.15193793,0.171475061,0.1431226109,-2.220446049e-16,1,"S1|equal six ETFs, no cash,rebalance=year|no guard"
2017-11-06,0.1713026841,0.1814119909,0.1792971899,0.1506022524,0.1727547564,0.1446311264,1.110223025e-16,1,"S1|equal six ETFs, no cash,rebalance=year|no guard"
2017-11-07,0.1712183975,0.1796964102,0.1784069868,0.1530568355,0.1710307156,0.1465906545,0,1,"S1|equal six ETFs, no cash,rebalance=year|no guard"
2017-11-08,0.1709425066,0.1783517333,0.1783227128,0.1537564321,0.1708838802,0.1477427349,0,1,"S1|equal six ETFs, no cash,rebalance=year|no guard"
2017-11-09,0.1707639748,0.1798456247,0.1791196418,0.1539365901,0.1688409315,0.1474932372,0,1,"S1|equal six ETFs, no cash,rebalance=year|no guard"
2017-11-10,0.1707252618,0.1800376153,0.1798885396,0.1542875687,0.1693947163,0.1456662983,0,1,"S1|equal six ETFs, no cash,rebalance=year|no guard"
2017-11-13,0.169616137,0.1789214974,0.1797845051,0.154105132,0.1705991616,0.1469735669,0,1,"S1|equal six ETFs, no cash,rebalance=year|no guard"
2017-11-14,0.1693572591,0.1787861413,0.1794710967,0.1540179561,0.1694722233,0.1488953236,0,1,"S1|equal six ETFs, no cash,rebalance=year|no guard"
2017-11-15,0.1684950572,0.1767678339,0.1796066162,0.1551600091,0.1688694675,0.1511010161,-2.220446049e-16,1,"S1|equal six ETFs, no cash,rebalance=year|no guard"
2017-11-16,0.1682533401,0.1770813103,0.1789885796,0.1528677041,0.1681597305,0.1546493353,0,1,"S1|equal six ETFs, no cash,rebalance=year|no guard"
2017-11-17,0.1667992942,0.1769070104,0.1789832138,0.1508942645,0.1695480317,0.1568681855,-2.220446049e-16,1,"S1|equal six ETFs, no cash,rebalance=year|no guard"
2017-11-20,0.1668254707,0.176734893,0.1785302635,0.1517071529,0.1685327446,0.1576694753,1.110223025e-16,1,"S1|equal six ETFs, no cash,rebalance=year|no guard"
2017-11-21,0.1666547399,0.1761815005,0.17788846,0.1499570851,0.1677971097,0.1615211048,0,1,"S1|equal six ETFs, no cash,rebalance=year|no guard"
2017-11-22,0.1668049892,0.1757744292,0.1776364201,0.1500631404,0.168481573,0.1612394481,2.220446049e-16,1,"S1|equal six ETFs, no cash,rebalance=year|no guard"
2017-11-23,0.1661470524,0.1754858597,0.1766299051,0.1495272399,0.1677114623,0.1644984806,0,1,"S1|equal six ETFs, no cash,rebalance=year|no guard"
2017-11-24,0.1667487155,0.1758377406,0.1773598228,0.1497540781,0.1684807676,0.1618188754,1.110223025e-16,1,"S1|equal six ETFs, no cash,rebalance=year|no guard"
2017-11-27,0.1663537586,0.1757660395,0.1774106442,0.149116961,0.1696524948,0.161700102,0,1,"S1|equal six ETFs, no cash,rebalance=year|no guard"
2017-11-28,0.1663781618,0.176132532,0.177353955,0.1492778392,0.168680199,0.162177313,0,1,"S1|equal six ETFs, no cash,rebalance=year|no guard"
2017-11-29,0.166600677,0.1761651742,0.1772313095,0.1496589062,0.1694085152,0.1609354178,0,1,"S1|equal six ETFs, no cash,rebalance=year|no guard"
2017-11-30,0.1664576091,0.1769515495,0.1758899079,0.1498586067,0.1705082634,0.1603340634,0,1,"S1|equal six ETFs, no cash,rebalance=year|no guard"
2017-12-01,0.1654894495,0.1762136953,0.175608919,0.1502884936,0.1697718568,0.1626275857,-2.220446049e-16,1,"S1|equal six ETFs, no cash,rebalance=year|no guard"
2017-12-04,0.165311529,0.1754571482,0.1751510092,0.1492806147,0.1698740719,0.1649256269,0,1,"S1|equal six ETFs, no cash,rebalance=year|no guard"
2017-12-05,0.1652923473,0.1757131342,0.1753748274,0.1497163195,0.169593971,0.1643094007,0,1,"S1|equal six ETFs, no cash,rebalance=year|no guard"
2017-12-06,0.1667305476,0.1774070469,0.176424397,0.1515406168,0.1680499249,0.1598474668,0,1,"S1|equal six ETFs, no cash,rebalance=year|no guard"
2017-12-07,0.1674645324,0.1787638121,0.1762540585,0.1493127785,0.1692395551,0.1589652635,0,1,"S1|equal six ETFs, no cash,rebalance=year|no guard"
2017-12-08,0.1677771072,0.1785174242,0.1762062688,0.1467908166,0.1717888353,0.1589195479,0,1,"S1|equal six ETFs, no cash,rebalance=year|no guard"
2017-12-11,0.1678882164,0.1790158268,0.1765249941,0.1466238784,0.1692650613,0.160682023,0,1,"S1|equal six ETFs, no cash,rebalance=year|no guard"
2017-12-12,0.1669052447,0.1777287427,0.1750535386,0.1466818625,0.1715382044,0.1620924071,1.110223025e-16,1,"S1|equal six ETFs, no cash,rebalance=year|no guard"
2017-12-13,0.1678452001,0.1769722105,0.1756441294,0.1474613255,0.1714708403,0.1606062942,0,1,"S1|equal six ETFs, no cash,rebalance=year|no guard"
2017-12-14,0.1669344607,0.1760381329,0.1754434558,0.1475966359,0.1730509175,0.1609363973,-2.220446049e-16,1,"S1|equal six ETFs, no cash,rebalance=year|no guard"
2017-12-15,0.1667419617,0.17544628,0.1763918894,0.1455075118,0.1736624534,0.1622499037,0,1,"S1|equal six ETFs, no cash,rebalance=year|no guard"
2017-12-18,0.1653333484,0.1745667487,0.1741342494,0.1434650416,0.1794163089,0.163084303,0,1,"S1|equal six ETFs, no cash,rebalance=year|no guard"
2017-12-19,0.1663439852,0.1766102091,0.1746375687,0.1436928429,0.1757586192,0.1629567749,0,1,"S1|equal six ETFs, no cash,rebalance=year|no guard"
2017-12-20,0.165922852,0.1770552291,0.1742432817,0.1437910146,0.1776960939,0.1612915287,1.110223025e-16,1,"S1|equal six ETFs, no cash,rebalance=year|no guard"
2017-12-21,0.1653692833,0.1775496832,0.1735081044,0.143477424,0.1776933526,0.1624021525,0,1,"S1|equal six ETFs, no cash,rebalance=year|no guard"
2017-12-22,0.1657385892,0.1780301629,0.1734523568,0.143371363,0.1764808015,0.1629267266,-2.220446049e-16,1,"S1|equal six ETFs, no cash,rebalance=year|no guard"
2017-12-26,0.1652050317,0.1777276231,0.1724086859,0.1436059553,0.1766332888,0.1644194152,0,1,"S1|equal six ETFs, no cash,rebalance=year|no guard"
2017-12-27,0.1647300312,0.1764772689,0.1712070208,0.1441464842,0.1738008754,0.1696383194,1.110223025e-16,1,"S1|equal six ETFs, no cash,rebalance=year|no guard"
2017-12-28,0.1642365393,0.175931985,0.1706921407,0.1451856088,0.1732008646,0.1707528615,0,1,"S1|equal six ETFs, no cash,rebalance=year|no guard"
2017-12-29,0.1639158747,0.1758845344,0.1704107057,0.1437157804,0.1725260837,0.1735470212,0,1,"S1|equal six ETFs, no cash,rebalance=year|no guard"
2018-01-01,0.1631003788,0.1767051311,0.1693316475,0.1447616536,0.1730742022,0.1730269868,-2.220446049e-16,1,"S1|equal six ETFs, no cash,rebalance=year|no guard"
2018-01-02,0.1629453035,0.1758033881,0.1693260448,0.1452390537,0.1746712904,0.1720149195,1.110223025e-16,1,"S1|equal six ETFs, no cash,rebalance=year|no guard"
2018-01-03,0.1632324682,0.1766187953,0.169667882,0.1452761429,0.1748651777,0.1703395338,1.110223025e-16,1,"S1|equal six ETFs, no cash,rebalance=year|no guard"
2018-01-04,0.1622994734,0.1771042483,0.1687994676,0.1433569479,0.1799941758,0.1684456869,1.110223025e-16,1,"S1|equal six ETFs, no cash,rebalance=year|no guard"
2018-01-05,0.1627267014,0.1785715588,0.1694504728,0.1432453711,0.1772084827,0.1687974132,0,1,"S1|equal six ETFs, no cash,rebalance=year|no guard"
2018-01-08,0.1626790014,0.1789497417,0.1688353991,0.1426809787,0.1779446841,0.1689101951,1.110223025e-16,1,"S1|equal six ETFs, no cash,rebalance=year|no guard"
2018-01-09,0.1624649194,0.178012208,0.1681392773,0.142542284,0.180583456,0.1682578554,0,1,"S1|equal six ETFs, no cash,rebalance=year|no guard"
2018-01-10,0.1634242912,0.1776094179,0.1679354383,0.1427363443,0.1802599601,0.1680345482,1.110223025e-16,1,"S1|equal six ETFs, no cash,rebalance=year|no guard"
2018-01-11,0.1645714917,0.1779546108,0.1692021639,0.1441122312,0.1795971722,0.1645623303,0,1,"S1|equal six ETFs, no cash,rebalance=year|no guard"
2018-01-12,0.1641953019,0.1774205014,0.1688255577,0.144356514,0.1773900198,0.1678121052,0,1,"S1|equal six ETFs, no cash,rebalance=year|no guard"
2018-01-15,0.1640077455,0.1767209873,0.1698284377,0.1442598966,0.1771073786,0.1680755543,0,1,"S1|equal six ETFs, no cash,rebalance=year|no guard"
2018-01-16,0.1643370068,0.1750043946,0.1708263478,0.1457868159,0.1756472111,0.1683982237,0,1,"S1|equal six ETFs, no cash,rebalance=year|no guard"
2018-01-17,0.1649526665,0.1755625891,0.1722158304,0.1452511581,0.1725131228,0.169504633,-2.220446049e-16,1,"S1|equal six ETFs, no cash,rebalance=year|no guard"
2018-01-18,0.1660517011,0.1730858646,0.1737215418,0.1445782432,0.1729792967,0.1695833526,0,1,"S1|equal six ETFs, no cash,rebalance=year|no guard"
2018-01-19,0.1646217968,0.1716503774,0.174243249,0.1431346632,0.1759700086,0.170379905,-2.220446049e-16,1,"S1|equal six ETFs, no cash,rebalance=year|no guard"
2018-01-22,0.1645021162,0.1727140085,0.1734862236,0.1419073016,0.1765949594,0.1707953908,0,1,"S1|equal six ETFs, no cash,rebalance=year|no guard"
2018-01-23,0.1645310375,0.1715254473,0.1737515304,0.1407968453,0.1813296318,0.1680655077,1.110223025e-16,1,"S1|equal six ETFs, no cash,rebalance=year|no guard"
2018-01-24,0.1651000024,0.1712852459,0.1742804422,0.1420011276,0.1783810246,0.1689521574,0,1,"S1|equal six ETFs, no cash,rebalance=year|no guard"
2018-01-25,0.1646809949,0.1692931547,0.1744380294,0.1430101479,0.1781130332,0.1704646399,1.110223025e-16,1,"S1|equal six ETFs, no cash,rebalance=year|no guard"
2018-01-29,0.164336759,0.1667776234,0.1734895631,0.1408716556,0.1780158065,0.1765085924,2.220446049e-16,1,"S1|equal six ETFs, no cash,rebalance=year|no guard"
2018-01-30,0.1648932803,0.167504902,0.1741109221,0.1424940875,0.1773892628,0.1736075454,-4.440892099e-16,1,"S1|equal six ETFs, no cash,rebalance=year|no guard"
2018-01-31,0.1652791856,0.1668441121,0.1751778907,0.1427331759,0.1770775238,0.1728881119,2.220446049e-16,1,"S1|equal six ETFs, no cash,rebalance=year|no guard"
2018-02-01,0.1654861156,0.1673184649,0.174729995,0.1432458503,0.1749912851,0.174228289,0,1,"S1|equal six ETFs, no cash,rebalance=year|no guard"
2018-02-02,0.164374558,0.1656451337,0.1720935204,0.1463029836,0.172529964,0.1790538404,-2.220446049e-16,1,"S1|equal six ETFs, no cash,rebalance=year|no guard"
2018-02-05,0.1652303988,0.1668234142,0.1726003264,0.1474135466,0.1738292437,0.1741030703,1.110223025e-16,1,"S1|equal six ETFs, no cash,rebalance=year|no guard"
2018-02-06,0.1652114913,0.1671089365,0.1733851519,0.1505054622,0.173590261,0.1701986971,0,1,"S1|equal six ETFs, no cash,rebalance=year|no guard"
2018-02-07,0.1637373239,0.167651593,0.1710062347,0.148195082,0.1739446853,0.175465081,0,1,"S1|equal six ETFs, no cash,rebalance=year|no guard"
2018-02-08,0.1647973493,0.1695354307,0.1723319821,0.1459167711,0.1731396298,0.174278837,0,1,"S1|equal six ETFs, no cash,rebalance=year|no guard"
2018-02-09,0.1633066388,0.168787679,0.1698154339,0.1471458134,0.1737323979,0.177212037,1.110223025e-16,1,"S1|equal six ETFs, no cash,rebalance=year|no guard"
2018-02-12,0.1633546765,0.1705214888,0.1700190996,0.1462881895,0.1735238878,0.1762926579,0,1,"S1|equal six ETFs, no cash,rebalance=year|no guard"
2018-02-14,0.1646581046,0.1722181874,0.1698881128,0.1488281807,0.173537034,0.1708703805,0,1,"S1|equal six ETFs, no cash,rebalance=year|no guard"
2018-02-15,0.1646222707,0.1702288152,0.1692245209,0.149893383,0.1734766248,0.1725543853,0,1,"S1|equal six ETFs, no cash,rebalance=year|no guard"
2018-02-16,0.1636908012,0.1686735243,0.1683389267,0.151231369,0.1736055083,0.1744598705,-2.220446049e-16,1,"S1|equal six ETFs, no cash,rebalance=year|no guard"
2018-02-19,0.1626764395,0.1672418418,0.1671941258,0.1511370915,0.1713660288,0.1803844726,-2.220446049e-16,1,"S1|equal six ETFs, no cash,rebalance=year|no guard"
2018-02-20,0.1628749246,0.1684191318,0.1669809945,0.1512915714,0.1721889826,0.1782443951,-2.220446049e-16,1,"S1|equal six ETFs, no cash,rebalance=year|no guard"
2018-02-21,0.1639699453,0.1679721743,0.1674037073,0.1505903869,0.1701757637,0.1798880224,-2.220446049e-16,1,"S1|equal six ETFs, no cash,rebalance=year|no guard"
2018-02-22,0.1635323191,0.1665965281,0.1676644609,0.1503370195,0.1702659751,0.1816036973,0,1,"S1|equal six ETFs, no cash,rebalance=year|no guard"
2018-02-23,0.1640013194,0.1682188364,0.1685569532,0.1494943902,0.1689341322,0.1807943687,0,1,"S1|equal six ETFs, no cash,rebalance=year|no guard"
2018-02-26,0.1642065595,0.1677565719,0.1701665363,0.1492622976,0.1659595645,0.1826484702,-2.220446049e-16,1,"S1|equal six ETFs, no cash,rebalance=year|no guard"
2018-02-27,0.1640886302,0.1680479432,0.1688114042,0.1494979024,0.165285065,0.184269055,0,1,"S1|equal six ETFs, no cash,rebalance=year|no guard"
2018-02-28,0.1646185202,0.1683249217,0.1674685115,0.149709522,0.1644847168,0.1853938077,0,1,"S1|equal six ETFs, no cash,rebalance=year|no guard"
2018-03-01,0.1648251903,0.1686219094,0.1669015755,0.1500129959,0.1658505446,0.1837877844,0,1,"S1|equal six ETFs, no cash,rebalance=year|no guard"
2018-03-05,0.1628630469,0.1663958688,0.1661002841,0.1507167984,0.1654009128,0.1885230889,0,1,"S1|equal six ETFs, no cash,rebalance=year|no guard"
2018-03-06,0.162753012,0.1662211968,0.1654090026,0.1515873397,0.1657641427,0.1882653061,-2.220446049e-16,1,"S1|equal six ETFs, no cash,rebalance=year|no guard"
2018-03-07,0.162452297,0.1657154793,0.1646688532,0.1535781836,0.1659391539,0.187646033,0,1,"S1|equal six ETFs, no cash,rebalance=year|no guard"
2018-03-08,0.1630676596,0.1646921682,0.1656626146,0.1523440861,0.1646001403,0.1896333312,1.110223025e-16,1,"S1|equal six ETFs, no cash,rebalance=year|no guard"
2018-03-09,0.1627218369,0.16454771,0.1644791095,0.1515688084,0.1646589139,0.1920236213,0,1,"S1|equal six ETFs, no cash,rebalance=year|no guard"
2018-03-12,0.1648173717,0.1646637122,0.1655981506,0.1502831416,0.1641199808,0.190517643,0,1,"S1|equal six ETFs, no cash,rebalance=year|no guard"
2018-03-13,0.1639193171,0.1657233509,0.165441955,0.1493111026,0.1638159488,0.1917883257,0,1,"S1|equal six ETFs, no cash,rebalance=year|no guard"
2018-03-14,0.1631572685,0.1657832903,0.1652386651,0.1493162223,0.1624054029,0.194099151,0,1,"S1|equal six ETFs, no cash,rebalance=year|no guard"
2018-03-15,0.1633857386,0.1669586338,0.1660658789,0.1500000023,0.1630852569,0.1905044895,1.110223025e-16,1,"S1|equal six ETFs, no cash,rebalance=year|no guard"
2018-03-16,0.1613922254,0.1656838189,0.1650901352,0.1501708765,0.1635024356,0.1941605084,0,1,"S1|equal six ETFs, no cash,rebalance=year|no guard"
2018-03-19,0.1615645538,0.1647861083,0.1647173666,0.1509112197,0.163881603,0.1941391486,1.110223025e-16,1,"S1|equal six ETFs, no cash,rebalance=year|no guard"
2018-03-20,0.1608655361,0.1653700996,0.1634158503,0.1511165374,0.1643324354,0.1948995412,0,1,"S1|equal six ETFs, no cash,rebalance=year|no guard"
2018-03-21,0.1612139302,0.1651499768,0.164265832,0.1511603644,0.1635574619,0.1946524346,0,1,"S1|equal six ETFs, no cash,rebalance=year|no guard"
2018-03-22,0.1614906343,0.1657147363,0.1643083946,0.1528811873,0.1640247552,0.1915802924,0,1,"S1|equal six ETFs, no cash,rebalance=year|no guard"
2018-03-23,0.1614340839,0.1660874976,0.1626114442,0.1551364796,0.1632676497,0.191462845,0,1,"S1|equal six ETFs, no cash,rebalance=year|no guard"
2018-03-26,0.1615730136,0.1660853637,0.1648383028,0.1538531511,0.1637489749,0.189901194,0,1,"S1|equal six ETFs, no cash,rebalance=year|no guard"
2018-03-27,0.1623436183,0.1680660847,0.1656798167,0.154142746,0.1632947045,0.1864730298,-2.220446049e-16,1,"S1|equal six ETFs, no cash,rebalance=year|no guard"
2018-03-28,0.1627820652,0.1687981155,0.1660961075,0.1541964796,0.1656054249,0.1825218073,0,1,"S1|equal six ETFs, no cash,rebalance=year|no guard"
2018-04-02,0.1666666667,0.1666666667,0.1666666667,0.1666666667,0.1666666667,0.1666666667,-2.220446049e-16,1,"S1|equal six ETFs, no cash,rebalance=year|no guard"
2018-04-03,0.1677809937,0.1684020197,0.1685413145,0.1674351863,0.1660742372,0.1617662486,0,1,"S1|equal six ETFs, no cash,rebalance=year|no guard"
2018-04-04,0.166519498,0.1675406747,0.1666485257,0.1695321056,0.1653303138,0.1644288823,0,1,"S1|equal six ETFs, no cash,rebalance=year|no guard"
2018-04-05,0.168904386,0.1695321434,0.1704797836,0.1664468765,0.1656251261,0.1590116844,-2.220446049e-16,1,"S1|equal six ETFs, no cash,rebalance=year|no guard"
2018-04-06,0.1680571437,0.1704671106,0.1705116162,0.1650554313,0.1663949554,0.1595137426,1.110223025e-16,1,"S1|equal six ETFs, no cash,rebalance=year|no guard"
2018-04-09,0.1676526418,0.1700799152,0.170432242,0.1647749058,0.1658059246,0.1612543706,0,1,"S1|equal six ETFs, no cash,rebalance=year|no guard"
2018-04-10,0.1676627952,0.169699785,0.1714268253,0.1653224882,0.1646263721,0.1612617342,0,1,"S1|equal six ETFs, no cash,rebalance=year|no guard"
2018-04-11,0.1683684937,0.1701471538,0.1710394589,0.1670795744,0.1657634949,0.1576018244,0,1,"S1|equal six ETFs, no cash,rebalance=year|no guard"
2018-04-12,0.1688382282,0.1693489003,0.1710878681,0.16724766,0.165130762,0.1583465815,0,1,"S1|equal six ETFs, no cash,rebalance=year|no guard"
2018-04-13,0.1684308155,0.1689776715,0.1710593516,0.1657801484,0.1645377829,0.1612142301,1.110223025e-16,1,"S1|equal six ETFs, no cash,rebalance=year|no guard"
2018-04-16,0.1682501108,0.1688037036,0.170596988,0.1665489409,0.1655085311,0.1602917256,0,1,"S1|equal six ETFs, no cash,rebalance=year|no guard"
2018-04-17,0.167725984,0.1686840403,0.1703095473,0.1662982789,0.1654321207,0.1615500288,2.220446049e-16,1,"S1|equal six ETFs, no cash,rebalance=year|no guard"
2018-04-18,0.1679284628,0.1687752694,0.1690668152,0.1677730737,0.1652618639,0.161194515,-2.220446049e-16,1,"S1|equal six ETFs, no cash,rebalance=year|no guard"
2018-04-19,0.1679188062,0.1689689488,0.1687469732,0.1666555208,0.165336496,0.162373255,-2.220446049e-16,1,"S1|equal six ETFs, no cash,rebalance=year|no guard"
2018-04-20,0.1677095411,0.1678850462,0.1677594133,0.1663239434,0.164236314,0.166085742,0,1,"S1|equal six ETFs, no cash,rebalance=year|no guard"
2018-04-23,0.1681356892,0.1683875342,0.1670728772,0.1658324436,0.1647471524,0.1658243033,-2.220446049e-16,1,"S1|equal six ETFs, no cash,rebalance=year|no guard"
2018-04-24,0.1688867653,0.1691313016,0.1681833276,0.1654848907,0.1651860811,0.1631276337,1.110223025e-16,1,"S1|equal six ETFs, no cash,rebalance=year|no guard"
2018-04-25,0.1692058458,0.1707966734,0.1674027177,0.1672811574,0.1640787728,0.1612348329,0,1,"S1|equal six ETFs, no cash,rebalance=year|no guard"
2018-04-26,0.1696469976,0.169505275,0.1679216689,0.1663913801,0.1644398002,0.1620948782,2.220446049e-16,1,"S1|equal six ETFs, no cash,rebalance=year|no guard"
2018-04-27,0.1700999775,0.1696387003,0.1701044583,0.1654651419,0.1649622318,0.15972949,1.110223025e-16,1,"S1|equal six ETFs, no cash,rebalance=year|no guard"
2018-04-30,0.1706108582,0.1708346819,0.1715498811,0.16414484,0.1650204312,0.1578393075,-2.220446049e-16,1,"S1|equal six ETFs, no cash,rebalance=year|no guard"
2018-05-02,0.1708339204,0.1694664047,0.1723964394,0.1646839862,0.1673497472,0.1552695021,0,1,"S1|equal six ETFs, no cash,rebalance=year|no guard"
2018-05-03,0.1716131345,0.1686128193,0.1737970828,0.1655759382,0.1688842128,0.1515168124,1.110223025e-16,1,"S1|equal six ETFs, no cash,rebalance=year|no guard"
2018-05-04,0.1708983505,0.1675758337,0.1737191199,0.1661415902,0.1700894987,0.1515756071,1.110223025e-16,1,"S1|equal six ETFs, no cash,rebalance=year|no guard"
2018-05-07,0.1716569335,0.1679219073,0.174343449,0.1667905373,0.1683108854,0.1509762876,1.110223025e-16,1,"S1|equal six ETFs, no cash,rebalance=year|no guard"
2018-05-08,0.1714115677,0.1675502762,0.1757536471,0.1656416599,0.1686973429,0.1509455062,1.110223025e-16,1,"S1|equal six ETFs, no cash,rebalance=year|no guard"
2018-05-09,0.1711776875,0.1657324802,0.1753419688,0.1651782251,0.1677242012,0.1548454373,0,1,"S1|equal six ETFs, no cash,rebalance=year|no guard"
2018-05-10,0.169727892,0.1630033573,0.1744259572,0.1661316406,0.1686178626,0.1580932902,1.110223025e-16,1,"S1|equal six ETFs, no cash,rebalance=year|no guard"
2018-05-11,0.1711169213,0.1630492427,0.1762803975,0.166470612,0.1668504708,0.1562323558,-2.220446049e-16,1,"S1|equal six ETFs, no cash,rebalance=year|no guard"
2018-05-14,0.170823558,0.1620139763,0.1765988264,0.1660823492,0.1643760159,0.1601052743,0,1,"S1|equal six ETFs, no cash,rebalance=year|no guard"
2018-05-15,0.1707462573,0.1607886446,0.1766653525,0.1653617651,0.1646572177,0.1617807629,-2.220446049e-16,1,"S1|equal six ETFs, no cash,rebalance=year|no guard"
2018-05-16,0.1701364863,0.1614633704,0.1748911968,0.1631798382,0.1638096251,0.1665194833,0,1,"S1|equal six ETFs, no cash,rebalance=year|no guard"
2018-05-17,0.16941197,0.1617609145,0.1741720269,0.1626729149,0.1641791694,0.1678030041,0,1,"S1|equal six ETFs, no cash,rebalance=year|no guard"
2018-05-18,0.1680878745,0.1593442686,0.1730844602,0.1637576211,0.1641819553,0.1715438202,1.110223025e-16,1,"S1|equal six ETFs, no cash,rebalance=year|no guard"
2018-05-21,0.1680202323,0.1577201938,0.1727502042,0.1639799619,0.1627927466,0.1747366611,0,1,"S1|equal six ETFs, no cash,rebalance=year|no guard"
2018-05-22,0.1679605057,0.1594066386,0.1726375824,0.1645333602,0.1623095991,0.173152314,0,1,"S1|equal six ETFs, no cash,rebalance=year|no guard"
2018-05-23,0.1664051008,0.1592499597,0.1729101359,0.1657992779,0.1621180475,0.1735174783,0,1,"S1|equal six ETFs, no cash,rebalance=year|no guard"
2018-05-24,0.1663676978,0.158442566,0.1736522758,0.1648742848,0.1626607694,0.1740024061,2.220446049e-16,1,"S1|equal six ETFs, no cash,rebalance=year|no guard"
2018-05-25,0.1676702071,0.1597225844,0.1749521141,0.1636622243,0.1612470383,0.1727458318,-2.220446049e-16,1,"S1|equal six ETFs, no cash,rebalance=year|no guard"
2018-05-28,0.1678891719,0.1616473197,0.175500259,0.1609506127,0.1605181956,0.1734944411,0,1,"S1|equal six ETFs, no cash,rebalance=year|no guard"
2018-05-29,0.1670613687,0.1618871856,0.1737611238,0.1628298439,0.1610280855,0.1734323925,1.110223025e-16,1,"S1|equal six ETFs, no cash,rebalance=year|no guard"
2018-05-30,0.1677468775,0.1621313243,0.1742851928,0.1626286817,0.1601332669,0.1730746568,0,1,"S1|equal six ETFs, no cash,rebalance=year|no guard"
2018-05-31,0.1681619916,0.1605479844,0.1774810545,0.1618617951,0.1608053614,0.171141813,0,1,"S1|equal six ETFs, no cash,rebalance=year|no guard"
2018-06-01,0.1693947575,0.1600165376,0.1785864386,0.1626244199,0.1564178025,0.1729600437,-2.220446049e-16,1,"S1|equal six ETFs, no cash,rebalance=year|no guard"
2018-06-04,0.1694822187,0.1596311361,0.1770542122,0.1633027536,0.1558256935,0.1747039859,-2.220446049e-16,1,"S1|equal six ETFs, no cash,rebalance=year|no guard"
2018-06-05,0.1697246135,0.1588249738,0.177069832,0.1628461267,0.1569905083,0.1745439457,2.220446049e-16,1,"S1|equal six ETFs, no cash,rebalance=year|no guard"
2018-06-06,0.1701680389,0.1598928328,0.1767787664,0.1621288537,0.155375029,0.1756564793,0,1,"S1|equal six ETFs, no cash,rebalance=year|no guard"
2018-06-07,0.1701254728,0.1613209229,0.1770043532,0.1615485269,0.1539972114,0.1760035128,1.110223025e-16,1,"S1|equal six ETFs, no cash,rebalance=year|no guard"
2018-06-08,0.1699870728,0.1613145359,0.1760461274,0.1623717818,0.1538641692,0.1764163128,0,1,"S1|equal six ETFs, no cash,rebalance=year|no guard"
2018-06-11,0.1706268806,0.1620618435,0.1761804143,0.1615262657,0.1527091559,0.17689544,0,1,"S1|equal six ETFs, no cash,rebalance=year|no guard"
2018-06-12,0.1709705105,0.1626014216,0.1768101434,0.1611225125,0.1527436656,0.1757517464,2.220446049e-16,1,"S1|equal six ETFs, no cash,rebalance=year|no guard"
2018-06-13,0.1704523284,0.1622985097,0.1764069182,0.1609867847,0.1533852919,0.1764701672,0,1,"S1|equal six ETFs, no cash,rebalance=year|no guard"
2018-06-14,0.1700339981,0.1619817281,0.1761459861,0.1619450467,0.1532664588,0.1766267822,0,1,"S1|equal six ETFs, no cash,rebalance=year|no guard"
2018-06-15,0.1708834393,0.1604314259,0.1759056406,0.1624721031,0.1521365586,0.1781708326,0,1,"S1|equal six ETFs, no cash,rebalance=year|no guard"
2018-06-18,0.1708465596,0.1605323698,0.1760725579,0.1608313856,0.1531003783,0.1786167488,0,1,"S1|equal six ETFs, no cash,rebalance=year|no guard"
2018-06-19,0.1697346171,0.1594236421,0.1754782002,0.1616784278,0.1528821503,0.1808029626,0,1,"S1|equal six ETFs, no cash,rebalance=year|no guard"
2018-06-20,0.1701899663,0.1587828897,0.1770814952,0.1605442949,0.1525507213,0.1808506327,0,1,"S1|equal six ETFs, no cash,rebalance=year|no guard"
2018-06-21,0.1698469395,0.1587365956,0.1766023901,0.1598051713,0.1539453632,0.1810635404,-2.220446049e-16,1,"S1|equal six ETFs, no cash,rebalance=year|no guard"
2018-06-22,0.1707493035,0.1587544596,0.17752885,0.1593265523,0.1528255779,0.1808152566,0,1,"S1|equal six ETFs, no cash,rebalance=year|no guard"
2018-06-25,0.1701280345,0.1573069205,0.1774407573,0.160300099,0.1530673836,0.181756805,0,1,"S1|equal six ETFs, no cash,rebalance=year|no guard"
2018-06-26,0.1713666759,0.1581084256,0.1778134725,0.1599556682,0.1519484682,0.1808072895,1.110223025e-16,1,"S1|equal six ETFs, no cash,rebalance=year|no guard"
2018-06-27,0.1708384566,0.1570066639,0.1786848917,0.16236269,0.1496511315,0.1814561663,0,1,"S1|equal six ETFs, no cash,rebalance=year|no guard"
2018-06-28,0.1710429047,0.1572900239,0.1785241441,0.1632864653,0.1502496946,0.1796067674,0,1,"S1|equal six ETFs, no cash,rebalance=year|no guard"
2018-06-29,0.1716979524,0.1584060192,0.1784407707,0.1614797314,0.150488119,0.1794874073,2.220446049e-16,1,"S1|equal six ETFs, no cash,rebalance=year|no guard"
2018-07-02,0.1722569608,0.1579675919,0.1777675004,0.162367988,0.150835,0.1788049589,-2.220446049e-16,1,"S1|equal six ETFs, no cash,rebalance=year|no guard"
2018-07-03,0.1720472368,0.1577685936,0.1769163599,0.1619141524,0.1513838865,0.1799697709,0,1,"S1|equal six ETFs, no cash,rebalance=year|no guard"
2018-07-04,0.1723655195,0.157154545,0.1783811835,0.1618336196,0.1512654058,0.1789997265,-2.220446049e-16,1,"S1|equal six ETFs, no cash,rebalance=year|no guard"
2018-07-05,0.1718860688,0.1564081243,0.1777737209,0.1613523462,0.1519098254,0.1806699145,0,1,"S1|equal six ETFs, no cash,rebalance=year|no guard"
2018-07-06,0.1725386567,0.1574227601,0.1782985012,0.1618214004,0.1517988403,0.1781198413,1.110223025e-16,1,"S1|equal six ETFs, no cash,rebalance=year|no guard"
2018-07-09,0.1724415845,0.157583639,0.1786899399,0.161115975,0.1526373646,0.177531497,0,1,"S1|equal six ETFs, no cash,rebalance=year|no guard"
2018-07-10,0.1727130638,0.1574928828,0.1791562983,0.1594314145,0.1520983758,0.1791079648,1.110223025e-16,1,"S1|equal six ETFs, no cash,rebalance=year|no guard"
2018-07-11,0.1724718982,0.1564996816,0.1782363524,0.1590640603,0.1523597642,0.1813682433,0,1,"S1|equal six ETFs, no cash,rebalance=year|no guard"
2018-07-12,0.1733362918,0.1562491166,0.1793066293,0.1573024971,0.1514660982,0.1823393671,0,1,"S1|equal six ETFs, no cash,rebalance=year|no guard"
2018-07-13,0.1739042538,0.1553521476,0.1791518121,0.1570796605,0.1513081927,0.1832039333,-2.220446049e-16,1,"S1|equal six ETFs, no cash,rebalance=year|no guard"
2018-07-16,0.1739009705,0.1532625563,0.1785393887,0.1587825735,0.1524044801,0.1831100309,0,1,"S1|equal six ETFs, no cash,rebalance=year|no guard"
2018-07-17,0.1730819378,0.1535289918,0.1786032211,0.1565522068,0.1543182954,0.1839153471,0,1,"S1|equal six ETFs, no cash,rebalance=year|no guard"
2018-07-18,0.1734693243,0.1527066723,0.1791784128,0.1556612167,0.1539772462,0.1850071278,0,1,"S1|equal six ETFs, no cash,rebalance=year|no guard"
2018-07-19,0.1738447184,0.1520874626,0.1788838063,0.1561965392,0.1538318566,0.1851556169,0,1,"S1|equal six ETFs, no cash,rebalance=year|no guard"
2018-07-20,0.1748177827,0.1518568028,0.1792967927,0.1561967696,0.1521824806,0.1856493715,0,1,"S1|equal six ETFs, no cash,rebalance=year|no guard"
2018-07-23,0.1744759269,0.1545733974,0.178318537,0.156421659,0.1515020601,0.1847084196,0,1,"S1|equal six ETFs, no cash,rebalance=year|no guard"
2018-07-24,0.174364596,0.1578268004,0.1777459439,0.1552588124,0.1506056917,0.1841981555,0,1,"S1|equal six ETFs, no cash,rebalance=year|no guard"
2018-07-25,0.1747869884,0.1577073139,0.1778868946,0.1554703291,0.1503877916,0.1837606824,1.110223025e-16,1,"S1|equal six ETFs, no cash,rebalance=year|no guard"
2018-07-26,0.1739190852,0.1582159525,0.1799837591,0.1538895091,0.1510433679,0.1829483263,0,1,"S1|equal six ETFs, no cash,rebalance=year|no guard"
2018-07-27,0.1744235271,0.1580432289,0.1795973079,0.1520841757,0.1531420006,0.1827097599,0,1,"S1|equal six ETFs, no cash,rebalance=year|no guard"
2018-07-30,0.1734870797,0.158213806,0.1800226783,0.1510871496,0.1539962858,0.1831930006,0,1,"S1|equal six ETFs, no cash,rebalance=year|no guard"
2018-07-31,0.1745266484,0.1587869912,0.1793392278,0.1507735099,0.1560159919,0.1805576308,0,1,"S1|equal six ETFs, no cash,rebalance=year|no guard"
2018-08-01,0.174550982,0.1602155927,0.1779967792,0.1510522052,0.1579687718,0.1782156691,0,1,"S1|equal six ETFs, no cash,rebalance=year|no guard"
2018-08-03,0.1754144635,0.1610077235,0.1791214032,0.1501400037,0.157857418,0.1764589882,0,1,"S1|equal six ETFs, no cash,rebalance=year|no guard"
2018-08-06,0.1744996344,0.160272215,0.1799826455,0.1493158655,0.1598565867,0.176073053,2.220446049e-16,1,"S1|equal six ETFs, no cash,rebalance=year|no guard"
2018-08-07,0.1743309845,0.159460912,0.1794464018,0.1493080032,0.1584770684,0.1789766301,-2.220446049e-16,1,"S1|equal six ETFs, no cash,rebalance=year|no guard"
2018-08-08,0.1748988006,0.1603791058,0.1803291282,0.1490250345,0.156130931,0.1792369999,0,1,"S1|equal six ETFs, no cash,rebalance=year|no guard"
2018-08-09,0.1741029225,0.1594774955,0.1811718153,0.1480997067,0.1572079194,0.1799401406,1.110223025e-16,1,"S1|equal six ETFs, no cash,rebalance=year|no guard"
2018-08-10,0.1736681255,0.1589781133,0.1801043705,0.1483743092,0.1588430341,0.1800320475,0,1,"S1|equal six ETFs, no cash,rebalance=year|no guard"
2018-08-13,0.1731697609,0.1575286359,0.1784148334,0.1499716706,0.1602352321,0.1806798672,1.110223025e-16,1,"S1|equal six ETFs, no cash,rebalance=year|no guard"
2018-08-14,0.1743372962,0.1584759597,0.1794308009,0.1491313867,0.1580333189,0.1805912375,0,1,"S1|equal six ETFs, no cash,rebalance=year|no guard"
2018-08-16,0.174137687,0.1576111868,0.1790931907,0.1485851035,0.1605667086,0.1800061233,0,1,"S1|equal six ETFs, no cash,rebalance=year|no guard"
2018-08-17,0.174702694,0.158983736,0.17932859,0.1473509498,0.1581136192,0.1815204111,1.110223025e-16,1,"S1|equal six ETFs, no cash,rebalance=year|no guard"
2018-08-20,0.1744790641,0.1601852879,0.1799549758,0.1465895169,0.1593001903,0.1794909649,1.110223025e-16,1,"S1|equal six ETFs, no cash,rebalance=year|no guard"
2018-08-21,0.1746949179,0.1605057474,0.1795031393,0.1471886612,0.1577424448,0.1803650893,1.110223025e-16,1,"S1|equal six ETFs, no cash,rebalance=year|no guard"
2018-08-23,0.1750555636,0.1615818567,0.1776973137,0.1471372089,0.1579510174,0.1805770396,0,1,"S1|equal six ETFs, no cash,rebalance=year|no guard"
2018-08-24,0.1752868071,0.1619209339,0.1770506895,0.1480015121,0.1577847742,0.1799552831,-2.220446049e-16,1,"S1|equal six ETFs, no cash,rebalance=year|no guard"
2018-08-27,0.1752733458,0.1616680232,0.1785211846,0.1480371574,0.1568327404,0.1796675486,0,1,"S1|equal six ETFs, no cash,rebalance=year|no guard"
2018-08-28,0.1757454676,0.1610016028,0.1786465451,0.1493518814,0.155326695,0.179927808,-2.220446049e-16,1,"S1|equal six ETFs, no cash,rebalance=year|no guard"
2018-08-29,0.1751395932,0.1622383357,0.1780170972,0.148867725,0.1549615595,0.1807756893,0,1,"S1|equal six ETFs, no cash,rebalance=year|no guard"
2018-08-30,0.1743476498,0.1617954335,0.1765382067,0.1489897265,0.1555927639,0.1827362196,0,1,"S1|equal six ETFs, no cash,rebalance=year|no guard"
2018-08-31,0.1741467271,0.1627176339,0.1759549983,0.1489332833,0.1558362207,0.1824111367,1.110223025e-16,1,"S1|equal six ETFs, no cash,rebalance=year|no guard"
2018-09-03,0.1730460251,0.1621972832,0.1748679249,0.1484715422,0.1549674746,0.18644975,2.220446049e-16,1,"S1|equal six ETFs, no cash,rebalance=year|no guard"
2018-09-04,0.1742725285,0.1585515667,0.1742875138,0.1502382727,0.1544078134,0.1882423048,0,1,"S1|equal six ETFs, no cash,rebalance=year|no guard"
2018-09-05,0.1740957878,0.1580682924,0.1741426903,0.1510468656,0.1534929611,0.1891534029,0,1,"S1|equal six ETFs, no cash,rebalance=year|no guard"
2018-09-06,0.1742499784,0.1591023135,0.173783054,0.1521287086,0.1510336665,0.189702279,1.110223025e-16,1,"S1|equal six ETFs, no cash,rebalance=year|no guard"
2018-09-07,0.1746318798,0.1597502931,0.1733572274,0.1506303626,0.152412857,0.1892173801,-2.220446049e-16,1,"S1|equal six ETFs, no cash,rebalance=year|no guard"
2018-09-10,0.1738203303,0.1588203942,0.1731313116,0.1522095513,0.1534168954,0.1886015172,0,1,"S1|equal six ETFs, no cash,rebalance=year|no guard"
2018-09-11,0.173105877,0.1573522956,0.1719098583,0.1544190269,0.153848043,0.1893648992,2.220446049e-16,1,"S1|equal six ETFs, no cash,rebalance=year|no guard"
2018-09-12,0.1740687093,0.1576021878,0.1724542234,0.1541372882,0.1538885474,0.1878490439,0,1,"S1|equal six ETFs, no cash,rebalance=year|no guard"
2018-09-14,0.1744375443,0.1585706932,0.1731331542,0.1522905907,0.1531071646,0.1884608531,0,1,"S1|equal six ETFs, no cash,rebalance=year|no guard"
2018-09-17,0.1733507744,0.1584183105,0.1714260376,0.1534261037,0.1521472104,0.1912315634,0,1,"S1|equal six ETFs, no cash,rebalance=year|no guard"
2018-09-18,0.1732257072,0.1572910927,0.1696631428,0.1554341824,0.1522434188,0.192142456,0,1,"S1|equal six ETFs, no cash,rebalance=year|no guard"
2018-09-19,0.1731128388,0.156916672,0.1692172496,0.1560080669,0.1527666538,0.191978519,-2.220446049e-16,1,"S1|equal six ETFs, no cash,rebalance=year|no guard"
2018-09-21,0.1733939212,0.1557229321,0.1677670759,0.157173682,0.1530816596,0.1928607293,2.220446049e-16,1,"S1|equal six ETFs, no cash,rebalance=year|no guard"
2018-09-24,0.1729843933,0.1528383489,0.1647784616,0.1588149756,0.1532644967,0.1973193239,0,1,"S1|equal six ETFs, no cash,rebalance=year|no guard"
2018-09-25,0.173140765,0.1528008531,0.1666425529,0.1576578706,0.1536010176,0.1961569408,-2.220446049e-16,1,"S1|equal six ETFs, no cash,rebalance=year|no guard"
2018-09-26,0.1739542288,0.1543197381,0.1670352425,0.158320497,0.1496936593,0.1966766342,0,1,"S1|equal six ETFs, no cash,rebalance=year|no guard"
2018-09-27,0.173583442,0.1533561339,0.1663747229,0.1590189201,0.1485749952,0.199091786,0,1,"S1|equal six ETFs, no cash,rebalance=year|no guard"
2018-09-28,0.1739657955,0.1518706904,0.1676730132,0.1587789524,0.1473453448,0.2003662037,0,1,"S1|equal six ETFs, no cash,rebalance=year|no guard"
2018-10-01,0.1743474131,0.151076335,0.1685432994,0.1588116463,0.1477240547,0.1994972515,-2.220446049e-16,1,"S1|equal six ETFs, no cash,rebalance=year|no guard"
2018-10-03,0.1725215793,0.1496037269,0.1668553822,0.1638392596,0.1466396584,0.2005403936,0,1,"S1|equal six ETFs, no cash,rebalance=year|no guard"
2018-10-04,0.1696440555,0.1484452535,0.1667292187,0.1639898857,0.1481805547,0.2030110318,0,1,"S1|equal six ETFs, no cash,rebalance=year|no guard"
2018-10-05,0.1666049957,0.1458675419,0.1663126838,0.1658065903,0.1493170091,0.2060911792,1.110223025e-16,1,"S1|equal six ETFs, no cash,rebalance=year|no guard"
2018-10-08,0.1668783348,0.1445918179,0.1672549878,0.1651094907,0.1482664335,0.2078989353,1.110223025e-16,1,"S1|equal six ETFs, no cash,rebalance=year|no guard"
2018-10-09,0.1671331224,0.1446321185,0.1662937458,0.165332079,0.1509594805,0.2056494538,0,1,"S1|equal six ETFs, no cash,rebalance=year|no guard"
2018-10-10,0.1673013773,0.1466669001,0.1700063567,0.1633131456,0.1533793863,0.1993328339,1.110223025e-16,1,"S1|equal six ETFs, no cash,rebalance=year|no guard"
2018-10-11,0.1685401602,0.1486674856,0.1713469495,0.1697874742,0.1463777234,0.1952802071,2.220446049e-16,1,"S1|equal six ETFs, no cash,rebalance=year|no guard"
2018-10-12,0.1676763287,0.1473813802,0.1705131603,0.1659726593,0.1480035625,0.200452909,0,1,"S1|equal six ETFs, no cash,rebalance=year|no guard"
2018-10-15,0.1688947304,0.148694118,0.1709123498,0.1686954544,0.1498895077,0.1929138398,2.220446049e-16,1,"S1|equal six ETFs, no cash,rebalance=year|no guard"
2018-10-16,0.1694282687,0.1499972744,0.172170343,0.1670409572,0.151493377,0.1898697797,1.110223025e-16,1,"S1|equal six ETFs, no cash,rebalance=year|no guard"
2018-10-17,0.1684754734,0.1478879096,0.1700486629,0.1684122917,0.1502669231,0.1949087393,-2.220446049e-16,1,"S1|equal six ETFs, no cash,rebalance=year|no guard"
2018-10-19,0.166296478,0.1473943175,0.1702855354,0.1704118451,0.1517181921,0.1938936319,0,1,"S1|equal six ETFs, no cash,rebalance=year|no guard"
2018-10-22,0.165396657,0.1463241442,0.1694374444,0.1687186817,0.1530730244,0.1970500483,-2.220446049e-16,1,"S1|equal six ETFs, no cash,rebalance=year|no guard"
2018-10-23,0.1651163142,0.1455891183,0.1697884299,0.1707185239,0.1533545459,0.1954330678,0,1,"S1|equal six ETFs, no cash,rebalance=year|no guard"
2018-10-24,0.166188264,0.1459474505,0.1703361619,0.169649181,0.1535549233,0.1943240193,0,1,"S1|equal six ETFs, no cash,rebalance=year|no guard"
2018-10-25,0.1659195041,0.1447577543,0.1701401873,0.1709433596,0.1536514073,0.1945877874,2.220446049e-16,1,"S1|equal six ETFs, no cash,rebalance=year|no guard"
2018-10-26,0.1648403511,0.1453557496,0.168232409,0.17243444,0.1536164591,0.1955205912,1.110223025e-16,1,"S1|equal six ETFs, no cash,rebalance=year|no guard"
2018-10-29,0.1679209278,0.1484615085,0.1714049132,0.1712211847,0.1541642625,0.1868272032,0,1,"S1|equal six ETFs, no cash,rebalance=year|no guard"
2018-10-30,0.1667912044,0.1487845973,0.1695550297,0.169881609,0.1546045908,0.1903829688,-2.220446049e-16,1,"S1|equal six ETFs, no cash,rebalance=year|no guard"
2018-10-31,0.168310871,0.1502854427,0.171113517,0.1696674443,0.1533826344,0.1872400905,0,1,"S1|equal six ETFs, no cash,rebalance=year|no guard"
2018-11-01,0.1686389865,0.1515198519,0.1728213145,0.1701081103,0.1530480965,0.1838636403,0,1,"S1|equal six ETFs, no cash,rebalance=year|no guard"
2018-11-02,0.1693714626,0.1516377201,0.173380201,0.1671108976,0.1535541139,0.1849456049,0,1,"S1|equal six ETFs, no cash,rebalance=year|no guard"
2018-11-05,0.167864333,0.1515470962,0.1720513212,0.1670627779,0.1538185869,0.1876558847,0,1,"S1|equal six ETFs, no cash,rebalance=year|no guard"
2018-11-06,0.1694129751,0.1521828696,0.1723049776,0.1677652759,0.1530641519,0.1852697499,0,1,"S1|equal six ETFs, no cash,rebalance=year|no guard"
2018-11-07,0.1697232951,0.1522624073,0.1726300941,0.1668285938,0.153240319,0.1853152908,0,1,"S1|equal six ETFs, no cash,rebalance=year|no guard"
2018-11-09,0.1687402872,0.1522539958,0.1723387791,0.1643690966,0.1580288349,0.1842690064,-2.220446049e-16,1,"S1|equal six ETFs, no cash,rebalance=year|no guard"
2018-11-12,0.1698153721,0.1528953992,0.1736043268,0.1652009641,0.158239188,0.1802447498,0,1,"S1|equal six ETFs, no cash,rebalance=year|no guard"
2018-11-13,0.1750681559,0.156476246,0.1786120617,0.1686576692,0.1597448296,0.1614410376,1.110223025e-16,1,"S1|equal six ETFs, no cash,rebalance=year|no guard"
2018-11-14,0.174711017,0.1569275074,0.180074235,0.1689569818,0.158573789,0.1607564699,2.220446049e-16,1,"S1|equal six ETFs, no cash,rebalance=year|no guard"
2018-11-15,0.1749673991,0.1573748185,0.1813316514,0.1680888727,0.1583266094,0.1599106488,1.110223025e-16,1,"S1|equal six ETFs, no cash,rebalance=year|no guard"
2018-11-16,0.1772972842,0.1592166063,0.1834882947,0.1686203899,0.1582689251,0.1531084997,0,1,"S1|equal six ETFs, no cash,rebalance=year|no guard"
2018-11-19,0.1769422004,0.1583365663,0.182286764,0.167297836,0.1572323386,0.1579042947,0,1,"S1|equal six ETFs, no cash,rebalance=year|no guard"
2018-11-20,0.1769500968,0.1577561203,0.1820921763,0.1683611563,0.1584903051,0.1563501453,-2.220446049e-16,1,"S1|equal six ETFs, no cash,rebalance=year|no guard"
2018-11-21,0.1763915687,0.1595224314,0.1835538683,0.1689745191,0.1569352234,0.1546223891,0,1,"S1|equal six ETFs, no cash,rebalance=year|no guard"
2018-11-22,0.1765471743,0.1591341666,0.1819718049,0.1696105897,0.1584225866,0.1543136778,0,1,"S1|equal six ETFs, no cash,rebalance=year|no guard"
2018-11-26,0.1772839129,0.1590833866,0.1845369009,0.167527005,0.1594936868,0.1520751077,1.110223025e-16,1,"S1|equal six ETFs, no cash,rebalance=year|no guard"
2018-11-27,0.1780111206,0.1588570961,0.1853977275,0.1675185133,0.1575958178,0.1526197247,0,1,"S1|equal six ETFs, no cash,rebalance=year|no guard"
2018-11-28,0.1787622068,0.1588147865,0.185444812,0.1662272971,0.1560981515,0.154652746,0,1,"S1|equal six ETFs, no cash,rebalance=year|no guard"
2018-11-29,0.1793421369,0.1583889763,0.1869043978,0.1650388209,0.1558015941,0.154524074,0,1,"S1|equal six ETFs, no cash,rebalance=year|no guard"
2018-11-30,0.179877513,0.1596991405,0.1865839653,0.164829103,0.1548462762,0.1541640019,0,1,"S1|equal six ETFs, no cash,rebalance=year|no guard"
2018-12-03,0.1790020159,0.1590901853,0.185396595,0.1652928652,0.1543519157,0.1568664229,1.110223025e-16,1,"S1|equal six ETFs, no cash,rebalance=year|no guard"
2018-12-04,0.1789003649,0.1588356248,0.1840815813,0.1671751,0.1540208624,0.1569864666,-2.220446049e-16,1,"S1|equal six ETFs, no cash,rebalance=year|no guard"
2018-12-05,0.180191491,0.1586174153,0.1850771524,0.1688618833,0.1509909221,0.156261136,0,1,"S1|equal six ETFs, no cash,rebalance=year|no guard"
2018-12-06,0.1794944758,0.1584841613,0.1850793629,0.1721975401,0.1500088549,0.1547356051,0,1,"S1|equal six ETFs, no cash,rebalance=year|no guard"
2018-12-07,0.1795566722,0.1578773939,0.1870833307,0.1702180554,0.1491859543,0.1560785935,0,1,"S1|equal six ETFs, no cash,rebalance=year|no guard"
2018-12-10,0.1783961787,0.1570552043,0.1860072772,0.1758449245,0.1477636802,0.1549327352,2.220446049e-16,1,"S1|equal six ETFs, no cash,rebalance=year|no guard"
2018-12-11,0.1778814369,0.1579816104,0.1847734529,0.1747266862,0.1479888066,0.156648007,0,1,"S1|equal six ETFs, no cash,rebalance=year|no guard"
2018-12-12,0.1780395225,0.159470022,0.1851707941,0.1715772816,0.1490777684,0.1566646114,0,1,"S1|equal six ETFs, no cash,rebalance=year|no guard"
2018-12-13,0.1782330366,0.1605986017,0.1862163892,0.1704971682,0.1497225638,0.1547322405,0,1,"S1|equal six ETFs, no cash,rebalance=year|no guard"
2018-12-14,0.1783461316,0.1608399873,0.186450238,0.1700405273,0.1509957373,0.1533273785,0,1,"S1|equal six ETFs, no cash,rebalance=year|no guard"
2018-12-17,0.1795032209,0.1614524439,0.1865213224,0.169389393,0.1513935186,0.1517401011,1.110223025e-16,1,"S1|equal six ETFs, no cash,rebalance=year|no guard"
2018-12-18,0.1801860892,0.1630543873,0.1877882472,0.1689876006,0.1522635911,0.1477200845,0,1,"S1|equal six ETFs, no cash,rebalance=year|no guard"
2018-12-19,0.1804992524,0.1647942056,0.1880585113,0.1674800755,0.153572426,0.1455955292,0,1,"S1|equal six ETFs, no cash,rebalance=year|no guard"
2018-12-20,0.1811660582,0.1644707157,0.1882981817,0.1681878714,0.1535850293,0.1442921437,0,1,"S1|equal six ETFs, no cash,rebalance=year|no guard"
2018-12-21,0.1805465035,0.1640813219,0.1889152261,0.1713974307,0.1545151181,0.1405443997,0,1,"S1|equal six ETFs, no cash,rebalance=year|no guard"
2018-12-24,0.1802708305,0.1628113437,0.1891312433,0.1731964591,0.1542396495,0.140350474,0,1,"S1|equal six ETFs, no cash,rebalance=year|no guard"
2018-12-26,0.1809468562,0.1634118519,0.1908891519,0.1736762282,0.1535656863,0.1375102255,1.110223025e-16,1,"S1|equal six ETFs, no cash,rebalance=year|no guard"
2018-12-27,0.1807800061,0.1627616543,0.1887473421,0.1729631176,0.1528571863,0.1418906937,0,1,"S1|equal six ETFs, no cash,rebalance=year|no guard"
2018-12-28,0.1804329884,0.1630677985,0.1892448421,0.172374175,0.152103831,0.1427763651,0,1,"S1|equal six ETFs, no cash,rebalance=year|no guard"
2018-12-31,0.180471941,0.1637534852,0.1891166197,0.1714642681,0.1524096203,0.1427840659,-2.220446049e-16,1,"S1|equal six ETFs, no cash,rebalance=year|no guard"
2019-01-01,0.1802915573,0.1625515863,0.190117293,0.1717887361,0.1509411823,0.144309645,0,1,"S1|equal six ETFs, no cash,rebalance=year|no guard"
2019-01-02,0.180166035,0.1626135764,0.1901798436,0.1738846325,0.1519375333,0.1412183792,0,1,"S1|equal six ETFs, no cash,rebalance=year|no guard"
2019-01-03,0.1791660992,0.1620665511,0.1894980606,0.1758029724,0.151799978,0.1416663386,0,1,"S1|equal six ETFs, no cash,rebalance=year|no guard"
2019-01-04,0.1795580816,0.1618080199,0.190541819,0.1740988669,0.1519079097,0.1420853029,0,1,"S1|equal six ETFs, no cash,rebalance=year|no guard"
2019-01-07,0.1789397103,0.1609968099,0.1906337207,0.172939504,0.1521971742,0.1442930809,-2.220446049e-16,1,"S1|equal six ETFs, no cash,rebalance=year|no guard"
2019-01-08,0.1786501864,0.1603217797,0.1912102322,0.1718392351,0.1518002935,0.1461782732,1.110223025e-16,1,"S1|equal six ETFs, no cash,rebalance=year|no guard"
2019-01-09,0.1783785418,0.1595879918,0.1916098489,0.1720069977,0.1503720158,0.148044604,-2.220446049e-16,1,"S1|equal six ETFs, no cash,rebalance=year|no guard"
2019-01-10,0.178762443,0.1605013777,0.1908334536,0.1738784626,0.1504697366,0.1455545265,-2.220446049e-16,1,"S1|equal six ETFs, no cash,rebalance=year|no guard"
2019-01-11,0.1781075992,0.1601993327,0.1903091919,0.1738298328,0.150172519,0.1473815244,0,1,"S1|equal six ETFs, no cash,rebalance=year|no guard"
2019-01-14,0.1775815024,0.1594613471,0.1893135469,0.1745836232,0.1511628579,0.1478971225,1.110223025e-16,1,"S1|equal six ETFs, no cash,rebalance=year|no guard"
2019-01-15,0.1790484064,0.1596408113,0.1895703649,0.173873653,0.1508994344,0.14696733,0,1,"S1|equal six ETFs, no cash,rebalance=year|no guard"
2019-01-16,0.1788970776,0.1590126039,0.189136058,0.1734818327,0.150155747,0.1493166807,0,1,"S1|equal six ETFs, no cash,rebalance=year|no guard"
2019-01-17,0.178756736,0.1588808507,0.189061383,0.1739144276,0.1496038176,0.1497827851,1.110223025e-16,1,"S1|equal six ETFs, no cash,rebalance=year|no guard"
2019-01-18,0.1786971053,0.1573016469,0.1889925145,0.1733391517,0.1495602381,0.1521093436,0,1,"S1|equal six ETFs, no cash,rebalance=year|no guard"
2019-01-21,0.1798398488,0.1571759987,0.1889719809,0.1730681417,0.1477926486,0.1531513812,0,1,"S1|equal six ETFs, no cash,rebalance=year|no guard"
2019-01-22,0.1797307292,0.1580183284,0.1893548471,0.1744608562,0.1477417339,0.1506935053,0,1,"S1|equal six ETFs, no cash,rebalance=year|no guard"
2019-01-23,0.1789008554,0.1574616427,0.1887437206,0.1748382042,0.1481200705,0.1519355067,0,1,"S1|equal six ETFs, no cash,rebalance=year|no guard"
2019-01-24,0.1796840128,0.157624575,0.1890354845,0.1744771523,0.1473307177,0.1518480578,0,1,"S1|equal six ETFs, no cash,rebalance=year|no guard"
2019-01-25,0.1790203836,0.1559486282,0.1883229095,0.1751897133,0.1479980152,0.1535203503,0,1,"S1|equal six ETFs, no cash,rebalance=year|no guard"
2019-01-28,0.1797920675,0.1551229397,0.1875782521,0.1796765515,0.1451386408,0.1526915483,0,1,"S1|equal six ETFs, no cash,rebalance=year|no guard"
2019-01-29,0.1794860396,0.1552241428,0.1875721839,0.1804802864,0.1431986389,0.1540387084,1.110223025e-16,1,"S1|equal six ETFs, no cash,rebalance=year|no guard"
2019-01-30,0.1789722164,0.1544055668,0.1886768953,0.1807223462,0.1447176146,0.1525053607,0,1,"S1|equal six ETFs, no cash,rebalance=year|no guard"
2019-01-31,0.1793773065,0.1530067034,0.1890133437,0.1788253993,0.1443732902,0.1554039568,0,1,"S1|equal six ETFs, no cash,rebalance=year|no guard"
2019-02-01,0.1794926485,0.1548369988,0.1875238973,0.1790536772,0.1436464156,0.1554463626,1.110223025e-16,1,"S1|equal six ETFs, no cash,rebalance=year|no guard"
2019-02-04,0.1804494913,0.1536576946,0.1875351864,0.1792967718,0.142621705,0.1564391508,0,1,"S1|equal six ETFs, no cash,rebalance=year|no guard"
2019-02-05,0.1803339879,0.1519217291,0.1875423866,0.1787793596,0.1431624321,0.1582601047,0,1,"S1|equal six ETFs, no cash,rebalance=year|no guard"
2019-02-06,0.1807699037,0.1526844762,0.1872882968,0.1788837685,0.1412928641,0.1590806907,0,1,"S1|equal six ETFs, no cash,rebalance=year|no guard"
2019-02-07,0.1810671414,0.1545591971,0.1875160872,0.1767036391,0.1421131764,0.1580407588,0,1,"S1|equal six ETFs, no cash,rebalance=year|no guard"
2019-02-08,0.1808873746,0.1533458459,0.1879165511,0.1776646289,0.1428677316,0.1573178678,-2.220446049e-16,1,"S1|equal six ETFs, no cash,rebalance=year|no guard"
2019-02-11,0.1808408714,0.1521355062,0.188639961,0.1788170445,0.1409835088,0.1585831081,1.110223025e-16,1,"S1|equal six ETFs, no cash,rebalance=year|no guard"
2019-02-12,0.1809652437,0.1519622473,0.1884873656,0.1793555417,0.1412086809,0.1580209209,0,1,"S1|equal six ETFs, no cash,rebalance=year|no guard"
2019-02-13,0.1801925298,0.1502829013,0.1872700695,0.1786485314,0.1436515144,0.1599544536,-2.220446049e-16,1,"S1|equal six ETFs, no cash,rebalance=year|no guard"
2019-02-14,0.1796273192,0.151059805,0.1876213777,0.1791700455,0.1408973621,0.1616240905,0,1,"S1|equal six ETFs, no cash,rebalance=year|no guard"
2019-02-15,0.1793563927,0.1490613113,0.1873170965,0.1814825752,0.1409516323,0.1618309921,0,1,"S1|equal six ETFs, no cash,rebalance=year|no guard"
2019-02-18,0.1784086254,0.1475039197,0.1868240194,0.182860361,0.1405165148,0.1638865596,0,1,"S1|equal six ETFs, no cash,rebalance=year|no guard"
2019-02-19,0.1780340089,0.1482561919,0.18664092,0.1834277735,0.1405903475,0.1630507582,0,1,"S1|equal six ETFs, no cash,rebalance=year|no guard"
2019-02-20,0.1782533067,0.1494414452,0.186983439,0.1830264979,0.1404081878,0.1618871235,-2.220446049e-16,1,"S1|equal six ETFs, no cash,rebalance=year|no guard"
2019-02-21,0.1785864045,0.1500276963,0.1872039241,0.1812053738,0.141671466,0.1613051354,0,1,"S1|equal six ETFs, no cash,rebalance=year|no guard"
2019-02-22,0.178729151,0.1509462497,0.1861312,0.1800369441,0.1430187516,0.1611377036,0,1,"S1|equal six ETFs, no cash,rebalance=year|no guard"
2019-02-25,0.1789839492,0.1510428439,0.1869477062,0.1794812236,0.1420234059,0.1615208713,-2.220446049e-16,1,"S1|equal six ETFs, no cash,rebalance=year|no guard"
2019-02-26,0.1797042409,0.1516108531,0.1869872666,0.1800513925,0.1404142822,0.1612319647,0,1,"S1|equal six ETFs, no cash,rebalance=year|no guard"
2019-02-27,0.1782108274,0.1520310623,0.185252489,0.180041381,0.1424186319,0.1620456084,0,1,"S1|equal six ETFs, no cash,rebalance=year|no guard"
2019-02-28,0.1784602756,0.1526779997,0.1852776826,0.1790167071,0.1429559629,0.1616113721,-2.220446049e-16,1,"S1|equal six ETFs, no cash,rebalance=year|no guard"
2019-03-01,0.17898144,0.1545844418,0.186263893,0.176387233,0.142360083,0.1614229091,0,1,"S1|equal six ETFs, no cash,rebalance=year|no guard"
2019-03-05,0.1788016723,0.1560132606,0.1873622903,0.1708116581,0.147060236,0.1599508826,0,1,"S1|equal six ETFs, no cash,rebalance=year|no guard"
2019-03-06,0.1791530846,0.1562954424,0.1870945881,0.1703871455,0.1475068756,0.1595628639,0,1,"S1|equal six ETFs, no cash,rebalance=year|no guard"
2019-03-07,0.1799575691,0.1564370775,0.1886487003,0.1697307935,0.1476351656,0.1575906941,1.110223025e-16,1,"S1|equal six ETFs, no cash,rebalance=year|no guard"
2019-03-08,0.180738806,0.1564910564,0.1893955713,0.1712381216,0.1464103381,0.1557261065,0,1,"S1|equal six ETFs, no cash,rebalance=year|no guard"
2019-03-11,0.1809924548,0.1586759948,0.1891575814,0.1696152446,0.1470968377,0.1544618868,1.110223025e-16,1,"S1|equal six ETFs, no cash,rebalance=year|no guard"
2019-03-12,0.1815661876,0.1582019664,0.191217145,0.1675227765,0.148245385,0.1532465395,0,1,"S1|equal six ETFs, no cash,rebalance=year|no guard"
2019-03-13,0.1800897654,0.1550785161,0.1913223406,0.1670458082,0.1532867303,0.1531768394,1.110223025e-16,1,"S1|equal six ETFs, no cash,rebalance=year|no guard"
2019-03-14,0.1813184404,0.1562816821,0.1930862502,0.1669351268,0.1470858167,0.1552926839,1.110223025e-16,1,"S1|equal six ETFs, no cash,rebalance=year|no guard"
2019-03-15,0.1822482018,0.1554432152,0.1956381858,0.166104702,0.1470397507,0.1535259444,1.110223025e-16,1,"S1|equal six ETFs, no cash,rebalance=year|no guard"
2019-03-18,0.1826097605,0.1558040449,0.1963418787,0.1649185698,0.1462592476,0.1540664986,0,1,"S1|equal six ETFs, no cash,rebalance=year|no guard"
2019-03-19,0.1827156489,0.1552547509,0.1970697106,0.165337935,0.1471647798,0.1524571748,0,1,"S1|equal six ETFs, no cash,rebalance=year|no guard"
2019-03-20,0.1829710202,0.1552632896,0.1976272903,0.1644258371,0.1445454458,0.155167117,0,1,"S1|equal six ETFs, no cash,rebalance=year|no guard"
2019-03-22,0.1819192559,0.1543646808,0.1968662163,0.1659218289,0.144928683,0.155999335,1.110223025e-16,1,"S1|equal six ETFs, no cash,rebalance=year|no guard"
2019-03-25,0.181855543,0.1538429737,0.1965826386,0.1675118367,0.1447152291,0.1554917788,1.110223025e-16,1,"S1|equal six ETFs, no cash,rebalance=year|no guard"
2019-03-26,0.1829216053,0.1542138542,0.1993635334,0.1660001855,0.144201807,0.1532990146,0,1,"S1|equal six ETFs, no cash,rebalance=year|no guard"
2019-03-27,0.1809119572,0.1525418292,0.1989813962,0.1647832451,0.1478901689,0.1548914033,2.220446049e-16,1,"S1|equal six ETFs, no cash,rebalance=year|no guard"
2019-03-28,0.181803222,0.1541463375,0.2012979984,0.1636414427,0.1464514855,0.1526595139,-2.220446049e-16,1,"S1|equal six ETFs, no cash,rebalance=year|no guard"
2019-03-29,0.1828147326,0.1547431176,0.2009160897,0.1621005149,0.1461917486,0.1532337967,1.110223025e-16,1,"S1|equal six ETFs, no cash,rebalance=year|no guard"
2019-04-01,0.1666666667,0.1666666667,0.1666666667,0.1666666667,0.1666666667,0.1666666667,-2.220446049e-16,1,"S1|equal six ETFs, no cash,rebalance=year|no guard"
2019-04-02,0.1671901971,0.1654913979,0.1652309708,0.1660107511,0.1684977239,0.1675789593,2.220446049e-16,1,"S1|equal six ETFs, no cash,rebalance=year|no guard"
2019-04-03,0.1673989088,0.1663127201,0.1658224868,0.166058034,0.1660819557,0.1683258945,1.110223025e-16,1,"S1|equal six ETFs, no cash,rebalance=year|no guard"
2019-04-04,0.1676778577,0.1664253541,0.165261194,0.1677283496,0.1635676897,0.1693395549,0,1,"S1|equal six ETFs, no cash,rebalance=year|no guard"
2019-04-05,0.1673929753,0.1655683847,0.1648724882,0.1664803277,0.165340082,0.170345742,0,1,"S1|equal six ETFs, no cash,rebalance=year|no guard"
2019-04-08,0.1671733348,0.1661073056,0.1642807785,0.1685686145,0.1617516923,0.1721182743,0,1,"S1|equal six ETFs, no cash,rebalance=year|no guard"
2019-04-09,0.1667835953,0.1649115442,0.1651586262,0.1672483026,0.1642882078,0.1716097239,1.110223025e-16,1,"S1|equal six ETFs, no cash,rebalance=year|no guard"
2019-04-10,0.1662033612,0.1656668443,0.1637828796,0.1678898528,0.164952716,0.1715043462,0,1,"S1|equal six ETFs, no cash,rebalance=year|no guard"
2019-04-11,0.1661585875,0.1658793024,0.1634566829,0.1674213729,0.1658147486,0.1712693058,0,1,"S1|equal six ETFs, no cash,rebalance=year|no guard"
2019-04-12,0.1673613879,0.1665039234,0.1641804227,0.1673889638,0.1639398812,0.1706254211,0,1,"S1|equal six ETFs, no cash,rebalance=year|no guard"
2019-04-15,0.1667775466,0.1661706055,0.1639378745,0.1652625405,0.1665587939,0.171292639,0,1,"S1|equal six ETFs, no cash,rebalance=year|no guard"
2019-04-16,0.166879669,0.166069496,0.1649325497,0.1643130624,0.1663438507,0.171461372,0,1,"S1|equal six ETFs, no cash,rebalance=year|no guard"
2019-04-18,0.1682574445,0.1668386158,0.1656134469,0.165399857,0.1616656749,0.1722249609,0,1,"S1|equal six ETFs, no cash,rebalance=year|no guard"
2019-04-22,0.1669421705,0.1650753334,0.1631245588,0.1666849117,0.1625144203,0.1756586053,0,1,"S1|equal six ETFs, no cash,rebalance=year|no guard"
2019-04-23,0.1667950318,0.1647199065,0.1622544639,0.1665640272,0.1634681537,0.176198417,1.110223025e-16,1,"S1|equal six ETFs, no cash,rebalance=year|no guard"
2019-04-24,0.1674115171,0.1644549339,0.1631805819,0.1654439732,0.1618160873,0.1776929065,1.110223025e-16,1,"S1|equal six ETFs, no cash,rebalance=year|no guard"
2019-04-25,0.1666457425,0.1641609504,0.1622110876,0.1667767642,0.1612246735,0.1789807819,0,1,"S1|equal six ETFs, no cash,rebalance=year|no guard"
2019-04-26,0.1676394081,0.1640063023,0.1633085485,0.1662334413,0.1602230867,0.1785892131,1.110223025e-16,1,"S1|equal six ETFs, no cash,rebalance=year|no guard"
2019-04-30,0.1684999041,0.1634283721,0.1629185331,0.1670440309,0.1589371127,0.1791720471,1.110223025e-16,1,"S1|equal six ETFs, no cash,rebalance=year|no guard"
2019-05-02,0.1689959813,0.1640864942,0.1632473246,0.1658128741,0.1600501169,0.1778072088,0,1,"S1|equal six ETFs, no cash,rebalance=year|no guard"
2019-05-03,0.1689349535,0.1634322992,0.1652536665,0.1658243064,0.1595360066,0.1770187677,0,1,"S1|equal six ETFs, no cash,rebalance=year|no guard"
2019-05-06,0.1689991348,0.1622798006,0.1650823612,0.1688321488,0.1589042788,0.1759022759,0,1,"S1|equal six ETFs, no cash,rebalance=year|no guard"
2019-05-07,0.1678536836,0.161831969,0.16337006,0.1690738184,0.1596664488,0.1782040202,2.220446049e-16,1,"S1|equal six ETFs, no cash,rebalance=year|no guard"
2019-05-08,0.1674407357,0.1617063442,0.1624865508,0.1708318319,0.158949478,0.1785850593,0,1,"S1|equal six ETFs, no cash,rebalance=year|no guard"
2019-05-09,0.1667253001,0.1619950475,0.1629750832,0.1719592984,0.1574583231,0.1788869477,0,1,"S1|equal six ETFs, no cash,rebalance=year|no guard"
2019-05-10,0.1665820604,0.1607015834,0.164045197,0.1717214159,0.158078246,0.1788714973,1.110223025e-16,1,"S1|equal six ETFs, no cash,rebalance=year|no guard"
2019-05-13,0.1659923507,0.1595417671,0.1630781206,0.1739144621,0.1580618257,0.1794114737,1.110223025e-16,1,"S1|equal six ETFs, no cash,rebalance=year|no guard"
2019-05-14,0.1669824804,0.1597451693,0.1636893284,0.1758012151,0.1575073267,0.17627448,0,1,"S1|equal six ETFs, no cash,rebalance=year|no guard"
2019-05-15,0.166909121,0.1595554863,0.1633180636,0.1763718085,0.1574714966,0.1763740241,0,1,"S1|equal six ETFs, no cash,rebalance=year|no guard"
2019-05-16,0.166992819,0.158627318,0.1643587933,0.1743634677,0.1576071062,0.1780504958,0,1,"S1|equal six ETFs, no cash,rebalance=year|no guard"
2019-05-17,0.1678141268,0.1589554208,0.1662131999,0.1723008752,0.1563102786,0.1784060986,0,1,"S1|equal six ETFs, no cash,rebalance=year|no guard"
2019-05-20,0.1700135612,0.1605520685,0.1697354652,0.1662982242,0.1608256106,0.1725750702,1.110223025e-16,1,"S1|equal six ETFs, no cash,rebalance=year|no guard"
2019-05-21,0.17045402,0.1609584937,0.1687382895,0.168074428,0.1600747697,0.1716999991,0,1,"S1|equal six ETFs, no cash,rebalance=year|no guard"
2019-05-22,0.1700904331,0.1598801005,0.1695252459,0.1672058701,0.162935078,0.1703632724,0,1,"S1|equal six ETFs, no cash,rebalance=year|no guard"
2019-05-23,0.1692358784,0.1603404713,0.1690171208,0.1680504357,0.1632327142,0.1701233797,0,1,"S1|equal six ETFs, no cash,rebalance=year|no guard"
2019-05-24,0.1704453979,0.1629587723,0.1712046991,0.1664678582,0.1613017681,0.1676215044,1.110223025e-16,1,"S1|equal six ETFs, no cash,rebalance=year|no guard"
2019-05-27,0.170186891,0.1626443512,0.1725972147,0.1661881596,0.1623475155,0.1660358679,0,1,"S1|equal six ETFs, no cash,rebalance=year|no guard"
2019-05-28,0.1699994374,0.1632728744,0.1723598486,0.1658370273,0.1631017066,0.1654291058,1.110223025e-16,1,"S1|equal six ETFs, no cash,rebalance=year|no guard"
2019-05-29,0.1703381002,0.1628282627,0.1713999761,0.1673381027,0.1625951947,0.1655003636,-2.220446049e-16,1,"S1|equal six ETFs, no cash,rebalance=year|no guard"
2019-05-30,0.1709867869,0.1627950334,0.1725790851,0.1660454976,0.1622713573,0.1653222397,1.110223025e-16,1,"S1|equal six ETFs, no cash,rebalance=year|no guard"
2019-05-31,0.1706278576,0.1631839583,0.1717593008,0.1680245719,0.1629219239,0.1634823875,1.110223025e-16,1,"S1|equal six ETFs, no cash,rebalance=year|no guard"
2019-06-03,0.1720358883,0.1641912764,0.1725396733,0.1682406932,0.1625192562,0.1604732126,1.110223025e-16,1,"S1|equal six ETFs, no cash,rebalance=year|no guard"
2019-06-04,0.1725077313,0.1641815683,0.1731193322,0.1696307338,0.1623635816,0.1581970528,0,1,"S1|equal six ETFs, no cash,rebalance=year|no guard"
2019-06-06,0.1703279233,0.1618522252,0.1694600195,0.1718783696,0.1616376492,0.1648438132,0,1,"S1|equal six ETFs, no cash,rebalance=year|no guard"
2019-06-07,0.1702124073,0.1614995635,0.1700538549,0.1712009755,0.1609035402,0.1661296586,0,1,"S1|equal six ETFs, no cash,rebalance=year|no guard"
2019-06-10,0.1710042749,0.1616687227,0.1692615154,0.1702708422,0.1609933844,0.1668012604,1.110223025e-16,1,"S1|equal six ETFs, no cash,rebalance=year|no guard"
2019-06-11,0.170316907,0.1615227708,0.1701386009,0.1685077248,0.1607585333,0.1687554631,-2.220446049e-16,1,"S1|equal six ETFs, no cash,rebalance=year|no guard"
2019-06-12,0.169990674,0.1602872925,0.1690587198,0.1700010945,0.1609815185,0.1696807006,1.110223025e-16,1,"S1|equal six ETFs, no cash,rebalance=year|no guard"
2019-06-13,0.1708355296,0.1604715295,0.1693131428,0.1706264883,0.1593345132,0.1694187967,0,1,"S1|equal six ETFs, no cash,rebalance=year|no guard"
2019-06-14,0.1700500887,0.1601898735,0.1678871458,0.173543926,0.158098384,0.1702305821,0,1,"S1|equal six ETFs, no cash,rebalance=year|no guard"
2019-06-17,0.1693581722,0.158884163,0.1669332018,0.1730307237,0.1592895558,0.1725041835,0,1,"S1|equal six ETFs, no cash,rebalance=year|no guard"
2019-06-18,0.169389372,0.1590114229,0.1671982529,0.1736386391,0.1593315985,0.1714307147,0,1,"S1|equal six ETFs, no cash,rebalance=year|no guard"
2019-06-19,0.169220225,0.1580780977,0.1677744815,0.1734436782,0.1575653628,0.1739181549,0,1,"S1|equal six ETFs, no cash,rebalance=year|no guard"
2019-06-20,0.16896335,0.1579860592,0.1676217712,0.1755173461,0.1559929434,0.1739185302,0,1,"S1|equal six ETFs, no cash,rebalance=year|no guard"
2019-06-21,0.1678496289,0.1580445659,0.1672914982,0.1755419534,0.1571086603,0.1741636934,1.110223025e-16,1,"S1|equal six ETFs, no cash,rebalance=year|no guard"
2019-06-24,0.1670103877,0.1577622123,0.1669116051,0.1764752955,0.1571881279,0.1746523714,0,1,"S1|equal six ETFs, no cash,rebalance=year|no guard"
2019-06-25,0.167304466,0.1577595428,0.1672909759,0.178236752,0.1569611625,0.1724471008,-2.220446049e-16,1,"S1|equal six ETFs, no cash,rebalance=year|no guard"
2019-06-26,0.1682848671,0.1591682671,0.1688805504,0.1751073683,0.1573198282,0.171239119,0,1,"S1|equal six ETFs, no cash,rebalance=year|no guard"
2019-06-27,0.1679487646,0.159374281,0.1695648177,0.1741537928,0.157915036,0.1710433079,0,1,"S1|equal six ETFs, no cash,rebalance=year|no guard"
2019-06-28,0.1673500319,0.1592851679,0.1691930373,0.1754127429,0.1575014447,0.1712575753,0,1,"S1|equal six ETFs, no cash,rebalance=year|no guard"
2019-07-01,0.1676244516,0.1591254796,0.1693682579,0.1725031814,0.1585750042,0.1728036253,1.110223025e-16,1,"S1|equal six ETFs, no cash,rebalance=year|no guard"
2019-07-02,0.167953502,0.1599844368,0.1688743863,0.1725774557,0.1581619134,0.1724483059,0,1,"S1|equal six ETFs, no cash,rebalance=year|no guard"
2019-07-03,0.1673905405,0.1590295058,0.1683419799,0.1747811805,0.1580012452,0.1724555481,0,1,"S1|equal six ETFs, no cash,rebalance=year|no guard"
2019-07-04,0.1679122186,0.159065654,0.1688830393,0.1733613794,0.1579631852,0.1728145235,-4.440892099e-16,1,"S1|equal six ETFs, no cash,rebalance=year|no guard"
2019-07-05,0.1665426526,0.1582770421,0.1694589912,0.17567163,0.1579637949,0.1720858892,0,1,"S1|equal six ETFs, no cash,rebalance=year|no guard"
2019-07-08,0.1660129617,0.1577023238,0.1678384545,0.179219452,0.1541283416,0.1750984664,0,1,"S1|equal six ETFs, no cash,rebalance=year|no guard"
2019-07-09,0.1659242059,0.1584552931,0.1677519378,0.1777223098,0.1555262911,0.1746199623,1.110223025e-16,1,"S1|equal six ETFs, no cash,rebalance=year|no guard"
2019-07-10,0.1656964301,0.1575690314,0.1675577408,0.1789700997,0.1546720217,0.1755346763,-2.220446049e-16,1,"S1|equal six ETFs, no cash,rebalance=year|no guard"
2019-07-11,0.1658364704,0.1582920623,0.1678119118,0.180383285,0.1528591586,0.1748171119,1.110223025e-16,1,"S1|equal six ETFs, no cash,rebalance=year|no guard"
2019-07-12,0.1652744446,0.1583621338,0.1670468147,0.1785858414,0.1553101311,0.1754206344,0,1,"S1|equal six ETFs, no cash,rebalance=year|no guard"
2019-07-15,0.16553442,0.1582138577,0.1660983828,0.1796088579,0.1532556338,0.1772888479,0,1,"S1|equal six ETFs, no cash,rebalance=year|no guard"
2019-07-16,0.1656683928,0.159465182,0.1659628948,0.178862645,0.1534068912,0.1766339941,0,1,"S1|equal six ETFs, no cash,rebalance=year|no guard"
2019-07-17,0.1660574741,0.1593583584,0.1662844092,0.1784675278,0.1535411002,0.1762911303,0,1,"S1|equal six ETFs, no cash,rebalance=year|no guard"
2019-07-18,0.1658280513,0.1589659038,0.1653848273,0.1820581085,0.1519783828,0.1757847264,2.220446049e-16,1,"S1|equal six ETFs, no cash,rebalance=year|no guard"
2019-07-19,0.1650904685,0.1577326941,0.1634647509,0.1853243797,0.1509917508,0.177395956,0,1,"S1|equal six ETFs, no cash,rebalance=year|no guard"
2019-07-22,0.1652354714,0.1588670173,0.1620642105,0.1848483544,0.1504024146,0.1785825318,0,1,"S1|equal six ETFs, no cash,rebalance=year|no guard"
2019-07-23,0.165321111,0.1589919964,0.1616806861,0.1847700985,0.1493247694,0.1799113386,0,1,"S1|equal six ETFs, no cash,rebalance=year|no guard"
2019-07-24,0.16519675,0.1572939969,0.1614962845,0.1857457363,0.149021881,0.1812453514,1.110223025e-16,1,"S1|equal six ETFs, no cash,rebalance=year|no guard"
2019-07-25,0.1647701889,0.1580791854,0.1616500711,0.1855521545,0.149262313,0.180686087,0,1,"S1|equal six ETFs, no cash,rebalance=year|no guard"
2019-07-26,0.1645268003,0.158904863,0.162593108,0.1838608695,0.1498608892,0.18025347,0,1,"S1|equal six ETFs, no cash,rebalance=year|no guard"
2019-07-29,0.1636692983,0.1571374974,0.1627658997,0.184296043,0.1497623124,0.1823689492,-2.220446049e-16,1,"S1|equal six ETFs, no cash,rebalance=year|no guard"
2019-07-30,0.1637685762,0.1566459259,0.1620794691,0.186886613,0.1470859149,0.1835335009,2.220446049e-16,1,"S1|equal six ETFs, no cash,rebalance=year|no guard"
2019-07-31,0.1638953928,0.1571180587,0.1615254972,0.1857039205,0.1478560865,0.1839010443,0,1,"S1|equal six ETFs, no cash,rebalance=year|no guard"
2019-08-01,0.1640810316,0.157564768,0.1601085549,0.1867666654,0.1483335171,0.183145463,-2.220446049e-16,1,"S1|equal six ETFs, no cash,rebalance=year|no guard"
2019-08-02,0.163114236,0.1568027075,0.1593904941,0.1905267759,0.1479149593,0.1822508273,0,1,"S1|equal six ETFs, no cash,rebalance=year|no guard"
2019-08-05,0.1625696484,0.1569499895,0.1572267415,0.1961488994,0.1465995077,0.1805052135,0,1,"S1|equal six ETFs, no cash,rebalance=year|no guard"
2019-08-06,0.1622541141,0.157001967,0.1581844773,0.195767076,0.1478160347,0.1789763309,1.110223025e-16,1,"S1|equal six ETFs, no cash,rebalance=year|no guard"
2019-08-07,0.1609996758,0.1564251751,0.1565418391,0.1987971876,0.1478972856,0.1793388369,0,1,"S1|equal six ETFs, no cash,rebalance=year|no guard"
2019-08-08,0.1628292085,0.1569471334,0.1581429099,0.1972965393,0.1451250663,0.1796591425,0,1,"S1|equal six ETFs, no cash,rebalance=year|no guard"
2019-08-09,0.1620681553,0.1570187054,0.1579339913,0.1959635948,0.1472151055,0.1798004478,1.110223025e-16,1,"S1|equal six ETFs, no cash,rebalance=year|no guard"
2019-08-13,0.161552497,0.1554051231,0.1557716638,0.2019826152,0.1457119494,0.1795761515,0,1,"S1|equal six ETFs, no cash,rebalance=year|no guard"
2019-08-14,0.1621393108,0.1561649766,0.1561552459,0.1978739856,0.1456698824,0.1819965988,0,1,"S1|equal six ETFs, no cash,rebalance=year|no guard"
2019-08-16,0.1622335252,0.1565112827,0.1573727176,0.1982405109,0.1467073096,0.178934654,0,1,"S1|equal six ETFs, no cash,rebalance=year|no guard"
2019-08-19,0.1619859818,0.1560637807,0.157040976,0.1979874627,0.1464303458,0.180491453,1.110223025e-16,1,"S1|equal six ETFs, no cash,rebalance=year|no guard"
2019-08-20,0.1613672521,0.1543059101,0.1557331317,0.1993963818,0.1470120603,0.182185264,0,1,"S1|equal six ETFs, no cash,rebalance=year|no guard"
2019-08-21,0.1611413665,0.1541797069,0.1557708696,0.1994632932,0.1451826317,0.1842621321,0,1,"S1|equal six ETFs, no cash,rebalance=year|no guard"
2019-08-22,0.1600798715,0.1537367394,0.1534489638,0.2028246375,0.1433791776,0.1865306103,0,1,"S1|equal six ETFs, no cash,rebalance=year|no guard"
2019-08-23,0.1609380518,0.1546452835,0.1525825216,0.2016987116,0.1434958994,0.186639532,0,1,"S1|equal six ETFs, no cash,rebalance=year|no guard"
2019-08-26,0.1619710412,0.1551872745,0.1555300604,0.204153534,0.1437316353,0.1794264546,-2.220446049e-16,1,"S1|equal six ETFs, no cash,rebalance=year|no guard"
2019-08-27,0.1614329562,0.1562204866,0.1554442943,0.2027708425,0.1450858216,0.1790455988,1.110223025e-16,1,"S1|equal six ETFs, no cash,rebalance=year|no guard"
2019-08-28,0.1611456289,0.1554907026,0.1540605725,0.2050083085,0.1445058289,0.1797889587,0,1,"S1|equal six ETFs, no cash,rebalance=year|no guard"
2019-08-29,0.1604550828,0.1566266393,0.1522475669,0.2055037709,0.1433983229,0.1817686172,0,1,"S1|equal six ETFs, no cash,rebalance=year|no guard"
2019-08-30,0.1609922611,0.1580322013,0.1526083122,0.2027770097,0.1424739326,0.183116283,1.110223025e-16,1,"S1|equal six ETFs, no cash,rebalance=year|no guard"
2019-09-03,0.1589822373,0.1560560938,0.1496638621,0.2078486517,0.1430058342,0.1844433209,0,1,"S1|equal six ETFs, no cash,rebalance=year|no guard"
2019-09-04,0.1588868061,0.1550564142,0.1514385015,0.2077977144,0.1423677833,0.1844527805,0,1,"S1|equal six ETFs, no cash,rebalance=year|no guard"
2019-09-05,0.1586863643,0.1557814035,0.1498271354,0.2070000778,0.1430464339,0.185658585,0,1,"S1|equal six ETFs, no cash,rebalance=year|no guard"
2019-09-06,0.1601431455,0.1561457076,0.1516195605,0.2011773753,0.1438306586,0.1870835526,0,1,"S1|equal six ETFs, no cash,rebalance=year|no guard"
2019-09-09,0.1599940661,0.1559426828,0.1522481767,0.20115949,0.145052308,0.1856032765,1.110223025e-16,1,"S1|equal six ETFs, no cash,rebalance=year|no guard"
2019-09-11,0.1604349254,0.15695667,0.1535263496,0.1989869338,0.1461551772,0.183939944,-2.220446049e-16,1,"S1|equal six ETFs, no cash,rebalance=year|no guard"
2019-09-12,0.1598715966,0.1567242293,0.1537636439,0.1977723882,0.1463299532,0.1855381888,0,1,"S1|equal six ETFs, no cash,rebalance=year|no guard"
2019-09-13,0.1608888429,0.157204876,0.1550902852,0.1974138157,0.1456478293,0.1837543511,0,1,"S1|equal six ETFs, no cash,rebalance=year|no guard"
2019-09-16,0.1597677226,0.1577410539,0.1543120552,0.1983218897,0.146198841,0.1836584375,0,1,"S1|equal six ETFs, no cash,rebalance=year|no guard"
2019-09-17,0.1589183676,0.1567163687,0.151660021,0.200945947,0.1457707037,0.1859885921,0,1,"S1|equal six ETFs, no cash,rebalance=year|no guard"
2019-09-18,0.1594200859,0.1571716555,0.1520764652,0.1998382091,0.1460373249,0.1854562595,0,1,"S1|equal six ETFs, no cash,rebalance=year|no guard"
2019-09-19,0.1592697306,0.1580874282,0.1512878278,0.199968853,0.1447016456,0.1866845148,0,1,"S1|equal six ETFs, no cash,rebalance=year|no guard"
2019-09-20,0.161804854,0.1610383392,0.1579937904,0.1930274643,0.1451186282,0.1810169239,0,1,"S1|equal six ETFs, no cash,rebalance=year|no guard"
2019-09-23,0.1628987473,0.1600580275,0.1637893138,0.1903960892,0.1481623124,0.1746955098,0,1,"S1|equal six ETFs, no cash,rebalance=year|no guard"
2019-09-24,0.1629039812,0.1606661569,0.161645667,0.1909110345,0.1477828678,0.1760902927,0,1,"S1|equal six ETFs, no cash,rebalance=year|no guard"
2019-09-25,0.1629930076,0.1605300267,0.1598013074,0.1946174766,0.1469141734,0.1751440082,0,1,"S1|equal six ETFs, no cash,rebalance=year|no guard"
2019-09-26,0.1645437626,0.1613237075,0.1620133289,0.1921371636,0.1462761776,0.1737058599,0,1,"S1|equal six ETFs, no cash,rebalance=year|no guard"
2019-09-27,0.1634787214,0.1619850901,0.1612210731,0.1921400231,0.1461233119,0.1750517804,2.220446049e-16,1,"S1|equal six ETFs, no cash,rebalance=year|no guard"
2019-09-30,0.1643562016,0.1616862585,0.1589431111,0.1937208671,0.1449575022,0.1763360596,0,1,"S1|equal six ETFs, no cash,rebalance=year|no guard"
2019-10-01,0.1643697374,0.161087806,0.1579379979,0.193479491,0.1435524251,0.1795725425,0,1,"S1|equal six ETFs, no cash,rebalance=year|no guard"
2019-10-03,0.1640820102,0.1608184516,0.1567287386,0.1984480006,0.1439144713,0.1760083276,0,1,"S1|equal six ETFs, no cash,rebalance=year|no guard"
2019-10-04,0.1629001228,0.1597997778,0.1542168005,0.201449131,0.1447588124,0.1768753555,0,1,"S1|equal six ETFs, no cash,rebalance=year|no guard"
2019-10-07,0.1623823285,0.1579399766,0.1542924654,0.201690102,0.1439463244,0.1797488029,0,1,"S1|equal six ETFs, no cash,rebalance=year|no guard"
2019-10-09,0.1631415173,0.1583094693,0.1580845403,0.2001869988,0.1432406802,0.1770367941,-2.220446049e-16,1,"S1|equal six ETFs, no cash,rebalance=year|no guard"
2019-10-10,0.16298214,0.1583836605,0.1552371803,0.2021199629,0.1436465637,0.1776304926,1.110223025e-16,1,"S1|equal six ETFs, no cash,rebalance=year|no guard"
2019-10-11,0.1640270618,0.1584080312,0.1549654982,0.2003910661,0.1427727745,0.1794355683,0,1,"S1|equal six ETFs, no cash,rebalance=year|no guard"
2019-10-14,0.1633773871,0.1586926374,0.1543516068,0.19983934,0.1433248056,0.1804142231,0,1,"S1|equal six ETFs, no cash,rebalance=year|no guard"
2019-10-15,0.1634727964,0.1582909422,0.1557064358,0.1993839419,0.1425045794,0.1806413043,0,1,"S1|equal six ETFs, no cash,rebalance=year|no guard"
2019-10-16,0.163366223,0.1595618385,0.155463388,0.1980138539,0.1411184028,0.182476294,0,1,"S1|equal six ETFs, no cash,rebalance=year|no guard"
2019-10-17,0.1641414798,0.1603667647,0.1566280517,0.1967720257,0.1413810684,0.1807106096,0,1,"S1|equal six ETFs, no cash,rebalance=year|no guard"
2019-10-18,0.1644478339,0.1613219449,0.1560896867,0.1954405307,0.1437548214,0.1789451825,1.110223025e-16,1,"S1|equal six ETFs, no cash,rebalance=year|no guard"
2019-10-22,0.1634362257,0.1618840407,0.1572516063,0.1944494074,0.1447985883,0.1781801316,-2.220446049e-16,1,"S1|equal six ETFs, no cash,rebalance=year|no guard"
2019-10-23,0.1636784423,0.1627729093,0.1574394862,0.1954271532,0.1443812931,0.1763007159,0,1,"S1|equal six ETFs, no cash,rebalance=year|no guard"
2019-10-24,0.1634850382,0.1621405506,0.1563559034,0.1951834589,0.1445077558,0.1783272931,1.110223025e-16,1,"S1|equal six ETFs, no cash,rebalance=year|no guard"
2019-10-25,0.1624978521,0.160826738,0.1572031009,0.1975594794,0.143792235,0.1781205946,2.220446049e-16,1,"S1|equal six ETFs, no cash,rebalance=year|no guard"
2019-10-27,0.1631077718,0.161224998,0.157264618,0.1960859899,0.1439266968,0.1783899256,0,1,"S1|equal six ETFs, no cash,rebalance=year|no guard"
2019-10-29,0.1638633057,0.1617808939,0.157762978,0.1925356742,0.144269771,0.1797873773,0,1,"S1|equal six ETFs, no cash,rebalance=year|no guard"
2019-10-30,0.1643603133,0.162620167,0.1580097075,0.1918930268,0.1445896731,0.1785271123,2.220446049e-16,1,"S1|equal six ETFs, no cash,rebalance=year|no guard"
2019-10-31,0.163277433,0.1616749239,0.1574049561,0.192600876,0.1465489279,0.1784928831,-2.220446049e-16,1,"S1|equal six ETFs, no cash,rebalance=year|no guard"
2019-11-01,0.163735558,0.1618729437,0.1582155068,0.1928026169,0.1453830693,0.1779903053,0,1,"S1|equal six ETFs, no cash,rebalance=year|no guard"
2019-11-04,0.1636334076,0.1611268987,0.1583687973,0.1924121423,0.1461328223,0.1783259319,2.220446049e-16,1,"S1|equal six ETFs, no cash,rebalance=year|no guard"
2019-11-05,0.1638879787,0.1599999755,0.1581838755,0.1926076279,0.1449496786,0.1803708639,0,1,"S1|equal six ETFs, no cash,rebalance=year|no guard"
2019-11-06,0.1642308607,0.1613301557,0.1597413269,0.1910806972,0.1432843544,0.1803326051,-2.220446049e-16,1,"S1|equal six ETFs, no cash,rebalance=year|no guard"
2019-11-07,0.1645876078,0.1610117219,0.1598913884,0.1903132358,0.1450098178,0.1791862283,-2.220446049e-16,1,"S1|equal six ETFs, no cash,rebalance=year|no guard"
2019-11-08,0.163955845,0.1603347859,0.161078287,0.1893651181,0.14633354,0.178932424,0,1,"S1|equal six ETFs, no cash,rebalance=year|no guard"
2019-11-11,0.1636890198,0.1602247101,0.1614835295,0.1886884905,0.1451046667,0.1808095834,1.110223025e-16,1,"S1|equal six ETFs, no cash,rebalance=year|no guard"
2019-11-13,0.1630882264,0.1598788026,0.1593524048,0.1907199189,0.1450715331,0.1818891141,0,1,"S1|equal six ETFs, no cash,rebalance=year|no guard"
2019-11-14,0.1625422636,0.1587543944,0.1599175688,0.1904000942,0.1451726756,0.1832130034,0,1,"S1|equal six ETFs, no cash,rebalance=year|no guard"
2019-11-15,0.1631005469,0.1585998193,0.1618077842,0.1885953612,0.1449306831,0.1829658052,1.110223025e-16,1,"S1|equal six ETFs, no cash,rebalance=year|no guard"
2019-11-18,0.1628087782,0.1585867438,0.1611829393,0.1881175912,0.1454456861,0.1838582614,1.110223025e-16,1,"S1|equal six ETFs, no cash,rebalance=year|no guard"
2019-11-19,0.162898406,0.1573467667,0.1618985623,0.1887891637,0.1454165793,0.183650522,1.110223025e-16,1,"S1|equal six ETFs, no cash,rebalance=year|no guard"
2019-11-20,0.1635360857,0.1583689085,0.1598849524,0.1896848414,0.1454828343,0.1830423777,0,1,"S1|equal six ETFs, no cash,rebalance=year|no guard"
2019-11-21,0.1631923292,0.1573069144,0.1622484603,0.1887882693,0.1464262096,0.1820378172,0,1,"S1|equal six ETFs, no cash,rebalance=year|no guard"
2019-11-22,0.1634199585,0.1573600666,0.1614762495,0.189316284,0.1459115237,0.1825159178,-2.220446049e-16,1,"S1|equal six ETFs, no cash,rebalance=year|no guard"
2019-11-25,0.1641574125,0.1590027875,0.1628613832,0.1864639266,0.1456578183,0.181856672,-2.220446049e-16,1,"S1|equal six ETFs, no cash,rebalance=year|no guard"
2019-11-26,0.1636774817,0.1579599624,0.1635377515,0.1858760193,0.1458180195,0.1831307657,0,1,"S1|equal six ETFs, no cash,rebalance=year|no guard"
2019-11-27,0.1638250988,0.1580577621,0.1638764513,0.1852814283,0.1462374889,0.1827217705,0,1,"S1|equal six ETFs, no cash,rebalance=year|no guard"
2019-11-28,0.1636578075,0.1588620264,0.164738418,0.1846398946,0.1451895814,0.1829122722,0,1,"S1|equal six ETFs, no cash,rebalance=year|no guard"
2019-11-29,0.1626942403,0.1580440782,0.1637991082,0.1852651854,0.1466476435,0.1835497445,0,1,"S1|equal six ETFs, no cash,rebalance=year|no guard"
2019-12-02,0.1629609697,0.1586557763,0.163573821,0.1853652529,0.1459344456,0.1835097345,0,1,"S1|equal six ETFs, no cash,rebalance=year|no guard"
2019-12-03,0.1628521246,0.1582740658,0.1629319687,0.1866484829,0.1469384433,0.1823549147,0,1,"S1|equal six ETFs, no cash,rebalance=year|no guard"
2019-12-04,0.1631430714,0.1580737881,0.1644943931,0.1877481203,0.1453070363,0.1812335907,1.110223025e-16,1,"S1|equal six ETFs, no cash,rebalance=year|no guard"
2019-12-05,0.1634187329,0.157567712,0.1638877855,0.1879491088,0.1468390828,0.1803375779,0,1,"S1|equal six ETFs, no cash,rebalance=year|no guard"
2019-12-06,0.1629610324,0.1567528631,0.1628057728,0.1886293124,0.1460789738,0.1827720455,-2.220446049e-16,1,"S1|equal six ETFs, no cash,rebalance=year|no guard"
2019-12-09,0.1637339578,0.1564500662,0.1634518121,0.1871984993,0.1450034019,0.1841622626,0,1,"S1|equal six ETFs, no cash,rebalance=year|no guard"
2019-12-10,0.1642607743,0.1562706025,0.1635825581,0.18842899,0.1431689864,0.1842880887,0,1,"S1|equal six ETFs, no cash,rebalance=year|no guard"
2019-12-11,0.1642398628,0.1564494233,0.1635209591,0.1881409948,0.1447436318,0.1829051282,1.110223025e-16,1,"S1|equal six ETFs, no cash,rebalance=year|no guard"
2019-12-12,0.1642818644,0.1564396816,0.1643134421,0.1869599707,0.1452518967,0.1827531446,-2.220446049e-16,1,"S1|equal six ETFs, no cash,rebalance=year|no guard"
2019-12-13,0.1642184095,0.1563243585,0.1652300913,0.1853494151,0.1454375242,0.1834402014,2.220446049e-16,1,"S1|equal six ETFs, no cash,rebalance=year|no guard"
2019-12-16,0.1635389655,0.1559366189,0.1648447494,0.1863652091,0.145098086,0.184216371,0,1,"S1|equal six ETFs, no cash,rebalance=year|no guard"
2019-12-17,0.1641956547,0.1555895716,0.1649133106,0.1858679416,0.1444517686,0.1849817529,-2.220446049e-16,1,"S1|equal six ETFs, no cash,rebalance=year|no guard"
2019-12-18,0.1645862368,0.1556645142,0.1650223268,0.185905067,0.1453801597,0.1834416955,0,1,"S1|equal six ETFs, no cash,rebalance=year|no guard"
2019-12-19,0.1654666125,0.1562117371,0.1651079846,0.1852874683,0.1437989101,0.1841272874,0,1,"S1|equal six ETFs, no cash,rebalance=year|no guard"
2019-12-20,0.165169603,0.1559973809,0.1653340808,0.1853069073,0.143548268,0.18464376,0,1,"S1|equal six ETFs, no cash,rebalance=year|no guard"
2019-12-23,0.1643806417,0.1564998653,0.1649637975,0.1850037079,0.143636172,0.1855158157,0,1,"S1|equal six ETFs, no cash,rebalance=year|no guard"
2019-12-24,0.1639347672,0.1565321014,0.1649566021,0.1857363564,0.1425661135,0.1862740596,1.110223025e-16,1,"S1|equal six ETFs, no cash,rebalance=year|no guard"
2019-12-26,0.1631206684,0.155740243,0.1638023875,0.1872825179,0.1430192879,0.1870348953,0,1,"S1|equal six ETFs, no cash,rebalance=year|no guard"
2019-12-27,0.1630498933,0.1561137185,0.1641105069,0.1867645384,0.1427999696,0.1871613733,0,1,"S1|equal six ETFs, no cash,rebalance=year|no guard"
2019-12-30,0.1634985399,0.1557388357,0.1633560628,0.1870902071,0.1436242688,0.1866920857,0,1,"S1|equal six ETFs, no cash,rebalance=year|no guard"
2019-12-31,0.1623783278,0.154684675,0.1630908655,0.1882248725,0.1443473271,0.187273932,0,1,"S1|equal six ETFs, no cash,rebalance=year|no guard"
2020-01-01,0.1628140506,0.1546602615,0.1628450951,0.1877895227,0.1442722352,0.1876188348,0,1,"S1|equal six ETFs, no cash,rebalance=year|no guard"
2020-01-02,0.1629163549,0.1550757047,0.1638326565,0.1868679213,0.1450812861,0.1862260765,0,1,"S1|equal six ETFs, no cash,rebalance=year|no guard"
2020-01-03,0.1622184854,0.1545199855,0.1610138953,0.1923907892,0.1446994075,0.1851574371,2.220446049e-16,1,"S1|equal six ETFs, no cash,rebalance=year|no guard"
2020-01-06,0.1601892526,0.1528092748,0.1582712316,0.1975734843,0.1437496575,0.1874070991,2.220446049e-16,1,"S1|equal six ETFs, no cash,rebalance=year|no guard"
2020-01-07,0.1602269611,0.1534764697,0.1583147626,0.1934742523,0.1438245313,0.190683023,0,1,"S1|equal six ETFs, no cash,rebalance=year|no guard"
2020-01-08,0.1598967992,0.1528491039,0.1578902915,0.1966466682,0.1439131078,0.1888040293,1.110223025e-16,1,"S1|equal six ETFs, no cash,rebalance=year|no guard"
2020-01-09,0.1610906752,0.1544584642,0.160582666,0.1897054022,0.1441044576,0.1900583348,0,1,"S1|equal six ETFs, no cash,rebalance=year|no guard"
2020-01-10,0.1609680324,0.1544198752,0.160522774,0.1886263826,0.1450414245,0.1904215112,1.110223025e-16,1,"S1|equal six ETFs, no cash,rebalance=year|no guard"
2020-01-13,0.16200015,0.1552630838,0.1609675166,0.1875916321,0.1459475251,0.1882300924,0,1,"S1|equal six ETFs, no cash,rebalance=year|no guard"
2020-01-14,0.1624439455,0.1551675492,0.1602683854,0.1872440485,0.1466261393,0.1882499321,1.110223025e-16,1,"S1|equal six ETFs, no cash,rebalance=year|no guard"
2020-01-15,0.1619245793,0.1552305192,0.158279415,0.1882567184,0.1475763491,0.188732419,0,1,"S1|equal six ETFs, no cash,rebalance=year|no guard"
2020-01-16,0.1614324229,0.1553727475,0.1580939106,0.187559954,0.1483413468,0.1891996182,-2.220446049e-16,1,"S1|equal six ETFs, no cash,rebalance=year|no guard"
2020-01-17,0.1613179637,0.1552299137,0.1565537875,0.1867597614,0.1494883962,0.1906501775,0,1,"S1|equal six ETFs, no cash,rebalance=year|no guard"
2020-01-20,0.1597979999,0.1542311795,0.1543799069,0.1885082422,0.1485106796,0.1945719918,0,1,"S1|equal six ETFs, no cash,rebalance=year|no guard"
2020-01-21,0.1599648436,0.1542964661,0.1543799188,0.1889117963,0.1505940296,0.1918529455,1.110223025e-16,1,"S1|equal six ETFs, no cash,rebalance=year|no guard"
2020-01-22,0.1593348925,0.1544179245,0.1534011454,0.1901131569,0.1486506527,0.1940822279,0,1,"S1|equal six ETFs, no cash,rebalance=year|no guard"
2020-01-23,0.1595015268,0.155248503,0.1542110038,0.1887351928,0.1493246578,0.1929791159,1.110223025e-16,1,"S1|equal six ETFs, no cash,rebalance=year|no guard"
2020-01-24,0.15932858,0.1558960833,0.1542940208,0.1883824331,0.150354465,0.1917444178,0,1,"S1|equal six ETFs, no cash,rebalance=year|no guard"
2020-01-27,0.1581492478,0.155016886,0.1528320153,0.1913950283,0.1516250363,0.1909817863,0,1,"S1|equal six ETFs, no cash,rebalance=year|no guard"
2020-01-28,0.1581715947,0.1554237579,0.1529286529,0.1916659406,0.1516047067,0.1902053471,-2.220446049e-16,1,"S1|equal six ETFs, no cash,rebalance=year|no guard"
2020-01-29,0.1583640462,0.1556548745,0.1530087841,0.1903275802,0.1510111248,0.1916335902,0,1,"S1|equal six ETFs, no cash,rebalance=year|no guard"
2020-01-30,0.1581729324,0.1539597958,0.1526676811,0.1933377244,0.1499008341,0.1919610322,-2.220446049e-16,1,"S1|equal six ETFs, no cash,rebalance=year|no guard"
2020-01-31,0.1571998839,0.1525387823,0.1544506975,0.1926872849,0.1493310475,0.193792304,0,1,"S1|equal six ETFs, no cash,rebalance=year|no guard"
2020-02-01,0.1563870658,0.1503526717,0.1506411367,0.1973250438,0.1518892732,0.1934048089,0,1,"S1|equal six ETFs, no cash,rebalance=year|no guard"
2020-02-03,0.1563750593,0.1509178964,0.1520956226,0.1961312637,0.1501473442,0.1943328138,0,1,"S1|equal six ETFs, no cash,rebalance=year|no guard"
2020-02-04,0.1577508076,0.1521419019,0.1535427347,0.1924348377,0.1496365081,0.19449321,-2.220446049e-16,1,"S1|equal six ETFs, no cash,rebalance=year|no guard"
2020-02-05,0.157614655,0.1531144318,0.1539185855,0.1890792825,0.1496447993,0.196628246,-2.220446049e-16,1,"S1|equal six ETFs, no cash,rebalance=year|no guard"
2020-02-06,0.1577075713,0.1532615437,0.1542354345,0.1891145539,0.1493170491,0.1963638475,1.110223025e-16,1,"S1|equal six ETFs, no cash,rebalance=year|no guard"
2020-02-07,0.1566748765,0.1539626896,0.1534039388,0.1896127604,0.1494410511,0.1969046836,1.110223025e-16,1,"S1|equal six ETFs, no cash,rebalance=year|no guard"
2020-02-10,0.1564572186,0.1539265477,0.1532078668,0.1910927156,0.1494040849,0.1959115666,-2.220446049e-16,1,"S1|equal six ETFs, no cash,rebalance=year|no guard"
2020-02-11,0.1564482681,0.1533324056,0.1535940069,0.1898120658,0.1489414127,0.1978718409,1.110223025e-16,1,"S1|equal six ETFs, no cash,rebalance=year|no guard"
2020-02-12,0.1575601606,0.1532919228,0.1543893468,0.1895261575,0.1473330157,0.1978993967,0,1,"S1|equal six ETFs, no cash,rebalance=year|no guard"
2020-02-13,0.1576456004,0.1530147763,0.1529716272,0.1904742866,0.147209735,0.1986839745,0,1,"S1|equal six ETFs, no cash,rebalance=year|no guard"
2020-02-14,0.1570694692,0.1519698314,0.1518309218,0.1906064952,0.1480349709,0.2004883114,0,1,"S1|equal six ETFs, no cash,rebalance=year|no guard"
2020-02-17,0.1568685737,0.1507874008,0.1514596162,0.1915933955,0.1467482886,0.2025427253,0,1,"S1|equal six ETFs, no cash,rebalance=year|no guard"
2020-02-18,0.1569763008,0.1507864148,0.1517796339,0.193602751,0.1458531275,0.2010017721,-2.220446049e-16,1,"S1|equal six ETFs, no cash,rebalance=year|no guard"
2020-02-19,0.1567558144,0.1521385728,0.1509245976,0.1944710584,0.1463317844,0.1993781724,0,1,"S1|equal six ETFs, no cash,rebalance=year|no guard"
2020-02-20,0.1557314133,0.1516895662,0.1507379378,0.1941263245,0.1464872135,0.2012275447,0,1,"S1|equal six ETFs, no cash,rebalance=year|no guard"
2020-02-24,0.1538497687,0.1499984385,0.1494022546,0.2051513061,0.1464956712,0.1951025609,0,1,"S1|equal six ETFs, no cash,rebalance=year|no guard"
2020-02-25,0.1547613798,0.1502655536,0.1511786756,0.200892107,0.1475072163,0.1953950677,0,1,"S1|equal six ETFs, no cash,rebalance=year|no guard"
2020-02-26,0.155333186,0.150256255,0.1530214035,0.2041829402,0.145849805,0.1913564103,2.220446049e-16,1,"S1|equal six ETFs, no cash,rebalance=year|no guard"
2020-02-27,0.1554444553,0.1504343583,0.1523871835,0.2042253585,0.1451434363,0.1923652081,0,1,"S1|equal six ETFs, no cash,rebalance=year|no guard"
2020-02-28,0.1544175867,0.1500214423,0.1514396606,0.2102180248,0.1461398226,0.187763463,1.110223025e-16,1,"S1|equal six ETFs, no cash,rebalance=year|no guard"
2020-03-02,0.1532019192,0.149500343,0.1502314397,0.2082365828,0.1457613801,0.1930683351,0,1,"S1|equal six ETFs, no cash,rebalance=year|no guard"
2020-03-03,0.1533239091,0.1495910363,0.1497590429,0.2054213103,0.144010686,0.1978940153,0,1,"S1|equal six ETFs, no cash,rebalance=year|no guard"
2020-03-04,0.1532766095,0.1493568678,0.1479987708,0.2123314901,0.1417543682,0.1952818936,0,1,"S1|equal six ETFs, no cash,rebalance=year|no guard"
2020-03-05,0.1525651212,0.1496106561,0.1479782278,0.2106077632,0.1438320233,0.1954062084,0,1,"S1|equal six ETFs, no cash,rebalance=year|no guard"
2020-03-06,0.1509559402,0.1479880387,0.144640873,0.2186109357,0.1419030201,0.1959011924,0,1,"S1|equal six ETFs, no cash,rebalance=year|no guard"
2020-03-09,0.1486316131,0.150089706,0.1425985186,0.2225525548,0.1406475245,0.195480083,1.110223025e-16,1,"S1|equal six ETFs, no cash,rebalance=year|no guard"
2020-03-11,0.1495270838,0.1467109107,0.1433328233,0.2228823796,0.1408607775,0.1966860251,1.110223025e-16,1,"S1|equal six ETFs, no cash,rebalance=year|no guard"
2020-03-12,0.1467257421,0.1428649133,0.1375569042,0.2350128404,0.140210252,0.1976293479,0,1,"S1|equal six ETFs, no cash,rebalance=year|no guard"
2020-03-13,0.1513008103,0.1431046043,0.1445701173,0.2263786138,0.1431767537,0.1914691005,0,1,"S1|equal six ETFs, no cash,rebalance=year|no guard"
2020-03-16,0.1506867691,0.1428508915,0.1392706026,0.2281705863,0.1424264291,0.1965947213,0,1,"S1|equal six ETFs, no cash,rebalance=year|no guard"
2020-03-17,0.1506606201,0.1480326612,0.1355403687,0.2298770864,0.1417212558,0.1941680078,0,1,"S1|equal six ETFs, no cash,rebalance=year|no guard"
2020-03-18,0.1503711363,0.1457092668,0.1296578944,0.241034568,0.1375571889,0.1956699455,0,1,"S1|equal six ETFs, no cash,rebalance=year|no guard"
2020-03-19,0.1436261306,0.141965517,0.1288456868,0.2456270425,0.1355646931,0.20437093,0,1,"S1|equal six ETFs, no cash,rebalance=year|no guard"
2020-03-20,0.1449691734,0.1442465127,0.1255726276,0.2446890029,0.1318800013,0.208642682,-2.220446049e-16,1,"S1|equal six ETFs, no cash,rebalance=year|no guard"
2020-03-23,0.1417426429,0.142458005,0.1169504402,0.2582737768,0.1339005397,0.2066745954,0,1,"S1|equal six ETFs, no cash,rebalance=year|no guard"
2020-03-24,0.1398863572,0.1372000838,0.1129355179,0.2602511287,0.1345696266,0.2151572858,0,1,"S1|equal six ETFs, no cash,rebalance=year|no guard"
2020-03-25,0.1418130256,0.1363116867,0.1167894623,0.2548154117,0.1304306103,0.2198398034,-2.220446049e-16,1,"S1|equal six ETFs, no cash,rebalance=year|no guard"
2020-03-26,0.1461429779,0.1408568005,0.1230313703,0.2516220702,0.1317546071,0.206592174,2.220446049e-16,1,"S1|equal six ETFs, no cash,rebalance=year|no guard"
2020-03-27,0.1411816633,0.1387883638,0.1227229797,0.2566103215,0.1285715361,0.2121251356,1.110223025e-16,1,"S1|equal six ETFs, no cash,rebalance=year|no guard"
2020-03-30,0.1380527652,0.1372593475,0.116968054,0.2673673289,0.1294588135,0.2108936909,0,1,"S1|equal six ETFs, no cash,rebalance=year|no guard"
2020-03-31,0.1417264993,0.1406694168,0.1182558202,0.2559633168,0.1239835977,0.2194013493,-2.220446049e-16,1,"S1|equal six ETFs, no cash,rebalance=year|no guard"
2020-04-01,0.1666666667,0.1666666667,0.1666666667,0.1666666667,0.1666666667,0.1666666667,-2.220446049e-16,1,"S1|equal six ETFs, no cash,rebalance=year|no guard"
2020-04-03,0.1642582916,0.1664399735,0.1584462714,0.1719317227,0.1675014346,0.1714223062,0,1,"S1|equal six ETFs, no cash,rebalance=year|no guard"
2020-04-07,0.1659294268,0.1669941022,0.1648099869,0.1664344849,0.161818016,0.1740139832,0,1,"S1|equal six ETFs, no cash,rebalance=year|no guard"
2020-04-08,0.1660131068,0.1704620933,0.1634469724,0.1662843685,0.1625621326,0.1712313265,1.110223025e-16,1,"S1|equal six ETFs, no cash,rebalance=year|no guard"
2020-04-09,0.1658171029,0.1682970876,0.1634785766,0.1642287607,0.1694064054,0.1687720667,-2.220446049e-16,1,"S1|equal six ETFs, no cash,rebalance=year|no guard"
2020-04-13,0.1659527802,0.16790662,0.1628816735,0.1723055227,0.1627272378,0.1682261657,1.110223025e-16,1,"S1|equal six ETFs, no cash,rebalance=year|no guard"
2020-04-15,0.1630520475,0.1705913875,0.1565756701,0.1707609745,0.1662250304,0.17279489,1.110223025e-16,1,"S1|equal six ETFs, no cash,rebalance=year|no guard"
2020-04-16,0.1626462469,0.1686393916,0.1587565726,0.1718248874,0.16188465,0.1762482515,0,1,"S1|equal six ETFs, no cash,rebalance=year|no guard"
2020-04-17,0.1630350592,0.1676249038,0.1668062703,0.1647343736,0.1608811889,0.1769182041,0,1,"S1|equal six ETFs, no cash,rebalance=year|no guard"
2020-04-20,0.1643905866,0.1672182056,0.1658296493,0.1628706722,0.1641101627,0.1755807237,-2.220446049e-16,1,"S1|equal six ETFs, no cash,rebalance=year|no guard"
2020-04-21,0.1628039924,0.1677334371,0.1612809392,0.1673207613,0.1632504884,0.1776103817,0,1,"S1|equal six ETFs, no cash,rebalance=year|no guard"
2020-04-22,0.1650911262,0.1682207388,0.1613266784,0.1687882333,0.1644173392,0.1721558841,1.110223025e-16,1,"S1|equal six ETFs, no cash,rebalance=year|no guard"
2020-04-23,0.1661099798,0.1681837253,0.1637818091,0.1676945446,0.1618187049,0.1724112363,0,1,"S1|equal six ETFs, no cash,rebalance=year|no guard"
2020-04-24,0.1657192454,0.1680924425,0.1605483836,0.1702380144,0.1613360308,0.1740658833,0,1,"S1|equal six ETFs, no cash,rebalance=year|no guard"
2020-04-27,0.1658627926,0.167706786,0.1623000001,0.1675713547,0.1591759022,0.1773831644,-2.220446049e-16,1,"S1|equal six ETFs, no cash,rebalance=year|no guard"
2020-04-28,0.165812954,0.1661379608,0.1651342613,0.1664376859,0.1598750027,0.1766021353,0,1,"S1|equal six ETFs, no cash,rebalance=year|no guard"
2020-04-29,0.1676422416,0.1670425883,0.1678038305,0.1641275685,0.1613634167,0.1720203544,0,1,"S1|equal six ETFs, no cash,rebalance=year|no guard"
2020-04-30,0.1697639147,0.1667716003,0.1676378464,0.1620844501,0.1615727676,0.1721694209,1.110223025e-16,1,"S1|equal six ETFs, no cash,rebalance=year|no guard"
2020-05-04,0.1675226784,0.166485259,0.1613661739,0.1692880215,0.1632537793,0.1720840879,-2.220446049e-16,1,"S1|equal six ETFs, no cash,rebalance=year|no guard"
2020-05-05,0.1668690074,0.1675093429,0.1592985148,0.1658618864,0.1624976511,0.1779635974,0,1,"S1|equal six ETFs, no cash,rebalance=year|no guard"
2020-05-06,0.1672106149,0.1654118873,0.1616210158,0.1640532418,0.1624950031,0.1792082371,0,1,"S1|equal six ETFs, no cash,rebalance=year|no guard"
2020-05-07,0.1657483421,0.1652344508,0.1600379175,0.1629277251,0.1635106165,0.182540948,0,1,"S1|equal six ETFs, no cash,rebalance=year|no guard"
2020-05-08,0.1664898636,0.1663351218,0.1583211754,0.1645734087,0.1613518355,0.182928595,-2.220446049e-16,1,"S1|equal six ETFs, no cash,rebalance=year|no guard"
2020-05-11,0.1668468858,0.1680870611,0.1553660806,0.1634255421,0.162263428,0.1840110025,0,1,"S1|equal six ETFs, no cash,rebalance=year|no guard"
2020-05-12,0.1661343981,0.1674637873,0.1541656464,0.1634203423,0.1637641874,0.1850516386,1.110223025e-16,1,"S1|equal six ETFs, no cash,rebalance=year|no guard"
2020-05-13,0.1680608308,0.1677746059,0.1592956025,0.1613829119,0.1623160594,0.1811699896,0,1,"S1|equal six ETFs, no cash,rebalance=year|no guard"
2020-05-14,0.1655706874,0.1700081856,0.1562399319,0.1647613852,0.1633991324,0.1800206774,0,1,"S1|equal six ETFs, no cash,rebalance=year|no guard"
2020-05-15,0.1650873772,0.1687784394,0.1544039756,0.166087541,0.1626592187,0.1829834481,0,1,"S1|equal six ETFs, no cash,rebalance=year|no guard"
2020-05-18,0.1625781817,0.1670204431,0.1468861202,0.1720410555,0.1609533043,0.1905208951,1.110223025e-16,1,"S1|equal six ETFs, no cash,rebalance=year|no guard"
2020-05-19,0.1638179698,0.1674066071,0.1459029037,0.1678525184,0.1645156988,0.1905043022,1.110223025e-16,1,"S1|equal six ETFs, no cash,rebalance=year|no guard"
2020-05-20,0.1651038205,0.1685476261,0.1467279866,0.1678571059,0.161555799,0.1902076619,2.220446049e-16,1,"S1|equal six ETFs, no cash,rebalance=year|no guard"
2020-05-21,0.1657109355,0.1700362544,0.1459668976,0.1659056649,0.1628520909,0.1895281567,0,1,"S1|equal six ETFs, no cash,rebalance=year|no guard"
2020-05-22,0.1654847694,0.1694569891,0.1429373624,0.1675641588,0.1656609193,0.188895801,1.110223025e-16,1,"S1|equal six ETFs, no cash,rebalance=year|no guard"
2020-05-26,0.1645202355,0.1696916414,0.143639501,0.1646163611,0.1647636576,0.1927686035,0,1,"S1|equal six ETFs, no cash,rebalance=year|no guard"
2020-05-27,0.1674571935,0.1675557959,0.1523722426,0.1613110495,0.1618560364,0.1894476821,-2.220446049e-16,1,"S1|equal six ETFs, no cash,rebalance=year|no guard"
2020-05-28,0.1684031256,0.1680331182,0.154073769,0.1614784934,0.1614272464,0.1865842474,0,1,"S1|equal six ETFs, no cash,rebalance=year|no guard"
2020-05-29,0.1688085208,0.1713112591,0.1540754192,0.1594764902,0.1633518642,0.1829764465,0,1,"S1|equal six ETFs, no cash,rebalance=year|no guard"
2020-06-01,0.1704306734,0.1695027017,0.1563687373,0.1571604845,0.1652632338,0.1812741693,1.110223025e-16,1,"S1|equal six ETFs, no cash,rebalance=year|no guard"
2020-06-02,0.1705519453,0.1688941102,0.158824657,0.154976106,0.1659045452,0.1808486362,0,1,"S1|equal six ETFs, no cash,rebalance=year|no guard"
2020-06-03,0.1702273681,0.1694430736,0.1610869116,0.1528757554,0.1650812258,0.1812856655,2.220446049e-16,1,"S1|equal six ETFs, no cash,rebalance=year|no guard"
2020-06-04,0.171262859,0.1700584401,0.1581464518,0.1536723657,0.1636305514,0.1832293319,-2.220446049e-16,1,"S1|equal six ETFs, no cash,rebalance=year|no guard"
2020-06-05,0.1708487504,0.1708806334,0.1607007288,0.1527305432,0.1639054272,0.180933917,-2.220446049e-16,1,"S1|equal six ETFs, no cash,rebalance=year|no guard"
2020-06-08,0.1705325355,0.170308435,0.1613029905,0.1498368997,0.1655873175,0.1824318218,0,1,"S1|equal six ETFs, no cash,rebalance=year|no guard"
2020-06-09,0.1696196508,0.1706130611,0.1581754798,0.1520765208,0.1662942046,0.183221083,0,1,"S1|equal six ETFs, no cash,rebalance=year|no guard"
2020-06-10,0.1687156661,0.1690502257,0.1598155808,0.1510933822,0.1663550208,0.1849701244,-2.220446049e-16,1,"S1|equal six ETFs, no cash,rebalance=year|no guard"
2020-06-11,0.1671035959,0.1679562136,0.1567658481,0.1547328348,0.1675724612,0.1858690465,2.220446049e-16,1,"S1|equal six ETFs, no cash,rebalance=year|no guard"
2020-06-12,0.1678568236,0.1691913409,0.1575826783,0.1550725045,0.1678814362,0.1824152165,0,1,"S1|equal six ETFs, no cash,rebalance=year|no guard"
2020-06-15,0.1680891025,0.1703026935,0.1542489209,0.1556193562,0.170398011,0.1813419159,0,1,"S1|equal six ETFs, no cash,rebalance=year|no guard"
2020-06-16,0.1673301791,0.1684837903,0.154924351,0.1555211256,0.1690569033,0.1846836507,0,1,"S1|equal six ETFs, no cash,rebalance=year|no guard"
2020-06-17,0.16664226,0.1690271928,0.1539930161,0.1545676286,0.1688272394,0.186942663,1.110223025e-16,1,"S1|equal six ETFs, no cash,rebalance=year|no guard"
2020-06-18,0.1676997649,0.166737503,0.1580147634,0.153263524,0.1681795189,0.1861049258,0,1,"S1|equal six ETFs, no cash,rebalance=year|no guard"
2020-06-19,0.1688337983,0.1670225263,0.1594618336,0.1513559618,0.1675709263,0.1857549536,1.110223025e-16,1,"S1|equal six ETFs, no cash,rebalance=year|no guard"
2020-06-22,0.1683519242,0.1680437769,0.1604072548,0.1518379807,0.1677475008,0.1836115626,0,1,"S1|equal six ETFs, no cash,rebalance=year|no guard"
2020-06-23,0.1686153828,0.169164729,0.1629865608,0.1498542679,0.1668941216,0.182484938,-2.220446049e-16,1,"S1|equal six ETFs, no cash,rebalance=year|no guard"
2020-06-24,0.1684156162,0.1699502831,0.1585651812,0.1534100527,0.1657035349,0.1839553318,0,1,"S1|equal six ETFs, no cash,rebalance=year|no guard"
2020-06-25,0.1682201693,0.1707019497,0.1594099478,0.1525007904,0.1674279565,0.1817391863,-2.220446049e-16,1,"S1|equal six ETFs, no cash,rebalance=year|no guard"
2020-06-26,0.1694072167,0.1695610721,0.1591836824,0.1519909202,0.1672197615,0.182637347,0,1,"S1|equal six ETFs, no cash,rebalance=year|no guard"
2020-06-29,0.1702051162,0.1706669236,0.1595432225,0.153982391,0.1660577016,0.1795446451,0,1,"S1|equal six ETFs, no cash,rebalance=year|no guard"
2020-06-30,0.1694296653,0.1699335389,0.1592092816,0.1540225202,0.166391492,0.181013502,0,1,"S1|equal six ETFs, no cash,rebalance=year|no guard"
2020-07-01,0.1693472351,0.1678934838,0.1612014007,0.1532299945,0.1661698135,0.1821580723,2.220446049e-16,1,"S1|equal six ETFs, no cash,rebalance=year|no guard"
2020-07-02,0.1705498475,0.1685623912,0.1610072989,0.1501572499,0.1664066336,0.1833165788,1.110223025e-16,1,"S1|equal six ETFs, no cash,rebalance=year|no guard"
2020-07-03,0.1710713415,0.1691761469,0.1601483408,0.1499254153,0.1659877866,0.183690969,0,1,"S1|equal six ETFs, no cash,rebalance=year|no guard"
2020-07-06,0.1718568303,0.1679228385,0.1606981244,0.1485270266,0.1681687765,0.1828264037,-2.220446049e-16,1,"S1|equal six ETFs, no cash,rebalance=year|no guard"
2020-07-07,0.1711985319,0.1681369887,0.162191257,0.1480039528,0.1671930895,0.1832761802,2.220446049e-16,1,"S1|equal six ETFs, no cash,rebalance=year|no guard"
2020-07-08,0.1699339595,0.1668296875,0.1629445542,0.1500006903,0.1674378104,0.182853298,0,1,"S1|equal six ETFs, no cash,rebalance=year|no guard"
2020-07-09,0.1704989711,0.1655612935,0.1635864418,0.1500116582,0.1659021429,0.1844394925,0,1,"S1|equal six ETFs, no cash,rebalance=year|no guard"
2020-07-10,0.1701620952,0.1667233356,0.160658806,0.1501665324,0.1657397938,0.186549437,0,1,"S1|equal six ETFs, no cash,rebalance=year|no guard"
2020-07-13,0.1707103557,0.1659663901,0.1579963642,0.1502291616,0.1658911641,0.1892065643,0,1,"S1|equal six ETFs, no cash,rebalance=year|no guard"
2020-07-14,0.170566193,0.1677160069,0.1554231364,0.1521735084,0.1650936668,0.1890274885,0,1,"S1|equal six ETFs, no cash,rebalance=year|no guard"
2020-07-15,0.1705062744,0.1663828029,0.1544121744,0.152418847,0.1667739126,0.1895059887,0,1,"S1|equal six ETFs, no cash,rebalance=year|no guard"
2020-07-16,0.1725029142,0.1668971869,0.1565280631,0.1523499616,0.1645439129,0.1871779613,1.110223025e-16,1,"S1|equal six ETFs, no cash,rebalance=year|no guard"
2020-07-17,0.172972961,0.1678851618,0.1574856531,0.1496454816,0.1651422399,0.1868685026,1.110223025e-16,1,"S1|equal six ETFs, no cash,rebalance=year|no guard"
2020-07-20,0.1736506206,0.1674280784,0.1590295473,0.1492860974,0.1659925044,0.184613152,-2.220446049e-16,1,"S1|equal six ETFs, no cash,rebalance=year|no guard"
2020-07-21,0.173624489,0.1656000901,0.1604702374,0.1480502844,0.1648184467,0.1874364523,0,1,"S1|equal six ETFs, no cash,rebalance=year|no guard"
2020-07-22,0.1736996263,0.1661066537,0.1614052016,0.1507840857,0.1633274871,0.1846769457,0,1,"S1|equal six ETFs, no cash,rebalance=year|no guard"
2020-07-23,0.1729816561,0.165313138,0.1610041216,0.151042063,0.1649893673,0.184669654,0,1,"S1|equal six ETFs, no cash,rebalance=year|no guard"
2020-07-24,0.174744127,0.1653656002,0.1597857128,0.154137583,0.1655624645,0.1804045124,0,1,"S1|equal six ETFs, no cash,rebalance=year|no guard"
2020-07-27,0.1744180251,0.1637685207,0.1549324371,0.1598964183,0.1659878389,0.1809967599,0,1,"S1|equal six ETFs, no cash,rebalance=year|no guard"
2020-07-28,0.1757210361,0.164426278,0.1557536906,0.1573979383,0.1642390889,0.1824619682,0,1,"S1|equal six ETFs, no cash,rebalance=year|no guard"
2020-07-29,0.1744060555,0.1645286047,0.1552029696,0.1589582724,0.167325715,0.1795783828,0,1,"S1|equal six ETFs, no cash,rebalance=year|no guard"
2020-07-30,0.1736137989,0.1663980726,0.152860594,0.1600832286,0.1662370127,0.1808072931,0,1,"S1|equal six ETFs, no cash,rebalance=year|no guard"
2020-07-31,0.1718456245,0.1663866867,0.151574684,0.1603795978,0.1661936229,0.183619784,0,1,"S1|equal six ETFs, no cash,rebalance=year|no guard"
2020-08-03,0.1698076572,0.1670556233,0.1484820308,0.1615136635,0.1667355658,0.1864054595,0,1,"S1|equal six ETFs, no cash,rebalance=year|no guard"
2020-08-04,0.1713523155,0.166554256,0.1498331475,0.1603534694,0.1650328396,0.186873972,0,1,"S1|equal six ETFs, no cash,rebalance=year|no guard"
2020-08-05,0.1700339057,0.1649658681,0.1487251095,0.1632867975,0.1673529576,0.1856353616,0,1,"S1|equal six ETFs, no cash,rebalance=year|no guard"
2020-08-06,0.1707073592,0.1655661214,0.1488464947,0.1638769341,0.1658147856,0.1851883049,0,1,"S1|equal six ETFs, no cash,rebalance=year|no guard"
2020-08-07,0.1698100581,0.1651008795,0.1483276584,0.1634623991,0.1669778574,0.1863211474,0,1,"S1|equal six ETFs, no cash,rebalance=year|no guard"
2020-08-10,0.1701145366,0.1668307567,0.1490721944,0.1603580633,0.169292233,0.184332216,1.110223025e-16,1,"S1|equal six ETFs, no cash,rebalance=year|no guard"
2020-08-11,0.1710441759,0.1662754579,0.1520091086,0.1569550733,0.1706470205,0.1830691638,-2.220446049e-16,1,"S1|equal six ETFs, no cash,rebalance=year|no guard"
2020-08-12,0.1722117748,0.1666161954,0.1533781257,0.1527536845,0.1715681106,0.1834721089,0,1,"S1|equal six ETFs, no cash,rebalance=year|no guard"
2020-08-13,0.1713952977,0.167378818,0.1516598965,0.1528579324,0.1719224423,0.1847856132,0,1,"S1|equal six ETFs, no cash,rebalance=year|no guard"
2020-08-14,0.1704577378,0.1670704273,0.1487599364,0.1546917453,0.1732458602,0.185774293,0,1,"S1|equal six ETFs, no cash,rebalance=year|no guard"
2020-08-17,0.1711584541,0.1668079316,0.1491514463,0.1539571984,0.1720585956,0.1868663741,0,1,"S1|equal six ETFs, no cash,rebalance=year|no guard"
2020-08-18,0.1700824135,0.1663855591,0.1500420806,0.1554215911,0.172685233,0.1853831226,0,1,"S1|equal six ETFs, no cash,rebalance=year|no guard"
2020-08-19,0.1699094561,0.1658764444,0.1502276344,0.1536491311,0.1741479837,0.1861893503,-2.220446049e-16,1,"S1|equal six ETFs, no cash,rebalance=year|no guard"
2020-08-20,0.1707874421,0.1670560126,0.149841158,0.1513770647,0.1749875287,0.185950794,-2.220446049e-16,1,"S1|equal six ETFs, no cash,rebalance=year|no guard"
2020-08-21,0.1698507289,0.1658808774,0.1500531033,0.149820177,0.1756878118,0.1887073017,0,1,"S1|equal six ETFs, no cash,rebalance=year|no guard"
2020-08-24,0.1700441635,0.164721614,0.1526973141,0.1481801293,0.1765567593,0.1878000198,0,1,"S1|equal six ETFs, no cash,rebalance=year|no guard"
2020-08-25,0.1697752681,0.1653293156,0.154326185,0.1461762926,0.1772562726,0.1871366661,0,1,"S1|equal six ETFs, no cash,rebalance=year|no guard"
2020-08-26,0.169823558,0.1642998517,0.1557513978,0.1448208599,0.1762191152,0.1890852174,0,1,"S1|equal six ETFs, no cash,rebalance=year|no guard"
2020-08-27,0.169055193,0.1639674014,0.155968551,0.144781398,0.1756750208,0.1905524357,1.110223025e-16,1,"S1|equal six ETFs, no cash,rebalance=year|no guard"
2020-08-28,0.1699269616,0.1639328331,0.1618176067,0.1443622857,0.1733415076,0.1866188053,0,1,"S1|equal six ETFs, no cash,rebalance=year|no guard"
2020-08-31,0.1686342157,0.1605317426,0.1594746292,0.1476083253,0.1713251252,0.1924259619,-2.220446049e-16,1,"S1|equal six ETFs, no cash,rebalance=year|no guard"
2020-09-01,0.1696305461,0.1606067362,0.1592179919,0.1475083801,0.1704654572,0.1925708885,0,1,"S1|equal six ETFs, no cash,rebalance=year|no guard"
2020-09-02,0.1692628072,0.1619487071,0.1585376472,0.144987054,0.1708093947,0.1944543899,1.110223025e-16,1,"S1|equal six ETFs, no cash,rebalance=year|no guard"
2020-09-03,0.1692748691,0.1627192805,0.1562487109,0.1432163087,0.1731673155,0.1953735153,-2.220446049e-16,1,"S1|equal six ETFs, no cash,rebalance=year|no guard"
2020-09-04,0.1706729742,0.1626627356,0.156119139,0.1472405269,0.1739582738,0.1893463506,2.220446049e-16,1,"S1|equal six ETFs, no cash,rebalance=year|no guard"
2020-09-07,0.1718187584,0.1632164179,0.1566140605,0.1481449705,0.1732229062,0.1869828865,1.110223025e-16,1,"S1|equal six ETFs, no cash,rebalance=year|no guard"
2020-09-08,0.1718673392,0.1624411335,0.1555993039,0.14893447,0.1731769805,0.1879807729,0,1,"S1|equal six ETFs, no cash,rebalance=year|no guard"
2020-09-09,0.1724003875,0.1637291657,0.1534785966,0.150431218,0.1729455431,0.1870150892,2.220446049e-16,1,"S1|equal six ETFs, no cash,rebalance=year|no guard"
2020-09-10,0.1729409736,0.1634783128,0.1533761734,0.1498507566,0.1757797562,0.1845740274,-2.220446049e-16,1,"S1|equal six ETFs, no cash,rebalance=year|no guard"
2020-09-11,0.1730695488,0.164619211,0.1533935905,0.1495633101,0.1748429361,0.1845114035,0,1,"S1|equal six ETFs, no cash,rebalance=year|no guard"
2020-09-14,0.1724347822,0.1639173631,0.1502542388,0.1485529005,0.1837916548,0.1810490607,0,1,"S1|equal six ETFs, no cash,rebalance=year|no guard"
2020-09-15,0.1726658474,0.1650375076,0.1518554762,0.1495598257,0.1799335505,0.1809477926,0,1,"S1|equal six ETFs, no cash,rebalance=year|no guard"
2020-09-16,0.1726661951,0.1643963785,0.1515416525,0.1479938529,0.1802217951,0.1831801259,0,1,"S1|equal six ETFs, no cash,rebalance=year|no guard"
2020-09-17,0.1732279198,0.1661175291,0.1512784424,0.1483537976,0.1802898428,0.1807324683,0,1,"S1|equal six ETFs, no cash,rebalance=year|no guard"
2020-09-18,0.1731179327,0.1665084813,0.1492402216,0.1494533559,0.1824377368,0.1792422716,0,1,"S1|equal six ETFs, no cash,rebalance=year|no guard"
2020-09-21,0.1731175099,0.1657410694,0.1483322949,0.1517883932,0.1828655203,0.1781552122,0,1,"S1|equal six ETFs, no cash,rebalance=year|no guard"
2020-09-22,0.1727847519,0.1638113868,0.1479440038,0.1502709796,0.1804012958,0.184787582,0,1,"S1|equal six ETFs, no cash,rebalance=year|no guard"
2020-09-23,0.1730188528,0.1635680755,0.1484212442,0.149472356,0.1783442083,0.1871752633,0,1,"S1|equal six ETFs, no cash,rebalance=year|no guard"
2020-09-24,0.1722502944,0.1647996246,0.147013932,0.1507534992,0.1792147637,0.1859678861,2.220446049e-16,1,"S1|equal six ETFs, no cash,rebalance=year|no guard"
2020-09-25,0.1724754942,0.1656007112,0.1475770593,0.1491373593,0.1797204867,0.1854888892,0,1,"S1|equal six ETFs, no cash,rebalance=year|no guard"
2020-09-28,0.1722039589,0.1653120244,0.1498750465,0.1455232771,0.1809504089,0.1861352842,0,1,"S1|equal six ETFs, no cash,rebalance=year|no guard"
2020-09-29,0.1722969041,0.1651694816,0.1482126721,0.1483390658,0.1784250218,0.1875568546,0,1,"S1|equal six ETFs, no cash,rebalance=year|no guard"
2020-09-30,0.1722307316,0.1655824841,0.1481570813,0.1482467555,0.1795001912,0.1862827563,1.110223025e-16,1,"S1|equal six ETFs, no cash,rebalance=year|no guard"
2020-10-01,0.1726471896,0.1646354178,0.1517337274,0.146286917,0.178641429,0.1860553191,0,1,"S1|equal six ETFs, no cash,rebalance=year|no guard"
2020-10-05,0.1738346969,0.1649279693,0.1524744007,0.1466318792,0.1788379099,0.183293144,1.110223025e-16,1,"S1|equal six ETFs, no cash,rebalance=year|no guard"
2020-10-06,0.1743799279,0.164134752,0.1540412824,0.1465475785,0.177012249,0.1838842102,0,1,"S1|equal six ETFs, no cash,rebalance=year|no guard"
2020-10-07,0.1760397672,0.1639340411,0.1551168535,0.1447500334,0.1768744114,0.1832848934,0,1,"S1|equal six ETFs, no cash,rebalance=year|no guard"
2020-10-08,0.1765169875,0.1640320915,0.1559718884,0.1441304136,0.1754263058,0.1839223132,0,1,"S1|equal six ETFs, no cash,rebalance=year|no guard"
2020-10-09,0.1769414852,0.1631989811,0.159377524,0.1445505633,0.1717183455,0.1842131009,0,1,"S1|equal six ETFs, no cash,rebalance=year|no guard"
2020-10-12,0.1766496619,0.1618426385,0.1583878143,0.1456141678,0.170988499,0.1865172185,0,1,"S1|equal six ETFs, no cash,rebalance=year|no guard"
2020-10-13,0.1759202506,0.1610246655,0.1564947378,0.144717881,0.170783915,0.19105855,1.110223025e-16,1,"S1|equal six ETFs, no cash,rebalance=year|no guard"
2020-10-14,0.1760109246,0.1615501452,0.1584926776,0.1424982086,0.1703355362,0.1911125078,-2.220446049e-16,1,"S1|equal six ETFs, no cash,rebalance=year|no guard"
2020-10-15,0.1752868598,0.162086524,0.155619283,0.14537187,0.1722970977,0.1893383655,0,1,"S1|equal six ETFs, no cash,rebalance=year|no guard"
2020-10-16,0.1750556555,0.1618140466,0.1574544743,0.1448626535,0.1713506479,0.1894625222,0,1,"S1|equal six ETFs, no cash,rebalance=year|no guard"
2020-10-19,0.1749324767,0.1612424649,0.160744176,0.1434989659,0.1711687749,0.1884131416,0,1,"S1|equal six ETFs, no cash,rebalance=year|no guard"
2020-10-20,0.1754229162,0.1612479688,0.1613845334,0.1436880198,0.172187312,0.1860692498,0,1,"S1|equal six ETFs, no cash,rebalance=year|no guard"
2020-10-21,0.1751210353,0.160867688,0.1629290366,0.1443313683,0.1727655776,0.1839852942,1.110223025e-16,1,"S1|equal six ETFs, no cash,rebalance=year|no guard"
2020-10-22,0.1752735818,0.1616588605,0.1626129561,0.1447420644,0.1712234211,0.1844891162,0,1,"S1|equal six ETFs, no cash,rebalance=year|no guard"
2020-10-23,0.1749762462,0.1608402833,0.1621082754,0.1436142429,0.1737956834,0.1846652689,0,1,"S1|equal six ETFs, no cash,rebalance=year|no guard"
2020-10-26,0.1750850326,0.1603798921,0.1611857798,0.1448632554,0.1736542598,0.1848317804,0,1,"S1|equal six ETFs, no cash,rebalance=year|no guard"
2020-10-27,0.174837948,0.1618370019,0.1636939286,0.1434214229,0.1733933402,0.1828163584,0,1,"S1|equal six ETFs, no cash,rebalance=year|no guard"
2020-10-28,0.1738673302,0.1613204904,0.1614757128,0.1445204634,0.1746608199,0.1841551834,-2.220446049e-16,1,"S1|equal six ETFs, no cash,rebalance=year|no guard"
2020-10-29,0.174363345,0.1625485245,0.1619309521,0.1448736451,0.1740582965,0.1822252368,0,1,"S1|equal six ETFs, no cash,rebalance=year|no guard"
2020-10-30,0.1743252916,0.1627716376,0.1608937989,0.1449183434,0.1746218231,0.1824691055,1.110223025e-16,1,"S1|equal six ETFs, no cash,rebalance=year|no guard"
2020-11-02,0.1730636773,0.1624277693,0.1662886397,0.1450763206,0.1730522049,0.1800913883,-2.220446049e-16,1,"S1|equal six ETFs, no cash,rebalance=year|no guard"
2020-11-03,0.1732340491,0.1613703985,0.1692711216,0.1439073356,0.1731822154,0.1790348799,0,1,"S1|equal six ETFs, no cash,rebalance=year|no guard"
2020-11-04,0.1727974397,0.1606716966,0.1688015171,0.1425191693,0.1715491619,0.1836610154,2.220446049e-16,1,"S1|equal six ETFs, no cash,rebalance=year|no guard"
2020-11-05,0.1726558629,0.1604438852,0.1686801744,0.1403473555,0.1720985466,0.1857741754,-2.220446049e-16,1,"S1|equal six ETFs, no cash,rebalance=year|no guard"
2020-11-06,0.1729337856,0.1594315138,0.1700796175,0.1411042727,0.1739322582,0.1825185523,-2.220446049e-16,1,"S1|equal six ETFs, no cash,rebalance=year|no guard"
2020-11-09,0.1728077129,0.1590315933,0.1725468316,0.139418549,0.1709382221,0.185257091,-2.220446049e-16,1,"S1|equal six ETFs, no cash,rebalance=year|no guard"
2020-11-10,0.1764876817,0.158921716,0.1803401307,0.1346214371,0.1700732208,0.1795558136,0,1,"S1|equal six ETFs, no cash,rebalance=year|no guard"
2020-11-11,0.1766905759,0.1596751831,0.1806692164,0.1343434906,0.1706990699,0.1779224641,1.110223025e-16,1,"S1|equal six ETFs, no cash,rebalance=year|no guard"
2020-11-12,0.1763265665,0.1610724055,0.1773573157,0.1348144519,0.1704262814,0.1800029791,0,1,"S1|equal six ETFs, no cash,rebalance=year|no guard"
2020-11-13,0.1758970111,0.1614237319,0.1772620137,0.1342032501,0.1709802346,0.1802337586,0,1,"S1|equal six ETFs, no cash,rebalance=year|no guard"
2020-11-14,0.1752538656,0.1621984827,0.1762537277,0.1342253605,0.1722023412,0.1798662223,0,1,"S1|equal six ETFs, no cash,rebalance=year|no guard"
2020-11-17,0.1756836126,0.1615708844,0.1793531878,0.13298737,0.1721865786,0.1782183667,0,1,"S1|equal six ETFs, no cash,rebalance=year|no guard"
2020-11-18,0.175299011,0.1611040059,0.182064117,0.131225303,0.1740226765,0.1762848867,0,1,"S1|equal six ETFs, no cash,rebalance=year|no guard"
2020-11-19,0.1748455495,0.1625178439,0.1782805819,0.1314214381,0.1766629456,0.176271641,-2.220446049e-16,1,"S1|equal six ETFs, no cash,rebalance=year|no guard"
2020-11-20,0.1746629343,0.1629075432,0.1794583435,0.1305058896,0.1756015832,0.1768637062,0,1,"S1|equal six ETFs, no cash,rebalance=year|no guard"
2020-11-23,0.1750910581,0.1639483349,0.1773816251,0.1303119145,0.1777308347,0.1755362326,0,1,"S1|equal six ETFs, no cash,rebalance=year|no guard"
2020-11-24,0.1763888782,0.1634455521,0.1805312965,0.1264993202,0.1783850257,0.1747499273,0,1,"S1|equal six ETFs, no cash,rebalance=year|no guard"
2020-11-25,0.1752388833,0.1637312561,0.1790271372,0.1271968738,0.1774667937,0.1773390559,1.110223025e-16,1,"S1|equal six ETFs, no cash,rebalance=year|no guard"
2020-11-26,0.1751117079,0.1635122084,0.1798064358,0.127092573,0.1767798007,0.1776972743,-2.220446049e-16,1,"S1|equal six ETFs, no cash,rebalance=year|no guard"
2020-11-27,0.1743443025,0.1633104728,0.1788072459,0.1261132066,0.1798852447,0.1775395275,-2.220446049e-16,1,"S1|equal six ETFs, no cash,rebalance=year|no guard"
2020-12-01,0.1744641679,0.1640895941,0.1785385293,0.1233231181,0.1825628727,0.1770217179,0,1,"S1|equal six ETFs, no cash,rebalance=year|no guard"
2020-12-02,0.1739762157,0.1647423285,0.176189783,0.1243972254,0.1822663539,0.1784280936,-2.220446049e-16,1,"S1|equal six ETFs, no cash,rebalance=year|no guard"
2020-12-03,0.1739244266,0.1654130884,0.1756456293,0.1249142534,0.1812217807,0.1788808215,-2.220446049e-16,1,"S1|equal six ETFs, no cash,rebalance=year|no guard"
2020-12-04,0.1739496358,0.1647947133,0.1776118614,0.1238865838,0.1820143774,0.1777428283,-2.220446049e-16,1,"S1|equal six ETFs, no cash,rebalance=year|no guard"
2020-12-07,0.1741242353,0.1653026847,0.1772230745,0.1222641724,0.1845756575,0.1765101756,0,1,"S1|equal six ETFs, no cash,rebalance=year|no guard"
2020-12-08,0.1742240254,0.1647972943,0.1768035757,0.1234988684,0.1840299698,0.1766462665,1.110223025e-16,1,"S1|equal six ETFs, no cash,rebalance=year|no guard"
2020-12-09,0.1752713213,0.1643655364,0.1788333649,0.1224539797,0.1837439993,0.1753317984,0,1,"S1|equal six ETFs, no cash,rebalance=year|no guard"
2020-12-10,0.1761076768,0.165872385,0.1794702844,0.1220266566,0.1835775432,0.172945454,0,1,"S1|equal six ETFs, no cash,rebalance=year|no guard"
2020-12-11,0.1756486156,0.165847124,0.1795711342,0.1217866405,0.1838136244,0.1733328613,1.110223025e-16,1,"S1|equal six ETFs, no cash,rebalance=year|no guard"
2020-12-14,0.1755551934,0.1668070745,0.1797054472,0.1209665944,0.18381565,0.1731500405,0,1,"S1|equal six ETFs, no cash,rebalance=year|no guard"
2020-12-15,0.1759931983,0.165535297,0.1793331908,0.1217645572,0.1823707623,0.1750029943,0,1,"S1|equal six ETFs, no cash,rebalance=year|no guard"
2020-12-16,0.1759275452,0.1649730221,0.1781130691,0.1221468049,0.1837468458,0.1750927128,0,1,"S1|equal six ETFs, no cash,rebalance=year|no guard"
2020-12-17,0.1761838597,0.163887996,0.1780347799,0.1226621376,0.1843480979,0.1748831289,0,1,"S1|equal six ETFs, no cash,rebalance=year|no guard"
2020-12-18,0.1767091339,0.1646465348,0.1776084832,0.1228615544,0.1822894935,0.1758848002,0,1,"S1|equal six ETFs, no cash,rebalance=year|no guard"
2020-12-21,0.1762300372,0.1645488417,0.1750193031,0.1276059151,0.1772665505,0.1793293523,0,1,"S1|equal six ETFs, no cash,rebalance=year|no guard"
2020-12-22,0.1765799804,0.164942633,0.1746723687,0.1253661504,0.179685217,0.1787536505,0,1,"S1|equal six ETFs, no cash,rebalance=year|no guard"
2020-12-23,0.1759026018,0.1656511789,0.1737581279,0.1234266361,0.1833338367,0.1779276186,2.220446049e-16,1,"S1|equal six ETFs, no cash,rebalance=year|no guard"
2020-12-24,0.1768505072,0.1651892447,0.1760411743,0.1233290966,0.1827296287,0.1758603484,0,1,"S1|equal six ETFs, no cash,rebalance=year|no guard"
2020-12-28,0.1772118937,0.1657912372,0.1776582888,0.1228636676,0.1810380417,0.175436871,0,1,"S1|equal six ETFs, no cash,rebalance=year|no guard"
2020-12-29,0.1774158344,0.1648677504,0.1789638369,0.1217128181,0.1806248157,0.1764149444,0,1,"S1|equal six ETFs, no cash,rebalance=year|no guard"
2020-12-30,0.1778509689,0.165283246,0.1787050646,0.1213242463,0.181796206,0.1750402682,0,1,"S1|equal six ETFs, no cash,rebalance=year|no guard"
2020-12-31,0.1774195371,0.1654779771,0.1782832935,0.121665073,0.1825152626,0.1746388567,2.220446049e-16,1,"S1|equal six ETFs, no cash,rebalance=year|no guard"
2021-01-01,0.1774784478,0.1659104701,0.1778086662,0.121464972,0.1823809759,0.1749564681,0,1,"S1|equal six ETFs, no cash,rebalance=year|no guard"
2021-01-04,0.1769900549,0.1663281526,0.1762417867,0.1221627,0.1848617174,0.1734155883,0,1,"S1|equal six ETFs, no cash,rebalance=year|no guard"
2021-01-05,0.1771098377,0.1680684316,0.1782515044,0.122999492,0.1843474331,0.1692233012,0,1,"S1|equal six ETFs, no cash,rebalance=year|no guard"
2021-01-06,0.1757825476,0.1678043509,0.1775312888,0.1226583525,0.1892488985,0.1669745617,0,1,"S1|equal six ETFs, no cash,rebalance=year|no guard"
2021-01-07,0.1759955257,0.1687147709,0.1785540043,0.1207834088,0.1884436675,0.1675086228,0,1,"S1|equal six ETFs, no cash,rebalance=year|no guard"
2021-01-08,0.1766818425,0.1687061798,0.1776890969,0.1183557575,0.187180568,0.1713865553,0,1,"S1|equal six ETFs, no cash,rebalance=year|no guard"
2021-01-11,0.1780094427,0.1689678088,0.1770479358,0.1159311178,0.1873198802,0.1727238147,-2.220446049e-16,1,"S1|equal six ETFs, no cash,rebalance=year|no guard"
2021-01-12,0.1785497559,0.1690186387,0.1786250385,0.1161164601,0.187234326,0.1704557808,-2.220446049e-16,1,"S1|equal six ETFs, no cash,rebalance=year|no guard"
2021-01-13,0.1791052488,0.1677343254,0.180282644,0.1158377907,0.1867534515,0.1702865397,0,1,"S1|equal six ETFs, no cash,rebalance=year|no guard"
2021-01-14,0.1796054536,0.1684634597,0.1802809095,0.1150451009,0.186032978,0.1705720983,1.110223025e-16,1,"S1|equal six ETFs, no cash,rebalance=year|no guard"
2021-01-15,0.1791421207,0.1680277329,0.1801083033,0.1168731932,0.1849349951,0.1709136548,0,1,"S1|equal six ETFs, no cash,rebalance=year|no guard"
2021-01-18,0.1796216031,0.1661865473,0.1800176482,0.11702861,0.1848406039,0.1723049875,0,1,"S1|equal six ETFs, no cash,rebalance=year|no guard"
2021-01-19,0.1799477897,0.1669831905,0.1805257071,0.115737674,0.1856244394,0.1711811993,0,1,"S1|equal six ETFs, no cash,rebalance=year|no guard"
2021-01-20,0.1803925706,0.1663132888,0.1797734319,0.1155993032,0.1860710949,0.1718503107,0,1,"S1|equal six ETFs, no cash,rebalance=year|no guard"
2021-01-21,0.1796106287,0.1652476382,0.1777636884,0.1162554162,0.1859701479,0.1751524807,0,1,"S1|equal six ETFs, no cash,rebalance=year|no guard"
2021-01-22,0.1791184522,0.1661505343,0.1746305718,0.1170367964,0.1862102471,0.1768533981,-2.220446049e-16,1,"S1|equal six ETFs, no cash,rebalance=year|no guard"
2021-01-25,0.1782608625,0.1648303281,0.1754864774,0.1169012211,0.1848706244,0.1796504864,0,1,"S1|equal six ETFs, no cash,rebalance=year|no guard"
2021-01-27,0.1770951476,0.165375897,0.1725278808,0.1178153466,0.1845854524,0.1826002756,0,1,"S1|equal six ETFs, no cash,rebalance=year|no guard"
2021-01-28,0.1771792755,0.1663669271,0.1739587656,0.1190021232,0.1872869868,0.1762059218,1.110223025e-16,1,"S1|equal six ETFs, no cash,rebalance=year|no guard"
2021-01-29,0.1750568321,0.1629312798,0.175775604,0.1194055622,0.1887796818,0.17805104,0,1,"S1|equal six ETFs, no cash,rebalance=year|no guard"
2021-02-01,0.1777158371,0.162757223,0.1853578338,0.1152728052,0.1852935712,0.1736027297,0,1,"S1|equal six ETFs, no cash,rebalance=year|no guard"
2021-02-02,0.1784579897,0.1630239562,0.1878657185,0.1119775705,0.1845218948,0.1741528702,0,1,"S1|equal six ETFs, no cash,rebalance=year|no guard"
2021-02-03,0.1781254343,0.1616363704,0.1881161848,0.110055812,0.1874980013,0.1745681972,0,1,"S1|equal six ETFs, no cash,rebalance=year|no guard"
2021-02-04,0.178623491,0.1630185751,0.1904830494,0.1087003873,0.1867230601,0.1724514371,0,1,"S1|equal six ETFs, no cash,rebalance=year|no guard"
2021-02-05,0.1787027401,0.1620698391,0.1920686644,0.1079774137,0.1851242653,0.1740570773,0,1,"S1|equal six ETFs, no cash,rebalance=year|no guard"
2021-02-08,0.1794365462,0.1624554576,0.192333322,0.1074782212,0.1846131919,0.1736832612,1.110223025e-16,1,"S1|equal six ETFs, no cash,rebalance=year|no guard"
2021-02-09,0.179095956,0.1616690923,0.1921228382,0.1086205659,0.1853565128,0.1731350347,1.110223025e-16,1,"S1|equal six ETFs, no cash,rebalance=year|no guard"
2021-02-10,0.1792855682,0.1620634304,0.1911132849,0.1083471637,0.1854439416,0.1737466112,0,1,"S1|equal six ETFs, no cash,rebalance=year|no guard"
2021-02-11,0.1797625548,0.1633433584,0.1905996247,0.1082332153,0.1849382207,0.1731230261,1.110223025e-16,1,"S1|equal six ETFs, no cash,rebalance=year|no guard"
2021-02-12,0.1794926324,0.1636929754,0.1923629519,0.1065491524,0.1853878073,0.1725144806,0,1,"S1|equal six ETFs, no cash,rebalance=year|no guard"
2021-02-15,0.1793118646,0.1632786453,0.1968578384,0.1052734978,0.184361639,0.1709165149,0,1,"S1|equal six ETFs, no cash,rebalance=year|no guard"
2021-02-16,0.1784175086,0.1633375914,0.1946751812,0.1054060805,0.1863241549,0.1718394834,0,1,"S1|equal six ETFs, no cash,rebalance=year|no guard"
2021-02-17,0.1781510348,0.1644226618,0.1945098795,0.1037386586,0.1879769008,0.1712008646,1.110223025e-16,1,"S1|equal six ETFs, no cash,rebalance=year|no guard"
2021-02-18,0.1776608613,0.1657285399,0.1931356736,0.1037723419,0.1898071534,0.1698954299,0,1,"S1|equal six ETFs, no cash,rebalance=year|no guard"
2021-02-19,0.1775903615,0.1647110335,0.1908984479,0.1037246374,0.1914704311,0.1716050886,-2.220446049e-16,1,"S1|equal six ETFs, no cash,rebalance=year|no guard"
2021-02-22,0.1764835141,0.164966462,0.1902074828,0.1060687066,0.1912116334,0.171062201,0,1,"S1|equal six ETFs, no cash,rebalance=year|no guard"
2021-02-23,0.1774207203,0.1657882572,0.1902790226,0.106985896,0.1917269376,0.1677991663,0,1,"S1|equal six ETFs, no cash,rebalance=year|no guard"
2021-02-24,0.177588793,0.1646610339,0.1943866796,0.1052459045,0.1923350796,0.1657825093,1.110223025e-16,1,"S1|equal six ETFs, no cash,rebalance=year|no guard"
2021-02-25,0.1785270218,0.1661064489,0.1939379137,0.1039303736,0.1921462229,0.1653520191,0,1,"S1|equal six ETFs, no cash,rebalance=year|no guard"
2021-02-26,0.1762763339,0.1663440159,0.1894467775,0.1061682305,0.1943022287,0.1674624134,1.110223025e-16,1,"S1|equal six ETFs, no cash,rebalance=year|no guard"
2021-03-01,0.1764310908,0.1648906625,0.1893548642,0.1042539933,0.1964838761,0.1685855131,0,1,"S1|equal six ETFs, no cash,rebalance=year|no guard"
2021-03-02,0.1773093531,0.1671016638,0.1886812596,0.1026062958,0.1963095977,0.16799183,2.220446049e-16,1,"S1|equal six ETFs, no cash,rebalance=year|no guard"
2021-03-03,0.1784012549,0.1668716469,0.1914616015,0.1005921779,0.1982147617,0.1644585571,0,1,"S1|equal six ETFs, no cash,rebalance=year|no guard"
2021-03-04,0.1783391263,0.1693878409,0.1905960183,0.1006335224,0.2011858486,0.1598576435,0,1,"S1|equal six ETFs, no cash,rebalance=year|no guard"
2021-03-05,0.1793400022,0.1694846708,0.1902784204,0.1014920188,0.2005696002,0.1588352876,0,1,"S1|equal six ETFs, no cash,rebalance=year|no guard"
2021-03-08,0.1793915639,0.1687003246,0.1899615276,0.1013587186,0.2009358004,0.159652065,0,1,"S1|equal six ETFs, no cash,rebalance=year|no guard"
2021-03-09,0.1799093913,0.1665098009,0.1917770318,0.1011415687,0.2012915654,0.1593706418,0,1,"S1|equal six ETFs, no cash,rebalance=year|no guard"
2021-03-10,0.179487228,0.1662082244,0.191105176,0.1007335061,0.2012048223,0.1612610431,0,1,"S1|equal six ETFs, no cash,rebalance=year|no guard"
2021-03-12,0.1791047354,0.1662264429,0.189728274,0.1006425867,0.2015953588,0.1627026022,-2.220446049e-16,1,"S1|equal six ETFs, no cash,rebalance=year|no guard"
2021-03-15,0.1796967026,0.1663956909,0.1900309535,0.1025268524,0.1964224561,0.1649273445,0,1,"S1|equal six ETFs, no cash,rebalance=year|no guard"
2021-03-16,0.1794300508,0.1662291874,0.1877781033,0.1024049165,0.1980695128,0.1660882291,0,1,"S1|equal six ETFs, no cash,rebalance=year|no guard"
2021-03-17,0.1782613044,0.1647729696,0.1860230227,0.1032588911,0.1994762042,0.168207608,0,1,"S1|equal six ETFs, no cash,rebalance=year|no guard"
2021-03-18,0.1786214511,0.1654337707,0.1857452558,0.1047141364,0.1959635985,0.1695217875,0,1,"S1|equal six ETFs, no cash,rebalance=year|no guard"
2021-03-19,0.1801703926,0.1660678383,0.1867676324,0.1046113477,0.1957115621,0.1666712269,0,1,"S1|equal six ETFs, no cash,rebalance=year|no guard"
2021-03-22,0.179920003,0.1681024571,0.1846186009,0.1038091424,0.1963506102,0.1671991863,0,1,"S1|equal six ETFs, no cash,rebalance=year|no guard"
2021-03-23,0.1790585227,0.1680311338,0.1855494192,0.1028315624,0.1973189746,0.1672103873,-2.220446049e-16,1,"S1|equal six ETFs, no cash,rebalance=year|no guard"
2021-03-24,0.178377432,0.1676910064,0.1830593567,0.1038168282,0.1978140687,0.1692413081,0,1,"S1|equal six ETFs, no cash,rebalance=year|no guard"
2021-03-25,0.1777255312,0.1659032042,0.1837921655,0.104963598,0.1994624033,0.1681530978,1.110223025e-16,1,"S1|equal six ETFs, no cash,rebalance=year|no guard"
2021-03-26,0.178551999,0.1671099045,0.1845412307,0.1042657018,0.1978414392,0.1676897249,1.110223025e-16,1,"S1|equal six ETFs, no cash,rebalance=year|no guard"
2021-03-30,0.1804529317,0.1664303418,0.1848818748,0.1021493428,0.1976510463,0.1684344627,-2.220446049e-16,1,"S1|equal six ETFs, no cash,rebalance=year|no guard"
2021-03-31,0.1786592498,0.1671283004,0.1819047499,0.1013870108,0.202747876,0.168172813,1.110223025e-16,1,"S1|equal six ETFs, no cash,rebalance=year|no guard"
2021-04-01,0.1666666667,0.1666666667,0.1666666667,0.1666666667,0.1666666667,0.1666666667,0,1,"S1|equal six ETFs, no cash,rebalance=year|no guard"
2021-04-05,0.1657504076,0.1662255396,0.1614294231,0.1685736657,0.1677201784,0.1703007855,0,1,"S1|equal six ETFs, no cash,rebalance=year|no guard"
2021-04-06,0.1657407198,0.1666090555,0.1598926375,0.1687871532,0.1671202251,0.1718502088,0,1,"S1|equal six ETFs, no cash,rebalance=year|no guard"
2021-04-07,0.1649501746,0.1660518558,0.1600475712,0.1690831847,0.1667126098,0.1731546039,2.220446049e-16,1,"S1|equal six ETFs, no cash,rebalance=year|no guard"
2021-04-08,0.1645386359,0.1668218944,0.1588183654,0.1693228728,0.1668283332,0.1736698983,0,1,"S1|equal six ETFs, no cash,rebalance=year|no guard"
2021-04-09,0.1641392474,0.167094464,0.1569422421,0.1697209037,0.1671006284,0.1750025144,0,1,"S1|equal six ETFs, no cash,rebalance=year|no guard"
2021-04-12,0.1633030549,0.1638984392,0.1525183094,0.1741790773,0.1653442603,0.180756859,-2.220446049e-16,1,"S1|equal six ETFs, no cash,rebalance=year|no guard"
2021-04-13,0.1634426488,0.1638275826,0.156021727,0.1728213571,0.163184174,0.1807025104,-2.220446049e-16,1,"S1|equal six ETFs, no cash,rebalance=year|no guard"
2021-04-15,0.1635184727,0.1640523532,0.1577931641,0.1733185639,0.1613642199,0.1799532262,1.110223025e-16,1,"S1|equal six ETFs, no cash,rebalance=year|no guard"
2021-04-16,0.1633035697,0.1655971601,0.1564032394,0.1730146769,0.162347988,0.1793333659,2.220446049e-16,1,"S1|equal six ETFs, no cash,rebalance=year|no guard"
2021-04-19,0.1619623102,0.1639533897,0.1533858373,0.1771746601,0.1614078141,0.1821159887,0,1,"S1|equal six ETFs, no cash,rebalance=year|no guard"
2021-04-20,0.1616506524,0.165013018,0.1534241122,0.1759161164,0.1625325995,0.1814635015,2.220446049e-16,1,"S1|equal six ETFs, no cash,rebalance=year|no guard"
2021-04-22,0.1618428165,0.1643707256,0.1554679495,0.1766244674,0.1613634541,0.180330587,0,1,"S1|equal six ETFs, no cash,rebalance=year|no guard"
2021-04-23,0.1615964998,0.1649620873,0.1552496664,0.1769961158,0.1624684543,0.1787271764,-2.220446049e-16,1,"S1|equal six ETFs, no cash,rebalance=year|no guard"
2021-04-26,0.1616618826,0.1640820943,0.1568092237,0.1743465572,0.1650131969,0.1780870454,0,1,"S1|equal six ETFs, no cash,rebalance=year|no guard"
2021-04-27,0.1624643181,0.1645555276,0.1580617024,0.1727266913,0.16355775,0.1786340106,1.110223025e-16,1,"S1|equal six ETFs, no cash,rebalance=year|no guard"
2021-04-28,0.1634371963,0.1639916432,0.1617354837,0.1696605517,0.1642625569,0.1769125684,0,1,"S1|equal six ETFs, no cash,rebalance=year|no guard"
2021-04-29,0.1637305567,0.1639354674,0.1615351846,0.1700855809,0.1642215855,0.176491625,0,1,"S1|equal six ETFs, no cash,rebalance=year|no guard"
2021-04-30,0.1627596081,0.1651748023,0.1582353378,0.1707914807,0.1662756619,0.1767631091,-2.220446049e-16,1,"S1|equal six ETFs, no cash,rebalance=year|no guard"
2021-05-03,0.1627736384,0.1661819875,0.1572432061,0.1712597368,0.1659319599,0.1766094714,-2.220446049e-16,1,"S1|equal six ETFs, no cash,rebalance=year|no guard"
2021-05-04,0.1618825972,0.1662440079,0.1567122546,0.1721305397,0.1671821499,0.1758484508,0,1,"S1|equal six ETFs, no cash,rebalance=year|no guard"
2021-05-05,0.1629207739,0.1679921952,0.1590281127,0.1709147259,0.1661863163,0.172957876,0,1,"S1|equal six ETFs, no cash,rebalance=year|no guard"
2021-05-06,0.1632310705,0.1689142154,0.1584675131,0.1716663438,0.1667699617,0.1709508955,0,1,"S1|equal six ETFs, no cash,rebalance=year|no guard"
2021-05-07,0.1632986175,0.1683883038,0.157949935,0.1724208867,0.1672814493,0.1706608077,1.110223025e-16,1,"S1|equal six ETFs, no cash,rebalance=year|no guard"
2021-05-10,0.1631588225,0.1689611687,0.1578078162,0.1719342144,0.1686127257,0.1695252525,1.110223025e-16,1,"S1|equal six ETFs, no cash,rebalance=year|no guard"
2021-05-11,0.1635889928,0.1704445805,0.1574973989,0.1729503242,0.1692746462,0.1662440574,1.110223025e-16,1,"S1|equal six ETFs, no cash,rebalance=year|no guard"
2021-05-12,0.162762754,0.171537358,0.1561262745,0.1733989536,0.1699487499,0.1662259101,0,1,"S1|equal six ETFs, no cash,rebalance=year|no guard"
2021-05-14,0.1637711507,0.1704807945,0.156095159,0.1751391256,0.1672658102,0.16724796,0,1,"S1|equal six ETFs, no cash,rebalance=year|no guard"
2021-05-17,0.1637601471,0.1695536038,0.1599893317,0.1742934686,0.1667774513,0.1656259975,0,1,"S1|equal six ETFs, no cash,rebalance=year|no guard"
2021-05-18,0.1638831266,0.1699917898,0.1608411979,0.1734964277,0.167470788,0.1643166699,-2.220446049e-16,1,"S1|equal six ETFs, no cash,rebalance=year|no guard"
2021-05-19,0.1636060933,0.1723764017,0.1600007484,0.1733377984,0.1688730546,0.1618059036,-2.220446049e-16,1,"S1|equal six ETFs, no cash,rebalance=year|no guard"
2021-05-20,0.162730703,0.1721947724,0.1585656646,0.1743088389,0.1699473484,0.1622526726,0,1,"S1|equal six ETFs, no cash,rebalance=year|no guard"
2021-05-21,0.1631653649,0.1701401813,0.1624512415,0.1722855018,0.1682567608,0.1637009498,1.110223025e-16,1,"S1|equal six ETFs, no cash,rebalance=year|no guard"
2021-05-24,0.1627837655,0.1714002756,0.1633673317,0.1716553985,0.16815011,0.1626431186,0,1,"S1|equal six ETFs, no cash,rebalance=year|no guard"
2021-05-25,0.1627400372,0.1706226412,0.1621946724,0.1711785753,0.1686288495,0.1646352244,0,1,"S1|equal six ETFs, no cash,rebalance=year|no guard"
2021-05-26,0.1629669817,0.1698187141,0.1616403871,0.1725462372,0.1689026843,0.1641249955,-2.220446049e-16,1,"S1|equal six ETFs, no cash,rebalance=year|no guard"
2021-05-27,0.1632239324,0.1702897169,0.1629495271,0.1711141461,0.1698595296,0.162563148,1.110223025e-16,1,"S1|equal six ETFs, no cash,rebalance=year|no guard"
2021-05-28,0.163645557,0.1698591673,0.1629448644,0.1699362515,0.1711091795,0.1625049802,0,1,"S1|equal six ETFs, no cash,rebalance=year|no guard"
2021-05-31,0.164924789,0.1701962327,0.1636338234,0.1709321431,0.1681386316,0.1621743802,-2.220446049e-16,1,"S1|equal six ETFs, no cash,rebalance=year|no guard"
2021-06-01,0.1648229338,0.1702671805,0.1631462472,0.1716965595,0.1678822881,0.1621847909,0,1,"S1|equal six ETFs, no cash,rebalance=year|no guard"
2021-06-02,0.1645825547,0.1725836886,0.1625821989,0.1699877548,0.1684593757,0.1618044273,0,1,"S1|equal six ETFs, no cash,rebalance=year|no guard"
2021-06-03,0.1645484157,0.1735833365,0.1627391086,0.1688248822,0.1700565542,0.1602477027,0,1,"S1|equal six ETFs, no cash,rebalance=year|no guard"
2021-06-04,0.1650715572,0.1747955776,0.1618115782,0.1678278026,0.1703714747,0.1601220097,0,1,"S1|equal six ETFs, no cash,rebalance=year|no guard"
2021-06-07,0.1642692196,0.1737320054,0.1611597313,0.1671692915,0.1730889396,0.1605808125,1.110223025e-16,1,"S1|equal six ETFs, no cash,rebalance=year|no guard"
2021-06-08,0.1640704895,0.1745625568,0.1592626724,0.1675400454,0.1730020542,0.1615621817,0,1,"S1|equal six ETFs, no cash,rebalance=year|no guard"
2021-06-09,0.1635746343,0.1732557139,0.1584852431,0.1683669934,0.174710833,0.1616065822,0,1,"S1|equal six ETFs, no cash,rebalance=year|no guard"
2021-06-10,0.1641615666,0.1749477286,0.1595489534,0.1673661021,0.173372307,0.1606033422,1.110223025e-16,1,"S1|equal six ETFs, no cash,rebalance=year|no guard"
2021-06-11,0.1641604059,0.1740650904,0.1583914768,0.1677451649,0.1726236596,0.1630142024,0,1,"S1|equal six ETFs, no cash,rebalance=year|no guard"
2021-06-14,0.1647013066,0.1740619141,0.1583321997,0.1657040778,0.1730792345,0.1641212673,2.220446049e-16,1,"S1|equal six ETFs, no cash,rebalance=year|no guard"
2021-06-15,0.1644551293,0.1735289611,0.1586974859,0.1648448779,0.1736127326,0.1648608132,1.110223025e-16,1,"S1|equal six ETFs, no cash,rebalance=year|no guard"
2021-06-16,0.164720317,0.1729680379,0.1584682335,0.16583264,0.1733315085,0.1646792631,0,1,"S1|equal six ETFs, no cash,rebalance=year|no guard"
2021-06-17,0.165733487,0.1729803937,0.1584315167,0.1647931813,0.1726207337,0.1654406876,1.110223025e-16,1,"S1|equal six ETFs, no cash,rebalance=year|no guard"
2021-06-18,0.1654740562,0.1721331831,0.1582276731,0.163099333,0.1702603704,0.1708053841,0,1,"S1|equal six ETFs, no cash,rebalance=year|no guard"
2021-06-21,0.1655886843,0.1727529035,0.1593507866,0.1627864222,0.1703433961,0.1691778073,0,1,"S1|equal six ETFs, no cash,rebalance=year|no guard"
2021-06-22,0.1655208518,0.1739976541,0.1584709477,0.1623138519,0.1706664585,0.1690302358,0,1,"S1|equal six ETFs, no cash,rebalance=year|no guard"
2021-06-23,0.1651978417,0.1725380493,0.1583000617,0.1629764309,0.1706410452,0.1703465711,0,1,"S1|equal six ETFs, no cash,rebalance=year|no guard"
2021-06-24,0.1657195224,0.1715118916,0.1590349907,0.1621311619,0.1703546472,0.1712477861,1.110223025e-16,1,"S1|equal six ETFs, no cash,rebalance=year|no guard"
2021-06-25,0.1654390101,0.1715128464,0.160156746,0.1613698546,0.1706859352,0.1708356078,0,1,"S1|equal six ETFs, no cash,rebalance=year|no guard"
2021-06-28,0.1649033051,0.1714898312,0.1602678664,0.1608558939,0.1715357533,0.1709473501,1.110223025e-16,1,"S1|equal six ETFs, no cash,rebalance=year|no guard"
2021-06-29,0.1643160999,0.1719343815,0.159055757,0.1604208412,0.1716930197,0.1725799007,0,1,"S1|equal six ETFs, no cash,rebalance=year|no guard"
2021-06-30,0.1644349065,0.1715393696,0.1582566219,0.1598979784,0.171776683,0.1740944407,0,1,"S1|equal six ETFs, no cash,rebalance=year|no guard"
2021-07-01,0.1641296781,0.1713445833,0.157874789,0.1613376378,0.1712448479,0.1740684639,2.220446049e-16,1,"S1|equal six ETFs, no cash,rebalance=year|no guard"
2021-07-02,0.1640011068,0.17094666,0.1577513924,0.1617548206,0.1711717326,0.1743742876,0,1,"S1|equal six ETFs, no cash,rebalance=year|no guard"
2021-07-05,0.1638824546,0.1706110921,0.1584137612,0.1610827159,0.1717020837,0.1743078925,0,1,"S1|equal six ETFs, no cash,rebalance=year|no guard"
2021-07-06,0.1637136785,0.1707529351,0.1597915296,0.1624799785,0.1694958313,0.1737660471,-2.220446049e-16,1,"S1|equal six ETFs, no cash,rebalance=year|no guard"
2021-07-07,0.1630966142,0.1701797765,0.1597053903,0.1620193668,0.1712073485,0.1737915037,0,1,"S1|equal six ETFs, no cash,rebalance=year|no guard"
2021-07-08,0.1629604253,0.1709595019,0.1587168596,0.1629078207,0.1706780339,0.1737773585,-2.220446049e-16,1,"S1|equal six ETFs, no cash,rebalance=year|no guard"
2021-07-09,0.1624299191,0.1714321109,0.1578155083,0.1621377454,0.1719695095,0.1742152068,0,1,"S1|equal six ETFs, no cash,rebalance=year|no guard"
2021-07-12,0.1618363333,0.171011784,0.1575692125,0.1612630287,0.173590842,0.1747287995,0,1,"S1|equal six ETFs, no cash,rebalance=year|no guard"
2021-07-13,0.1622636189,0.1697534273,0.1587971519,0.1606925242,0.1739090173,0.1745842604,2.220446049e-16,1,"S1|equal six ETFs, no cash,rebalance=year|no guard"
2021-07-14,0.1625013017,0.1695402642,0.1587130193,0.1609862217,0.1731279885,0.1751312045,2.220446049e-16,1,"S1|equal six ETFs, no cash,rebalance=year|no guard"
2021-07-15,0.1626034179,0.1695503568,0.1593821724,0.1617579445,0.1729058888,0.1738002196,0,1,"S1|equal six ETFs, no cash,rebalance=year|no guard"
2021-07-16,0.1628473287,0.1702409381,0.1589571788,0.1613764345,0.1735696312,0.1730084888,0,1,"S1|equal six ETFs, no cash,rebalance=year|no guard"
2021-07-19,0.1625285964,0.1708247878,0.157393738,0.1617227365,0.1749033359,0.1726268054,0,1,"S1|equal six ETFs, no cash,rebalance=year|no guard"
2021-07-20,0.162825306,0.1712364403,0.1558374549,0.1634748614,0.1728091615,0.173816776,2.220446049e-16,1,"S1|equal six ETFs, no cash,rebalance=year|no guard"
2021-07-22,0.1635787338,0.1720511312,0.1559122302,0.160956838,0.1725963058,0.174904761,0,1,"S1|equal six ETFs, no cash,rebalance=year|no guard"
2021-07-23,0.1630530801,0.1713999794,0.1564991968,0.1604748791,0.172848025,0.1757248396,-2.220446049e-16,1,"S1|equal six ETFs, no cash,rebalance=year|no guard"
2021-07-26,0.1623936336,0.171885833,0.155781608,0.1602528893,0.173099411,0.176586625,0,1,"S1|equal six ETFs, no cash,rebalance=year|no guard"
2021-07-27,0.1622908283,0.1713680457,0.1555845953,0.160523642,0.1727026632,0.1775302255,0,1,"S1|equal six ETFs, no cash,rebalance=year|no guard"
2021-07-28,0.1620481347,0.1720537612,0.1548634255,0.1606830886,0.1739297796,0.1764218103,2.220446049e-16,1,"S1|equal six ETFs, no cash,rebalance=year|no guard"
2021-07-29,0.1623578326,0.1716134512,0.1550242121,0.1616143634,0.1732177288,0.176172412,0,1,"S1|equal six ETFs, no cash,rebalance=year|no guard"
2021-07-30,0.1618812427,0.1724899272,0.1543981421,0.1623161463,0.1744083625,0.1745061792,0,1,"S1|equal six ETFs, no cash,rebalance=year|no guard"
2021-08-02,0.1621160555,0.1726688621,0.1538825195,0.1598056089,0.176411992,0.175114962,-2.220446049e-16,1,"S1|equal six ETFs, no cash,rebalance=year|no guard"
2021-08-03,0.163749885,0.1728349687,0.1554347288,0.1591096592,0.1751449158,0.1737258423,-2.220446049e-16,1,"S1|equal six ETFs, no cash,rebalance=year|no guard"
2021-08-04,0.1646062818,0.1713819945,0.1585949489,0.1588510849,0.172701334,0.1738643559,0,1,"S1|equal six ETFs, no cash,rebalance=year|no guard"
2021-08-05,0.165068885,0.1715070224,0.1581498881,0.1589938693,0.1722593628,0.1740209724,2.220446049e-16,1,"S1|equal six ETFs, no cash,rebalance=year|no guard"
2021-08-06,0.1645927427,0.1717554521,0.1580205926,0.1577957371,0.1729221985,0.174913277,0,1,"S1|equal six ETFs, no cash,rebalance=year|no guard"
2021-08-09,0.1660870223,0.1720368301,0.1592805339,0.1551074569,0.1722146618,0.1752734951,1.110223025e-16,1,"S1|equal six ETFs, no cash,rebalance=year|no guard"
2021-08-10,0.1665911271,0.1711316124,0.1598062786,0.1548443634,0.1709164186,0.1767101999,3.330669074e-16,1,"S1|equal six ETFs, no cash,rebalance=year|no guard"
2021-08-11,0.1669301826,0.1707933834,0.1594798621,0.1555440871,0.1709218125,0.1763306723,0,1,"S1|equal six ETFs, no cash,rebalance=year|no guard"
2021-08-12,0.1669241363,0.17132516,0.1593575159,0.1559858842,0.1718016961,0.1746056076,0,1,"S1|equal six ETFs, no cash,rebalance=year|no guard"
2021-08-13,0.1680831474,0.1708523962,0.1596798769,0.155276516,0.1711554021,0.1749526615,1.110223025e-16,1,"S1|equal six ETFs, no cash,rebalance=year|no guard"
2021-08-16,0.1683470438,0.1708015561,0.159054864,0.1560168233,0.17031819,0.1754615228,0,1,"S1|equal six ETFs, no cash,rebalance=year|no guard"
2021-08-17,0.1684898133,0.1712844401,0.1581393305,0.1574075448,0.1700492602,0.1746296111,0,1,"S1|equal six ETFs, no cash,rebalance=year|no guard"
2021-08-18,0.1686634216,0.1726033211,0.1572118566,0.1571275167,0.1713131412,0.1730807429,1.110223025e-16,1,"S1|equal six ETFs, no cash,rebalance=year|no guard"
2021-08-20,0.1684332913,0.1715701648,0.1557916524,0.1579560794,0.1721116381,0.174137174,0,1,"S1|equal six ETFs, no cash,rebalance=year|no guard"
2021-08-23,0.1692739622,0.1709273461,0.1563693476,0.1582035334,0.1686997939,0.1765260167,0,1,"S1|equal six ETFs, no cash,rebalance=year|no guard"
2021-08-24,0.1691498087,0.1708554429,0.1574750833,0.1575398252,0.1678890781,0.1770907618,0,1,"S1|equal six ETFs, no cash,rebalance=year|no guard"
2021-08-25,0.1689846532,0.1708767566,0.1568793979,0.1568421993,0.1686596887,0.1777573044,0,1,"S1|equal six ETFs, no cash,rebalance=year|no guard"
2021-08-26,0.1688912111,0.1718619895,0.1571336932,0.1557953685,0.169226799,0.1770909387,0,1,"S1|equal six ETFs, no cash,rebalance=year|no guard"
2021-08-27,0.1688784083,0.1729284789,0.156729245,0.1553894323,0.1698294953,0.1762449402,0,1,"S1|equal six ETFs, no cash,rebalance=year|no guard"
2021-08-30,0.1691278347,0.1734691677,0.1577470275,0.1541968891,0.1713921225,0.1740669585,1.110223025e-16,1,"S1|equal six ETFs, no cash,rebalance=year|no guard"
2021-08-31,0.1699770109,0.1747574618,0.1571420029,0.152635547,0.1708085422,0.1746794352,0,1,"S1|equal six ETFs, no cash,rebalance=year|no guard"
2021-09-01,0.1691945049,0.1758896226,0.1576076597,0.1521307141,0.171796501,0.1733809977,0,1,"S1|equal six ETFs, no cash,rebalance=year|no guard"
2021-09-02,0.1699618095,0.1753633756,0.1576906147,0.151798543,0.1725332,0.1726524572,0,1,"S1|equal six ETFs, no cash,rebalance=year|no guard"
2021-09-03,0.1700816309,0.1773129772,0.1568559634,0.1511334752,0.1729175293,0.171698424,-2.220446049e-16,1,"S1|equal six ETFs, no cash,rebalance=year|no guard"
2021-09-06,0.1699497785,0.1764718529,0.1555594788,0.1515675806,0.1748054466,0.1716458627,1.110223025e-16,1,"S1|equal six ETFs, no cash,rebalance=year|no guard"
2021-09-07,0.1700302133,0.1762066934,0.1551259135,0.1513941081,0.1750155819,0.1722274898,0,1,"S1|equal six ETFs, no cash,rebalance=year|no guard"
2021-09-08,0.1696101059,0.1762632282,0.1559298361,0.150382104,0.1755764738,0.172238252,0,1,"S1|equal six ETFs, no cash,rebalance=year|no guard"
2021-09-09,0.1698583456,0.1773870386,0.1553856922,0.1500461412,0.1757411025,0.1715816798,0,1,"S1|equal six ETFs, no cash,rebalance=year|no guard"
2021-09-13,0.1700265442,0.1785801122,0.1550751887,0.1501853834,0.1757511176,0.1703816538,1.110223025e-16,1,"S1|equal six ETFs, no cash,rebalance=year|no guard"
2021-09-14,0.1697292353,0.1783934078,0.154936927,0.1496157529,0.1774797537,0.1698449234,-2.220446049e-16,1,"S1|equal six ETFs, no cash,rebalance=year|no guard"
2021-09-15,0.16958692,0.1772852452,0.1546662082,0.1491652595,0.1811235174,0.1681728498,0,1,"S1|equal six ETFs, no cash,rebalance=year|no guard"
2021-09-16,0.1702446527,0.1781832004,0.1575847382,0.1471929158,0.1792675469,0.167526946,0,1,"S1|equal six ETFs, no cash,rebalance=year|no guard"
2021-09-17,0.1713587703,0.178736309,0.1592271173,0.1472958769,0.1743731566,0.1690087699,0,1,"S1|equal six ETFs, no cash,rebalance=year|no guard"
2021-09-20,0.1712339075,0.1770853442,0.1584415615,0.1486132221,0.1767493558,0.167876609,1.110223025e-16,1,"S1|equal six ETFs, no cash,rebalance=year|no guard"
2021-09-21,0.1727258553,0.1784264654,0.1586903417,0.1487071354,0.1752849197,0.1661652825,1.110223025e-16,1,"S1|equal six ETFs, no cash,rebalance=year|no guard"
2021-09-22,0.1719030906,0.1784242954,0.1569703712,0.1493363221,0.1779426186,0.165423302,-2.220446049e-16,1,"S1|equal six ETFs, no cash,rebalance=year|no guard"
2021-09-23,0.1726031689,0.1778983521,0.1584859361,0.1469698086,0.1785572678,0.1654854666,0,1,"S1|equal six ETFs, no cash,rebalance=year|no guard"
2021-09-24,0.173318806,0.1775887895,0.1591046463,0.1462596243,0.1774590795,0.1662690544,0,1,"S1|equal six ETFs, no cash,rebalance=year|no guard"
2021-09-27,0.1730785711,0.176378851,0.1601247626,0.145789927,0.1782472236,0.1663806648,2.220446049e-16,1,"S1|equal six ETFs, no cash,rebalance=year|no guard"
2021-09-28,0.1728920163,0.1767123973,0.1606688518,0.1464031711,0.1783488032,0.1649747603,1.110223025e-16,1,"S1|equal six ETFs, no cash,rebalance=year|no guard"
2021-09-29,0.1729203786,0.1759413928,0.1602033558,0.1469430768,0.1800089531,0.1639828429,0,1,"S1|equal six ETFs, no cash,rebalance=year|no guard"
2021-09-30,0.1725203413,0.1763160484,0.1591721445,0.1463001448,0.1813141102,0.1643772107,-2.220446049e-16,1,"S1|equal six ETFs, no cash,rebalance=year|no guard"
2021-10-01,0.1718710447,0.1761847119,0.158390357,0.1482415411,0.1821642247,0.1631481206,2.220446049e-16,1,"S1|equal six ETFs, no cash,rebalance=year|no guard"
2021-10-04,0.1720492362,0.177110661,0.1586677465,0.1470988626,0.1828824121,0.1621910816,-2.220446049e-16,1,"S1|equal six ETFs, no cash,rebalance=year|no guard"
2021-10-05,0.1726300162,0.1781625245,0.1588227143,0.1470979554,0.1826640911,0.1606226985,1.110223025e-16,1,"S1|equal six ETFs, no cash,rebalance=year|no guard"
2021-10-06,0.171541728,0.1774825339,0.1582529699,0.1480814974,0.1840524478,0.160588823,2.220446049e-16,1,"S1|equal six ETFs, no cash,rebalance=year|no guard"
2021-10-07,0.1713693277,0.1774930945,0.1577717711,0.1470382192,0.1831446507,0.1631829367,0,1,"S1|equal six ETFs, no cash,rebalance=year|no guard"
2021-10-08,0.1717695959,0.1767258023,0.157603232,0.1467638261,0.1841891534,0.1629483903,0,1,"S1|equal six ETFs, no cash,rebalance=year|no guard"
2021-10-11,0.171425603,0.1765582923,0.1587575263,0.1466595951,0.184391617,0.1622073663,0,1,"S1|equal six ETFs, no cash,rebalance=year|no guard"
2021-10-12,0.1709680683,0.176804202,0.1588646567,0.1463393023,0.1854600479,0.1615637228,0,1,"S1|equal six ETFs, no cash,rebalance=year|no guard"
2021-10-13,0.171713599,0.1777698435,0.1583866608,0.1458345603,0.1870996741,0.1591956624,-2.220446049e-16,1,"S1|equal six ETFs, no cash,rebalance=year|no guard"
2021-10-14,0.1704150727,0.176512705,0.1590905378,0.1456990971,0.1892080757,0.1590745116,1.110223025e-16,1,"S1|equal six ETFs, no cash,rebalance=year|no guard"
2021-10-18,0.1713614077,0.1763651759,0.1602877789,0.1432941719,0.1882671798,0.1604242858,0,1,"S1|equal six ETFs, no cash,rebalance=year|no guard"
2021-10-19,0.1713762591,0.1749891967,0.1601798379,0.1444390046,0.1867015543,0.1623141474,0,1,"S1|equal six ETFs, no cash,rebalance=year|no guard"
2021-10-20,0.1721262801,0.1729553883,0.1615994832,0.1453915653,0.1826157833,0.1653114999,0,1,"S1|equal six ETFs, no cash,rebalance=year|no guard"
2021-10-21,0.1714440829,0.1724011397,0.1639838752,0.1461067361,0.1807777095,0.1652864566,0,1,"S1|equal six ETFs, no cash,rebalance=year|no guard"
2021-10-22,0.1714253385,0.1701985073,0.165335124,0.1468160814,0.1801943608,0.166030588,0,1,"S1|equal six ETFs, no cash,rebalance=year|no guard"
2021-10-25,0.1715562685,0.1687345326,0.1688943343,0.1479374842,0.1765697446,0.1663076358,0,1,"S1|equal six ETFs, no cash,rebalance=year|no guard"
2021-10-26,0.1705066301,0.1684950786,0.1662860627,0.146254078,0.1824082168,0.1660499338,0,1,"S1|equal six ETFs, no cash,rebalance=year|no guard"
2021-10-27,0.1708092617,0.1701597808,0.1662533742,0.1457894302,0.1800134892,0.1669746639,-2.220446049e-16,1,"S1|equal six ETFs, no cash,rebalance=year|no guard"
2021-10-28,0.1705959686,0.1700840822,0.1629025357,0.1486155255,0.1782494699,0.1695524181,2.220446049e-16,1,"S1|equal six ETFs, no cash,rebalance=year|no guard"
2021-10-29,0.1692300498,0.1706328874,0.1623380547,0.1491175386,0.177544765,0.1711367044,0,1,"S1|equal six ETFs, no cash,rebalance=year|no guard"
2021-11-01,0.1692440259,0.1702005659,0.1626872218,0.1462883712,0.180520124,0.1710596911,0,1,"S1|equal six ETFs, no cash,rebalance=year|no guard"
2021-11-02,0.1684810607,0.1705748005,0.1631907296,0.1467890023,0.1800670071,0.1708973998,0,1,"S1|equal six ETFs, no cash,rebalance=year|no guard"
2021-11-03,0.1684501419,0.1714630148,0.160939012,0.1459157561,0.1814517313,0.1717803439,0,1,"S1|equal six ETFs, no cash,rebalance=year|no guard"
2021-11-04,0.16747896,0.1710491864,0.1598758222,0.1452305677,0.1828249291,0.1735405346,0,1,"S1|equal six ETFs, no cash,rebalance=year|no guard"
2021-11-08,0.1687978749,0.1726315678,0.1595824632,0.1455316202,0.1806912688,0.172765205,1.110223025e-16,1,"S1|equal six ETFs, no cash,rebalance=year|no guard"
2021-11-09,0.1680730858,0.173314433,0.1587877959,0.1458661676,0.181934791,0.1720237267,0,1,"S1|equal six ETFs, no cash,rebalance=year|no guard"
2021-11-10,0.1682736146,0.1741407211,0.157546108,0.1466262897,0.1827368439,0.1706764228,0,1,"S1|equal six ETFs, no cash,rebalance=year|no guard"
2021-11-11,0.1669253386,0.1733145653,0.1559830903,0.1497031048,0.1832988317,0.1707750694,-2.220446049e-16,1,"S1|equal six ETFs, no cash,rebalance=year|no guard"
2021-11-12,0.1686909787,0.1749828364,0.1564442356,0.1487002941,0.1813588523,0.169822803,0,1,"S1|equal six ETFs, no cash,rebalance=year|no guard"
2021-11-15,0.1682489399,0.1752685405,0.1558664436,0.1489636664,0.1807741959,0.1708782137,1.110223025e-16,1,"S1|equal six ETFs, no cash,rebalance=year|no guard"
2021-11-16,0.1677495304,0.1753372216,0.154559337,0.1498485819,0.1815890737,0.1709162554,-2.220446049e-16,1,"S1|equal six ETFs, no cash,rebalance=year|no guard"
2021-11-17,0.1671314489,0.1753357445,0.1540315134,0.1491102631,0.182123392,0.1722676381,0,1,"S1|equal six ETFs, no cash,rebalance=year|no guard"
2021-11-18,0.1669276212,0.1738812775,0.1545488657,0.1502526435,0.1820741441,0.172315448,0,1,"S1|equal six ETFs, no cash,rebalance=year|no guard"
2021-11-22,0.1651032074,0.1720072435,0.1524294276,0.1501053922,0.1829289221,0.1774258072,0,1,"S1|equal six ETFs, no cash,rebalance=year|no guard"
2021-11-23,0.1667990884,0.1754906948,0.1534309914,0.1477693421,0.1802621595,0.1762477239,0,1,"S1|equal six ETFs, no cash,rebalance=year|no guard"
2021-11-24,0.1661547867,0.1750161321,0.1543913217,0.1475962277,0.1807181022,0.1761234296,0,1,"S1|equal six ETFs, no cash,rebalance=year|no guard"
2021-11-25,0.1666449386,0.1757804925,0.1539030484,0.1474043219,0.1788891587,0.1773780398,0,1,"S1|equal six ETFs, no cash,rebalance=year|no guard"
2021-11-26,0.1651064956,0.174533503,0.1510714465,0.151708144,0.1793495237,0.1782308872,0,1,"S1|equal six ETFs, no cash,rebalance=year|no guard"
2021-11-29,0.1661524902,0.1730538108,0.1517320051,0.1520880355,0.1772314223,0.1797422361,1.110223025e-16,1,"S1|equal six ETFs, no cash,rebalance=year|no guard"
2021-11-30,0.1655547395,0.173307913,0.1506000122,0.1518397097,0.1775238616,0.1811737641,0,1,"S1|equal six ETFs, no cash,rebalance=year|no guard"
2021-12-01,0.1665734892,0.1729523683,0.1527627682,0.1500202869,0.1765611405,0.1811299468,0,1,"S1|equal six ETFs, no cash,rebalance=year|no guard"
2021-12-02,0.168134208,0.1738807264,0.1529348053,0.1487624965,0.1797618095,0.1765259542,0,1,"S1|equal six ETFs, no cash,rebalance=year|no guard"
2021-12-03,0.1667114676,0.174265713,0.1520885481,0.148863534,0.1808215298,0.1772492075,0,1,"S1|equal six ETFs, no cash,rebalance=year|no guard"
2021-12-06,0.1653974792,0.1725195121,0.1514315908,0.1514970884,0.1831766395,0.17597769,0,1,"S1|equal six ETFs, no cash,rebalance=year|no guard"
2021-12-07,0.1662651374,0.1731739736,0.1538486172,0.1497869792,0.1785435974,0.1783816952,1.110223025e-16,1,"S1|equal six ETFs, no cash,rebalance=year|no guard"
2021-12-08,0.1662224696,0.172721736,0.1541837715,0.1484426374,0.1800185562,0.1784108294,-2.220446049e-16,1,"S1|equal six ETFs, no cash,rebalance=year|no guard"
2021-12-09,0.1668284631,0.1728352342,0.153353361,0.1480343317,0.180099647,0.178848963,-2.220446049e-16,1,"S1|equal six ETFs, no cash,rebalance=year|no guard"
2021-12-10,0.1664983742,0.1736016445,0.1531967881,0.1474945841,0.1814458526,0.1777627565,0,1,"S1|equal six ETFs, no cash,rebalance=year|no guard"
2021-12-13,0.1652945409,0.1726993263,0.1524187202,0.1483552528,0.181991262,0.1792408977,0,1,"S1|equal six ETFs, no cash,rebalance=year|no guard"
2021-12-14,0.1653546885,0.1737085934,0.1526427981,0.14886081,0.1822796225,0.1771534875,0,1,"S1|equal six ETFs, no cash,rebalance=year|no guard"
2021-12-15,0.1653042362,0.173226479,0.1530851465,0.1493901304,0.1823353417,0.1766586662,0,1,"S1|equal six ETFs, no cash,rebalance=year|no guard"
2021-12-16,0.1651482884,0.1724296894,0.1514449553,0.1498512469,0.1806378306,0.1804879893,1.110223025e-16,1,"S1|equal six ETFs, no cash,rebalance=year|no guard"
2021-12-17,0.165687999,0.1714454231,0.1502699962,0.1542095033,0.1802540282,0.1781330502,1.110223025e-16,1,"S1|equal six ETFs, no cash,rebalance=year|no guard"
2021-12-20,0.165288863,0.1697935231,0.1486165574,0.1560771786,0.1811825939,0.179041284,0,1,"S1|equal six ETFs, no cash,rebalance=year|no guard"
2021-12-21,0.1664468733,0.1720459373,0.1484893372,0.1552210916,0.1781074075,0.179689353,0,1,"S1|equal six ETFs, no cash,rebalance=year|no guard"
2021-12-22,0.1666950503,0.1731320709,0.1491040029,0.1532310157,0.1777970994,0.1800407609,0,1,"S1|equal six ETFs, no cash,rebalance=year|no guard"
2021-12-23,0.1663651169,0.1733866154,0.1486400086,0.1529116398,0.1778919922,0.1808046271,0,1,"S1|equal six ETFs, no cash,rebalance=year|no guard"
2021-12-24,0.1661128638,0.1727788512,0.1472994852,0.1532942654,0.1781948806,0.1823196538,0,1,"S1|equal six ETFs, no cash,rebalance=year|no guard"
2021-12-27,0.1665657892,0.1726988334,0.1478147369,0.1523564508,0.1785204924,0.1820436973,-2.220446049e-16,1,"S1|equal six ETFs, no cash,rebalance=year|no guard"
2021-12-28,0.1667817591,0.1726725596,0.1474231491,0.15119366,0.1793725126,0.1825563595,-2.220446049e-16,1,"S1|equal six ETFs, no cash,rebalance=year|no guard"
2021-12-29,0.1669034814,0.1726009899,0.1471233664,0.1510499612,0.1789466306,0.1833755704,0,1,"S1|equal six ETFs, no cash,rebalance=year|no guard"
2021-12-30,0.1676549671,0.172189669,0.1481800825,0.1506901524,0.1787736986,0.1825114304,0,1,"S1|equal six ETFs, no cash,rebalance=year|no guard"
2021-12-31,0.1680536203,0.1736889695,0.1486703589,0.1506656772,0.1786895731,0.180231801,0,1,"S1|equal six ETFs, no cash,rebalance=year|no guard"
2022-01-03,0.1689996197,0.1731419611,0.1510439313,0.1500852605,0.1787113777,0.1780178498,-2.220446049e-16,1,"S1|equal six ETFs, no cash,rebalance=year|no guard"
2022-01-04,0.1694860062,0.1727328025,0.151758293,0.1481913422,0.1791502383,0.1786813178,0,1,"S1|equal six ETFs, no cash,rebalance=year|no guard"
2022-01-05,0.1700674702,0.1720095039,0.1549539497,0.1483799586,0.178946646,0.1756424716,0,1,"S1|equal six ETFs, no cash,rebalance=year|no guard"
2022-01-06,0.1702753768,0.1733970267,0.1559202208,0.1485082023,0.1802686892,0.1716304841,0,1,"S1|equal six ETFs, no cash,rebalance=year|no guard"
2022-01-07,0.1699157934,0.1738015164,0.1560565736,0.1472718858,0.1808037035,0.1721505273,0,1,"S1|equal six ETFs, no cash,rebalance=year|no guard"
2022-01-10,0.1711107192,0.1735744529,0.157802673,0.1467633256,0.1815358032,0.1692130262,-2.220446049e-16,1,"S1|equal six ETFs, no cash,rebalance=year|no guard"
2022-01-11,0.1712130383,0.1737325959,0.1579155179,0.1470943438,0.1812169429,0.1688275611,0,1,"S1|equal six ETFs, no cash,rebalance=year|no guard"
2022-01-12,0.1714664757,0.1732392582,0.1582560293,0.146603991,0.1816215706,0.1688126753,-2.220446049e-16,1,"S1|equal six ETFs, no cash,rebalance=year|no guard"
2022-01-13,0.1716123186,0.1738444096,0.1567758995,0.1464510523,0.1821294501,0.16918687,-2.220446049e-16,1,"S1|equal six ETFs, no cash,rebalance=year|no guard"
2022-01-14,0.1721148805,0.1743939638,0.1567536858,0.1470013705,0.1834223957,0.1663137037,0,1,"S1|equal six ETFs, no cash,rebalance=year|no guard"
2022-01-17,0.1723909803,0.1747641798,0.1558631129,0.1467390328,0.1838040979,0.1664385962,0,1,"S1|equal six ETFs, no cash,rebalance=year|no guard"
2022-01-18,0.1720626101,0.1733582951,0.1569444695,0.1479634429,0.1829619987,0.1667091837,0,1,"S1|equal six ETFs, no cash,rebalance=year|no guard"
2022-01-19,0.1713086023,0.1741125063,0.1570862937,0.1489594894,0.1822917706,0.1662413378,1.110223025e-16,1,"S1|equal six ETFs, no cash,rebalance=year|no guard"
2022-01-20,0.1697720472,0.17421131,0.1565995665,0.1507732048,0.1832563002,0.1653875713,-2.220446049e-16,1,"S1|equal six ETFs, no cash,rebalance=year|no guard"
2022-01-21,0.170873561,0.1738535614,0.1573894191,0.1522133296,0.1832397336,0.1624303952,-2.220446049e-16,1,"S1|equal six ETFs, no cash,rebalance=year|no guard"
2022-01-24,0.170355915,0.1716002325,0.1585673218,0.1564579946,0.17872143,0.1642971062,-2.220446049e-16,1,"S1|equal six ETFs, no cash,rebalance=year|no guard"
2022-01-25,0.1703335591,0.1718093138,0.160952367,0.1554409753,0.179757167,0.1617066178,1.110223025e-16,1,"S1|equal six ETFs, no cash,rebalance=year|no guard"
2022-01-27,0.1701896148,0.170026997,0.1629108135,0.1558732273,0.1785873854,0.1624119621,0,1,"S1|equal six ETFs, no cash,rebalance=year|no guard"
2022-01-28,0.1699285153,0.1721249417,0.1620439271,0.1543742806,0.1801454653,0.1613828699,0,1,"S1|equal six ETFs, no cash,rebalance=year|no guard"
2022-01-31,0.1702878547,0.1715799891,0.1614832744,0.1519516842,0.1817882333,0.1629089644,1.110223025e-16,1,"S1|equal six ETFs, no cash,rebalance=year|no guard"
2022-02-01,0.1700949931,0.1714407972,0.1614194305,0.151215182,0.1808368413,0.164992756,0,1,"S1|equal six ETFs, no cash,rebalance=year|no guard"
2022-02-02,0.1698028748,0.1716536219,0.1626075425,0.1489105142,0.1807441908,0.1662812558,1.110223025e-16,1,"S1|equal six ETFs, no cash,rebalance=year|no guard"
2022-02-03,0.1696616337,0.1724821705,0.163338762,0.1506200872,0.1804734359,0.1634239108,1.110223025e-16,1,"S1|equal six ETFs, no cash,rebalance=year|no guard"
2022-02-04,0.1697952695,0.1729260159,0.1626559481,0.1512180592,0.1807912606,0.1626134466,0,1,"S1|equal six ETFs, no cash,rebalance=year|no guard"
2022-02-07,0.1683513885,0.1732961844,0.1608193124,0.1526571646,0.1815878172,0.1632881329,0,1,"S1|equal six ETFs, no cash,rebalance=year|no guard"
2022-02-08,0.1691744872,0.1731112868,0.1612999945,0.1537159545,0.1794633115,0.1632349655,0,1,"S1|equal six ETFs, no cash,rebalance=year|no guard"
2022-02-09,0.169199673,0.1729904208,0.1618959097,0.1525509193,0.1791205582,0.164242519,1.110223025e-16,1,"S1|equal six ETFs, no cash,rebalance=year|no guard"
2022-02-10,0.1692241337,0.1725191258,0.1626912339,0.1523565424,0.1784633549,0.1647456093,0,1,"S1|equal six ETFs, no cash,rebalance=year|no guard"
2022-02-11,0.1693040952,0.1721591284,0.1623686293,0.1542124045,0.1783511224,0.1636046201,0,1,"S1|equal six ETFs, no cash,rebalance=year|no guard"
2022-02-14,0.1685532188,0.1706768925,0.1596604009,0.1609624241,0.1756493677,0.1644976961,1.110223025e-16,1,"S1|equal six ETFs, no cash,rebalance=year|no guard"
2022-02-15,0.1700653296,0.1707659118,0.1618880041,0.157194561,0.1751141996,0.1649719939,1.110223025e-16,1,"S1|equal six ETFs, no cash,rebalance=year|no guard"
2022-02-16,0.169512878,0.170988868,0.1606010258,0.1567665633,0.1760433412,0.1660873238,1.110223025e-16,1,"S1|equal six ETFs, no cash,rebalance=year|no guard"
2022-02-17,0.1698695736,0.1713782317,0.1595911275,0.1600392142,0.1752455276,0.1638763255,0,1,"S1|equal six ETFs, no cash,rebalance=year|no guard"
2022-02-18,0.1699290674,0.1704345169,0.1602970071,0.159567983,0.1750659051,0.1647055204,0,1,"S1|equal six ETFs, no cash,rebalance=year|no guard"
2022-02-21,0.1719431333,0.1707604212,0.1627718512,0.1614628944,0.1735991997,0.1594625003,0,1,"S1|equal six ETFs, no cash,rebalance=year|no guard"
2022-02-22,0.1716969641,0.1709116516,0.1623570566,0.1631725992,0.1745372897,0.1573244387,0,1,"S1|equal six ETFs, no cash,rebalance=year|no guard"
2022-02-23,0.1713817539,0.1724004899,0.1623592509,0.1619765547,0.1732054551,0.1586764954,0,1,"S1|equal six ETFs, no cash,rebalance=year|no guard"
2022-02-24,0.1704179171,0.1685139931,0.1596563439,0.1730404056,0.1713881828,0.1569831575,1.110223025e-16,1,"S1|equal six ETFs, no cash,rebalance=year|no guard"
2022-02-25,0.1687168076,0.1701037049,0.1593805023,0.1651679074,0.17564106,0.1609900178,1.110223025e-16,1,"S1|equal six ETFs, no cash,rebalance=year|no guard"
2022-02-28,0.1694341023,0.1715186072,0.1579916555,0.1648536024,0.1743182847,0.1618837479,0,1,"S1|equal six ETFs, no cash,rebalance=year|no guard"
2022-03-02,0.1677912167,0.1711583734,0.154287101,0.1678575287,0.175580014,0.1633257662,0,1,"S1|equal six ETFs, no cash,rebalance=year|no guard"
2022-03-03,0.1668068259,0.1717988113,0.152005414,0.1680674967,0.1765196486,0.1648018035,0,1,"S1|equal six ETFs, no cash,rebalance=year|no guard"
2022-03-04,0.1671207852,0.1701208689,0.1527711794,0.1718297405,0.172985543,0.165171883,0,1,"S1|equal six ETFs, no cash,rebalance=year|no guard"
2022-03-07,0.1637315923,0.1678458742,0.1467639959,0.1773901898,0.1807236968,0.163544651,0,1,"S1|equal six ETFs, no cash,rebalance=year|no guard"
2022-03-08,0.1657618563,0.1696227093,0.1484399351,0.1782100218,0.1730313465,0.1649341311,0,1,"S1|equal six ETFs, no cash,rebalance=year|no guard"
2022-03-09,0.1675598971,0.1707517016,0.1500505069,0.1754615537,0.1739801473,0.1621961933,-2.220446049e-16,1,"S1|equal six ETFs, no cash,rebalance=year|no guard"
2022-03-10,0.1686440249,0.1717900573,0.1514072332,0.1706954404,0.1762674886,0.1611957557,0,1,"S1|equal six ETFs, no cash,rebalance=year|no guard"
2022-03-11,0.1684940041,0.1722027494,0.151282303,0.1720547992,0.1753185441,0.1606476003,0,1,"S1|equal six ETFs, no cash,rebalance=year|no guard"
2022-03-14,0.1705156943,0.1719387425,0.1539689531,0.1691858964,0.1742818019,0.1601089118,2.220446049e-16,1,"S1|equal six ETFs, no cash,rebalance=year|no guard"
2022-03-15,0.1706728428,0.1722602941,0.1545173886,0.1700374476,0.1755549628,0.1569570641,0,1,"S1|equal six ETFs, no cash,rebalance=year|no guard"
2022-03-16,0.1699200036,0.1724381412,0.1545530314,0.1660913585,0.175346477,0.1616509883,-2.220446049e-16,1,"S1|equal six ETFs, no cash,rebalance=year|no guard"
2022-03-17,0.1705440289,0.1722614133,0.1553795515,0.1639781748,0.1751757582,0.1626610733,-2.220446049e-16,1,"S1|equal six ETFs, no cash,rebalance=year|no guard"
2022-03-21,0.1699113557,0.1713866641,0.1545551016,0.1642071356,0.1749740799,0.164965663,1.110223025e-16,1,"S1|equal six ETFs, no cash,rebalance=year|no guard"
2022-03-22,0.1706992187,0.1704477007,0.1549471362,0.1639082972,0.1737179544,0.1662796929,0,1,"S1|equal six ETFs, no cash,rebalance=year|no guard"
2022-03-23,0.1693215244,0.1703449484,0.1534362176,0.1638267448,0.1734683589,0.1696022059,0,1,"S1|equal six ETFs, no cash,rebalance=year|no guard"
2022-03-24,0.1692480738,0.1709452621,0.151386471,0.1645663104,0.1759053568,0.1679485259,0,1,"S1|equal six ETFs, no cash,rebalance=year|no guard"
2022-03-25,0.1684448002,0.1699569724,0.150339287,0.1647958934,0.1754952515,0.1709677954,0,1,"S1|equal six ETFs, no cash,rebalance=year|no guard"
2022-03-28,0.1688244513,0.1697046037,0.1514737785,0.1636207754,0.1753620108,0.1710143803,0,1,"S1|equal six ETFs, no cash,rebalance=year|no guard"
2022-03-29,0.1693064436,0.1701777338,0.1516508487,0.1621612663,0.1748472898,0.1718564178,0,1,"S1|equal six ETFs, no cash,rebalance=year|no guard"
2022-03-30,0.169279647,0.1696670704,0.1519817873,0.1604305321,0.1749960863,0.1736448768,0,1,"S1|equal six ETFs, no cash,rebalance=year|no guard"
2022-03-31,0.1689753776,0.1698518189,0.1519569239,0.1602123971,0.1753351247,0.1736683577,0,1,"S1|equal six ETFs, no cash,rebalance=year|no guard"
2022-04-01,0.1666666667,0.1666666667,0.1666666667,0.1666666667,0.1666666667,0.1666666667,-2.220446049e-16,1,"S1|equal six ETFs, no cash,rebalance=year|no guard"
2022-04-04,0.1681842383,0.1677271336,0.1706934155,0.1628284971,0.1660802817,0.1644864338,0,1,"S1|equal six ETFs, no cash,rebalance=year|no guard"
2022-04-05,0.167127207,0.1684644812,0.1681292125,0.1626678093,0.1694935475,0.1641177425,0,1,"S1|equal six ETFs, no cash,rebalance=year|no guard"
2022-04-06,0.1667028233,0.1697841215,0.1672885556,0.1642222505,0.1697477249,0.1622545243,1.110223025e-16,1,"S1|equal six ETFs, no cash,rebalance=year|no guard"
2022-04-07,0.1659405646,0.1701267931,0.1677859415,0.1655146902,0.1692083701,0.1614236405,0,1,"S1|equal six ETFs, no cash,rebalance=year|no guard"
2022-04-08,0.165943216,0.1714657093,0.1673317167,0.1643029085,0.1693394646,0.1616169849,0,1,"S1|equal six ETFs, no cash,rebalance=year|no guard"
2022-04-11,0.1648491646,0.1732587964,0.1663126743,0.1662061592,0.1704172052,0.1589560004,1.110223025e-16,1,"S1|equal six ETFs, no cash,rebalance=year|no guard"
2022-04-12,0.1650015191,0.1717367171,0.1681301675,0.1673777649,0.1685774382,0.1591763932,0,1,"S1|equal six ETFs, no cash,rebalance=year|no guard"
2022-04-13,0.1638133797,0.1722795258,0.1664317568,0.1689015532,0.1689696327,0.1596041517,0,1,"S1|equal six ETFs, no cash,rebalance=year|no guard"
2022-04-18,0.1622171237,0.1724632404,0.16484246,0.171940808,0.1680515259,0.160484842,2.220446049e-16,1,"S1|equal six ETFs, no cash,rebalance=year|no guard"
2022-04-19,0.1617150875,0.1717948639,0.1644188675,0.1729981998,0.1680098232,0.1610631581,0,1,"S1|equal six ETFs, no cash,rebalance=year|no guard"
2022-04-20,0.1634772776,0.1721000853,0.1643778196,0.16997536,0.1680594332,0.1620100244,0,1,"S1|equal six ETFs, no cash,rebalance=year|no guard"
2022-04-21,0.1643318208,0.1728720964,0.16541603,0.168791793,0.1692830951,0.1593051646,0,1,"S1|equal six ETFs, no cash,rebalance=year|no guard"
2022-04-22,0.1639450094,0.1735010021,0.1635327411,0.1706651441,0.1687545125,0.1596015908,0,1,"S1|equal six ETFs, no cash,rebalance=year|no guard"
2022-04-25,0.1642325854,0.1722759438,0.1658293437,0.1713966632,0.1677270831,0.1585383807,1.110223025e-16,1,"S1|equal six ETFs, no cash,rebalance=year|no guard"
2022-04-26,0.1644099259,0.1742123514,0.1653056423,0.1685258235,0.1695326558,0.158013601,0,1,"S1|equal six ETFs, no cash,rebalance=year|no guard"
2022-04-27,0.1651547315,0.1742995727,0.1657931952,0.1697056566,0.1694902094,0.1555566346,-2.220446049e-16,1,"S1|equal six ETFs, no cash,rebalance=year|no guard"
2022-04-28,0.1651239037,0.1746103169,0.165964476,0.1678117706,0.1691982548,0.1572912781,0,1,"S1|equal six ETFs, no cash,rebalance=year|no guard"
2022-04-29,0.164855805,0.1735789951,0.1652354585,0.1701724518,0.1674710695,0.1586862201,0,1,"S1|equal six ETFs, no cash,rebalance=year|no guard"
2022-05-02,0.1653005575,0.1732288697,0.1660909686,0.1685132246,0.1678828749,0.1589835045,-2.220446049e-16,1,"S1|equal six ETFs, no cash,rebalance=year|no guard"
2022-05-04,0.1643551056,0.1714033502,0.1648883615,0.1706176057,0.1677361505,0.1609994264,0,1,"S1|equal six ETFs, no cash,rebalance=year|no guard"
2022-05-05,0.1640519747,0.1715110293,0.1641715173,0.172509515,0.1665400688,0.161215895,0,1,"S1|equal six ETFs, no cash,rebalance=year|no guard"
2022-05-06,0.1639773395,0.1705620209,0.1640987034,0.1754453676,0.1671263759,0.1587901927,0,1,"S1|equal six ETFs, no cash,rebalance=year|no guard"
2022-05-09,0.164855024,0.1695272116,0.1644199055,0.1768536884,0.1659447964,0.1583993742,-2.220446049e-16,1,"S1|equal six ETFs, no cash,rebalance=year|no guard"
2022-05-10,0.1655213152,0.1670106454,0.1663863663,0.1777223242,0.1632504455,0.1601089034,-2.220446049e-16,1,"S1|equal six ETFs, no cash,rebalance=year|no guard"
2022-05-11,0.1648296951,0.1668454587,0.1673592303,0.1770039237,0.162877713,0.1610839792,2.220446049e-16,1,"S1|equal six ETFs, no cash,rebalance=year|no guard"
2022-05-12,0.1646323686,0.1659713413,0.1656332574,0.1803550606,0.1632957747,0.1601121974,2.220446049e-16,1,"S1|equal six ETFs, no cash,rebalance=year|no guard"
2022-05-13,0.1646130511,0.1652724894,0.1643628459,0.1782080073,0.1644451302,0.1630984761,0,1,"S1|equal six ETFs, no cash,rebalance=year|no guard"
2022-05-16,0.1640977397,0.1662978357,0.1649992106,0.1757559834,0.1655213253,0.1633279054,2.220446049e-16,1,"S1|equal six ETFs, no cash,rebalance=year|no guard"
2022-05-17,0.165307217,0.1671121856,0.1654096846,0.174327996,0.1673303176,0.1605125992,0,1,"S1|equal six ETFs, no cash,rebalance=year|no guard"
2022-05-18,0.1650255656,0.1680606747,0.1652590221,0.1738156186,0.1667970879,0.161042031,0,1,"S1|equal six ETFs, no cash,rebalance=year|no guard"
2022-05-19,0.1647517041,0.1673661884,0.1649050141,0.1787435738,0.1661369281,0.1580965915,1.110223025e-16,1,"S1|equal six ETFs, no cash,rebalance=year|no guard"
2022-05-20,0.1661289654,0.1667279292,0.1665689321,0.1772459919,0.1662247017,0.1571034796,1.110223025e-16,1,"S1|equal six ETFs, no cash,rebalance=year|no guard"
2022-05-23,0.1657340896,0.1657615106,0.1664071657,0.1785491212,0.1665942944,0.1569538185,1.110223025e-16,1,"S1|equal six ETFs, no cash,rebalance=year|no guard"
2022-05-24,0.1662764493,0.1652773649,0.1675798842,0.1788530692,0.1659653114,0.156047921,0,1,"S1|equal six ETFs, no cash,rebalance=year|no guard"
2022-05-25,0.1666107777,0.1637657675,0.1694144633,0.1804051549,0.1638887334,0.1559151032,0,1,"S1|equal six ETFs, no cash,rebalance=year|no guard"
2022-05-26,0.1670678036,0.1645926221,0.1721025164,0.1783996656,0.1635609084,0.154276484,0,1,"S1|equal six ETFs, no cash,rebalance=year|no guard"
2022-05-27,0.166890535,0.1640746364,0.1728609106,0.1775164806,0.1642921885,0.1543652489,0,1,"S1|equal six ETFs, no cash,rebalance=year|no guard"
2022-05-30,0.1675433426,0.1656877793,0.1714490404,0.174524981,0.1669568566,0.1538380001,0,1,"S1|equal six ETFs, no cash,rebalance=year|no guard"
2022-05-31,0.1673694272,0.1663869649,0.169993231,0.1747673183,0.1669123037,0.1545707549,2.220446049e-16,1,"S1|equal six ETFs, no cash,rebalance=year|no guard"
2022-06-01,0.1677374991,0.1654703928,0.1715344769,0.173708411,0.1674281847,0.1541210355,0,1,"S1|equal six ETFs, no cash,rebalance=year|no guard"
2022-06-02,0.1678832476,0.165386346,0.1706383049,0.1746370765,0.1677325704,0.1537224546,0,1,"S1|equal six ETFs, no cash,rebalance=year|no guard"
2022-06-03,0.1681143397,0.1637755528,0.1696604068,0.1760112909,0.1666117947,0.1558266151,0,1,"S1|equal six ETFs, no cash,rebalance=year|no guard"
2022-06-06,0.168614808,0.1637768127,0.170442096,0.1759940843,0.1658167116,0.1553554874,0,1,"S1|equal six ETFs, no cash,rebalance=year|no guard"
2022-06-07,0.1682154354,0.1635131998,0.1700702527,0.1765770438,0.1655979666,0.1560261017,0,1,"S1|equal six ETFs, no cash,rebalance=year|no guard"
2022-06-08,0.1681209818,0.163710068,0.1700567323,0.1770342671,0.165668088,0.1554098628,0,1,"S1|equal six ETFs, no cash,rebalance=year|no guard"
2022-06-09,0.1685673036,0.1638679711,0.1697192199,0.176479282,0.16511103,0.1562551935,0,1,"S1|equal six ETFs, no cash,rebalance=year|no guard"
2022-06-10,0.1674741125,0.1640287586,0.1690182829,0.1776882094,0.1662612298,0.1555294068,2.220446049e-16,1,"S1|equal six ETFs, no cash,rebalance=year|no guard"
2022-06-13,0.1666451807,0.164048808,0.1675961864,0.1831051801,0.16357847,0.1550261748,-2.220446049e-16,1,"S1|equal six ETFs, no cash,rebalance=year|no guard"
2022-06-14,0.1669752063,0.1653654485,0.1678893336,0.1814956136,0.1650906376,0.1531837604,0,1,"S1|equal six ETFs, no cash,rebalance=year|no guard"
2022-06-15,0.1668623283,0.1658155582,0.1676680521,0.181751634,0.1656396222,0.1522628051,1.110223025e-16,1,"S1|equal six ETFs, no cash,rebalance=year|no guard"
2022-06-16,0.1657377908,0.1647171673,0.1664486999,0.1848056714,0.1645597232,0.1537309475,0,1,"S1|equal six ETFs, no cash,rebalance=year|no guard"
2022-06-17,0.1650331033,0.1621419436,0.1670982712,0.1863023503,0.1620472999,0.1573770317,0,1,"S1|equal six ETFs, no cash,rebalance=year|no guard"
2022-06-20,0.1674552387,0.1627927616,0.1687213544,0.1874274344,0.1615930059,0.1520102051,1.110223025e-16,1,"S1|equal six ETFs, no cash,rebalance=year|no guard"
2022-06-21,0.1681263396,0.164252436,0.1691057754,0.1847493137,0.1635144621,0.1502516732,2.220446049e-16,1,"S1|equal six ETFs, no cash,rebalance=year|no guard"
2022-06-22,0.1680313081,0.1640686088,0.1693688387,0.1866125066,0.1626047881,0.1493139498,0,1,"S1|equal six ETFs, no cash,rebalance=year|no guard"
2022-06-23,0.1685220346,0.1642533716,0.1698197617,0.1856994089,0.1644900044,0.1472154188,1.110223025e-16,1,"S1|equal six ETFs, no cash,rebalance=year|no guard"
2022-06-24,0.1682122727,0.1651465423,0.1705417036,0.1833678022,0.1645054087,0.1482262704,-2.220446049e-16,1,"S1|equal six ETFs, no cash,rebalance=year|no guard"
2022-06-27,0.1676594168,0.1646129552,0.1693919587,0.1820909748,0.1650818279,0.1511628666,2.220446049e-16,1,"S1|equal six ETFs, no cash,rebalance=year|no guard"
2022-06-28,0.1683022168,0.1654102415,0.1692598982,0.1824657313,0.1659781657,0.1485837464,1.110223025e-16,1,"S1|equal six ETFs, no cash,rebalance=year|no guard"
2022-06-29,0.1691603716,0.1657089082,0.1689942189,0.1840708781,0.1663520916,0.1457135317,2.220446049e-16,1,"S1|equal six ETFs, no cash,rebalance=year|no guard"
2022-06-30,0.1691171974,0.1651166906,0.1698363957,0.1843027225,0.1656162528,0.1460107411,0,1,"S1|equal six ETFs, no cash,rebalance=year|no guard"
2022-07-01,0.1684009501,0.1663703284,0.1700650711,0.1859951059,0.1661704709,0.1429980736,0,1,"S1|equal six ETFs, no cash,rebalance=year|no guard"
2022-07-04,0.1680584172,0.1661205565,0.1704516561,0.1858836153,0.1649981876,0.1444875673,0,1,"S1|equal six ETFs, no cash,rebalance=year|no guard"
2022-07-05,0.1676002731,0.1668031708,0.1699180051,0.1865122021,0.1649958828,0.1441704661,0,1,"S1|equal six ETFs, no cash,rebalance=year|no guard"
2022-07-06,0.1677429529,0.1673373474,0.17087077,0.1818473483,0.1662825429,0.1459190385,2.220446049e-16,1,"S1|equal six ETFs, no cash,rebalance=year|no guard"
2022-07-07,0.1677523638,0.1679616055,0.1723099989,0.1780177761,0.1679832144,0.1459750413,0,1,"S1|equal six ETFs, no cash,rebalance=year|no guard"
2022-07-08,0.1679050693,0.1677523559,0.1725651785,0.1773504416,0.1666879588,0.147738996,0,1,"S1|equal six ETFs, no cash,rebalance=year|no guard"
2022-07-11,0.1670553309,0.1690971066,0.1737211661,0.1764624548,0.1678805393,0.1457834023,0,1,"S1|equal six ETFs, no cash,rebalance=year|no guard"
2022-07-12,0.1671404105,0.1698602029,0.1731124645,0.1779364523,0.1680771332,0.1438733366,1.110223025e-16,1,"S1|equal six ETFs, no cash,rebalance=year|no guard"
2022-07-13,0.1664009987,0.170335221,0.1720675629,0.1774723555,0.1689065347,0.1448173271,0,1,"S1|equal six ETFs, no cash,rebalance=year|no guard"
2022-07-14,0.1667372922,0.1701196083,0.1719369195,0.1773903912,0.1690870249,0.1447287639,0,1,"S1|equal six ETFs, no cash,rebalance=year|no guard"
2022-07-15,0.1670150476,0.1706564077,0.1711361293,0.1758044617,0.169858579,0.1455293747,0,1,"S1|equal six ETFs, no cash,rebalance=year|no guard"
2022-07-18,0.166665457,0.169865457,0.1716112206,0.1748592337,0.1699984909,0.1470001408,0,1,"S1|equal six ETFs, no cash,rebalance=year|no guard"
2022-07-19,0.1668925655,0.1709780206,0.1729485712,0.173973647,0.1702674602,0.1449397355,0,1,"S1|equal six ETFs, no cash,rebalance=year|no guard"
2022-07-20,0.1673013634,0.1701820186,0.1727927892,0.1727969399,0.1694510353,0.1474758537,0,1,"S1|equal six ETFs, no cash,rebalance=year|no guard"
2022-07-21,0.1670654363,0.1709779841,0.1726899907,0.1701643052,0.1707064906,0.1483957931,0,1,"S1|equal six ETFs, no cash,rebalance=year|no guard"
2022-07-22,0.1670876759,0.1695239671,0.1740543425,0.1715147947,0.1696272724,0.1481919474,1.110223025e-16,1,"S1|equal six ETFs, no cash,rebalance=year|no guard"
2022-07-25,0.1670910663,0.1695809726,0.1741880953,0.1715705569,0.1704191208,0.1471501882,0,1,"S1|equal six ETFs, no cash,rebalance=year|no guard"
2022-07-26,0.1673941655,0.1691646538,0.1748097114,0.1728059464,0.1697447427,0.1460807802,0,1,"S1|equal six ETFs, no cash,rebalance=year|no guard"
2022-07-27,0.1675590945,0.1687780342,0.1754463347,0.1718002012,0.1704881358,0.1459281996,0,1,"S1|equal six ETFs, no cash,rebalance=year|no guard"
2022-07-28,0.1681354169,0.1689460443,0.1758128124,0.1717318002,0.1692801454,0.1460937808,0,1,"S1|equal six ETFs, no cash,rebalance=year|no guard"
2022-07-29,0.1684334946,0.1695608524,0.1743759858,0.1700140948,0.1698708239,0.1477447486,1.110223025e-16,1,"S1|equal six ETFs, no cash,rebalance=year|no guard"
2022-08-01,0.1684005369,0.1697522172,0.1744579006,0.1687078897,0.1713812877,0.1473001677,0,1,"S1|equal six ETFs, no cash,rebalance=year|no guard"
2022-08-02,0.1684588776,0.1705497366,0.1753260218,0.1686226156,0.1714497503,0.1455929982,0,1,"S1|equal six ETFs, no cash,rebalance=year|no guard"
2022-08-03,0.169009185,0.1700110076,0.1750412297,0.1687733078,0.1703853693,0.1467799006,1.110223025e-16,1,"S1|equal six ETFs, no cash,rebalance=year|no guard"
2022-08-04,0.167866656,0.1696990065,0.1726422813,0.1693615586,0.1702438847,0.1501866128,1.110223025e-16,1,"S1|equal six ETFs, no cash,rebalance=year|no guard"
2022-08-05,0.1674693852,0.1692873662,0.1730198076,0.1691162268,0.1709894087,0.1501178055,0,1,"S1|equal six ETFs, no cash,rebalance=year|no guard"
2022-08-08,0.1676609653,0.1688615696,0.1734895571,0.16756753,0.1738073095,0.1486130685,0,1,"S1|equal six ETFs, no cash,rebalance=year|no guard"
2022-08-10,0.168694501,0.1694806113,0.1745020066,0.1693232648,0.1707323045,0.1472673118,0,1,"S1|equal six ETFs, no cash,rebalance=year|no guard"
2022-08-11,0.1682035657,0.1687801693,0.1756683894,0.1678388863,0.1702907169,0.1492182724,0,1,"S1|equal six ETFs, no cash,rebalance=year|no guard"
2022-08-12,0.1679192262,0.1691341056,0.1756458245,0.1674382682,0.1709538687,0.1489087068,1.110223025e-16,1,"S1|equal six ETFs, no cash,rebalance=year|no guard"
2022-08-16,0.1677671696,0.1700775983,0.1753284487,0.1649336342,0.1719968277,0.1498963214,1.110223025e-16,1,"S1|equal six ETFs, no cash,rebalance=year|no guard"
2022-08-17,0.1683661042,0.1712027548,0.1755247479,0.1641026707,0.1721480263,0.1486556961,0,1,"S1|equal six ETFs, no cash,rebalance=year|no guard"
2022-08-18,0.1682337259,0.1721611093,0.1761347887,0.1636559134,0.1722327988,0.1475816639,0,1,"S1|equal six ETFs, no cash,rebalance=year|no guard"
2022-08-19,0.1684745679,0.1719253598,0.1750550776,0.1651844144,0.1710113291,0.1483492511,0,1,"S1|equal six ETFs, no cash,rebalance=year|no guard"
2022-08-22,0.1685199443,0.1715252214,0.1746470577,0.1659088504,0.1708476684,0.1485512578,0,1,"S1|equal six ETFs, no cash,rebalance=year|no guard"
2022-08-23,0.1687283635,0.171762496,0.1756812803,0.1656425712,0.1716395919,0.1465456971,0,1,"S1|equal six ETFs, no cash,rebalance=year|no guard"
2022-08-24,0.168791459,0.1719331089,0.1767555734,0.1660000511,0.1723622442,0.1441575634,0,1,"S1|equal six ETFs, no cash,rebalance=year|no guard"
2022-08-25,0.1675142903,0.1715061161,0.1759234363,0.1666313378,0.1723922512,0.1460325684,0,1,"S1|equal six ETFs, no cash,rebalance=year|no guard"
2022-08-26,0.1674624568,0.172454237,0.1760037009,0.1651904352,0.1728932564,0.1459959137,0,1,"S1|equal six ETFs, no cash,rebalance=year|no guard"
2022-08-29,0.1676713613,0.1742220544,0.175333558,0.1658596523,0.1735179167,0.1433954573,0,1,"S1|equal six ETFs, no cash,rebalance=year|no guard"
2022-08-30,0.1686402798,0.1746765871,0.1776793051,0.1631500381,0.1739298492,0.1419239407,0,1,"S1|equal six ETFs, no cash,rebalance=year|no guard"
2022-09-01,0.1685723163,0.1761396332,0.178726063,0.1628041298,0.1757104427,0.138047415,0,1,"S1|equal six ETFs, no cash,rebalance=year|no guard"
2022-09-02,0.1680394794,0.1756076125,0.1786520768,0.162542347,0.1756624757,0.1394960085,0,1,"S1|equal six ETFs, no cash,rebalance=year|no guard"
2022-09-05,0.1689520642,0.1754220026,0.1801450422,0.1629009333,0.1755725793,0.1370073784,0,1,"S1|equal six ETFs, no cash,rebalance=year|no guard"
2022-09-06,0.1673992366,0.1755992104,0.1782688007,0.1616743292,0.1796248656,0.1374335575,-2.220446049e-16,1,"S1|equal six ETFs, no cash,rebalance=year|no guard"
2022-09-07,0.168152279,0.1770294365,0.1782934563,0.1621582864,0.1778634114,0.1365031305,0,1,"S1|equal six ETFs, no cash,rebalance=year|no guard"
2022-09-08,0.1683627271,0.1761615136,0.1802043016,0.1617017272,0.1759133339,0.1376563967,-2.220446049e-16,1,"S1|equal six ETFs, no cash,rebalance=year|no guard"
2022-09-09,0.1681275001,0.175414302,0.1804348769,0.1611994659,0.1763172639,0.1385065912,0,1,"S1|equal six ETFs, no cash,rebalance=year|no guard"
2022-09-12,0.1678742276,0.1760276182,0.1798190248,0.1598809832,0.1768134395,0.1395847066,1.110223025e-16,1,"S1|equal six ETFs, no cash,rebalance=year|no guard"
2022-09-13,0.1683115973,0.1765045404,0.1802845366,0.1588661099,0.1766073227,0.1394258931,-2.220446049e-16,1,"S1|equal six ETFs, no cash,rebalance=year|no guard"
2022-09-14,0.1681211686,0.1774480108,0.1834743749,0.1580647626,0.1771214011,0.1357702821,1.110223025e-16,1,"S1|equal six ETFs, no cash,rebalance=year|no guard"
2022-09-15,0.1676030875,0.1788064321,0.182681051,0.1575688934,0.1765854532,0.1367550828,-2.220446049e-16,1,"S1|equal six ETFs, no cash,rebalance=year|no guard"
2022-09-16,0.1679668767,0.1776895846,0.1843682105,0.1580746076,0.1761083674,0.1357923532,0,1,"S1|equal six ETFs, no cash,rebalance=year|no guard"
2022-09-19,0.1685200954,0.177883822,0.1846152981,0.1581947662,0.1763285612,0.1344574571,1.110223025e-16,1,"S1|equal six ETFs, no cash,rebalance=year|no guard"
2022-09-20,0.168505876,0.1779536486,0.1855275647,0.1573620905,0.1762879649,0.1343628552,0,1,"S1|equal six ETFs, no cash,rebalance=year|no guard"
2022-09-21,0.1687000534,0.1766674589,0.1855079579,0.1590911691,0.175623608,0.1344097527,0,1,"S1|equal six ETFs, no cash,rebalance=year|no guard"
2022-09-22,0.1683144705,0.1775140044,0.1834787851,0.1602860014,0.1765335871,0.1338731515,1.110223025e-16,1,"S1|equal six ETFs, no cash,rebalance=year|no guard"
2022-09-23,0.1682435989,0.1773389221,0.182005255,0.1623451108,0.1764795354,0.1335875777,0,1,"S1|equal six ETFs, no cash,rebalance=year|no guard"
2022-09-26,0.1686130287,0.1761105674,0.1811159508,0.1650020246,0.1733933383,0.1357650902,0,1,"S1|equal six ETFs, no cash,rebalance=year|no guard"
2022-09-27,0.1683897554,0.1764298271,0.1797278223,0.1640743165,0.1742893681,0.1370889107,0,1,"S1|equal six ETFs, no cash,rebalance=year|no guard"
2022-09-28,0.1682512932,0.1765896352,0.1785322163,0.1648758237,0.1752548574,0.1364961742,1.110223025e-16,1,"S1|equal six ETFs, no cash,rebalance=year|no guard"
2022-09-29,0.1672452538,0.1755321625,0.1773165711,0.1665758468,0.1745855078,0.138744658,0,1,"S1|equal six ETFs, no cash,rebalance=year|no guard"
2022-09-30,0.1681990256,0.1751851519,0.1798463326,0.1660512868,0.1756320527,0.1350861504,1.110223025e-16,1,"S1|equal six ETFs, no cash,rebalance=year|no guard"
2022-10-03,0.1678029138,0.1735745514,0.1795298655,0.1679020852,0.175105718,0.1360848662,0,1,"S1|equal six ETFs, no cash,rebalance=year|no guard"
2022-10-04,0.1676942381,0.1737231122,0.1799499659,0.1676566352,0.1754024383,0.1355736103,-2.220446049e-16,1,"S1|equal six ETFs, no cash,rebalance=year|no guard"
2022-10-06,0.1667403378,0.1734600171,0.1791222876,0.1669968679,0.1773495712,0.1363309184,0,1,"S1|equal six ETFs, no cash,rebalance=year|no guard"
2022-10-07,0.1671395679,0.1733729744,0.1788761318,0.1679683481,0.176268124,0.1363748538,0,1,"S1|equal six ETFs, no cash,rebalance=year|no guard"
2022-10-10,0.1686593718,0.1736486069,0.1805719461,0.166988646,0.1768927176,0.1332387116,0,1,"S1|equal six ETFs, no cash,rebalance=year|no guard"
2022-10-11,0.1680105384,0.1735945411,0.1810113161,0.1677262323,0.1759619962,0.1336953759,0,1,"S1|equal six ETFs, no cash,rebalance=year|no guard"
2022-10-12,0.1688046738,0.1736212205,0.1823477669,0.1679678798,0.1756904486,0.1315680104,0,1,"S1|equal six ETFs, no cash,rebalance=year|no guard"
2022-10-13,0.1687740146,0.1728135142,0.1813018124,0.1692084044,0.1754419112,0.1324603431,0,1,"S1|equal six ETFs, no cash,rebalance=year|no guard"
2022-10-14,0.1696777683,0.1714455752,0.1834186987,0.1668366105,0.1753514224,0.1332699248,0,1,"S1|equal six ETFs, no cash,rebalance=year|no guard"
2022-10-17,0.1700010511,0.172021372,0.1856427549,0.1663605113,0.1742842033,0.1316901073,0,1,"S1|equal six ETFs, no cash,rebalance=year|no guard"
2022-10-18,0.1697098418,0.1719378264,0.1851841738,0.1640422431,0.17494894,0.134176975,0,1,"S1|equal six ETFs, no cash,rebalance=year|no guard"
2022-10-19,0.1698542718,0.1716420393,0.1855209952,0.1642846456,0.1744965895,0.1342014585,0,1,"S1|equal six ETFs, no cash,rebalance=year|no guard"
2022-10-20,0.1705431265,0.1735002411,0.1847469227,0.1638542631,0.1742721446,0.133083302,-2.220446049e-16,1,"S1|equal six ETFs, no cash,rebalance=year|no guard"
2022-10-21,0.1710459981,0.1717112465,0.1880247024,0.1630856035,0.1739633903,0.1321690593,0,1,"S1|equal six ETFs, no cash,rebalance=year|no guard"
2022-10-24,0.1704542068,0.1707254565,0.1878382265,0.1639613658,0.1734677829,0.1335529615,0,1,"S1|equal six ETFs, no cash,rebalance=year|no guard"
2022-10-25,0.1703312173,0.1706127179,0.1877736071,0.1632495805,0.1740610804,0.1339717968,0,1,"S1|equal six ETFs, no cash,rebalance=year|no guard"
2022-10-27,0.1704603282,0.1714763048,0.1876811184,0.1636546147,0.1738568615,0.1328707724,1.110223025e-16,1,"S1|equal six ETFs, no cash,rebalance=year|no guard"
2022-10-28,0.171502606,0.1717483648,0.1870854902,0.163542167,0.1744069603,0.1317144118,0,1,"S1|equal six ETFs, no cash,rebalance=year|no guard"
2022-10-31,0.1719433474,0.1711263955,0.1867326388,0.1618455035,0.1747930415,0.1335590733,-2.220446049e-16,1,"S1|equal six ETFs, no cash,rebalance=year|no guard"
2022-11-01,0.1721903624,0.1718953648,0.1854523749,0.1609754514,0.1753572615,0.134129185,0,1,"S1|equal six ETFs, no cash,rebalance=year|no guard"
2022-11-02,0.1722864824,0.1719758902,0.1854050841,0.1622389998,0.1748106542,0.1332828893,2.220446049e-16,1,"S1|equal six ETFs, no cash,rebalance=year|no guard"
2022-11-03,0.1730381022,0.1727741343,0.1869134981,0.1610901551,0.176957543,0.1292265673,0,1,"S1|equal six ETFs, no cash,rebalance=year|no guard"
2022-11-04,0.1735041696,0.1732421432,0.1868865264,0.1623009404,0.1766198703,0.1274463501,0,1,"S1|equal six ETFs, no cash,rebalance=year|no guard"
2022-11-07,0.1729278401,0.1734601861,0.1873188535,0.16274388,0.176323806,0.1272254343,1.110223025e-16,1,"S1|equal six ETFs, no cash,rebalance=year|no guard"
2022-11-09,0.1726330764,0.1731086858,0.1877849263,0.1635678366,0.1752457745,0.1276597004,1.110223025e-16,1,"S1|equal six ETFs, no cash,rebalance=year|no guard"
2022-11-10,0.1725954405,0.1726094087,0.1883660205,0.1655318227,0.174457023,0.1264402847,1.110223025e-16,1,"S1|equal six ETFs, no cash,rebalance=year|no guard"
2022-11-11,0.1728318075,0.1716145787,0.1878221811,0.1651164111,0.1718677761,0.1307472456,2.220446049e-16,1,"S1|equal six ETFs, no cash,rebalance=year|no guard"
2022-11-14,0.1724674667,0.1721343472,0.1873498144,0.1650304162,0.1715483075,0.1314696479,0,1,"S1|equal six ETFs, no cash,rebalance=year|no guard"
2022-11-15,0.1723600746,0.1717328274,0.1877969417,0.1655300408,0.170912894,0.1316672216,0,1,"S1|equal six ETFs, no cash,rebalance=year|no guard"
2022-11-16,0.1722464294,0.1703345327,0.1883062437,0.1661867472,0.1702172995,0.1327087475,0,1,"S1|equal six ETFs, no cash,rebalance=year|no guard"
2022-11-17,0.1725048682,0.1698653275,0.1890790625,0.1663302808,0.1702166615,0.1320037994,0,1,"S1|equal six ETFs, no cash,rebalance=year|no guard"
2022-11-18,0.1724144953,0.1691558219,0.189200628,0.1668076751,0.1694350833,0.1329862963,2.220446049e-16,1,"S1|equal six ETFs, no cash,rebalance=year|no guard"
2022-11-21,0.1722352649,0.1691129753,0.1896876786,0.1660787807,0.1699067714,0.1329785291,0,1,"S1|equal six ETFs, no cash,rebalance=year|no guard"
2022-11-22,0.1725084641,0.1691079075,0.1897382017,0.1661444974,0.1708932334,0.1316076959,0,1,"S1|equal six ETFs, no cash,rebalance=year|no guard"
2022-11-23,0.172074517,0.1688730876,0.1902554125,0.1650148135,0.1711548662,0.1326273032,2.220446049e-16,1,"S1|equal six ETFs, no cash,rebalance=year|no guard"
2022-11-24,0.1728352136,0.1684315719,0.1904691632,0.1649170664,0.1703362807,0.1330107043,0,1,"S1|equal six ETFs, no cash,rebalance=year|no guard"
2022-11-25,0.1730280112,0.1685664307,0.1900879599,0.1643677484,0.1714307965,0.1325190534,0,1,"S1|equal six ETFs, no cash,rebalance=year|no guard"
2022-11-28,0.173334748,0.1686586984,0.1898432267,0.164610323,0.172277082,0.1312759219,-2.220446049e-16,1,"S1|equal six ETFs, no cash,rebalance=year|no guard"
2022-11-29,0.173539743,0.1693871425,0.1899604783,0.1644161371,0.1715875773,0.1311089218,1.110223025e-16,1,"S1|equal six ETFs, no cash,rebalance=year|no guard"
2022-11-30,0.1739337809,0.1703358817,0.1896576627,0.1637670721,0.1725403436,0.1297652591,1.110223025e-16,1,"S1|equal six ETFs, no cash,rebalance=year|no guard"
2022-12-01,0.1734140039,0.1698331442,0.1882189905,0.1635838934,0.1728897471,0.1320602209,0,1,"S1|equal six ETFs, no cash,rebalance=year|no guard"
2022-12-02,0.1722975599,0.1696373299,0.1872053452,0.1649435458,0.174002878,0.1319133413,-2.220446049e-16,1,"S1|equal six ETFs, no cash,rebalance=year|no guard"
2022-12-05,0.1716229921,0.1691877803,0.1877919522,0.1653484975,0.1742895929,0.1317591849,0,1,"S1|equal six ETFs, no cash,rebalance=year|no guard"
2022-12-06,0.1718617781,0.1696319124,0.1878436098,0.1648504826,0.1739810072,0.1318312098,1.110223025e-16,1,"S1|equal six ETFs, no cash,rebalance=year|no guard"
2022-12-07,0.1715080801,0.1706805598,0.1880129499,0.1656133388,0.1736961641,0.1304889073,0,1,"S1|equal six ETFs, no cash,rebalance=year|no guard"
2022-12-08,0.1713202592,0.1705677207,0.1893331397,0.1656136661,0.1731190802,0.130046134,0,1,"S1|equal six ETFs, no cash,rebalance=year|no guard"
2022-12-09,0.170630158,0.1698849023,0.1898388036,0.1660552958,0.1730893656,0.1305014747,0,1,"S1|equal six ETFs, no cash,rebalance=year|no guard"
2022-12-12,0.1705193761,0.16966933,0.1899334745,0.1661287389,0.1734714856,0.1302775949,1.110223025e-16,1,"S1|equal six ETFs, no cash,rebalance=year|no guard"
2022-12-13,0.1706763692,0.1686221668,0.1902840909,0.1652277154,0.1740990329,0.1310906248,-2.220446049e-16,1,"S1|equal six ETFs, no cash,rebalance=year|no guard"
2022-12-14,0.1703293988,0.1684755222,0.1894136347,0.1657773901,0.1743013756,0.1317026787,-2.220446049e-16,1,"S1|equal six ETFs, no cash,rebalance=year|no guard"
2022-12-15,0.1700186932,0.1687819422,0.1894472283,0.1659106083,0.1743515678,0.1314899601,0,1,"S1|equal six ETFs, no cash,rebalance=year|no guard"
2022-12-16,0.1704710199,0.1681034199,0.190063202,0.1677869348,0.1732983677,0.1302770559,2.220446049e-16,1,"S1|equal six ETFs, no cash,rebalance=year|no guard"
2022-12-19,0.1707992411,0.1689364011,0.1899940806,0.1680094547,0.1727381701,0.1295226523,0,1,"S1|equal six ETFs, no cash,rebalance=year|no guard"
2022-12-20,0.1707742947,0.1692646904,0.1907821727,0.1695658934,0.1723445296,0.1272684192,0,1,"S1|equal six ETFs, no cash,rebalance=year|no guard"
2022-12-21,0.1706693077,0.1679546774,0.1889151418,0.1714022446,0.1722625934,0.1287960351,0,1,"S1|equal six ETFs, no cash,rebalance=year|no guard"
2022-12-22,0.1706795625,0.1673986793,0.1889887545,0.1721831032,0.1713097225,0.129440178,2.220446049e-16,1,"S1|equal six ETFs, no cash,rebalance=year|no guard"
2022-12-23,0.1715337734,0.1649714928,0.1892114609,0.1753835705,0.1687902636,0.1301094388,0,1,"S1|equal six ETFs, no cash,rebalance=year|no guard"
2022-12-26,0.1708008125,0.1661359581,0.1906187986,0.1727924566,0.1708654311,0.1287865431,1.110223025e-16,1,"S1|equal six ETFs, no cash,rebalance=year|no guard"
2022-12-27,0.1706571328,0.1666916567,0.1907304731,0.1726386995,0.171246272,0.1280357659,1.110223025e-16,1,"S1|equal six ETFs, no cash,rebalance=year|no guard"
2022-12-28,0.1709462052,0.1677516732,0.1908470721,0.1717591341,0.171959116,0.1267367994,-2.220446049e-16,1,"S1|equal six ETFs, no cash,rebalance=year|no guard"
2022-12-29,0.1714574298,0.1676933739,0.1925253503,0.1718093021,0.17158107,0.1249334739,1.110223025e-16,1,"S1|equal six ETFs, no cash,rebalance=year|no guard"
2022-12-30,0.1704454553,0.1672816387,0.191466658,0.1720954947,0.1725472905,0.1261634628,0,1,"S1|equal six ETFs, no cash,rebalance=year|no guard"
2023-01-02,0.1706289384,0.1657818507,0.1911661329,0.1725472566,0.1733000398,0.1265757817,0,1,"S1|equal six ETFs, no cash,rebalance=year|no guard"
2023-01-03,0.1700978233,0.1660691385,0.1911386956,0.1733918648,0.1726196594,0.1266828184,2.220446049e-16,1,"S1|equal six ETFs, no cash,rebalance=year|no guard"
2023-01-04,0.1696534364,0.1653762121,0.1908635307,0.1763112272,0.1719126129,0.1258829807,0,1,"S1|equal six ETFs, no cash,rebalance=year|no guard"
2023-01-05,0.16954468,0.1667342875,0.1897001643,0.1756684396,0.1726349526,0.1257174759,0,1,"S1|equal six ETFs, no cash,rebalance=year|no guard"
2023-01-06,0.1696076962,0.1666323754,0.1892114707,0.1759089375,0.1735786038,0.1250609165,2.220446049e-16,1,"S1|equal six ETFs, no cash,rebalance=year|no guard"
2023-01-09,0.1699872305,0.1664250643,0.188679918,0.1762611879,0.1721835121,0.1264630872,-2.220446049e-16,1,"S1|equal six ETFs, no cash,rebalance=year|no guard"
2023-01-10,0.1691412988,0.1668274759,0.1877151863,0.1767537981,0.1723775069,0.127184734,1.110223025e-16,1,"S1|equal six ETFs, no cash,rebalance=year|no guard"
2023-01-11,0.1689951359,0.1658145461,0.1883937018,0.1768219924,0.1723318639,0.1276427599,0,1,"S1|equal six ETFs, no cash,rebalance=year|no guard"
2023-01-12,0.1685334073,0.1661605569,0.1876301886,0.1765499128,0.1720596154,0.129066319,0,1,"S1|equal six ETFs, no cash,rebalance=year|no guard"
2023-01-13,0.1687916919,0.1663075287,0.1882513433,0.1769484134,0.1712924211,0.1284086017,0,1,"S1|equal six ETFs, no cash,rebalance=year|no guard"
2023-01-16,0.1680201015,0.166142052,0.1872291499,0.1783549444,0.1705766948,0.1296770573,1.110223025e-16,1,"S1|equal six ETFs, no cash,rebalance=year|no guard"
2023-01-17,0.1691145649,0.1661084062,0.1872650264,0.177502949,0.1698971214,0.130111932,0,1,"S1|equal six ETFs, no cash,rebalance=year|no guard"
2023-01-18,0.1695829732,0.1652785422,0.1875273712,0.1767913586,0.1706863852,0.1301333695,-2.220446049e-16,1,"S1|equal six ETFs, no cash,rebalance=year|no guard"
2023-01-19,0.1700767883,0.1653029071,0.1876952314,0.1776492589,0.1708079561,0.1284678582,0,1,"S1|equal six ETFs, no cash,rebalance=year|no guard"
2023-01-20,0.1693654934,0.1650819057,0.1886792614,0.1787374009,0.1704749977,0.1276609408,0,1,"S1|equal six ETFs, no cash,rebalance=year|no guard"
2023-01-23,0.1694409997,0.1647026414,0.1891215182,0.1779614723,0.1691882186,0.1295851498,0,1,"S1|equal six ETFs, no cash,rebalance=year|no guard"
2023-01-24,0.1690326737,0.1639890896,0.1882887603,0.1780601874,0.1687464407,0.1318828483,0,1,"S1|equal six ETFs, no cash,rebalance=year|no guard"
2023-01-25,0.1695881839,0.1623824344,0.1866712867,0.180259657,0.1688150864,0.1322833516,0,1,"S1|equal six ETFs, no cash,rebalance=year|no guard"
2023-01-27,0.1692851578,0.15829475,0.1834164119,0.1828467803,0.1693272333,0.1368296666,0,1,"S1|equal six ETFs, no cash,rebalance=year|no guard"
2023-01-30,0.1698050495,0.1566050294,0.1837596497,0.1831335025,0.1687846597,0.1379121092,0,1,"S1|equal six ETFs, no cash,rebalance=year|no guard"
2023-01-31,0.1691756214,0.1576120525,0.1842389821,0.1819017138,0.1703533095,0.1367183207,1.110223025e-16,1,"S1|equal six ETFs, no cash,rebalance=year|no guard"
2023-02-01,0.168953353,0.1552776371,0.1834163408,0.1847208321,0.1697207548,0.1379110823,0,1,"S1|equal six ETFs, no cash,rebalance=year|no guard"
2023-02-02,0.1672958291,0.1534208228,0.1826702154,0.1870456553,0.1676234491,0.1419440283,1.110223025e-16,1,"S1|equal six ETFs, no cash,rebalance=year|no guard"
2023-02-03,0.1690902716,0.1526321876,0.1855531698,0.1830220953,0.1673466127,0.142355663,1.110223025e-16,1,"S1|equal six ETFs, no cash,rebalance=year|no guard"
2023-02-06,0.1683085052,0.1540475149,0.1849361441,0.1813700306,0.1684181915,0.1429196137,0,1,"S1|equal six ETFs, no cash,rebalance=year|no guard"
2023-02-07,0.1677882657,0.153739207,0.1852508089,0.1813302769,0.1682783331,0.1436131084,0,1,"S1|equal six ETFs, no cash,rebalance=year|no guard"
2023-02-08,0.1679670504,0.1541223463,0.1841967531,0.1806082296,0.1686588583,0.1444467624,0,1,"S1|equal six ETFs, no cash,rebalance=year|no guard"
2023-02-09,0.1684701428,0.1529173776,0.1846248542,0.1804947439,0.1693258222,0.1441670594,0,1,"S1|equal six ETFs, no cash,rebalance=year|no guard"
2023-02-10,0.1688490898,0.1539878418,0.1853437474,0.1796098828,0.1704681982,0.14174124,0,1,"S1|equal six ETFs, no cash,rebalance=year|no guard"
2023-02-13,0.1692515778,0.152505665,0.1854267285,0.1808985909,0.1695181587,0.1423992792,2.220446049e-16,1,"S1|equal six ETFs, no cash,rebalance=year|no guard"
2023-02-14,0.169800537,0.1521865313,0.186161131,0.1806517079,0.1678315599,0.1433685329,2.220446049e-16,1,"S1|equal six ETFs, no cash,rebalance=year|no guard"
2023-02-15,0.1706005417,0.1525053251,0.1864762765,0.1781592099,0.1687190761,0.1435395707,1.110223025e-16,1,"S1|equal six ETFs, no cash,rebalance=year|no guard"
2023-02-16,0.1700421661,0.1534945109,0.1854311852,0.1774067914,0.1693315229,0.1442938235,0,1,"S1|equal six ETFs, no cash,rebalance=year|no guard"
2023-02-17,0.170702924,0.1537889767,0.1849396102,0.1781940587,0.1694390035,0.1429354269,0,1,"S1|equal six ETFs, no cash,rebalance=year|no guard"
2023-02-20,0.170080428,0.1534669374,0.1833926377,0.1797866768,0.1699552796,0.1433180405,-2.220446049e-16,1,"S1|equal six ETFs, no cash,rebalance=year|no guard"
2023-02-21,0.1701961942,0.1536794155,0.1834090603,0.1797661116,0.1696790465,0.1432701719,1.110223025e-16,1,"S1|equal six ETFs, no cash,rebalance=year|no guard"
2023-02-22,0.1699472465,0.1533946424,0.1830510921,0.1816901002,0.169416568,0.1425003507,0,1,"S1|equal six ETFs, no cash,rebalance=year|no guard"
2023-02-23,0.1698369822,0.152952394,0.1833680201,0.1809110352,0.1694823801,0.1434491884,0,1,"S1|equal six ETFs, no cash,rebalance=year|no guard"
2023-02-24,0.1695612467,0.1529618415,0.1830849822,0.1808333965,0.1697994866,0.1437590465,1.110223025e-16,1,"S1|equal six ETFs, no cash,rebalance=year|no guard"
2023-02-27,0.1695242268,0.1523130079,0.1855819174,0.1803551949,0.1685374729,0.1436881801,0,1,"S1|equal six ETFs, no cash,rebalance=year|no guard"
2023-02-28,0.168790566,0.1525385651,0.1854800901,0.1802746834,0.1695823829,0.1433337125,2.220446049e-16,1,"S1|equal six ETFs, no cash,rebalance=year|no guard"
2023-03-01,0.1684628639,0.1527072636,0.1855299867,0.1797934249,0.1710231618,0.142483299,0,1,"S1|equal six ETFs, no cash,rebalance=year|no guard"
2023-03-02,0.167859158,0.1532069868,0.1848968992,0.1805735614,0.1715155651,0.1419478295,2.220446049e-16,1,"S1|equal six ETFs, no cash,rebalance=year|no guard"
2023-03-03,0.1689320689,0.1536148166,0.1869156371,0.1793297431,0.1706141798,0.1405935544,0,1,"S1|equal six ETFs, no cash,rebalance=year|no guard"
2023-03-06,0.168637906,0.1538683548,0.1859024026,0.178019216,0.1716815917,0.1418905289,3.330669074e-16,1,"S1|equal six ETFs, no cash,rebalance=year|no guard"
2023-03-08,0.1693518178,0.1543331034,0.1873047239,0.175828515,0.1720192322,0.1411626077,2.220446049e-16,1,"S1|equal six ETFs, no cash,rebalance=year|no guard"
2023-03-09,0.1688413203,0.1539429098,0.1867652742,0.1763032897,0.1729296726,0.1412175332,0,1,"S1|equal six ETFs, no cash,rebalance=year|no guard"
2023-03-10,0.1682281172,0.154780931,0.1847184725,0.1787603145,0.1726341021,0.1408780628,0,1,"S1|equal six ETFs, no cash,rebalance=year|no guard"
2023-03-13,0.1672801439,0.1543252805,0.1822525472,0.1855201754,0.1705426592,0.1400791938,1.110223025e-16,1,"S1|equal six ETFs, no cash,rebalance=year|no guard"
2023-03-14,0.166484799,0.1528361295,0.1818913688,0.1870134148,0.1699761758,0.1417981121,0,1,"S1|equal six ETFs, no cash,rebalance=year|no guard"
2023-03-15,0.1657544947,0.1534821674,0.180093541,0.1862422047,0.1701273272,0.144300265,0,1,"S1|equal six ETFs, no cash,rebalance=year|no guard"
2023-03-16,0.1648986476,0.1531757153,0.1792918968,0.1880649172,0.1692900124,0.1452788107,0,1,"S1|equal six ETFs, no cash,rebalance=year|no guard"
2023-03-17,0.1651410885,0.1535604054,0.1799413523,0.1873338429,0.1678285302,0.1461947807,-2.220446049e-16,1,"S1|equal six ETFs, no cash,rebalance=year|no guard"
2023-03-20,0.1641450245,0.1525155597,0.1789921188,0.1917940329,0.1665351132,0.1460181509,0,1,"S1|equal six ETFs, no cash,rebalance=year|no guard"
2023-03-21,0.1646036395,0.15245176,0.1807483808,0.1894236125,0.1669834257,0.1457891815,0,1,"S1|equal six ETFs, no cash,rebalance=year|no guard"
2023-03-22,0.1647939369,0.1535676237,0.1810053767,0.1875693729,0.1670131005,0.1460505893,0,1,"S1|equal six ETFs, no cash,rebalance=year|no guard"
2023-03-23,0.1642830751,0.1529081783,0.1797014197,0.1891602831,0.1670432439,0.1469037999,1.110223025e-16,1,"S1|equal six ETFs, no cash,rebalance=year|no guard"
2023-03-24,0.1637021592,0.1526028403,0.1791307173,0.1917745668,0.165493795,0.1472959214,0,1,"S1|equal six ETFs, no cash,rebalance=year|no guard"
2023-03-27,0.1643474647,0.1518530528,0.1796785559,0.1901272939,0.1651178191,0.1488758136,0,1,"S1|equal six ETFs, no cash,rebalance=year|no guard"
2023-03-28,0.1643592443,0.1508212993,0.1808560268,0.1906599571,0.1656006288,0.1477028436,0,1,"S1|equal six ETFs, no cash,rebalance=year|no guard"
2023-03-29,0.1637894642,0.1501410046,0.1806840998,0.1896451,0.1671684019,0.1485719294,0,1,"S1|equal six ETFs, no cash,rebalance=year|no guard"
2023-03-31,0.1643204311,0.1506154536,0.1815166968,0.1888895337,0.1657823603,0.1488755245,0,1,"S1|equal six ETFs, no cash,rebalance=year|no guard"
2023-04-03,0.1666666667,0.1666666667,0.1666666667,0.1666666667,0.1666666667,0.1666666667,0,1,"S1|equal six ETFs, no cash,rebalance=year|no guard"
2023-04-05,0.167092453,0.1664976533,0.1663663436,0.1691323145,0.1664545918,0.1644566437,0,1,"S1|equal six ETFs, no cash,rebalance=year|no guard"
2023-04-06,0.1677427218,0.1672975486,0.1666538343,0.1689674444,0.1666086695,0.1627297814,1.110223025e-16,1,"S1|equal six ETFs, no cash,rebalance=year|no guard"
2023-04-10,0.1673742418,0.1677144774,0.1658721858,0.1674573773,0.1676437717,0.1639379461,1.110223025e-16,1,"S1|equal six ETFs, no cash,rebalance=year|no guard"
2023-04-11,0.1674247909,0.1671116311,0.1669596975,0.167090724,0.1676028424,0.163810314,0,1,"S1|equal six ETFs, no cash,rebalance=year|no guard"
2023-04-12,0.1677807926,0.1673612712,0.1674744364,0.1672386657,0.1679209841,0.1622238499,0,1,"S1|equal six ETFs, no cash,rebalance=year|no guard"
2023-04-13,0.1676802204,0.1667401132,0.16923958,0.167737339,0.1677597598,0.1608429875,0,1,"S1|equal six ETFs, no cash,rebalance=year|no guard"
2023-04-17,0.1665039484,0.1671740652,0.1694524053,0.1665263278,0.1680913821,0.1622518711,0,1,"S1|equal six ETFs, no cash,rebalance=year|no guard"
2023-04-18,0.1655227677,0.1674776246,0.1689824958,0.1655406275,0.1690621974,0.1634142871,1.110223025e-16,1,"S1|equal six ETFs, no cash,rebalance=year|no guard"
2023-04-19,0.1660783106,0.1668236593,0.1694658862,0.1651313886,0.169860933,0.1626398224,0,1,"S1|equal six ETFs, no cash,rebalance=year|no guard"
2023-04-20,0.1658838956,0.1663649664,0.1696301307,0.166503622,0.1694964414,0.1621209439,0,1,"S1|equal six ETFs, no cash,rebalance=year|no guard"
2023-04-21,0.1662335921,0.1664597745,0.1695454979,0.1658440432,0.1694619771,0.1624551152,0,1,"S1|equal six ETFs, no cash,rebalance=year|no guard"
2023-04-24,0.166311469,0.1664980418,0.170822489,0.164884203,0.1696558429,0.1618279543,0,1,"S1|equal six ETFs, no cash,rebalance=year|no guard"
2023-04-25,0.1664132771,0.1672277855,0.1708081859,0.1650250975,0.1692949515,0.1612307025,0,1,"S1|equal six ETFs, no cash,rebalance=year|no guard"
2023-04-26,0.1664910161,0.1672424906,0.1710348949,0.1651999478,0.169458787,0.1605728637,1.110223025e-16,1,"S1|equal six ETFs, no cash,rebalance=year|no guard"
2023-04-27,0.1670283412,0.1673776324,0.1711369242,0.164593026,0.169989721,0.159874355,1.110223025e-16,1,"S1|equal six ETFs, no cash,rebalance=year|no guard"
2023-04-28,0.1671744462,0.1685078505,0.1709594977,0.1629021146,0.1700795308,0.1603765602,0,1,"S1|equal six ETFs, no cash,rebalance=year|no guard"
2023-05-02,0.1670309808,0.1681140295,0.1703520206,0.1620493526,0.1713559237,0.1610976926,0,1,"S1|equal six ETFs, no cash,rebalance=year|no guard"
2023-05-03,0.1663589167,0.1684309848,0.1702254234,0.1643446409,0.1709777088,0.1596623254,0,1,"S1|equal six ETFs, no cash,rebalance=year|no guard"
2023-05-04,0.1668717272,0.1685568704,0.1705811325,0.1648088564,0.1714912005,0.157690213,0,1,"S1|equal six ETFs, no cash,rebalance=year|no guard"
2023-05-05,0.166361274,0.1692883594,0.1679218782,0.1656019588,0.1721482918,0.1586782378,0,1,"S1|equal six ETFs, no cash,rebalance=year|no guard"
2023-05-08,0.1667849338,0.1695196018,0.1688571478,0.1634353035,0.1721683531,0.15923466,0,1,"S1|equal six ETFs, no cash,rebalance=year|no guard"
2023-05-09,0.1668784839,0.1694166413,0.1684776208,0.1641620952,0.1714745992,0.1595905597,0,1,"S1|equal six ETFs, no cash,rebalance=year|no guard"
2023-05-10,0.1668170163,0.1697860596,0.1685213986,0.164043204,0.1717524147,0.1590799067,0,1,"S1|equal six ETFs, no cash,rebalance=year|no guard"
2023-05-11,0.16618546,0.1701843051,0.1684218862,0.1629499691,0.1715963182,0.1606620614,-2.220446049e-16,1,"S1|equal six ETFs, no cash,rebalance=year|no guard"
2023-05-12,0.1663122307,0.1701735646,0.1698541864,0.161714528,0.1705141235,0.1614313667,-2.220446049e-16,1,"S1|equal six ETFs, no cash,rebalance=year|no guard"
2023-05-15,0.1664820804,0.1701960574,0.1701090863,0.1621589938,0.1707608818,0.1602929004,1.110223025e-16,1,"S1|equal six ETFs, no cash,rebalance=year|no guard"
2023-05-16,0.165868449,0.1704633199,0.1700995481,0.1615163577,0.1714783403,0.1605739852,2.220446049e-16,1,"S1|equal six ETFs, no cash,rebalance=year|no guard"
2023-05-17,0.1658375851,0.170136304,0.1698969462,0.1607535113,0.1715940492,0.1617816042,0,1,"S1|equal six ETFs, no cash,rebalance=year|no guard"
2023-05-18,0.1652203454,0.1685335146,0.1702250762,0.1606330493,0.1710195762,0.1643684382,0,1,"S1|equal six ETFs, no cash,rebalance=year|no guard"
2023-05-19,0.1650737713,0.1683555366,0.1700982096,0.159407265,0.1697157767,0.1673494409,1.110223025e-16,1,"S1|equal six ETFs, no cash,rebalance=year|no guard"
2023-05-22,0.1650480728,0.1692773709,0.1691782992,0.1603174678,0.1703855857,0.1657932036,1.110223025e-16,1,"S1|equal six ETFs, no cash,rebalance=year|no guard"
2023-05-23,0.165209857,0.1696369819,0.1691462321,0.1585554749,0.1712481383,0.1662033157,0,1,"S1|equal six ETFs, no cash,rebalance=year|no guard"
2023-05-24,0.165014233,0.1697984388,0.1688119491,0.1599738344,0.1719086153,0.1644929293,0,1,"S1|equal six ETFs, no cash,rebalance=year|no guard"
2023-05-25,0.1648353484,0.1701507935,0.1680982318,0.1585098989,0.1720157547,0.1663899727,0,1,"S1|equal six ETFs, no cash,rebalance=year|no guard"
2023-05-26,0.1655050819,0.170877313,0.1682139078,0.1570997947,0.1724442056,0.165859697,0,1,"S1|equal six ETFs, no cash,rebalance=year|no guard"
2023-05-29,0.1649920312,0.1702238592,0.168044573,0.1551683607,0.1722239011,0.1693472749,0,1,"S1|equal six ETFs, no cash,rebalance=year|no guard"
2023-05-30,0.1648156632,0.1699623431,0.168012197,0.154714616,0.1723365217,0.170158659,1.110223025e-16,1,"S1|equal six ETFs, no cash,rebalance=year|no guard"
2023-05-31,0.1647282979,0.1707828977,0.167730335,0.1551337519,0.1725471985,0.169077519,1.110223025e-16,1,"S1|equal six ETFs, no cash,rebalance=year|no guard"
2023-06-01,0.1643807781,0.1718011038,0.1668137737,0.1548921586,0.1740580249,0.1680541609,1.110223025e-16,1,"S1|equal six ETFs, no cash,rebalance=year|no guard"
2023-06-02,0.164094024,0.171413766,0.1665240339,0.1549737114,0.1735589876,0.169435477,1.110223025e-16,1,"S1|equal six ETFs, no cash,rebalance=year|no guard"
2023-06-05,0.1643531996,0.1717315344,0.1670226669,0.1530733514,0.1736029206,0.1702163271,2.220446049e-16,1,"S1|equal six ETFs, no cash,rebalance=year|no guard"
2023-06-06,0.1638747738,0.1722079779,0.1669587546,0.1538617544,0.1728692404,0.1702274988,0,1,"S1|equal six ETFs, no cash,rebalance=year|no guard"
2023-06-07,0.164252573,0.1730026186,0.1664653425,0.1530000834,0.1739871733,0.1692922093,0,1,"S1|equal six ETFs, no cash,rebalance=year|no guard"
2023-06-08,0.1646976093,0.1731457207,0.1666783134,0.153161192,0.1742522907,0.1680648739,0,1,"S1|equal six ETFs, no cash,rebalance=year|no guard"
2023-06-09,0.1639578453,0.1726742147,0.1662717427,0.153615707,0.1743579068,0.1691225835,1.110223025e-16,1,"S1|equal six ETFs, no cash,rebalance=year|no guard"
2023-06-12,0.163753422,0.172682467,0.1656337607,0.1530113814,0.1745400179,0.170378951,1.110223025e-16,1,"S1|equal six ETFs, no cash,rebalance=year|no guard"
2023-06-13,0.1634359764,0.1730183092,0.1649130971,0.1518595117,0.1748358406,0.171937265,1.110223025e-16,1,"S1|equal six ETFs, no cash,rebalance=year|no guard"
2023-06-14,0.1635865762,0.1733926986,0.1644799022,0.1507203482,0.1756541229,0.1721663519,-2.220446049e-16,1,"S1|equal six ETFs, no cash,rebalance=year|no guard"
2023-06-15,0.1637274565,0.1739378222,0.1629650498,0.1500503358,0.176696669,0.1726226667,1.110223025e-16,1,"S1|equal six ETFs, no cash,rebalance=year|no guard"
2023-06-16,0.1632362823,0.1740036942,0.163103013,0.1500826354,0.175887043,0.1736873321,1.110223025e-16,1,"S1|equal six ETFs, no cash,rebalance=year|no guard"
2023-06-19,0.1630060921,0.1743525669,0.1624752923,0.1500818247,0.1768590521,0.1732251719,0,1,"S1|equal six ETFs, no cash,rebalance=year|no guard"
2023-06-20,0.1632749628,0.1749040793,0.1625208172,0.1497521064,0.1772717745,0.1722762598,1.110223025e-16,1,"S1|equal six ETFs, no cash,rebalance=year|no guard"
2023-06-21,0.1634771612,0.1744243457,0.1627012745,0.1484836506,0.1784016026,0.1725119654,0,1,"S1|equal six ETFs, no cash,rebalance=year|no guard"
2023-06-22,0.1642548232,0.1734992247,0.1635734535,0.1489585847,0.1780845484,0.1716293655,1.110223025e-16,1,"S1|equal six ETFs, no cash,rebalance=year|no guard"
2023-06-23,0.1641011712,0.1724161175,0.1640624222,0.1494036848,0.1769545557,0.1730620486,2.220446049e-16,1,"S1|equal six ETFs, no cash,rebalance=year|no guard"
2023-06-26,0.163923842,0.1728146255,0.1637296751,0.1498233262,0.177459009,0.172249522,1.110223025e-16,1,"S1|equal six ETFs, no cash,rebalance=year|no guard"
2023-06-27,0.1644679326,0.1728349518,0.165050503,0.1488136212,0.1784112012,0.1704217902,0,1,"S1|equal six ETFs, no cash,rebalance=year|no guard"
2023-06-28,0.1650781525,0.1732829378,0.1651919266,0.1473880545,0.1781622405,0.1708966881,0,1,"S1|equal six ETFs, no cash,rebalance=year|no guard"
2023-06-30,0.1657299571,0.1736430156,0.1652652282,0.1455543081,0.178682842,0.171124649,0,1,"S1|equal six ETFs, no cash,rebalance=year|no guard"
2023-07-03,0.1659425808,0.1726563585,0.1660563058,0.1453139056,0.1780016465,0.1720292028,0,1,"S1|equal six ETFs, no cash,rebalance=year|no guard"
2023-07-04,0.1663382721,0.172124165,0.1667604558,0.146077975,0.176903252,0.1717958801,0,1,"S1|equal six ETFs, no cash,rebalance=year|no guard"
2023-07-05,0.1659364601,0.1733140885,0.1656602969,0.1461132656,0.178035614,0.170940275,1.110223025e-16,1,"S1|equal six ETFs, no cash,rebalance=year|no guard"
2023-07-06,0.1659556752,0.1734612214,0.1654655675,0.1451871222,0.1788129498,0.1711174639,0,1,"S1|equal six ETFs, no cash,rebalance=year|no guard"
2023-07-07,0.1658113098,0.1728089868,0.1649309578,0.1462572977,0.1785809624,0.1716104855,0,1,"S1|equal six ETFs, no cash,rebalance=year|no guard"
2023-07-10,0.1661821226,0.17229481,0.1649033347,0.1466688453,0.1783471696,0.1716037177,-2.220446049e-16,1,"S1|equal six ETFs, no cash,rebalance=year|no guard"
2023-07-11,0.1661634298,0.17279091,0.1640648235,0.1464754525,0.1792319883,0.1712733959,0,1,"S1|equal six ETFs, no cash,rebalance=year|no guard"
2023-07-12,0.1658298396,0.1731712524,0.1634685683,0.1461434644,0.1798298701,0.1715570052,0,1,"S1|equal six ETFs, no cash,rebalance=year|no guard"
2023-07-13,0.1658276364,0.1719492839,0.1631584983,0.1470632249,0.1788080067,0.1731933497,1.110223025e-16,1,"S1|equal six ETFs, no cash,rebalance=year|no guard"
2023-07-14,0.1657607667,0.1721304337,0.1626729488,0.1464264487,0.1785712506,0.1744381514,1.110223025e-16,1,"S1|equal six ETFs, no cash,rebalance=year|no guard"
2023-07-17,0.166407894,0.1718950364,0.1641389603,0.1455557113,0.1784120143,0.1735903838,0,1,"S1|equal six ETFs, no cash,rebalance=year|no guard"
2023-07-18,0.1665711386,0.1710549814,0.1636736391,0.1458589936,0.1785507275,0.1742905198,0,1,"S1|equal six ETFs, no cash,rebalance=year|no guard"
2023-07-19,0.1662389304,0.1707600456,0.1635375145,0.1459635771,0.1780104408,0.1754894916,1.110223025e-16,1,"S1|equal six ETFs, no cash,rebalance=year|no guard"
2023-07-20,0.1671580812,0.1701593498,0.165093308,0.1459123285,0.1782849667,0.1733919658,0,1,"S1|equal six ETFs, no cash,rebalance=year|no guard"
2023-07-21,0.166734358,0.1703612055,0.1660489547,0.1456643445,0.1790806543,0.172110483,1.110223025e-16,1,"S1|equal six ETFs, no cash,rebalance=year|no guard"
2023-07-24,0.1664008614,0.1706781518,0.1658787309,0.1458760586,0.1796162109,0.1715499865,1.110223025e-16,1,"S1|equal six ETFs, no cash,rebalance=year|no guard"
2023-07-25,0.1662012545,0.1712479987,0.1654933255,0.1455601543,0.179383595,0.172113672,0,1,"S1|equal six ETFs, no cash,rebalance=year|no guard"
2023-07-26,0.1661064413,0.1709866837,0.1652095369,0.1454995741,0.1795772655,0.1726204985,2.220446049e-16,1,"S1|equal six ETFs, no cash,rebalance=year|no guard"
2023-07-27,0.1651367445,0.1713184613,0.1640499258,0.1456353577,0.1800649389,0.1737945719,2.220446049e-16,1,"S1|equal six ETFs, no cash,rebalance=year|no guard"
2023-07-28,0.1647385012,0.1729440879,0.1629341414,0.1447362183,0.1805540246,0.1740930266,0,1,"S1|equal six ETFs, no cash,rebalance=year|no guard"
2023-07-31,0.1649719783,0.1730779127,0.162757237,0.1440868766,0.1811386908,0.1739673046,0,1,"S1|equal six ETFs, no cash,rebalance=year|no guard"
2023-08-01,0.1647052456,0.1727197085,0.1624125281,0.1441710136,0.1819980293,0.1739934749,1.110223025e-16,1,"S1|equal six ETFs, no cash,rebalance=year|no guard"
2023-08-02,0.1647812675,0.1724205196,0.1621777841,0.1456371148,0.1814589106,0.1735244034,0,1,"S1|equal six ETFs, no cash,rebalance=year|no guard"
2023-08-03,0.1645807108,0.1722986568,0.1615957416,0.1461040622,0.1821765735,0.1732442552,2.220446049e-16,1,"S1|equal six ETFs, no cash,rebalance=year|no guard"
2023-08-04,0.1646229699,0.1728887749,0.161628525,0.1450208983,0.1827532839,0.1730855479,0,1,"S1|equal six ETFs, no cash,rebalance=year|no guard"
2023-08-07,0.1651904673,0.1730009502,0.1611593744,0.144878912,0.1840732277,0.1716970684,-2.220446049e-16,1,"S1|equal six ETFs, no cash,rebalance=year|no guard"
2023-08-08,0.1650284751,0.1730684958,0.1616225462,0.1450449688,0.183983369,0.1712521452,0,1,"S1|equal six ETFs, no cash,rebalance=year|no guard"
2023-08-09,0.165305307,0.1731902398,0.1614125392,0.1442742877,0.1847911653,0.1710264609,0,1,"S1|equal six ETFs, no cash,rebalance=year|no guard"
2023-08-10,0.1656597711,0.1735604927,0.1615457439,0.1449585134,0.1826452182,0.1716302607,1.110223025e-16,1,"S1|equal six ETFs, no cash,rebalance=year|no guard"
2023-08-11,0.1649636138,0.1732004824,0.1605015527,0.1446868686,0.1853332767,0.1713142059,0,1,"S1|equal six ETFs, no cash,rebalance=year|no guard"
2023-08-14,0.1658688583,0.1718785021,0.1606849581,0.1452902182,0.185885096,0.1703923672,0,1,"S1|equal six ETFs, no cash,rebalance=year|no guard"
2023-08-16,0.1660237853,0.1719762245,0.1600642272,0.1454433084,0.1859604556,0.170531999,2.220446049e-16,1,"S1|equal six ETFs, no cash,rebalance=year|no guard"
2023-08-17,0.1658230196,0.1720360319,0.1602776882,0.1450147079,0.1870017815,0.169846771,0,1,"S1|equal six ETFs, no cash,rebalance=year|no guard"
2023-08-18,0.1659422819,0.1719331082,0.1607436673,0.1453913508,0.1875185091,0.1684710827,0,1,"S1|equal six ETFs, no cash,rebalance=year|no guard"
2023-08-21,0.1655626409,0.1718199124,0.1605557767,0.1445153852,0.1882732038,0.169273081,0,1,"S1|equal six ETFs, no cash,rebalance=year|no guard"
2023-08-22,0.1646443242,0.1724665742,0.1597318569,0.1443975674,0.188811513,0.1699481644,2.220446049e-16,1,"S1|equal six ETFs, no cash,rebalance=year|no guard"
2023-08-23,0.1648295371,0.1721666142,0.1609265209,0.1436665308,0.1896193811,0.1687914159,1.110223025e-16,1,"S1|equal six ETFs, no cash,rebalance=year|no guard"
2023-08-24,0.1639026896,0.1715915591,0.1606372877,0.1438924005,0.1888990974,0.1710769659,0,1,"S1|equal six ETFs, no cash,rebalance=year|no guard"
2023-08-25,0.164391939,0.1715288729,0.1608997312,0.1447461784,0.1893927793,0.1690404991,1.110223025e-16,1,"S1|equal six ETFs, no cash,rebalance=year|no guard"
2023-08-28,0.1639393052,0.1721761665,0.1612706349,0.1438685957,0.1892339091,0.1695113885,0,1,"S1|equal six ETFs, no cash,rebalance=year|no guard"
2023-08-29,0.1635495476,0.1726053141,0.1607357042,0.1438493551,0.1896275311,0.1696325478,0,1,"S1|equal six ETFs, no cash,rebalance=year|no guard"
2023-08-30,0.1630872951,0.1723919902,0.1591068023,0.1442188853,0.1898960067,0.1712990203,0,1,"S1|equal six ETFs, no cash,rebalance=year|no guard"
2023-08-31,0.1627347638,0.1715076486,0.1587648558,0.1444566207,0.1901255572,0.172410554,0,1,"S1|equal six ETFs, no cash,rebalance=year|no guard"
2023-09-01,0.1627633639,0.1718677969,0.158944823,0.1435275495,0.190598021,0.1722984458,2.220446049e-16,1,"S1|equal six ETFs, no cash,rebalance=year|no guard"
2023-09-04,0.1628338898,0.1723721667,0.1585461872,0.1429089061,0.1918149001,0.17152395,-2.220446049e-16,1,"S1|equal six ETFs, no cash,rebalance=year|no guard"
2023-09-05,0.1627166076,0.1723459132,0.1583948037,0.1423860545,0.1932566585,0.1708999625,0,1,"S1|equal six ETFs, no cash,rebalance=year|no guard"
2023-09-06,0.1628922363,0.1731274934,0.1578971806,0.14217619,0.1932602941,0.1706466056,0,1,"S1|equal six ETFs, no cash,rebalance=year|no guard"
2023-09-07,0.1632821925,0.173644592,0.1588188123,0.1414201248,0.1937568692,0.1690774091,0,1,"S1|equal six ETFs, no cash,rebalance=year|no guard"
2023-09-08,0.1633643335,0.17423112,0.1590897051,0.1408779359,0.1950950271,0.1673418784,0,1,"S1|equal six ETFs, no cash,rebalance=year|no guard"
2023-09-11,0.1636762193,0.1744647711,0.1592865161,0.1397458648,0.1954066397,0.167419989,1.110223025e-16,1,"S1|equal six ETFs, no cash,rebalance=year|no guard"
2023-09-12,0.1651235659,0.1723953952,0.1607470725,0.1407094244,0.1915688143,0.1694557277,0,1,"S1|equal six ETFs, no cash,rebalance=year|no guard"
2023-09-13,0.1657852102,0.1727076344,0.1617502313,0.1400889244,0.191617259,0.1680507407,-2.220446049e-16,1,"S1|equal six ETFs, no cash,rebalance=year|no guard"
2023-09-14,0.165180833,0.1731308994,0.1614530544,0.1395152177,0.1925702046,0.1681497908,0,1,"S1|equal six ETFs, no cash,rebalance=year|no guard"
2023-09-15,0.1652337019,0.1725605561,0.1614945206,0.1395761135,0.1926633296,0.1684717782,1.110223025e-16,1,"S1|equal six ETFs, no cash,rebalance=year|no guard"
2023-09-18,0.1651994061,0.1729982176,0.1611943204,0.1408494475,0.1923868459,0.1673717626,-2.220446049e-16,1,"S1|equal six ETFs, no cash,rebalance=year|no guard"
2023-09-20,0.1644155929,0.1725444708,0.1600796313,0.1414936214,0.1931837224,0.1682829612,1.110223025e-16,1,"S1|equal six ETFs, no cash,rebalance=year|no guard"
2023-09-21,0.1645910251,0.1727212466,0.1589400798,0.142614704,0.1935135035,0.167619441,2.220446049e-16,1,"S1|equal six ETFs, no cash,rebalance=year|no guard"
2023-09-22,0.1643939543,0.1730659994,0.1595849458,0.1428404708,0.1939675076,0.1661471222,0,1,"S1|equal six ETFs, no cash,rebalance=year|no guard"
2023-09-25,0.1644282085,0.1725404736,0.159863886,0.1428768239,0.1945153976,0.1657752105,0,1,"S1|equal six ETFs, no cash,rebalance=year|no guard"
2023-09-26,0.1643402398,0.1729450968,0.1595027033,0.1423827376,0.1949805541,0.1658486684,0,1,"S1|equal six ETFs, no cash,rebalance=year|no guard"
2023-09-27,0.1649660459,0.1729578536,0.1594971432,0.1413643613,0.1959198434,0.1652947527,-2.220446049e-16,1,"S1|equal six ETFs, no cash,rebalance=year|no guard"
2023-09-28,0.1649614144,0.1725381708,0.159607531,0.1415867031,0.1954381375,0.1658680432,0,1,"S1|equal six ETFs, no cash,rebalance=year|no guard"
2023-09-29,0.1645381108,0.1728038701,0.159407782,0.140357056,0.1962779532,0.1666152279,0,1,"S1|equal six ETFs, no cash,rebalance=year|no guard"
2023-10-03,0.164276951,0.173238556,0.1591983936,0.1395863876,0.1973123304,0.1663873813,0,1,"S1|equal six ETFs, no cash,rebalance=year|no guard"
2023-10-04,0.1650394461,0.1730569151,0.1594832749,0.1396423987,0.1967800114,0.1659979538,0,1,"S1|equal six ETFs, no cash,rebalance=year|no guard"
2023-10-05,0.1654950156,0.1726977859,0.1599827691,0.1389768739,0.1952792207,0.1675683347,0,1,"S1|equal six ETFs, no cash,rebalance=year|no guard"
2023-10-06,0.1656172842,0.1729369156,0.1599313128,0.1387525596,0.1963589691,0.1664029587,0,1,"S1|equal six ETFs, no cash,rebalance=year|no guard"
2023-10-09,0.1656480582,0.1719402845,0.1593188431,0.1409543916,0.1949079883,0.1672304343,1.110223025e-16,1,"S1|equal six ETFs, no cash,rebalance=year|no guard"
2023-10-10,0.165215432,0.1723327051,0.1592951017,0.1396606392,0.194604004,0.1688921179,0,1,"S1|equal six ETFs, no cash,rebalance=year|no guard"
2023-10-11,0.1655791299,0.1719576212,0.15894591,0.1396065907,0.1953431156,0.1685676326,0,1,"S1|equal six ETFs, no cash,rebalance=year|no guard"
2023-10-12,0.1649770709,0.1719563844,0.1587628868,0.139823603,0.1946850955,0.1697949594,0,1,"S1|equal six ETFs, no cash,rebalance=year|no guard"
2023-10-13,0.165229867,0.1727248729,0.1583527061,0.1406624299,0.1945065037,0.1685236205,2.220446049e-16,1,"S1|equal six ETFs, no cash,rebalance=year|no guard"
2023-10-16,0.1646495896,0.172723044,0.1576717727,0.1424319828,0.1951485864,0.1673750245,0,1,"S1|equal six ETFs, no cash,rebalance=year|no guard"
2023-10-17,0.1646329182,0.1728184853,0.157517616,0.1421635352,0.195403742,0.1674637034,0,1,"S1|equal six ETFs, no cash,rebalance=year|no guard"
2023-10-18,0.1644554293,0.1722584283,0.1568142584,0.1442278479,0.1945965168,0.1676475194,0,1,"S1|equal six ETFs, no cash,rebalance=year|no guard"
2023-10-19,0.1644743891,0.1721620999,0.1567143412,0.1449674927,0.194958931,0.1667227462,0,1,"S1|equal six ETFs, no cash,rebalance=year|no guard"
2023-10-20,0.1641723272,0.1715911539,0.1572809577,0.1475670802,0.1936064762,0.1657820047,0,1,"S1|equal six ETFs, no cash,rebalance=year|no guard"
2023-10-23,0.1649761455,0.1708877386,0.1576561406,0.1496261541,0.1915963474,0.1652574738,0,1,"S1|equal six ETFs, no cash,rebalance=year|no guard"
2023-10-25,0.1639030377,0.1696225675,0.1566574633,0.1494628766,0.1926585363,0.1676955186,0,1,"S1|equal six ETFs, no cash,rebalance=year|no guard"
2023-10-26,0.1635006356,0.1702470098,0.1564492027,0.1522870615,0.1912446758,0.1662714146,0,1,"S1|equal six ETFs, no cash,rebalance=year|no guard"
2023-10-27,0.1637216386,0.1721257303,0.156916023,0.1506134827,0.1917437776,0.1648793478,0,1,"S1|equal six ETFs, no cash,rebalance=year|no guard"
2023-10-30,0.1639407304,0.1719135177,0.1572619892,0.1512424861,0.1915085494,0.1641327273,-2.220446049e-16,1,"S1|equal six ETFs, no cash,rebalance=year|no guard"
2023-10-31,0.1635325091,0.1723148776,0.1567095551,0.151368326,0.1917058932,0.1643688391,0,1,"S1|equal six ETFs, no cash,rebalance=year|no guard"
2023-11-01,0.1630597397,0.1717114282,0.1566128202,0.1507684363,0.1925168694,0.1653307062,0,1,"S1|equal six ETFs, no cash,rebalance=year|no guard"
2023-11-02,0.1626377547,0.1722110102,0.1559626987,0.1494653108,0.1918533017,0.1678699238,0,1,"S1|equal six ETFs, no cash,rebalance=year|no guard"
2023-11-03,0.1625226752,0.1728085999,0.1561104902,0.14847888,0.1921409118,0.1679384429,0,1,"S1|equal six ETFs, no cash,rebalance=year|no guard"
2023-11-06,0.16266865,0.1728617251,0.1558348409,0.1471748114,0.191951182,0.1695087905,0,1,"S1|equal six ETFs, no cash,rebalance=year|no guard"
2023-11-07,0.1624273769,0.1741014113,0.156007928,0.1458966193,0.1925435483,0.1690231162,0,1,"S1|equal six ETFs, no cash,rebalance=year|no guard"
2023-11-08,0.1619908901,0.1742260839,0.1551786787,0.1453874148,0.1935696037,0.1696473288,0,1,"S1|equal six ETFs, no cash,rebalance=year|no guard"
2023-11-09,0.161833516,0.1737837752,0.1554985758,0.1443023059,0.1944464495,0.1701353776,0,1,"S1|equal six ETFs, no cash,rebalance=year|no guard"
2023-11-10,0.1615963829,0.1740187012,0.1554954608,0.1451781046,0.1950272046,0.168684146,0,1,"S1|equal six ETFs, no cash,rebalance=year|no guard"
2023-11-12,0.1615818004,0.1741834757,0.1553614555,0.1442625866,0.1951181491,0.1694925327,0,1,"S1|equal six ETFs, no cash,rebalance=year|no guard"
2023-11-13,0.1610690731,0.174320676,0.1550173702,0.1434251618,0.195366018,0.1708017008,-2.220446049e-16,1,"S1|equal six ETFs, no cash,rebalance=year|no guard"
2023-11-15,0.1609592545,0.1739196186,0.1544317023,0.1432036464,0.1948284463,0.1726573319,0,1,"S1|equal six ETFs, no cash,rebalance=year|no guard"
2023-11-16,0.1613611275,0.1739723252,0.1538770908,0.1425838852,0.1963709915,0.1718345798,0,1,"S1|equal six ETFs, no cash,rebalance=year|no guard"
2023-11-17,0.1609872228,0.1748528916,0.1518174467,0.1436466881,0.1965712532,0.1721244978,1.110223025e-16,1,"S1|equal six ETFs, no cash,rebalance=year|no guard"
2023-11-20,0.160689023,0.1746277599,0.151900863,0.1432679344,0.1968561434,0.1726582763,1.110223025e-16,1,"S1|equal six ETFs, no cash,rebalance=year|no guard"
2023-11-21,0.1607397719,0.1739000266,0.1515755636,0.1432381155,0.1962444531,0.1743020694,0,1,"S1|equal six ETFs, no cash,rebalance=year|no guard"
2023-11-22,0.1610481384,0.1734039387,0.1510572936,0.1442226635,0.1968032304,0.1734647355,0,1,"S1|equal six ETFs, no cash,rebalance=year|no guard"
2023-11-23,0.1608887088,0.1737263333,0.1511149563,0.1436459097,0.1965374304,0.1740866616,1.110223025e-16,1,"S1|equal six ETFs, no cash,rebalance=year|no guard"
2023-11-24,0.1607233961,0.1733875972,0.1515146855,0.1439095973,0.1966271735,0.1738375503,0,1,"S1|equal six ETFs, no cash,rebalance=year|no guard"
2023-11-28,0.1609576668,0.1742496659,0.1514363318,0.1438229414,0.1969527156,0.1725806784,1.110223025e-16,1,"S1|equal six ETFs, no cash,rebalance=year|no guard"
2023-11-29,0.1608279273,0.1740702232,0.1521640358,0.1443868215,0.1966204349,0.1719305573,1.110223025e-16,1,"S1|equal six ETFs, no cash,rebalance=year|no guard"
2023-11-30,0.1605900396,0.1753383583,0.1516141381,0.1441393932,0.1974262124,0.1708918585,0,1,"S1|equal six ETFs, no cash,rebalance=year|no guard"
2023-12-01,0.1607717114,0.176075864,0.1515765626,0.1436350212,0.1984082763,0.1695325645,0,1,"S1|equal six ETFs, no cash,rebalance=year|no guard"
2023-12-04,0.1611059999,0.1764260296,0.1545220688,0.1422781386,0.198926692,0.1667410712,0,1,"S1|equal six ETFs, no cash,rebalance=year|no guard"
2023-12-05,0.1620591769,0.1780385441,0.1558457822,0.1398892952,0.1990156393,0.1651515624,0,1,"S1|equal six ETFs, no cash,rebalance=year|no guard"
2023-12-06,0.1623265841,0.1795337117,0.1549201906,0.1392961556,0.1980804024,0.1658429556,0,1,"S1|equal six ETFs, no cash,rebalance=year|no guard"
2023-12-07,0.16190418,0.1805087216,0.154726825,0.1395261044,0.1989164815,0.1644176875,0,1,"S1|equal six ETFs, no cash,rebalance=year|no guard"
2023-12-08,0.162030371,0.1790505435,0.1558228288,0.139078539,0.1982806949,0.1657370229,0,1,"S1|equal six ETFs, no cash,rebalance=year|no guard"
2023-12-11,0.1620319338,0.1806970612,0.1559261309,0.1364094002,0.199084378,0.1658510958,0,1,"S1|equal six ETFs, no cash,rebalance=year|no guard"
2023-12-12,0.1617199617,0.1798723623,0.1553374272,0.1361895082,0.1988293606,0.1680513801,0,1,"S1|equal six ETFs, no cash,rebalance=year|no guard"
2023-12-13,0.1612839956,0.1804040769,0.1549751155,0.135658377,0.1992144087,0.1684640263,0,1,"S1|equal six ETFs, no cash,rebalance=year|no guard"
2023-12-14,0.160895355,0.1799943886,0.1546540009,0.136190923,0.1995682906,0.168697042,0,1,"S1|equal six ETFs, no cash,rebalance=year|no guard"
2023-12-15,0.1619882803,0.1795054597,0.1549767451,0.1356176905,0.2003679019,0.1675439225,0,1,"S1|equal six ETFs, no cash,rebalance=year|no guard"
2023-12-18,0.1620077657,0.1810492732,0.1544806676,0.1348406282,0.1994113157,0.1682103495,0,1,"S1|equal six ETFs, no cash,rebalance=year|no guard"
2023-12-19,0.1620384404,0.18114679,0.1545642504,0.1350488839,0.1986032064,0.168598429,0,1,"S1|equal six ETFs, no cash,rebalance=year|no guard"
2023-12-20,0.1619559111,0.1787788035,0.1550635309,0.1376016982,0.1956708684,0.1709291879,2.220446049e-16,1,"S1|equal six ETFs, no cash,rebalance=year|no guard"
2023-12-21,0.1618310545,0.1795900767,0.1556270941,0.1367820306,0.1967444614,0.1694252826,0,1,"S1|equal six ETFs, no cash,rebalance=year|no guard"
2023-12-22,0.1619321646,0.1805548714,0.1536643713,0.1371956154,0.1973065898,0.1693463875,0,1,"S1|equal six ETFs, no cash,rebalance=year|no guard"
2023-12-26,0.1619750159,0.1811828036,0.1535355423,0.1370960566,0.1968212553,0.1693893264,1.110223025e-16,1,"S1|equal six ETFs, no cash,rebalance=year|no guard"
2023-12-27,0.162201033,0.1807903207,0.1541728706,0.1365825184,0.1970446355,0.1692086218,1.110223025e-16,1,"S1|equal six ETFs, no cash,rebalance=year|no guard"
2023-12-28,0.1623051004,0.1807677777,0.1541465212,0.1364911761,0.197558248,0.1687311766,0,1,"S1|equal six ETFs, no cash,rebalance=year|no guard"
2023-12-29,0.1618094866,0.1820787583,0.1536440447,0.1359080705,0.1986248615,0.1679347783,0,1,"S1|equal six ETFs, no cash,rebalance=year|no guard"
2024-01-01,0.1619142049,0.1819125117,0.1530528955,0.1358021104,0.1992614329,0.1680568447,0,1,"S1|equal six ETFs, no cash,rebalance=year|no guard"
2024-01-02,0.1618154569,0.1822017653,0.1522786948,0.1370512124,0.1989571297,0.1676957409,0,1,"S1|equal six ETFs, no cash,rebalance=year|no guard"
2024-01-03,0.1608411279,0.1838419689,0.1519944357,0.1358501514,0.2012458664,0.1662264498,1.110223025e-16,1,"S1|equal six ETFs, no cash,rebalance=year|no guard"
2024-01-04,0.1611227781,0.1846338764,0.1528454964,0.1345947112,0.2023762073,0.1644269306,0,1,"S1|equal six ETFs, no cash,rebalance=year|no guard"
2024-01-05,0.1616914361,0.1847531137,0.1529195466,0.1344423512,0.2035640631,0.1626294893,0,1,"S1|equal six ETFs, no cash,rebalance=year|no guard"
2024-01-08,0.1615489966,0.1846459888,0.1519920611,0.1347487204,0.2031573496,0.1639068834,-2.220446049e-16,1,"S1|equal six ETFs, no cash,rebalance=year|no guard"
2024-01-09,0.1610526103,0.1847706392,0.1507445571,0.1347101131,0.202650305,0.1660717754,0,1,"S1|equal six ETFs, no cash,rebalance=year|no guard"
2024-01-10,0.1613380884,0.1846017846,0.1509696154,0.1341415141,0.2022570149,0.1666919826,0,1,"S1|equal six ETFs, no cash,rebalance=year|no guard"
2024-01-11,0.1608054995,0.1857283181,0.1503801852,0.1334351133,0.2027033243,0.1669475595,-2.220446049e-16,1,"S1|equal six ETFs, no cash,rebalance=year|no guard"
2024-01-12,0.1621281361,0.1852540379,0.1506941545,0.1333183068,0.2028743791,0.1657309855,0,1,"S1|equal six ETFs, no cash,rebalance=year|no guard"
2024-01-15,0.1627339054,0.18459447,0.1511257554,0.1331837656,0.2031940782,0.1651680254,0,1,"S1|equal six ETFs, no cash,rebalance=year|no guard"
2024-01-16,0.1626151259,0.1848762608,0.1512774251,0.1330391204,0.2030195358,0.1651725319,0,1,"S1|equal six ETFs, no cash,rebalance=year|no guard"
2024-01-17,0.1614162781,0.1854362518,0.1472376046,0.1337854439,0.205307683,0.1668167385,0,1,"S1|equal six ETFs, no cash,rebalance=year|no guard"
2024-01-18,0.161551586,0.1854341751,0.1466592414,0.1339287856,0.2043627886,0.1680634233,0,1,"S1|equal six ETFs, no cash,rebalance=year|no guard"
2024-01-19,0.1612168176,0.1863602624,0.1452115002,0.1336197945,0.2047563096,0.1688353157,0,1,"S1|equal six ETFs, no cash,rebalance=year|no guard"
2024-01-20,0.1603931883,0.1857311766,0.1458446131,0.1332214367,0.205513936,0.1692956493,0,1,"S1|equal six ETFs, no cash,rebalance=year|no guard"
2024-01-23,0.1599710806,0.1835376017,0.1446409889,0.1350545192,0.2033356766,0.1734601331,2.220446049e-16,1,"S1|equal six ETFs, no cash,rebalance=year|no guard"
2024-01-24,0.1600859158,0.1847719487,0.1434712837,0.1338996624,0.2039058747,0.1738653146,-2.220446049e-16,1,"S1|equal six ETFs, no cash,rebalance=year|no guard"
2024-01-25,0.1594597309,0.1858588154,0.142760595,0.1335385052,0.2039677296,0.1744146239,0,1,"S1|equal six ETFs, no cash,rebalance=year|no guard"
2024-01-29,0.1606337126,0.1860778029,0.1435624744,0.1329636693,0.2042105004,0.1725518404,0,1,"S1|equal six ETFs, no cash,rebalance=year|no guard"
2024-01-30,0.1597926041,0.1859771664,0.1435528936,0.1337366407,0.2028945139,0.1740461813,1.110223025e-16,1,"S1|equal six ETFs, no cash,rebalance=year|no guard"
2024-01-31,0.1601123699,0.186154323,0.1443572633,0.1333662282,0.2055998356,0.1704099801,0,1,"S1|equal six ETFs, no cash,rebalance=year|no guard"
2024-02-01,0.1600172134,0.1869254009,0.1448779756,0.1336897664,0.2050371569,0.1694524866,0,1,"S1|equal six ETFs, no cash,rebalance=year|no guard"
2024-02-02,0.1599214721,0.1874053776,0.1437107198,0.1332048992,0.2046676424,0.1710898889,1.110223025e-16,1,"S1|equal six ETFs, no cash,rebalance=year|no guard"
2024-02-05,0.1598748897,0.1873423781,0.1434201677,0.1322558602,0.2053119787,0.1717947255,0,1,"S1|equal six ETFs, no cash,rebalance=year|no guard"
2024-02-06,0.1601539435,0.1888414517,0.1425432788,0.1314184358,0.2061828682,0.1708600221,0,1,"S1|equal six ETFs, no cash,rebalance=year|no guard"
2024-02-07,0.1596223963,0.1910186079,0.1422087123,0.1314655895,0.2061941908,0.1694905032,0,1,"S1|equal six ETFs, no cash,rebalance=year|no guard"
2024-02-08,0.158435869,0.1915893701,0.1400427364,0.1312167591,0.207330863,0.1713844025,1.110223025e-16,1,"S1|equal six ETFs, no cash,rebalance=year|no guard"
2024-02-09,0.1586434603,0.1912322064,0.1416552997,0.1311158468,0.2053209673,0.1720322195,0,1,"S1|equal six ETFs, no cash,rebalance=year|no guard"
2024-02-12,0.1593537733,0.189778922,0.1409544691,0.1318569577,0.2026840263,0.1753718517,1.110223025e-16,1,"S1|equal six ETFs, no cash,rebalance=year|no guard"
2024-02-13,0.1597718648,0.1904813408,0.142416486,0.1315548704,0.2025399146,0.1732355234,0,1,"S1|equal six ETFs, no cash,rebalance=year|no guard"
2024-02-14,0.1598411936,0.192476951,0.1428355202,0.1293264711,0.2036809664,0.1718388977,1.110223025e-16,1,"S1|equal six ETFs, no cash,rebalance=year|no guard"
2024-02-15,0.1594602994,0.1929319195,0.1430317501,0.1285688858,0.2041004931,0.1719066521,0,1,"S1|equal six ETFs, no cash,rebalance=year|no guard"
2024-02-16,0.1594231539,0.1933923238,0.1427523108,0.1283110584,0.2044354621,0.171685691,2.220446049e-16,1,"S1|equal six ETFs, no cash,rebalance=year|no guard"
2024-02-19,0.1595384094,0.1931515642,0.1425291988,0.1285618717,0.2041734773,0.1720454786,1.110223025e-16,1,"S1|equal six ETFs, no cash,rebalance=year|no guard"
2024-02-20,0.1599544715,0.1936241255,0.1443926724,0.128528166,0.2044306331,0.1690699315,0,1,"S1|equal six ETFs, no cash,rebalance=year|no guard"
2024-02-21,0.1597803151,0.1934476121,0.144874356,0.1293745366,0.2033499477,0.1691732325,0,1,"S1|equal six ETFs, no cash,rebalance=year|no guard"
2024-02-22,0.1598328561,0.1940797343,0.1437448553,0.1286012778,0.2032655574,0.1704757191,-2.220446049e-16,1,"S1|equal six ETFs, no cash,rebalance=year|no guard"
2024-02-23,0.1595003982,0.1942547483,0.1432582472,0.1277041487,0.2039339322,0.1713485254,-2.220446049e-16,1,"S1|equal six ETFs, no cash,rebalance=year|no guard"
2024-02-26,0.159228922,0.1947558684,0.1424115639,0.1285723026,0.2036857353,0.1713456078,0,1,"S1|equal six ETFs, no cash,rebalance=year|no guard"
2024-02-27,0.1595451167,0.1943823698,0.1424753361,0.1286920483,0.203139306,0.1717658231,0,1,"S1|equal six ETFs, no cash,rebalance=year|no guard"
2024-02-28,0.1595602013,0.1938543633,0.1422903848,0.1295230285,0.2024437151,0.172328307,0,1,"S1|equal six ETFs, no cash,rebalance=year|no guard"
2024-02-29,0.1592811507,0.1953795917,0.1425204301,0.1296429645,0.2017053559,0.171470507,2.220446049e-16,1,"S1|equal six ETFs, no cash,rebalance=year|no guard"
2024-03-01,0.1597259828,0.1945164748,0.1438840777,0.1284003304,0.2017934006,0.1716797337,-2.220446049e-16,1,"S1|equal six ETFs, no cash,rebalance=year|no guard"
2024-03-02,0.1591967057,0.1946066508,0.1432327702,0.1293305127,0.2014814734,0.1721518872,0,1,"S1|equal six ETFs, no cash,rebalance=year|no guard"
2024-03-04,0.1590069446,0.1942595991,0.1432896117,0.1296995385,0.2013174676,0.1724268385,0,1,"S1|equal six ETFs, no cash,rebalance=year|no guard"
2024-03-05,0.1586280873,0.1946470659,0.1436285273,0.131403054,0.2007374718,0.1709557937,0,1,"S1|equal six ETFs, no cash,rebalance=year|no guard"
2024-03-06,0.1596380582,0.1943224102,0.144899656,0.1317997222,0.1994791076,0.1698610458,0,1,"S1|equal six ETFs, no cash,rebalance=year|no guard"
2024-03-07,0.1588692506,0.1952182387,0.1437240829,0.1328641171,0.1992802138,0.1700440969,-2.220446049e-16,1,"S1|equal six ETFs, no cash,rebalance=year|no guard"
2024-03-11,0.1582242027,0.1952656506,0.1426288689,0.1343442436,0.199220355,0.1703166791,1.110223025e-16,1,"S1|equal six ETFs, no cash,rebalance=year|no guard"
2024-03-12,0.1594150904,0.1930475019,0.1435322239,0.1352026242,0.1976640622,0.1711384975,0,1,"S1|equal six ETFs, no cash,rebalance=year|no guard"
2024-03-13,0.1600373678,0.1902654386,0.1450024142,0.1366388656,0.1937654586,0.1742904552,0,1,"S1|equal six ETFs, no cash,rebalance=year|no guard"
2024-03-14,0.1598107214,0.192898838,0.1434626618,0.1364151148,0.1945013087,0.1729113553,0,1,"S1|equal six ETFs, no cash,rebalance=year|no guard"
2024-03-15,0.1595858142,0.19226267,0.1433813838,0.1368414468,0.1950640223,0.1728646629,-2.220446049e-16,1,"S1|equal six ETFs, no cash,rebalance=year|no guard"
2024-03-18,0.1597442512,0.1935096981,0.1434299487,0.1363113522,0.1943702633,0.1726344865,2.220446049e-16,1,"S1|equal six ETFs, no cash,rebalance=year|no guard"
2024-03-19,0.1594430476,0.1914527586,0.1439659344,0.1376669162,0.1932727315,0.1741986117,0,1,"S1|equal six ETFs, no cash,rebalance=year|no guard"
2024-03-20,0.1592123051,0.1919589794,0.1435989428,0.1377510103,0.1932059167,0.1742728458,-2.220446049e-16,1,"S1|equal six ETFs, no cash,rebalance=year|no guard"
2024-03-21,0.1580964969,0.192713092,0.1423039735,0.1378165299,0.1941772661,0.1748926417,0,1,"S1|equal six ETFs, no cash,rebalance=year|no guard"
2024-03-22,0.1581242447,0.1929976773,0.1424182593,0.1356975504,0.1954693463,0.175292922,0,1,"S1|equal six ETFs, no cash,rebalance=year|no guard"
2024-03-26,0.156974361,0.1941709523,0.1413533099,0.1359844544,0.1960352856,0.1754816369,0,1,"S1|equal six ETFs, no cash,rebalance=year|no guard"
2024-03-27,0.1575195889,0.1947399733,0.1417819032,0.1356120464,0.1953539348,0.1749925535,0,1,"S1|equal six ETFs, no cash,rebalance=year|no guard"
2024-03-28,0.1577763241,0.1955000882,0.1418253477,0.1356676817,0.1955002053,0.1737303531,2.220446049e-16,1,"S1|equal six ETFs, no cash,rebalance=year|no guard"
2024-04-01,0.1666666667,0.1666666667,0.1666666667,0.1666666667,0.1666666667,0.1666666667,-2.220446049e-16,1,"S1|equal six ETFs, no cash,rebalance=year|no guard"
2024-04-02,0.1665729422,0.1680243338,0.1660008716,0.1671770735,0.167987074,0.1642377049,0,1,"S1|equal six ETFs, no cash,rebalance=year|no guard"
2024-04-03,0.1663640125,0.1683733125,0.1660826245,0.1673779277,0.1685496901,0.1632524326,0,1,"S1|equal six ETFs, no cash,rebalance=year|no guard"
2024-04-04,0.1661286711,0.1669188046,0.1669018855,0.1678749894,0.1682281357,0.1639475137,0,1,"S1|equal six ETFs, no cash,rebalance=year|no guard"
2024-04-05,0.1657553092,0.1677773795,0.1679853592,0.1671939078,0.1691754641,0.1621125802,0,1,"S1|equal six ETFs, no cash,rebalance=year|no guard"
2024-04-08,0.1657259344,0.1676759522,0.1670772787,0.1693498926,0.1680931333,0.1620778087,1.110223025e-16,1,"S1|equal six ETFs, no cash,rebalance=year|no guard"
2024-04-09,0.1657130764,0.1672068961,0.1679027832,0.1702997732,0.1673630967,0.1615143743,0,1,"S1|equal six ETFs, no cash,rebalance=year|no guard"
2024-04-10,0.1653969546,0.1678252906,0.1676215998,0.1696099612,0.1680890795,0.1614571144,0,1,"S1|equal six ETFs, no cash,rebalance=year|no guard"
2024-04-12,0.1640067191,0.1668073489,0.1664149053,0.1731467051,0.1672677335,0.1623565882,0,1,"S1|equal six ETFs, no cash,rebalance=year|no guard"
2024-04-15,0.1643877686,0.1664638145,0.1658152451,0.1735130751,0.1667884756,0.163031621,2.220446049e-16,1,"S1|equal six ETFs, no cash,rebalance=year|no guard"
2024-04-16,0.1638723644,0.1669553811,0.1654393206,0.1757948268,0.1670844295,0.1608536776,0,1,"S1|equal six ETFs, no cash,rebalance=year|no guard"
2024-04-18,0.1637102066,0.1675631434,0.1648387662,0.1769582887,0.1671694934,0.1597601017,-2.220446049e-16,1,"S1|equal six ETFs, no cash,rebalance=year|no guard"
2024-04-19,0.1649118146,0.1676262461,0.1665918933,0.1779031158,0.1656751426,0.1572917877,2.220446049e-16,1,"S1|equal six ETFs, no cash,rebalance=year|no guard"
2024-04-22,0.1652398464,0.1687636508,0.1671268189,0.175552288,0.1668139408,0.156503455,0,1,"S1|equal six ETFs, no cash,rebalance=year|no guard"
2024-04-23,0.1656874541,0.1692748813,0.1670054863,0.1714261562,0.1704548259,0.1561511962,0,1,"S1|equal six ETFs, no cash,rebalance=year|no guard"
2024-04-24,0.1649420112,0.1696603967,0.1668339456,0.1719312156,0.1690040313,0.1576283996,1.110223025e-16,1,"S1|equal six ETFs, no cash,rebalance=year|no guard"
2024-04-25,0.1653663504,0.1701182863,0.1674093139,0.1718208408,0.1693559627,0.155929246,1.110223025e-16,1,"S1|equal six ETFs, no cash,rebalance=year|no guard"
2024-04-26,0.1639866271,0.1706015042,0.1657127693,0.1722767385,0.1693525149,0.158069846,0,1,"S1|equal six ETFs, no cash,rebalance=year|no guard"
2024-04-29,0.1642957775,0.1699330671,0.168652842,0.1710369345,0.1689964071,0.1570849717,1.110223025e-16,1,"S1|equal six ETFs, no cash,rebalance=year|no guard"
2024-04-30,0.1639359199,0.1712824056,0.1685059502,0.1698522494,0.1695454778,0.1568779971,-2.220446049e-16,1,"S1|equal six ETFs, no cash,rebalance=year|no guard"
2024-05-02,0.1642071261,0.1735692775,0.1679015017,0.1695206288,0.169765383,0.1550360829,0,1,"S1|equal six ETFs, no cash,rebalance=year|no guard"
2024-05-03,0.1632556334,0.1739538035,0.1674681768,0.1689209958,0.1699810629,0.1564203277,1.110223025e-16,1,"S1|equal six ETFs, no cash,rebalance=year|no guard"
2024-05-06,0.1632427946,0.1719550708,0.1673547627,0.1698374303,0.1692889857,0.1583209558,-2.220446049e-16,1,"S1|equal six ETFs, no cash,rebalance=year|no guard"
2024-05-07,0.1636194583,0.1705467873,0.1667702763,0.1709845878,0.1677076279,0.1603712624,1.110223025e-16,1,"S1|equal six ETFs, no cash,rebalance=year|no guard"
2024-05-08,0.163432038,0.1721832073,0.1656901286,0.1701925714,0.1682456987,0.1602563561,2.220446049e-16,1,"S1|equal six ETFs, no cash,rebalance=year|no guard"
2024-05-09,0.1625111787,0.1705838194,0.1655422173,0.1716127676,0.1685714618,0.1611785553,0,1,"S1|equal six ETFs, no cash,rebalance=year|no guard"
2024-05-10,0.1622019543,0.1707592223,0.1645846972,0.1744780873,0.1664776367,0.1614984023,1.110223025e-16,1,"S1|equal six ETFs, no cash,rebalance=year|no guard"
2024-05-13,0.1622766413,0.1717150221,0.165636889,0.1722541218,0.1671185192,0.1609988067,-2.220446049e-16,1,"S1|equal six ETFs, no cash,rebalance=year|no guard"
2024-05-14,0.1624834679,0.1733641757,0.165112194,0.1715717233,0.1680729256,0.1593955136,1.110223025e-16,1,"S1|equal six ETFs, no cash,rebalance=year|no guard"
2024-05-15,0.1614949078,0.1733674364,0.1636507492,0.1721096374,0.1687704526,0.1606068165,0,1,"S1|equal six ETFs, no cash,rebalance=year|no guard"
2024-05-16,0.1614403136,0.1733378206,0.1632306877,0.1716341349,0.1686628378,0.1616942054,0,1,"S1|equal six ETFs, no cash,rebalance=year|no guard"
2024-05-17,0.1612001838,0.1751942321,0.162998862,0.1708895615,0.1695206355,0.1601965251,0,1,"S1|equal six ETFs, no cash,rebalance=year|no guard"
2024-05-18,0.1605360932,0.1756900965,0.1623430479,0.1725180347,0.1689736186,0.1599391091,0,1,"S1|equal six ETFs, no cash,rebalance=year|no guard"
2024-05-21,0.1604660479,0.1766553884,0.1616858073,0.1712553803,0.1698404222,0.1600969539,0,1,"S1|equal six ETFs, no cash,rebalance=year|no guard"
2024-05-22,0.1607080424,0.1769088073,0.1608159683,0.1712254908,0.1701031767,0.1602385145,0,1,"S1|equal six ETFs, no cash,rebalance=year|no guard"
2024-05-23,0.1624051456,0.176966373,0.162956461,0.1674784608,0.1696989206,0.160494639,0,1,"S1|equal six ETFs, no cash,rebalance=year|no guard"
2024-05-24,0.1630140613,0.178049295,0.163978529,0.1656653524,0.1699959921,0.1592967702,0,1,"S1|equal six ETFs, no cash,rebalance=year|no guard"
2024-05-27,0.1623948543,0.1776336515,0.1643019793,0.1655029795,0.1705854901,0.1595810453,1.110223025e-16,1,"S1|equal six ETFs, no cash,rebalance=year|no guard"
2024-05-28,0.1624599835,0.1765832783,0.1645962056,0.1662344259,0.1698163238,0.1603097829,0,1,"S1|equal six ETFs, no cash,rebalance=year|no guard"
2024-05-29,0.1621254118,0.1762890763,0.1635649998,0.1673137181,0.1699919912,0.1607148027,0,1,"S1|equal six ETFs, no cash,rebalance=year|no guard"
2024-05-30,0.1617942654,0.1759934813,0.1649943523,0.1670540773,0.1689213048,0.1612425189,0,1,"S1|equal six ETFs, no cash,rebalance=year|no guard"
2024-05-31,0.1615130576,0.1752204563,0.1653345155,0.1677377609,0.1702338033,0.1599604064,0,1,"S1|equal six ETFs, no cash,rebalance=year|no guard"
2024-06-03,0.1626209709,0.1788646081,0.1684426106,0.1624384961,0.1707493196,0.1568839947,-2.220446049e-16,1,"S1|equal six ETFs, no cash,rebalance=year|no guard"
2024-06-04,0.1606398371,0.179676217,0.1650904877,0.1652847673,0.1715372682,0.1577714227,1.110223025e-16,1,"S1|equal six ETFs, no cash,rebalance=year|no guard"
2024-06-05,0.162682207,0.1745288018,0.1663557476,0.1671706006,0.1684973965,0.1607652466,0,1,"S1|equal six ETFs, no cash,rebalance=year|no guard"
2024-06-06,0.1612795574,0.1753300987,0.1642926331,0.166717729,0.1697900166,0.1625899652,0,1,"S1|equal six ETFs, no cash,rebalance=year|no guard"
2024-06-07,0.163164294,0.1760083395,0.1644741901,0.1641481124,0.1705930854,0.1616119786,1.110223025e-16,1,"S1|equal six ETFs, no cash,rebalance=year|no guard"
2024-06-10,0.1631264239,0.177812419,0.1646320033,0.1618316968,0.1711719678,0.1614254892,0,1,"S1|equal six ETFs, no cash,rebalance=year|no guard"
2024-06-11,0.1632521101,0.1771957478,0.1640790292,0.1621967008,0.1720860665,0.1611903455,-2.220446049e-16,1,"S1|equal six ETFs, no cash,rebalance=year|no guard"
2024-06-12,0.1625932356,0.1773341441,0.1637699023,0.1616281347,0.1728519773,0.1618226061,0,1,"S1|equal six ETFs, no cash,rebalance=year|no guard"
2024-06-13,0.1621479094,0.1777178101,0.1627025815,0.1606219529,0.1731105089,0.1636992372,0,1,"S1|equal six ETFs, no cash,rebalance=year|no guard"
2024-06-14,0.1615007621,0.179251846,0.1623523384,0.1597924423,0.1739580492,0.1631445621,2.220446049e-16,1,"S1|equal six ETFs, no cash,rebalance=year|no guard"
2024-06-18,0.1610689975,0.1791970893,0.1627128729,0.1581032203,0.1739448317,0.1649729884,-2.220446049e-16,1,"S1|equal six ETFs, no cash,rebalance=year|no guard"
2024-06-19,0.1607947125,0.1774342615,0.1656037791,0.1589375106,0.1720987639,0.1651309724,0,1,"S1|equal six ETFs, no cash,rebalance=year|no guard"
2024-06-20,0.1601905717,0.1767163317,0.1660762112,0.1589681695,0.1728612846,0.1651874313,0,1,"S1|equal six ETFs, no cash,rebalance=year|no guard"
2024-06-21,0.1600720389,0.1759324501,0.1659760554,0.1606737823,0.1733254119,0.1640202614,0,1,"S1|equal six ETFs, no cash,rebalance=year|no guard"
2024-06-24,0.1606809837,0.1770818417,0.1662521066,0.1584199386,0.1737226103,0.1638425191,0,1,"S1|equal six ETFs, no cash,rebalance=year|no guard"
2024-06-25,0.1615222413,0.1762000141,0.1686954063,0.1584223489,0.1727700104,0.1623899791,0,1,"S1|equal six ETFs, no cash,rebalance=year|no guard"
2024-06-26,0.1620571553,0.1756835312,0.1690761423,0.1573406194,0.1719475316,0.1638950202,2.220446049e-16,1,"S1|equal six ETFs, no cash,rebalance=year|no guard"
2024-06-27,0.1630135701,0.1754337778,0.1687442785,0.1567551906,0.172257739,0.163795444,1.110223025e-16,1,"S1|equal six ETFs, no cash,rebalance=year|no guard"
2024-06-28,0.1629744513,0.1754938123,0.1674623654,0.1572108605,0.1728324419,0.1640260687,0,1,"S1|equal six ETFs, no cash,rebalance=year|no guard"
2024-07-01,0.1629375932,0.1764876972,0.1675590706,0.1564881785,0.1739133057,0.1626141548,0,1,"S1|equal six ETFs, no cash,rebalance=year|no guard"
2024-07-02,0.1634921223,0.1765894211,0.166553804,0.1570343447,0.1729322252,0.1633980828,0,1,"S1|equal six ETFs, no cash,rebalance=year|no guard"
2024-07-03,0.1630115482,0.1764459739,0.1675334981,0.1567759693,0.172692139,0.1635408714,0,1,"S1|equal six ETFs, no cash,rebalance=year|no guard"
2024-07-04,0.162491111,0.1766105279,0.1669824503,0.1566644869,0.1731223531,0.1641290708,0,1,"S1|equal six ETFs, no cash,rebalance=year|no guard"
2024-07-05,0.1620106582,0.1775048847,0.1653305458,0.1566854887,0.1741215915,0.1643468312,0,1,"S1|equal six ETFs, no cash,rebalance=year|no guard"
2024-07-08,0.1616136479,0.177561085,0.1646428878,0.1568143677,0.1735826774,0.1657853342,-2.220446049e-16,1,"S1|equal six ETFs, no cash,rebalance=year|no guard"
2024-07-09,0.1619537561,0.1777676198,0.1645471984,0.1558859,0.1735152542,0.1663302714,-2.220446049e-16,1,"S1|equal six ETFs, no cash,rebalance=year|no guard"
2024-07-10,0.1619134301,0.1780680915,0.1637398115,0.1565186387,0.1731690636,0.1665909646,0,1,"S1|equal six ETFs, no cash,rebalance=year|no guard"
2024-07-11,0.1613530613,0.1780030465,0.1634737627,0.1564299379,0.1733306731,0.1674095185,0,1,"S1|equal six ETFs, no cash,rebalance=year|no guard"
2024-07-12,0.1624899006,0.177785304,0.1637094952,0.1573767332,0.1739587567,0.1646798104,0,1,"S1|equal six ETFs, no cash,rebalance=year|no guard"
2024-07-15,0.1621084887,0.1779960012,0.1634027857,0.1564219411,0.1742609326,0.1658098507,0,1,"S1|equal six ETFs, no cash,rebalance=year|no guard"
2024-07-16,0.1624277868,0.1771365529,0.1632518498,0.1577804774,0.174508441,0.164894892,2.220446049e-16,1,"S1|equal six ETFs, no cash,rebalance=year|no guard"
2024-07-18,0.1640098968,0.1756181299,0.1640043135,0.1593746109,0.1730840954,0.1639089535,-2.220446049e-16,1,"S1|equal six ETFs, no cash,rebalance=year|no guard"
2024-07-19,0.1652301433,0.1742249012,0.1654623775,0.1605781629,0.1725932144,0.1619112008,1.110223025e-16,1,"S1|equal six ETFs, no cash,rebalance=year|no guard"
2024-07-22,0.1643442213,0.1758271652,0.1651196519,0.1593624867,0.1740063641,0.1613401108,0,1,"S1|equal six ETFs, no cash,rebalance=year|no guard"
2024-07-23,0.1657382894,0.1758767678,0.16487093,0.1556352151,0.174549722,0.1633290757,0,1,"S1|equal six ETFs, no cash,rebalance=year|no guard"
2024-07-24,0.1657028206,0.1766909174,0.1641304085,0.154578714,0.1767346971,0.1621624425,0,1,"S1|equal six ETFs, no cash,rebalance=year|no guard"
2024-07-25,0.166753604,0.1783696722,0.1637222869,0.1549415478,0.1773394753,0.1588734137,1.110223025e-16,1,"S1|equal six ETFs, no cash,rebalance=year|no guard"
2024-07-26,0.1673252872,0.1795062827,0.1628990309,0.1547404021,0.1782511133,0.1572778838,0,1,"S1|equal six ETFs, no cash,rebalance=year|no guard"
2024-07-29,0.1673925578,0.1809185264,0.1631007905,0.1513403465,0.1797090375,0.1575387413,-2.220446049e-16,1,"S1|equal six ETFs, no cash,rebalance=year|no guard"
2024-07-30,0.1677547538,0.1808289693,0.1636395837,0.1503300958,0.1807472361,0.1566993613,0,1,"S1|equal six ETFs, no cash,rebalance=year|no guard"
2024-07-31,0.1675472709,0.1813880909,0.1632460591,0.1506399488,0.1812787237,0.1558999067,0,1,"S1|equal six ETFs, no cash,rebalance=year|no guard"
2024-08-01,0.1676161027,0.1803984284,0.1629142614,0.1514385605,0.1794843581,0.1581482889,-2.220446049e-16,1,"S1|equal six ETFs, no cash,rebalance=year|no guard"
2024-08-02,0.1674789373,0.1799927224,0.1638300044,0.1542630752,0.1799557566,0.1544795042,0,1,"S1|equal six ETFs, no cash,rebalance=year|no guard"
2024-08-05,0.168455733,0.1815758536,0.1646522508,0.1562643692,0.179134879,0.1499169144,-2.220446049e-16,1,"S1|equal six ETFs, no cash,rebalance=year|no guard"
2024-08-06,0.1684995079,0.1786814346,0.1644993305,0.157075654,0.1783350968,0.1529089762,0,1,"S1|equal six ETFs, no cash,rebalance=year|no guard"
2024-08-07,0.1683879523,0.180994131,0.1634245313,0.1538406997,0.179944524,0.1534081617,1.110223025e-16,1,"S1|equal six ETFs, no cash,rebalance=year|no guard"
2024-08-08,0.1679838656,0.1810524122,0.1640112409,0.1541881437,0.1805439638,0.1522203738,0,1,"S1|equal six ETFs, no cash,rebalance=year|no guard"
2024-08-09,0.1674734875,0.180876655,0.1631050607,0.153936324,0.1795251526,0.1550833201,0,1,"S1|equal six ETFs, no cash,rebalance=year|no guard"
2024-08-12,0.16720938,0.1800873797,0.1635429527,0.1547222452,0.1798396672,0.1545983752,0,1,"S1|equal six ETFs, no cash,rebalance=year|no guard"
2024-08-13,0.1668417584,0.1790316672,0.1622872352,0.1564829299,0.1794258277,0.1559305815,0,1,"S1|equal six ETFs, no cash,rebalance=year|no guard"
2024-08-14,0.166430344,0.1789434067,0.1616538057,0.1567536062,0.1780144932,0.1582043441,0,1,"S1|equal six ETFs, no cash,rebalance=year|no guard"
2024-08-16,0.166628171,0.1788316244,0.1613365528,0.1540152852,0.1787932928,0.1603950739,0,1,"S1|equal six ETFs, no cash,rebalance=year|no guard"
2024-08-19,0.1663712402,0.1792882156,0.1603702535,0.1556749511,0.1792110905,0.159084249,-2.220446049e-16,1,"S1|equal six ETFs, no cash,rebalance=year|no guard"
2024-08-20,0.1659154725,0.1795923988,0.1605409876,0.1553052537,0.1783857973,0.1602600901,0,1,"S1|equal six ETFs, no cash,rebalance=year|no guard"
2024-08-21,0.1660867438,0.1801535399,0.1602147942,0.1545599535,0.1791556051,0.1598293634,0,1,"S1|equal six ETFs, no cash,rebalance=year|no guard"
2024-08-22,0.1655173833,0.1805392688,0.1601406922,0.1540078861,0.1800475939,0.1597471758,0,1,"S1|equal six ETFs, no cash,rebalance=year|no guard"
2024-08-23,0.166216022,0.1806972961,0.1606331113,0.1540793804,0.1796419438,0.1587322463,0,1,"S1|equal six ETFs, no cash,rebalance=year|no guard"
2024-08-26,0.1664920263,0.1803794597,0.1602243733,0.154569195,0.1794612582,0.1588736874,0,1,"S1|equal six ETFs, no cash,rebalance=year|no guard"
2024-08-27,0.1664681178,0.1805933527,0.1607188409,0.1539128966,0.1802649972,0.1580417948,1.110223025e-16,1,"S1|equal six ETFs, no cash,rebalance=year|no guard"
2024-08-28,0.1664917372,0.1808543713,0.1602735364,0.1538022892,0.1801070352,0.1584710307,0,1,"S1|equal six ETFs, no cash,rebalance=year|no guard"
2024-08-29,0.1675547773,0.1808976409,0.1606135796,0.1541942019,0.1797373939,0.1570024065,1.110223025e-16,1,"S1|equal six ETFs, no cash,rebalance=year|no guard"
2024-08-30,0.1674185518,0.180744795,0.1605146569,0.1537598001,0.1800427,0.1575194963,0,1,"S1|equal six ETFs, no cash,rebalance=year|no guard"
2024-09-02,0.1677692412,0.1810409535,0.1608468098,0.1528392515,0.1798420931,0.1576616508,0,1,"S1|equal six ETFs, no cash,rebalance=year|no guard"
2024-09-03,0.1677687733,0.1811126063,0.1614082085,0.1529711192,0.1800661655,0.1566731272,0,1,"S1|equal six ETFs, no cash,rebalance=year|no guard"
2024-09-04,0.1683326472,0.1824472538,0.1619284746,0.152375543,0.1807260536,0.1541900277,0,1,"S1|equal six ETFs, no cash,rebalance=year|no guard"
2024-09-05,0.1675189773,0.1815889228,0.1616953285,0.1539290015,0.181051751,0.1542160189,1.110223025e-16,1,"S1|equal six ETFs, no cash,rebalance=year|no guard"
2024-09-06,0.1675334722,0.1816195819,0.1605967867,0.155670834,0.1803568197,0.1542225056,0,1,"S1|equal six ETFs, no cash,rebalance=year|no guard"
2024-09-09,0.1677811999,0.1820438722,0.1621364394,0.1546939349,0.1797652628,0.1535792908,0,1,"S1|equal six ETFs, no cash,rebalance=year|no guard"
2024-09-10,0.1679365677,0.181682577,0.162073943,0.1545061795,0.1812144743,0.1525862585,1.110223025e-16,1,"S1|equal six ETFs, no cash,rebalance=year|no guard"
2024-09-11,0.1672078411,0.180997982,0.1612261819,0.1556531995,0.1811057283,0.1538090672,1.110223025e-16,1,"S1|equal six ETFs, no cash,rebalance=year|no guard"
2024-09-12,0.1681705202,0.1809060615,0.1615598805,0.1534333421,0.1810547636,0.1548754321,0,1,"S1|equal six ETFs, no cash,rebalance=year|no guard"
2024-09-13,0.1675242956,0.1800688818,0.1611172319,0.1551776894,0.181095398,0.1550165033,1.110223025e-16,1,"S1|equal six ETFs, no cash,rebalance=year|no guard"
2024-09-16,0.1670929877,0.1795545532,0.1613813403,0.1557636773,0.1812240623,0.1549833792,1.110223025e-16,1,"S1|equal six ETFs, no cash,rebalance=year|no guard"
2024-09-17,0.167603572,0.1794529257,0.1616961387,0.1551949339,0.1810716462,0.1549807836,0,1,"S1|equal six ETFs, no cash,rebalance=year|no guard"
2024-09-18,0.1676164855,0.1791330447,0.1636513859,0.15527063,0.1802977929,0.1540306611,0,1,"S1|equal six ETFs, no cash,rebalance=year|no guard"
2024-09-19,0.1672565993,0.1772053014,0.1640237732,0.1559102244,0.1792753572,0.1563287445,-2.220446049e-16,1,"S1|equal six ETFs, no cash,rebalance=year|no guard"
2024-09-20,0.1677341214,0.1779031223,0.1646040566,0.1552202307,0.179548188,0.1549902811,0,1,"S1|equal six ETFs, no cash,rebalance=year|no guard"
2024-09-23,0.1676402635,0.1790145479,0.1649843141,0.1548693283,0.1793273694,0.1541641768,0,1,"S1|equal six ETFs, no cash,rebalance=year|no guard"
2024-09-24,0.16744787,0.179030975,0.164172188,0.1551563541,0.1795045669,0.154688046,0,1,"S1|equal six ETFs, no cash,rebalance=year|no guard"
2024-09-25,0.1678107473,0.1783983343,0.1641509403,0.1567185524,0.1785498909,0.1543715347,0,1,"S1|equal six ETFs, no cash,rebalance=year|no guard"
2024-09-26,0.1676216141,0.1784124503,0.163974342,0.156027142,0.1773734171,0.1565910345,0,1,"S1|equal six ETFs, no cash,rebalance=year|no guard"
2024-09-27,0.1680067493,0.1798543898,0.1628722987,0.1554505206,0.1774430322,0.1563730094,0,1,"S1|equal six ETFs, no cash,rebalance=year|no guard"
2024-09-30,0.1671633791,0.1802447178,0.161566071,0.1567683266,0.1779498339,0.1563076716,1.110223025e-16,1,"S1|equal six ETFs, no cash,rebalance=year|no guard"
2024-10-01,0.1668148547,0.1799879273,0.1611663919,0.156599677,0.1780598419,0.1573713073,0,1,"S1|equal six ETFs, no cash,rebalance=year|no guard"
2024-10-03,0.1658309389,0.1793055235,0.1604340149,0.1589985363,0.1781017082,0.1573292783,0,1,"S1|equal six ETFs, no cash,rebalance=year|no guard"
2024-10-04,0.1650600265,0.179102272,0.1597282802,0.1604464667,0.1774504174,0.1582125372,0,1,"S1|equal six ETFs, no cash,rebalance=year|no guard"
2024-10-07,0.1659956195,0.1773843825,0.1593407279,0.1621405784,0.1748836024,0.1602550893,0,1,"S1|equal six ETFs, no cash,rebalance=year|no guard"
2024-10-08,0.1656131506,0.1785763592,0.1592047084,0.1600541015,0.1771966286,0.1593550516,1.110223025e-16,1,"S1|equal six ETFs, no cash,rebalance=year|no guard"
2024-10-09,0.164681633,0.1799439065,0.1585957099,0.1584609277,0.1780363497,0.1602814732,1.110223025e-16,1,"S1|equal six ETFs, no cash,rebalance=year|no guard"
2024-10-10,0.1646646593,0.1792393428,0.1596224959,0.1580904762,0.1773395654,0.1610434604,-2.220446049e-16,1,"S1|equal six ETFs, no cash,rebalance=year|no guard"
2024-10-11,0.1641097378,0.1791964477,0.1585932146,0.1592136111,0.1783151191,0.1605718696,0,1,"S1|equal six ETFs, no cash,rebalance=year|no guard"
2024-10-14,0.1643856693,0.1788272708,0.1592932565,0.1594188676,0.1775401259,0.1605348099,0,1,"S1|equal six ETFs, no cash,rebalance=year|no guard"
2024-10-15,0.1636930126,0.179205778,0.1594305596,0.1589759933,0.1776859555,0.161008701,-2.220446049e-16,1,"S1|equal six ETFs, no cash,rebalance=year|no guard"
2024-10-16,0.1631645136,0.1791166046,0.1593600047,0.1606655654,0.1777070553,0.1599862563,0,1,"S1|equal six ETFs, no cash,rebalance=year|no guard"
2024-10-17,0.1635525988,0.1767126785,0.1593474761,0.1621012193,0.1762837536,0.1620022737,-2.220446049e-16,1,"S1|equal six ETFs, no cash,rebalance=year|no guard"
2024-10-18,0.1631211962,0.1763982548,0.1606744303,0.1630352755,0.1759861987,0.1607846446,0,1,"S1|equal six ETFs, no cash,rebalance=year|no guard"
2024-10-21,0.1632808786,0.174789213,0.1609165487,0.1653537186,0.1742470227,0.1614126183,1.110223025e-16,1,"S1|equal six ETFs, no cash,rebalance=year|no guard"
2024-10-22,0.1635068103,0.1718168414,0.1610674635,0.1671912894,0.1732994155,0.1631181798,0,1,"S1|equal six ETFs, no cash,rebalance=year|no guard"
2024-10-23,0.1632626211,0.1713486829,0.1609201869,0.1683229088,0.1721999004,0.1639456998,1.110223025e-16,1,"S1|equal six ETFs, no cash,rebalance=year|no guard"
2024-10-24,0.163121166,0.170984678,0.1621236787,0.167730629,0.1722073623,0.163832486,1.110223025e-16,1,"S1|equal six ETFs, no cash,rebalance=year|no guard"
2024-10-25,0.163595137,0.1704198632,0.1615753857,0.1684657605,0.1700690277,0.1658748259,0,1,"S1|equal six ETFs, no cash,rebalance=year|no guard"
2024-10-28,0.1633624203,0.1699816635,0.1617861321,0.1681480328,0.17044096,0.1662807912,0,1,"S1|equal six ETFs, no cash,rebalance=year|no guard"
2024-10-29,0.1631481167,0.1698909559,0.163616256,0.1682527369,0.1705154468,0.1645764876,0,1,"S1|equal six ETFs, no cash,rebalance=year|no guard"
2024-10-30,0.1619829144,0.1689196485,0.1621928461,0.169752469,0.1711505918,0.1660015303,1.110223025e-16,1,"S1|equal six ETFs, no cash,rebalance=year|no guard"
2024-10-31,0.1620572574,0.1691939308,0.1622595553,0.1705293733,0.171335567,0.1646243161,0,1,"S1|equal six ETFs, no cash,rebalance=year|no guard"
2024-11-01,0.1623849767,0.1705960417,0.1617990053,0.1690277338,0.172578508,0.1636137344,0,1,"S1|equal six ETFs, no cash,rebalance=year|no guard"
2024-11-04,0.1622094115,0.1694456664,0.1626210745,0.1697549979,0.1721059333,0.1638629164,0,1,"S1|equal six ETFs, no cash,rebalance=year|no guard"
2024-11-05,0.1627136054,0.169414396,0.1644435517,0.168619172,0.1714478636,0.1633614113,1.110223025e-16,1,"S1|equal six ETFs, no cash,rebalance=year|no guard"
2024-11-06,0.1618635056,0.1704250915,0.1626190354,0.1649473903,0.1724919868,0.1676529905,-2.220446049e-16,1,"S1|equal six ETFs, no cash,rebalance=year|no guard"
2024-11-07,0.1613369048,0.1700534002,0.1625636512,0.1631645398,0.1732602031,0.1696213008,0,1,"S1|equal six ETFs, no cash,rebalance=year|no guard"
2024-11-08,0.1611506152,0.1682615352,0.1616582632,0.165082133,0.1711596811,0.1726877722,0,1,"S1|equal six ETFs, no cash,rebalance=year|no guard"
2024-11-11,0.161252356,0.1689630206,0.1625815598,0.1639327747,0.1700039898,0.1732662992,0,1,"S1|equal six ETFs, no cash,rebalance=year|no guard"
2024-11-12,0.1618306336,0.167537161,0.1630122742,0.1619793788,0.1705144631,0.1751260893,0,1,"S1|equal six ETFs, no cash,rebalance=year|no guard"
2024-11-13,0.1618139898,0.1665892348,0.1617361717,0.165208374,0.1684614867,0.176190743,0,1,"S1|equal six ETFs, no cash,rebalance=year|no guard"
2024-11-14,0.1618780559,0.1674502463,0.1621825449,0.1615016495,0.1694209249,0.1775665786,0,1,"S1|equal six ETFs, no cash,rebalance=year|no guard"
2024-11-18,0.1617757844,0.1678894962,0.1629958606,0.1649875799,0.1700234749,0.172327804,0,1,"S1|equal six ETFs, no cash,rebalance=year|no guard"
2024-11-19,0.1612049648,0.1678084215,0.162761975,0.1661688519,0.1705250392,0.1715307475,0,1,"S1|equal six ETFs, no cash,rebalance=year|no guard"
2024-11-21,0.1602782863,0.1655845428,0.1620688496,0.1685580318,0.1704953529,0.1730149367,0,1,"S1|equal six ETFs, no cash,rebalance=year|no guard"
2024-11-22,0.1613255695,0.1661804074,0.162355068,0.1680734625,0.1697256213,0.1723398712,0,1,"S1|equal six ETFs, no cash,rebalance=year|no guard"
2024-11-25,0.1619688241,0.1677434538,0.1637485559,0.1639127672,0.1710142435,0.1716121555,2.220446049e-16,1,"S1|equal six ETFs, no cash,rebalance=year|no guard"
2024-11-26,0.1624481634,0.1687398224,0.1643792241,0.1619835212,0.1714692844,0.1709799845,1.110223025e-16,1,"S1|equal six ETFs, no cash,rebalance=year|no guard"
2024-11-27,0.1617959852,0.1689746546,0.1634852336,0.1621844252,0.1709178938,0.1726418077,-2.220446049e-16,1,"S1|equal six ETFs, no cash,rebalance=year|no guard"
2024-11-28,0.1599185544,0.1696144882,0.1629066076,0.1628174762,0.1714560165,0.1732868571,2.220446049e-16,1,"S1|equal six ETFs, no cash,rebalance=year|no guard"
2024-11-29,0.1605678435,0.1700001998,0.1624264298,0.1627788825,0.1712020193,0.1730246251,0,1,"S1|equal six ETFs, no cash,rebalance=year|no guard"
2024-12-02,0.1606619771,0.17027324,0.1618474867,0.1606387593,0.1719621428,0.174616394,0,1,"S1|equal six ETFs, no cash,rebalance=year|no guard"
2024-12-03,0.1599168801,0.1702616665,0.1618970383,0.1597045086,0.1717511753,0.1764687313,0,1,"S1|equal six ETFs, no cash,rebalance=year|no guard"
2024-12-04,0.1595693023,0.1703717835,0.1630229811,0.1589709518,0.1727906723,0.175274309,-2.220446049e-16,1,"S1|equal six ETFs, no cash,rebalance=year|no guard"
2024-12-05,0.1603703239,0.1701415599,0.1632281176,0.1584508317,0.1732254556,0.1745837113,0,1,"S1|equal six ETFs, no cash,rebalance=year|no guard"
2024-12-06,0.1603074984,0.1712057507,0.163544583,0.1582386225,0.1739019895,0.1728015559,2.220446049e-16,1,"S1|equal six ETFs, no cash,rebalance=year|no guard"
2024-12-09,0.1593566859,0.1702096301,0.1623243456,0.1584625885,0.1741903081,0.1754564418,1.110223025e-16,1,"S1|equal six ETFs, no cash,rebalance=year|no guard"
2024-12-10,0.157901809,0.1698344748,0.1615793721,0.1582084558,0.173244849,0.1792310393,0,1,"S1|equal six ETFs, no cash,rebalance=year|no guard"
2024-12-11,0.1572841904,0.1693251509,0.1600518452,0.1583241095,0.1729843449,0.1820303591,0,1,"S1|equal six ETFs, no cash,rebalance=year|no guard"
2024-12-12,0.1558478691,0.1678982447,0.158747447,0.1584650847,0.1711907317,0.1878506229,0,1,"S1|equal six ETFs, no cash,rebalance=year|no guard"
2024-12-13,0.1568759565,0.1675399798,0.1595847587,0.1562384584,0.1710030218,0.1887578248,0,1,"S1|equal six ETFs, no cash,rebalance=year|no guard"
2024-12-16,0.155415316,0.1668155609,0.1584086023,0.1548087607,0.1710153704,0.1935363897,0,1,"S1|equal six ETFs, no cash,rebalance=year|no guard"
2024-12-17,0.154002642,0.1650970542,0.1568745235,0.1543238094,0.1705206617,0.1991813092,1.110223025e-16,1,"S1|equal six ETFs, no cash,rebalance=year|no guard"
2024-12-18,0.1541623717,0.1639978352,0.156144571,0.1560299119,0.1705985735,0.1990667367,0,1,"S1|equal six ETFs, no cash,rebalance=year|no guard"
2024-12-19,0.1543303194,0.1641292736,0.1559390083,0.1560760277,0.1718163203,0.1977090508,1.110223025e-16,1,"S1|equal six ETFs, no cash,rebalance=year|no guard"
2024-12-20,0.1552729498,0.1633396406,0.156724154,0.1583991543,0.1709388473,0.1953252539,0,1,"S1|equal six ETFs, no cash,rebalance=year|no guard"
2024-12-23,0.1541850252,0.1616159486,0.1566716011,0.1580007477,0.1690526779,0.2004739994,0,1,"S1|equal six ETFs, no cash,rebalance=year|no guard"
2024-12-24,0.1537779646,0.1613889383,0.1561505896,0.156969675,0.1686040215,0.203108811,0,1,"S1|equal six ETFs, no cash,rebalance=year|no guard"
2024-12-26,0.1533627915,0.1612833025,0.155212969,0.1572259497,0.1681723126,0.2047426747,-2.220446049e-16,1,"S1|equal six ETFs, no cash,rebalance=year|no guard"
2024-12-27,0.1533292173,0.1596837732,0.1552896405,0.1572810626,0.1674070256,0.2070092806,-2.220446049e-16,1,"S1|equal six ETFs, no cash,rebalance=year|no guard"
2024-12-30,0.1529558701,0.1592990138,0.155109454,0.1575798619,0.1687712287,0.2062845716,0,1,"S1|equal six ETFs, no cash,rebalance=year|no guard"
2024-12-31,0.1532510897,0.15943428,0.1549913397,0.1580462484,0.1690330355,0.2052440067,0,1,"S1|equal six ETFs, no cash,rebalance=year|no guard"
2025-01-01,0.1536563827,0.1597423465,0.1553763842,0.158436121,0.1695917001,0.2031970655,-2.220446049e-16,1,"S1|equal six ETFs, no cash,rebalance=year|no guard"
2025-01-02,0.1552949918,0.1608749347,0.1555382303,0.15818669,0.1695734516,0.2005317017,-2.220446049e-16,1,"S1|equal six ETFs, no cash,rebalance=year|no guard"
2025-01-03,0.1544926495,0.1611658596,0.1541212989,0.1593883958,0.1700933868,0.2007384094,0,1,"S1|equal six ETFs, no cash,rebalance=year|no guard"
2025-01-06,0.1556470414,0.1597313653,0.1540182367,0.1618134205,0.1692876626,0.1995022736,1.110223025e-16,1,"S1|equal six ETFs, no cash,rebalance=year|no guard"
2025-01-07,0.1557651638,0.1591180524,0.1546054263,0.1619209288,0.1703520951,0.1982383335,-2.220446049e-16,1,"S1|equal six ETFs, no cash,rebalance=year|no guard"
2025-01-08,0.1564327219,0.1586262153,0.1542334669,0.1636417109,0.1694379161,0.197627969,0,1,"S1|equal six ETFs, no cash,rebalance=year|no guard"
2025-01-09,0.1563057011,0.1575785092,0.1542148742,0.1653164065,0.1689968413,0.1975876677,0,1,"S1|equal six ETFs, no cash,rebalance=year|no guard"
2025-01-10,0.1574846294,0.1563434118,0.1536737137,0.16850865,0.1674727447,0.1965168504,0,1,"S1|equal six ETFs, no cash,rebalance=year|no guard"
2025-01-13,0.1590789058,0.1539885823,0.1555430318,0.1735692282,0.1648690619,0.19295119,0,1,"S1|equal six ETFs, no cash,rebalance=year|no guard"
2025-01-14,0.1576269348,0.1552316371,0.1557210914,0.1708711499,0.1665853462,0.1939638406,2.220446049e-16,1,"S1|equal six ETFs, no cash,rebalance=year|no guard"
2025-01-15,0.1576068252,0.1563188039,0.1555186017,0.1712071855,0.1672548716,0.1920937121,0,1,"S1|equal six ETFs, no cash,rebalance=year|no guard"
2025-01-16,0.1558609769,0.1559588548,0.1544599995,0.1694099153,0.1661304701,0.1981797833,-2.220446049e-16,1,"S1|equal six ETFs, no cash,rebalance=year|no guard"
2025-01-17,0.1547420835,0.1568731821,0.1515682984,0.1689863084,0.166108258,0.2017218696,0,1,"S1|equal six ETFs, no cash,rebalance=year|no guard"
2025-01-20,0.1538497027,0.1552261015,0.1523751998,0.1668590056,0.165619288,0.2060707023,0,1,"S1|equal six ETFs, no cash,rebalance=year|no guard"
2025-01-21,0.1543112379,0.1535950793,0.1526954992,0.1704695124,0.1646754645,0.2042532067,1.110223025e-16,1,"S1|equal six ETFs, no cash,rebalance=year|no guard"
2025-01-22,0.1540744476,0.1514395716,0.1524465583,0.171286991,0.1613035388,0.2094488926,0,1,"S1|equal six ETFs, no cash,rebalance=year|no guard"
2025-01-23,0.1531743003,0.1516797811,0.150805075,0.1693759448,0.1630725762,0.2118923227,1.110223025e-16,1,"S1|equal six ETFs, no cash,rebalance=year|no guard"
2025-01-24,0.1527160222,0.1496128004,0.1501511602,0.1705883763,0.1609940895,0.2159375513,1.110223025e-16,1,"S1|equal six ETFs, no cash,rebalance=year|no guard"
2025-01-27,0.1545748577,0.1486542943,0.1528306814,0.1741471575,0.1600857411,0.2097072678,0,1,"S1|equal six ETFs, no cash,rebalance=year|no guard"
2025-01-28,0.1565955216,0.15005004,0.1561177329,0.1750144344,0.1600728783,0.2021493928,0,1,"S1|equal six ETFs, no cash,rebalance=year|no guard"
2025-01-29,0.1550789939,0.1503324079,0.154203704,0.1726621354,0.1622227278,0.2055000309,0,1,"S1|equal six ETFs, no cash,rebalance=year|no guard"
2025-01-30,0.1556499731,0.1505392,0.1549848981,0.1733239091,0.1608705351,0.2046314846,0,1,"S1|equal six ETFs, no cash,rebalance=year|no guard"
2025-01-31,0.1557511947,0.1517164527,0.1540341795,0.1740983804,0.1623186499,0.2020811428,-2.220446049e-16,1,"S1|equal six ETFs, no cash,rebalance=year|no guard"
2025-02-01,0.1553612315,0.1522471196,0.1541736308,0.1739109638,0.1618570514,0.202450003,0,1,"S1|equal six ETFs, no cash,rebalance=year|no guard"
2025-02-03,0.1559155665,0.1511290945,0.1543241108,0.1767230248,0.1613683036,0.2005398997,-2.220446049e-16,1,"S1|equal six ETFs, no cash,rebalance=year|no guard"
2025-02-04,0.1558485206,0.1514115165,0.1545929183,0.1753620979,0.1614997925,0.2012851542,0,1,"S1|equal six ETFs, no cash,rebalance=year|no guard"
2025-02-05,0.1545888468,0.1509920395,0.1538867449,0.1775090688,0.1611835421,0.2018397578,1.110223025e-16,1,"S1|equal six ETFs, no cash,rebalance=year|no guard"
2025-02-06,0.1546529456,0.1504128341,0.1547323681,0.1778252545,0.1600325041,0.2023440936,0,1,"S1|equal six ETFs, no cash,rebalance=year|no guard"
2025-02-07,0.1543826446,0.1505760079,0.1540883178,0.1782057478,0.1601562013,0.2025910806,0,1,"S1|equal six ETFs, no cash,rebalance=year|no guard"
2025-02-10,0.1542830543,0.1487772319,0.1547149852,0.1818056136,0.1579020173,0.2025170977,1.110223025e-16,1,"S1|equal six ETFs, no cash,rebalance=year|no guard"
2025-02-11,0.1543452129,0.1469406347,0.1550204578,0.1828635843,0.1551523187,0.2056777916,-2.220446049e-16,1,"S1|equal six ETFs, no cash,rebalance=year|no guard"
2025-02-12,0.1545857661,0.1474130149,0.1556600617,0.1820480728,0.1552491364,0.2050439481,0,1,"S1|equal six ETFs, no cash,rebalance=year|no guard"
2025-02-13,0.1544250495,0.1475861876,0.1550657497,0.1829474595,0.1554610594,0.2045144942,1.110223025e-16,1,"S1|equal six ETFs, no cash,rebalance=year|no guard"
2025-02-14,0.1550534713,0.1455948404,0.155775335,0.1854629311,0.1531287138,0.2049847085,0,1,"S1|equal six ETFs, no cash,rebalance=year|no guard"
2025-02-17,0.1552812438,0.1452928342,0.1563983901,0.1841547779,0.1538045505,0.2050682035,1.110223025e-16,1,"S1|equal six ETFs, no cash,rebalance=year|no guard"
2025-02-18,0.155317875,0.14576139,0.1558726598,0.1852411143,0.1537146476,0.2040923133,0,1,"S1|equal six ETFs, no cash,rebalance=year|no guard"
2025-02-19,0.153838817,0.1459453451,0.1561138724,0.1853527714,0.1545306294,0.2042185647,0,1,"S1|equal six ETFs, no cash,rebalance=year|no guard"
2025-02-20,0.1536699875,0.1479091601,0.1551464852,0.1845671259,0.15629353,0.2024137114,1.110223025e-16,1,"S1|equal six ETFs, no cash,rebalance=year|no guard"
2025-02-21,0.1541105187,0.1477276257,0.1550589157,0.1850000854,0.1554264646,0.20267639,0,1,"S1|equal six ETFs, no cash,rebalance=year|no guard"
2025-02-24,0.1540623789,0.1475171406,0.1557371097,0.1882359956,0.1557070771,0.1987402982,0,1,"S1|equal six ETFs, no cash,rebalance=year|no guard"
2025-02-25,0.154960454,0.1473058893,0.1563648637,0.1898145401,0.1556966546,0.1958575983,0,1,"S1|equal six ETFs, no cash,rebalance=year|no guard"
2025-02-27,0.1553599437,0.1464627508,0.1573548463,0.188169538,0.1543118362,0.198341085,2.220446049e-16,1,"S1|equal six ETFs, no cash,rebalance=year|no guard"
2025-02-28,0.156615424,0.1460258793,0.1601991401,0.1907356588,0.1547108432,0.1917130546,0,1,"S1|equal six ETFs, no cash,rebalance=year|no guard"
2025-03-03,0.1557134199,0.1464168291,0.1585569742,0.1906375363,0.1539184194,0.1947568211,1.110223025e-16,1,"S1|equal six ETFs, no cash,rebalance=year|no guard"
2025-03-04,0.1554783813,0.147496683,0.1592962015,0.1936143931,0.1540936575,0.1900206836,0,1,"S1|equal six ETFs, no cash,rebalance=year|no guard"
2025-03-05,0.1557400402,0.1496945689,0.15821625,0.1912282481,0.1562403373,0.1888805555,0,1,"S1|equal six ETFs, no cash,rebalance=year|no guard"
2025-03-06,0.1561306345,0.1505457416,0.1579185836,0.1889871204,0.1558430482,0.1905748717,2.220446049e-16,1,"S1|equal six ETFs, no cash,rebalance=year|no guard"
2025-03-07,0.1562563226,0.1499467067,0.1575878954,0.1899135388,0.1554716403,0.1908238962,0,1,"S1|equal six ETFs, no cash,rebalance=year|no guard"
2025-03-10,0.1565452421,0.1485915813,0.1573857139,0.1909826268,0.1539762723,0.1925185636,0,1,"S1|equal six ETFs, no cash,rebalance=year|no guard"
2025-03-11,0.1575022969,0.1501035648,0.1571240627,0.1916593643,0.156202174,0.1874085373,0,1,"S1|equal six ETFs, no cash,rebalance=year|no guard"
2025-03-12,0.1577205235,0.1504766122,0.1580863757,0.1928240336,0.1551980864,0.1856943685,0,1,"S1|equal six ETFs, no cash,rebalance=year|no guard"
2025-03-13,0.1579977328,0.1503086101,0.1587931599,0.1950252165,0.1547534039,0.1831218767,0,1,"S1|equal six ETFs, no cash,rebalance=year|no guard"
2025-03-17,0.1570248529,0.1497706643,0.1579682603,0.1948449188,0.1542735939,0.1861177097,0,1,"S1|equal six ETFs, no cash,rebalance=year|no guard"
2025-03-18,0.1576016392,0.1521199836,0.1595863512,0.1943510984,0.1558341389,0.1805067887,0,1,"S1|equal six ETFs, no cash,rebalance=year|no guard"
2025-03-19,0.1559752708,0.1524624762,0.1587783408,0.1919964069,0.157863013,0.1829244924,-2.220446049e-16,1,"S1|equal six ETFs, no cash,rebalance=year|no guard"
2025-03-20,0.1560094184,0.1518590592,0.1579996027,0.1907126685,0.1571901982,0.186229053,0,1,"S1|equal six ETFs, no cash,rebalance=year|no guard"
2025-03-21,0.1566534815,0.1525581163,0.1590436777,0.1888229398,0.1589972339,0.1839245508,0,1,"S1|equal six ETFs, no cash,rebalance=year|no guard"
2025-03-24,0.1573267719,0.1529724438,0.1609607727,0.1845059166,0.1595046422,0.1847294528,0,1,"S1|equal six ETFs, no cash,rebalance=year|no guard"
2025-03-25,0.1578831521,0.1513909788,0.1613499617,0.1858610672,0.1584962586,0.1850185816,0,1,"S1|equal six ETFs, no cash,rebalance=year|no guard"
2025-03-26,0.1578916446,0.1518097325,0.1612189456,0.187215997,0.1584071868,0.1834564935,0,1,"S1|equal six ETFs, no cash,rebalance=year|no guard"
2025-03-27,0.1577022824,0.1530424233,0.1617425664,0.1878025866,0.1583455937,0.1813645476,0,1,"S1|equal six ETFs, no cash,rebalance=year|no guard"
2025-03-28,0.1577791021,0.1524734329,0.1622361239,0.1891836412,0.1584788543,0.1798488456,0,1,"S1|equal six ETFs, no cash,rebalance=year|no guard"
2025-04-01,0.1666666667,0.1666666667,0.1666666667,0.1666666667,0.1666666667,0.1666666667,-2.220446049e-16,1,"S1|equal six ETFs, no cash,rebalance=year|no guard"
2025-04-02,0.1667315972,0.1673339906,0.1668803027,0.1643750068,0.1680178738,0.166661229,0,1,"S1|equal six ETFs, no cash,rebalance=year|no guard"
2025-04-03,0.1662496618,0.1676483993,0.1679201916,0.1638216944,0.1686225574,0.1657374955,0,1,"S1|equal six ETFs, no cash,rebalance=year|no guard"
2025-04-04,0.1671068381,0.1663306719,0.1709939463,0.1648884564,0.1669751076,0.1637049797,0,1,"S1|equal six ETFs, no cash,rebalance=year|no guard"
2025-04-07,0.1676040552,0.1673849961,0.1718573415,0.1680891794,0.1667308085,0.1583336194,-2.220446049e-16,1,"S1|equal six ETFs, no cash,rebalance=year|no guard"
2025-04-08,0.168259971,0.1685031329,0.1717708679,0.1659919046,0.1680019893,0.1574721343,1.110223025e-16,1,"S1|equal six ETFs, no cash,rebalance=year|no guard"
2025-04-09,0.1673564079,0.1683974656,0.171162914,0.168941616,0.1673438487,0.1567977478,0,1,"S1|equal six ETFs, no cash,rebalance=year|no guard"
2025-04-11,0.1670858649,0.1670372955,0.1697735879,0.172061694,0.1670218151,0.1570197427,2.220446049e-16,1,"S1|equal six ETFs, no cash,rebalance=year|no guard"
2025-04-15,0.1673712846,0.1689107276,0.1711587438,0.1685971743,0.168797001,0.1551650688,0,1,"S1|equal six ETFs, no cash,rebalance=year|no guard"
2025-04-16,0.1670341294,0.1689175021,0.1725214178,0.1709774702,0.1689016307,0.1516478498,0,1,"S1|equal six ETFs, no cash,rebalance=year|no guard"
2025-04-17,0.1683436628,0.1683156936,0.1746207244,0.1699657658,0.1681630222,0.1505911313,-2.220446049e-16,1,"S1|equal six ETFs, no cash,rebalance=year|no guard"
2025-04-21,0.1675581986,0.1686030618,0.1749960677,0.1704280219,0.1695219217,0.1488927284,1.110223025e-16,1,"S1|equal six ETFs, no cash,rebalance=year|no guard"
2025-04-22,0.1666657261,0.1677611533,0.1751431751,0.1731221917,0.1697110726,0.1475966811,-2.220446049e-16,1,"S1|equal six ETFs, no cash,rebalance=year|no guard"
2025-04-23,0.1675043243,0.1686930649,0.1739401871,0.1676265234,0.1712864282,0.1509494721,-2.220446049e-16,1,"S1|equal six ETFs, no cash,rebalance=year|no guard"
2025-04-24,0.1673484181,0.1687579007,0.173623474,0.1682590284,0.1713850065,0.1506261723,0,1,"S1|equal six ETFs, no cash,rebalance=year|no guard"
2025-04-25,0.1677388526,0.1668940223,0.1738075885,0.169093949,0.1689072848,0.1535583029,2.220446049e-16,1,"S1|equal six ETFs, no cash,rebalance=year|no guard"
2025-04-28,0.1686028004,0.1673269687,0.1751095566,0.1658645384,0.1706032005,0.1524929353,0,1,"S1|equal six ETFs, no cash,rebalance=year|no guard"
2025-04-29,0.1684445268,0.1669735123,0.1746768012,0.1677779556,0.1709337661,0.151193438,0,1,"S1|equal six ETFs, no cash,rebalance=year|no guard"
2025-04-30,0.169482045,0.1667584483,0.1748423922,0.1667586721,0.1700246499,0.1521337924,1.110223025e-16,1,"S1|equal six ETFs, no cash,rebalance=year|no guard"
2025-05-02,0.1696972818,0.1668388393,0.1750413412,0.1665537031,0.169261055,0.1526077795,0,1,"S1|equal six ETFs, no cash,rebalance=year|no guard"
2025-05-05,0.169637741,0.167833237,0.1729464208,0.1664769956,0.1707929587,0.152312647,-2.220446049e-16,1,"S1|equal six ETFs, no cash,rebalance=year|no guard"
2025-05-06,0.1696682254,0.1652616153,0.1719491132,0.1729707158,0.1679213439,0.1522289864,1.110223025e-16,1,"S1|equal six ETFs, no cash,rebalance=year|no guard"
2025-05-07,0.1694350586,0.1656993925,0.172566489,0.1708262551,0.1702118142,0.1512609906,2.220446049e-16,1,"S1|equal six ETFs, no cash,rebalance=year|no guard"
2025-05-08,0.1699284948,0.1638089796,0.1736406993,0.1717086271,0.168259306,0.1526538932,0,1,"S1|equal six ETFs, no cash,rebalance=year|no guard"
2025-05-09,0.1691291624,0.1640922851,0.1720743874,0.1722256522,0.1691178155,0.1533606973,-2.220446049e-16,1,"S1|equal six ETFs, no cash,rebalance=year|no guard"
2025-05-12,0.1711638993,0.1661944728,0.1733713976,0.1619126198,0.1717193008,0.1556383098,0,1,"S1|equal six ETFs, no cash,rebalance=year|no guard"
2025-05-13,0.1692483451,0.1662863892,0.1720325402,0.1642760557,0.1721138908,0.1560427789,0,1,"S1|equal six ETFs, no cash,rebalance=year|no guard"
2025-05-14,0.1693325364,0.1670484812,0.1709943015,0.1627958997,0.173504762,0.1563240192,0,1,"S1|equal six ETFs, no cash,rebalance=year|no guard"
2025-05-15,0.1707432857,0.1677208883,0.1718010822,0.158867248,0.1739677041,0.1568997918,1.110223025e-16,1,"S1|equal six ETFs, no cash,rebalance=year|no guard"
2025-05-16,0.1694346417,0.1688255256,0.1707307089,0.1591411937,0.1742076772,0.1576602529,2.220446049e-16,1,"S1|equal six ETFs, no cash,rebalance=year|no guard"
2025-05-19,0.1689031311,0.1697357932,0.1710093207,0.1603154966,0.174511548,0.1555247103,0,1,"S1|equal six ETFs, no cash,rebalance=year|no guard"
2025-05-20,0.1689007167,0.1680019613,0.17114401,0.1613881072,0.1732653051,0.1572998996,0,1,"S1|equal six ETFs, no cash,rebalance=year|no guard"
2025-05-21,0.1683282932,0.1688803173,0.1703363905,0.1631470069,0.1736126385,0.1556953536,-2.220446049e-16,1,"S1|equal six ETFs, no cash,rebalance=year|no guard"
2025-05-22,0.1678210069,0.168792905,0.1704118992,0.1642601768,0.1732571457,0.1554568664,0,1,"S1|equal six ETFs, no cash,rebalance=year|no guard"
2025-05-23,0.1686041541,0.168995466,0.1711223057,0.1629534984,0.1736707379,0.1546538381,0,1,"S1|equal six ETFs, no cash,rebalance=year|no guard"
2025-05-26,0.1687919201,0.1689775104,0.1709375183,0.1627795927,0.1741721596,0.154341299,0,1,"S1|equal six ETFs, no cash,rebalance=year|no guard"
2025-05-27,0.168351935,0.1687683978,0.1710242823,0.162882268,0.1748848044,0.1540883125,0,1,"S1|equal six ETFs, no cash,rebalance=year|no guard"
2025-05-28,0.1677559352,0.1681085134,0.1707534792,0.1636550208,0.1746741254,0.155052926,1.110223025e-16,1,"S1|equal six ETFs, no cash,rebalance=year|no guard"
2025-05-29,0.167856489,0.1679395849,0.1707661235,0.1612958306,0.1753261466,0.1568158254,1.110223025e-16,1,"S1|equal six ETFs, no cash,rebalance=year|no guard"
2025-05-30,0.1676549774,0.1676083513,0.1716489497,0.1622284861,0.1753609043,0.1554983311,0,1,"S1|equal six ETFs, no cash,rebalance=year|no guard"
2025-06-02,0.1668359906,0.1676262991,0.1714626486,0.1637457899,0.1758429719,0.1544862998,-2.220446049e-16,1,"S1|equal six ETFs, no cash,rebalance=year|no guard"
2025-06-03,0.166058945,0.1671194738,0.1707241942,0.1649815914,0.1754181697,0.155697626,-2.220446049e-16,1,"S1|equal six ETFs, no cash,rebalance=year|no guard"
2025-06-04,0.165701805,0.1668377665,0.1702061416,0.164905443,0.175820287,0.1565285569,0,1,"S1|equal six ETFs, no cash,rebalance=year|no guard"
2025-06-05,0.1660923644,0.1668737728,0.1699050966,0.1651978386,0.1763263125,0.1556046151,0,1,"S1|equal six ETFs, no cash,rebalance=year|no guard"
2025-06-06,0.1663936162,0.1675447883,0.1717246668,0.1630483251,0.1772587751,0.1540298286,0,1,"S1|equal six ETFs, no cash,rebalance=year|no guard"
2025-06-09,0.1662416539,0.1688888482,0.1717784499,0.1609077615,0.1785973903,0.1535858962,0,1,"S1|equal six ETFs, no cash,rebalance=year|no guard"
2025-06-10,0.1660271961,0.169124044,0.1705550778,0.1609368843,0.1784530146,0.1549037833,0,1,"S1|equal six ETFs, no cash,rebalance=year|no guard"
2025-06-11,0.1666027946,0.1688010467,0.1703433233,0.1615198232,0.1778462769,0.1548867353,0,1,"S1|equal six ETFs, no cash,rebalance=year|no guard"
2025-06-12,0.1661852825,0.1675376729,0.1705037333,0.1640715709,0.1764180296,0.1552837109,0,1,"S1|equal six ETFs, no cash,rebalance=year|no guard"
2025-06-13,0.1654244018,0.1666146745,0.1690179519,0.1679256049,0.1761347549,0.154882612,0,1,"S1|equal six ETFs, no cash,rebalance=year|no guard"
2025-06-16,0.1659596872,0.1666978538,0.1694172311,0.1668226417,0.1767701677,0.1543324185,2.220446049e-16,1,"S1|equal six ETFs, no cash,rebalance=year|no guard"
2025-06-17,0.1659509274,0.1660935846,0.1692594936,0.1664101985,0.1763687829,0.1559170131,1.110223025e-16,1,"S1|equal six ETFs, no cash,rebalance=year|no guard"
2025-06-18,0.165766303,0.1656705485,0.1696098661,0.1668978199,0.1754382635,0.1566171991,0,1,"S1|equal six ETFs, no cash,rebalance=year|no guard"
2025-06-19,0.166887693,0.1646924503,0.1702968521,0.1682263854,0.1741426173,0.1557540019,0,1,"S1|equal six ETFs, no cash,rebalance=year|no guard"
2025-06-20,0.1677266871,0.1655842875,0.1709412954,0.1657868783,0.1751198662,0.1548409855,0,1,"S1|equal six ETFs, no cash,rebalance=year|no guard"
2025-06-23,0.1670954273,0.1653948053,0.1701384813,0.1664049223,0.1747460232,0.1562203406,0,1,"S1|equal six ETFs, no cash,rebalance=year|no guard"
2025-06-24,0.1669438758,0.1664434861,0.1709146668,0.1625451321,0.1763054757,0.1568473636,0,1,"S1|equal six ETFs, no cash,rebalance=year|no guard"
2025-06-25,0.1673255886,0.166390653,0.1706725558,0.1620383031,0.1761984549,0.1573744447,1.110223025e-16,1,"S1|equal six ETFs, no cash,rebalance=year|no guard"
2025-06-26,0.1678642742,0.1662693471,0.171009061,0.1608883003,0.175949836,0.1580191813,0,1,"S1|equal six ETFs, no cash,rebalance=year|no guard"
2025-06-27,0.168379601,0.1668160023,0.1717943139,0.1579103935,0.1759692452,0.1591304441,0,1,"S1|equal six ETFs, no cash,rebalance=year|no guard"
2025-06-30,0.1668394379,0.1668102427,0.1706962354,0.1576125241,0.1762313696,0.1618101904,2.220446049e-16,1,"S1|equal six ETFs, no cash,rebalance=year|no guard"
2025-07-01,0.166697693,0.1663706031,0.1709013897,0.1593818959,0.1759064946,0.1607419236,0,1,"S1|equal six ETFs, no cash,rebalance=year|no guard"
2025-07-02,0.1667061473,0.1669485479,0.170185936,0.1600996116,0.176292627,0.1597671302,0,1,"S1|equal six ETFs, no cash,rebalance=year|no guard"
2025-07-03,0.166601759,0.1663050299,0.1695974153,0.1600204757,0.1765056444,0.1609696756,1.110223025e-16,1,"S1|equal six ETFs, no cash,rebalance=year|no guard"
2025-07-04,0.1667388417,0.1666505087,0.1699736978,0.1595124819,0.1763438425,0.1607806274,0,1,"S1|equal six ETFs, no cash,rebalance=year|no guard"
2025-07-07,0.1669192606,0.1668518911,0.169960813,0.1589966336,0.1760086232,0.1612627785,1.110223025e-16,1,"S1|equal six ETFs, no cash,rebalance=year|no guard"
2025-07-08,0.1671168516,0.1667142844,0.1705301691,0.159211525,0.1755636167,0.1608635533,0,1,"S1|equal six ETFs, no cash,rebalance=year|no guard"
2025-07-09,0.1672760158,0.1670869066,0.1708206795,0.1581094983,0.1755690099,0.1611378899,0,1,"S1|equal six ETFs, no cash,rebalance=year|no guard"
2025-07-10,0.166566917,0.1667767234,0.1702566039,0.1595231007,0.1752052328,0.1616714222,0,1,"S1|equal six ETFs, no cash,rebalance=year|no guard"
2025-07-11,0.166145702,0.1662022521,0.1704660626,0.161145625,0.1744213328,0.1616190255,0,1,"S1|equal six ETFs, no cash,rebalance=year|no guard"
2025-07-14,0.1653435293,0.1663931354,0.1700925284,0.1620391517,0.1751495976,0.1609820576,0,1,"S1|equal six ETFs, no cash,rebalance=year|no guard"
2025-07-15,0.1650963155,0.1665137223,0.1700881585,0.1608244235,0.1759588525,0.1615185277,0,1,"S1|equal six ETFs, no cash,rebalance=year|no guard"
2025-07-16,0.1651296623,0.1668641145,0.1704131485,0.1602548814,0.1759429958,0.1613951975,0,1,"S1|equal six ETFs, no cash,rebalance=year|no guard"
2025-07-17,0.164906103,0.1668956031,0.1697561892,0.1601214033,0.1759603622,0.1623603392,0,1,"S1|equal six ETFs, no cash,rebalance=year|no guard"
2025-07-18,0.1643284923,0.166073865,0.1686814867,0.1614804954,0.1750314186,0.164404242,0,1,"S1|equal six ETFs, no cash,rebalance=year|no guard"
2025-07-21,0.1638932055,0.1657833823,0.1692881667,0.1613650694,0.1752053193,0.1644648567,1.110223025e-16,1,"S1|equal six ETFs, no cash,rebalance=year|no guard"
2025-07-22,0.1637230044,0.1651090848,0.1686978858,0.1625630565,0.1740729965,0.165833972,0,1,"S1|equal six ETFs, no cash,rebalance=year|no guard"
2025-07-23,0.1637426621,0.1644267601,0.1690013634,0.1636604491,0.1737697517,0.1653990137,0,1,"S1|equal six ETFs, no cash,rebalance=year|no guard"
2025-07-24,0.1635201712,0.1648081366,0.1693302522,0.1614225398,0.1733464681,0.167572432,1.110223025e-16,1,"S1|equal six ETFs, no cash,rebalance=year|no guard"
2025-07-25,0.1636008558,0.1636193737,0.1691374385,0.162300651,0.171984546,0.169357135,0,1,"S1|equal six ETFs, no cash,rebalance=year|no guard"
2025-07-28,0.1629426243,0.1629433896,0.168198051,0.1624029475,0.1708040091,0.1727089786,0,1,"S1|equal six ETFs, no cash,rebalance=year|no guard"
2025-07-29,0.1633395756,0.1638852446,0.1681175012,0.1616318111,0.1715905318,0.1714353357,0,1,"S1|equal six ETFs, no cash,rebalance=year|no guard"
2025-07-30,0.1633815729,0.1639901243,0.1678988077,0.1625975691,0.171500048,0.170631878,0,1,"S1|equal six ETFs, no cash,rebalance=year|no guard"
2025-07-31,0.1628126548,0.1631259514,0.1673597713,0.1621613442,0.1696744366,0.1748658418,0,1,"S1|equal six ETFs, no cash,rebalance=year|no guard"
2025-08-01,0.163311946,0.1627823408,0.1680536778,0.1632806932,0.1693105439,0.1732607984,0,1,"S1|equal six ETFs, no cash,rebalance=year|no guard"
2025-08-04,0.1635062051,0.1638748088,0.1673630857,0.1651351703,0.170896796,0.1692239339,0,1,"S1|equal six ETFs, no cash,rebalance=year|no guard"
2025-08-05,0.163069057,0.1633433916,0.1664959278,0.1658679307,0.1701556084,0.1710680845,0,1,"S1|equal six ETFs, no cash,rebalance=year|no guard"
2025-08-06,0.1632317168,0.162698384,0.1673277352,0.1661917294,0.1696128926,0.170937542,0,1,"S1|equal six ETFs, no cash,rebalance=year|no guard"
2025-08-07,0.1628023684,0.1626587042,0.1671333008,0.1667598784,0.1695114453,0.1711343029,2.220446049e-16,1,"S1|equal six ETFs, no cash,rebalance=year|no guard"
2025-08-08,0.162596374,0.1617468119,0.1668562723,0.1686901749,0.1681378348,0.1719725322,0,1,"S1|equal six ETFs, no cash,rebalance=year|no guard"
2025-08-11,0.163209132,0.1628294556,0.1674425518,0.1657624801,0.1687961461,0.1719602343,-2.220446049e-16,1,"S1|equal six ETFs, no cash,rebalance=year|no guard"
2025-08-12,0.1632383782,0.1631121704,0.1672337664,0.1657424817,0.1688107037,0.1718624996,2.220446049e-16,1,"S1|equal six ETFs, no cash,rebalance=year|no guard"
2025-08-13,0.1631833099,0.1633527115,0.1666056616,0.1652216356,0.1689633754,0.172673306,2.220446049e-16,1,"S1|equal six ETFs, no cash,rebalance=year|no guard"
2025-08-14,0.1632646564,0.1631419974,0.166992,0.1650799532,0.1683938667,0.1731275264,-2.220446049e-16,1,"S1|equal six ETFs, no cash,rebalance=year|no guard"
2025-08-18,0.1638220542,0.1641224791,0.1668751274,0.1632006823,0.1692693821,0.1727102749,0,1,"S1|equal six ETFs, no cash,rebalance=year|no guard"
2025-08-19,0.1639882151,0.1648261368,0.166861402,0.1619846391,0.1702511136,0.1720884935,0,1,"S1|equal six ETFs, no cash,rebalance=year|no guard"
2025-08-20,0.1644224691,0.1656385877,0.166586595,0.1616387227,0.1711875349,0.1705260906,0,1,"S1|equal six ETFs, no cash,rebalance=year|no guard"
2025-08-21,0.1648727241,0.1652115537,0.1670051609,0.1626984752,0.1706691456,0.1695429406,0,1,"S1|equal six ETFs, no cash,rebalance=year|no guard"
2025-08-22,0.1643815289,0.1650550364,0.1660339418,0.1636871304,0.1712568161,0.1695855464,0,1,"S1|equal six ETFs, no cash,rebalance=year|no guard"
2025-08-25,0.1641031628,0.1648316162,0.1650374359,0.1646051841,0.1707872437,0.1706353575,1.110223025e-16,1,"S1|equal six ETFs, no cash,rebalance=year|no guard"
2025-08-26,0.1639679958,0.1641239274,0.1645849533,0.1666758281,0.169315573,0.1713317223,0,1,"S1|equal six ETFs, no cash,rebalance=year|no guard"
2025-08-28,0.163587728,0.1629072861,0.163603134,0.1687415977,0.168236813,0.1729234412,1.110223025e-16,1,"S1|equal six ETFs, no cash,rebalance=year|no guard"
2025-08-29,0.1630144212,0.1623911912,0.1630265653,0.1705184103,0.1672280835,0.1738213287,-2.220446049e-16,1,"S1|equal six ETFs, no cash,rebalance=year|no guard"
2025-09-01,0.1627341464,0.1629185341,0.1623644567,0.1714418798,0.16898113,0.171559853,0,1,"S1|equal six ETFs, no cash,rebalance=year|no guard"
2025-09-02,0.1626209163,0.1638131327,0.161608476,0.1716310802,0.1696650853,0.1706613095,2.220446049e-16,1,"S1|equal six ETFs, no cash,rebalance=year|no guard"
2025-09-03,0.1621885407,0.1636046736,0.1615643098,0.1729002065,0.169382559,0.1703597105,0,1,"S1|equal six ETFs, no cash,rebalance=year|no guard"
2025-09-04,0.1627071911,0.1633181163,0.1617706323,0.1737690351,0.1685934594,0.1698415658,-2.220446049e-16,1,"S1|equal six ETFs, no cash,rebalance=year|no guard"
2025-09-05,0.1623008353,0.162713246,0.1614649004,0.1741239144,0.1681683505,0.1712287534,1.110223025e-16,1,"S1|equal six ETFs, no cash,rebalance=year|no guard"
2025-09-08,0.1617541522,0.1625882805,0.1610762328,0.1758956098,0.1679137128,0.1707720119,0,1,"S1|equal six ETFs, no cash,rebalance=year|no guard"
2025-09-09,0.1615759638,0.1622967353,0.1604830715,0.1776765085,0.1675358046,0.1704319164,0,1,"S1|equal six ETFs, no cash,rebalance=year|no guard"
2025-09-10,0.1618051105,0.1626073947,0.1610489063,0.1765832808,0.1685980116,0.1693572961,0,1,"S1|equal six ETFs, no cash,rebalance=year|no guard"
2025-09-11,0.1619154739,0.1625926865,0.1612099017,0.1757292023,0.168841874,0.1697108616,0,1,"S1|equal six ETFs, no cash,rebalance=year|no guard"
2025-09-12,0.1617999024,0.1624341044,0.1608020066,0.1762326744,0.1685690612,0.1701622509,0,1,"S1|equal six ETFs, no cash,rebalance=year|no guard"
2025-09-15,0.1609975946,0.1627531474,0.1605305631,0.1749461376,0.1689034885,0.1718690688,0,1,"S1|equal six ETFs, no cash,rebalance=year|no guard"
2025-09-16,0.1607073797,0.162233221,0.1599022604,0.1761226574,0.1683235337,0.1727109478,0,1,"S1|equal six ETFs, no cash,rebalance=year|no guard"
2025-09-17,0.1612818806,0.1629006946,0.1609703919,0.1741321187,0.1686806225,0.1720342916,0,1,"S1|equal six ETFs, no cash,rebalance=year|no guard"
2025-09-18,0.1610972899,0.1627053239,0.1609078652,0.174161481,0.1684356722,0.1726923679,0,1,"S1|equal six ETFs, no cash,rebalance=year|no guard"
2025-09-19,0.1606939949,0.1635867354,0.160341844,0.1736220154,0.1686167627,0.1731386476,0,1,"S1|equal six ETFs, no cash,rebalance=year|no guard"
2025-09-22,0.1596034968,0.163530482,0.1593592931,0.1768103665,0.1673229521,0.1733734095,1.110223025e-16,1,"S1|equal six ETFs, no cash,rebalance=year|no guard"
2025-09-23,0.158771902,0.1623960589,0.1590514401,0.1797355585,0.1655844822,0.1744605585,0,1,"S1|equal six ETFs, no cash,rebalance=year|no guard"
2025-09-24,0.1590869759,0.1618085083,0.1589922667,0.180095644,0.165580966,0.1744356391,0,1,"S1|equal six ETFs, no cash,rebalance=year|no guard"
2025-09-25,0.1590087324,0.1614852578,0.1596832475,0.1806549932,0.1651038628,0.1740639063,1.110223025e-16,1,"S1|equal six ETFs, no cash,rebalance=year|no guard"
2025-09-26,0.1589256973,0.160144687,0.1594032893,0.1817749458,0.163618677,0.1761327036,0,1,"S1|equal six ETFs, no cash,rebalance=year|no guard"
2025-09-29,0.1573693009,0.1600869544,0.1578571837,0.1833357441,0.162505924,0.1788448929,1.110223025e-16,1,"S1|equal six ETFs, no cash,rebalance=year|no guard"
2025-09-30,0.1565291089,0.1600170083,0.1580740711,0.1829317282,0.1618331354,0.1806149481,0,1,"S1|equal six ETFs, no cash,rebalance=year|no guard"
2025-10-01,0.1568822145,0.1589728422,0.1589676215,0.1847586354,0.1620264958,0.1783921906,0,1,"S1|equal six ETFs, no cash,rebalance=year|no guard"
2025-10-03,0.1559370073,0.1584107519,0.1581715172,0.1821699688,0.1619342893,0.1833764655,0,1,"S1|equal six ETFs, no cash,rebalance=year|no guard"
2025-10-06,0.154262252,0.1562282231,0.1573579894,0.182962101,0.1603743731,0.1888150613,0,1,"S1|equal six ETFs, no cash,rebalance=year|no guard"
2025-10-07,0.1530743314,0.1545557528,0.1558756135,0.1821395159,0.1597131351,0.1946416512,1.110223025e-16,1,"S1|equal six ETFs, no cash,rebalance=year|no guard"
2025-10-08,0.1534989013,0.1544826886,0.1561993689,0.1870448171,0.1592524377,0.1895217864,0,1,"S1|equal six ETFs, no cash,rebalance=year|no guard"
2025-10-09,0.1538889892,0.1547354875,0.1564086991,0.1860143752,0.1603547564,0.1885976926,0,1,"S1|equal six ETFs, no cash,rebalance=year|no guard"
2025-10-10,0.1547256603,0.1552202351,0.1576948484,0.1845958666,0.1613171488,0.1864462409,0,1,"S1|equal six ETFs, no cash,rebalance=year|no guard"
2025-10-13,0.1544422146,0.1552229594,0.1577846391,0.1884625822,0.1614938409,0.1825937638,1.110223025e-16,1,"S1|equal six ETFs, no cash,rebalance=year|no guard"
2025-10-14,0.1537190417,0.1542257593,0.1572240033,0.1926819918,0.1601763649,0.1819728391,1.110223025e-16,1,"S1|equal six ETFs, no cash,rebalance=year|no guard"
2025-10-15,0.154081789,0.1551794847,0.1571573559,0.1918943624,0.1607945138,0.1808924943,1.110223025e-16,1,"S1|equal six ETFs, no cash,rebalance=year|no guard"
2025-10-16,0.1543295619,0.1548089371,0.1574200522,0.190596716,0.1603175021,0.1825272306,1.110223025e-16,1,"S1|equal six ETFs, no cash,rebalance=year|no guard"
2025-10-17,0.1543286626,0.1541168101,0.1574127221,0.194561114,0.1586761365,0.1809045547,2.220446049e-16,1,"S1|equal six ETFs, no cash,rebalance=year|no guard"
2025-10-20,0.1551816399,0.1543461589,0.1583183968,0.1891602265,0.1598838395,0.1831097384,0,1,"S1|equal six ETFs, no cash,rebalance=year|no guard"
2025-10-21,0.1546457175,0.1540014505,0.1577029789,0.1894865688,0.1598763096,0.1842869747,0,1,"S1|equal six ETFs, no cash,rebalance=year|no guard"
2025-10-23,0.1562193392,0.1550613194,0.1590961506,0.1838608773,0.1607620859,0.1850002276,-2.220446049e-16,1,"S1|equal six ETFs, no cash,rebalance=year|no guard"
2025-10-24,0.1560472748,0.1555068726,0.1586445455,0.1821880207,0.1609250548,0.1866882317,2.220446049e-16,1,"S1|equal six ETFs, no cash,rebalance=year|no guard"
2025-10-27,0.1562680959,0.1550369515,0.158741591,0.1805044482,0.161291554,0.1881573595,0,1,"S1|equal six ETFs, no cash,rebalance=year|no guard"
2025-10-28,0.1572985204,0.155424685,0.1602209519,0.1758570136,0.1624429313,0.1887558977,0,1,"S1|equal six ETFs, no cash,rebalance=year|no guard"
2025-10-29,0.1568149699,0.1559882618,0.1595783267,0.1800864812,0.1622291097,0.1853028508,0,1,"S1|equal six ETFs, no cash,rebalance=year|no guard"
2025-10-30,0.1557739054,0.1556073616,0.1589314711,0.1795784405,0.1622598822,0.1878489392,0,1,"S1|equal six ETFs, no cash,rebalance=year|no guard"
2025-10-31,0.1553063655,0.1557448409,0.1585570353,0.1805759192,0.1619266916,0.1878891475,0,1,"S1|equal six ETFs, no cash,rebalance=year|no guard"
2025-11-03,0.1548149165,0.1564982055,0.1586251645,0.1798916344,0.1623680581,0.187802021,0,1,"S1|equal six ETFs, no cash,rebalance=year|no guard"
2025-11-04,0.1548782553,0.1568297923,0.1589095799,0.1806065605,0.1628664368,0.1859093751,0,1,"S1|equal six ETFs, no cash,rebalance=year|no guard"
2025-11-06,0.1551615825,0.1560363116,0.1591693454,0.1822761911,0.1625059792,0.1848505902,0,1,"S1|equal six ETFs, no cash,rebalance=year|no guard"
2025-11-07,0.1554776695,0.1563777685,0.1604180306,0.1822837584,0.1637670594,0.1816757136,0,1,"S1|equal six ETFs, no cash,rebalance=year|no guard"
2025-11-10,0.1545319657,0.1555123106,0.1588400697,0.1836968925,0.1630370522,0.1843817092,0,1,"S1|equal six ETFs, no cash,rebalance=year|no guard"
2025-11-11,0.1543119942,0.1546715068,0.1583056257,0.1854512586,0.1625612268,0.1846983878,0,1,"S1|equal six ETFs, no cash,rebalance=year|no guard"
2025-11-12,0.1547955123,0.1544615032,0.1581839064,0.183751214,0.1634845107,0.1853233534,1.110223025e-16,1,"S1|equal six ETFs, no cash,rebalance=year|no guard"
2025-11-13,0.154311206,0.1541315118,0.1580454945,0.1881689771,0.1627086537,0.1826341569,2.220446049e-16,1,"S1|equal six ETFs, no cash,rebalance=year|no guard"
2025-11-14,0.1552331539,0.1547266805,0.1590910391,0.1862105139,0.1636099475,0.181128665,1.110223025e-16,1,"S1|equal six ETFs, no cash,rebalance=year|no guard"
2025-11-17,0.1559777243,0.1556145944,0.1604325095,0.183020733,0.1648088346,0.1801456042,-2.220446049e-16,1,"S1|equal six ETFs, no cash,rebalance=year|no guard"
2025-11-18,0.1562768855,0.1554271673,0.1612941795,0.182138559,0.1649081953,0.1799550134,0,1,"S1|equal six ETFs, no cash,rebalance=year|no guard"
2025-11-19,0.1564826241,0.1548523548,0.1614127272,0.1838853061,0.1645908368,0.1787761509,0,1,"S1|equal six ETFs, no cash,rebalance=year|no guard"
2025-11-20,0.1568709358,0.1543861938,0.1614481051,0.1823288175,0.1643155115,0.1806504363,0,1,"S1|equal six ETFs, no cash,rebalance=year|no guard"
2025-11-21,0.157425407,0.1536661229,0.1614682299,0.1846083393,0.1638184415,0.1790134594,1.110223025e-16,1,"S1|equal six ETFs, no cash,rebalance=year|no guard"
2025-11-24,0.1574818635,0.1527447588,0.1620237672,0.1857346522,0.1639149919,0.1780999664,0,1,"S1|equal six ETFs, no cash,rebalance=year|no guard"
2025-11-25,0.156640173,0.152610125,0.1614512693,0.1873607757,0.1639904486,0.1779472085,1.110223025e-16,1,"S1|equal six ETFs, no cash,rebalance=year|no guard"
2025-11-26,0.1567289677,0.153086361,0.1617772773,0.1866479985,0.1643114158,0.1774479796,1.110223025e-16,1,"S1|equal six ETFs, no cash,rebalance=year|no guard"
2025-11-27,0.1569421362,0.1528890848,0.1621630442,0.1865179344,0.1645321903,0.1769556101,1.110223025e-16,1,"S1|equal six ETFs, no cash,rebalance=year|no guard"
2025-11-28,0.1568434171,0.1530118199,0.1621990911,0.1872695018,0.1641402331,0.176535937,1.110223025e-16,1,"S1|equal six ETFs, no cash,rebalance=year|no guard"
2025-12-01,0.1558566377,0.1524049129,0.1615192106,0.1900766662,0.1633720583,0.1767705143,1.110223025e-16,1,"S1|equal six ETFs, no cash,rebalance=year|no guard"
2025-12-02,0.1555859566,0.1527667437,0.1609733857,0.1887263686,0.1635115664,0.178435979,0,1,"S1|equal six ETFs, no cash,rebalance=year|no guard"
2025-12-03,0.1553465325,0.1509598367,0.1614039325,0.1905619775,0.1621159263,0.1796117945,1.110223025e-16,1,"S1|equal six ETFs, no cash,rebalance=year|no guard"
2025-12-04,0.155825561,0.1518276124,0.1609561579,0.1897226654,0.1623009498,0.1793670535,1.110223025e-16,1,"S1|equal six ETFs, no cash,rebalance=year|no guard"
2025-12-05,0.1560000518,0.1515180971,0.1614967735,0.1906125672,0.16235346,0.1780190505,0,1,"S1|equal six ETFs, no cash,rebalance=year|no guard"
2025-12-08,0.1558291088,0.1495452511,0.1615252068,0.1919928669,0.160608227,0.1804993393,1.110223025e-16,1,"S1|equal six ETFs, no cash,rebalance=year|no guard"
2025-12-09,0.155546922,0.1507212779,0.161524401,0.1913400853,0.161196792,0.1796705217,0,1,"S1|equal six ETFs, no cash,rebalance=year|no guard"
2025-12-10,0.1557305624,0.1509198403,0.1614757328,0.191994676,0.1601859822,0.1796932064,1.110223025e-16,1,"S1|equal six ETFs, no cash,rebalance=year|no guard"
2025-12-11,0.1557720796,0.1511325494,0.1614379306,0.1928031103,0.160834451,0.1780198792,0,1,"S1|equal six ETFs, no cash,rebalance=year|no guard"
2025-12-12,0.1551500358,0.1507064766,0.1605819802,0.1952687531,0.161322494,0.1769702604,2.220446049e-16,1,"S1|equal six ETFs, no cash,rebalance=year|no guard"
2025-12-15,0.154570693,0.1504078606,0.1601290921,0.1970181661,0.1606285944,0.1772455938,0,1,"S1|equal six ETFs, no cash,rebalance=year|no guard"
2025-12-16,0.1545509004,0.1510323927,0.1601756198,0.1957745746,0.16021923,0.1782472825,-2.220446049e-16,1,"S1|equal six ETFs, no cash,rebalance=year|no guard"
2025-12-17,0.1543350293,0.1506504015,0.1599832739,0.1969076039,0.1596675949,0.1784560967,0,1,"S1|equal six ETFs, no cash,rebalance=year|no guard"
2025-12-18,0.1545175973,0.150172818,0.1600379633,0.1968556456,0.1603849262,0.1780310496,0,1,"S1|equal six ETFs, no cash,rebalance=year|no guard"
2025-12-19,0.1546029014,0.1503907998,0.1597223558,0.1957833969,0.1613637827,0.1781367634,0,1,"S1|equal six ETFs, no cash,rebalance=year|no guard"
2025-12-22,0.1547180478,0.1502952139,0.1591039621,0.1972180396,0.1617367391,0.1769279975,2.220446049e-16,1,"S1|equal six ETFs, no cash,rebalance=year|no guard"
2025-12-23,0.1542038122,0.1505791936,0.1584196642,0.1995868205,0.1611800159,0.1760304936,0,1,"S1|equal six ETFs, no cash,rebalance=year|no guard"
2025-12-24,0.1543208046,0.1505071211,0.1585169256,0.2000542943,0.160562624,0.1760382304,-2.220446049e-16,1,"S1|equal six ETFs, no cash,rebalance=year|no guard"
2025-12-26,0.1537826841,0.15052014,0.1580310713,0.2020046877,0.160000995,0.175660422,0,1,"S1|equal six ETFs, no cash,rebalance=year|no guard"
2025-12-29,0.154174116,0.1509888473,0.1588953846,0.2011459951,0.1602564057,0.1745392514,0,1,"S1|equal six ETFs, no cash,rebalance=year|no guard"
2025-12-30,0.1544837643,0.151314964,0.160225235,0.1981184249,0.1604852033,0.1753724085,0,1,"S1|equal six ETFs, no cash,rebalance=year|no guard"
2025-12-31,0.1550398842,0.1520118181,0.1606638492,0.1956086872,0.1615632293,0.175112532,0,1,"S1|equal six ETFs, no cash,rebalance=year|no guard"
2026-01-01,0.1544286502,0.1519876491,0.1600482187,0.1955497568,0.1613842326,0.1766014925,0,1,"S1|equal six ETFs, no cash,rebalance=year|no guard"
2026-01-02,0.1543415675,0.1524017917,0.1599566398,0.1962630456,0.1615830226,0.1754539328,0,1,"S1|equal six ETFs, no cash,rebalance=year|no guard"
2026-01-05,0.1536162413,0.1523213452,0.1596393447,0.1980209987,0.161026424,0.1753756461,-2.220446049e-16,1,"S1|equal six ETFs, no cash,rebalance=year|no guard"
2026-01-06,0.1532033122,0.1528624183,0.1596027727,0.1981341649,0.1608540018,0.1753433302,0,1,"S1|equal six ETFs, no cash,rebalance=year|no guard"
2026-01-07,0.1529417347,0.1529552573,0.1592449221,0.1975940285,0.1614988715,0.1757651859,1.110223025e-16,1,"S1|equal six ETFs, no cash,rebalance=year|no guard"
2026-01-08,0.1531770298,0.1513852478,0.1603820708,0.1986858635,0.160178582,0.1761912061,0,1,"S1|equal six ETFs, no cash,rebalance=year|no guard"
2026-01-09,0.1523161116,0.1502266392,0.159531565,0.2015012911,0.1592993816,0.1771250115,1.110223025e-16,1,"S1|equal six ETFs, no cash,rebalance=year|no guard"
2026-01-12,0.1518371868,0.1493705257,0.1587853987,0.2055317267,0.1579547863,0.1765203758,-2.220446049e-16,1,"S1|equal six ETFs, no cash,rebalance=year|no guard"
2026-01-13,0.151777914,0.1493654735,0.159383608,0.2052857234,0.1579254191,0.176261862,2.220446049e-16,1,"S1|equal six ETFs, no cash,rebalance=year|no guard"
2026-01-14,0.1510537763,0.1497517596,0.1588641672,0.2075206036,0.1575242001,0.1752854932,0,1,"S1|equal six ETFs, no cash,rebalance=year|no guard"
2026-01-16,0.150894312,0.1492734007,0.1598845554,0.2066273622,0.1574705217,0.1758498479,1.110223025e-16,1,"S1|equal six ETFs, no cash,rebalance=year|no guard"
2026-01-19,0.1498866622,0.1485840339,0.1588949565,0.2120604513,0.1568141171,0.173759779,1.110223025e-16,1,"S1|equal six ETFs, no cash,rebalance=year|no guard"
2026-01-20,0.148662552,0.1458674297,0.1581369274,0.2211537952,0.1533099558,0.1728693398,0,1,"S1|equal six ETFs, no cash,rebalance=year|no guard"
2026-01-21,0.1468325771,0.1440332523,0.1553787819,0.2353353142,0.1503543681,0.1680657064,0,1,"S1|equal six ETFs, no cash,rebalance=year|no guard"
2026-01-22,0.1485598439,0.1465719755,0.1575363067,0.2180806095,0.1532967096,0.1759545547,0,1,"S1|equal six ETFs, no cash,rebalance=year|no guard"
2026-01-23,0.1474528971,0.1440026891,0.1558807962,0.2239269243,0.1508318839,0.1779048094,0,1,"S1|equal six ETFs, no cash,rebalance=year|no guard"
2026-01-27,0.1466015238,0.1432648877,0.1562530767,0.2286205122,0.150193971,0.1750660285,0,1,"S1|equal six ETFs, no cash,rebalance=year|no guard"
2026-01-28,0.1453325194,0.1442807204,0.1549135927,0.2330404355,0.1506365084,0.1717962237,0,1,"S1|equal six ETFs, no cash,rebalance=year|no guard"
2026-01-29,0.1429652351,0.1419323023,0.1529226957,0.2466673445,0.1479787537,0.1675336687,0,1,"S1|equal six ETFs, no cash,rebalance=year|no guard"
2026-01-30,0.1471305434,0.1455278924,0.1571703776,0.2276641975,0.1521457436,0.1703612455,0,1,"S1|equal six ETFs, no cash,rebalance=year|no guard"
2026-02-01,0.1489465088,0.14722416,0.1582882428,0.2182771715,0.1532934169,0.1739705001,0,1,"S1|equal six ETFs, no cash,rebalance=year|no guard"
2026-02-02,0.1506863539,0.1487766735,0.1595805513,0.2131004579,0.1555757262,0.1722802372,1.110223025e-16,1,"S1|equal six ETFs, no cash,rebalance=year|no guard"
2026-02-03,0.1496545467,0.1475657806,0.1583674533,0.2176904194,0.1551964956,0.1715253045,0,1,"S1|equal six ETFs, no cash,rebalance=year|no guard"
2026-02-04,0.1487151605,0.1474759296,0.1575072587,0.2236116154,0.1545589749,0.1681310609,0,1,"S1|equal six ETFs, no cash,rebalance=year|no guard"
2026-02-05,0.14990222,0.1485721269,0.1593726128,0.2187540125,0.1560516668,0.167347361,1.110223025e-16,1,"S1|equal six ETFs, no cash,rebalance=year|no guard"
2026-02-06,0.149775772,0.1486661504,0.1588789944,0.2180300219,0.1556861405,0.1689629209,-2.220446049e-16,1,"S1|equal six ETFs, no cash,rebalance=year|no guard"
2026-02-09,0.1485798062,0.1477934639,0.1579683406,0.2199292737,0.155567722,0.1701613937,0,1,"S1|equal six ETFs, no cash,rebalance=year|no guard"
2026-02-10,0.1487083229,0.1479982923,0.1577856343,0.2199867511,0.1561281177,0.1693928817,0,1,"S1|equal six ETFs, no cash,rebalance=year|no guard"
2026-02-11,0.1483258622,0.1479114803,0.1576061776,0.2198193034,0.1556205292,0.1707166473,0,1,"S1|equal six ETFs, no cash,rebalance=year|no guard"
2026-02-12,0.1482014101,0.1480324483,0.1583756853,0.2205133602,0.1555647894,0.1693123067,1.110223025e-16,1,"S1|equal six ETFs, no cash,rebalance=year|no guard"
2026-02-13,0.1483853628,0.1479340381,0.159053698,0.2191794344,0.1551428047,0.170304662,0,1,"S1|equal six ETFs, no cash,rebalance=year|no guard"
2026-02-16,0.1481908796,0.1480417837,0.1593744795,0.218883474,0.1547500918,0.1707592915,1.110223025e-16,1,"S1|equal six ETFs, no cash,rebalance=year|no guard"
2026-02-17,0.1492808411,0.1495400504,0.1608006454,0.2158639594,0.1557718804,0.1687426231,2.220446049e-16,1,"S1|equal six ETFs, no cash,rebalance=year|no guard"
2026-02-18,0.1492069779,0.1499300423,0.1615180662,0.2153587178,0.1563445716,0.1676416242,0,1,"S1|equal six ETFs, no cash,rebalance=year|no guard"
2026-02-19,0.1478479251,0.1481568646,0.1597389858,0.2204740958,0.1543596618,0.169422467,1.110223025e-16,1,"S1|equal six ETFs, no cash,rebalance=year|no guard"
2026-02-20,0.1480803742,0.1487736365,0.1607628122,0.2209513565,0.1549694759,0.1664623448,-2.220446049e-16,1,"S1|equal six ETFs, no cash,rebalance=year|no guard"
2026-02-23,0.1476089005,0.1480938603,0.1596739114,0.2235530558,0.153251617,0.167818655,1.110223025e-16,1,"S1|equal six ETFs, no cash,rebalance=year|no guard"
2026-02-24,0.146368613,0.148296483,0.1593475448,0.2257760398,0.1530245757,0.1671867437,0,1,"S1|equal six ETFs, no cash,rebalance=year|no guard"
2026-02-25,0.1462284709,0.1488825393,0.1586463128,0.2257560309,0.1529191825,0.1675674636,0,1,"S1|equal six ETFs, no cash,rebalance=year|no guard"
2026-02-26,0.1464901893,0.1496997173,0.159174959,0.2241208976,0.1544890602,0.1660251766,0,1,"S1|equal six ETFs, no cash,rebalance=year|no guard"
2026-02-27,0.145718342,0.1490021561,0.1585411704,0.227446708,0.1536635649,0.1656280587,0,1,"S1|equal six ETFs, no cash,rebalance=year|no guard"
2026-03-02,0.1437040369,0.1466073722,0.1566282221,0.2385661113,0.1508678739,0.1636263836,0,1,"S1|equal six ETFs, no cash,rebalance=year|no guard"
2026-03-04,0.1446867333,0.1460153344,0.1573791067,0.2365188378,0.1511663685,0.1642336193,0,1,"S1|equal six ETFs, no cash,rebalance=year|no guard"
2026-03-05,0.1457088895,0.1473409326,0.1573582516,0.2325650357,0.152951816,0.1640750747,1.110223025e-16,1,"S1|equal six ETFs, no cash,rebalance=year|no guard"
2026-03-06,0.1451348193,0.1479720497,0.1555247911,0.2317236179,0.1527680678,0.1668766541,-2.220446049e-16,1,"S1|equal six ETFs, no cash,rebalance=year|no guard"
2026-03-09,0.1446202853,0.1468301703,0.1530098518,0.2359480521,0.1519942866,0.1675973539,1.110223025e-16,1,"S1|equal six ETFs, no cash,rebalance=year|no guard"
2026-03-10,0.1439364627,0.1473795953,0.1532600652,0.2341772225,0.1524034909,0.1688431635,0,1,"S1|equal six ETFs, no cash,rebalance=year|no guard"
2026-03-11,0.1429669128,0.1471928219,0.1514408775,0.2372857687,0.1519877907,0.1691258285,2.220446049e-16,1,"S1|equal six ETFs, no cash,rebalance=year|no guard"
2026-03-12,0.1420513016,0.147519484,0.1501252531,0.2375692012,0.151865596,0.170869164,0,1,"S1|equal six ETFs, no cash,rebalance=year|no guard"
2026-03-13,0.1422334254,0.1472658225,0.1496749783,0.2387620472,0.150908817,0.1711549096,0,1,"S1|equal six ETFs, no cash,rebalance=year|no guard"
2026-03-16,0.1444031357,0.1468299085,0.1522135438,0.2344160497,0.1514381662,0.1706991961,0,1,"S1|equal six ETFs, no cash,rebalance=year|no guard"
2026-03-17,0.1442823813,0.1470767269,0.1522889377,0.2343115695,0.1517447729,0.1702956117,1.110223025e-16,1,"S1|equal six ETFs, no cash,rebalance=year|no guard"
2026-03-18,0.1439924347,0.1467639371,0.1513909797,0.2313099511,0.1531651809,0.1733775165,1.110223025e-16,1,"S1|equal six ETFs, no cash,rebalance=year|no guard"
2026-03-19,0.1444398934,0.1473973111,0.1512336848,0.226211925,0.1536091245,0.1771080612,0,1,"S1|equal six ETFs, no cash,rebalance=year|no guard"
2026-03-20,0.1441701381,0.1472292216,0.1507474317,0.2253485507,0.1535072629,0.178997395,0,1,"S1|equal six ETFs, no cash,rebalance=year|no guard"
2026-03-23,0.1470044314,0.1482962308,0.1523799012,0.2158524712,0.154625503,0.1818414624,0,1,"S1|equal six ETFs, no cash,rebalance=year|no guard"
2026-03-24,0.1454448872,0.1462822309,0.1512138827,0.2187507956,0.1542448542,0.1840633494,-2.220446049e-16,1,"S1|equal six ETFs, no cash,rebalance=year|no guard"
2026-03-25,0.144209041,0.1456772238,0.1503119015,0.2204397969,0.1536285865,0.1857334504,0,1,"S1|equal six ETFs, no cash,rebalance=year|no guard"
2026-03-27,0.1441981603,0.1452886052,0.1496945452,0.2215079277,0.1534516554,0.1858591063,0,1,"S1|equal six ETFs, no cash,rebalance=year|no guard"
2026-03-30,0.1425938055,0.1425713423,0.1457909397,0.230721666,0.1507326856,0.1875895611,0,1,"S1|equal six ETFs, no cash,rebalance=year|no guard"
2026-04-01,0.1666666667,0.1666666667,0.1666666667,0.1666666667,0.1666666667,0.1666666667,-2.220446049e-16,1,"S1|equal six ETFs, no cash,rebalance=year|no guard"
2026-04-02,0.1676975203,0.1673706273,0.1672823197,0.1638032575,0.1656206687,0.1682256066,0,1,"S1|equal six ETFs, no cash,rebalance=year|no guard"
2026-04-06,0.167003869,0.1669759535,0.1682825432,0.1644571869,0.1655734688,0.1677069786,0,1,"S1|equal six ETFs, no cash,rebalance=year|no guard"
2026-04-07,0.1672554671,0.167438303,0.1679380174,0.162561522,0.165442503,0.1693641877,0,1,"S1|equal six ETFs, no cash,rebalance=year|no guard"
2026-04-08,0.1667455042,0.168365586,0.1705390498,0.1593181534,0.1653166178,0.1697150889,-2.220446049e-16,1,"S1|equal six ETFs, no cash,rebalance=year|no guard"
2026-04-09,0.1664776437,0.169551389,0.1688461248,0.1588336642,0.1667450322,0.1695461462,-2.220446049e-16,1,"S1|equal six ETFs, no cash,rebalance=year|no guard"
2026-04-10,0.1660343344,0.1712177803,0.1697167734,0.1573345001,0.1667808985,0.1689157132,-2.220446049e-16,1,"S1|equal six ETFs, no cash,rebalance=year|no guard"
2026-04-13,0.165434879,0.1707549004,0.1696895542,0.158525712,0.1666526266,0.1689423277,0,1,"S1|equal six ETFs, no cash,rebalance=year|no guard"
2026-04-15,0.1641741118,0.1702857946,0.1678081854,0.1565022462,0.1665286968,0.1747009652,-2.220446049e-16,1,"S1|equal six ETFs, no cash,rebalance=year|no guard"
2026-04-16,0.1630007709,0.1706824448,0.165864751,0.1559645515,0.1663012856,0.1781861961,0,1,"S1|equal six ETFs, no cash,rebalance=year|no guard"
2026-04-17,0.1621513891,0.1711964293,0.1653471069,0.1530784709,0.1663226561,0.1819039478,-2.220446049e-16,1,"S1|equal six ETFs, no cash,rebalance=year|no guard"
2026-04-20,0.1620430507,0.1712546504,0.1655987974,0.1535887992,0.166325684,0.1811890183,0,1,"S1|equal six ETFs, no cash,rebalance=year|no guard"
2026-04-21,0.1620353295,0.1711135325,0.1664939642,0.152510714,0.1656882662,0.1821581936,0,1,"S1|equal six ETFs, no cash,rebalance=year|no guard"
2026-04-22,0.1608937602,0.1724048078,0.165934181,0.1522493895,0.1659907224,0.1825271391,0,1,"S1|equal six ETFs, no cash,rebalance=year|no guard"
2026-04-23,0.1609011868,0.1716490227,0.1649056714,0.1521858841,0.166493028,0.183865207,0,1,"S1|equal six ETFs, no cash,rebalance=year|no guard"
2026-04-24,0.1598367887,0.1709711616,0.1646940286,0.1524958662,0.1654928166,0.1865093384,0,1,"S1|equal six ETFs, no cash,rebalance=year|no guard"
2026-04-27,0.1595190111,0.1717882215,0.1638516002,0.1517727479,0.1666622236,0.1864061958,0,1,"S1|equal six ETFs, no cash,rebalance=year|no guard"
2026-04-28,0.1590485908,0.1715413655,0.1617236932,0.1499854339,0.1672189931,0.1904819235,0,1,"S1|equal six ETFs, no cash,rebalance=year|no guard"
2026-04-29,0.1601807467,0.1712994118,0.1617749003,0.1487943291,0.1673919344,0.1905586776,0,1,"S1|equal six ETFs, no cash,rebalance=year|no guard"
2026-04-30,0.1601833658,0.1704318242,0.1611533005,0.1516828936,0.1664286835,0.1901199325,0,1,"S1|equal six ETFs, no cash,rebalance=year|no guard"
2026-05-04,0.1603384063,0.1713524178,0.1601720173,0.1499263055,0.1669698208,0.1912410323,0,1,"S1|equal six ETFs, no cash,rebalance=year|no guard"
2026-05-05,0.1596062399,0.1718182214,0.1592163382,0.1494220121,0.1669910536,0.1929461347,0,1,"S1|equal six ETFs, no cash,rebalance=year|no guard"
2026-05-06,0.1591224334,0.171516043,0.1608507094,0.1493559227,0.1674552545,0.1916996369,0,1,"S1|equal six ETFs, no cash,rebalance=year|no guard"
2026-05-07,0.157974398,0.1710444763,0.1600595245,0.1491192279,0.1681990924,0.1936032808,0,1,"S1|equal six ETFs, no cash,rebalance=year|no guard"
2026-05-08,0.1574284231,0.170502839,0.1583725091,0.1490792131,0.1681684763,0.1964485394,1.110223025e-16,1,"S1|equal six ETFs, no cash,rebalance=year|no guard"
2026-05-11,0.1570409672,0.1696334394,0.1577930189,0.1495161678,0.1682754939,0.1977409128,1.110223025e-16,1,"S1|equal six ETFs, no cash,rebalance=year|no guard"
2026-05-12,0.1552036235,0.1666985351,0.156284147,0.1522685721,0.1652063218,0.2043388006,2.220446049e-16,1,"S1|equal six ETFs, no cash,rebalance=year|no guard"
2026-05-13,0.1533596087,0.165668705,0.1539633794,0.1588347828,0.1641962011,0.2039773231,1.110223025e-16,1,"S1|equal six ETFs, no cash,rebalance=year|no guard"
2026-05-14,0.1539609571,0.1662948641,0.154854734,0.1579293406,0.1653040548,0.2016560495,0,1,"S1|equal six ETFs, no cash,rebalance=year|no guard"
2026-05-15,0.1541623848,0.165820532,0.1541015435,0.1557509233,0.1653762775,0.2047883389,0,1,"S1|equal six ETFs, no cash,rebalance=year|no guard"
2026-05-18,0.1543506914,0.164239334,0.1540559389,0.15612708,0.1647970043,0.2064299514,0,1,"S1|equal six ETFs, no cash,rebalance=year|no guard"
2026-05-19,0.154292712,0.1650901949,0.1536524477,0.1571819158,0.1661599615,0.203622768,2.220446049e-16,1,"S1|equal six ETFs, no cash,rebalance=year|no guard"
2026-05-20,0.1543244923,0.1654485518,0.1536985818,0.1564275924,0.1668822179,0.2032185638,1.110223025e-16,1,"S1|equal six ETFs, no cash,rebalance=year|no guard"
2026-05-21,0.1544150354,0.165909459,0.1534941719,0.1570747696,0.1667288076,0.2023777564,-2.220446049e-16,1,"S1|equal six ETFs, no cash,rebalance=year|no guard"
2026-05-22,0.1537984958,0.1655310558,0.1543672681,0.1556439461,0.1658150864,0.2048441478,0,1,"S1|equal six ETFs, no cash,rebalance=year|no guard"
2026-05-25,0.1542170687,0.1667116401,0.1562623775,0.1544210952,0.1660436151,0.2023442034,0,1,"S1|equal six ETFs, no cash,rebalance=year|no guard"
2026-05-26,0.1537944753,0.167159016,0.155961712,0.1535554631,0.1670959216,0.202433412,0,1,"S1|equal six ETFs, no cash,rebalance=year|no guard"
2026-05-27,0.1537224986,0.1690698573,0.1553516978,0.1527819309,0.1677971201,0.2012768954,0,1,"S1|equal six ETFs, no cash,rebalance=year|no guard"
2026-05-29,0.152412082,0.1680203328,0.1541968054,0.1528038795,0.1661302343,0.206436666,-2.220446049e-16,1,"S1|equal six ETFs, no cash,rebalance=year|no guard"
2026-06-01,0.1526477089,0.1669143094,0.1535826382,0.1529510644,0.1655561494,0.2083481296,0,1,"S1|equal six ETFs, no cash,rebalance=year|no guard"
2026-06-02,0.1523356186,0.1667244911,0.1536438775,0.1537615696,0.1650328803,0.2085015631,1.110223025e-16,1,"S1|equal six ETFs, no cash,rebalance=year|no guard"
2026-06-03,0.1521317585,0.1660185924,0.1547494837,0.1525961957,0.1647011618,0.2098028079,0,1,"S1|equal six ETFs, no cash,rebalance=year|no guard"
2026-06-04,0.1515043853,0.1658072135,0.1545227981,0.1529620136,0.1646925351,0.2105110544,0,1,"S1|equal six ETFs, no cash,rebalance=year|no guard"
2026-06-05,0.1514018973,0.1662134152,0.155056352,0.1521395314,0.1642789378,0.2109098664,1.110223025e-16,1,"S1|equal six ETFs, no cash,rebalance=year|no guard"
2026-06-08,0.1527712707,0.1666241621,0.1569000828,0.1507572346,0.1651815576,0.2077656921,0,1,"S1|equal six ETFs, no cash,rebalance=year|no guard"
2026-06-09,0.1529234509,0.1682884792,0.1592327514,0.1516400254,0.1665551198,0.2013601732,0,1,"S1|equal six ETFs, no cash,rebalance=year|no guard"
2026-06-10,0.1537987039,0.1678042668,0.1602614741,0.1477990329,0.1656813366,0.2046551857,-2.220446049e-16,1,"S1|equal six ETFs, no cash,rebalance=year|no guard"
2026-06-11,0.1546331409,0.1671612151,0.1617622782,0.1465578906,0.1655210196,0.2043644556,0,1,"S1|equal six ETFs, no cash,rebalance=year|no guard"
2026-06-12,0.1551740011,0.1683124703,0.1636825003,0.1473904617,0.1666223158,0.1988182508,0,1,"S1|equal six ETFs, no cash,rebalance=year|no guard"
2026-06-15,0.1537870808,0.1689654275,0.1617275155,0.1471749926,0.1658636944,0.2024812892,0,1,"S1|equal six ETFs, no cash,rebalance=year|no guard"
2026-06-16,0.1540996568,0.1689572872,0.1616931937,0.1469450839,0.1662621044,0.2020426739,0,1,"S1|equal six ETFs, no cash,rebalance=year|no guard"
2026-06-17,0.1541424442,0.1692110359,0.1617134073,0.1457515487,0.166175015,0.2030065489,1.110223025e-16,1,"S1|equal six ETFs, no cash,rebalance=year|no guard"
2026-06-18,0.154585721,0.1699523896,0.1627886354,0.1437925856,0.166873187,0.2020074814,0,1,"S1|equal six ETFs, no cash,rebalance=year|no guard"
2026-06-19,0.1548986788,0.1704026831,0.1636045103,0.1418627947,0.1681100398,0.2011212934,-2.220446049e-16,1,"S1|equal six ETFs, no cash,rebalance=year|no guard"
2026-06-22,0.1539021495,0.1701127798,0.1625694418,0.142140123,0.1674041191,0.2038713867,1.110223025e-16,1,"S1|equal six ETFs, no cash,rebalance=year|no guard"
2026-06-23,0.1540126479,0.1701458867,0.1626366071,0.1411097026,0.1674202522,0.2046749035,0,1,"S1|equal six ETFs, no cash,rebalance=year|no guard"
2026-06-24,0.154456122,0.1695091735,0.1646546061,0.1389615822,0.1668503914,0.2055681248,-2.220446049e-16,1,"S1|equal six ETFs, no cash,rebalance=year|no guard"
2026-06-25,0.156402208,0.1714489929,0.1661724765,0.1372229666,0.1676350871,0.201118269,0,1,"S1|equal six ETFs, no cash,rebalance=year|no guard"
2026-06-29,0.1561938053,0.170543459,0.1656396463,0.1394401169,0.1673863625,0.20079661,-2.220446049e-16,1,"S1|equal six ETFs, no cash,rebalance=year|no guard"
2026-06-30,0.1558797319,0.1706383009,0.1650622009,0.1387833066,0.1680646784,0.2015717813,0,1,"S1|equal six ETFs, no cash,rebalance=year|no guard"
2026-07-01,0.155588307,0.1707972118,0.1655506672,0.1373839658,0.1676809366,0.2029989116,0,1,"S1|equal six ETFs, no cash,rebalance=year|no guard"
2026-07-02,0.1551041967,0.1701076023,0.1637837303,0.1388890913,0.1671255512,0.2049898283,0,1,"S1|equal six ETFs, no cash,rebalance=year|no guard"
2026-07-03,0.1558120274,0.1694969225,0.1635668308,0.141781183,0.166543097,0.2027999392,1.110223025e-16,1,"S1|equal six ETFs, no cash,rebalance=year|no guard"
2026-07-06,0.1567863736,0.1705197,0.1644843619,0.1409426624,0.1672868763,0.1999800258,0,1,"S1|equal six ETFs, no cash,rebalance=year|no guard"
2026-07-07,0.1570361128,0.1700318949,0.1650735481,0.1402607508,0.1674097518,0.2001879416,1.110223025e-16,1,"S1|equal six ETFs, no cash,rebalance=year|no guard"
2026-07-08,0.1566236872,0.1697395538,0.1635087175,0.140703364,0.1674285032,0.2019961743,0,1,"S1|equal six ETFs, no cash,rebalance=year|no guard"
2026-07-09,0.1560702841,0.1697829616,0.1636422612,0.1413995174,0.1685195032,0.2005854725,0,1,"S1|equal six ETFs, no cash,rebalance=year|no guard"
2026-07-10,0.155881983,0.1703392272,0.1641536631,0.1397117692,0.1694910961,0.2004222614,0,1,"S1|equal six ETFs, no cash,rebalance=year|no guard"
2026-07-13,0.155873889,0.1696090679,0.1641637677,0.1381817591,0.1690920364,0.2030794798,0,1,"S1|equal six ETFs, no cash,rebalance=year|no guard"
2026-07-14,0.1554684403,0.1697624499,0.1631040684,0.137654242,0.1694806409,0.2045301585,-2.220446049e-16,1,"S1|equal six ETFs, no cash,rebalance=year|no guard"
2026-07-15,0.1557625842,0.1704270815,0.1641588151,0.1382454418,0.1699089176,0.2014971598,1.110223025e-16,1,"S1|equal six ETFs, no cash,rebalance=year|no guard"
2026-07-16,0.1555213121,0.1695522576,0.1635756287,0.1379598159,0.1690425463,0.2043484393,2.220446049e-16,1,"S1|equal six ETFs, no cash,rebalance=year|no guard"
2026-07-17,0.1567486719,0.1691739085,0.1655307763,0.1370016985,0.1678583599,0.203686585,0,1,"S1|equal six ETFs, no cash,rebalance=year|no guard"
2026-07-20,0.1564522079,0.170567374,0.1644602055,0.1384231985,0.1691729547,0.2009240594,0,1,"S1|equal six ETFs, no cash,rebalance=year|no guard"
2026-07-21,0.1564347286,0.1714699247,0.1645296725,0.1396901232,0.1698052915,0.1980702594,0,1,"S1|equal six ETFs, no cash,rebalance=year|no guard"
2026-07-22,0.1560219044,0.1710671214,0.1631443156,0.1419029866,0.1686489624,0.1992147096,-2.220446049e-16,1,"S1|equal six ETFs, no cash,rebalance=year|no guard"
2026-07-23,0.1555199343,0.1706411034,0.1619211533,0.1416271631,0.1673772124,0.2029134336,-2.220446049e-16,1,"S1|equal six ETFs, no cash,rebalance=year|no guard"
2026-07-24,0.155355062,0.1709573723,0.1624962481,0.1409463004,0.1673977393,0.2028472779,0,1,"S1|equal six ETFs, no cash,rebalance=year|no guard"
2026-07-27,0.1562641419,0.1720318796,0.1630397145,0.1413840321,0.168743721,0.1985365109,0,1,"S1|equal six ETFs, no cash,rebalance=year|no guard"
2026-07-28,0.1571992879,0.1722442907,0.1629696186,0.1401145761,0.1699674674,0.1975047593,1.110223025e-16,1,"S1|equal six ETFs, no cash,rebalance=year|no guard"
2026-07-29,0.1580825302,0.1726399119,0.1636864209,0.1397559068,0.1707870977,0.1950481326,0,1,"S1|equal six ETFs, no cash,rebalance=year|no guard"
2026-07-30,0.1587095333,0.1730900186,0.1637545786,0.1405931049,0.1704691653,0.1933835994,1.110223025e-16,1,"S1|equal six ETFs, no cash,rebalance=year|no guard"
2026-07-31,0.1593499826,0.1757012527,0.1641913435,0.1403755806,0.1712139648,0.1891678759,1.110223025e-16,1,"S1|equal six ETFs, no cash,rebalance=year|no guard"
2026-08-03,0.1589207769,0.1749907772,0.1637078596,0.1389496806,0.1701308723,0.1933000334,1.110223025e-16,1,"S1|equal six ETFs, no cash,rebalance=year|no guard"
2026-08-04,0.1584318829,0.1752178301,0.1634031159,0.1389283942,0.1700149504,0.1940038266,-2.220446049e-16,1,"S1|equal six ETFs, no cash,rebalance=year|no guard"
2026-08-05,0.1577336243,0.1745266527,0.1621526278,0.140371707,0.1695480245,0.1956673637,-2.220446049e-16,1,"S1|equal six ETFs, no cash,rebalance=year|no guard"
2026-08-06,0.156291514,0.1728660866,0.1613443854,0.1423677817,0.1673516049,0.1997786274,1.110223025e-16,1,"S1|equal six ETFs, no cash,rebalance=year|no guard"
2026-08-07,0.1562781501,0.1734023463,0.1613967838,0.1438144353,0.1668352048,0.1982730796,0,1,"S1|equal six ETFs, no cash,rebalance=year|no guard"
2026-08-10,0.1561934188,0.1732123527,0.160406656,0.144784963,0.1682290742,0.1971735353,0,1,"S1|equal six ETFs, no cash,rebalance=year|no guard"
2026-08-11,0.1551634783,0.1726122491,0.1595984464,0.1456059938,0.16789165,0.1991281823,-2.220446049e-16,1,"S1|equal six ETFs, no cash,rebalance=year|no guard"
2026-08-12,0.1545673153,0.1721526973,0.16055762,0.1465464873,0.1677089338,0.1984669463,0,1,"S1|equal six ETFs, no cash,rebalance=year|no guard"
2026-08-13,0.1546295844,0.1726160421,0.1604356611,0.1455645937,0.1684589478,0.198295171,-2.220446049e-16,1,"S1|equal six ETFs, no cash,rebalance=year|no guard"
2026-08-14,0.1547067477,0.1726099368,0.1599769528,0.1451318752,0.1680862279,0.1994882595,0,1,"S1|equal six ETFs, no cash,rebalance=year|no guard"
2026-08-17,0.1538116232,0.1719808055,0.1598507514,0.1460105035,0.1671838164,0.2011625,0,1,"S1|equal six ETFs, no cash,rebalance=year|no guard"
2026-08-18,0.1532920199,0.1720175801,0.1594011713,0.1464827922,0.167296803,0.2015096335,0,1,"S1|equal six ETFs, no cash,rebalance=year|no guard"
2026-08-19,0.1530610277,0.1713876599,0.1595883303,0.1462361381,0.167406435,0.2023204089,0,1,"S1|equal six ETFs, no cash,rebalance=year|no guard"
2026-08-20,0.1535392332,0.1714067297,0.1597084435,0.149308027,0.1677450904,0.1982924762,0,1,"S1|equal six ETFs, no cash,rebalance=year|no guard"
2026-08-21,0.1532587444,0.1703715269,0.1597615968,0.1517526021,0.1673480211,0.1975075087,0,1,"S1|equal six ETFs, no cash,rebalance=year|no guard"
2026-08-24,0.1528892356,0.1704387679,0.1590720852,0.1538412179,0.167604832,0.1961538613,0,1,"S1|equal six ETFs, no cash,rebalance=year|no guard"
2026-08-25,0.1530498041,0.1708509088,0.1587225921,0.1531309884,0.1680063772,0.1962393293,0,1,"S1|equal six ETFs, no cash,rebalance=year|no guard"
2026-08-26,0.1530976939,0.1714414287,0.1599267161,0.152661816,0.1684473087,0.1944250367,0,1,"S1|equal six ETFs, no cash,rebalance=year|no guard"
2026-08-27,0.1530389954,0.1719322538,0.1598628214,0.1506246403,0.1687256119,0.1958156772,1.110223025e-16,1,"S1|equal six ETFs, no cash,rebalance=year|no guard"
2026-08-28,0.1530399694,0.1710497336,0.1597378083,0.1516181524,0.1685562859,0.1959980504,0,1,"S1|equal six ETFs, no cash,rebalance=year|no guard"
2026-08-31,0.1532168889,0.1701224994,0.1602296942,0.1481014323,0.1685016465,0.1998278386,0,1,"S1|equal six ETFs, no cash,rebalance=year|no guard"
2026-09-01,0.1535286741,0.1702502533,0.1610222197,0.1469610853,0.1685623961,0.1996753715,0,1,"S1|equal six ETFs, no cash,rebalance=year|no guard"
2026-09-02,0.1537386257,0.1709645341,0.1613702101,0.1453923273,0.1683779532,0.2001563497,1.110223025e-16,1,"S1|equal six ETFs, no cash,rebalance=year|no guard"
2026-09-03,0.1535193385,0.1707504475,0.1619846571,0.1483321735,0.168613959,0.1967994244,1.110223025e-16,1,"S1|equal six ETFs, no cash,rebalance=year|no guard"
2026-09-04,0.1534943754,0.1708259961,0.1616278076,0.1490625382,0.1681917108,0.1967975719,0,1,"S1|equal six ETFs, no cash,rebalance=year|no guard"
2026-09-07,0.1521996317,0.1696338904,0.1602304258,0.1470658078,0.1671771056,0.2036931387,0,1,"S1|equal six ETFs, no cash,rebalance=year|no guard"
2026-09-08,0.1508667438,0.1691562568,0.1588380647,0.1467071825,0.1666211578,0.2078105943,0,1,"S1|equal six ETFs, no cash,rebalance=year|no guard"
2026-09-09,0.1505343624,0.1703636754,0.1587386591,0.1473508916,0.1666924248,0.2063199867,0,1,"S1|equal six ETFs, no cash,rebalance=year|no guard"
2026-09-10,0.1509906956,0.170729092,0.1591628996,0.1488350377,0.1670664206,0.2032158544,-2.220446049e-16,1,"S1|equal six ETFs, no cash,rebalance=year|no guard"
2026-09-11,0.1512205755,0.1701747184,0.1601963053,0.1478025858,0.1672898437,0.2033159713,1.110223025e-16,1,"S1|equal six ETFs, no cash,rebalance=year|no guard"
2026-09-15,0.1518994972,0.1683438683,0.1605273158,0.148105571,0.1662881134,0.2048356344,0,1,"S1|equal six ETFs, no cash,rebalance=year|no guard"
2026-09-16,0.1519681878,0.1686055278,0.1612604056,0.149470186,0.1664900464,0.2022056465,0,1,"S1|equal six ETFs, no cash,rebalance=year|no guard"
2026-09-17,0.1526698837,0.1702798371,0.1610716137,0.1489874117,0.1673484542,0.1996427997,0,1,"S1|equal six ETFs, no cash,rebalance=year|no guard"
2026-09-18,0.151185652,0.1703394393,0.1597675144,0.1497165002,0.1667869786,0.2022039154,-2.220446049e-16,1,"S1|equal six ETFs, no cash,rebalance=year|no guard"
2026-09-21,0.1517818193,0.1704870807,0.1601285459,0.1485399524,0.1670489142,0.2020136874,0,1,"S1|equal six ETFs, no cash,rebalance=year|no guard"
2026-09-22,0.1521237852,0.1707642162,0.1606760585,0.148821325,0.1675522359,0.2000623792,-2.220446049e-16,1,"S1|equal six ETFs, no cash,rebalance=year|no guard"
2026-09-23,0.1519605104,0.1712830914,0.1604956566,0.1478138462,0.1678257027,0.2006211927,0,1,"S1|equal six ETFs, no cash,rebalance=year|no guard"
2026-09-24,0.1521816029,0.1714823753,0.1602249981,0.1484836854,0.1668173691,0.2008099692,0,1,"S1|equal six ETFs, no cash,rebalance=year|no guard"
2026-09-25,0.1516461549,0.1714351701,0.1597013176,0.1490809337,0.1673274262,0.2008089975,0,1,"S1|equal six ETFs, no cash,rebalance=year|no guard"
2026-09-28,0.1520282621,0.1709633945,0.1592518816,0.1475859653,0.1661841976,0.2039862988,1.110223025e-16,1,"S1|equal six ETFs, no cash,rebalance=year|no guard"
2026-09-29,0.1521922151,0.1717532534,0.1597832615,0.147665808,0.1662832924,0.2023221697,0,1,"S1|equal six ETFs, no cash,rebalance=year|no guard"
2026-09-30,0.1515507546,0.1704652799,0.1605557251,0.148757457,0.1655343255,0.203136458,0,1,"S1|equal six ETFs, no cash,rebalance=year|no guard"
