name,family,trades,train_trades,scale,train_cagr,train_fall,test_cagr,test_fall,win_rate,points_per_trade
theta|strangle3|entry=105|legsl=None|tgt=None|sl=None|days=all|vix=None,theta,2257,1300,0.2568164427344315,0.17452896474262847,0.05000363011512776,0.43617040671399065,0.14049225099492468,0.7120070890562694,11.466889546944286
"theta|strangle2|entry=15|legsl=0.25|tgt=0.5|sl=1.0|days=nonexpiry|vix=(-3.0, 3.0)",theta,1486,924,0.22367844520868704,0.1622278057096027,0.050016426169739114,0.10951469888583598,0.04347687426362579,0.6675639300134589,7.264135294422325
"theta|strangle2|entry=15|legsl=0.25|tgt=0.5|sl=1.0|days=all|vix=(-3.0, 3.0)",theta,1634,958,0.23627901683862373,0.16041638874639474,0.050008296307087696,0.0750987713911806,0.03569436312658847,0.6089351285189718,4.983281725249791
"theta|strangle2|entry=15|legsl=0.25|tgt=None|sl=None|days=nonexpiry|vix=(-3.0, 3.0)",theta,1486,924,0.2192271151806283,0.15972888669272844,0.05001793957051781,0.10809155623230993,0.04252829119538115,0.6668909825033648,7.282081738254422
"theta|strangle2|entry=15|legsl=0.25|tgt=None|sl=None|days=all|vix=(-3.0, 3.0)",theta,1634,958,0.23132069551207463,0.15781472981503164,0.050010034609405785,0.07433226495136736,0.03499900408083645,0.6083231334149327,4.999602664989385
theta|strangle3|entry=105|legsl=None|tgt=0.5|sl=1.0|days=all|vix=None,theta,2257,1300,0.22521513236137225,0.15070693550286074,0.05000686211047645,0.2735722338972406,0.1021656386488986,0.7111209570225964,9.051350440701182
theta|strangle2|entry=15|legsl=0.4|tgt=0.5|sl=1.0|days=all|vix=None,theta,2325,1337,0.15798276247480736,0.14949737001202523,0.05001657041808005,0.06789958642227534,0.03701195411474545,0.6103225806451613,4.836677654157744
theta|strangle2|entry=15|legsl=0.4|tgt=0.5|sl=1.0|days=nonexpiry|vix=None,theta,2142,1291,0.14268248553495194,0.1494677291054376,0.0500301546626023,0.10341622408722051,0.038551652677220494,0.6587301587301587,7.398756571298614
"theta|strangle2|entry=15|legsl=0.5|tgt=0.5|sl=1.0|days=nonexpiry|vix=(-3.0, 3.0)",theta,1486,924,0.1974376483038452,0.1489552014398723,0.05004360347846548,0.11037475672844765,0.04646794085873984,0.676985195154778,7.908007674807269
theta|strangle3|entry=105|legsl=None|tgt=None|sl=None|days=nonexpiry|vix=None,theta,2142,1291,0.2568164427344315,0.1476092727229601,0.05000363011512776,0.12111433591855003,0.06071373090863075,0.6965452847805789,4.57591148295545
theta|strangle3|entry=15|legsl=0.25|tgt=None|sl=None|days=nonexpiry|vix=None,theta,2142,1291,0.17505885688078815,0.1476041601984266,0.050008037572450315,0.1067794068260699,0.036050406982535366,0.6321195144724556,5.933387728571835
"theta|strangle2|entry=15|legsl=0.5|tgt=None|sl=None|days=nonexpiry|vix=(-3.0, 3.0)",theta,1486,924,0.1948304112392314,0.14752918926499237,0.050045773076821454,0.10969370035718451,0.045803374138780995,0.676985195154778,7.936685253357278
theta|strangle3|entry=15|legsl=0.25|tgt=0.5|sl=1.0|days=nonexpiry|vix=None,theta,2142,1291,0.18220235784785863,0.14712136367613637,0.05000733801118529,0.10813618622526988,0.0376032167904502,0.6321195144724556,5.7446959946409875
theta|strangle2|entry=15|legsl=0.4|tgt=None|sl=None|days=nonexpiry|vix=None,theta,2142,1291,0.1386467901492257,0.1467681322525718,0.050032739698406936,0.10215216800379112,0.03775642029177462,0.6582633053221288,7.470232688209205
theta|strangle2|entry=15|legsl=0.4|tgt=None|sl=None|days=all|vix=None,theta,2325,1337,0.15306030099605056,0.1465105666399933,0.050018284542729274,0.06921169951986705,0.035761223048071944,0.6098924731182795,4.983001935698482
theta|strangle3|entry=15|legsl=0.25|tgt=None|sl=None|days=all|vix=None,theta,2247,1298,0.17505885688078815,0.14592956292175407,0.050008037572450315,0.08660463941368124,0.03362615013368353,0.6030262572318648,4.922819688233417
theta|strangle3|entry=15|legsl=0.25|tgt=0.5|sl=1.0|days=all|vix=None,theta,2247,1298,0.18220235784785863,0.14538136464617146,0.05000733801118529,0.08639445514940491,0.03510463644614581,0.6030262572318648,4.708938465436989
"theta|strangle2|entry=15|legsl=0.5|tgt=0.5|sl=1.0|days=all|vix=(-3.0, 3.0)",theta,1634,958,0.2154224547358417,0.1450912804825737,0.050028558247827704,0.05771153157035713,0.0288578286120853,0.6193390452876377,4.377411790574808
"theta|strangle2|entry=15|legsl=0.4|tgt=0.5|sl=1.0|days=nonexpiry|vix=(-3.0, 3.0)",theta,1486,924,0.19095577515808415,0.14496182501058263,0.05004565159415897,0.10462356042927246,0.04636277377748255,0.6722745625841184,7.831238694549426
theta|strangle3|entry=15|legsl=0.4|tgt=None|sl=None|days=nonexpiry|vix=None,theta,2142,1291,0.14500732707288708,0.1442699372743117,0.05002008435236727,0.11196412222100505,0.03684753694056875,0.6610644257703081,7.43610183861844
theta|strangle3|entry=15|legsl=0.4|tgt=0.5|sl=1.0|days=nonexpiry|vix=None,theta,2142,1291,0.14915686948824944,0.14411804587225974,0.050019773897358455,0.11302487914921278,0.0371786087583601,0.661531279178338,7.269982368851582
"theta|strangle2|entry=15|legsl=0.5|tgt=None|sl=None|days=all|vix=(-3.0, 3.0)",theta,1634,958,0.21232008990482507,0.14359041966279862,0.05003057070531214,0.05772265277841071,0.028348270353016125,0.6193390452876377,4.403491889549906
"theta|strangle2|entry=15|legsl=0.4|tgt=None|sl=None|days=nonexpiry|vix=(-3.0, 3.0)",theta,1486,924,0.1883218166007077,0.14328514485436217,0.05004614278472319,0.10384207398080325,0.04566399553100964,0.6716016150740243,7.844762752956865
theta|strangle2|entry=15|legsl=0.25|tgt=0.5|sl=1.0|days=all|vix=None,theta,2325,1337,0.1453014574705892,0.14235374727824834,0.05000184086717041,0.06861837541347726,0.025090073226280984,0.607741935483871,5.061068493560871
theta|strangle3|entry=15|legsl=0.4|tgt=None|sl=None|days=all|vix=None,theta,2247,1298,0.14500732707288708,0.14224002246083312,0.05002008435236727,0.0861849843536513,0.025090431055735607,0.6306186025812194,5.931202273467049
theta|strangle3|entry=15|legsl=0.4|tgt=0.5|sl=1.0|days=all|vix=None,theta,2247,1298,0.14915686948824944,0.14203195812760527,0.050019773897358455,0.08596957354484935,0.026889187764139955,0.6310636404094349,5.743592873909616
theta|strangle2|entry=15|legsl=0.25|tgt=0.5|sl=1.0|days=nonexpiry|vix=None,theta,2142,1291,0.1348651830064376,0.14175419648714893,0.05000545511542853,0.09148936886558245,0.03423226336960661,0.6573295985060691,6.946454758842339
"theta|strangle2|entry=15|legsl=0.4|tgt=0.5|sl=1.0|days=all|vix=(-3.0, 3.0)",theta,1634,958,0.2046017528724322,0.14158276103660072,0.05003042447785877,0.06287656929211538,0.03242734048804896,0.6144430844553244,4.811154658397364
"theta|strangle2|entry=105|legsl=None|tgt=0.5|sl=1.0|days=nonexpiry|vix=(-3.0, 3.0)",theta,1430,872,0.2910384942133552,0.14147285170810253,0.05000624011716115,0.12286535696358869,0.05227423806000275,0.7062937062937062,5.839621362502758
theta|strangle2|entry=15|legsl=0.25|tgt=None|sl=None|days=all|vix=None,theta,2325,1337,0.14277688990225065,0.14120153799794144,0.05000198960193769,0.07024530654112304,0.02779827169175897,0.6073118279569892,5.211270465713213
theta|strangle2|entry=15|legsl=0.25|tgt=None|sl=None|days=nonexpiry|vix=None,theta,2142,1291,0.13268368926668694,0.1406987182309476,0.05000586739519597,0.09111494669558762,0.034009810094782766,0.6568627450980392,7.0141190450433015
"theta|strangle2|entry=15|legsl=0.4|tgt=None|sl=None|days=all|vix=(-3.0, 3.0)",theta,1634,958,0.201606832830783,0.13985077479188734,0.05003677372491877,0.06265688154166904,0.03185388647446796,0.6138310893512852,4.823453771490056
dir|debit_spread|signal=orb_reversal|tgt=None|sl=None|days=all,directional,2415,1392,0.0013785430692897717,0.13892624582185298,0.050000141629942485,0.12257797178476859,0.046696033760301736,0.4546583850931677,-1.3659246152155642
"theta|butterfly4|entry=5|legsl=0.4|tgt=0.5|sl=1.0|days=nonexpiry|vix=(-3.0, 3.0)",theta,1491,916,0.005265035761921295,0.13656875310779082,0.05000338578450725,0.2287431629521246,0.09790392687690197,0.5077129443326627,-1.5943021228388885
"theta|butterfly4|entry=5|legsl=0.4|tgt=0.5|sl=1.0|days=all|vix=(-3.0, 3.0)",theta,1522,916,0.005265035761921295,0.13656875310779082,0.05000338578450725,0.2606350558164743,0.10118106384580905,0.5177398160315374,-0.5781905011879376
dir|buy_atm|signal=rsi_momentum|tgt=None|sl=None|days=all,directional,2503,1454,0.002216417476174615,0.13581856334073827,0.05006790813136264,0.10473277603022035,0.06676202699476008,0.3831402317219337,-4.725523138685651
"theta|strangle2|entry=105|legsl=None|tgt=None|sl=None|days=nonexpiry|vix=(-3.0, 3.0)",theta,1430,872,0.25858256437658705,0.13510209662811157,0.05001949792076399,0.11039036812142422,0.04609201280126196,0.706993006993007,5.92019737775009
theta|strangle3|entry=105|legsl=None|tgt=0.5|sl=1.0|days=nonexpiry|vix=None,theta,2142,1291,0.22521513236137225,0.13454100723312123,0.05000686211047645,0.10152228293390064,0.05892035451535027,0.6956115779645191,4.399540707859116
"theta|strangle2|entry=105|legsl=0.5|tgt=0.5|sl=1.0|days=nonexpiry|vix=(-3.0, 3.0)",theta,1430,872,0.23190955211541167,0.134201954706769,0.050029444803074696,0.12215329264045183,0.04826674007233556,0.6958041958041958,7.095991265202102
"theta|strangle3|entry=5|legsl=0.5|tgt=None|sl=None|days=nonexpiry|vix=(-3.0, 3.0)",theta,1491,916,0.207396858887278,0.13416986270717324,0.05003362813904111,0.12411796080286996,0.03621701455304083,0.6599597585513078,7.491849869272135
"theta|strangle2|entry=5|legsl=0.4|tgt=0.5|sl=1.0|days=nonexpiry|vix=(-3.0, 3.0)",theta,1491,916,0.18474377252257035,0.13393496329755683,0.050044824207692185,0.11786645053212097,0.04248688275042811,0.6673373574782026,8.369894783332528
"theta|strangle2|entry=105|legsl=0.5|tgt=None|sl=None|days=nonexpiry|vix=(-3.0, 3.0)",theta,1430,872,0.2306969507907562,0.13392007677603002,0.0500296576448902,0.12172909897222617,0.04801366198576251,0.6958041958041958,7.106593300757908
"theta|strangle3|entry=5|legsl=0.5|tgt=None|sl=None|days=all|vix=(-3.0, 3.0)",theta,1563,919,0.207396858887278,0.13331047935587947,0.05003362813904111,0.09941353908070716,0.025207753960772905,0.6295585412667947,6.030563431654904
"theta|strangle3|entry=5|legsl=0.5|tgt=0.5|sl=1.0|days=nonexpiry|vix=(-3.0, 3.0)",theta,1491,916,0.20908107058630365,0.1332992932159518,0.05003325158775407,0.12279220373817701,0.035409265662245004,0.6606304493628438,7.348652154960318
"theta|strangle3|entry=5|legsl=0.5|tgt=0.5|sl=1.0|days=all|vix=(-3.0, 3.0)",theta,1563,919,0.20908107058630365,0.132433717937688,0.05003325158775407,0.09792349670347145,0.025447731426395337,0.6301983365323096,5.893962157157835
"theta|strangle2|entry=5|legsl=0.4|tgt=None|sl=None|days=nonexpiry|vix=(-3.0, 3.0)",theta,1491,916,0.18150384979675027,0.1323685855022354,0.05004567989449704,0.11770680791530319,0.0424426172837038,0.6673373574782026,8.448660479194174
"theta|strangle3|entry=105|legsl=None|tgt=None|sl=None|days=all|vix=(-3.0, 3.0)",theta,1507,877,0.24564251986428617,0.13233192213637324,0.04999948055017611,0.2861834510146586,0.10729713233832427,0.7392169873921699,12.148083999470202
"theta|straddle|entry=105|legsl=0.5|tgt=0.5|sl=1.0|days=expiry|vix=(-3.0, 3.0)",theta,249,110,0.2478682818230684,0.1319066291359654,0.05006200445224773,0.17926386233722247,0.05520094512129958,0.9116465863453815,47.294445809059454
"theta|strangle2|entry=5|legsl=0.4|tgt=0.5|sl=1.0|days=all|vix=(-3.0, 3.0)",theta,1633,949,0.19328293092681317,0.13096768982462748,0.05004000699874456,0.08409467207252752,0.029122956288681445,0.6111451316595223,5.763335340300251
"theta|straddle|entry=105|legsl=0.5|tgt=None|sl=None|days=expiry|vix=(-3.0, 3.0)",theta,249,110,0.22811708793489868,0.1309096104678502,0.05007184054627423,0.18845225283763112,0.0574968040875401,0.9116465863453815,53.52510721354657
theta|strangle2|entry=15|legsl=0.5|tgt=0.5|sl=1.0|days=nonexpiry|vix=None,theta,2142,1291,0.12275890698019605,0.13087773160827876,0.05003241178455353,0.09780493623263986,0.031124522293550227,0.665266106442577,7.619776514253295
"theta|strangle2|entry=105|legsl=0.4|tgt=0.5|sl=1.0|days=nonexpiry|vix=(-3.0, 3.0)",theta,1430,872,0.21005796035223737,0.1307743306050757,0.05003535785551616,0.11563356583168538,0.046611370328510704,0.7083916083916084,7.3963964788864125
"theta|strangle3|entry=105|legsl=None|tgt=0.5|sl=1.0|days=all|vix=(-3.0, 3.0)",theta,1507,877,0.26090728614295716,0.13070048104288978,0.049999638787537326,0.24338321704053478,0.09243040649572531,0.7378898473788985,10.018421146018504
theta|strangle2|entry=105|legsl=0.4|tgt=None|sl=None|days=all|vix=None,theta,2343,1342,0.1752654182756636,0.13038981861338006,0.0500021727091251,0.15777352404470557,0.06412572454728915,0.6722151088348272,7.211372347838599
"theta|strangle2|entry=105|legsl=0.4|tgt=None|sl=None|days=nonexpiry|vix=(-3.0, 3.0)",theta,1430,872,0.20879352511565855,0.13029657600158595,0.05003564366135216,0.11517811520694288,0.04632808857507509,0.7083916083916084,7.4033875872005535
theta|strangle2|entry=105|legsl=0.4|tgt=0.5|sl=1.0|days=all|vix=None,theta,2343,1342,0.17527709666275895,0.1302442327128035,0.05000215321796364,0.14368380628690502,0.05703817756904006,0.6722151088348272,6.731567069734973
theta|strangle2|entry=15|legsl=0.5|tgt=0.5|sl=1.0|days=all|vix=None,theta,2325,1337,0.13633521103002882,0.12996486641715577,0.05001960372691805,0.05943459374005622,0.033838715904318084,0.6172043010752688,4.618377025870374
"theta|strangle2|entry=5|legsl=0.4|tgt=None|sl=None|days=all|vix=(-3.0, 3.0)",theta,1633,949,0.18974339209878002,0.1293849895727952,0.05004074427726635,0.08466833452633482,0.028560988110560404,0.6111451316595223,5.840169723206579
theta|strangle2|entry=15|legsl=0.5|tgt=None|sl=None|days=nonexpiry|vix=None,theta,2142,1291,0.11985730234874928,0.12928103656279588,0.05003331991590576,0.09701806423014081,0.030734012108051822,0.665266106442577,7.704377997622813
dir|debit_spread|signal=sma20_cross|tgt=None|sl=None|days=all,directional,2373,1361,0.0030143592135706246,0.12888683573682025,0.05001549782008985,0.20798463688452196,0.07684873441066442,0.41677201854193,-1.750400119400004
theta|strangle2|entry=15|legsl=0.5|tgt=None|sl=None|days=all|vix=None,theta,2325,1337,0.13278061207186131,0.12822173334401832,0.05002125315221251,0.06082957323923055,0.032873159917383155,0.6172043010752688,4.772011826970007
theta|strangle2|entry=105|legsl=None|tgt=0.5|sl=1.0|days=nonexpiry|vix=None,theta,2142,1291,0.21018208452028217,0.1280862391455695,0.0500036712344617,0.09260347089841359,0.057005613959449586,0.6774042950513539,4.380435421019375
theta|strangle3|entry=15|legsl=0.5|tgt=None|sl=None|days=nonexpiry|vix=None,theta,2142,1291,0.12249287116480555,0.12801392105167664,0.05002631052179374,0.10172137581971397,0.03156392955066356,0.6563958916900093,7.724286291906856
theta|strangle2|entry=105|legsl=0.4|tgt=0.5|sl=1.0|days=nonexpiry|vix=None,theta,2142,1291,0.13356995939018929,0.12774196557542572,0.05001157089675512,0.10392651429221367,0.031949628868012,0.6904761904761905,7.374404677000715
"theta|strangle2|entry=105|legsl=None|tgt=0.5|sl=1.0|days=all|vix=(-3.0, 3.0)",theta,1567,904,0.17413555200522676,0.12766269425250876,0.05003813152463865,0.19968577484905703,0.06950619516082635,0.7319719208679004,12.217001988560666
theta|strangle3|entry=15|legsl=0.5|tgt=0.5|sl=1.0|days=nonexpiry|vix=None,theta,2142,1291,0.125759757459662,0.12753217102153558,0.05002487866294314,0.10224437145285226,0.03174733909557348,0.6568627450980392,7.536021151487388
theta|strangle2|entry=105|legsl=0.4|tgt=None|sl=None|days=nonexpiry|vix=None,theta,2142,1291,0.13299856461041282,0.1274049345542836,0.0500117806024547,0.10379960665779242,0.03178817416041613,0.6904761904761905,7.38662895536747
theta|strangle2|entry=105|legsl=None|tgt=None|sl=None|days=nonexpiry|vix=None,theta,2142,1291,0.2076442832532585,0.12713384931423022,0.0500029709534866,0.09554840047005642,0.050620307348077986,0.6783380018674137,4.4831261854167295
"theta|strangle3|entry=15|legsl=0.25|tgt=None|sl=None|days=nonexpiry|vix=(-3.0, 3.0)",theta,1486,924,0.257124046488792,0.12646678300400693,0.05005025370525584,0.096001258275908,0.04251606286068932,0.6271870794078062,5.055631382495044
"theta|strangle2|entry=105|legsl=0.25|tgt=None|sl=None|days=all|vix=(-3.0, 3.0)",theta,1567,904,0.3160532309500642,0.1262428417397854,0.04995071666003237,0.07849375725532637,0.0633791870032685,0.6388002552648373,3.3840654412321616
"theta|strangle2|entry=105|legsl=0.25|tgt=0.5|sl=1.0|days=nonexpiry|vix=(-3.0, 3.0)",theta,1430,872,0.2312078942480543,0.12608961503653093,0.05003636021738922,0.11227434090560795,0.043743485825089135,0.6867132867132867,6.3254735170205985
theta|strangle3|entry=15|legsl=0.5|tgt=None|sl=None|days=all|vix=None,theta,2247,1298,0.12249287116480555,0.12595692477614295,0.05002631052179374,0.07631177947247236,0.02188948185909334,0.6266132621272809,5.9865161322663925
"theta|strangle2|entry=105|legsl=0.25|tgt=0.5|sl=1.0|days=all|vix=(-3.0, 3.0)",theta,1567,904,0.3159595754425329,0.1259527033199026,0.04995069667890761,0.0731817678857547,0.0556574448610504,0.6388002552648373,3.198421516895141
"theta|strangle2|entry=105|legsl=0.4|tgt=None|sl=None|days=all|vix=(-3.0, 3.0)",theta,1567,904,0.2512517326576203,0.12584191754452734,0.04997234730860778,0.15673300818690183,0.07797335958691387,0.6873005743458839,7.188939148573972
"theta|strangle2|entry=105|legsl=0.4|tgt=0.5|sl=1.0|days=all|vix=(-3.0, 3.0)",theta,1567,904,0.2510833985814762,0.1256012607268111,0.0499724143482243,0.14370876996317206,0.07002907276452541,0.6873005743458839,6.705465518327324
"theta|strangle2|entry=105|legsl=0.25|tgt=None|sl=None|days=nonexpiry|vix=(-3.0, 3.0)",theta,1430,872,0.2295560404267344,0.12557547002796787,0.050036613608275715,0.11161022519160113,0.04338126181963842,0.6867132867132867,6.327456091383453
theta|strangle3|entry=15|legsl=0.5|tgt=0.5|sl=1.0|days=all|vix=None,theta,2247,1298,0.125759757459662,0.1254227249218478,0.05002487866294314,0.07572962106222536,0.022137738798232887,0.6270582999554962,5.777795906479367
"theta|strangle3|entry=15|legsl=0.25|tgt=0.5|sl=1.0|days=nonexpiry|vix=(-3.0, 3.0)",theta,1486,924,0.25711719306685543,0.12528327047796295,0.05005027003838902,0.09510573195873095,0.04171675190602464,0.6271870794078062,4.986734543656115
"theta|strangle2|entry=5|legsl=0.5|tgt=0.5|sl=1.0|days=nonexpiry|vix=(-3.0, 3.0)",theta,1491,916,0.16600319136382202,0.12506950113728044,0.05002161691329954,0.11086284612007447,0.03920028640726725,0.6653252850435949,8.52155448945536
"theta|strangle3|entry=15|legsl=0.25|tgt=None|sl=None|days=all|vix=(-3.0, 3.0)",theta,1572,929,0.257124046488792,0.12489629437280603,0.05005025370525584,0.07020724947268309,0.03518494502867631,0.5928753180661578,3.82719165476603
theta|strangle2|entry=105|legsl=None|tgt=0.5|sl=1.0|days=expiry|vix=None,theta,201,51,0.289908229817694,0.12397774563118658,0.05007421292555814,0.3322345057374536,0.08978820649825026,1.0,81.18436415411347
"theta|strangle2|entry=5|legsl=0.5|tgt=None|sl=None|days=nonexpiry|vix=(-3.0, 3.0)",theta,1491,916,0.16341678835332246,0.123873148283282,0.050023519794293536,0.11082245788490819,0.039229781217549164,0.664654594232059,8.600871353480226
dir|debit_spread|signal=orb_reversal|tgt=None|sl=None|days=nonexpiry,directional,2140,1289,0.0013529443941162175,0.12383382793115705,0.05000035297166783,0.12869751725472955,0.048379750104831754,0.4457943925233645,-2.521113839942718
theta|strangle2|entry=105|legsl=None|tgt=0.5|sl=1.0|days=all|vix=None,theta,2343,1342,0.12596925774992127,0.12378128851613601,0.04999594229839022,0.1869639766633333,0.05691101627146322,0.7050789586000854,10.96924876944102
"theta|strangle3|entry=15|legsl=0.25|tgt=0.5|sl=1.0|days=all|vix=(-3.0, 3.0)",theta,1572,929,0.25711719306685543,0.12371420845465231,0.05005027003838902,0.06932890825311788,0.034352088167802663,0.5928753180661578,3.762063981410655
"theta|straddle|entry=15|legsl=0.25|tgt=None|sl=None|days=nonexpiry|vix=(-3.0, 3.0)",theta,1486,924,0.15931316203775264,0.12360735902956033,0.049703230706549584,0.0939815414093732,0.05023345480861363,0.6103633916554508,8.10090963046034
"theta|straddle|entry=15|legsl=0.25|tgt=0.5|sl=1.0|days=nonexpiry|vix=(-3.0, 3.0)",theta,1486,924,0.15931316203775264,0.12336729765483723,0.049703230706549584,0.0939815414093732,0.05023345480861363,0.6103633916554508,8.089473564262825
dir|debit_spread|signal=open_direction|tgt=None|sl=None|days=all,directional,2418,1394,0.0016836814972548742,0.12334125910439164,0.050009077686514525,0.09286830920444555,0.03678916394334497,0.4226633581472291,-1.4684373808784659
"theta|straddle|entry=105|legsl=0.4|tgt=0.5|sl=1.0|days=expiry|vix=(-3.0, 3.0)",theta,249,110,0.372843544877802,0.1232359554753617,0.05006172518588481,0.20986066270467352,0.0739059058731355,0.8473895582329317,34.46219772407364
theta|butterfly4|entry=5|legsl=0.4|tgt=0.5|sl=1.0|days=all|vix=None,theta,2180,1291,0.0033218438228425763,0.12315404349130321,0.0499603967208041,0.2808855070103544,0.11233586739405832,0.5032110091743119,-1.1992714606891908
theta|butterfly4|entry=5|legsl=0.4|tgt=0.5|sl=1.0|days=nonexpiry|vix=None,theta,2142,1291,0.0033218438228425763,0.12315404349130321,0.0499603967208041,0.2528333353950136,0.10777146082576072,0.4943977591036415,-2.1193658267241795
dir|debit_spread|signal=gap_follow|tgt=None|sl=None|days=all,directional,596,368,0.0025363089882536817,0.12289845785850795,0.04994519929416075,0.039023076896370634,0.012759427100300202,0.3926174496644295,-13.435084094581189
theta|strangle2|entry=105|legsl=None|tgt=None|sl=None|days=expiry|vix=None,theta,201,51,0.1987447670583807,0.12274197247788998,0.05012999540662888,0.3302813296114224,0.08959275727771021,1.0,117.51558088478164
theta|strangle2|entry=105|legsl=None|tgt=None|sl=None|days=all|vix=None,theta,2343,1342,0.10560958116058188,0.12159503722246567,0.049986996225049984,0.2104841905521908,0.06346928071676317,0.7059325650874947,14.179892465643938
"theta|strangle2|entry=105|legsl=None|tgt=None|sl=None|days=all|vix=(-3.0, 3.0)",theta,1567,904,0.13850216136988192,0.12156716307340787,0.0500549344869996,0.20438973895514057,0.06922251746053487,0.7326100829610721,15.352923558713831
"theta|straddle|entry=105|legsl=0.4|tgt=None|sl=None|days=expiry|vix=(-3.0, 3.0)",theta,249,110,0.34304694624630344,0.12155398110582127,0.050070620317854475,0.22155597009089534,0.07330084776238466,0.8473895582329317,39.250190853991526
"theta|strangle2|entry=5|legsl=0.5|tgt=0.5|sl=1.0|days=all|vix=(-3.0, 3.0)",theta,1633,949,0.17428327035267124,0.12146726444800349,0.050014779027772516,0.07362973400575812,0.02135390485015265,0.6093080220453154,5.479167373018751
"theta|strangle2|entry=105|legsl=0.5|tgt=None|sl=None|days=all|vix=(-3.0, 3.0)",theta,1567,904,0.22778348423421033,0.12135187990822205,0.05015159299136751,0.1907482595630885,0.08473943828351915,0.6904913848117422,9.069416828140302
"theta|strangle2|entry=105|legsl=0.5|tgt=0.5|sl=1.0|days=all|vix=(-3.0, 3.0)",theta,1567,904,0.2280057920935298,0.12117018207439711,0.05015160574016997,0.16817245894597677,0.07517465294588177,0.6904913848117422,8.193869203596108
longvol|long_straddle|signal=orb|tgt=0.3|sl=0.3|days=expiry,longvol,342,151,0.019972879448490435,0.12111011418154871,0.050068684551610954,0.17437161704009885,0.05928303184622863,0.8538011695906432,24.460262720208423
"theta|strangle3|entry=15|legsl=0.5|tgt=None|sl=None|days=nonexpiry|vix=(-3.0, 3.0)",theta,1486,924,0.18308876452308984,0.12099110115070655,0.05000861838616155,0.101751440180885,0.03611821698184292,0.6668909825033648,7.076857236377772
"theta|strangle3|entry=105|legsl=None|tgt=0.5|sl=1.0|days=nonexpiry|vix=(-3.0, 3.0)",theta,1430,872,0.26090728614295716,0.12091893912335583,0.049999638787537326,0.11715159958382926,0.04118504754804975,0.7237762237762237,5.649521153358313
theta|butterfly4|entry=15|legsl=0.5|tgt=0.5|sl=1.0|days=all|vix=None,theta,2187,1291,0.0030061856006565594,0.12064905006603888,0.05002901432452356,0.2110188189724891,0.11140366529309143,0.4741655235482396,-2.1251711390288404
theta|butterfly4|entry=15|legsl=0.5|tgt=0.5|sl=1.0|days=nonexpiry|vix=None,theta,2142,1291,0.0030061856006565594,0.12064905006603888,0.05002901432452356,0.19897990951910582,0.10730676948095286,0.4631185807656396,-3.0109612378017365
"theta|strangle3|entry=5|legsl=0.4|tgt=0.5|sl=1.0|days=nonexpiry|vix=(-3.0, 3.0)",theta,1491,916,0.18518031723243852,0.12043458896911341,0.05005536165796831,0.10652237290729305,0.031894956906779126,0.641851106639839,7.0378228450854365
"theta|strangle2|entry=5|legsl=0.5|tgt=None|sl=None|days=all|vix=(-3.0, 3.0)",theta,1633,949,0.17143766166680913,0.12027094647377723,0.05001645405690591,0.0742434172504487,0.021593320000894978,0.6086956521739131,5.554819978297143
"theta|strangle3|entry=5|legsl=0.4|tgt=0.5|sl=1.0|days=all|vix=(-3.0, 3.0)",theta,1563,919,0.18518031723243852,0.11979290545096677,0.05005536165796831,0.08828199995237695,0.023505138343384746,0.6122840690978887,5.794644134225743
theta|strangle2|entry=105|legsl=0.5|tgt=None|sl=None|days=all|vix=None,theta,2343,1342,0.14113126291872602,0.11973004204835247,0.049997519047931815,0.17041866791301685,0.06109135483714523,0.6752027315407597,9.119485670232223
"theta|strangle3|entry=15|legsl=0.5|tgt=0.5|sl=1.0|days=nonexpiry|vix=(-3.0, 3.0)",theta,1486,924,0.18308453837480307,0.1196872217178575,0.050008620920495184,0.10055564621077373,0.03548341789447662,0.6668909825033648,6.960399564979021
theta|strangle2|entry=5|legsl=0.4|tgt=0.5|sl=1.0|days=nonexpiry|vix=None,theta,2142,1291,0.11867934427912201,0.11940493291872722,0.05002711466427412,0.1106642708589558,0.035575029380887746,0.6610644257703081,8.315792852439056
theta|strangle2|entry=105|legsl=0.5|tgt=0.5|sl=1.0|days=all|vix=None,theta,2343,1342,0.14165185786823437,0.11939993389035553,0.0499975233456057,0.15030229348706992,0.05359728625061866,0.6752027315407597,8.258309265977278
"theta|strangle3|entry=105|legsl=None|tgt=None|sl=None|days=nonexpiry|vix=(-3.0, 3.0)",theta,1430,872,0.24564251986428617,0.11936472910188489,0.04999948055017611,0.10944388467981603,0.03866321366341563,0.7251748251748251,5.660416493700935
"theta|strangle3|entry=5|legsl=0.4|tgt=None|sl=None|days=nonexpiry|vix=(-3.0, 3.0)",theta,1491,916,0.18099450731801817,0.1193073344329092,0.050056326924102446,0.10626360968299053,0.031145319713918207,0.6411804158283032,7.1451671408449124
theta|strangle3|entry=5|legsl=0.4|tgt=None|sl=None|days=nonexpiry|vix=None,theta,2142,1291,0.1274958507860521,0.11923560795419741,0.050020874225459866,0.10676719060459594,0.0353034550769914,0.6349206349206349,7.415343062724865
theta|straddle|entry=105|legsl=None|tgt=0.5|sl=1.0|days=expiry|vix=None,theta,363,160,0.08116167438391973,0.11916756905089665,0.050025449004378,0.1603658191122057,0.04835681686037707,1.0,85.28456833576696
theta|strangle2|entry=5|legsl=0.5|tgt=0.5|sl=1.0|days=nonexpiry|vix=None,theta,2142,1291,0.11699907023213427,0.1191479862481517,0.050027142108125644,0.11024969597340006,0.03792638794094716,0.6549953314659197,8.395906948769591
theta|strangle2|entry=5|legsl=0.4|tgt=0.5|sl=1.0|days=all|vix=None,theta,2320,1334,0.12690807796762682,0.11912633069885903,0.05001882273982927,0.08198522225009275,0.026121566669899843,0.6125,5.851125313775514
"theta|strangle3|entry=15|legsl=0.5|tgt=None|sl=None|days=all|vix=(-3.0, 3.0)",theta,1572,929,0.18308876452308984,0.11902299792756899,0.05000861838616155,0.06869145343737704,0.02672445106164878,0.6304071246819338,4.955955822615586
"theta|strangle3|entry=105|legsl=0.5|tgt=None|sl=None|days=nonexpiry|vix=(-3.0, 3.0)",theta,1430,872,0.20499079753519853,0.11886144275267152,0.05004352042243054,0.10831697738409796,0.03938400212197313,0.7104895104895105,6.775315649803301
theta|strangle2|entry=105|legsl=0.5|tgt=0.5|sl=1.0|days=nonexpiry|vix=None,theta,2142,1291,0.12760020937268762,0.11885296150920488,0.05000135367116332,0.09458850101962657,0.028461893276562678,0.6760037348272643,6.947744454476056
"theta|straddle|entry=105|legsl=None|tgt=0.5|sl=1.0|days=expiry|vix=(-3.0, 3.0)",theta,249,110,0.12075495777939642,0.11876810187315612,0.05001756409438163,0.15906028267768102,0.04916129168397676,1.0,82.68599683794152
theta|strangle2|entry=5|legsl=0.5|tgt=0.5|sl=1.0|days=all|vix=None,theta,2320,1334,0.12673781209994128,0.11875083769525996,0.05001854987073073,0.07546883980057162,0.030886326028513045,0.6064655172413793,5.507036458100254
"theta|strangle3|entry=105|legsl=0.5|tgt=0.5|sl=1.0|days=nonexpiry|vix=(-3.0, 3.0)",theta,1430,872,0.20671073648494864,0.11872793050562946,0.05004320308182475,0.10883235768120247,0.03972679223713094,0.7104895104895105,6.737567833398204
theta|strangle2|entry=105|legsl=0.5|tgt=None|sl=None|days=nonexpiry|vix=None,theta,2142,1291,0.1271767158149665,0.11870286703617139,0.050001397266328906,0.09453961300089486,0.02834532473765916,0.6760037348272643,6.961709659854281
"theta|strangle3|entry=5|legsl=0.4|tgt=None|sl=None|days=all|vix=(-3.0, 3.0)",theta,1563,919,0.18099450731801817,0.11867996207425624,0.050056326924102446,0.08842144031356258,0.022914850557345323,0.6116442738323736,5.897043587186318
theta|strangle2|entry=5|legsl=0.4|tgt=None|sl=None|days=nonexpiry|vix=None,theta,2142,1291,0.11675617559151062,0.11844863777207904,0.05002779643671018,0.11084477280809524,0.03545946657915533,0.6610644257703081,8.42459917440193
theta|strangle3|entry=5|legsl=0.4|tgt=None|sl=None|days=all|vix=None,theta,2236,1297,0.1274958507860521,0.11830717686083703,0.050020874225459866,0.08936819307417831,0.031163065803127443,0.6082289803220036,6.2092507951055165
theta|strangle2|entry=5|legsl=0.5|tgt=None|sl=None|days=nonexpiry|vix=None,theta,2142,1291,0.11514347916520028,0.1182504720711246,0.050027816422453686,0.11031370645681027,0.03791211441375697,0.6545284780578898,8.498393330330407
theta|strangle2|entry=5|legsl=0.4|tgt=None|sl=None|days=all|vix=None,theta,2320,1334,0.12471619857181367,0.11820257773316278,0.05001924723485662,0.08272202102768555,0.026394702394709646,0.6125,5.9588807776029915
theta|strangle3|entry=5|legsl=0.25|tgt=None|sl=None|days=nonexpiry|vix=None,theta,2142,1291,0.17505995671099417,0.11790737347874347,0.050007071526709135,0.10762566945683427,0.030575214162295583,0.6078431372549019,5.446423907849634
theta|strangle2|entry=5|legsl=0.5|tgt=None|sl=None|days=all|vix=None,theta,2320,1334,0.12456787015301642,0.11785981306545934,0.050018955086452044,0.07615129566065826,0.03094835255826467,0.6060344827586207,5.60699469928652
"theta|strangle3|entry=15|legsl=0.5|tgt=0.5|sl=1.0|days=all|vix=(-3.0, 3.0)",theta,1572,929,0.18308453837480307,0.11772111731756962,0.050008620920495184,0.06754441138954603,0.026054744483331116,0.6304071246819338,4.84586924519921
"theta|straddle|entry=105|legsl=None|tgt=None|sl=None|days=all|vix=(-3.0, 3.0)",theta,1679,982,0.09416609653444162,0.11756925685187625,0.05000174089385123,0.14980785630191895,0.0465511118784917,0.6444312090530078,16.37073501866087
"theta|straddle|entry=105|legsl=0.5|tgt=0.5|sl=1.0|days=dte2|vix=(-3.0, 3.0)",theta,781,367,0.1405940718351725,0.11750923156089144,0.05005979171803676,0.1306449915664012,0.04075957940812347,0.7247119078104993,20.179587360752073
theta|strangle3|entry=5|legsl=0.5|tgt=None|sl=None|days=nonexpiry|vix=None,theta,2142,1291,0.13100317888662946,0.1174695082767474,0.05001894575877708,0.11748237983467003,0.03959166789639523,0.6465919701213819,7.672775005176778
"theta|straddle|entry=105|legsl=0.5|tgt=None|sl=None|days=dte2|vix=(-3.0, 3.0)",theta,781,367,0.13348255961976188,0.11729925298457489,0.05006651660709038,0.13747749245121743,0.04347754779780699,0.7247119078104993,22.187266411316074
theta|strangle3|entry=105|legsl=0.4|tgt=None|sl=None|days=nonexpiry|vix=None,theta,2142,1291,0.13005514978814617,0.11717322622477111,0.0500166644176685,0.09463687403878174,0.026583618846809487,0.688608776844071,6.682791772100525
"theta|straddle|entry=105|legsl=None|tgt=0.5|sl=1.0|days=all|vix=(-3.0, 3.0)",theta,1679,982,0.10410278261055456,0.11709058210680601,0.05000889477108994,0.15257940190742092,0.04739465912044416,0.6444312090530078,14.979031221933347
theta|strangle3|entry=5|legsl=0.25|tgt=None|sl=None|days=all|vix=None,theta,2236,1297,0.17505995671099417,0.11701144845095413,0.050007071526709135,0.09133749453409457,0.02853132400586278,0.5822898032200358,4.612460847084658
"theta|straddle|entry=105|legsl=None|tgt=None|sl=None|days=expiry|vix=(-3.0, 3.0)",theta,249,110,0.10986534322753644,0.11689518707927715,0.05002008278811054,0.15901721513003908,0.04816224180595219,1.0,90.44514453571962
theta|strangle3|entry=5|legsl=0.4|tgt=0.5|sl=1.0|days=nonexpiry|vix=None,theta,2142,1291,0.12867877804889644,0.11670998544308198,0.05002014170328006,0.10458889590840958,0.03318639469778417,0.6353874883286648,7.14847433305469
theta|strangle3|entry=5|legsl=0.5|tgt=None|sl=None|days=all|vix=None,theta,2236,1297,0.13100317888662946,0.11634051828268421,0.05001894575877708,0.09587267779632747,0.03454939783892563,0.6194096601073346,6.262835459662763
theta|straddle|entry=105|legsl=None|tgt=None|sl=None|days=expiry|vix=None,theta,363,160,0.07244405572008378,0.11581352086375296,0.05003014794345095,0.1590007504932367,0.04675977498777206,1.0,93.79425366867508
theta|strangle3|entry=15|legsl=None|tgt=0.5|sl=1.0|days=nonexpiry|vix=None,theta,2142,1291,0.1306218655350541,0.11581170548420205,0.05004306203482778,0.09559669073917054,0.0341541313939997,0.6956115779645191,6.387358754145052
theta|strangle3|entry=5|legsl=0.4|tgt=0.5|sl=1.0|days=all|vix=None,theta,2236,1297,0.12867877804889644,0.1157749193827915,0.05002014170328006,0.08708326027512903,0.028950467232806254,0.6086762075134168,5.953601054965305
theta|strangle3|entry=105|legsl=0.4|tgt=0.5|sl=1.0|days=nonexpiry|vix=None,theta,2142,1291,0.12830741186713124,0.11546321611537991,0.05001700669526854,0.09347942158305123,0.026115101239704397,0.688608776844071,6.650238144460821
theta|strangle3|entry=5|legsl=0.5|tgt=0.5|sl=1.0|days=nonexpiry|vix=None,theta,2142,1291,0.13336945074483023,0.1153645969661985,0.050017327555899826,0.1159187747371424,0.037752139732287304,0.6470588235294118,7.38999386426452
theta|straddle|entry=105|legsl=None|tgt=0.5|sl=1.0|days=all|vix=None,theta,2505,1451,0.08052259548898984,0.11533181017365468,0.04998304248586771,0.1588263433901167,0.046392277307168994,0.6223552894211577,13.859089163907749
"theta|strangle3|entry=105|legsl=0.4|tgt=0.5|sl=1.0|days=nonexpiry|vix=(-3.0, 3.0)",theta,1430,872,0.20957329642590355,0.11511632112412507,0.04999828144273566,0.10550401877144444,0.039167460971927026,0.7013986013986014,6.416733135034908
theta|strangle3|entry=5|legsl=0.25|tgt=0.5|sl=1.0|days=nonexpiry|vix=None,theta,2142,1291,0.1779113468552728,0.11510206493654973,0.05000626198547897,0.10435523748456355,0.02914957037520538,0.6078431372549019,5.172489096390208
"theta|strangle3|entry=105|legsl=0.25|tgt=0.5|sl=1.0|days=nonexpiry|vix=(-3.0, 3.0)",theta,1430,872,0.23125271065429073,0.11500446155846289,0.050043919328073616,0.1039904995591936,0.03846895065571165,0.6629370629370629,5.6262175479124465
"theta|strangle3|entry=105|legsl=0.4|tgt=None|sl=None|days=nonexpiry|vix=(-3.0, 3.0)",theta,1430,872,0.20818470044559892,0.11492250983856267,0.04999823467070286,0.10514255634439773,0.0388978740111533,0.7013986013986014,6.43882425015715
theta|butterfly4|entry=5|legsl=None|tgt=0.5|sl=1.0|days=nonexpiry|vix=None,theta,2142,1291,0.004069561322090861,0.11481451966706979,0.050043236794695245,0.2719525695143461,0.12416285172464914,0.41876750700280113,-6.832898505894409
theta|butterfly4|entry=5|legsl=None|tgt=0.5|sl=1.0|days=all|vix=None,theta,2180,1291,0.004069561322090861,0.11481451966706979,0.050043236794695245,0.30524495563961307,0.127596513166521,0.42844036697247706,-5.879858296110542
theta|strangle3|entry=105|legsl=0.25|tgt=None|sl=None|days=nonexpiry|vix=None,theta,2142,1291,0.13828667831156705,0.1147593715191706,0.04999908221167226,0.09587342309134739,0.025274214232171577,0.6661998132586368,6.18444836670433
"theta|strangle3|entry=105|legsl=0.25|tgt=None|sl=None|days=nonexpiry|vix=(-3.0, 3.0)",theta,1430,872,0.22885513256338866,0.11470219391447745,0.05004420850505531,0.10326877883850116,0.038051717739729596,0.6629370629370629,5.649148208708362
longvol|long_straddle|signal=orb|tgt=0.6|sl=0.4|days=expiry,longvol,342,151,0.017629675516585588,0.11430344577170137,0.0503318773249849,0.20371687632661195,0.0762242339793111,0.652046783625731,29.1047664466936
theta|strangle3|entry=5|legsl=0.5|tgt=0.5|sl=1.0|days=all|vix=None,theta,2236,1297,0.13336945074483023,0.11421784185475814,0.050017327555899826,0.09398415474865507,0.032555563512898456,0.6198568872987478,5.991942255801377
theta|strangle3|entry=5|legsl=0.25|tgt=0.5|sl=1.0|days=all|vix=None,theta,2236,1297,0.1779113468552728,0.11419398478801246,0.05000626198547897,0.0878807881877568,0.029067208134715194,0.5822898032200358,4.350042078683009
"theta|strangle3|entry=105|legsl=0.5|tgt=None|sl=None|days=all|vix=(-3.0, 3.0)",theta,1507,877,0.20499079753519853,0.11406688781531882,0.05004352042243054,0.09213692170790044,0.0376058346131416,0.6994027869940279,5.6626039998900906
theta|straddle|entry=15|legsl=0.25|tgt=None|sl=None|days=nonexpiry|vix=None,theta,2142,1291,0.11634074393387969,0.11405614356148108,0.050001237112226926,0.0935302349909759,0.03423906093353224,0.5989729225023342,7.497340659487923
"theta|strangle3|entry=105|legsl=0.5|tgt=0.5|sl=1.0|days=all|vix=(-3.0, 3.0)",theta,1507,877,0.20671073648494864,0.1138940403912474,0.05004320308182475,0.08877932176055658,0.036738696674087135,0.6994027869940279,5.440588997476308
theta|straddle|entry=15|legsl=0.25|tgt=0.5|sl=1.0|days=nonexpiry|vix=None,theta,2142,1291,0.11634074393387969,0.11388150580908629,0.050001237112226926,0.09277186647666102,0.03361193056477396,0.5989729225023342,7.439755072801161
"theta|straddle|entry=105|legsl=0.4|tgt=None|sl=None|days=all|vix=(-3.0, 3.0)",theta,1679,982,0.13809859606519892,0.11369126098719984,0.050011499112467495,0.1457650529298331,0.045168605346170954,0.6432400238237046,10.970416440435324
"theta|butterfly4|entry=15|legsl=0.5|tgt=0.5|sl=1.0|days=all|vix=(-3.0, 3.0)",theta,1525,924,0.004037839051942508,0.11318668966318302,0.05016235156861126,0.16779388867902245,0.11083355054041655,0.4859016393442623,-1.465445511613378
"theta|butterfly4|entry=15|legsl=0.5|tgt=0.5|sl=1.0|days=nonexpiry|vix=(-3.0, 3.0)",theta,1486,924,0.004037839051942508,0.11318668966318302,0.05016235156861126,0.15349182496690794,0.10278214437327204,0.47240915208613726,-2.5799024506412964
theta|strangle3|entry=105|legsl=0.5|tgt=None|sl=None|days=nonexpiry|vix=None,theta,2142,1291,0.12483796988327127,0.11306151085547045,0.05001697920658088,0.091011743595389,0.028768410163691804,0.6932773109243697,6.621343394592462
theta|strangle3|entry=105|legsl=0.25|tgt=0.5|sl=1.0|days=nonexpiry|vix=None,theta,2142,1291,0.1365659125937134,0.11304073601485998,0.04999907761523226,0.09476714040145873,0.02482209097950827,0.6666666666666666,6.1488306224731835
theta|straddle|entry=105|legsl=None|tgt=None|sl=None|days=all|vix=None,theta,2505,1451,0.07029480257440328,0.11277180118367469,0.05000013237511458,0.15304461749947174,0.04371879296065084,0.6223552894211577,15.304698574010246
theta|strangle3|entry=105|legsl=0.5|tgt=0.5|sl=1.0|days=nonexpiry|vix=None,theta,2142,1291,0.1250156803278438,0.11234177516105226,0.05001685600692096,0.09082317266372386,0.028778943196227424,0.6932773109243697,6.57509482109412
"theta|straddle|entry=105|legsl=0.4|tgt=0.5|sl=1.0|days=all|vix=(-3.0, 3.0)",theta,1679,982,0.1395382535704759,0.11231320244970355,0.050010731768623806,0.1368232976559587,0.041146830096492004,0.6432400238237046,10.250480205698725
theta|straddle|entry=105|legsl=None|tgt=0.5|sl=1.0|days=dte2|vix=None,theta,1113,518,0.0698159530554384,0.11194167458939597,0.050004633926074904,0.14453189146762102,0.041270438051199454,0.7223719676549866,30.38343489347014
theta|straddle|entry=105|legsl=0.5|tgt=0.5|sl=1.0|days=expiry|vix=None,theta,363,160,0.13502574238434012,0.11188452167449991,0.0500137302447764,0.1543285431802104,0.046957905371295294,0.9118457300275482,48.29000140558229
theta|strangle3|entry=15|legsl=None|tgt=0.5|sl=1.0|days=all|vix=None,theta,2247,1298,0.1306218655350541,0.11184633658328824,0.05004306203482778,0.037853711798479184,0.05789318994911907,0.6639964396973743,3.3882623720431675
"theta|butterfly4|entry=15|legsl=0.25|tgt=0.5|sl=1.0|days=nonexpiry|vix=(-3.0, 3.0)",theta,1486,924,0.005000426260601252,0.11122561533078912,0.05000153907397653,0.14040442770872752,0.14412977070942967,0.4851951547779273,-2.529595248254442
"theta|butterfly4|entry=15|legsl=0.25|tgt=0.5|sl=1.0|days=all|vix=(-3.0, 3.0)",theta,1525,924,0.005000426260601252,0.11122561533078912,0.05000153907397653,0.15850664974048723,0.1542572305254566,0.49836065573770494,-1.4004057206626033
theta|strangle2|entry=5|legsl=None|tgt=0.5|sl=1.0|days=nonexpiry|vix=None,theta,2142,1291,0.14315033172818387,0.11113265896177138,0.050000020297282455,0.07961902072417182,0.052681383360900114,0.6643323996265172,5.185116717238832
theta|strangle3|entry=105|legsl=0.4|tgt=None|sl=None|days=all|vix=None,theta,2257,1300,0.13005514978814617,0.11101909641748131,0.0500166644176685,0.06426414307595052,0.03687161073031475,0.6708019494904741,4.748625019207116
"theta|butterfly4|entry=5|legsl=0.4|tgt=None|sl=None|days=all|vix=(-3.0, 3.0)",theta,1522,916,0.0044259808802997805,0.11079096947960831,0.05000171113714191,0.21648065668373917,0.11290431216373853,0.4980289093298292,-0.8019046322962264
"theta|butterfly4|entry=5|legsl=0.4|tgt=None|sl=None|days=nonexpiry|vix=(-3.0, 3.0)",theta,1491,916,0.0044259808802997805,0.11079096947960831,0.05000171113714191,0.20388763263330745,0.08416336724100004,0.4956405097250168,-1.43208357451452
dir|debit_spread|signal=rsi_momentum|tgt=None|sl=None|days=all,directional,2406,1388,0.0027120440055191306,0.11078512048945033,0.05009778584471325,0.11783591808410798,0.06427628347216752,0.42144638403990026,-1.4061101951531245
dir|credit_spread|signal=rsi_momentum|tgt=0.5|sl=0.3|days=nonexpiry,directional,2118,1278,0.009148784935724642,0.1101064396037108,0.050185514494627714,0.29052795876083226,0.1252590205549461,0.43673276676109535,1.480476512199477
"theta|strangle3|entry=105|legsl=0.4|tgt=0.5|sl=1.0|days=all|vix=(-3.0, 3.0)",theta,1507,877,0.20957329642590355,0.10994736648753922,0.04999828144273566,0.06110289471549879,0.036738028194533756,0.6801592568015926,3.945743255612566
"theta|strangle3|entry=105|legsl=0.4|tgt=None|sl=None|days=all|vix=(-3.0, 3.0)",theta,1507,877,0.20818470044559892,0.10978827826925741,0.04999823467070286,0.06269693410157373,0.03640810498232938,0.6801592568015926,4.049747535318454
theta|strangle3|entry=105|legsl=0.5|tgt=None|sl=None|days=all|vix=None,theta,2257,1300,0.12483796988327127,0.1097801021351208,0.05001697920658088,0.08773026145104845,0.024507877174018478,0.6858661940629154,6.1301658544034945
"theta|strangle3|entry=105|legsl=0.25|tgt=0.5|sl=1.0|days=all|vix=(-3.0, 3.0)",theta,1507,877,0.23125271065429073,0.10970692228720647,0.050043919328073616,0.04196717861481125,0.03628836565975857,0.6297279362972794,2.636570423554883
"theta|straddle|entry=105|legsl=0.5|tgt=None|sl=None|days=all|vix=(-3.0, 3.0)",theta,1679,982,0.11112349397478169,0.10964265950735785,0.050043602868520276,0.12787093053429954,0.042290553307488876,0.6414532459797498,12.046196299276527
"theta|straddle|entry=105|legsl=None|tgt=0.5|sl=1.0|days=dte2|vix=(-3.0, 3.0)",theta,781,367,0.09436447316139593,0.10950879098140764,0.0500082025581412,0.13761171438438247,0.039716878798550015,0.7387964148527529,29.92710885947248
theta|straddle|entry=105|legsl=0.4|tgt=0.5|sl=1.0|days=expiry|vix=None,theta,363,160,0.23395486772750038,0.10948725240524837,0.050025328904393374,0.2134571471925375,0.06671024657980518,0.8402203856749312,36.63294614905367
"theta|strangle3|entry=105|legsl=0.25|tgt=None|sl=None|days=all|vix=(-3.0, 3.0)",theta,1507,877,0.22885513256338866,0.1094603156347489,0.05004420850505531,0.041840961625337236,0.03576715549596032,0.6297279362972794,2.658329444748087
theta|strangle3|entry=105|legsl=0.4|tgt=0.5|sl=1.0|days=all|vix=None,theta,2257,1300,0.12830741186713124,0.10939922715001615,0.05001700669526854,0.061234511710223316,0.03656734159705466,0.6708019494904741,4.602161396215594
theta|straddle|entry=105|legsl=0.5|tgt=None|sl=None|days=expiry|vix=None,theta,363,160,0.11978547969773443,0.10934441243263882,0.05001647288534683,0.15736694709169852,0.04642560350942515,0.9118457300275482,54.89019138172277
"theta|straddle|entry=105|legsl=0.5|tgt=0.5|sl=1.0|days=all|vix=(-3.0, 3.0)",theta,1679,982,0.11538034789284844,0.10932471057689863,0.05003801140403863,0.1214901244079003,0.03983002374589584,0.6414532459797498,11.112308664678263
theta|butterfly4|entry=15|legsl=0.4|tgt=0.5|sl=1.0|days=nonexpiry|vix=None,theta,2142,1291,0.0032521527415514772,0.10915207407547212,0.049826796001711804,0.20586107878200477,0.10517320620718873,0.4733893557422969,-3.157642620200381
theta|butterfly4|entry=15|legsl=0.4|tgt=0.5|sl=1.0|days=all|vix=None,theta,2187,1291,0.0032521527415514772,0.10915207407547212,0.049826796001711804,0.21899307188884487,0.10955858841142208,0.4842249657064472,-2.2741079011858862
theta|straddle|entry=105|legsl=None|tgt=None|sl=None|days=dte2|vix=None,theta,1113,518,0.06169910903921112,0.10912108948668009,0.05000762909647394,0.14107455375475464,0.03926277700976011,0.7223719676549866,33.336799251382566
theta|strangle3|entry=105|legsl=0.5|tgt=0.5|sl=1.0|days=all|vix=None,theta,2257,1300,0.1250156803278438,0.10905766994321753,0.05001685600692096,0.08148432673502581,0.023994815419266402,0.6858661940629154,5.786123473320431
theta|strangle3|entry=105|legsl=0.25|tgt=None|sl=None|days=all|vix=None,theta,2257,1300,0.13828667831156705,0.10871951292730642,0.04999908221167226,0.0415269979545041,0.02239450971860857,0.6344705361098804,3.297606861168586
"theta|straddle|entry=15|legsl=0.5|tgt=None|sl=None|days=nonexpiry|vix=(-3.0, 3.0)",theta,1486,924,0.1413125751680801,0.1081192953993555,0.04998095564795224,0.0838454647497846,0.04357116194461952,0.582099596231494,7.642095104970456
theta|strangle2|entry=105|legsl=0.25|tgt=None|sl=None|days=nonexpiry|vix=None,theta,2142,1291,0.11465275645230244,0.10810918253943957,0.05001384766290762,0.08864270447610734,0.027172841820326865,0.6760037348272643,6.7781486174996814
theta|strangle2|entry=105|legsl=0.25|tgt=0.5|sl=1.0|days=nonexpiry|vix=None,theta,2142,1291,0.11465855647707168,0.10789224974547196,0.050013870303343366,0.08850218169195312,0.027071848358636075,0.6760037348272643,6.761787775562479
"theta|straddle|entry=15|legsl=0.5|tgt=0.5|sl=1.0|days=nonexpiry|vix=(-3.0, 3.0)",theta,1486,924,0.14131047827069013,0.1078554420597706,0.04998096183217815,0.08342351461671016,0.04342924372064694,0.582099596231494,7.601947332737229
"theta|straddle|entry=105|legsl=None|tgt=None|sl=None|days=dte2|vix=(-3.0, 3.0)",theta,781,367,0.0843600910827751,0.10785001155641649,0.05000963009736459,0.13432390249017456,0.038003938179926644,0.7387964148527529,32.60348717355545
"theta|butterfly4|entry=5|legsl=None|tgt=0.5|sl=1.0|days=nonexpiry|vix=(-3.0, 3.0)",theta,1491,916,0.005427951863383656,0.10783434118346569,0.049994551788516084,0.19662927606213376,0.086323932939941,0.43661971830985913,-5.725314736096832
"theta|butterfly4|entry=5|legsl=None|tgt=0.5|sl=1.0|days=all|vix=(-3.0, 3.0)",theta,1522,916,0.005427951863383656,0.10783434118346569,0.049994551788516084,0.22637760282399366,0.09521112277320842,0.4480946123521682,-4.653253202653746
theta|straddle|entry=105|legsl=0.5|tgt=0.5|sl=1.0|days=dte2|vix=None,theta,1113,518,0.08562373303940994,0.10723880576783063,0.05000226359075133,0.12237368619551758,0.03386762838425905,0.7223719676549866,21.104766689361135
dir|credit_spread|signal=rsi_momentum|tgt=0.5|sl=0.3|days=all,directional,2310,1333,0.009217526742112963,0.10713306966259029,0.05018278847583646,0.29099574862665234,0.12772633530912925,0.4458874458874459,1.44499987339767
theta|strangle3|entry=105|legsl=0.25|tgt=0.5|sl=1.0|days=all|vix=None,theta,2257,1300,0.1365659125937134,0.1070834098496849,0.04999907761523226,0.040988818605255384,0.021858794728771835,0.6349136021267169,3.2638039333249376
dir|debit_spread|signal=open_direction|tgt=None|sl=None|days=nonexpiry,directional,2142,1291,0.0017960039945401332,0.10699501233983044,0.0503230289646871,0.09087640716817025,0.030583661789337913,0.41083099906629317,-2.5132650897371556
"theta|butterfly4|entry=5|legsl=0.5|tgt=0.5|sl=1.0|days=nonexpiry|vix=(-3.0, 3.0)",theta,1491,916,0.004064729123921556,0.1067540148131938,0.050025597225679896,0.1855570412056271,0.08123480097533164,0.4956405097250168,-1.5210244990278787
"theta|butterfly4|entry=5|legsl=0.5|tgt=0.5|sl=1.0|days=all|vix=(-3.0, 3.0)",theta,1522,916,0.004064729123921556,0.1067540148131938,0.050025597225679896,0.20876855392092342,0.08797100231941013,0.5059132720105125,-0.5107422513415099
"theta|strangle3|entry=105|legsl=None|tgt=None|sl=None|days=dte2|vix=(-3.0, 3.0)",theta,609,262,0.33345540585222977,0.10655185265914602,0.050012596307181356,0.3264049785948313,0.11454101927860028,0.7668308702791461,22.978639312091914
dir|debit_spread|signal=rsi_momentum|tgt=None|sl=None|days=nonexpiry,directional,2118,1278,0.0033582751509266128,0.10628442389404458,0.05010363487675351,0.13731224135142406,0.06378160894312479,0.40745986779981114,-2.773346109204522
"theta|straddle|entry=15|legsl=0.4|tgt=None|sl=None|days=nonexpiry|vix=(-3.0, 3.0)",theta,1486,924,0.1465792728715123,0.10608118408447331,0.04969747333125962,0.08058649396073503,0.04169356053994577,0.6083445491251682,7.1679941835923575
"theta|strangle3|entry=5|legsl=0.25|tgt=None|sl=None|days=nonexpiry|vix=(-3.0, 3.0)",theta,1491,916,0.22829287868052164,0.10595023751822952,0.05000215252626938,0.10226280562969325,0.0317615821421503,0.6096579476861167,5.259001460917517
"theta|straddle|entry=15|legsl=0.4|tgt=0.5|sl=1.0|days=nonexpiry|vix=(-3.0, 3.0)",theta,1486,924,0.1465792728715123,0.10580990834475745,0.04969747333125962,0.08024642988441455,0.04176981338792074,0.6083445491251682,7.135013540567682
theta|straddle|entry=105|legsl=0.5|tgt=None|sl=None|days=dte2|vix=None,theta,1113,518,0.07920321842900482,0.10569994579633413,0.05000273501900021,0.12635355003437043,0.0351380350393421,0.7223719676549866,23.287611937290446
"theta|strangle3|entry=15|legsl=0.4|tgt=None|sl=None|days=nonexpiry|vix=(-3.0, 3.0)",theta,1486,924,0.16502605646996654,0.10553489168424646,0.05000836912186335,0.09103473956371677,0.03300750229277816,0.6655450874831763,6.665977200005445
"theta|strangle2|entry=105|legsl=None|tgt=None|sl=None|days=dte2|vix=(-3.0, 3.0)",theta,669,289,0.16003108237251204,0.105511374471432,0.049998417567441056,0.20707028645776315,0.06481235567024868,0.7787742899850523,28.95133735277193
"theta|strangle3|entry=5|legsl=0.25|tgt=0.5|sl=1.0|days=nonexpiry|vix=(-3.0, 3.0)",theta,1491,916,0.2282935962702357,0.10544875167583379,0.05000215246759698,0.10066824490914872,0.031760040535411815,0.6096579476861167,5.178209223626764
"theta|strangle3|entry=5|legsl=0.25|tgt=None|sl=None|days=all|vix=(-3.0, 3.0)",theta,1563,919,0.22829287868052164,0.1053943715767176,0.05000215252626938,0.08695214020305353,0.024654816415935588,0.581573896353167,4.393297973179084
"theta|butterfly4|entry=5|legsl=None|tgt=None|sl=None|days=nonexpiry|vix=(-3.0, 3.0)",theta,1491,916,0.0053930484297426765,0.10526966850873398,0.05053649956673567,0.19671837068047315,0.08896100797340456,0.43661971830985913,-6.658907089919391
"theta|butterfly4|entry=5|legsl=None|tgt=None|sl=None|days=all|vix=(-3.0, 3.0)",theta,1522,916,0.0053930484297426765,0.10526966850873398,0.05053649956673567,0.25351463345088376,0.1077239588291834,0.44743758212877793,-4.5602088787630874
"theta|strangle3|entry=15|legsl=0.4|tgt=0.5|sl=1.0|days=nonexpiry|vix=(-3.0, 3.0)",theta,1486,924,0.16502285164790806,0.10491716951745289,0.0500083751890501,0.09041266450358698,0.032456645426312436,0.6655450874831763,6.594801583875552
"theta|strangle3|entry=5|legsl=0.25|tgt=0.5|sl=1.0|days=all|vix=(-3.0, 3.0)",theta,1563,919,0.2282935962702357,0.10489310289951836,0.05000215246759698,0.08538136891162829,0.02465045267785737,0.581573896353167,4.316227451233777
theta|straddle|entry=105|legsl=0.4|tgt=None|sl=None|days=expiry|vix=None,theta,363,160,0.1971491156965826,0.10475571593756117,0.05013273443717803,0.20834581370369465,0.061367700510201795,0.8402203856749312,42.03828988576265
dir|debit_spread|signal=gap_follow|tgt=None|sl=None|days=nonexpiry,directional,533,340,0.006509649818397877,0.1042771848396773,0.050082711864759766,0.05732608150213858,0.034273814534320546,0.38461538461538464,-14.766360411948156
"theta|strangle3|entry=15|legsl=0.4|tgt=None|sl=None|days=all|vix=(-3.0, 3.0)",theta,1572,929,0.16502605646996654,0.10407617791304613,0.05000836912186335,0.0664987902443741,0.02585132723416228,0.6291348600508906,4.880476552762538
"theta|butterfly4|entry=15|legsl=None|tgt=0.5|sl=1.0|days=nonexpiry|vix=(-3.0, 3.0)",theta,1486,924,0.004838043269486484,0.10382935339047061,0.05001956006598518,0.16051920250264406,0.10484270763254411,0.4253028263795424,-5.6946921142659
"theta|butterfly4|entry=15|legsl=None|tgt=0.5|sl=1.0|days=all|vix=(-3.0, 3.0)",theta,1525,924,0.004838043269486484,0.10382935339047061,0.05001956006598518,0.17773308893610507,0.11456744858771073,0.44,-4.520449878176705
"theta|strangle2|entry=105|legsl=None|tgt=0.5|sl=1.0|days=dte2|vix=(-3.0, 3.0)",theta,669,289,0.20340000054680069,0.10382197784356073,0.050028981116985505,0.19611389709257554,0.061733073627064705,0.7772795216741405,21.63094130666445
"theta|strangle3|entry=15|legsl=0.4|tgt=0.5|sl=1.0|days=all|vix=(-3.0, 3.0)",theta,1572,929,0.16502285164790806,0.10345912442778604,0.0500083751890501,0.0658967155978607,0.02527825180782206,0.6291348600508906,4.813194768049422
"theta|butterfly4|entry=5|legsl=0.5|tgt=0.5|sl=1.0|days=dte2|vix=(-3.0, 3.0)",theta,612,279,0.009448327425493093,0.10338057913136778,0.05001883669182383,0.28324831191016053,0.14253182188560143,0.5637254901960784,4.385317430125576
dir|credit_spread|signal=gap_fade|tgt=0.5|sl=0.3|days=nonexpiry,directional,533,340,0.004108980862883114,0.10300137983071478,0.0500049189933065,0.13354983506476636,0.04022924111259529,0.4971857410881801,7.568023348615049
"theta|butterfly4|entry=15|legsl=None|tgt=None|sl=None|days=nonexpiry|vix=(-3.0, 3.0)",theta,1486,924,0.004646122758498838,0.10263599866281181,0.050025920773353216,0.15832884275888648,0.1046050391778297,0.4253028263795424,-6.161334043805404
"theta|butterfly4|entry=15|legsl=None|tgt=None|sl=None|days=all|vix=(-3.0, 3.0)",theta,1525,924,0.004646122758498838,0.10263599866281181,0.050025920773353216,0.18989646715551634,0.12251267569264013,0.43934426229508194,-4.069435800475762
dir|buy_otm1|signal=gap_follow|tgt=None|sl=None|days=all,directional,607,376,0.006028063549459814,0.1025262368313069,0.05008487900059255,0.08742037152237825,0.036367042850292575,0.47611202635914335,8.376504463717415
"theta|straddle|entry=15|legsl=None|tgt=None|sl=None|days=dte2|vix=(-3.0, 3.0)",theta,834,389,0.20212461043501842,0.10217311267391116,0.05000347613820033,0.09053910419876288,0.05246644492185948,0.5959232613908872,9.460474163113739
"theta|butterfly4|entry=15|legsl=0.4|tgt=None|sl=None|days=all|vix=(-3.0, 3.0)",theta,1525,924,0.003685679409448142,0.10211880597432721,0.05013117805241474,0.14126155438802557,0.1027202433050649,0.4701639344262295,-2.5215204362236485
"theta|butterfly4|entry=15|legsl=0.4|tgt=None|sl=None|days=nonexpiry|vix=(-3.0, 3.0)",theta,1486,924,0.003685679409448142,0.10211880597432721,0.05013117805241474,0.13950370915866417,0.09912698923688157,0.4676985195154778,-2.675365965801135
"theta|strangle3|entry=105|legsl=None|tgt=0.5|sl=1.0|days=dte2|vix=(-3.0, 3.0)",theta,609,262,0.36630387173884843,0.10160069560759388,0.05001286035871444,0.2715494816080797,0.09613650637194682,0.7635467980295566,17.687619869442802
theta|straddle|entry=105|legsl=0.5|tgt=0.5|sl=1.0|days=all|vix=None,theta,2505,1451,0.07308635820188361,0.10144126350098959,0.04997205663883042,0.10968465449060849,0.02864063349195556,0.6303393213572854,10.96939212425092
theta|strangle2|entry=105|legsl=0.5|tgt=None|sl=None|days=dte2|vix=None,theta,951,409,0.28668524043178495,0.10132037713940156,0.050028360835198016,0.2637532194795853,0.09009149624535728,0.6845425867507886,14.107661789041412
theta|butterfly4|entry=15|legsl=0.25|tgt=0.5|sl=1.0|days=all|vix=None,theta,2187,1291,0.0031787617126858656,0.10108509034847035,0.050087194463291906,0.19684894162767974,0.11284721686066834,0.49565614997713764,-1.3273567734260694
theta|butterfly4|entry=15|legsl=0.25|tgt=0.5|sl=1.0|days=nonexpiry|vix=None,theta,2142,1291,0.0031787617126858656,0.10108509034847035,0.050087194463291906,0.18398145394409626,0.10546609003418306,0.4850606909430439,-2.2089297768095766
dir|credit_spread|signal=gap_fade|tgt=0.5|sl=0.3|days=all,directional,577,358,0.00403984207266929,0.10076579968103738,0.05000365900215986,0.12279857704238739,0.050888558527461436,0.4904679376083189,6.927091885125409
"theta|straddle|entry=105|legsl=0.4|tgt=0.5|sl=1.0|days=dte2|vix=(-3.0, 3.0)",theta,781,367,0.14842514523585823,0.10068611681202633,0.05000754081667169,0.12704061282018864,0.03467391278748544,0.7272727272727273,17.147969156733236
"theta|butterfly6|entry=15|legsl=0.5|tgt=None|sl=None|days=all|vix=(-3.0, 3.0)",theta,1485,923,0.00803585137226774,0.10053406689863453,0.05006240740311396,0.14502101010448687,0.11677699684667986,0.49292929292929294,-0.052358218076366835
"theta|butterfly6|entry=15|legsl=0.5|tgt=None|sl=None|days=nonexpiry|vix=(-3.0, 3.0)",theta,1485,923,0.00803585137226774,0.10053406689863453,0.05006240740311396,0.14502101010448687,0.11677699684667986,0.49292929292929294,-0.052358218076366835
"theta|straddle|entry=105|legsl=0.4|tgt=None|sl=None|days=dte2|vix=(-3.0, 3.0)",theta,781,367,0.1428648715362488,0.10052422529379679,0.050009049097953784,0.13373602280799712,0.03735179461109117,0.7272727272727273,18.69569378941281
theta|butterfly4|entry=5|legsl=0.5|tgt=0.5|sl=1.0|days=all|vix=None,theta,2180,1291,0.002761339424201539,0.10047731581048658,0.04994880039077676,0.22887782580249705,0.10189769265251836,0.48761467889908255,-1.7054123023247405
theta|butterfly4|entry=5|legsl=0.5|tgt=0.5|sl=1.0|days=nonexpiry|vix=None,theta,2142,1291,0.002761339424201539,0.10047731581048658,0.04994880039077676,0.2068601629158151,0.09795122781830112,0.4785247432306256,-2.6282621570514935
"theta|straddle|entry=105|legsl=0.25|tgt=None|sl=None|days=nonexpiry|vix=(-3.0, 3.0)",theta,1430,872,0.16485608945292768,0.10043041777517381,0.05004733276065054,0.07641561872438163,0.025338881213840092,0.6167832167832168,5.867425923716937
"theta|straddle|entry=105|legsl=0.25|tgt=0.5|sl=1.0|days=nonexpiry|vix=(-3.0, 3.0)",theta,1430,872,0.16485608945292768,0.10027721458182359,0.05004733276065054,0.0763777467672826,0.025279065678853185,0.6167832167832168,5.855843651847571
dir|debit_spread|signal=sma20_cross|tgt=None|sl=None|days=nonexpiry,directional,2087,1258,0.0035363156647976388,0.1002224026691958,0.05049618162902736,0.12928758785401628,0.05536886759588289,0.37757546717776713,-3.908962024602812
theta|strangle2|entry=105|legsl=0.5|tgt=0.5|sl=1.0|days=dte2|vix=None,theta,951,409,0.28744486839831906,0.10013263161278818,0.050028483176604355,0.2193219592986635,0.07633771210079365,0.6845425867507886,11.985962193700367
theta|straddle|entry=105|legsl=0.5|tgt=None|sl=None|days=all|vix=None,theta,2505,1451,0.06853054432397172,0.10002227546056353,0.05000057601021046,0.11373806170986822,0.03007327494451062,0.6303393213572854,11.939255102672206
theta|strangle2|entry=105|legsl=0.25|tgt=None|sl=None|days=all|vix=None,theta,2343,1342,0.13468298210265048,0.09998554851397357,0.050024125791730656,0.06884777786136165,0.03684814457093044,0.6338028169014085,4.276488202793598
"theta|strangle2|entry=15|legsl=None|tgt=None|sl=None|days=dte2|vix=(-3.0, 3.0)",theta,714,308,0.2791464060314033,0.09996659070008951,0.0500173512034674,0.129895280625824,0.05534634055568666,0.7100840336134454,10.361999387787838
longvol|long_straddle|signal=vix_spike|tgt=0.6|sl=0.4|days=all,longvol,294,158,0.03624787929343611,0.09974236572718653,0.049947207521925496,0.10920007483583727,0.046556181827128285,0.5510204081632653,6.477379487939433
theta|strangle2|entry=105|legsl=0.25|tgt=0.5|sl=1.0|days=all|vix=None,theta,2343,1342,0.13469115001219462,0.09973246556839022,0.0500241493484318,0.06578911218665584,0.03673133926602412,0.6338028169014085,4.115526739497902
theta|straddle|entry=105|legsl=0.4|tgt=0.5|sl=1.0|days=dte2|vix=None,theta,1113,518,0.10524841249182641,0.09967730191472945,0.05001746604897905,0.13583754304758155,0.04138662190504894,0.7178796046720575,18.177842403991036
theta|butterfly6|entry=15|legsl=0.25|tgt=0.5|sl=1.0|days=all|vix=None,theta,2140,1289,0.006239184388739497,0.09906206850796329,0.050000132799978614,0.20924117310986334,0.12361128371220431,0.4953271028037383,-0.4592592224072651
theta|butterfly6|entry=15|legsl=0.25|tgt=0.5|sl=1.0|days=nonexpiry|vix=None,theta,2140,1289,0.006239184388739497,0.09906206850796329,0.050000132799978614,0.20924117310986334,0.12361128371220431,0.4953271028037383,-0.4592592224072651
"theta|butterfly6|entry=15|legsl=0.5|tgt=0.5|sl=1.0|days=all|vix=(-3.0, 3.0)",theta,1485,923,0.008469670798536454,0.09874706246750309,0.05000355904538467,0.15226390075630647,0.12119820034385742,0.4936026936026936,-0.768136386822146
"theta|butterfly6|entry=15|legsl=0.5|tgt=0.5|sl=1.0|days=nonexpiry|vix=(-3.0, 3.0)",theta,1485,923,0.008469670798536454,0.09874706246750309,0.05000355904538467,0.15226390075630647,0.12119820034385742,0.4936026936026936,-0.768136386822146
theta|strangle2|entry=15|legsl=None|tgt=0.5|sl=1.0|days=nonexpiry|vix=None,theta,2142,1291,0.10913988444849412,0.09855468362858688,0.05000061914455678,0.06907737779752865,0.03090928997078901,0.673202614379085,5.454335254802535
theta|butterfly4|entry=5|legsl=0.4|tgt=None|sl=None|days=all|vix=None,theta,2180,1291,0.0026233871302531555,0.09831334221609578,0.049951956188765245,0.2247036917261105,0.1046932830257703,0.48302752293577983,-2.071585394389218
theta|butterfly4|entry=5|legsl=0.4|tgt=None|sl=None|days=nonexpiry|vix=None,theta,2142,1291,0.0026233871302531555,0.09831334221609578,0.049951956188765245,0.20798223705235852,0.10044154548522488,0.4803921568627451,-2.735584372448592
dir|debit_spread|signal=ema9_21|tgt=None|sl=None|days=all,directional,2241,1305,0.0020083205824513125,0.09826635875605128,0.05063863860145201,0.09461893276380318,0.04640993817469319,0.42570281124497994,-1.4978544389741435
theta|straddle|entry=105|legsl=0.4|tgt=None|sl=None|days=dte2|vix=None,theta,1113,518,0.09703219695819941,0.09788644695875348,0.05002379065044549,0.1389487318720588,0.04377707656395924,0.7178796046720575,19.97099386493595
theta|straddle|entry=105|legsl=0.4|tgt=0.5|sl=1.0|days=all|vix=None,theta,2505,1451,0.08014888645049148,0.097657318138749,0.04999184397273615,0.11704135101228497,0.03319537081697521,0.6343313373253493,10.35329235659349
theta|straddle|entry=15|legsl=0.4|tgt=None|sl=None|days=nonexpiry|vix=None,theta,2142,1291,0.10946620968729315,0.09732791988583123,0.05001427270581871,0.07529481579559816,0.03557919637958362,0.5859010270774977,6.2514787560513385
theta|straddle|entry=15|legsl=0.4|tgt=0.5|sl=1.0|days=nonexpiry|vix=None,theta,2142,1291,0.10963445003748079,0.09723523523267219,0.05001288418604477,0.07439159241481241,0.03569600719408206,0.5859010270774977,6.17782411863892
"theta|strangle2|entry=5|legsl=None|tgt=None|sl=None|days=dte2|vix=(-3.0, 3.0)",theta,723,312,0.26095879180822085,0.09693548168918897,0.050019655214723624,0.09366560669053126,0.047954817163907926,0.6500691562932227,7.931173342088776
theta|straddle|entry=105|legsl=0.4|tgt=None|sl=None|days=all|vix=None,theta,2505,1451,0.07539945526577253,0.09585657196284658,0.049985529369840576,0.1203079277539667,0.035562460877682,0.6343313373253493,11.15000995181572
"theta|butterfly4|entry=5|legsl=0.5|tgt=None|sl=None|days=nonexpiry|vix=(-3.0, 3.0)",theta,1491,916,0.0036211249875085765,0.09567682408603861,0.05000867684399357,0.17206257666655778,0.07469995065103574,0.4875922199865862,-1.3545016953863622
"theta|butterfly4|entry=5|legsl=0.5|tgt=None|sl=None|days=all|vix=(-3.0, 3.0)",theta,1522,916,0.0036211249875085765,0.09567682408603861,0.05000867684399357,0.1835880690590792,0.09652312716321465,0.4921156373193167,-0.5417799110450829
dir|credit_spread|signal=momentum_1m|tgt=0.5|sl=0.3|days=nonexpiry,directional,1545,943,0.006056220870338819,0.09527328305112603,0.049698419961311524,0.20924767043275017,0.10935543408066639,0.4634304207119741,3.1560739599119105
theta|butterfly6|entry=15|legsl=0.5|tgt=0.5|sl=1.0|days=all|vix=None,theta,2140,1289,0.004736966420124491,0.09525466386871817,0.04989506623433526,0.15832891205783417,0.09833128020186299,0.4803738317757009,-1.661813914764642
theta|butterfly6|entry=15|legsl=0.5|tgt=0.5|sl=1.0|days=nonexpiry|vix=None,theta,2140,1289,0.004736966420124491,0.09525466386871817,0.04989506623433526,0.15832891205783417,0.09833128020186299,0.4803738317757009,-1.661813914764642
"theta|butterfly4|entry=5|legsl=None|tgt=None|sl=None|days=dte2|vix=(-3.0, 3.0)",theta,612,279,0.012149023470385671,0.09503645570666674,0.04997414525854249,0.4273727419359379,0.18644027648093175,0.4918300653594771,1.9565945153220805
theta|butterfly4|entry=15|legsl=None|tgt=0.5|sl=1.0|days=nonexpiry|vix=None,theta,2142,1291,0.00313242709909501,0.09497809671173396,0.05005457600494401,0.1940599979661941,0.08920251401493962,0.4103641456582633,-6.7398114972599865
theta|butterfly4|entry=15|legsl=None|tgt=0.5|sl=1.0|days=all|vix=None,theta,2187,1291,0.00313242709909501,0.09497809671173396,0.05005457600494401,0.20635245968860683,0.09335166020361274,0.4224965706447188,-5.791843503133096
"theta|butterfly4|entry=15|legsl=0.5|tgt=None|sl=None|days=all|vix=(-3.0, 3.0)",theta,1525,924,0.0028340830033493206,0.09475075859214899,0.05005002352533505,0.12072073849866638,0.07685080904562247,0.4675409836065574,-1.8974680027735362
"theta|butterfly4|entry=15|legsl=0.5|tgt=None|sl=None|days=nonexpiry|vix=(-3.0, 3.0)",theta,1486,924,0.0028340830033493206,0.09475075859214899,0.05005002352533505,0.11766638555622477,0.07396570231363708,0.46433378196500674,-2.2012650444230366
theta|strangle3|entry=5|legsl=0.4|tgt=None|sl=None|days=dte2|vix=None,theta,844,364,0.21923664562821968,0.0935818536097599,0.050024949569764554,0.06603879006037738,0.026079242023762328,0.54739336492891,5.346547844221629
theta|strangle3|entry=5|legsl=0.4|tgt=0.5|sl=1.0|days=dte2|vix=None,theta,844,364,0.2282933709879608,0.09351860397774181,0.05002468757572387,0.06237454004475018,0.02513259194577322,0.5485781990521327,4.840951397979816
theta|butterfly6|entry=15|legsl=0.4|tgt=None|sl=None|days=nonexpiry|vix=None,theta,2140,1289,0.005363680957263678,0.09346313307807064,0.05005807001039797,0.1647676408428358,0.1031734797185595,0.49065420560747663,-1.9011267785418684
theta|butterfly6|entry=15|legsl=0.4|tgt=None|sl=None|days=all|vix=None,theta,2140,1289,0.005363680957263678,0.09346313307807064,0.05005807001039797,0.1647676408428358,0.1031734797185595,0.49065420560747663,-1.9011267785418684
theta|strangle3|entry=5|legsl=None|tgt=0.5|sl=1.0|days=nonexpiry|vix=None,theta,2142,1291,0.11763331987440469,0.09341693464803402,0.050003064147261744,0.08088150553875106,0.050492802778632884,0.6844070961718021,5.457244023369584
"theta|straddle|entry=5|legsl=0.25|tgt=None|sl=None|days=nonexpiry|vix=(-3.0, 3.0)",theta,1491,916,0.12403846416299112,0.09336056164914952,0.05015303950805505,0.08174645867942099,0.02787989260690016,0.5975855130784709,7.703251114180068
"theta|straddle|entry=5|legsl=0.25|tgt=0.5|sl=1.0|days=nonexpiry|vix=(-3.0, 3.0)",theta,1491,916,0.12403811483941451,0.09335589693219548,0.05015302735966343,0.0812520299693511,0.027879777596764743,0.5975855130784709,7.65949940956558
theta|strangle3|entry=5|legsl=0.5|tgt=0.5|sl=1.0|days=dte2|vix=None,theta,844,364,0.24119757482003776,0.09329980433423501,0.05003702425766132,0.06423475900950293,0.03842794781702186,0.5604265402843602,4.740312822945648
theta|strangle3|entry=5|legsl=0.5|tgt=None|sl=None|days=dte2|vix=None,theta,844,364,0.22722222018391214,0.0931463489668436,0.050057311668510907,0.06854702326656792,0.03330480487822207,0.5592417061611374,5.300150459867857
theta|straddle|entry=5|legsl=0.25|tgt=None|sl=None|days=nonexpiry|vix=None,theta,2142,1291,0.10813779354336432,0.09306717539805476,0.050017036767809,0.09169495419990215,0.036022565355552816,0.5845004668534081,6.949743798098309
theta|butterfly4|entry=15|legsl=0.4|tgt=None|sl=None|days=nonexpiry|vix=None,theta,2142,1291,0.002354824458522855,0.09286781425188417,0.049983673808560836,0.14313577316722137,0.08386825326549463,0.45891690009337066,-3.708389306622046
theta|butterfly4|entry=15|legsl=0.4|tgt=None|sl=None|days=all|vix=None,theta,2187,1291,0.002354824458522855,0.09286781425188417,0.049983673808560836,0.1445741478728726,0.0844183544450996,0.4618198445358939,-3.4922854618549675
theta|straddle|entry=5|legsl=0.25|tgt=0.5|sl=1.0|days=nonexpiry|vix=None,theta,2142,1291,0.10810572598370727,0.0926548212377114,0.050017127509418224,0.08888230706350564,0.03530850501878924,0.5845004668534081,6.782754379423836
theta|straddle|entry=105|legsl=0.4|tgt=0.5|sl=1.0|days=nonexpiry|vix=None,theta,2142,1291,0.11015291193301772,0.09249432357408494,0.05000284984835546,0.07369751033711824,0.02405656525307398,0.5994397759103641,5.899737582240994
theta|butterfly6|entry=15|legsl=0.5|tgt=None|sl=None|days=nonexpiry|vix=None,theta,2140,1289,0.004515684147421306,0.09244204194510908,0.05002285941566631,0.14102323863697364,0.07742977608808355,0.47710280373831776,-1.826711466691228
theta|butterfly6|entry=15|legsl=0.5|tgt=None|sl=None|days=all|vix=None,theta,2140,1289,0.004515684147421306,0.09244204194510908,0.05002285941566631,0.14102323863697364,0.07742977608808355,0.47710280373831776,-1.826711466691228
theta|butterfly4|entry=15|legsl=0.5|tgt=None|sl=None|days=nonexpiry|vix=None,theta,2142,1291,0.0020577672047257154,0.09238451967798045,0.04993861346288064,0.13196782913734095,0.06249339228359452,0.45331465919701214,-3.6364914785352203
theta|butterfly4|entry=15|legsl=0.5|tgt=None|sl=None|days=all|vix=None,theta,2187,1291,0.0020577672047257154,0.09238451967798045,0.04993861346288064,0.13450303857739776,0.06491934377970543,0.4567901234567901,-3.312316199822759
theta|straddle|entry=105|legsl=0.4|tgt=None|sl=None|days=nonexpiry|vix=None,theta,2142,1291,0.10970319356632256,0.09232181751405832,0.05000277172142109,0.0736541187486428,0.023949378141821853,0.5994397759103641,5.915441503625833
theta|strangle2|entry=5|legsl=None|tgt=0.5|sl=1.0|days=all|vix=None,theta,2320,1334,0.1431449509712337,0.09216890030172054,0.049999994201144315,-0.019444458427166023,0.12652820759393235,0.6150862068965517,0.677210664168514
"theta|straddle|entry=105|legsl=0.25|tgt=0.5|sl=1.0|days=all|vix=(-3.0, 3.0)",theta,1679,982,0.16589602133768017,0.09207257287930037,0.05005703495120151,0.07962730115922123,0.03742633515596794,0.6039309112567004,5.020474552366403
"theta|strangle2|entry=5|legsl=None|tgt=0.5|sl=1.0|days=nonexpiry|vix=(-3.0, 3.0)",theta,1491,916,0.14314383078508877,0.09195299104391874,0.0500000223371172,0.08075435530609387,0.032100063411547475,0.682092555331992,6.2618945892459985
"theta|straddle|entry=105|legsl=0.25|tgt=None|sl=None|days=all|vix=(-3.0, 3.0)",theta,1679,982,0.1634391384769518,0.09178894465275445,0.05002703292923383,0.0848730929785051,0.037216510118968205,0.6039309112567004,5.403588132766826
"theta|strangle3|entry=5|legsl=None|tgt=None|sl=None|days=dte2|vix=(-3.0, 3.0)",theta,653,282,0.22418441733023406,0.09173051175418556,0.05008712091678047,0.07873987095998447,0.03799630946410437,0.6921898928024502,7.801031360396199
theta|strangle3|entry=5|legsl=None|tgt=0.5|sl=1.0|days=all|vix=None,theta,2236,1297,0.11763331987440469,0.09164168910178638,0.050003064147261744,0.04024973160270506,0.06167130943838195,0.6556350626118068,3.206394887257348
"theta|strangle3|entry=5|legsl=None|tgt=0.5|sl=1.0|days=dte2|vix=(-3.0, 3.0)",theta,653,282,0.23820038720217704,0.09150020231559841,0.050083541023262956,0.041230136311285026,0.04965870766708713,0.6584992343032159,3.946060208368813
theta|strangle2|entry=105|legsl=None|tgt=None|sl=None|days=dte2|vix=None,theta,951,409,0.08629337787575568,0.0914534059749823,0.049995421919936556,0.1666184080747346,0.046392276668917765,0.7634069400630915,29.94981999020722
dir|debit_spread|signal=ema9_21|tgt=None|sl=None|days=nonexpiry,directional,1982,1207,0.0030329665001540104,0.09145309737520857,0.04658124770248917,0.10524789882359742,0.05228231132666439,0.40514631685166497,-3.2047048049617852
theta|butterfly6|entry=15|legsl=0.4|tgt=0.5|sl=1.0|days=nonexpiry|vix=None,theta,2140,1289,0.005275604112801054,0.09138237926865456,0.05004162491323183,0.1750625827632859,0.11350773794790059,0.49485981308411214,-1.8338588734642927
theta|butterfly6|entry=15|legsl=0.4|tgt=0.5|sl=1.0|days=all|vix=None,theta,2140,1289,0.005275604112801054,0.09138237926865456,0.05004162491323183,0.1750625827632859,0.11350773794790059,0.49485981308411214,-1.8338588734642927
theta|condor1_5|entry=15|legsl=None|tgt=0.5|sl=1.0|days=dte2|vix=None,theta,760,358,0.01469566229423276,0.09118817205863605,0.050004008222050866,0.07783240368428479,0.08889126717703244,0.5276315789473685,-2.237427355621206
theta|condor1_5|entry=15|legsl=None|tgt=None|sl=None|days=dte2|vix=None,theta,760,358,0.014183334791124063,0.09042720825401918,0.05000406574321703,0.06490876941834922,0.1779908685432091,0.5276315789473685,-1.9318493195136912
dir|debit_spread|signal=rsi_reversal|tgt=None|sl=None|days=nonexpiry,directional,2118,1278,0.0009770990449681084,0.09036094809406037,0.050006275044142345,0.08578250105172525,0.02124561874792763,0.4395656279508971,-2.8355740618773293
dir|credit_spread|signal=momentum_1m|tgt=0.5|sl=0.3|days=all,directional,1686,983,0.006091721129572271,0.09023969170389168,0.04972955788806466,0.19322189887870267,0.10693700189850786,0.45729537366548045,2.430467404006568
dir|debit_spread|signal=rsi_reversal|tgt=None|sl=None|days=all,directional,2380,1373,0.000989039168393467,0.09022882488262907,0.050003849148315016,0.07697353244089822,0.027474101244843285,0.44201680672268906,-2.318245001220403
theta|butterfly6|entry=5|legsl=0.4|tgt=0.5|sl=1.0|days=nonexpiry|vix=None,theta,2140,1289,0.0061174235872971374,0.08985470235118265,0.0500470868460231,0.25943694914165594,0.11376697570862437,0.4953271028037383,-1.2269235880425398
theta|butterfly6|entry=5|legsl=0.4|tgt=0.5|sl=1.0|days=all|vix=None,theta,2140,1289,0.0061174235872971374,0.08985470235118265,0.0500470868460231,0.25943694914165594,0.11376697570862437,0.4953271028037383,-1.2269235880425398
theta|strangle2|entry=5|legsl=0.4|tgt=None|sl=None|days=dte2|vix=None,theta,928,401,0.2788794917400896,0.0893855062879918,0.050012307749674356,0.037132554112962124,0.06396797066573134,0.5280172413793104,2.383757704053104
theta|strangle2|entry=5|legsl=None|tgt=None|sl=None|days=dte2|vix=None,theta,928,401,0.1880232267860969,0.08889981797299673,0.050003250237406593,0.0791153327345091,0.044299656132555265,0.6487068965517241,7.161070048313203
"theta|straddle|entry=15|legsl=None|tgt=None|sl=None|days=expiry|vix=(-3.0, 3.0)",theta,268,115,0.45791006564452325,0.08881232966214103,0.04996513287995097,0.1054283940110683,0.1713405225914746,0.5970149253731343,12.782047397538797
theta|strangle2|entry=5|legsl=0.25|tgt=None|sl=None|days=nonexpiry|vix=None,theta,2142,1291,0.10980927396753022,0.088356787433721,0.050006727014746954,0.0770876012104611,0.02950284785590296,0.6162464985994398,5.715470602851397
"theta|strangle3|entry=5|legsl=None|tgt=0.5|sl=1.0|days=nonexpiry|vix=(-3.0, 3.0)",theta,1491,916,0.1314759660876293,0.08828895622292876,0.050000023170780006,0.08547567935454681,0.022280401902610603,0.704225352112676,6.711305616312904
theta|strangle2|entry=5|legsl=0.4|tgt=0.5|sl=1.0|days=dte2|vix=None,theta,928,401,0.2798694070415041,0.08810390923995981,0.050011792826082924,0.03299200389714274,0.0678192439920774,0.5280172413793104,2.1299281607369447
theta|straddle|entry=105|legsl=0.25|tgt=None|sl=None|days=nonexpiry|vix=None,theta,2142,1291,0.0885127879229237,0.08806302232723384,0.04999506508747442,0.06855265794353804,0.024453016685100137,0.6171802054154996,6.5239653114724865
"theta|strangle3|entry=15|legsl=None|tgt=None|sl=None|days=dte2|vix=(-3.0, 3.0)",theta,652,279,0.21782167232200747,0.08805606807360311,0.05002605936305515,0.08441052284207329,0.040341554474689456,0.7193251533742331,8.682071861021358
theta|straddle|entry=105|legsl=0.25|tgt=0.5|sl=1.0|days=nonexpiry|vix=None,theta,2142,1291,0.08851267267595461,0.08798080385291418,0.04999499864885426,0.06844763111532637,0.024452981760681336,0.6171802054154996,6.508261390087649
theta|strangle2|entry=5|legsl=0.25|tgt=0.5|sl=1.0|days=nonexpiry|vix=None,theta,2142,1291,0.10980618419227602,0.08793526426589549,0.05000672958081731,0.07573052128528257,0.02950343020580204,0.6162464985994398,5.612457410724444
theta|straddle|entry=15|legsl=0.5|tgt=None|sl=None|days=nonexpiry|vix=None,theta,2142,1291,0.09385610506961682,0.08751668033898685,0.050000965109161966,0.06967813376391097,0.02947500744365883,0.5611577964519141,6.323376584138165
theta|strangle3|entry=15|legsl=0.5|tgt=None|sl=None|days=dte2|vix=None,theta,855,365,0.216220604046292,0.08748750701678665,0.05001048183645196,0.03250333068059219,0.05900477936661286,0.5532163742690058,2.8165363473372973
theta|straddle|entry=15|legsl=0.5|tgt=0.5|sl=1.0|days=nonexpiry|vix=None,theta,2142,1291,0.09398176288026527,0.0874263867605074,0.050000945389134466,0.06884077876249095,0.02951944261178896,0.5611577964519141,6.244749792662298
"theta|strangle3|entry=5|legsl=None|tgt=0.5|sl=1.0|days=all|vix=(-3.0, 3.0)",theta,1563,919,0.1314759660876293,0.08735100182317757,0.050000023170780006,0.05774517265193646,0.02532254462030803,0.6717850287907869,4.328939321768718
theta|butterfly4|entry=5|legsl=None|tgt=0.5|sl=1.0|days=dte2|vix=None,theta,788,358,0.009777035156575685,0.0872052859476673,0.04999937049327685,0.41561675463925973,0.20139040713560952,0.48223350253807107,-1.3696450830610276
theta|strangle2|entry=5|legsl=0.5|tgt=None|sl=None|days=dte2|vix=None,theta,928,401,0.22604608586534644,0.08713389816310646,0.05000089920795714,0.03231495726897404,0.05949845024614475,0.5269396551724138,2.5878459070816366
theta|straddle|entry=105|legsl=0.5|tgt=None|sl=None|days=nonexpiry|vix=None,theta,2142,1291,0.12194749540198295,0.0869436044164098,0.04999561694216603,0.06476443939351806,0.03368583268760239,0.5826330532212886,4.660454976950751
theta|strangle3|entry=15|legsl=0.5|tgt=0.5|sl=1.0|days=dte2|vix=None,theta,855,365,0.22638180395827803,0.08686638570611938,0.05000377971119341,0.028357252306307812,0.06466151612774063,0.5543859649122806,2.392448852871955
theta|straddle|entry=105|legsl=0.5|tgt=0.5|sl=1.0|days=nonexpiry|vix=None,theta,2142,1291,0.12194749540198295,0.0868295451309431,0.04999561694216603,0.06462079013473887,0.03368583268760239,0.5826330532212886,4.644751055565912
theta|straddle|entry=15|legsl=None|tgt=None|sl=None|days=expiry|vix=None,theta,344,152,0.2765632926589469,0.0867700486984011,0.05006353942310038,0.09753411287670599,0.11128963323399932,0.6075581395348837,15.175289445458803
dir|debit_spread|signal=linreg_slope|tgt=None|sl=None|days=all,directional,2426,1391,0.0027995192549783144,0.08674265275796333,0.060417086663361985,0.12656317494282687,0.0831933549359547,0.4348722176422094,-1.6783516395841367
theta|strangle2|entry=105|legsl=None|tgt=0.5|sl=1.0|days=dte2|vix=None,theta,951,409,0.10361614343722712,0.08666984679190692,0.04999632992342262,0.1466857067049252,0.0395111119648216,0.7613038906414301,21.75519935566795
theta|strangle3|entry=105|legsl=None|tgt=None|sl=None|days=dte2|vix=None,theta,865,367,0.1597563364893949,0.08648095022863589,0.05001544359186649,0.23617795147453213,0.07647664087247796,0.7572254335260116,24.24798663747655
dir|debit_spread|signal=macd|tgt=None|sl=None|days=all,directional,2411,1390,0.0014016342015163972,0.08621616415882993,0.05000038054575617,0.0988872772273024,0.03815760738781537,0.427208627125674,-2.2975380689889646
dir|buy_atm|signal=gap_follow|tgt=None|sl=None|days=all,directional,624,384,0.004075833241826162,0.08621431993522344,0.050000142030327765,0.04703074199738011,0.020946871091668817,0.42628205128205127,-4.112047795913158
theta|butterfly4|entry=15|legsl=None|tgt=None|sl=None|days=dte2|vix=None,theta,795,358,0.007337259056503486,0.08606585758434293,0.050022917965400815,0.24446061835182942,0.1374892810936782,0.4628930817610063,-1.531631771302823
theta|butterfly4|entry=15|legsl=None|tgt=0.5|sl=1.0|days=dte2|vix=None,theta,795,358,0.008182908298298913,0.08600317762863208,0.05002368411266622,0.23469286248547294,0.13990711003110246,0.46540880503144655,-3.0980803146632203
theta|butterfly4|entry=5|legsl=0.4|tgt=0.5|sl=1.0|days=dte2|vix=None,theta,788,358,0.007280058985353571,0.08599282218779924,0.050000126393691,0.29470451815549104,0.15663543310940597,0.5545685279187818,2.2966752995063127
theta|butterfly4|entry=5|legsl=0.5|tgt=0.5|sl=1.0|days=dte2|vix=None,theta,788,358,0.006521237880903041,0.0858662168212283,0.04999999896878882,0.3032008155414798,0.1711151345758245,0.550761421319797,3.380090353601019
theta|strangle2|entry=5|legsl=0.5|tgt=0.5|sl=1.0|days=dte2|vix=None,theta,928,401,0.22546512331275823,0.08580026087188197,0.05000091629228687,0.02926619522172258,0.062210765679467595,0.5280172413793104,2.349751343404757
"theta|butterfly4|entry=5|legsl=None|tgt=0.5|sl=1.0|days=dte2|vix=(-3.0, 3.0)",theta,612,279,0.010870152015117783,0.08562826326509398,0.05000043672897103,0.30941064734723733,0.15835701092016452,0.4934640522875817,-0.2766245963468272
dir|debit_spread|signal=gap_fade|tgt=None|sl=None|days=all,directional,585,358,0.0008471506681671176,0.08511263120291979,0.050008420448496294,0.10025039062718388,0.04209258457312126,0.5384615384615384,8.373859583875053
"theta|butterfly4|entry=5|legsl=0.4|tgt=0.5|sl=1.0|days=dte2|vix=(-3.0, 3.0)",theta,612,279,0.008504974035143002,0.08509789147287306,0.050000098244778135,0.22591879342710808,0.11561553516728418,0.5555555555555556,2.6330611079092163
dir|credit_spread|signal=gap_fade|tgt=0.2|sl=0.2|days=nonexpiry,directional,533,340,0.009143348713645373,0.08487623579388548,0.05000621346988687,0.10614461268944297,0.032860648548624805,0.551594746716698,1.2301679140653665
"theta|straddle|entry=105|legsl=0.4|tgt=None|sl=None|days=nonexpiry|vix=(-3.0, 3.0)",theta,1430,872,0.14985855991230768,0.08486245092791944,0.04985135891097925,0.07931968598115269,0.023884524221439496,0.6076923076923076,6.046176000592322
"theta|straddle|entry=105|legsl=0.4|tgt=0.5|sl=1.0|days=nonexpiry|vix=(-3.0, 3.0)",theta,1430,872,0.14985855991230768,0.08472476238632498,0.04985135891097925,0.07928510357831109,0.023830184403956345,0.6076923076923076,6.034593728722956
"theta|strangle3|entry=15|legsl=None|tgt=0.5|sl=1.0|days=dte2|vix=(-3.0, 3.0)",theta,652,279,0.23336934761841882,0.08468282956925188,0.0500229263167834,-0.0001359563352510973,0.09526773583913806,0.6457055214723927,0.3932656318662357
theta|condor1_5|entry=15|legsl=0.4|tgt=0.5|sl=1.0|days=all|vix=None,theta,2152,1291,0.0046882429555460065,0.08457821788209285,0.05001034628885015,0.0800252127639478,0.06219812659789581,0.5046468401486989,-0.5963321301702773
theta|condor1_5|entry=15|legsl=0.4|tgt=0.5|sl=1.0|days=nonexpiry|vix=None,theta,2142,1291,0.0046882429555460065,0.08457821788209285,0.05001034628885015,0.07883791357714953,0.06219812659789581,0.5023342670401494,-0.6995671558048178
theta|strangle3|entry=105|legsl=0.5|tgt=None|sl=None|days=dte2|vix=None,theta,865,367,0.1864114834184866,0.08448921338744086,0.05007035809434779,0.07718068802609834,0.0439240852169378,0.684393063583815,6.876355210027059
theta|strangle3|entry=105|legsl=0.5|tgt=0.5|sl=1.0|days=dte2|vix=None,theta,865,367,0.18832363179577238,0.08424588875734429,0.050069637957046775,0.06828889217426859,0.044005344592845774,0.684393063583815,6.011547048499625
dir|debit_spread|signal=stochastic|tgt=None|sl=None|days=all,directional,2417,1387,0.0029275886942624818,0.08392496988063636,0.048976699212686325,0.21323622371527606,0.12526249931899502,0.4410426148117501,-1.364601825255474
"theta|butterfly6|entry=5|legsl=0.4|tgt=0.5|sl=1.0|days=nonexpiry|vix=(-3.0, 3.0)",theta,1490,915,0.009809780327911771,0.08368839159233099,0.05000318068476883,0.24298645152863885,0.09891468143047222,0.5120805369127517,-0.06168450124021298
"theta|butterfly6|entry=5|legsl=0.4|tgt=0.5|sl=1.0|days=all|vix=(-3.0, 3.0)",theta,1490,915,0.009809780327911771,0.08368839159233099,0.05000318068476883,0.24298645152863885,0.09891468143047222,0.5120805369127517,-0.06168450124021298
"theta|butterfly6|entry=15|legsl=0.4|tgt=None|sl=None|days=nonexpiry|vix=(-3.0, 3.0)",theta,1485,923,0.008153445107046598,0.08365206014477211,0.05000202724809699,0.14927108335839323,0.11545378388660676,0.5016835016835017,-0.5303094563027936
"theta|butterfly6|entry=15|legsl=0.4|tgt=None|sl=None|days=all|vix=(-3.0, 3.0)",theta,1485,923,0.008153445107046598,0.08365206014477211,0.05000202724809699,0.14927108335839323,0.11545378388660676,0.5016835016835017,-0.5303094563027936
theta|strangle2|entry=5|legsl=0.25|tgt=None|sl=None|days=all|vix=None,theta,2320,1334,0.10979773595594329,0.08352927795495813,0.05000674423747464,0.05631013349027025,0.02950141955944441,0.569396551724138,3.979750977508336
theta|strangle3|entry=15|legsl=None|tgt=None|sl=None|days=dte2|vix=None,theta,855,365,0.14207772777703365,0.0833676686374194,0.050002228185599296,0.08434668026373937,0.02696552407846542,0.7146198830409357,10.027969164034078
dir|debit_spread|signal=gap_fade|tgt=None|sl=None|days=nonexpiry,directional,533,340,0.0008745246469037698,0.08332710413626043,0.05000911701684396,0.0998572101501689,0.04142743076119204,0.5290806754221389,8.091560426031222
theta|strangle2|entry=5|legsl=0.25|tgt=0.5|sl=1.0|days=all|vix=None,theta,2320,1334,0.10979462006551143,0.0831100514581804,0.0500067467300116,0.054892208694843125,0.029501997531757307,0.569396551724138,3.8804739159760535
dir|debit_spread|signal=macd|tgt=None|sl=None|days=nonexpiry,directional,2142,1291,0.0017286906192403454,0.08293032984140392,0.04991266694755436,0.11013894398767277,0.040947552645089313,0.41316526610644255,-3.7440476376024177
dir|debit_spread|signal=vix_spike|tgt=None|sl=None|days=nonexpiry,directional,265,145,0.006488212918606386,0.08288641425448806,0.05000874879867678,0.143540998595175,0.0786746632506421,0.45660377358490567,2.347391846719778
theta|butterfly4|entry=15|legsl=0.25|tgt=None|sl=None|days=nonexpiry|vix=None,theta,2142,1291,0.002227090265987284,0.08283124261246155,0.04999850308378795,0.13779056578002757,0.07851584477217655,0.46451914098972924,-2.462527403185461
theta|butterfly4|entry=15|legsl=0.25|tgt=None|sl=None|days=all|vix=None,theta,2187,1291,0.002227090265987284,0.08283124261246155,0.04999850308378795,0.13565053500136903,0.07775228009752799,0.46364883401920437,-2.4357673563588214
"theta|butterfly6|entry=15|legsl=0.25|tgt=None|sl=None|days=nonexpiry|vix=(-3.0, 3.0)",theta,1485,923,0.007240508107492043,0.08281856441242441,0.04999623898670247,0.1293757261945936,0.1452729553137433,0.49292929292929294,0.39793763100241764
"theta|butterfly6|entry=15|legsl=0.25|tgt=None|sl=None|days=all|vix=(-3.0, 3.0)",theta,1485,923,0.007240508107492043,0.08281856441242441,0.04999623898670247,0.1293757261945936,0.1452729553137433,0.49292929292929294,0.39793763100241764
theta|butterfly4|entry=5|legsl=None|tgt=None|sl=None|days=dte2|vix=None,theta,788,358,0.008531403414701379,0.08261475716808464,0.05005884286042028,0.43851299390541776,0.19584297580635235,0.48096446700507617,0.42457285109207754
dir|debit_spread|signal=vix_spike|tgt=None|sl=None|days=all,directional,286,156,0.006550874396788323,0.08259631236457676,0.050007722502045104,0.14683207930658382,0.07929466551395337,0.46503496503496505,2.546505093482824
theta|strangle3|entry=5|legsl=None|tgt=None|sl=None|days=dte2|vix=None,theta,844,364,0.15002541156187205,0.08233364448310687,0.05000475281917538,0.06387727210008554,0.038522213705124764,0.6753554502369669,6.996194088973141
dir|credit_spread|signal=orb|tgt=0.5|sl=0.3|days=nonexpiry,directional,2140,1289,0.007649952224139123,0.08204326420243935,0.04999981474405912,0.23438263356104794,0.10256868338717007,0.42289719626168226,1.2586463260101937
theta|condor1_5|entry=15|legsl=0.5|tgt=None|sl=None|days=all|vix=None,theta,2152,1291,0.003932363772002314,0.08169966456055722,0.04875342839410213,0.058541227242112415,0.07413438305231135,0.48977695167286245,-0.41226787778097146
theta|condor1_5|entry=15|legsl=0.5|tgt=None|sl=None|days=nonexpiry|vix=None,theta,2142,1291,0.003932363772002314,0.08169966456055722,0.04875342839410213,0.05800732827413757,0.07284235758111002,0.4911297852474323,-0.43304655174499007
dir|buy_otm1|signal=gap_follow|tgt=None|sl=None|days=nonexpiry,directional,533,340,0.0066628726828384804,0.0816390146995023,0.05009296149720266,0.08459216431286554,0.03228704443641217,0.48405253283302063,9.612664689856668
theta|butterfly6|entry=15|legsl=0.25|tgt=None|sl=None|days=nonexpiry|vix=None,theta,2140,1289,0.0048119582388619275,0.08142837509349365,0.05000410456749249,0.15279897298823264,0.0900410790920938,0.48598130841121495,-0.659480221944994
theta|butterfly6|entry=15|legsl=0.25|tgt=None|sl=None|days=all|vix=None,theta,2140,1289,0.0048119582388619275,0.08142837509349365,0.05000410456749249,0.15279897298823264,0.0900410790920938,0.48598130841121495,-0.659480221944994
theta|straddle|entry=5|legsl=0.4|tgt=None|sl=None|days=nonexpiry|vix=None,theta,2142,1291,0.10610953771773136,0.08137082114157979,0.05000698236516432,0.09175645830978074,0.02970095846994325,0.5882352941176471,6.704608983428488
dir|futures|signal=bb_breakout|tgt=None|sl=None,futures,2511,1462,0.055666698073364725,0.0812749003771509,0.05001336616674301,0.044847681387110594,0.03806730830958471,0.5236957387495021,4.59896455595383
"theta|butterfly6|entry=5|legsl=0.4|tgt=0.5|sl=1.0|days=dte2|vix=(-3.0, 3.0)",theta,580,278,0.020180261294466022,0.08121954771843054,0.049992877925019275,0.23168349686312117,0.13263367170132234,0.5551724137931034,2.2516106907732865
"theta|butterfly4|entry=15|legsl=None|tgt=None|sl=None|days=dte2|vix=(-3.0, 3.0)",theta,605,274,0.006960416164706674,0.08097927874682864,0.05002174389071323,0.15832924369437307,0.09103331042022755,0.47107438016528924,0.4749853120914173
"theta|straddle|entry=105|legsl=0.5|tgt=None|sl=None|days=nonexpiry|vix=(-3.0, 3.0)",theta,1430,872,0.161091052204925,0.08091251952323764,0.050001270373424056,0.06974886089102417,0.02591366223039271,0.5944055944055944,4.823644678539996
theta|butterfly4|entry=5|legsl=0.25|tgt=0.5|sl=1.0|days=nonexpiry|vix=None,theta,2142,1291,0.002410697690874271,0.08089669314706982,0.05004000068784187,0.14148092053747385,0.07872527523835704,0.48132586367880487,-2.2602667878670877
theta|butterfly4|entry=5|legsl=0.25|tgt=0.5|sl=1.0|days=all|vix=None,theta,2180,1291,0.002410697690874271,0.08089669314706982,0.05004000068784187,0.1593084031217178,0.08296045737116087,0.49036697247706423,-1.3353687586278564
"theta|straddle|entry=105|legsl=0.5|tgt=0.5|sl=1.0|days=nonexpiry|vix=(-3.0, 3.0)",theta,1430,872,0.161091052204925,0.08076585108268564,0.050001270373424056,0.06971215616041437,0.02591366223039271,0.5944055944055944,4.812062406670629
dir|debit_spread|signal=momentum_1m|tgt=None|sl=None|days=all,directional,1755,1023,0.002656913645184542,0.08073075362082704,0.049989492515303824,0.05066280036616089,0.05450644041434993,0.42792022792022794,-1.3513941298414163
theta|strangle3|entry=105|legsl=0.4|tgt=0.5|sl=1.0|days=dte2|vix=None,theta,865,367,0.19167026866435072,0.08066910563489915,0.05001857477376426,0.03066396380980052,0.07867472995983704,0.6450867052023121,2.851615507777057
dir|buy_atm|signal=open_direction|tgt=None|sl=None|days=all,directional,2519,1457,0.0016835684469990334,0.08066450236776035,0.050223185543598614,0.09863208684741598,0.03725980152430641,0.3942040492258833,-4.260937774222064
theta|strangle3|entry=105|legsl=None|tgt=0.5|sl=1.0|days=dte2|vix=None,theta,865,367,0.16606303268261494,0.08065261641932087,0.050015549496164935,0.1777144420627199,0.05787165381889481,0.7549132947976879,17.611849119690802
theta|straddle|entry=5|legsl=0.4|tgt=0.5|sl=1.0|days=nonexpiry|vix=None,theta,2142,1291,0.10610635253384926,0.08064630546299867,0.05000698700726314,0.0887164897007855,0.028978178633293772,0.5882352941176471,6.499823396431137
"theta|strangle3|entry=5|legsl=0.5|tgt=0.5|sl=1.0|days=dte2|vix=(-3.0, 3.0)",theta,653,282,0.2266135399576105,0.08045840836421014,0.05002505101091792,0.0454910151098844,0.024661998024523513,0.554364471669219,3.8264147521094185
dir|credit_spread|signal=gap_fade|tgt=None|sl=None|days=nonexpiry,directional,533,340,0.0027049888669182904,0.080451398484783,0.04999799597119314,0.11407396562019234,0.03962004190980495,0.5046904315196998,3.569570843319062
theta|strangle3|entry=105|legsl=0.4|tgt=None|sl=None|days=dte2|vix=None,theta,865,367,0.18951380775407725,0.08028160500821002,0.050023604110738806,0.0353450912503781,0.07697699003346437,0.6450867052023121,3.198456586242028
dir|credit_spread|signal=gap_fade|tgt=0.2|sl=0.2|days=all,directional,577,358,0.008670436410393141,0.0802430690632221,0.05000318978942331,0.08075691838692434,0.11107730699471952,0.5389948006932409,0.7926079672234103
"theta|strangle3|entry=5|legsl=0.5|tgt=None|sl=None|days=dte2|vix=(-3.0, 3.0)",theta,653,282,0.21573826780419622,0.08022947423709148,0.05004291530304816,0.04715756263157744,0.022352549967595725,0.552833078101072,4.1339335514910545
"theta|strangle2|entry=5|legsl=None|tgt=0.5|sl=1.0|days=all|vix=(-3.0, 3.0)",theta,1633,949,0.14313855952486187,0.07992941768262729,0.04999999529935417,0.01309140231836503,0.048970305822726545,0.6246172688303735,1.6061742537136976
"theta|strangle2|entry=105|legsl=0.5|tgt=None|sl=None|days=dte2|vix=(-3.0, 3.0)",theta,669,289,0.3309531624690151,0.07972805393867888,0.04996829253930957,0.19667772285218033,0.08291470195343553,0.6846038863976084,12.646649698113752
"theta|strangle3|entry=5|legsl=0.4|tgt=0.5|sl=1.0|days=dte2|vix=(-3.0, 3.0)",theta,653,282,0.2151126467071624,0.07971501773168144,0.05001894173626775,0.04810665097791933,0.016611934267806383,0.5436447166921899,4.09281875742841
"theta|strangle3|entry=5|legsl=0.4|tgt=None|sl=None|days=dte2|vix=(-3.0, 3.0)",theta,653,282,0.20841263204798363,0.07960763899635226,0.050019416203855305,0.049229313163385635,0.015528520611100216,0.5421133231240429,4.315145096964613
dir|debit_spread|signal=bb_breakout|tgt=None|sl=None|days=all,directional,2415,1400,0.002997091289973243,0.07950222921945427,0.049140922393396624,0.14068878146184982,0.055547404773813924,0.43685300207039335,0.220572146256271
"theta|strangle2|entry=105|legsl=0.5|tgt=0.5|sl=1.0|days=dte2|vix=(-3.0, 3.0)",theta,669,289,0.33164987833997484,0.07943877955870393,0.04996817365145945,0.1642839930827653,0.06908842618884481,0.6846038863976084,10.595852795780791
theta|strangle3|entry=5|legsl=None|tgt=0.5|sl=1.0|days=dte2|vix=None,theta,844,364,0.15428341721049652,0.07937175172110877,0.05000412832831502,0.01218143008530248,0.09162451954569772,0.6421800947867299,1.6153903188722398
"theta|butterfly4|entry=15|legsl=None|tgt=0.5|sl=1.0|days=dte2|vix=(-3.0, 3.0)",theta,605,274,0.007716600094986005,0.07933982344315194,0.05002361495862473,0.14589911232395592,0.08811277056995837,0.4727272727272727,-1.8887816656246654
theta|condor1_5|entry=15|legsl=0.4|tgt=None|sl=None|days=all|vix=None,theta,2152,1291,0.003673532117575707,0.07930437663862833,0.04999609301724739,0.06126735906569536,0.06510882276806029,0.49070631970260226,-0.38749329856873543
theta|condor1_5|entry=15|legsl=0.4|tgt=None|sl=None|days=nonexpiry|vix=None,theta,2142,1291,0.003673532117575707,0.07930437663862833,0.04999609301724739,0.06139222165232794,0.06510846346031074,0.4906629318394024,-0.38831270306592675
"theta|butterfly4|entry=15|legsl=0.4|tgt=0.5|sl=1.0|days=all|vix=(-3.0, 3.0)",theta,1525,924,0.0033094013161865062,0.07921373343234905,0.050019992735197194,0.12461950199873284,0.08551576544130046,0.49245901639344264,-2.1628798310739263
"theta|butterfly4|entry=15|legsl=0.4|tgt=0.5|sl=1.0|days=nonexpiry|vix=(-3.0, 3.0)",theta,1486,924,0.0033094013161865062,0.07921373343234905,0.050019992735197194,0.11380843727779055,0.08287805131450876,0.4791386271870794,-3.288860897340867
theta|butterfly4|entry=5|legsl=0.5|tgt=None|sl=None|days=nonexpiry|vix=None,theta,2142,1291,0.0020867644807328702,0.07913985731952944,0.04995401484697659,0.16852056694748874,0.07990877209732872,0.4696545284780579,-3.0633601495152885
theta|butterfly4|entry=5|legsl=0.5|tgt=None|sl=None|days=all|vix=None,theta,2180,1291,0.0020867644807328702,0.07913985731952944,0.04995401484697659,0.18184810142955277,0.0849322986064368,0.4738532110091743,-2.2904849559354794
dir|futures|signal=day_high_low_break|tgt=None|sl=None,futures,2292,1337,0.05893418835117602,0.0791369300854643,0.04999905514943692,0.06664793317149331,0.038511657532249166,0.5410122164048866,6.591012216404883
"theta|butterfly4|entry=15|legsl=0.25|tgt=None|sl=None|days=all|vix=(-3.0, 3.0)",theta,1525,924,0.0026803806128423433,0.078877491970482,0.05013075615038454,0.1056477248726202,0.0889049270298431,0.4662295081967213,-1.7682902420541127
"theta|butterfly4|entry=15|legsl=0.25|tgt=None|sl=None|days=nonexpiry|vix=(-3.0, 3.0)",theta,1486,924,0.0026803806128423433,0.078877491970482,0.05013075615038454,0.10793118842017857,0.08970953081610988,0.46837146702557203,-1.7424505189331532
"theta|butterfly6|entry=15|legsl=0.4|tgt=0.5|sl=1.0|days=nonexpiry|vix=(-3.0, 3.0)",theta,1485,923,0.008145210129508256,0.07864942876630066,0.05000208286480301,0.15406957453172576,0.11494304390553967,0.5037037037037037,-1.259233639490769
"theta|butterfly6|entry=15|legsl=0.4|tgt=0.5|sl=1.0|days=all|vix=(-3.0, 3.0)",theta,1485,923,0.008145210129508256,0.07864942876630066,0.05000208286480301,0.15406957453172576,0.11494304390553967,0.5037037037037037,-1.259233639490769
theta|strangle2|entry=15|legsl=None|tgt=0.5|sl=1.0|days=all|vix=None,theta,2325,1337,0.10912904151401724,0.07864129650164786,0.050000658079846994,-0.016395905769584163,0.1093068523958941,0.6236559139784946,0.3923037758601607
theta|strangle3|entry=15|legsl=0.4|tgt=None|sl=None|days=dte2|vix=None,theta,855,365,0.19279914623526534,0.07841501956694663,0.0499983386263082,0.03694236950161356,0.05672926137044643,0.5450292397660819,2.8464124600168
"theta|butterfly6|entry=15|legsl=None|tgt=0.5|sl=1.0|days=dte2|vix=(-3.0, 3.0)",theta,565,273,0.013566176430054838,0.07804361544336325,0.050051619157364224,0.10340746743134877,0.06277390754854872,0.49557522123893805,-2.1802974262153154
"theta|butterfly6|entry=15|legsl=None|tgt=None|sl=None|days=dte2|vix=(-3.0, 3.0)",theta,565,273,0.012499752919207022,0.07791414986451062,0.04994188460920401,0.09955897817964998,0.061787280655558274,0.49557522123893805,-1.9633420545696154
theta|butterfly6|entry=15|legsl=None|tgt=None|sl=None|days=dte2|vix=None,theta,749,357,0.01207942067859294,0.07785643622673288,0.05000970159606055,0.17204506881973014,0.10194608109256942,0.47930574098798395,-3.516280536903081
"theta|straddle|entry=5|legsl=0.5|tgt=None|sl=None|days=nonexpiry|vix=(-3.0, 3.0)",theta,1491,916,0.10658960470749052,0.07778193835280311,0.04989785207250608,0.08593054900097163,0.024686179242092376,0.5915492957746479,8.358309966673874
theta|strangle3|entry=15|legsl=0.4|tgt=0.5|sl=1.0|days=dte2|vix=None,theta,855,365,0.19957890097424885,0.07766422523902117,0.04999875981368618,0.03403195934059866,0.060739054443234686,0.5461988304093567,2.4806068044682132
theta|strangle3|entry=15|legsl=None|tgt=0.5|sl=1.0|days=dte2|vix=None,theta,855,365,0.146066613874721,0.07755981320247796,0.05000181728949327,0.00868853558337701,0.07531668597630359,0.6456140350877193,1.0705311849793493
"theta|straddle|entry=5|legsl=0.5|tgt=0.5|sl=1.0|days=nonexpiry|vix=(-3.0, 3.0)",theta,1491,916,0.10658960470749052,0.07743598578862132,0.04989785207250608,0.08508158980168923,0.023845744214638698,0.5915492957746479,8.246622400071459
"theta|strangle2|entry=15|legsl=None|tgt=0.5|sl=1.0|days=nonexpiry|vix=(-3.0, 3.0)",theta,1486,924,0.09432550657828923,0.07739272754533122,0.05000320850860107,0.06409879924991357,0.018300303670289453,0.699192462987887,6.416937248581672
"theta|strangle3|entry=105|legsl=0.5|tgt=None|sl=None|days=dte2|vix=(-3.0, 3.0)",theta,609,262,0.2530762596904633,0.07699039199385327,0.05006925770036674,0.06018848524265108,0.05012379233925013,0.6781609195402298,4.955610275565852
"theta|strangle3|entry=105|legsl=0.5|tgt=0.5|sl=1.0|days=dte2|vix=(-3.0, 3.0)",theta,609,262,0.25576799408884665,0.07674030881884786,0.05006873773100062,0.055842575342796685,0.05076382218709319,0.6781609195402298,4.435340051715361
theta|straddle|entry=15|legsl=None|tgt=None|sl=None|days=dte2|vix=None,theta,1094,510,0.10533257758327948,0.07671033261360072,0.05002581546338336,0.07462636390857402,0.029432184181883536,0.5877513711151737,9.612716358159643
theta|butterfly4|entry=15|legsl=None|tgt=None|sl=None|days=nonexpiry|vix=None,theta,2142,1291,0.0025460485676707025,0.07670241433125868,0.05005372729487911,0.15833644789835666,0.07545045022876429,0.4103641456582633,-7.976957295755714
theta|butterfly4|entry=15|legsl=None|tgt=None|sl=None|days=all|vix=None,theta,2187,1291,0.0025460485676707025,0.07670241433125868,0.05005372729487911,0.17713079762200112,0.08170659181194573,0.42158207590306357,-6.255099969826771
"theta|straddle|entry=5|legsl=0.4|tgt=None|sl=None|days=nonexpiry|vix=(-3.0, 3.0)",theta,1491,916,0.09744038756523854,0.07655282158349164,0.05000870352604447,0.07934150201459844,0.020112436188094773,0.6143527833668678,8.280728087545715
"theta|butterfly6|entry=15|legsl=None|tgt=0.5|sl=1.0|days=nonexpiry|vix=(-3.0, 3.0)",theta,1485,923,0.007637001760876672,0.07642269880475716,0.04996279058352582,0.1219688605397784,0.08701454489856031,0.45925925925925926,-3.915642728617697
"theta|butterfly6|entry=15|legsl=None|tgt=0.5|sl=1.0|days=all|vix=(-3.0, 3.0)",theta,1485,923,0.007637001760876672,0.07642269880475716,0.04996279058352582,0.1219688605397784,0.08701454489856031,0.45925925925925926,-3.915642728617697
theta|strangle3|entry=105|legsl=0.25|tgt=0.5|sl=1.0|days=dte2|vix=None,theta,865,367,0.22443457098005337,0.07626279508099487,0.05001576647282613,-0.008354278133815618,0.1324594485020718,0.5606936416184971,-0.35582259147112133
"theta|strangle3|entry=105|legsl=0.4|tgt=0.5|sl=1.0|days=dte2|vix=(-3.0, 3.0)",theta,609,262,0.2507317063861232,0.0762483095027311,0.050070047865914735,0.019295824500385805,0.06305636127862002,0.6371100164203612,1.505410456687698
"theta|straddle|entry=5|legsl=0.4|tgt=0.5|sl=1.0|days=nonexpiry|vix=(-3.0, 3.0)",theta,1491,916,0.09744036590612452,0.07623753466268846,0.050008703560412426,0.07868851306178382,0.020083787124109742,0.6143527833668678,8.18267766224202
theta|strangle3|entry=105|legsl=0.25|tgt=None|sl=None|days=dte2|vix=None,theta,865,367,0.22209963927785129,0.07611487098168812,0.050015811648930875,-0.007418657540863349,0.12891395916977866,0.5595375722543353,-0.3050195601871249
"theta|strangle3|entry=105|legsl=0.4|tgt=None|sl=None|days=dte2|vix=(-3.0, 3.0)",theta,609,262,0.2485964322771055,0.07593478091588679,0.05007048114967094,0.02226163780108359,0.061560655868172165,0.6371100164203612,1.730198859590367
"theta|condor1_5|entry=15|legsl=None|tgt=None|sl=None|days=dte2|vix=(-3.0, 3.0)",theta,574,274,0.015497407031629887,0.0758674925720979,0.05001583867640336,0.05477476048386998,0.07177846327126491,0.5609756097560976,-0.5692494233487374
theta|condor2_7|entry=105|legsl=0.4|tgt=0.5|sl=1.0|days=dte2|vix=None,theta,750,358,0.018881541116485552,0.07580743238171794,0.04999725503129426,0.09232291461365838,0.04991531324625553,0.584,3.712754022795908
"theta|strangle3|entry=15|legsl=0.5|tgt=None|sl=None|days=dte2|vix=(-3.0, 3.0)",theta,652,279,0.2881287137301598,0.07563947289128392,0.05000528848460806,0.017862448419475818,0.048678587158572206,0.5429447852760736,1.0503345602465541
theta|butterfly6|entry=15|legsl=None|tgt=0.5|sl=1.0|days=dte2|vix=None,theta,749,357,0.012398041227270132,0.07538649013288246,0.050008448663619864,0.1707791578477389,0.10127067588425331,0.47930574098798395,-3.5008601639299433
dir|credit_spread|signal=gap_fade|tgt=None|sl=None|days=all,directional,577,358,0.002604449660828614,0.07528607423363587,0.05000068476921937,0.08900365837301516,0.15787042560232223,0.49740034662045063,1.7773861723094917
"theta|condor1_5|entry=15|legsl=None|tgt=0.5|sl=1.0|days=dte2|vix=(-3.0, 3.0)",theta,574,274,0.016205994942028876,0.07511139512912557,0.0498449464295897,0.04782426749069746,0.07254912911059896,0.5609756097560976,-1.1907674364480823
theta|butterfly6|entry=5|legsl=0.4|tgt=None|sl=None|days=all|vix=None,theta,2140,1289,0.003598336664523468,0.0750874804974897,0.05139891704646027,0.1634251350286544,0.06960396900815924,0.49065420560747663,-1.2675297371543586
theta|butterfly6|entry=5|legsl=0.4|tgt=None|sl=None|days=nonexpiry|vix=None,theta,2140,1289,0.003598336664523468,0.0750874804974897,0.05139891704646027,0.1634251350286544,0.06960396900815924,0.49065420560747663,-1.2675297371543586
theta|strangle2|entry=15|legsl=None|tgt=None|sl=None|days=dte2|vix=None,theta,933,404,0.11754777433898415,0.0750368238495267,0.05000061619417839,0.09078031224063365,0.034737111579483226,0.7138263665594855,11.460254882659687
theta|butterfly6|entry=15|legsl=None|tgt=0.5|sl=1.0|days=all|vix=None,theta,2140,1289,0.005185282311393279,0.07498328498081719,0.050094686967183444,0.16544889182095757,0.09120588270839158,0.4378504672897196,-5.579529849059671
theta|butterfly6|entry=15|legsl=None|tgt=0.5|sl=1.0|days=nonexpiry|vix=None,theta,2140,1289,0.005185282311393279,0.07498328498081719,0.050094686967183444,0.16544889182095757,0.09120588270839158,0.4378504672897196,-5.579529849059671
dir|debit_spread|signal=atr_roc|tgt=None|sl=None|days=all,directional,2424,1394,0.004033691966002586,0.07449050751256614,0.05010031537338189,0.18531243217414928,0.0760377242609066,0.4443069306930693,-0.7673536399528141
dir|futures|signal=day_high_low_break|tgt=1.0|sl=0.5,futures,2292,1337,0.07736802022477156,0.07437970486807033,0.0499996311413643,0.08546995899739507,0.046806727455725006,0.524869109947644,6.9360383944153385
"theta|strangle2|entry=5|legsl=0.5|tgt=None|sl=None|days=dte2|vix=(-3.0, 3.0)",theta,723,312,0.19574978861147943,0.07399766233045013,0.050000363338948195,0.02489997241351327,0.022492349776311316,0.5228215767634855,1.9976504659201915
"theta|butterfly6|entry=15|legsl=None|tgt=None|sl=None|days=all|vix=(-3.0, 3.0)",theta,1485,923,0.007262350545963524,0.07392693502193115,0.05005182630978655,0.12103983088055825,0.08670050541559637,0.45925925925925926,-4.035931568596901
"theta|butterfly6|entry=15|legsl=None|tgt=None|sl=None|days=nonexpiry|vix=(-3.0, 3.0)",theta,1485,923,0.007262350545963524,0.07392693502193115,0.05005182630978655,0.12103983088055825,0.08670050541559637,0.45925925925925926,-4.035931568596901
"theta|strangle3|entry=15|legsl=0.5|tgt=0.5|sl=1.0|days=dte2|vix=(-3.0, 3.0)",theta,652,279,0.2881181191408289,0.07388698750318135,0.05000529276379917,0.015429701657779571,0.051286134220586366,0.5429447852760736,0.8002010417503802
theta|butterfly4|entry=5|legsl=0.25|tgt=None|sl=None|days=nonexpiry|vix=None,theta,2142,1291,0.002118505047397157,0.07385008150140226,0.050049529280748906,0.14386336564293867,0.08748562337873722,0.45938375350140054,-2.4904495577787733
theta|butterfly4|entry=5|legsl=0.25|tgt=None|sl=None|days=all|vix=None,theta,2180,1291,0.002118505047397157,0.07385008150140226,0.050049529280748906,0.15227996278937028,0.0885806488160894,0.46238532110091746,-1.9692444030842668
theta|straddle|entry=5|legsl=0.5|tgt=None|sl=None|days=nonexpiry|vix=None,theta,2142,1291,0.10891607441777441,0.07373353494904511,0.05020402958754033,0.0929510905776223,0.034392319062170995,0.5620915032679739,6.376833206361793
longvol|long_straddle|signal=vix_spike|tgt=0.3|sl=0.3|days=all,longvol,294,158,0.04143949287776278,0.07372211590815181,0.05024894563230764,0.06221964815220771,0.032907219810960564,0.5544217687074829,-0.31412468332822624
theta|butterfly6|entry=5|legsl=0.4|tgt=0.5|sl=1.0|days=dte2|vix=None,theta,749,357,0.01875603845909316,0.07355314928120427,0.04999611165685114,0.3175641639807347,0.2171825511916825,0.5420560747663551,0.9255607884840571
longvol|long_straddle|signal=gap_follow|tgt=0.6|sl=0.4|days=all,longvol,610,376,0.017878949987446966,0.07329370160527926,0.049924950580596206,0.09539926698913925,0.06618625848183268,0.5032786885245901,-3.8985051024390054
theta|condor2_7|entry=105|legsl=0.5|tgt=0.5|sl=1.0|days=dte2|vix=None,theta,750,358,0.019583068891776814,0.07328525227184368,0.049992755190246485,0.08121810875159441,0.04018289873924474,0.58,3.088372847834682
"theta|strangle2|entry=5|legsl=0.5|tgt=0.5|sl=1.0|days=dte2|vix=(-3.0, 3.0)",theta,723,312,0.19410026580871678,0.07327499839465679,0.050000372548554495,0.02345040488434691,0.02226984900280271,0.5242047026279392,1.8308218297698844
"theta|butterfly6|entry=5|legsl=0.4|tgt=None|sl=None|days=nonexpiry|vix=(-3.0, 3.0)",theta,1490,915,0.004442647276025922,0.07308682552346091,0.05000012478092697,0.11843848772788124,0.04637557482949872,0.5093959731543625,0.4282213008165029
"theta|butterfly6|entry=5|legsl=0.4|tgt=None|sl=None|days=all|vix=(-3.0, 3.0)",theta,1490,915,0.004442647276025922,0.07308682552346091,0.05000012478092697,0.11843848772788124,0.04637557482949872,0.5093959731543625,0.4282213008165029
theta|butterfly4|entry=15|legsl=0.5|tgt=None|sl=None|days=dte2|vix=None,theta,795,358,0.004907471491062742,0.07306121716948488,0.05001538133087036,0.12613536847767803,0.13521298809814997,0.48930817610062893,-2.415928887731416
theta|straddle|entry=5|legsl=0.5|tgt=0.5|sl=1.0|days=nonexpiry|vix=None,theta,2142,1291,0.10891607441777441,0.07295340966130337,0.05020402958754033,0.08970592861987048,0.03344978569200763,0.5620915032679739,6.160791678160445
theta|butterfly6|entry=15|legsl=None|tgt=None|sl=None|days=nonexpiry|vix=None,theta,2140,1289,0.004996510256569904,0.07281571689988953,0.05009921310142229,0.1606244401026924,0.0894613872712603,0.4378504672897196,-6.1856935568440745
theta|butterfly6|entry=15|legsl=None|tgt=None|sl=None|days=all|vix=None,theta,2140,1289,0.004996510256569904,0.07281571689988953,0.05009921310142229,0.1606244401026924,0.0894613872712603,0.4378504672897196,-6.1856935568440745
theta|condor2_7|entry=105|legsl=0.4|tgt=None|sl=None|days=dte2|vix=None,theta,750,358,0.01891507490340292,0.07272299955794304,0.049997186243449065,0.07743008190268119,0.054287834019227876,0.572,2.71872295287622
theta|butterfly6|entry=5|legsl=0.5|tgt=0.5|sl=1.0|days=nonexpiry|vix=None,theta,2140,1289,0.005193079450297739,0.07252471090516344,0.050000753044195045,0.23371445624343523,0.10100468343937363,0.4855140186915888,-1.4474757798854843
theta|butterfly6|entry=5|legsl=0.5|tgt=0.5|sl=1.0|days=all|vix=None,theta,2140,1289,0.005193079450297739,0.07252471090516344,0.050000753044195045,0.23371445624343523,0.10100468343937363,0.4855140186915888,-1.4474757798854843
theta|condor2_7|entry=105|legsl=0.25|tgt=0.5|sl=1.0|days=dte2|vix=None,theta,750,358,0.022816893432338066,0.07224582897483378,0.04999848815752095,0.07906907463700019,0.10069470430917682,0.5213333333333333,2.1783199695280384
theta|butterfly6|entry=5|legsl=0.5|tgt=None|sl=None|days=nonexpiry|vix=None,theta,2140,1289,0.003620471430721966,0.07212423360417297,0.051558213598882574,0.16594550417539322,0.06770080900566122,0.48177570093457944,-1.6087337078205182
theta|butterfly6|entry=5|legsl=0.5|tgt=None|sl=None|days=all|vix=None,theta,2140,1289,0.003620471430721966,0.07212423360417297,0.051558213598882574,0.16594550417539322,0.06770080900566122,0.48177570093457944,-1.6087337078205182
"theta|butterfly6|entry=15|legsl=0.25|tgt=0.5|sl=1.0|days=nonexpiry|vix=(-3.0, 3.0)",theta,1485,923,0.006436523157280749,0.07197778180049164,0.050000056137729953,0.11511219338545886,0.12583747354174346,0.49696969696969695,-0.3727453030831103
"theta|butterfly6|entry=15|legsl=0.25|tgt=0.5|sl=1.0|days=all|vix=(-3.0, 3.0)",theta,1485,923,0.006436523157280749,0.07197778180049164,0.050000056137729953,0.11511219338545886,0.12583747354174346,0.49696969696969695,-0.3727453030831103
theta|condor2_7|entry=105|legsl=0.5|tgt=None|sl=None|days=dte2|vix=None,theta,750,358,0.02139771702694481,0.07182572451798852,0.049996822216097914,0.06412022738697232,0.05665660555097518,0.5693333333333334,2.0415817224813453
theta|straddle|entry=105|legsl=0.25|tgt=0.5|sl=1.0|days=all|vix=None,theta,2505,1451,0.07814900681402101,0.07180356970823576,0.05007162061824,0.07691542519192818,0.02102556070383732,0.6107784431137725,6.37120736195879
"theta|strangle3|entry=15|legsl=None|tgt=0.5|sl=1.0|days=nonexpiry|vix=(-3.0, 3.0)",theta,1486,924,0.08948495870463825,0.07142311189263228,0.05001491767622679,0.0659505589985212,0.014323579236713235,0.7146702557200538,6.4323843430935295
theta|straddle|entry=105|legsl=0.25|tgt=None|sl=None|days=all|vix=None,theta,2505,1451,0.0751141910493539,0.07108084304854123,0.05006827786759982,0.0795104985150441,0.02049281678314363,0.6107784431137725,6.811863377404401
"theta|butterfly4|entry=5|legsl=0.25|tgt=None|sl=None|days=nonexpiry|vix=(-3.0, 3.0)",theta,1491,916,0.0027578530028231543,0.07091240498537466,0.05002340140294015,0.09848557308786421,0.064352496810689,0.46680080482897385,-2.0095605478801666
"theta|butterfly4|entry=5|legsl=0.25|tgt=None|sl=None|days=all|vix=(-3.0, 3.0)",theta,1522,916,0.0027578530028231543,0.07091240498537466,0.05002340140294015,0.1006966633301778,0.07614306636079404,0.47109067017082784,-1.5261033367543617
dir|buy_otm1|signal=gap_follow|tgt=0.5|sl=0.3|days=all,directional,607,376,0.009612220406570946,0.07083381218138007,0.05030296662641909,0.06896272362406419,0.018532843903574348,0.4975288303130148,1.734328549556324
dir|futures|signal=bb_breakout|tgt=1.0|sl=0.5,futures,2511,1462,0.06983943298617261,0.07057168091901023,0.049485553895466716,0.056175391112494255,0.03561949060475034,0.5089605734767025,4.323775388291529
"theta|strangle2|entry=5|legsl=0.4|tgt=None|sl=None|days=dte2|vix=(-3.0, 3.0)",theta,723,312,0.20839452379477966,0.07055543846508838,0.050003496914964196,0.028433590855286184,0.02463916445143255,0.5186721991701245,1.8779002872554256
theta|condor2_7|entry=5|legsl=None|tgt=None|sl=None|days=dte2|vix=None,theta,749,357,0.020755324589273674,0.07051594810146344,0.049972413718091024,0.01861371553599911,0.16971690982020837,0.5794392523364486,-1.21095309085199
"theta|condor2_7|entry=5|legsl=None|tgt=None|sl=None|days=dte2|vix=(-3.0, 3.0)",theta,580,278,0.022485893805649543,0.07035158384905627,0.050031600891151995,0.03163429174699983,0.06946908201868585,0.596551724137931,0.06769414450151101
"theta|strangle2|entry=5|legsl=None|tgt=0.5|sl=1.0|days=dte2|vix=(-3.0, 3.0)",theta,723,312,0.20570045166661335,0.07030187911753893,0.05003393329071382,-0.01984206371917141,0.10977221608111132,0.5698478561549101,-1.611567091763761
"theta|strangle2|entry=5|legsl=0.4|tgt=0.5|sl=1.0|days=dte2|vix=(-3.0, 3.0)",theta,723,312,0.20936022625473744,0.07029916054072016,0.050012403740692934,0.026449708067726174,0.02476814195787569,0.5186721991701245,1.7132260806430748
dir|buy_atm|signal=gap_fade|tgt=None|sl=None|days=all,directional,621,384,0.0055243358802600255,0.07015040393493899,0.05007257070305027,0.04967277121550451,0.03676901031032864,0.38164251207729466,-5.274079119932631
theta|strangle2|entry=105|legsl=0.4|tgt=None|sl=None|days=dte2|vix=None,theta,951,409,0.22879949011925604,0.07009959024983248,0.04995542757683746,0.14202688803196595,0.05933700532313002,0.6666666666666666,8.983549567630943
theta|strangle2|entry=105|legsl=0.4|tgt=0.5|sl=1.0|days=dte2|vix=None,theta,951,409,0.22864930517562945,0.06989686924500305,0.049955498470241944,0.12389325419996178,0.05335046451592862,0.6666666666666666,7.801442557539677
theta|butterfly4|entry=15|legsl=0.5|tgt=0.5|sl=1.0|days=dte2|vix=None,theta,795,358,0.004613021921271046,0.06988505281504387,0.05001334915125477,0.13516184207197335,0.10514946384111479,0.5257861635220126,0.026571081433984026
"theta|strangle3|entry=15|legsl=None|tgt=0.5|sl=1.0|days=all|vix=(-3.0, 3.0)",theta,1572,929,0.08948495870463825,0.06970162504721578,0.05001491767622679,0.032079070463276516,0.019338019995159605,0.6755725190839694,2.8480661717542555
"theta|straddle|entry=105|legsl=0.25|tgt=None|sl=None|days=dte2|vix=(-3.0, 3.0)",theta,781,367,0.15697641472342022,0.06962744025538292,0.05000036812638109,0.06919371604650193,0.030225433355210996,0.6299615877080665,6.813037788917402
"theta|strangle3|entry=105|legsl=0.25|tgt=0.5|sl=1.0|days=dte2|vix=(-3.0, 3.0)",theta,609,262,0.2550800058150604,0.06951225399577154,0.050039836501776236,-0.003550337464350406,0.0854183162017661,0.5533661740558292,-0.9489809706937316
"theta|straddle|entry=105|legsl=0.25|tgt=0.5|sl=1.0|days=dte2|vix=(-3.0, 3.0)",theta,781,367,0.15919003999453793,0.06947632596177944,0.050000493525645284,0.06398739766164407,0.029642228631525103,0.6299615877080665,5.989417172409965
"theta|strangle3|entry=105|legsl=0.25|tgt=None|sl=None|days=dte2|vix=(-3.0, 3.0)",theta,609,262,0.25169413550768904,0.06926623463945192,0.050040062059586665,-0.003008747266611933,0.08271244833285618,0.5533661740558292,-0.9306643681874622
"theta|butterfly4|entry=5|legsl=0.25|tgt=0.5|sl=1.0|days=all|vix=(-3.0, 3.0)",theta,1522,916,0.002552266982437078,0.06915794040109202,0.05002797092013922,0.09757668980617518,0.04286336526253243,0.49868593955321944,-1.1138731602935554
"theta|butterfly4|entry=5|legsl=0.25|tgt=0.5|sl=1.0|days=nonexpiry|vix=(-3.0, 3.0)",theta,1491,916,0.002552266982437078,0.06915794040109202,0.05002797092013922,0.08493774149064048,0.04495670613719116,0.48826291079812206,-2.1476080254353134
"theta|straddle|entry=105|legsl=None|tgt=None|sl=None|days=nonexpiry|vix=(-3.0, 3.0)",theta,1430,872,0.17963753669332413,0.06912977585340063,0.049970500618091496,0.06315933913550875,0.027369025830512483,0.5825174825174825,3.4724637111450405
theta|butterfly4|entry=5|legsl=None|tgt=None|sl=None|days=nonexpiry|vix=None,theta,2142,1291,0.0026715065710199637,0.06901143238813989,0.05000120246239603,0.17516589858681453,0.08738187952098841,0.41876750700280113,-8.635109925366917
theta|butterfly4|entry=5|legsl=None|tgt=None|sl=None|days=all|vix=None,theta,2180,1291,0.0026715065710199637,0.06901143238813989,0.05000120246239603,0.2138820332125131,0.09486153580613188,0.4279816513761468,-6.730888518362964
theta|condor1_5|entry=15|legsl=0.25|tgt=None|sl=None|days=all|vix=None,theta,2152,1291,0.003656101355757162,0.06867356401395885,0.04999982950467785,0.035471754747630646,0.10616334532006577,0.47444237918215615,-1.2375896048952455
theta|condor1_5|entry=15|legsl=0.25|tgt=None|sl=None|days=nonexpiry|vix=None,theta,2142,1291,0.003656101355757162,0.06867356401395885,0.04999982950467785,0.035192206531628356,0.10551567176446774,0.4733893557422969,-1.2766127576368331
theta|strangle3|entry=15|legsl=0.25|tgt=None|sl=None|days=dte2|vix=None,theta,855,365,0.22807222076232123,0.06861257893047412,0.050003143633810865,0.038664908614061355,0.059351568023734314,0.5169590643274854,1.958066929034879
"theta|condor2_7|entry=5|legsl=None|tgt=0.5|sl=1.0|days=dte2|vix=(-3.0, 3.0)",theta,580,278,0.023193801045763806,0.06838495797980326,0.05005130589784701,0.03379107252124469,0.06861613370667075,0.5982758620689655,0.09398625653699556
"theta|condor2_7|entry=105|legsl=0.4|tgt=0.5|sl=1.0|days=dte2|vix=(-3.0, 3.0)",theta,532,257,0.02690106846557272,0.06831671848005283,0.05000265799183079,0.05578431692147401,0.04872444319999936,0.5695488721804511,2.328313060997592
theta|condor2_7|entry=5|legsl=None|tgt=0.5|sl=1.0|days=dte2|vix=None,theta,749,357,0.02132502640201247,0.06795484853827993,0.05003739534156004,0.035870897027209026,0.11072815838975036,0.582109479305741,-0.903697905938958
"theta|butterfly6|entry=5|legsl=None|tgt=None|sl=None|days=dte2|vix=(-3.0, 3.0)",theta,580,278,0.014597572162453857,0.06718562693852381,0.049889532474144516,0.18407949130500967,0.11878548944289458,0.5086206896551724,-0.39244902359925465
theta|straddle|entry=15|legsl=0.25|tgt=None|sl=None|days=all|vix=None,theta,2486,1443,0.09681159395600045,0.06711074710852949,0.04999999123576104,0.0366510106174367,0.054678800629548774,0.5353982300884956,2.889462057187731
theta|condor2_7|entry=105|legsl=0.25|tgt=None|sl=None|days=dte2|vix=None,theta,750,358,0.01908276953898623,0.06704598203417045,0.04999964469518514,0.06687419526632077,0.07797535939990508,0.5093333333333333,1.443909148955662
"theta|butterfly6|entry=5|legsl=0.5|tgt=0.5|sl=1.0|days=dte2|vix=(-3.0, 3.0)",theta,580,278,0.01328092397948652,0.06687098864805896,0.050004530018356586,0.18597943797137306,0.09921514829317413,0.5551724137931034,4.146344373499565
theta|straddle|entry=15|legsl=0.25|tgt=0.5|sl=1.0|days=all|vix=None,theta,2486,1443,0.09679990994244081,0.06674135792467673,0.04999999067861072,0.035792303747059995,0.05466950229948653,0.5353982300884956,2.8301739274617725
theta|butterfly4|entry=5|legsl=0.5|tgt=None|sl=None|days=dte2|vix=None,theta,788,358,0.005920513000681404,0.06668752537968481,0.05000833697464979,0.2963085834543857,0.16432781395199347,0.5152284263959391,2.1156679489006227
"theta|strangle3|entry=15|legsl=0.4|tgt=0.5|sl=1.0|days=dte2|vix=(-3.0, 3.0)",theta,652,279,0.2689923431047295,0.06665871152785208,0.050000360629248175,0.023917605737214576,0.05006351628612671,0.5291411042944786,1.0070580209978985
"theta|strangle3|entry=15|legsl=0.4|tgt=None|sl=None|days=dte2|vix=(-3.0, 3.0)",theta,652,279,0.2600530534651217,0.06665691817725583,0.050000320625904315,0.02564451457762451,0.046192975417593374,0.5291411042944786,1.1653244486004029
"theta|butterfly6|entry=105|legsl=0.25|tgt=0.5|sl=1.0|days=dte2|vix=(-3.0, 3.0)",theta,531,256,0.0165453450075285,0.06641084563288935,0.05000048275830371,0.0525951962467488,0.10396518924457776,0.5555555555555556,0.9538982431675285
theta|strangle2|entry=15|legsl=0.25|tgt=None|sl=None|days=dte2|vix=None,theta,933,404,0.18296229674667136,0.06608780827391936,0.0499992609947818,0.03729721802817654,0.05254700795700762,0.5048231511254019,2.0069895875993127
"theta|butterfly6|entry=5|legsl=0.5|tgt=None|sl=None|days=nonexpiry|vix=(-3.0, 3.0)",theta,1490,915,0.0040859621846108885,0.06590203390993499,0.04941059978157836,0.10982432666780206,0.041324962913550034,0.4993288590604027,0.4870090854013113
"theta|butterfly6|entry=5|legsl=0.5|tgt=None|sl=None|days=all|vix=(-3.0, 3.0)",theta,1490,915,0.0040859621846108885,0.06590203390993499,0.04941059978157836,0.10982432666780206,0.041324962913550034,0.4993288590604027,0.4870090854013113
"theta|butterfly4|entry=5|legsl=0.5|tgt=None|sl=None|days=dte2|vix=(-3.0, 3.0)",theta,612,279,0.0059204735286358424,0.0658328825556902,0.050006773835876484,0.17480445332762273,0.09765103547689358,0.5277777777777778,2.54025137462086
theta|strangle3|entry=15|legsl=0.25|tgt=0.5|sl=1.0|days=dte2|vix=None,theta,855,365,0.22806339891505875,0.06567967015850895,0.05000314439315867,0.0348663491530421,0.05967705075459051,0.5169590643274854,1.5546383928344953
theta|strangle2|entry=15|legsl=0.25|tgt=0.5|sl=1.0|days=dte2|vix=None,theta,933,404,0.18637627408722585,0.06550655344812872,0.04999939220964089,0.03339961425590543,0.05469168085579457,0.5058949624866024,1.6437019908635164
"theta|butterfly6|entry=105|legsl=0.4|tgt=0.5|sl=1.0|days=dte2|vix=(-3.0, 3.0)",theta,531,256,0.017648527140007957,0.06521283764410701,0.050006844791865124,0.08679380421222982,0.05685333010179405,0.5254237288135594,1.6070796690407838
"theta|butterfly6|entry=5|legsl=0.4|tgt=None|sl=None|days=dte2|vix=(-3.0, 3.0)",theta,580,278,0.015431115698470832,0.06518930043784965,0.04997108655215643,0.17471824822622528,0.091866118191829,0.5482758620689655,1.319687906267672
theta|butterfly6|entry=15|legsl=0.5|tgt=None|sl=None|days=dte2|vix=None,theta,749,357,0.007998866771036978,0.06517606680744259,0.05014693338754095,0.10509290208115685,0.11436512191383874,0.5233644859813084,-0.5932667046366152
dir|debit_spread|signal=momentum_1m|tgt=None|sl=None|days=nonexpiry,directional,1545,943,0.0030581234788833772,0.06508575479976231,0.04963474933385226,0.041081252043074556,0.018431557121134756,0.40194174757281553,-3.538410614353168
"theta|butterfly6|entry=5|legsl=0.25|tgt=None|sl=None|days=all|vix=(-3.0, 3.0)",theta,1490,915,0.0036359316422863376,0.06497315430440076,0.04926762704273091,0.07669400839632212,0.035472544322738275,0.5026845637583892,-0.15511706420315435
"theta|butterfly6|entry=5|legsl=0.25|tgt=None|sl=None|days=nonexpiry|vix=(-3.0, 3.0)",theta,1490,915,0.0036359316422863376,0.06497315430440076,0.04926762704273091,0.07669400839632212,0.035472544322738275,0.5026845637583892,-0.15511706420315435
"theta|straddle|entry=15|legsl=0.25|tgt=None|sl=None|days=all|vix=(-3.0, 3.0)",theta,1754,1039,0.10934728479891415,0.06495569231188503,0.05000007531740269,0.03794038619560558,0.05634895584530886,0.5370581527936146,2.9503759335231865
theta|butterfly6|entry=105|legsl=0.4|tgt=0.5|sl=1.0|days=all|vix=None,theta,2141,1290,0.00685670593657758,0.06486642469777437,0.05009011708598232,0.11854639890053931,0.11027704341691191,0.48155067725361983,-1.4014187225728925
theta|butterfly6|entry=105|legsl=0.4|tgt=0.5|sl=1.0|days=nonexpiry|vix=None,theta,2141,1290,0.00685670593657758,0.06486642469777437,0.05009011708598232,0.11854639890053931,0.11027704341691191,0.48155067725361983,-1.4014187225728925
"theta|butterfly6|entry=105|legsl=0.4|tgt=None|sl=None|days=dte2|vix=(-3.0, 3.0)",theta,531,256,0.02119016488211138,0.06485745416363398,0.05004259178507153,0.06980331559430653,0.0643705884442326,0.5216572504708098,1.110750518392083
dir|credit_spread|signal=macd|tgt=0.5|sl=0.3|days=nonexpiry,directional,2142,1291,0.007441737957740458,0.06468683157167887,0.05000812334213134,0.11349758723425696,0.06186110879764517,0.4402427637721755,-0.08835141665850928
"theta|butterfly6|entry=105|legsl=0.25|tgt=None|sl=None|days=dte2|vix=(-3.0, 3.0)",theta,531,256,0.014444313156390562,0.0645935221522338,0.05000308252428842,0.03384696560029288,0.09141159111577413,0.551789077212806,0.757156789461994
"theta|straddle|entry=15|legsl=0.25|tgt=0.5|sl=1.0|days=all|vix=(-3.0, 3.0)",theta,1754,1039,0.10934078274651189,0.06454173296164378,0.05000007491464886,0.03793991141839825,0.05634382190712883,0.5370581527936146,2.9269802903161195
theta|condor1_5|entry=5|legsl=0.4|tgt=0.5|sl=1.0|days=dte2|vix=None,theta,762,358,0.011972231048186129,0.06446991245113387,0.050116736288461694,0.02895386801314448,0.136518610795472,0.5301837270341208,-0.9411757548520193
theta|strangle2|entry=5|legsl=None|tgt=0.5|sl=1.0|days=dte2|vix=None,theta,928,401,0.18169214450163182,0.06431697543457471,0.0500032139943376,-0.05568630262152985,0.23778195796776846,0.5603448275862069,-4.107496857244907
"theta|straddle|entry=5|legsl=None|tgt=None|sl=None|days=dte2|vix=(-3.0, 3.0)",theta,849,399,0.16791282014731718,0.06423639734744335,0.050360483514818255,0.07014668781885525,0.054043391218506875,0.5724381625441696,6.060061438030291
theta|butterfly6|entry=5|legsl=0.25|tgt=0.5|sl=1.0|days=all|vix=None,theta,2140,1289,0.004050657137030004,0.06419403890971576,0.051043547460218885,0.13937834392580273,0.06673298588862286,0.49485981308411214,-0.9633793693401012
theta|butterfly6|entry=5|legsl=0.25|tgt=0.5|sl=1.0|days=nonexpiry|vix=None,theta,2140,1289,0.004050657137030004,0.06419403890971576,0.051043547460218885,0.13937834392580273,0.06673298588862286,0.49485981308411214,-0.9633793693401012
"theta|condor2_7|entry=105|legsl=0.4|tgt=None|sl=None|days=dte2|vix=(-3.0, 3.0)",theta,532,257,0.026621461914372858,0.06416251940067297,0.050001584869783344,0.04515515412164617,0.06395966616527671,0.5620300751879699,1.5598597263331004
dir|buy_atm|signal=gap_fade|tgt=0.5|sl=0.3|days=all,directional,621,384,0.010660966970142651,0.06412607281767269,0.049947614266463214,0.06556466560885754,0.019251807931268905,0.45410628019323673,-1.1496441029427324
"theta|strangle2|entry=15|legsl=None|tgt=0.5|sl=1.0|days=all|vix=(-3.0, 3.0)",theta,1634,958,0.08928855263073963,0.06401972824422963,0.05000453685749917,0.005513699249180881,0.034533236004160806,0.6383108935128519,0.5326430661179299
"theta|condor2_7|entry=105|legsl=0.5|tgt=0.5|sl=1.0|days=dte2|vix=(-3.0, 3.0)",theta,532,257,0.02883329369340994,0.06393205731079643,0.05000351199364084,0.054057360258873643,0.06815282488906182,0.5695488721804511,1.799988291273439
theta|butterfly6|entry=15|legsl=0.5|tgt=0.5|sl=1.0|days=dte2|vix=None,theta,749,357,0.007274636066867615,0.06375049391886622,0.05019767241863693,0.10747094522169931,0.0816654693565878,0.5287049399198932,-0.05107919528220339
"theta|butterfly6|entry=5|legsl=None|tgt=0.5|sl=1.0|days=dte2|vix=(-3.0, 3.0)",theta,580,278,0.01384077145241642,0.06374416688364093,0.049607378933726354,0.17135875528889222,0.10307071273920276,0.5086206896551724,-0.20162458211491843
theta|straddle|entry=105|legsl=0.25|tgt=0.5|sl=1.0|days=dte2|vix=None,theta,1113,518,0.1102315490977131,0.06373654962021336,0.050001965742634935,0.08458160616271249,0.024646232472343987,0.6361185983827493,8.457033960234549
theta|straddle|entry=105|legsl=0.25|tgt=None|sl=None|days=dte2|vix=None,theta,1113,518,0.10416011404250067,0.0637170589253877,0.05000186066898782,0.0880684101599547,0.02570196513452505,0.6361185983827493,9.44880693300297
theta|strangle2|entry=15|legsl=0.5|tgt=None|sl=None|days=dte2|vix=None,theta,933,404,0.15374596634495236,0.06322314820494279,0.0499994201211188,0.01773067769083858,0.05259763818512775,0.5359056806002144,0.7777380749409082
"theta|butterfly6|entry=5|legsl=0.5|tgt=0.5|sl=1.0|days=nonexpiry|vix=(-3.0, 3.0)",theta,1490,915,0.007027180857002877,0.06290470740357379,0.050015710656682866,0.1862626050174192,0.08260728307696186,0.5020134228187919,0.2041807082960661
"theta|butterfly6|entry=5|legsl=0.5|tgt=0.5|sl=1.0|days=all|vix=(-3.0, 3.0)",theta,1490,915,0.007027180857002877,0.06290470740357379,0.050015710656682866,0.1862626050174192,0.08260728307696186,0.5020134228187919,0.2041807082960661
theta|strangle2|entry=15|legsl=0.5|tgt=0.5|sl=1.0|days=dte2|vix=None,theta,933,404,0.15525493890980221,0.06257746109163209,0.04999939169547951,0.014238536973788518,0.05463010230145504,0.5359056806002144,0.419283085673209
theta|strangle2|entry=15|legsl=0.4|tgt=None|sl=None|days=dte2|vix=None,theta,933,404,0.14287525385389013,0.06220292724146126,0.05000249184566141,0.02081764828738719,0.04708055599852534,0.5305466237942122,1.0484418195790344
theta|butterfly6|entry=5|legsl=0.25|tgt=None|sl=None|days=nonexpiry|vix=None,theta,2140,1289,0.002925064796791089,0.06218607990661007,0.05460986400651657,0.11690531720345754,0.057085738935757635,0.4883177570093458,-1.0269426420311811
theta|butterfly6|entry=5|legsl=0.25|tgt=None|sl=None|days=all|vix=None,theta,2140,1289,0.002925064796791089,0.06218607990661007,0.05460986400651657,0.11690531720345754,0.057085738935757635,0.4883177570093458,-1.0269426420311811
dir|debit_spread|signal=linreg_slope|tgt=None|sl=None|days=nonexpiry,directional,2141,1290,0.0026502829334098255,0.06213097935359935,0.05715380065728248,0.07406173242753677,0.0706199435763668,0.406352171882298,-3.0195541058628983
theta|strangle3|entry=5|legsl=0.25|tgt=None|sl=None|days=dte2|vix=None,theta,844,364,0.22571989686575483,0.062043058825798525,0.05000469049796974,0.07230053094874744,0.023916375497479492,0.5154028436018957,4.016946042439101
theta|strangle2|entry=105|legsl=0.25|tgt=None|sl=None|days=dte2|vix=None,theta,951,409,0.22581585388893335,0.06198509692914933,0.04983485797328702,0.0429166008233941,0.09319508416475764,0.5793901156677181,2.1179564855404562
theta|butterfly6|entry=105|legsl=0.25|tgt=None|sl=None|days=dte2|vix=None,theta,749,357,0.012002511904741161,0.061776070964333796,0.05005771132179049,0.09724036589264817,0.08669535039451315,0.5447263017356475,1.7182437314561414
theta|strangle2|entry=15|legsl=0.4|tgt=0.5|sl=1.0|days=dte2|vix=None,theta,933,404,0.14414143645355787,0.06166300317690765,0.0500025959669016,0.01763313067287653,0.04879344861461443,0.5316184351554126,0.6991578186303402
theta|strangle2|entry=105|legsl=0.25|tgt=0.5|sl=1.0|days=dte2|vix=None,theta,951,409,0.22580205790166907,0.06157430734949676,0.049833597646808836,0.036155834706387946,0.09513779839132608,0.5793901156677181,1.7213921232882843
"theta|condor2_7|entry=105|legsl=0.5|tgt=None|sl=None|days=dte2|vix=(-3.0, 3.0)",theta,532,257,0.0324112423478624,0.061413267638617874,0.050000579896509745,0.04236669978096219,0.10542560875291307,0.5639097744360902,1.1614965639423602
"theta|butterfly6|entry=105|legsl=0.5|tgt=0.5|sl=1.0|days=dte2|vix=(-3.0, 3.0)",theta,531,256,0.02114785529614584,0.06135884091693167,0.04998783605209167,0.07652162250200245,0.07072277374069236,0.5065913370998116,0.09016628373082217
theta|butterfly6|entry=105|legsl=0.4|tgt=0.5|sl=1.0|days=dte2|vix=None,theta,749,357,0.011668072434715852,0.06135535718036911,0.0498641831091895,0.10390276972602264,0.12840717724491701,0.5246995994659546,1.4645980090746478
theta|condor1_5|entry=5|legsl=0.5|tgt=0.5|sl=1.0|days=dte2|vix=None,theta,762,358,0.009556176457629536,0.06118455997333205,0.049941935964829764,0.06422075564449514,0.07449670485577686,0.5328083989501312,-0.38214938763297224
"theta|butterfly6|entry=105|legsl=0.5|tgt=None|sl=None|days=dte2|vix=(-3.0, 3.0)",theta,531,256,0.02375963310082005,0.06108103378309293,0.049999889225991634,0.042046872141977776,0.09888261150568689,0.5028248587570622,-0.44294430705656984
"theta|butterfly6|entry=5|legsl=0.25|tgt=0.5|sl=1.0|days=all|vix=(-3.0, 3.0)",theta,1490,915,0.005275302084117974,0.060591470500334754,0.050006970851329435,0.09922919812727615,0.0531173881862802,0.5067114093959731,-0.3077391391323337
"theta|butterfly6|entry=5|legsl=0.25|tgt=0.5|sl=1.0|days=nonexpiry|vix=(-3.0, 3.0)",theta,1490,915,0.005275302084117974,0.060591470500334754,0.050006970851329435,0.09922919812727615,0.0531173881862802,0.5067114093959731,-0.3077391391323337
dir|credit_spread|signal=macd|tgt=0.5|sl=0.3|days=all,directional,2374,1355,0.006226772168896201,0.060580048853422275,0.05013030898034476,0.05824024333964162,0.07811719129481742,0.44187026116259476,-0.5339871636351919
theta|condor1_5|entry=5|legsl=None|tgt=None|sl=None|days=dte2|vix=None,theta,762,358,0.01867918958543552,0.060560666431109134,0.050062708623439534,-0.06910897650321202,0.5790423049017787,0.5170603674540682,-2.742947891423787
theta|strangle3|entry=5|legsl=0.25|tgt=0.5|sl=1.0|days=dte2|vix=None,theta,844,364,0.22571780523646573,0.06056031822557073,0.05000469063909441,0.06675874641675472,0.02496154464960887,0.5154028436018957,3.509402548150146
"theta|butterfly4|entry=15|legsl=0.5|tgt=None|sl=None|days=dte2|vix=(-3.0, 3.0)",theta,605,274,0.003873993744857336,0.060354802851342315,0.05029398727226586,0.07305164014522969,0.046740355646204934,0.4925619834710744,-1.4843551261794685
dir|buy_atm|signal=orb_reversal|tgt=None|sl=None|days=all,directional,2520,1459,0.001155512697015658,0.06023280445878809,0.04971911390963346,0.07828506420507853,0.03714185514149371,0.39246031746031745,-4.374994396154133
"theta|condor1_5|entry=105|legsl=0.4|tgt=0.5|sl=1.0|days=dte2|vix=(-3.0, 3.0)",theta,539,257,0.01887514882219378,0.060230190587003074,0.049993724851684074,0.10129721591589047,0.08530965037851113,0.5584415584415584,2.0381062097841585
dir|buy_atm|signal=day_high_low_break|tgt=None|sl=None|days=all,directional,2277,1328,0.0009777620642359589,0.06022297885734118,0.0501963792986001,0.026796901616733315,0.007487713981562338,0.37417654808959155,-7.235152044782105
theta|butterfly6|entry=5|legsl=0.5|tgt=0.5|sl=1.0|days=dte2|vix=None,theta,749,357,0.01327957449092271,0.06022061773370102,0.0500045415337389,0.2835897418587414,0.18271160956289378,0.5433911882510013,2.3725755933094077
dir|buy_atm|signal=momentum_1m|tgt=None|sl=None|days=all,directional,1828,1070,0.0014665517262635376,0.06019010600251806,0.05022971556475708,0.06458982027679783,0.03533478046776972,0.36925601750547044,-6.619728575523136
"theta|condor2_7|entry=105|legsl=None|tgt=None|sl=None|days=dte2|vix=(-3.0, 3.0)",theta,532,257,0.03541088555969125,0.059998956680143545,0.05021847221164688,0.02484025024318992,0.06578660751140242,0.6052631578947368,-0.032046999485421154
theta|condor2_7|entry=105|legsl=None|tgt=None|sl=None|days=dte2|vix=None,theta,750,358,0.02212652694014097,0.059902987105547645,0.050231981193691655,0.03139110279330248,0.07535934155578294,0.5813333333333334,-0.7581069103002552
"theta|condor1_5|entry=5|legsl=None|tgt=None|sl=None|days=dte2|vix=(-3.0, 3.0)",theta,593,279,0.014978840409696503,0.0595776897313236,0.050102405399815364,-0.036762402155770646,0.3713494178183431,0.5497470489038786,-0.5667167887845489
"theta|condor2_7|entry=105|legsl=None|tgt=0.5|sl=1.0|days=dte2|vix=(-3.0, 3.0)",theta,532,257,0.0385551552737508,0.05954748281838862,0.0501839853395869,0.026521633102373432,0.07241540486583276,0.6052631578947368,-0.13514349216133145
dir|debit_spread|signal=orb|tgt=None|sl=None|days=all,directional,2409,1391,0.0013556874520170624,0.059402331645005635,0.050147754218983764,0.05854626739861457,0.01770107656533526,0.4122042341220423,-2.139278952005544
theta|condor2_7|entry=105|legsl=None|tgt=0.5|sl=1.0|days=dte2|vix=None,theta,750,358,0.02337197418815312,0.059192677252417614,0.05029851753071979,0.03678266986058176,0.07750044305161974,0.5813333333333334,-0.6642663440362615
"theta|butterfly4|entry=105|legsl=0.25|tgt=0.5|sl=1.0|days=dte2|vix=(-3.0, 3.0)",theta,578,257,0.00818298264108313,0.05917349913065917,0.050092595947096585,0.04867243862999504,0.13867970430556575,0.5467128027681661,0.3513644906069977
"theta|strangle2|entry=105|legsl=0.4|tgt=None|sl=None|days=dte2|vix=(-3.0, 3.0)",theta,669,289,0.2279111668590511,0.059123099180234284,0.049934628960582095,0.09971488727364397,0.04265707197973534,0.672645739910314,7.9243848982609135
theta|butterfly6|entry=105|legsl=0.25|tgt=0.5|sl=1.0|days=dte2|vix=None,theta,749,357,0.011380943099083753,0.0591011083242905,0.05001706465371236,0.09780466394202936,0.08789145796287012,0.5500667556742324,2.016715299514885
theta|condor1_5|entry=5|legsl=None|tgt=0.5|sl=1.0|days=dte2|vix=None,theta,762,358,0.017508793729512535,0.05906357861675904,0.05020216342217387,0.029706159966811807,0.2808161187464904,0.5170603674540682,-3.244371289935872
theta|butterfly6|entry=5|legsl=0.4|tgt=None|sl=None|days=dte2|vix=None,theta,749,357,0.015535688888198876,0.05904329979098333,0.05000440519025673,0.28391541044959334,0.18956676473738077,0.5340453938584779,0.542262007671031
"theta|strangle2|entry=15|legsl=0.5|tgt=None|sl=None|days=dte2|vix=(-3.0, 3.0)",theta,714,308,0.3020409967312157,0.059022274606889136,0.05000044321364183,-0.016016150549430952,0.0836299269205053,0.5182072829131653,-1.4177908960594865
theta|straddle|entry=5|legsl=None|tgt=None|sl=None|days=dte2|vix=None,theta,1095,511,0.13103787261468286,0.058983843375343126,0.05052538338906121,0.06673384039053465,0.046197190611417915,0.5625570776255707,6.03939876555961
"theta|strangle2|entry=105|legsl=0.4|tgt=0.5|sl=1.0|days=dte2|vix=(-3.0, 3.0)",theta,669,289,0.22777969425841257,0.05896626901677071,0.049934722694742195,0.08881667805286786,0.03447598939717422,0.672645739910314,6.791943674648812
"theta|straddle|entry=105|legsl=None|tgt=0.5|sl=1.0|days=nonexpiry|vix=(-3.0, 3.0)",theta,1430,872,0.1640718315714314,0.05885137343132607,0.049790219017629034,0.061408145875316844,0.02485500490652348,0.5825174825174825,3.1894966496354216
"theta|condor2_7|entry=5|legsl=0.25|tgt=0.5|sl=1.0|days=dte2|vix=(-3.0, 3.0)",theta,580,278,0.024179501506991632,0.0587492049052154,0.04999995109977551,0.002607747064965471,0.10200836748974507,0.4793103448275862,-2.558134072403714
"theta|strangle2|entry=15|legsl=0.5|tgt=0.5|sl=1.0|days=dte2|vix=(-3.0, 3.0)",theta,714,308,0.3043883352684949,0.0584989345806084,0.05000044684248439,-0.01707527070163295,0.0879630157454302,0.5182072829131653,-1.4898636160127938
theta|butterfly6|entry=105|legsl=0.4|tgt=None|sl=None|days=dte2|vix=None,theta,749,357,0.012790039850535985,0.05832960581846636,0.049939183679769905,0.10243696946308334,0.11900499688348731,0.520694259012016,1.102989982794041
theta|condor1_5|entry=15|legsl=0.4|tgt=0.5|sl=1.0|days=dte2|vix=None,theta,760,358,0.006375602776641669,0.05819812205783004,0.05004303403709909,0.008552452301692215,0.11569797389328285,0.5473684210526316,-2.1169089589896224
"theta|condor1_5|entry=5|legsl=None|tgt=0.5|sl=1.0|days=dte2|vix=(-3.0, 3.0)",theta,593,279,0.014807768488753151,0.057986404482933684,0.05009203323373701,0.03863045895311057,0.09898940803742406,0.5497470489038786,-1.4236904311858585
"theta|strangle2|entry=5|legsl=0.25|tgt=None|sl=None|days=nonexpiry|vix=(-3.0, 3.0)",theta,1491,916,0.07637538711889194,0.057831268491632226,0.050020092836565944,0.057488197490676685,0.014074536754778988,0.6237424547283702,5.771233694168322
"theta|butterfly4|entry=15|legsl=0.5|tgt=0.5|sl=1.0|days=dte2|vix=(-3.0, 3.0)",theta,605,274,0.003620721778027296,0.0578201674632326,0.05032979464799281,0.0769366318084217,0.039010020864370776,0.5338842975206611,0.8941330493126214
"theta|strangle2|entry=15|legsl=0.25|tgt=None|sl=None|days=dte2|vix=(-3.0, 3.0)",theta,714,308,0.21340403850069822,0.05781654283728921,0.050004424864897645,0.03306461720547915,0.022806405621707104,0.49859943977591037,1.1546907950005263
"theta|strangle2|entry=5|legsl=0.25|tgt=0.5|sl=1.0|days=nonexpiry|vix=(-3.0, 3.0)",theta,1491,916,0.07637483540074491,0.05778005508089312,0.05001970457251492,0.05708903145880351,0.014071319827204776,0.6237424547283702,5.716651943253158
"theta|strangle3|entry=5|legsl=0.25|tgt=None|sl=None|days=dte2|vix=(-3.0, 3.0)",theta,653,282,0.22572108967110155,0.05755232047997616,0.05000468752606457,0.05203623914833999,0.017602388803661495,0.5084226646248086,2.7889428388344015
theta|condor1_5|entry=5|legsl=0.4|tgt=None|sl=None|days=dte2|vix=None,theta,762,358,0.012120708993070599,0.057459514083042285,0.04998299263895556,0.0071346426277454356,0.41524009325079636,0.5065616797900262,0.09933314960599914
"theta|strangle2|entry=15|legsl=0.25|tgt=0.5|sl=1.0|days=dte2|vix=(-3.0, 3.0)",theta,714,308,0.2148393663280064,0.05740519318772286,0.05000062769111602,0.03292156910112776,0.023390701747954767,0.5,1.1003039654219504
"theta|butterfly6|entry=5|legsl=0.5|tgt=None|sl=None|days=dte2|vix=(-3.0, 3.0)",theta,580,278,0.010322900665334497,0.05716439655321626,0.0500366582712779,0.1415610718182636,0.06682770547414152,0.5482758620689655,3.3148691180617633
"theta|condor2_7|entry=105|legsl=0.25|tgt=0.5|sl=1.0|days=dte2|vix=(-3.0, 3.0)",theta,532,257,0.02842507898836342,0.05688574868213192,0.04984631650732663,0.05371884411462169,0.06996093808651005,0.5093984962406015,0.983989889857687
longvol|long_straddle|signal=vix_spike|tgt=None|sl=None|days=all,longvol,294,158,0.030047076958046308,0.05680995066238892,0.0499312785428051,0.061328558991032844,0.0884523641767524,0.5034013605442177,-2.261197338558378
"theta|strangle3|entry=5|legsl=0.25|tgt=0.5|sl=1.0|days=dte2|vix=(-3.0, 3.0)",theta,653,282,0.2257205542185707,0.05677842382914644,0.05000468755843157,0.05075301510009056,0.018598893881714762,0.5084226646248086,2.6123750064221487
theta|butterfly6|entry=105|legsl=0.25|tgt=None|sl=None|days=all|vix=None,theta,2141,1290,0.006090113556614456,0.056704535094211916,0.05021086423662202,0.09380207739094826,0.08719352101473188,0.4950957496496964,-0.9490155375827052
theta|butterfly6|entry=105|legsl=0.25|tgt=None|sl=None|days=nonexpiry|vix=None,theta,2141,1290,0.006090113556614456,0.056704535094211916,0.05021086423662202,0.09380207739094826,0.08719352101473188,0.4950957496496964,-0.9490155375827052
dir|buy_atm|signal=gap_follow|tgt=0.5|sl=0.3|days=all,directional,624,384,0.010590056968644472,0.05652143933350162,0.04992503534066073,0.0544944429941967,0.03501611353655787,0.44551282051282054,-2.328863151700069
dir|buy_atm|signal=gap_fade|tgt=0.2|sl=0.2|days=all,directional,621,384,0.012268706582021068,0.05639990935451955,0.05002287405244765,0.04205783920634665,0.02299035039543218,0.533011272141707,-1.806547983456733
"theta|strangle2|entry=15|legsl=0.4|tgt=None|sl=None|days=dte2|vix=(-3.0, 3.0)",theta,714,308,0.20289105055165058,0.0563736819848395,0.0500078963621754,0.009923260655609,0.04196546781406729,0.5140056022408963,-0.39356501497391244
theta|butterfly6|entry=5|legsl=None|tgt=None|sl=None|days=dte2|vix=None,theta,749,357,0.011499563721305898,0.0563507199410469,0.0498260116885515,0.20524596950265517,0.14703628778072797,0.4939919893190921,-2.758016053384869
dir|buy_atm|signal=rsi_reversal|tgt=None|sl=None|days=all,directional,2490,1441,0.0012744776753794433,0.05631793107145011,0.04976189524491048,0.07730294769291257,0.03330163823429322,0.38353413654618473,-5.0158940509797105
dir|debit_spread|signal=orb|tgt=None|sl=None|days=nonexpiry,directional,2140,1289,0.0015713090837935022,0.05617055634929424,0.049949022417323685,0.062339548618824514,0.012385376009396598,0.40046728971962614,-3.2644010449614482
"theta|condor2_7|entry=5|legsl=0.4|tgt=None|sl=None|days=all|vix=(-3.0, 3.0)",theta,1490,915,0.01081671680133217,0.0561242543624787,0.04994910999789426,0.06648394789286116,0.04926160229095611,0.4986577181208054,1.1732615240406683
"theta|condor2_7|entry=5|legsl=0.4|tgt=None|sl=None|days=nonexpiry|vix=(-3.0, 3.0)",theta,1490,915,0.01081671680133217,0.0561242543624787,0.04994910999789426,0.06648394789286116,0.04926160229095611,0.4986577181208054,1.1732615240406683
"theta|strangle3|entry=15|legsl=0.25|tgt=None|sl=None|days=dte2|vix=(-3.0, 3.0)",theta,652,279,0.23710577984044195,0.0561004318570566,0.04989157931082688,0.033162095397961444,0.022376881912865354,0.5061349693251533,0.9765998671884905
"theta|strangle2|entry=15|legsl=0.4|tgt=0.5|sl=1.0|days=dte2|vix=(-3.0, 3.0)",theta,714,308,0.20350281533369577,0.05606651559419773,0.050003126148788435,0.009569276624419754,0.043611297305964025,0.5154061624649859,-0.445921061175047
theta|butterfly4|entry=105|legsl=0.25|tgt=0.5|sl=1.0|days=dte2|vix=None,theta,814,358,0.005286033849766548,0.055724502083879246,0.050301743044138036,0.07995443757518372,0.07766267201550459,0.538083538083538,1.1628526642036938
"theta|strangle2|entry=5|legsl=0.25|tgt=None|sl=None|days=all|vix=(-3.0, 3.0)",theta,1633,949,0.07636686371865145,0.055525054053089606,0.0500177910791344,0.04646894020491987,0.009388716214454806,0.5701163502755664,3.9639283715894216
"theta|strangle3|entry=15|legsl=0.25|tgt=0.5|sl=1.0|days=dte2|vix=(-3.0, 3.0)",theta,652,279,0.24490252568974055,0.05548934174938358,0.049941474614662695,0.03194745518414255,0.024066434983502027,0.5061349693251533,0.8207047427925585
"theta|strangle2|entry=5|legsl=0.25|tgt=0.5|sl=1.0|days=all|vix=(-3.0, 3.0)",theta,1633,949,0.07636631599730147,0.05547423591801759,0.05001740470382221,0.0459920271960661,0.009411821981009094,0.5701163502755664,3.9081721463392847
dir|buy_atm|signal=orb|tgt=None|sl=None|days=all,directional,2518,1458,0.00105009818806334,0.0554353041284521,0.04963893361719829,0.08084199303159756,0.040074230185461635,0.3816521048451152,-5.350902700684107
theta|butterfly4|entry=5|legsl=0.25|tgt=0.5|sl=1.0|days=dte2|vix=None,theta,788,358,0.004969034254426221,0.05533999330528916,0.0500335188493245,0.1706383281403152,0.09655548036319972,0.5279187817258884,0.980861937664635
dir|buy_atm|signal=ema9_21|tgt=None|sl=None|days=all,directional,2335,1369,0.0016574319457664888,0.05531945472134314,0.05040562886780675,0.06807909586906291,0.049410783192773255,0.36231263383297646,-8.20150807974923
theta|condor1_5|entry=105|legsl=0.4|tgt=0.5|sl=1.0|days=dte2|vix=None,theta,760,358,0.012212003490915814,0.05526229336862287,0.05000004387179102,0.10473504770988362,0.09713092976020532,0.5473684210526316,1.8477770808936453
theta|butterfly4|entry=105|legsl=0.4|tgt=0.5|sl=1.0|days=dte2|vix=None,theta,814,358,0.005708738642868769,0.0551640167089289,0.0502438295683465,0.09677111341012234,0.08727491694557044,0.5221130221130221,0.6987280502112817
theta|butterfly4|entry=5|legsl=0.4|tgt=None|sl=None|days=dte2|vix=None,theta,788,358,0.0044643701521994835,0.05503771412677283,0.05000216284987591,0.19898926314659904,0.12137051061948223,0.5114213197969543,0.3790114183551089
"theta|strangle2|entry=105|legsl=0.25|tgt=None|sl=None|days=dte2|vix=(-3.0, 3.0)",theta,669,289,0.32065201847094366,0.055015502267777405,0.04990818617661319,0.016305146513140523,0.0860389876305716,0.5769805680119582,0.03400042228776976
theta|butterfly6|entry=105|legsl=0.25|tgt=0.5|sl=1.0|days=nonexpiry|vix=None,theta,2141,1290,0.006285044555413745,0.054937392698355625,0.0493291575713235,0.09513486486704159,0.08543244370234815,0.49743110695936477,-1.034294935543341
theta|butterfly6|entry=105|legsl=0.25|tgt=0.5|sl=1.0|days=all|vix=None,theta,2141,1290,0.006285044555413745,0.054937392698355625,0.0493291575713235,0.09513486486704159,0.08543244370234815,0.49743110695936477,-1.034294935543341
"theta|strangle2|entry=105|legsl=0.25|tgt=0.5|sl=1.0|days=dte2|vix=(-3.0, 3.0)",theta,669,289,0.3218173275145508,0.054830445039085296,0.04990784627380862,0.009210703257972686,0.0857209758557913,0.5769805680119582,-0.40083370242988536
"theta|strangle2|entry=15|legsl=None|tgt=0.5|sl=1.0|days=dte2|vix=(-3.0, 3.0)",theta,714,308,0.20238553374173465,0.05474788200061842,0.04995366944059665,-0.04766415141494329,0.20078604134760358,0.5686274509803921,-4.972277939152651
theta|butterfly6|entry=5|legsl=None|tgt=0.5|sl=1.0|days=dte2|vix=None,theta,749,357,0.011648454917408952,0.05469351261524724,0.04982116559913896,0.20634393011857544,0.1365838262511515,0.4939919893190921,-2.0895788917546283
"theta|butterfly4|entry=105|legsl=0.4|tgt=0.5|sl=1.0|days=dte2|vix=(-3.0, 3.0)",theta,578,257,0.010857316822624126,0.054615222411686704,0.050031384565724424,0.0986864242478549,0.09769243992990395,0.5224913494809689,0.3578712836807191
theta|condor1_5|entry=5|legsl=0.5|tgt=None|sl=None|days=dte2|vix=None,theta,762,358,0.010644348730884367,0.054485582763263096,0.049958357031765765,0.04818986680212478,0.3581294978010837,0.5131233595800525,0.5009977839335199
theta|butterfly6|entry=105|legsl=0.4|tgt=None|sl=None|days=nonexpiry|vix=None,theta,2141,1290,0.006234212662227806,0.0542845024851204,0.050127945300612375,0.10292971639698512,0.08885444663378406,0.4801494628678188,-1.5585260205761489
theta|butterfly6|entry=105|legsl=0.4|tgt=None|sl=None|days=all|vix=None,theta,2141,1290,0.006234212662227806,0.0542845024851204,0.050127945300612375,0.10292971639698512,0.08885444663378406,0.4801494628678188,-1.5585260205761489
"theta|butterfly4|entry=5|legsl=0.4|tgt=None|sl=None|days=dte2|vix=(-3.0, 3.0)",theta,612,279,0.004668636614240234,0.054173974863413354,0.05000335084512453,0.12524943925599263,0.06542784942271818,0.511437908496732,0.1456090060694748
theta|strangle2|entry=15|legsl=None|tgt=None|sl=None|days=nonexpiry|vix=None,theta,2142,1291,0.047663273402121314,0.05402644637985077,0.050000006702103694,0.04845560626749257,0.008550040689300542,0.6746031746031746,5.252407829413115
theta|strangle2|entry=15|legsl=None|tgt=None|sl=None|days=all|vix=None,theta,2325,1337,0.0476624340201214,0.05398692657857018,0.050000006656516494,0.05830740949948798,0.010037126579553801,0.68,6.5649673741422685
"theta|condor1_5|entry=5|legsl=0.5|tgt=0.5|sl=1.0|days=dte2|vix=(-3.0, 3.0)",theta,593,279,0.008365949945653438,0.05394039571047693,0.05007476989424897,0.04256496771949392,0.037822015550200816,0.5328836424957841,-0.3332891027593103
theta|butterfly6|entry=105|legsl=0.5|tgt=0.5|sl=1.0|days=dte2|vix=None,theta,749,357,0.01116852726820826,0.05381863980074075,0.049990682512264795,0.09332049059098946,0.108803172537287,0.5046728971962616,0.330011749506298
theta|butterfly4|entry=105|legsl=0.4|tgt=None|sl=None|days=dte2|vix=None,theta,814,358,0.005947158815556307,0.053778696198884646,0.05023914431559229,-0.1146092848305107,0.5041867184766173,0.4484029484029484,-8.53959252610266
theta|condor2_7|entry=15|legsl=0.4|tgt=None|sl=None|days=all|vix=None,theta,2141,1290,0.006747636809264947,0.053472602506816846,0.050805510229267825,0.04891075897280772,0.06955572462095372,0.5091078935077067,-0.7041488733325539
theta|condor2_7|entry=15|legsl=0.4|tgt=None|sl=None|days=nonexpiry|vix=None,theta,2141,1290,0.006747636809264947,0.053472602506816846,0.050805510229267825,0.04891075897280772,0.06955572462095372,0.5091078935077067,-0.7041488733325539
dir|buy_atm|signal=orb_reversal|tgt=0.5|sl=0.3|days=all,directional,2520,1459,0.0076606047292349135,0.053339554653782706,0.043948022079450366,0.08900734746239092,0.0672894190911747,0.45,-0.5758508162814238
"theta|butterfly6|entry=15|legsl=0.5|tgt=0.5|sl=1.0|days=dte2|vix=(-3.0, 3.0)",theta,565,273,0.005639778130503785,0.05328212269811039,0.05018760732540861,0.0532981729891151,0.025118878125862887,0.5380530973451327,0.4552931311131351
"theta|condor1_5|entry=5|legsl=0.4|tgt=0.5|sl=1.0|days=dte2|vix=(-3.0, 3.0)",theta,593,279,0.008907658549212738,0.053245973725454476,0.05008436398936389,0.03957147454749488,0.053044936936761045,0.5295109612141653,-0.30596899549341194
theta|strangle2|entry=15|legsl=None|tgt=0.5|sl=1.0|days=dte2|vix=None,theta,933,404,0.1381134494984146,0.053173035512871225,0.05000595453790668,-0.040601495515532604,0.18684459913397344,0.5734190782422294,-4.880394957249569
"theta|butterfly6|entry=15|legsl=0.5|tgt=None|sl=None|days=dte2|vix=(-3.0, 3.0)",theta,565,273,0.0058115995047465846,0.052994599680810106,0.05017098441412393,0.05687798410218825,0.026941129838494837,0.5345132743362832,0.5463120496307623
"theta|condor1_5|entry=105|legsl=0.5|tgt=0.5|sl=1.0|days=dte2|vix=(-3.0, 3.0)",theta,539,257,0.016191818546155912,0.05293929866073088,0.04999056226310816,0.08342056881120596,0.08805486934257134,0.5454545454545454,1.5864994397778671
dir|futures|signal=gap_fade|tgt=0.5|sl=0.3,futures,635,392,0.17441566087869143,0.05272381375525259,0.04998896268815034,0.02071210361374143,0.11548422348854093,0.4141732283464567,0.9129133858267613
theta|butterfly6|entry=5|legsl=None|tgt=0.5|sl=1.0|days=all|vix=None,theta,2140,1289,0.005332941906826686,0.052674360461611336,0.05008840710691986,0.19495271072963205,0.09042747635979931,0.4378504672897196,-6.13425179917052
theta|butterfly6|entry=5|legsl=None|tgt=0.5|sl=1.0|days=nonexpiry|vix=None,theta,2140,1289,0.005332941906826686,0.052674360461611336,0.05008840710691986,0.19495271072963205,0.09042747635979931,0.4378504672897196,-6.13425179917052
theta|butterfly6|entry=105|legsl=0.5|tgt=None|sl=None|days=dte2|vix=None,theta,749,357,0.012450942155442683,0.05245166479279195,0.05009897380635464,0.08124319308783412,0.0898590797605443,0.5006675567423231,-0.19383288101562798
dir|credit_spread|signal=orb|tgt=0.5|sl=0.3|days=all,directional,2349,1351,0.004494334440047875,0.052431232723566534,0.05000022763289569,0.1364882883985965,0.06338600142168227,0.42358450404427417,0.8898594502780528
theta|butterfly4|entry=105|legsl=0.25|tgt=None|sl=None|days=dte2|vix=None,theta,814,358,0.0045785219572090155,0.05228791035865643,0.04984689740077186,-0.19872699032799934,0.6693749616882481,0.4619164619164619,-10.388297977577853
dir|buy_atm|signal=vix_spike|tgt=None|sl=None|days=all,directional,300,161,0.010827529647921637,0.052275686785132836,0.05003035006460066,0.050735111541219347,0.04309419876071652,0.42,-2.373563762029011
"theta|condor1_5|entry=15|legsl=0.4|tgt=None|sl=None|days=all|vix=(-3.0, 3.0)",theta,1494,924,0.006441782772527564,0.05216058923729894,0.050018857058828026,0.10090044527204833,0.0734936065847589,0.49464524765729584,0.4904099787892102
"theta|condor1_5|entry=15|legsl=0.4|tgt=None|sl=None|days=nonexpiry|vix=(-3.0, 3.0)",theta,1486,924,0.006441782772527564,0.05216058923729894,0.050018857058828026,0.10040384604687591,0.07294444408482881,0.4939434724091521,0.458594119698741
"theta|condor2_7|entry=15|legsl=None|tgt=None|sl=None|days=dte2|vix=(-3.0, 3.0)",theta,566,274,0.01294240170232044,0.052114216944684655,0.04971214903940668,0.029061903760757568,0.07239563764518331,0.6007067137809188,0.12157928658616411
theta|condor2_7|entry=15|legsl=None|tgt=None|sl=None|days=dte2|vix=None,theta,750,358,0.008053493515573776,0.05200973020718869,0.050236575445883,0.021670938750574686,0.050134898674843886,0.58,-0.8367354487315816
theta|condor1_5|entry=105|legsl=0.4|tgt=None|sl=None|days=dte2|vix=None,theta,760,358,0.011484260806988007,0.051994225348817924,0.04993512529969002,0.07208306208035653,0.0873753160257188,0.5171052631578947,-0.7674780573011103
theta|butterfly4|entry=105|legsl=0.25|tgt=None|sl=None|days=nonexpiry|vix=None,theta,2142,1291,0.0025370492440065476,0.051578557844838224,0.05314716191846536,0.07527376414180731,0.06033879630188932,0.45331465919701214,-2.9871314226607666
theta|butterfly4|entry=105|legsl=0.25|tgt=None|sl=None|days=all|vix=None,theta,2206,1291,0.0025370492440065476,0.051578557844838224,0.05314716191846536,-0.08584289119978772,0.4558466731904971,0.44061650045330913,-6.523851424786037
theta|condor1_5|entry=105|legsl=0.5|tgt=0.5|sl=1.0|days=dte2|vix=None,theta,760,358,0.010873933675450212,0.05152830883806159,0.05000000581864428,0.093710937392949,0.09305402361807125,0.5342105263157895,1.7070909834449846
"theta|strangle2|entry=5|legsl=0.25|tgt=None|sl=None|days=dte2|vix=(-3.0, 3.0)",theta,723,312,0.15044982049551583,0.05126072398839843,0.050004637775326044,0.030444084209822142,0.01662350362251519,0.47441217150760717,1.1148688865590872
theta|butterfly6|entry=5|legsl=0.5|tgt=None|sl=None|days=dte2|vix=None,theta,749,357,0.010315549254811958,0.05122314037352971,0.0500068432351487,0.22362724684034196,0.14136974822383097,0.5353805073431241,2.0315943080917678
"theta|butterfly4|entry=105|legsl=0.4|tgt=None|sl=None|days=dte2|vix=(-3.0, 3.0)",theta,578,257,0.011154213641697892,0.05120297063199919,0.05022294895567625,-0.2024382720859338,0.6826673509433436,0.4463667820069204,-8.706462945098668
theta|butterfly4|entry=105|legsl=0.4|tgt=None|sl=None|days=all|vix=None,theta,2206,1291,0.0025045541313728123,0.05118608590651963,0.050220051781596275,-0.01128924158055622,0.22603390707939075,0.428377153218495,-6.224345825892223
theta|butterfly4|entry=105|legsl=0.4|tgt=None|sl=None|days=nonexpiry|vix=None,theta,2142,1291,0.0025045541313728123,0.05118608590651963,0.050220051781596275,0.08022916091084276,0.0451438055961515,0.4402427637721755,-3.5956552305074228
theta|condor2_7|entry=15|legsl=None|tgt=0.5|sl=1.0|days=dte2|vix=None,theta,750,358,0.00853235020298063,0.05117347535808103,0.05020070934455101,0.029550626519702083,0.025181710175882555,0.5826666666666667,-0.5400859867755573
"theta|strangle2|entry=5|legsl=0.25|tgt=0.5|sl=1.0|days=dte2|vix=(-3.0, 3.0)",theta,723,312,0.1504468464753227,0.05106162199296804,0.050003986604962414,0.029549958151644073,0.01592161948663673,0.47441217150760717,0.9923804086530013
"theta|condor2_7|entry=15|legsl=None|tgt=0.5|sl=1.0|days=dte2|vix=(-3.0, 3.0)",theta,566,274,0.013276645051000334,0.05100382646810009,0.049703639690832246,0.03940039594114486,0.041654865221174564,0.6024734982332155,0.15064376895766815
dir|buy_otm1|signal=gap_follow|tgt=0.5|sl=0.3|days=nonexpiry,directional,533,340,0.008919866032393,0.05084002498796436,0.049986474214850696,0.05205915214581225,0.02281744459463131,0.4540337711069418,0.6991592338161219
"theta|butterfly4|entry=105|legsl=0.25|tgt=None|sl=None|days=dte2|vix=(-3.0, 3.0)",theta,578,257,0.006424986363025977,0.05072432395621651,0.05001682429196075,-0.24396763541595456,0.7528228804603827,0.4688581314878893,-12.047247691522216
"theta|butterfly6|entry=5|legsl=0.25|tgt=0.5|sl=1.0|days=dte2|vix=(-3.0, 3.0)",theta,580,278,0.006814507952276878,0.050449550792162734,0.05017070831867032,0.07269535508196046,0.044712923239429214,0.5396551724137931,0.4646845662727416
theta|butterfly4|entry=105|legsl=0.4|tgt=0.5|sl=1.0|days=all|vix=None,theta,2206,1291,0.0026008103597625148,0.05038760042419432,0.05021090606084422,0.08044971818158442,0.05816274907577146,0.45602901178603805,-2.878552563060025
theta|butterfly4|entry=105|legsl=0.4|tgt=0.5|sl=1.0|days=nonexpiry|vix=None,theta,2142,1291,0.0026008103597625148,0.05038760042419432,0.05021090606084422,0.08358695029539698,0.05380992711559851,0.4449112978524743,-3.4295290714245414
"theta|butterfly6|entry=5|legsl=None|tgt=0.5|sl=1.0|days=all|vix=(-3.0, 3.0)",theta,1490,915,0.007153817137459527,0.05023598845344068,0.04998946936188098,0.13866184136587534,0.058167212168846794,0.4563758389261745,-4.271063856642319
"theta|butterfly6|entry=5|legsl=None|tgt=0.5|sl=1.0|days=nonexpiry|vix=(-3.0, 3.0)",theta,1490,915,0.007153817137459527,0.05023598845344068,0.04998946936188098,0.13866184136587534,0.058167212168846794,0.4563758389261745,-4.271063856642319
"theta|condor1_5|entry=105|legsl=0.4|tgt=None|sl=None|days=dte2|vix=(-3.0, 3.0)",theta,539,257,0.014035063372868018,0.05021562348518782,0.049498444945592524,0.043227223587359864,0.10480298788644438,0.5306122448979592,-0.4449686212329358
"theta|butterfly4|entry=105|legsl=0.25|tgt=None|sl=None|days=all|vix=(-3.0, 3.0)",theta,1476,872,0.00494126979123336,0.05014315354271992,0.050372258970166506,-0.18655850601920654,0.6550973600586885,0.43224932249322495,-7.936838549480126
"theta|butterfly4|entry=105|legsl=0.25|tgt=None|sl=None|days=nonexpiry|vix=(-3.0, 3.0)",theta,1430,872,0.00494126979123336,0.05014315354271992,0.050372258970166506,0.03613161487582328,0.12883933728318708,0.44545454545454544,-3.9833595276264893
theta|strangle3|entry=15|legsl=None|tgt=None|sl=None|days=nonexpiry|vix=None,theta,2142,1291,0.04141870878553227,0.049707075765558884,0.0500101268818155,0.05238046366439031,0.008089836319084442,0.6974789915966386,6.100598532623715
dir|buy_atm|signal=linreg_slope|tgt=None|sl=None|days=all,directional,2527,1460,0.0010069142061140735,0.04967847759407351,0.05134077883626453,0.0308733876379943,0.011270064778742261,0.3423031262366442,-10.10082436033634
"theta|butterfly6|entry=105|legsl=None|tgt=None|sl=None|days=dte2|vix=(-3.0, 3.0)",theta,531,256,0.02172029448002112,0.04966020719593134,0.04966482501618752,0.03620446816319767,0.05641466316095933,0.4726930320150659,-2.4664158638935754
dir|futures|signal=orb_reversal|tgt=1.0|sl=0.5,futures,2556,1477,0.05781663813023731,0.04960255106103273,0.05001440223901055,0.05036565312433261,0.04786810710441569,0.46322378716744916,2.967175273865394
dir|debit_spread|signal=stochastic|tgt=None|sl=None|days=nonexpiry,directional,2122,1276,0.0029108448398696197,0.049570817244873444,0.04883620037801284,0.1324298609820067,0.06129451528422658,0.40669180018850143,-3.2709216606459686
theta|strangle2|entry=5|legsl=None|tgt=None|sl=None|days=nonexpiry|vix=None,theta,2142,1291,0.04692693729930108,0.04949296301066064,0.050000002350656825,0.04694143506984494,0.013533567056367213,0.665266106442577,4.753430099695448
theta|strangle3|entry=15|legsl=None|tgt=None|sl=None|days=all|vix=None,theta,2247,1298,0.04141870878553227,0.049449906836319446,0.0500101268818155,0.05351213994600368,0.008424466536218533,0.6902536715620827,6.273074865080169
theta|strangle2|entry=5|legsl=0.25|tgt=None|sl=None|days=dte2|vix=None,theta,928,401,0.14721908062732386,0.04928727556318391,0.050001622521680056,0.03544923516144616,0.01776780767348518,0.4709051724137931,1.2340667800614915
theta|butterfly4|entry=105|legsl=0.25|tgt=0.5|sl=1.0|days=all|vix=None,theta,2206,1291,0.0028068351122557773,0.04925740950285773,0.050208157916965535,0.06953779901532364,0.08480009703864766,0.4732547597461469,-2.2632317502632127
theta|butterfly4|entry=105|legsl=0.25|tgt=0.5|sl=1.0|days=nonexpiry|vix=None,theta,2142,1291,0.0028068351122557773,0.04925740950285773,0.050208157916965535,0.07419465815097781,0.07292952905870709,0.46265172735760973,-2.7955453626846305
theta|condor1_5|entry=15|legsl=0.5|tgt=0.5|sl=1.0|days=all|vix=None,theta,2152,1291,0.0029577958283941944,0.049217434376847,0.050004616789862566,0.06028347902210074,0.03768251256653177,0.5037174721189591,-0.7201594681304198
theta|condor1_5|entry=15|legsl=0.5|tgt=0.5|sl=1.0|days=nonexpiry|vix=None,theta,2142,1291,0.0029577958283941944,0.049217434376847,0.050004616789862566,0.05970493920294473,0.03768251256653177,0.5014005602240896,-0.820336390772989
"theta|condor2_7|entry=105|legsl=0.25|tgt=None|sl=None|days=dte2|vix=(-3.0, 3.0)",theta,532,257,0.018204402592212236,0.049172186056680944,0.049758717949464626,0.03418031216981254,0.038380407927033566,0.4981203007518797,-0.0473059767493639
theta|condor1_5|entry=15|legsl=0.5|tgt=None|sl=None|days=dte2|vix=None,theta,760,358,0.0052204774865096115,0.04913862539377778,0.05004441660296144,0.002699626073939143,0.12788445482353206,0.5263157894736842,-1.6928161531417947
theta|strangle3|entry=5|legsl=None|tgt=None|sl=None|days=nonexpiry|vix=None,theta,2142,1291,0.04915705363796767,0.04912778998578049,0.04999786444536913,0.05277859293463716,0.009661063383815782,0.6858076563958917,5.194358868224947
theta|condor1_5|entry=105|legsl=0.5|tgt=None|sl=None|days=dte2|vix=None,theta,760,358,0.010873412505490015,0.04901876030575991,0.050000005824418325,0.057710230449473654,0.09784357697172807,0.5092105263157894,-1.0556038310656741
"theta|butterfly6|entry=105|legsl=None|tgt=0.5|sl=1.0|days=dte2|vix=(-3.0, 3.0)",theta,531,256,0.022102575392776158,0.049006769477568435,0.04966143454913863,0.03619036242387352,0.05754651965103352,0.4726930320150659,-2.614091242020862
"theta|butterfly4|entry=105|legsl=0.5|tgt=0.5|sl=1.0|days=dte2|vix=(-3.0, 3.0)",theta,578,257,0.009285872619143055,0.04887750629319454,0.049951083384636275,0.06547342985482718,0.09964047155682809,0.48788927335640137,-1.020521349347381
theta|condor1_5|entry=15|legsl=0.4|tgt=None|sl=None|days=dte2|vix=None,theta,760,358,0.005720932844046313,0.04885598896536081,0.05001331431391287,-0.014849216492301975,0.17260557437956758,0.5197368421052632,-3.3784043602483296
theta|strangle2|entry=5|legsl=0.25|tgt=0.5|sl=1.0|days=dte2|vix=None,theta,928,401,0.14721287368552827,0.04880801257596956,0.05000102920698679,0.03318835816862564,0.018389083402015727,0.4709051724137931,1.0020001663688296
theta|condor2_7|entry=15|legsl=0.25|tgt=None|sl=None|days=nonexpiry|vix=None,theta,2141,1290,0.006394507271144709,0.048567383706896505,0.04999980305024254,0.027525862394264022,0.0688417981747661,0.49789817842129847,-1.0570208151431812
theta|condor2_7|entry=15|legsl=0.25|tgt=None|sl=None|days=all|vix=None,theta,2141,1290,0.006394507271144709,0.048567383706896505,0.04999980305024254,0.027525862394264022,0.0688417981747661,0.49789817842129847,-1.0570208151431812
"theta|strangle2|entry=15|legsl=None|tgt=None|sl=None|days=nonexpiry|vix=(-3.0, 3.0)",theta,1486,924,0.04411531121142363,0.04853672943140075,0.050003085479525256,0.04826169054833773,0.004770800014442966,0.7005383580080754,5.789168555518338
theta|butterfly4|entry=105|legsl=0.5|tgt=0.5|sl=1.0|days=dte2|vix=None,theta,814,358,0.004911040982957298,0.048530376174878986,0.050450690770697526,0.06514759544943782,0.09331235774005397,0.48894348894348894,-0.7496509529711874
theta|strangle3|entry=5|legsl=None|tgt=None|sl=None|days=all|vix=None,theta,2236,1297,0.04915705363796767,0.04842236909367581,0.04999786444536913,0.049169371588698496,0.01062959120610163,0.6681574239713775,4.638664778392089
theta|straddle|entry=105|legsl=None|tgt=None|sl=None|days=nonexpiry|vix=None,theta,2142,1291,0.12804839419777198,0.04831141481412682,0.04982399001151239,0.044885230137341026,0.030390105626906472,0.5583566760037348,2.003247360488614
"theta|butterfly4|entry=5|legsl=0.25|tgt=0.5|sl=1.0|days=dte2|vix=(-3.0, 3.0)",theta,612,279,0.0038439421989693158,0.04830302872291781,0.050115772734851016,0.08609547540180018,0.036468684974354626,0.5245098039215687,0.19387390030774154
"theta|condor1_5|entry=15|legsl=0.4|tgt=0.5|sl=1.0|days=dte2|vix=(-3.0, 3.0)",theta,574,274,0.006375824368139679,0.04828022177058067,0.0500430051192855,0.010500495314033298,0.04935720640809682,0.5557491289198606,-1.8977757249559895
"theta|butterfly4|entry=105|legsl=0.4|tgt=None|sl=None|days=all|vix=(-3.0, 3.0)",theta,1476,872,0.004495072181201392,0.04826459719825116,0.04963069540956644,-0.04479268913891066,0.3261387532245581,0.4254742547425474,-6.583638023991438
"theta|butterfly4|entry=105|legsl=0.4|tgt=None|sl=None|days=nonexpiry|vix=(-3.0, 3.0)",theta,1430,872,0.004495072181201392,0.04826459719825116,0.04963069540956644,0.0694980232521305,0.047988412485000076,0.43776223776223777,-3.804609450751105
theta|butterfly6|entry=105|legsl=0.5|tgt=0.5|sl=1.0|days=all|vix=None,theta,2141,1290,0.006418257966243061,0.048142190272304486,0.050000587990551626,0.097598682277664,0.07233724599562141,0.4703409621672116,-2.5965165040126816
theta|butterfly6|entry=105|legsl=0.5|tgt=0.5|sl=1.0|days=nonexpiry|vix=None,theta,2141,1290,0.006418257966243061,0.048142190272304486,0.050000587990551626,0.097598682277664,0.07233724599562141,0.4703409621672116,-2.5965165040126816
dir|futures|signal=day_high_low_break|tgt=0.5|sl=0.3,futures,2292,1337,0.10424354184580226,0.04802445016890777,0.05095286926911613,0.08081189162613156,0.04231884229184868,0.4869109947643979,4.158529668411866
"theta|strangle3|entry=5|legsl=None|tgt=None|sl=None|days=nonexpiry|vix=(-3.0, 3.0)",theta,1491,916,0.051288591130423174,0.04801922631755362,0.049999908987042097,0.053579549449683794,0.009293133419318811,0.7062374245472837,5.846624774080566
"theta|butterfly4|entry=105|legsl=0.25|tgt=0.5|sl=1.0|days=all|vix=(-3.0, 3.0)",theta,1476,872,0.004941228506704105,0.047884181788015345,0.05037225251209987,0.03598946083314969,0.17995133059599078,0.46612466124661245,-3.0221867369756645
"theta|butterfly4|entry=105|legsl=0.25|tgt=0.5|sl=1.0|days=nonexpiry|vix=(-3.0, 3.0)",theta,1430,872,0.004941228506704105,0.047884181788015345,0.05037225251209987,0.039879861652142745,0.15749666502492898,0.45384615384615384,-3.4977389479841405
"theta|strangle2|entry=15|legsl=None|tgt=None|sl=None|days=all|vix=(-3.0, 3.0)",theta,1634,958,0.04411423170257507,0.04788242738877524,0.05000308788716579,0.053224752098575134,0.006493726413839496,0.7001223990208079,6.667305433020597
"theta|straddle|entry=15|legsl=None|tgt=0.5|sl=1.0|days=nonexpiry|vix=(-3.0, 3.0)",theta,1486,924,0.07451199964225497,0.04777222610151477,0.049967499389095504,0.049811823954699186,0.022460711019192003,0.5598923283983849,4.061436917509075
"theta|strangle3|entry=5|legsl=None|tgt=None|sl=None|days=all|vix=(-3.0, 3.0)",theta,1563,919,0.051288591130423174,0.047635403110559915,0.049999908987042097,0.05056509819951405,0.009076846235746339,0.6858605246321178,5.1467665792365755
"theta|straddle|entry=5|legsl=0.25|tgt=None|sl=None|days=all|vix=(-3.0, 3.0)",theta,1759,1036,0.07444426744846254,0.04762793652490793,0.050103622255564306,0.039489431287362375,0.022046688178297913,0.5230244457077885,2.920770713976391
"theta|straddle|entry=5|legsl=0.25|tgt=0.5|sl=1.0|days=all|vix=(-3.0, 3.0)",theta,1759,1036,0.07443182448895395,0.04744537094561574,0.0501036587104986,0.038528512802641135,0.02204104569967602,0.5230244457077885,2.819500507894734
"theta|condor1_5|entry=105|legsl=0.5|tgt=None|sl=None|days=dte2|vix=(-3.0, 3.0)",theta,539,257,0.016192890371775924,0.0472442430928135,0.04999867116737755,0.027687663385501216,0.1450200497488746,0.5213358070500927,-0.9165191573503515
dir|futures|signal=momentum_1m|tgt=1.0|sl=0.5,futures,1853,1082,0.058835131094801235,0.04717156759961938,0.049711873313554755,0.04168585369073341,0.025477857554994987,0.46735024284943333,2.1192390717754788
theta|strangle2|entry=5|legsl=None|tgt=None|sl=None|days=all|vix=None,theta,2320,1334,0.046926005746770263,0.04715947425208045,0.0500000023711763,0.04808326014781228,0.013534403157252406,0.6504310344827586,4.699461449897495
theta|straddle|entry=5|legsl=0.25|tgt=None|sl=None|days=all|vix=None,theta,2487,1444,0.06872819760278207,0.04696502867581409,0.05001197814491931,0.04371298024300385,0.028184029108149766,0.5203055890631283,3.072011861870552
"theta|butterfly6|entry=105|legsl=0.25|tgt=None|sl=None|days=nonexpiry|vix=(-3.0, 3.0)",theta,1429,871,0.010703064340089455,0.046911059134242095,0.04757680271191733,0.0459193373303135,0.12970344735741657,0.4919524142757173,-1.6870849968986648
"theta|butterfly6|entry=105|legsl=0.25|tgt=None|sl=None|days=all|vix=(-3.0, 3.0)",theta,1429,871,0.010703064340089455,0.046911059134242095,0.04757680271191733,0.0459193373303135,0.12970344735741657,0.4919524142757173,-1.6870849968986648
dir|buy_atm|signal=gap_follow|tgt=None|sl=None|days=nonexpiry,directional,533,340,0.006273843059937041,0.04689124746353013,0.04956260596050732,0.058001431877558796,0.017328588775597842,0.4427767354596623,-3.012733126742308
theta|condor1_5|entry=15|legsl=0.25|tgt=0.5|sl=1.0|days=all|vix=None,theta,2152,1291,0.0035594081614620486,0.0468731433813212,0.050059591781750346,0.040124153321318135,0.08411474199312907,0.491635687732342,-1.7636146654616303
theta|condor1_5|entry=15|legsl=0.25|tgt=0.5|sl=1.0|days=nonexpiry|vix=None,theta,2142,1291,0.0035594081614620486,0.0468731433813212,0.050059591781750346,0.03901129358422284,0.08440280212852957,0.4892623716153128,-1.873082497364669
theta|condor2_7|entry=15|legsl=0.5|tgt=None|sl=None|days=all|vix=None,theta,2141,1290,0.005655168208442517,0.046708319254400665,0.050190941458063576,0.046343240871817626,0.04256407763263381,0.5189163942083139,-0.46215323224234817
theta|condor2_7|entry=15|legsl=0.5|tgt=None|sl=None|days=nonexpiry|vix=None,theta,2141,1290,0.005655168208442517,0.046708319254400665,0.050190941458063576,0.046343240871817626,0.04256407763263381,0.5189163942083139,-0.46215323224234817
theta|straddle|entry=5|legsl=0.25|tgt=0.5|sl=1.0|days=all|vix=None,theta,2487,1444,0.06869482966121152,0.046553521110875185,0.05001194212507787,0.03791880821253368,0.028210847694701724,0.5203055890631283,2.679731089205446
theta|butterfly4|entry=105|legsl=0.5|tgt=None|sl=None|days=dte2|vix=None,theta,814,358,0.005118194749785359,0.04648264924419743,0.05036387056185643,-0.08347161072320175,0.40716359082894626,0.4201474201474201,-8.633257691603916
dir|buy_atm|signal=atr_roc|tgt=None|sl=None|days=all,directional,2527,1462,0.0011385270627255217,0.046371813373062176,0.05029482436740906,0.025728519757255208,0.02038638446761143,0.35140482785912147,-9.738460563878368
"theta|condor1_5|entry=5|legsl=0.5|tgt=None|sl=None|days=dte2|vix=(-3.0, 3.0)",theta,593,279,0.007609404124991246,0.04630978754172266,0.050079372375724684,-0.009244540210849084,0.21419736531180056,0.5177065767284992,-0.4916465599132642
dir|buy_atm|signal=rsi_reversal|tgt=0.5|sl=0.3|days=all,directional,2490,1441,0.005274113818539101,0.04616370551785898,0.025704966279654795,0.07522096567082603,0.04214470521644231,0.44738955823293175,-0.5973765097662628
"theta|butterfly4|entry=105|legsl=0.4|tgt=0.5|sl=1.0|days=all|vix=(-3.0, 3.0)",theta,1476,872,0.004495072181201392,0.046141005527416734,0.04963069540956644,0.07817923768435486,0.06327381778445085,0.45528455284552843,-3.233758717004737
"theta|butterfly4|entry=105|legsl=0.4|tgt=0.5|sl=1.0|days=nonexpiry|vix=(-3.0, 3.0)",theta,1430,872,0.004495072181201392,0.046141005527416734,0.04963069540956644,0.07792307035235524,0.05104983920516237,0.44265734265734263,-3.7165169086549206
theta|butterfly6|entry=5|legsl=0.25|tgt=0.5|sl=1.0|days=dte2|vix=None,theta,749,357,0.007860025211994363,0.045981661557367604,0.05013077705039115,0.1294249260442759,0.06731662800511684,0.5340453938584779,0.2724577128397736
dir|debit_spread|signal=day_high_low_break|tgt=None|sl=None|days=all,directional,2200,1273,0.002686586774521983,0.04592793800828554,0.049713376276385945,0.1285368963962601,0.054446893667893015,0.4631818181818182,0.8888841778457163
"theta|strangle2|entry=5|legsl=None|tgt=None|sl=None|days=nonexpiry|vix=(-3.0, 3.0)",theta,1491,916,0.04692695583061595,0.045706134043961955,0.05000000213344824,0.049646809086860255,0.008396025550532427,0.6834339369550637,5.510659836923252
theta|butterfly4|entry=15|legsl=0.4|tgt=None|sl=None|days=dte2|vix=None,theta,795,358,0.003992999411886954,0.045553681406211854,0.050069939381513384,0.07588206439551537,0.08942713493770882,0.4767295597484277,-5.046064485694563
dir|buy_atm|signal=stochastic|tgt=None|sl=None|days=all,directional,2513,1450,0.002397352198729136,0.045318114751361716,0.11989004412729554,-0.017292297078958407,0.17902320845775044,0.3350576999602069,-12.917146873148939
theta|condor1_5|entry=105|legsl=0.25|tgt=None|sl=None|days=all|vix=None,theta,2152,1291,0.004440780174575398,0.045316641848245354,0.05041509617204465,0.04078614900885991,0.0754882420851094,0.46607806691449816,-2.0685364341591272
theta|condor1_5|entry=105|legsl=0.25|tgt=None|sl=None|days=nonexpiry|vix=None,theta,2142,1291,0.004440780174575398,0.045316641848245354,0.05041509617204465,0.05537822000665882,0.06607357679157133,0.46825396825396826,-1.4197371257330431
"theta|butterfly6|entry=105|legsl=0.4|tgt=0.5|sl=1.0|days=nonexpiry|vix=(-3.0, 3.0)",theta,1429,871,0.00954437105881171,0.04529491386366313,0.048237434157642145,0.09553361591335108,0.062230134175314866,0.47725682295311406,-1.3765283318093215
"theta|butterfly6|entry=105|legsl=0.4|tgt=0.5|sl=1.0|days=all|vix=(-3.0, 3.0)",theta,1429,871,0.00954437105881171,0.04529491386366313,0.048237434157642145,0.09553361591335108,0.062230134175314866,0.47725682295311406,-1.3765283318093215
dir|buy_otm1|signal=open_direction|tgt=None|sl=None|days=all,directional,2468,1435,0.0032110717990946613,0.04513606070506193,0.04958936867709418,0.03957564277589154,0.05716335489669733,0.3585899513776337,-5.5104803865848515
"theta|condor1_5|entry=5|legsl=0.4|tgt=None|sl=None|days=dte2|vix=(-3.0, 3.0)",theta,593,279,0.007527216672606622,0.04509812300738747,0.05008713962709532,-0.004979126831534897,0.1912452298178987,0.5075885328836425,-0.5339036122614305
theta|condor1_5|entry=15|legsl=0.5|tgt=0.5|sl=1.0|days=dte2|vix=None,theta,760,358,0.003859479538653331,0.04485674146532559,0.050046060648826884,0.029464157208371367,0.03876642673407371,0.5539473684210526,-1.0893791884846136
"theta|condor2_7|entry=15|legsl=0.25|tgt=None|sl=None|days=all|vix=(-3.0, 3.0)",theta,1485,923,0.01326042646279167,0.04467877302001155,0.047827999552401024,0.058669000761480294,0.08711202439003907,0.494949494949495,-0.3930205486810985
"theta|condor2_7|entry=15|legsl=0.25|tgt=None|sl=None|days=nonexpiry|vix=(-3.0, 3.0)",theta,1485,923,0.01326042646279167,0.04467877302001155,0.047827999552401024,0.058669000761480294,0.08711202439003907,0.494949494949495,-0.3930205486810985
"theta|condor2_7|entry=5|legsl=0.4|tgt=0.5|sl=1.0|days=dte2|vix=(-3.0, 3.0)",theta,580,278,0.014759688368173072,0.04438046175688837,0.049995344346745685,0.028459217554939853,0.04705620907979513,0.5120689655172413,-1.006071775748129
theta|condor2_7|entry=15|legsl=0.4|tgt=0.5|sl=1.0|days=all|vix=None,theta,2141,1290,0.00711947539421424,0.04390242733690575,0.0499183236615508,0.06212153740509985,0.043696806561887125,0.5189163942083139,-0.25521302418674907
theta|condor2_7|entry=15|legsl=0.4|tgt=0.5|sl=1.0|days=nonexpiry|vix=None,theta,2141,1290,0.00711947539421424,0.04390242733690575,0.0499183236615508,0.06212153740509985,0.043696806561887125,0.5189163942083139,-0.25521302418674907
theta|condor2_7|entry=15|legsl=0.4|tgt=0.5|sl=1.0|days=dte2|vix=None,theta,750,358,0.010233805336230011,0.04383403358735172,0.05053777037818441,0.04178205623383935,0.06858886906089101,0.5266666666666666,-1.153790940208216
"theta|straddle|entry=15|legsl=0.4|tgt=None|sl=None|days=all|vix=(-3.0, 3.0)",theta,1754,1039,0.0862165949636635,0.04379995923235258,0.05000189875263461,0.016032475118286316,0.06882113093551578,0.5461801596351197,0.7431160986901459
"theta|butterfly6|entry=105|legsl=0.25|tgt=0.5|sl=1.0|days=all|vix=(-3.0, 3.0)",theta,1429,871,0.010703064340089455,0.043568240167497274,0.04757680271191733,0.05400229924101585,0.12543692712815668,0.4933519944016795,-1.7634590207594458
"theta|butterfly6|entry=105|legsl=0.25|tgt=0.5|sl=1.0|days=nonexpiry|vix=(-3.0, 3.0)",theta,1429,871,0.010703064340089455,0.043568240167497274,0.04757680271191733,0.05400229924101585,0.12543692712815668,0.4933519944016795,-1.7634590207594458
"theta|butterfly6|entry=5|legsl=0.25|tgt=None|sl=None|days=dte2|vix=(-3.0, 3.0)",theta,580,278,0.0075029271717273315,0.04356052046818304,0.050487174058543416,0.07059262790500576,0.05018175162809857,0.5310344827586206,-1.4141488566404814
theta|butterfly6|entry=105|legsl=0.5|tgt=None|sl=None|days=nonexpiry|vix=None,theta,2141,1290,0.006418257966243061,0.04353034710724346,0.050000587990551626,0.08563061144955997,0.0687145888555003,0.46893974778141057,-2.8129198256338337
theta|butterfly6|entry=105|legsl=0.5|tgt=None|sl=None|days=all|vix=None,theta,2141,1290,0.006418257966243061,0.04353034710724346,0.050000587990551626,0.08563061144955997,0.0687145888555003,0.46893974778141057,-2.8129198256338337
"theta|condor1_5|entry=15|legsl=0.4|tgt=None|sl=None|days=dte2|vix=(-3.0, 3.0)",theta,574,274,0.00637583778574034,0.0435137664169305,0.05004301042863413,0.004757933325900909,0.06104552731919688,0.5296167247386759,-2.5343292195677396
"theta|straddle|entry=15|legsl=0.4|tgt=0.5|sl=1.0|days=all|vix=(-3.0, 3.0)",theta,1754,1039,0.08620977142621818,0.04345279938791036,0.050001897246159555,0.015121016692738243,0.06887013651884388,0.5461801596351197,0.6444950299499017
longvol|long_straddle|signal=gap_follow|tgt=0.3|sl=0.3|days=all,longvol,610,376,0.031869403432139225,0.04344577921510595,0.050416578378314814,0.07877765447593044,0.10902403121623061,0.5229508196721312,-7.146998921222374
"theta|butterfly4|entry=105|legsl=0.5|tgt=None|sl=None|days=dte2|vix=(-3.0, 3.0)",theta,578,257,0.008948839529503923,0.04344276405316516,0.050012877112244225,-0.12189737559927505,0.4958591446230284,0.4186851211072664,-8.470711436464178
dir|futures|signal=atr_roc|tgt=1.0|sl=0.5,futures,2554,1477,0.07178709747939367,0.04317790731177351,0.04995223077335931,0.031046275610633334,0.046949254779039884,0.4792482380579483,0.9817736883320217
"theta|strangle2|entry=5|legsl=None|tgt=None|sl=None|days=all|vix=(-3.0, 3.0)",theta,1633,949,0.046926085586456244,0.043060813817150656,0.050000002180672354,0.04938073159031675,0.008806675013866117,0.6601347213717085,5.1012129555169015
"theta|butterfly6|entry=105|legsl=0.4|tgt=None|sl=None|days=all|vix=(-3.0, 3.0)",theta,1429,871,0.00954437105881171,0.04263022319402077,0.048237434157642145,0.08434269228907398,0.04885562898816742,0.47585724282715186,-1.5092622801384323
"theta|butterfly6|entry=105|legsl=0.4|tgt=None|sl=None|days=nonexpiry|vix=(-3.0, 3.0)",theta,1429,871,0.00954437105881171,0.04263022319402077,0.048237434157642145,0.08434269228907398,0.04885562898816742,0.47585724282715186,-1.5092622801384323
theta|condor1_5|entry=105|legsl=0.4|tgt=None|sl=None|days=all|vix=None,theta,2152,1291,0.003566816681551264,0.04258313084459475,0.050288154554009035,0.047856233614482546,0.033948027349174126,0.46143122676579923,-1.683705100596496
theta|condor1_5|entry=105|legsl=0.4|tgt=None|sl=None|days=nonexpiry|vix=None,theta,2142,1291,0.003566816681551264,0.04258313084459475,0.050288154554009035,0.05374318758139873,0.03180365141330688,0.4635854341736695,-1.2584023978253325
"theta|strangle3|entry=15|legsl=None|tgt=None|sl=None|days=nonexpiry|vix=(-3.0, 3.0)",theta,1486,924,0.03625850400884553,0.04229266509565943,0.05001835162933399,0.04714284894618537,0.004565809175396618,0.7173620457604307,5.5350180820372685
theta|butterfly4|entry=15|legsl=0.4|tgt=0.5|sl=1.0|days=dte2|vix=None,theta,795,358,0.003273799636068414,0.042218863083556046,0.050043794574820666,0.08381723874994318,0.0635033853988296,0.5232704402515723,-1.6381095332572584
"theta|strangle3|entry=15|legsl=None|tgt=None|sl=None|days=all|vix=(-3.0, 3.0)",theta,1572,929,0.03625850400884553,0.04206917165303836,0.05001835162933399,0.046956530886489656,0.004612611469237193,0.7061068702290076,5.498569978430072
dir|futures|signal=bb_breakout|tgt=0.5|sl=0.3,futures,2511,1462,0.07901716135920757,0.042046856999536475,0.04959460079801414,0.06460980339394107,0.044312905938260316,0.4810832337714058,3.1815810434089977
theta|condor2_7|entry=5|legsl=0.4|tgt=0.5|sl=1.0|days=dte2|vix=None,theta,749,357,0.012287476739347911,0.04201790509194758,0.05001584136141779,0.053545386089615565,0.051113722824503105,0.5220293724966623,-0.4219765593179696
theta|straddle|entry=15|legsl=0.4|tgt=None|sl=None|days=all|vix=None,theta,2486,1443,0.07027863679150666,0.04185658284439753,0.04999997183363558,0.004827072380616526,0.0825739555531152,0.5333869670152857,0.5804807041177943
theta|straddle|entry=5|legsl=None|tgt=None|sl=None|days=expiry|vix=None,theta,345,153,0.2143702709356964,0.041833693225374224,0.04963022205200207,0.04560678853246758,0.09454771180893784,0.518840579710145,2.788416969783064
"theta|condor2_7|entry=5|legsl=0.5|tgt=0.5|sl=1.0|days=dte2|vix=(-3.0, 3.0)",theta,580,278,0.00965361466219254,0.04181112452912816,0.05000376133413831,0.03537120861721421,0.023121560323895562,0.5258620689655172,0.021234081965118546
theta|condor2_7|entry=15|legsl=0.4|tgt=None|sl=None|days=dte2|vix=None,theta,750,358,0.008077990105669992,0.04176582626578185,0.04979739939307748,0.02391010483624667,0.0886113087253515,0.5066666666666667,-2.550830243306545
theta|straddle|entry=105|legsl=None|tgt=0.5|sl=1.0|days=nonexpiry|vix=None,theta,2142,1291,0.12894700831946299,0.04140529721377262,0.05025838776073044,0.04548714619798888,0.030617437486009758,0.5583566760037348,1.7547712650352496
"theta|condor1_5|entry=105|legsl=0.25|tgt=0.5|sl=1.0|days=dte2|vix=(-3.0, 3.0)",theta,539,257,0.007244376806707915,0.041242908703719605,0.049349384653711525,0.04921950433336297,0.056654379849337966,0.5306122448979592,0.5709821088477706
dir|credit_spread|signal=ema9_21|tgt=0.5|sl=0.3|days=nonexpiry,directional,1982,1207,0.004060420661579653,0.041153719873425976,0.05005576288129521,0.08026017499777804,0.04647875433784565,0.45055499495459134,0.5271431714425656
"theta|condor1_5|entry=15|legsl=0.5|tgt=None|sl=None|days=dte2|vix=(-3.0, 3.0)",theta,574,274,0.005220564478038835,0.04096412968628238,0.05004475117765583,0.021793133947172638,0.0459812324628891,0.5400696864111498,-0.8404069660678987
"theta|condor2_7|entry=5|legsl=0.5|tgt=None|sl=None|days=all|vix=(-3.0, 3.0)",theta,1490,915,0.007304134062154298,0.040785629963406844,0.04999262548228545,0.05258220441566652,0.0228390080014792,0.4959731543624161,1.3368818441383266
"theta|condor2_7|entry=5|legsl=0.5|tgt=None|sl=None|days=nonexpiry|vix=(-3.0, 3.0)",theta,1490,915,0.007304134062154298,0.040785629963406844,0.04999262548228545,0.05258220441566652,0.0228390080014792,0.4959731543624161,1.3368818441383266
theta|condor2_7|entry=15|legsl=0.5|tgt=0.5|sl=1.0|days=dte2|vix=None,theta,750,358,0.00884445166037697,0.040724007852310784,0.050321099225369426,0.04946546075372904,0.03801009726755089,0.552,-0.3911752468106598
theta|condor2_7|entry=15|legsl=0.5|tgt=0.5|sl=1.0|days=all|vix=None,theta,2141,1290,0.0057820418907997325,0.04072057731637746,0.04997135472798386,0.05830183583218895,0.026832212862187732,0.5263895375992527,0.025104105141082817
theta|condor2_7|entry=15|legsl=0.5|tgt=0.5|sl=1.0|days=nonexpiry|vix=None,theta,2141,1290,0.0057820418907997325,0.04072057731637746,0.04997135472798386,0.05830183583218895,0.026832212862187732,0.5263895375992527,0.025104105141082817
theta|condor1_5|entry=5|legsl=0.5|tgt=None|sl=None|days=all|vix=None,theta,2153,1290,0.00240090890274263,0.040638674500014016,0.05018318873707783,0.05695585993037211,0.10024325032899717,0.48072457036692984,-0.24136006545372207
theta|condor1_5|entry=5|legsl=0.5|tgt=None|sl=None|days=nonexpiry|vix=None,theta,2141,1290,0.00240090890274263,0.040638674500014016,0.05018318873707783,0.05551060270464636,0.09993118364563913,0.47874824848201775,-0.4326879250995315
theta|straddle|entry=15|legsl=0.4|tgt=0.5|sl=1.0|days=all|vix=None,theta,2486,1443,0.07024835692255245,0.04056490179126215,0.04999997660529987,0.0032557005791495897,0.08233040478619846,0.5333869670152857,0.4045989018090146
"theta|condor1_5|entry=15|legsl=0.5|tgt=None|sl=None|days=nonexpiry|vix=(-3.0, 3.0)",theta,1486,924,0.005273897126286003,0.04049712809967465,0.05001972338110394,0.08297624291549766,0.050396082961470245,0.5013458950201884,0.3934346260561585
"theta|condor1_5|entry=15|legsl=0.5|tgt=None|sl=None|days=all|vix=(-3.0, 3.0)",theta,1494,924,0.005273897126286003,0.04049712809967465,0.05001972338110394,0.08435278892534614,0.0525618222327644,0.5,0.4668005039417269
theta|condor2_7|entry=5|legsl=0.4|tgt=0.5|sl=1.0|days=all|vix=None,theta,2141,1290,0.0062395642803336464,0.04026016378092878,0.04980321279880995,0.05067825856033825,0.03839137409301907,0.5128444652031761,0.537283746542455
theta|condor2_7|entry=5|legsl=0.4|tgt=0.5|sl=1.0|days=nonexpiry|vix=None,theta,2141,1290,0.0062395642803336464,0.04026016378092878,0.04980321279880995,0.05067825856033825,0.03839137409301907,0.5128444652031761,0.537283746542455
dir|credit_spread|signal=open_direction|tgt=0.5|sl=0.3|days=nonexpiry,directional,2142,1291,0.0029803609247164146,0.040200705320742935,0.05000259535666007,0.10960208965010132,0.03249782266816548,0.4369747899159664,1.4221314922445405
"theta|butterfly4|entry=105|legsl=0.5|tgt=0.5|sl=1.0|days=all|vix=(-3.0, 3.0)",theta,1476,872,0.00430130391808341,0.04013903345301206,0.050289711952457794,0.05678436369208595,0.05962509672723881,0.43902439024390244,-4.321383229100915
"theta|butterfly4|entry=105|legsl=0.5|tgt=0.5|sl=1.0|days=nonexpiry|vix=(-3.0, 3.0)",theta,1430,872,0.00430130391808341,0.04013903345301206,0.050289711952457794,0.05536598781937618,0.05823783741692912,0.4251748251748252,-4.942719250914617
theta|condor2_7|entry=5|legsl=0.5|tgt=0.5|sl=1.0|days=dte2|vix=None,theta,749,357,0.009652586069010349,0.04012672045890908,0.0500037770073668,0.06248359408867454,0.03303127238245307,0.5367156208277704,0.7247397823208712
"theta|condor2_7|entry=15|legsl=0.4|tgt=None|sl=None|days=nonexpiry|vix=(-3.0, 3.0)",theta,1485,923,0.011138553496724685,0.04008020473606244,0.02695122975774067,0.06389428760687799,0.06897117216766979,0.5164983164983165,0.020883418728341378
"theta|condor2_7|entry=15|legsl=0.4|tgt=None|sl=None|days=all|vix=(-3.0, 3.0)",theta,1485,923,0.011138553496724685,0.04008020473606244,0.02695122975774067,0.06389428760687799,0.06897117216766979,0.5164983164983165,0.020883418728341378
"theta|straddle|entry=15|legsl=None|tgt=None|sl=None|days=all|vix=(-3.0, 3.0)",theta,1754,1039,0.04128242015190044,0.03995967118686505,0.05000376031916354,0.046759850270177816,0.009933588828705209,0.5655644241733181,5.072451251678618
"theta|butterfly4|entry=105|legsl=0.5|tgt=None|sl=None|days=all|vix=(-3.0, 3.0)",theta,1476,872,0.00430130391808341,0.039600105526370166,0.050289711952457794,-0.032022201601483835,0.2686064319318887,0.41192411924119243,-7.1150875244801455
"theta|butterfly4|entry=105|legsl=0.5|tgt=None|sl=None|days=nonexpiry|vix=(-3.0, 3.0)",theta,1430,872,0.00430130391808341,0.039600105526370166,0.050289711952457794,0.05049729500036926,0.0622673035320489,0.4230769230769231,-5.02714077280343
dir|futures|signal=rsi_reversal|tgt=1.0|sl=0.5,futures,2533,1465,0.06277421893566414,0.03958247074356547,0.050000037447597845,0.040160448863242104,0.04760187482361411,0.4579549940781682,1.3688511646269232
dir|buy_atm|signal=gap_fade|tgt=None|sl=None|days=nonexpiry,directional,533,340,0.005829712473273096,0.03957387654360156,0.0498850452900198,0.04656778181958132,0.02571474945871488,0.39399624765478425,-5.154953139915252
"theta|butterfly4|entry=15|legsl=0.25|tgt=0.5|sl=1.0|days=dte2|vix=(-3.0, 3.0)",theta,605,274,0.004079806166010294,0.03940299006765491,0.04989875227659313,0.05689470939267416,0.047348972677969114,0.5338842975206611,-1.7794027318662868
theta|condor2_7|entry=5|legsl=0.25|tgt=0.5|sl=1.0|days=dte2|vix=None,theta,749,357,0.011952772280361108,0.03932906521009394,0.04999999958162693,0.03641794655218078,0.06445730288146889,0.48064085447263016,-2.582316583676198
"theta|butterfly4|entry=5|legsl=0.25|tgt=None|sl=None|days=dte2|vix=(-3.0, 3.0)",theta,612,279,0.003300388104816465,0.039273624130230056,0.050461373166197254,0.06665678549148546,0.04305512599465078,0.4722222222222222,-2.8260929331343183
"theta|straddle|entry=5|legsl=None|tgt=0.5|sl=1.0|days=nonexpiry|vix=(-3.0, 3.0)",theta,1491,916,0.08379245374331924,0.0392365802906256,0.050305052200949274,0.05536309879034551,0.018119234639639714,0.5573440643863179,3.7772059364178134
"theta|straddle|entry=15|legsl=0.5|tgt=None|sl=None|days=all|vix=(-3.0, 3.0)",theta,1754,1039,0.07098415503100683,0.03912770355093964,0.05000447821369092,0.016604626824739954,0.04863122764857308,0.5262257696693272,0.29338520855528283
theta|condor2_7|entry=15|legsl=0.5|tgt=None|sl=None|days=dte2|vix=None,theta,750,358,0.007471191964286937,0.03905857506467547,0.04980693113557588,0.033467643153319404,0.056909478462607854,0.5373333333333333,-1.5647973608928374
theta|butterfly4|entry=105|legsl=0.5|tgt=0.5|sl=1.0|days=all|vix=None,theta,2206,1291,0.002358171599816323,0.039004338362837565,0.0502865321690541,0.05870706441253715,0.04964320239102804,0.44242973708068906,-4.0384182077031525
theta|butterfly4|entry=105|legsl=0.5|tgt=0.5|sl=1.0|days=nonexpiry|vix=None,theta,2142,1291,0.002358171599816323,0.039004338362837565,0.0502865321690541,0.06099633521036796,0.04964320239102804,0.4304388422035481,-4.69304207738746
theta|butterfly6|entry=15|legsl=0.4|tgt=0.5|sl=1.0|days=dte2|vix=None,theta,749,357,0.0054455225375299975,0.03898329626833097,0.050168753608030636,0.0733937760323431,0.07059665859825104,0.520694259012016,-2.74653025369312
"theta|condor1_5|entry=105|legsl=0.25|tgt=None|sl=None|days=dte2|vix=(-3.0, 3.0)",theta,539,257,0.0062181391521743115,0.038888006852096035,0.050443168765692215,0.007851969191697616,0.08644764479280842,0.49907235621521334,-3.2171114660413025
theta|condor1_5|entry=5|legsl=0.4|tgt=None|sl=None|days=nonexpiry|vix=None,theta,2141,1290,0.0022117456867232523,0.03884842738582339,0.049896042363723137,0.04503162092306523,0.08833338876041119,0.47828117702008405,-0.1486130219633676
theta|condor1_5|entry=5|legsl=0.4|tgt=None|sl=None|days=all|vix=None,theta,2153,1290,0.0022117456867232523,0.03884842738582339,0.049896042363723137,0.046238249973324264,0.08825469253196372,0.48072457036692984,0.03970670275361056
theta|condor1_5|entry=105|legsl=0.25|tgt=None|sl=None|days=dte2|vix=None,theta,760,358,0.005759739543842299,0.0387677493610048,0.05001451158033232,0.025304661542906004,0.11811791864817323,0.5,-2.711691996215364
"theta|straddle|entry=15|legsl=0.5|tgt=0.5|sl=1.0|days=all|vix=(-3.0, 3.0)",theta,1754,1039,0.07097888064480601,0.03873844103442026,0.05000437599674856,0.01452532399019435,0.0498496503107676,0.5262257696693272,0.0700256380302995
dir|credit_spread|signal=open_direction|tgt=0.5|sl=0.3|days=all,directional,2341,1351,0.0029804500778386187,0.03873598950264201,0.050000347249446464,0.11993730358007215,0.03493171328879585,0.4421187526697992,1.512245375392071
theta|condor1_5|entry=105|legsl=0.25|tgt=0.5|sl=1.0|days=dte2|vix=None,theta,760,358,0.006239228175417945,0.03872437844180321,0.05001487256926884,0.059719436794149594,0.08335743232454362,0.5328947368421053,0.870611619101071
"theta|butterfly4|entry=15|legsl=0.4|tgt=None|sl=None|days=dte2|vix=(-3.0, 3.0)",theta,605,274,0.0034967815486936517,0.03870182464324379,0.050434014107268776,0.0492208702005017,0.048530376974699196,0.47603305785123967,-4.65787712988407
"theta|condor1_5|entry=105|legsl=None|tgt=None|sl=None|days=dte2|vix=(-3.0, 3.0)",theta,539,257,0.01613112438949767,0.03863543962662863,0.04996973006266536,0.015054681739162579,0.0672422704894009,0.49907235621521334,-3.583548502730748
"theta|condor1_5|entry=15|legsl=0.5|tgt=0.5|sl=1.0|days=dte2|vix=(-3.0, 3.0)",theta,574,274,0.0038594950103311098,0.03858437850148633,0.050045950965685426,0.02870801621394503,0.0330372048036317,0.5662020905923345,-0.7704702910723605
dir|credit_spread|signal=ema9_21|tgt=0.5|sl=0.3|days=all,directional,2185,1264,0.003916398341442017,0.03856898471681913,0.05003487649296334,0.06836058614022145,0.04648436785068677,0.4462242562929062,0.03852759502054069
theta|butterfly6|entry=15|legsl=0.4|tgt=None|sl=None|days=dte2|vix=None,theta,749,357,0.004927815958667077,0.038506875701237675,0.049739238026541344,0.06352636077074636,0.04946808877167419,0.514018691588785,-3.072056813684187
dir|credit_spread|signal=linreg_slope|tgt=0.5|sl=0.3|days=nonexpiry,directional,2141,1290,0.006932668213243126,0.03834265244668833,0.049998348178269425,0.053549699314427324,0.0744182765613759,0.4297057449789818,-0.6857325084233941
dir|debit_spread|signal=atr_roc|tgt=None|sl=None|days=nonexpiry,directional,2140,1290,0.003390084783663703,0.038336198222316265,0.0510177490731043,0.08022260014449212,0.042888275564198275,0.4051401869158878,-2.776001724715545
"theta|condor2_7|entry=5|legsl=0.5|tgt=None|sl=None|days=dte2|vix=(-3.0, 3.0)",theta,580,278,0.009653496748455337,0.03817757867488014,0.05000376116486682,0.03168775116031286,0.027377771474953017,0.5120689655172413,-0.6485162712370232
dir|futures|signal=gap_follow|tgt=None|sl=None,futures,635,392,0.02469118853351528,0.038082208045561616,0.050016487114321384,0.042563575430429657,0.009758261272585722,0.5133858267716536,-0.1372440944881612
dir|credit_spread|signal=orb_reversal|tgt=0.5|sl=0.3|days=nonexpiry,directional,2140,1289,0.007809048364932389,0.03804114336508735,0.049447316250471385,0.0564299500985479,0.050527728296155705,0.45981308411214955,-0.6760180172012231
theta|condor1_5|entry=15|legsl=None|tgt=None|sl=None|days=all|vix=None,theta,2152,1291,0.00302764075245777,0.03801458152787829,0.05027044035483408,0.033471494399375024,0.07800695461484275,0.46514869888475835,-4.195041758769839
theta|condor1_5|entry=15|legsl=None|tgt=None|sl=None|days=nonexpiry|vix=None,theta,2142,1291,0.00302764075245777,0.03801458152787829,0.05027044035483408,0.02982059838629536,0.07800757429733196,0.46265172735760973,-4.552871778912349
"theta|condor2_7|entry=15|legsl=0.4|tgt=0.5|sl=1.0|days=dte2|vix=(-3.0, 3.0)",theta,566,274,0.014520585120123265,0.03796547463539124,0.050218978161218786,0.037106447132916553,0.06495889638041585,0.519434628975265,-1.5385469145610744
dir|futures|signal=gap_fade|tgt=1.0|sl=0.5,futures,635,392,0.1168095806467291,0.03793990668629332,0.05018183592404135,0.03652475928002952,0.07648623923444176,0.42362204724409447,0.21236220472440429
"theta|condor1_5|entry=15|legsl=0.4|tgt=0.5|sl=1.0|days=all|vix=(-3.0, 3.0)",theta,1494,924,0.006437095315138148,0.03791598060094459,0.049997300435016045,0.08812809052671033,0.0712354715529393,0.5066934404283802,-0.4749473721243197
"theta|condor1_5|entry=15|legsl=0.4|tgt=0.5|sl=1.0|days=nonexpiry|vix=(-3.0, 3.0)",theta,1486,924,0.006437095315138148,0.03791598060094459,0.049997300435016045,0.08656741961352132,0.06932049893645831,0.5040376850605652,-0.5994803354154142
theta|butterfly4|entry=105|legsl=0.5|tgt=None|sl=None|days=all|vix=None,theta,2206,1291,0.0022841356385300076,0.03770660919999691,0.04995999517445071,-0.012137786146076412,0.18616697247477798,0.4165911151405258,-7.036032252162885
theta|butterfly4|entry=105|legsl=0.5|tgt=None|sl=None|days=nonexpiry|vix=None,theta,2142,1291,0.0022841356385300076,0.03770660919999691,0.04995999517445071,0.06006643671712064,0.046514497484602124,0.4276377217553688,-4.850641757182504
theta|butterfly6|entry=105|legsl=None|tgt=None|sl=None|days=dte2|vix=None,theta,749,357,0.013051470387805977,0.03763164154670395,0.04989203271595366,0.05204121962727193,0.060568366877349455,0.4485981308411215,-4.137586750638421
"theta|condor1_5|entry=105|legsl=None|tgt=0.5|sl=1.0|days=dte2|vix=(-3.0, 3.0)",theta,539,257,0.01615124682340862,0.03741749369280578,0.05016355895041269,0.044033115619633634,0.050238487615229754,0.5120593692022264,-2.2696287708236027
dir|futures|signal=atr_roc|tgt=None|sl=None,futures,2554,1477,0.050639703545013556,0.037327086574077795,0.05013852002952868,0.02693061309953526,0.03672768193320464,0.49569303054032887,-0.35845732184808854
"theta|butterfly4|entry=105|legsl=None|tgt=None|sl=None|days=dte2|vix=(-3.0, 3.0)",theta,578,257,0.01166650297686829,0.037324467513583315,0.050636855692299254,-0.1416006991727199,0.5398398849414026,0.39792387543252594,-8.79996210809707
dir|buy_otm1|signal=gap_follow|tgt=0.2|sl=0.2|days=all,directional,607,376,0.011420076081272832,0.037136489849398435,0.0500750455765816,0.05377924715320326,0.01611958144662362,0.5601317957166392,-0.9598619941824547
"theta|condor2_7|entry=5|legsl=0.4|tgt=None|sl=None|days=dte2|vix=(-3.0, 3.0)",theta,580,278,0.013344270485847734,0.03709098485620954,0.050023108775877234,0.02142372100499723,0.047678326573708074,0.496551724137931,-2.021533149783997
"theta|butterfly4|entry=15|legsl=0.4|tgt=0.5|sl=1.0|days=dte2|vix=(-3.0, 3.0)",theta,605,274,0.0030959669598387748,0.03707285580909225,0.050381939409982146,0.05430691178121538,0.042955703783333465,0.5272727272727272,-1.6298781106161118
theta|butterfly6|entry=105|legsl=None|tgt=0.5|sl=1.0|days=dte2|vix=None,theta,749,357,0.013193770194149584,0.03697589910238919,0.04988901406668189,0.05167833915453679,0.06180272779186591,0.4485981308411215,-4.289814510851979
dir|credit_spread|signal=day_high_low_break|tgt=0.5|sl=0.3|days=nonexpiry,directional,1914,1160,0.006799094120284872,0.03697067839625645,0.0375164236134401,0.05053369900108273,0.029634647976428896,0.4456635318704284,-0.07788973415034955
"theta|condor2_7|entry=15|legsl=0.5|tgt=None|sl=None|days=all|vix=(-3.0, 3.0)",theta,1485,923,0.012826483905379566,0.036859228225732954,0.04486347786006695,0.06915269973225957,0.07533899220330154,0.5265993265993266,0.12402836849614718
"theta|condor2_7|entry=15|legsl=0.5|tgt=None|sl=None|days=nonexpiry|vix=(-3.0, 3.0)",theta,1485,923,0.012826483905379566,0.036859228225732954,0.04486347786006695,0.06915269973225957,0.07533899220330154,0.5265993265993266,0.12402836849614718
theta|condor2_7|entry=15|legsl=0.25|tgt=0.5|sl=1.0|days=nonexpiry|vix=None,theta,2141,1290,0.006411850549900253,0.036845274023314056,0.04999990442705171,0.03769134640310079,0.05035189552351116,0.5100420364315741,-0.7038294284867117
theta|condor2_7|entry=15|legsl=0.25|tgt=0.5|sl=1.0|days=all|vix=None,theta,2141,1290,0.006411850549900253,0.036845274023314056,0.04999990442705171,0.03769134640310079,0.05035189552351116,0.5100420364315741,-0.7038294284867117
"theta|condor2_7|entry=15|legsl=0.25|tgt=0.5|sl=1.0|days=dte2|vix=(-3.0, 3.0)",theta,566,274,0.012520790057191358,0.03683046465335216,0.0495809250432615,0.04073441859933369,0.040552032535008165,0.5,-1.9016934359342188
dir|credit_spread|signal=vix_spike|tgt=0.5|sl=0.3|days=all,directional,282,149,0.0074877911023438935,0.03654363861489851,0.04999999970535607,0.10272403212218872,0.07937514936696943,0.32978723404255317,-0.6772803630558317
dir|credit_spread|signal=vix_spike|tgt=0.5|sl=0.3|days=nonexpiry,directional,265,145,0.0077535727849364815,0.0364578333242731,0.04999714595593274,0.08402299126348534,0.08168551500731303,0.32452830188679244,-1.2528716827968385
theta|condor1_5|entry=15|legsl=0.25|tgt=0.5|sl=1.0|days=dte2|vix=None,theta,760,358,0.004464726834560521,0.03638310700658409,0.049818534323384456,0.025357730197367312,0.08049343491296324,0.5184210526315789,-3.0962405219954907
theta|butterfly4|entry=15|legsl=0.25|tgt=0.5|sl=1.0|days=dte2|vix=None,theta,795,358,0.0026027281836186454,0.03638116214669518,0.050001120409547295,0.07801460047440045,0.034590633959228234,0.5320754716981132,-1.222737019675335
dir|buy_atm|signal=gap_follow|tgt=0.2|sl=0.2|days=all,directional,624,384,0.0116144362654531,0.03632593475447199,0.050306583502101265,0.0375249498345942,0.02473717512446294,0.5144230769230769,-3.2468469992814915
dir|futures|signal=gap_fade|tgt=None|sl=None,futures,635,392,0.03630563380851418,0.036303641361147276,0.050034217811223525,0.041393760291866144,0.01752569863243536,0.48031496062992124,-1.8627559055118388
dir|futures|signal=orb_reversal|tgt=None|sl=None,futures,2556,1477,0.04160982216182595,0.03621475463057133,0.05016633695358763,0.03017137342418552,0.05051671706640648,0.4910015649452269,0.035661189358369115
theta|condor2_7|entry=5|legsl=0.5|tgt=None|sl=None|days=dte2|vix=None,theta,749,357,0.009652490825438675,0.036209637961979624,0.0500037768084447,0.08301609616642613,0.04588973144246489,0.520694259012016,1.0321069808834935
dir|buy_otm1|signal=vix_spike|tgt=0.5|sl=0.3|days=all,directional,289,158,0.015864135456332668,0.036149580666668735,0.04937255264217755,0.023955662091061702,0.04623334145532565,0.39792387543252594,-3.3771295662322256
dir|futures|signal=rsi_momentum|tgt=1.0|sl=0.5,futures,2533,1465,0.029897511893028427,0.03613982743900168,0.049321949265836884,0.039478227445840064,0.01660998524663404,0.4678247137781287,0.4082708251085718
"theta|butterfly6|entry=15|legsl=0.25|tgt=0.5|sl=1.0|days=dte2|vix=(-3.0, 3.0)",theta,565,273,0.005175797187953741,0.036102637992937225,0.049242213497142306,0.04758715902901267,0.02713041159272045,0.5061946902654867,-2.178630194825411
"theta|butterfly4|entry=105|legsl=None|tgt=0.5|sl=1.0|days=dte2|vix=(-3.0, 3.0)",theta,578,257,0.011258489141728617,0.036032856752608255,0.050644315609173374,0.04823551198716558,0.06467485751216784,0.4619377162629758,-3.268832692290466
dir|futures|signal=linreg_slope|tgt=1.0|sl=0.5,futures,2557,1478,0.04900438616953104,0.03591941679383992,0.0494770914811945,0.03106504636993046,0.026436703000441875,0.4692999608916699,0.14923738756355368
"theta|straddle|entry=15|legsl=None|tgt=None|sl=None|days=nonexpiry|vix=(-3.0, 3.0)",theta,1486,924,0.04128155646374748,0.03590040516090243,0.050003754030545355,0.04257280579147982,0.010599270322494081,0.5598923283983849,3.682026105588089
"theta|butterfly6|entry=15|legsl=0.25|tgt=None|sl=None|days=dte2|vix=(-3.0, 3.0)",theta,565,273,0.005065897804321324,0.035815970544930575,0.049322391050355185,0.04369332068485621,0.026482712168789613,0.5008849557522124,-2.1771306404856485
"theta|butterfly6|entry=15|legsl=0.4|tgt=0.5|sl=1.0|days=dte2|vix=(-3.0, 3.0)",theta,565,273,0.005515166826218065,0.035706255191970904,0.049760993516513974,0.050640623683028574,0.026129295184079027,0.5238938053097345,-2.3573875643428575
theta|butterfly6|entry=5|legsl=0.25|tgt=None|sl=None|days=dte2|vix=None,theta,749,357,0.0070429136122012815,0.03566877400787627,0.0497927602625734,0.12929612719949857,0.08314086800471188,0.5233644859813084,-1.0264108849697053
"theta|condor1_5|entry=5|legsl=0.4|tgt=None|sl=None|days=all|vix=(-3.0, 3.0)",theta,1503,916,0.00457219896312643,0.03548438253480368,0.04433383462584595,0.05346419704803829,0.15230897340881566,0.48303393213572854,0.18323317678284798
"theta|condor1_5|entry=5|legsl=0.4|tgt=None|sl=None|days=nonexpiry|vix=(-3.0, 3.0)",theta,1491,916,0.00457219896312643,0.03548438253480368,0.04433383462584595,0.05051055188734255,0.1525428771324966,0.4795439302481556,-0.08602920613512595
theta|straddle|entry=15|legsl=0.5|tgt=None|sl=None|days=all|vix=None,theta,2486,1443,0.060768084887528134,0.035363739921454584,0.0500426552237212,0.0022787315848147305,0.07547495787446468,0.5152855993563958,-0.09222207501760507
"theta|butterfly6|entry=15|legsl=0.4|tgt=None|sl=None|days=dte2|vix=(-3.0, 3.0)",theta,565,273,0.005502117303416073,0.035336931795928894,0.0497288101363893,0.04686788236318917,0.026065989683592528,0.5185840707964602,-2.423702888415442
dir|futures|signal=rsi_reversal|tgt=None|sl=None,futures,2533,1465,0.04907114193045444,0.0352455842842454,0.049577555530638584,0.018097331356796253,0.038657886398651975,0.4848006316620608,-0.7111922621397595
theta|condor1_5|entry=15|legsl=0.25|tgt=None|sl=None|days=dte2|vix=None,theta,760,358,0.0036732548312173414,0.035233384620435126,0.05027758243164948,0.010069062746377755,0.09202789935658062,0.49078947368421055,-3.926932738628359
theta|condor2_7|entry=5|legsl=0.25|tgt=0.5|sl=1.0|days=nonexpiry|vix=None,theta,2141,1290,0.00581332948203679,0.03506197230341468,0.04979414141418337,0.01331405674238817,0.045691161449719075,0.48108360579168613,-1.6288768834813172
theta|condor2_7|entry=5|legsl=0.25|tgt=0.5|sl=1.0|days=all|vix=None,theta,2141,1290,0.00581332948203679,0.03506197230341468,0.04979414141418337,0.01331405674238817,0.045691161449719075,0.48108360579168613,-1.6288768834813172
"theta|straddle|entry=5|legsl=None|tgt=None|sl=None|days=expiry|vix=(-3.0, 3.0)",theta,268,120,0.2681695784602837,0.03499147948168102,0.05066223153750837,0.02289095937001595,0.1083585017640909,0.5149253731343284,-2.7650317924947885
"theta|butterfly6|entry=105|legsl=0.5|tgt=0.5|sl=1.0|days=all|vix=(-3.0, 3.0)",theta,1429,871,0.008451720809444934,0.03490858161482957,0.04723028536112994,0.07405765769004935,0.04680926332348967,0.4688593421973408,-2.5096297587366028
"theta|butterfly6|entry=105|legsl=0.5|tgt=0.5|sl=1.0|days=nonexpiry|vix=(-3.0, 3.0)",theta,1429,871,0.008451720809444934,0.03490858161482957,0.04723028536112994,0.07405765769004935,0.04680926332348967,0.4688593421973408,-2.5096297587366028
"theta|straddle|entry=5|legsl=0.4|tgt=None|sl=None|days=all|vix=(-3.0, 3.0)",theta,1759,1036,0.08412629974672746,0.03488140277026086,0.05014130951576845,0.03494067638901299,0.033262825777349736,0.541785105173394,1.728694944269489
theta|butterfly6|entry=15|legsl=0.25|tgt=0.5|sl=1.0|days=dte2|vix=None,theta,749,357,0.0049633219787152795,0.034736794471296406,0.04961359052281178,0.07931809052048933,0.04155297988992912,0.5126835781041389,-1.3148925717989524
longvol|long_straddle|signal=gap_follow|tgt=None|sl=None|days=all,longvol,610,376,0.014237165337014844,0.03470487721960369,0.04977038013779023,0.0456881239089888,0.0820568548778704,0.4557377049180328,-11.905513074890512
"theta|butterfly4|entry=15|legsl=0.25|tgt=None|sl=None|days=dte2|vix=(-3.0, 3.0)",theta,605,274,0.003196802854691796,0.034645377634906716,0.050156555181875895,0.04499508359606419,0.04012564393824802,0.46942148760330576,-4.807393755436735
dir|credit_spread|signal=orb_reversal|tgt=0.5|sl=0.3|days=all,directional,2347,1351,0.007837016374093382,0.034476218275363735,0.0494141557022143,0.057301040357635946,0.0693716740973348,0.4635705155517682,-0.6977651840344256
"theta|condor2_7|entry=15|legsl=0.25|tgt=0.5|sl=1.0|days=nonexpiry|vix=(-3.0, 3.0)",theta,1485,923,0.01321431034989275,0.03447244107871672,0.04786413972979631,0.05399599729556703,0.06485026005333272,0.503030303030303,-0.5103090504481348
"theta|condor2_7|entry=15|legsl=0.25|tgt=0.5|sl=1.0|days=all|vix=(-3.0, 3.0)",theta,1485,923,0.01321431034989275,0.03447244107871672,0.04786413972979631,0.05399599729556703,0.06485026005333272,0.503030303030303,-0.5103090504481348
dir|futures|signal=momentum_1m|tgt=None|sl=None,futures,1853,1082,0.015094566554033947,0.0344206110994727,0.04993064932647118,0.045970745657015755,0.006328944237665279,0.5169994603345925,1.4105234754452018
theta|condor2_7|entry=5|legsl=0.4|tgt=None|sl=None|days=dte2|vix=None,theta,749,357,0.01127605562762844,0.03433256349373481,0.050001776744459936,0.07626254502433838,0.06572224707068519,0.5020026702269693,-0.5442408154963504
"theta|straddle|entry=5|legsl=0.4|tgt=0.5|sl=1.0|days=all|vix=(-3.0, 3.0)",theta,1759,1036,0.08408170795916677,0.03430824520084563,0.050138693434934045,0.03278104327788611,0.03288507102045202,0.541785105173394,1.5152773927452252
"theta|condor2_7|entry=15|legsl=0.4|tgt=None|sl=None|days=dte2|vix=(-3.0, 3.0)",theta,566,274,0.012333561422644268,0.0342184430673218,0.0502261217435892,0.02038557099807825,0.07552542993589162,0.5017667844522968,-2.726488542455061
"theta|condor2_7|entry=15|legsl=0.5|tgt=0.5|sl=1.0|days=dte2|vix=(-3.0, 3.0)",theta,566,274,0.013565562742282324,0.03410098500191783,0.05020248957509854,0.03818337833771457,0.044055605321312585,0.5441696113074205,-1.4726344070565378
theta|condor2_7|entry=5|legsl=0.5|tgt=0.5|sl=1.0|days=all|vix=None,theta,2141,1290,0.005250914932035579,0.03400466937082691,0.04986632704437344,0.045988173149652756,0.04198383555767227,0.5105091078935077,0.5371107211470346
theta|condor2_7|entry=5|legsl=0.5|tgt=0.5|sl=1.0|days=nonexpiry|vix=None,theta,2141,1290,0.005250914932035579,0.03400466937082691,0.04986632704437344,0.045988173149652756,0.04198383555767227,0.5105091078935077,0.5371107211470346
theta|butterfly4|entry=5|legsl=0.25|tgt=None|sl=None|days=dte2|vix=None,theta,788,358,0.0029525553751852405,0.03392623745192136,0.05008894351629489,0.12182836209173709,0.07432885250650445,0.4733502538071066,-1.4848913887194595
dir|futures|signal=gap_follow|tgt=1.0|sl=0.5,futures,635,392,0.0595340719881256,0.03375747963518272,0.05008231138693431,0.04267841842097986,0.014568657150394015,0.4393700787401575,-0.5422047244094234
theta|butterfly4|entry=105|legsl=None|tgt=None|sl=None|days=dte2|vix=None,theta,814,358,0.008101746939585376,0.033741195815909286,0.049907283792617885,-0.14582961201513667,0.5469713422937516,0.37714987714987713,-10.415872223730169
theta|butterfly6|entry=15|legsl=0.25|tgt=None|sl=None|days=dte2|vix=None,theta,749,357,0.0045539722750312615,0.033707205313170174,0.050177268962965704,0.07062823907133375,0.0332692533069473,0.5006675567423231,-1.9898688851033126
"theta|condor2_7|entry=15|legsl=0.25|tgt=None|sl=None|days=dte2|vix=(-3.0, 3.0)",theta,566,274,0.009422778667333126,0.03361661379954661,0.04961137308212571,0.030155491656598477,0.03711943995723477,0.4840989399293286,-2.7592034391052116
theta|straddle|entry=15|legsl=0.5|tgt=0.5|sl=1.0|days=all|vix=None,theta,2486,1443,0.05754521140115353,0.033583856192924255,0.05004662787366254,0.0006036190942053654,0.07104448674048014,0.5152855993563958,-0.3963411093329019
theta|condor1_5|entry=105|legsl=0.4|tgt=0.5|sl=1.0|days=nonexpiry|vix=None,theta,2142,1291,0.00337543243987571,0.03345771575711387,0.050393229091637015,0.05084045902550205,0.03173986212760915,0.4710550887021475,-1.138272200417316
theta|condor1_5|entry=105|legsl=0.4|tgt=0.5|sl=1.0|days=all|vix=None,theta,2152,1291,0.00337543243987571,0.03345771575711387,0.050393229091637015,0.05302506301627807,0.03426607856616959,0.47351301115241634,-0.9297564152848652
dir|buy_atm|signal=gap_follow|tgt=0.5|sl=0.3|days=nonexpiry,directional,533,340,0.00789983066922937,0.033353443364933844,0.05004388813090088,0.04016506469423087,0.016252934297085075,0.41088180112570355,-4.493169265589616
dir|futures|signal=atr_roc|tgt=0.5|sl=0.3,futures,2554,1477,0.07567124047683167,0.032802326154312444,0.050529325310319506,0.036023654165434404,0.040030918750105005,0.45458104933437743,0.7533281127642654
dir|credit_spread|signal=rsi_reversal|tgt=0.5|sl=0.3|days=nonexpiry,directional,2118,1278,0.005647227049970807,0.032765916534652995,0.04990981317773879,0.05921647650697137,0.06416759153292073,0.4485363550519358,-0.5182435250237262
dir|buy_atm|signal=vix_spike|tgt=0.5|sl=0.3|days=all,directional,300,161,0.014504727272805428,0.03273357975279878,0.04993438847384568,0.05148823267160152,0.024905820506254672,0.43,-0.04379500153859397
"theta|butterfly6|entry=105|legsl=0.5|tgt=None|sl=None|days=all|vix=(-3.0, 3.0)",theta,1429,871,0.008451720809444934,0.03258896215871476,0.04723028536112994,0.05954083272598498,0.04680926332348967,0.46745976207137857,-2.730882844886721
"theta|butterfly6|entry=105|legsl=0.5|tgt=None|sl=None|days=nonexpiry|vix=(-3.0, 3.0)",theta,1429,871,0.008451720809444934,0.03258896215871476,0.04723028536112994,0.05954083272598498,0.04680926332348967,0.46745976207137857,-2.730882844886721
"theta|condor2_7|entry=15|legsl=0.4|tgt=0.5|sl=1.0|days=nonexpiry|vix=(-3.0, 3.0)",theta,1485,923,0.009934362308953264,0.03250782978385014,0.023178994039460332,0.061253668834157615,0.06392570384313356,0.5239057239057239,0.13430312970477148
"theta|condor2_7|entry=15|legsl=0.4|tgt=0.5|sl=1.0|days=all|vix=(-3.0, 3.0)",theta,1485,923,0.009934362308953264,0.03250782978385014,0.023178994039460332,0.061253668834157615,0.06392570384313356,0.5239057239057239,0.13430312970477148
theta|butterfly4|entry=105|legsl=None|tgt=0.5|sl=1.0|days=dte2|vix=None,theta,814,358,0.00753953315950927,0.03239670353151625,0.04983932753666376,0.05191447280260619,0.07262037033728974,0.4398034398034398,-4.47998690289054
theta|butterfly4|entry=15|legsl=0.25|tgt=None|sl=None|days=dte2|vix=None,theta,795,358,0.0020485720059690944,0.032339731585982134,0.05000079124951928,0.06057836569683972,0.032401502679797245,0.4729559748427673,-4.4669536838536015
dir|buy_atm|signal=vix_spike|tgt=None|sl=None|days=nonexpiry,directional,265,145,0.013376831904984557,0.03232603467955064,0.05003264666042184,0.059193519526032246,0.050610604413310445,0.42641509433962266,0.42298770299947497
theta|straddle|entry=15|legsl=None|tgt=None|sl=None|days=all|vix=None,theta,2486,1443,0.04376789348947866,0.032181282016767065,0.0500000050756233,0.043117508213783795,0.016694875526695352,0.5430410297666934,3.8084048398935977
"theta|condor2_7|entry=5|legsl=0.4|tgt=0.5|sl=1.0|days=nonexpiry|vix=(-3.0, 3.0)",theta,1490,915,0.008502871157960461,0.03206855611191162,0.04993623506918676,0.05032239361577884,0.030640334828173743,0.5053691275167785,0.3701714099718754
"theta|condor2_7|entry=5|legsl=0.4|tgt=0.5|sl=1.0|days=all|vix=(-3.0, 3.0)",theta,1490,915,0.008502871157960461,0.03206855611191162,0.04993623506918676,0.05032239361577884,0.030640334828173743,0.5053691275167785,0.3701714099718754
dir|buy_atm|signal=open_direction|tgt=0.5|sl=0.3|days=all,directional,2519,1457,0.006809847691554363,0.03193314511956036,0.04942675513039052,0.0637108813495133,0.0475123429589025,0.4283445811830091,-2.7411351396650394
dir|buy_otm1|signal=gap_follow|tgt=0.2|sl=0.2|days=nonexpiry,directional,533,340,0.009320117547575805,0.031696920804516804,0.044811975553719186,0.048837461233423696,0.010790947233557113,0.5384615384615384,-1.086138360522701
theta|condor1_5|entry=15|legsl=None|tgt=0.5|sl=1.0|days=all|vix=None,theta,2152,1291,0.003001571543152669,0.03133230744369708,0.05026685250084939,0.05487161250591788,0.024148439519240505,0.46514869888475835,-4.037351257383934
theta|condor1_5|entry=15|legsl=None|tgt=0.5|sl=1.0|days=nonexpiry|vix=None,theta,2142,1291,0.003001571543152669,0.03133230744369708,0.05026685250084939,0.05430743940023608,0.024148439519240505,0.46265172735760973,-4.1521779549394555
dir|futures|signal=stochastic|tgt=1.0|sl=0.5,futures,2537,1464,0.016495380217037225,0.031289596713155454,0.00625826252613404,0.03226717747717078,0.006525432017644439,0.4477729601891998,-2.949310208908178
dir|buy_otm1|signal=orb_reversal|tgt=0.5|sl=0.3|days=all,directional,2476,1434,0.002224705038749313,0.03119005750418946,0.009824083089747582,0.054771591555344834,0.010250044439914952,0.4317447495961228,-1.5522349700326874
"theta|condor2_7|entry=15|legsl=0.5|tgt=None|sl=None|days=dte2|vix=(-3.0, 3.0)",theta,566,274,0.012074343881682255,0.031034542624579053,0.050170610800624016,0.022319175383797907,0.06488037225790744,0.5300353356890459,-2.5647972498930187
dir|credit_spread|signal=gap_follow|tgt=0.5|sl=0.3|days=nonexpiry,directional,533,340,0.005046647269329274,0.03092595703716694,0.05011233279961724,0.05068930074612332,0.023776850140651007,0.3545966228893058,-1.7438683983085301
"theta|condor2_7|entry=5|legsl=0.25|tgt=None|sl=None|days=dte2|vix=(-3.0, 3.0)",theta,580,278,0.00814566562140777,0.03088222013240416,0.05000898755411742,0.015806891170178305,0.028084913029830405,0.46206896551724136,-4.616506782652439
dir|futures|signal=vix_spike|tgt=None|sl=None,futures,307,163,0.03309847872503462,0.030650460251647305,0.049999773651093316,0.0412391650332955,0.011359770134303004,0.495114006514658,-8.319543973941363
theta|straddle|entry=15|legsl=None|tgt=0.5|sl=1.0|days=nonexpiry|vix=None,theta,2142,1291,0.05303330381336019,0.030583714157164543,0.05000744671371471,0.034859446939483174,0.02254569696046471,0.5326797385620915,2.0483509314828225
"theta|condor2_7|entry=15|legsl=0.5|tgt=0.5|sl=1.0|days=all|vix=(-3.0, 3.0)",theta,1485,923,0.01092151803756718,0.03047939557889867,0.034801739923965735,0.06709639060051376,0.0685892173019037,0.5333333333333333,0.2583626298488983
"theta|condor2_7|entry=15|legsl=0.5|tgt=0.5|sl=1.0|days=nonexpiry|vix=(-3.0, 3.0)",theta,1485,923,0.01092151803756718,0.03047939557889867,0.034801739923965735,0.06709639060051376,0.0685892173019037,0.5333333333333333,0.2583626298488983
"theta|condor1_5|entry=5|legsl=0.5|tgt=None|sl=None|days=all|vix=(-3.0, 3.0)",theta,1503,916,0.005023372561249216,0.02993632177962602,0.04310392349934489,0.05220563413684576,0.1916760923351235,0.48303393213572854,-0.18716143500264845
"theta|condor1_5|entry=5|legsl=0.5|tgt=None|sl=None|days=nonexpiry|vix=(-3.0, 3.0)",theta,1491,916,0.005023372561249216,0.02993632177962602,0.04310392349934489,0.04875822300784205,0.19117940351993346,0.4802146210596915,-0.4614622827130872
dir|buy_otm1|signal=rsi_reversal|tgt=0.5|sl=0.3|days=all,directional,2443,1418,0.001748614116927352,0.029905897839029416,0.005598141282918023,0.04908315464289492,0.006001578940844521,0.42365943512075316,-1.6241643722165673
dir|futures|signal=gap_follow|tgt=0.5|sl=0.3,futures,635,392,0.07309581370356079,0.02989988382667841,0.04916165362198133,0.03714875534386519,0.015133713694735373,0.4125984251968504,-2.455905511811009
theta|condor2_7|entry=15|legsl=0.25|tgt=None|sl=None|days=dte2|vix=None,theta,750,358,0.007003073046730934,0.029856182933634567,0.04999604240583644,0.017326400221978178,0.06862284125481644,0.49066666666666664,-3.368689827816806
theta|condor1_5|entry=105|legsl=0.25|tgt=0.5|sl=1.0|days=all|vix=None,theta,2152,1291,0.003744495165792548,0.02977684373023748,0.05026226469472428,0.051458112713068216,0.05769639666268678,0.4804832713754647,-1.0153721408219156
theta|condor1_5|entry=105|legsl=0.25|tgt=0.5|sl=1.0|days=nonexpiry|vix=None,theta,2142,1291,0.003744495165792548,0.02977684373023748,0.05026226469472428,0.04788383604240898,0.06055487287998507,0.4780578898225957,-1.2261274386422878
theta|straddle|entry=5|legsl=0.4|tgt=None|sl=None|days=all|vix=None,theta,2487,1444,0.07919577366743598,0.02976915992474738,0.05000186413714913,0.029166714057885956,0.04608130481549122,0.527945315641335,1.2629038147700822
dir|credit_spread|signal=gap_follow|tgt=0.5|sl=0.3|days=all,directional,575,352,0.00483305061196152,0.02931864799822681,0.04969987217349192,0.058930676898975465,0.029076059623202366,0.35304347826086957,-1.6111937281836637
"theta|straddle|entry=5|legsl=0.5|tgt=None|sl=None|days=all|vix=(-3.0, 3.0)",theta,1759,1036,0.07692583201927056,0.029303899627901142,0.04998710614404511,0.031199413159286538,0.04085858918570262,0.5258669698692439,1.0746263515286976
theta|condor2_7|entry=15|legsl=0.25|tgt=0.5|sl=1.0|days=dte2|vix=None,theta,750,358,0.007003150348706446,0.029186706859768208,0.04999604162581728,0.03083312438086594,0.03806000823291633,0.512,-2.085291492373945
dir|futures|signal=orb|tgt=1.0|sl=0.5,futures,2556,1477,0.034617506872310924,0.028979148297003432,0.048480123764679806,0.030540537734546236,0.03224973141475462,0.4612676056338028,-1.2067488262910704
"theta|condor1_5|entry=5|legsl=0.25|tgt=0.5|sl=1.0|days=dte2|vix=(-3.0, 3.0)",theta,593,279,0.003747470201062489,0.02896847701640337,0.049854484494064266,0.027845161700591703,0.019634507322409678,0.4974704890387858,-2.8657355685890447
"theta|straddle|entry=5|legsl=None|tgt=None|sl=None|days=nonexpiry|vix=(-3.0, 3.0)",theta,1491,916,0.0416805778804775,0.028915684125728758,0.04963291009478854,0.044251434425153446,0.008441296769078566,0.5573440643863179,3.053904572140842
"theta|condor1_5|entry=15|legsl=0.25|tgt=None|sl=None|days=dte2|vix=(-3.0, 3.0)",theta,574,274,0.0035956910802782977,0.028853177233419736,0.050705855662989685,0.017443542238211984,0.042041127953898694,0.5017421602787456,-3.5452138669326767
"theta|condor1_5|entry=15|legsl=0.25|tgt=0.5|sl=1.0|days=dte2|vix=(-3.0, 3.0)",theta,574,274,0.004104453053251121,0.028807541192884978,0.05040555910610267,0.01960316325690803,0.04329599156578312,0.5261324041811847,-3.0966171179538424
"theta|straddle|entry=5|legsl=0.5|tgt=0.5|sl=1.0|days=all|vix=(-3.0, 3.0)",theta,1759,1036,0.07691241641176808,0.028645268698550552,0.04998563773105169,0.02845518033396721,0.04133664833338502,0.5258669698692439,0.7833831806012603
dir|futures|signal=open_direction|tgt=1.0|sl=0.5,futures,2558,1479,0.03437548857222592,0.02856686679609055,0.050173446293890755,0.03278650978102626,0.029749171213422132,0.4515246286161063,-1.1784206411259277
theta|condor1_5|entry=5|legsl=0.5|tgt=0.5|sl=1.0|days=nonexpiry|vix=None,theta,2141,1290,0.0023448813603579323,0.02849085326459111,0.05019153543963184,0.05264937952985127,0.022625449253091068,0.48995796356842597,-1.12919460089714
theta|condor1_5|entry=5|legsl=0.5|tgt=0.5|sl=1.0|days=all|vix=None,theta,2153,1290,0.0023448813603579323,0.02849085326459111,0.05019153543963184,0.053505123005155975,0.022340953234027627,0.4928007431490943,-0.9603324433834407
dir|credit_spread|signal=momentum_1m|tgt=0.2|sl=0.2|days=nonexpiry,directional,1545,943,0.007906672018866258,0.028441672784301097,0.050021907525933385,0.0837485845181396,0.08161607019799544,0.4964401294498382,-0.5253575507876942
dir|futures|signal=orb_reversal|tgt=0.5|sl=0.3,futures,2556,1477,0.09753512675122039,0.028283126246952728,0.07886435091811961,0.041625505021744,0.07038356131493073,0.4307511737089202,1.3142018779342741
theta|straddle|entry=5|legsl=0.4|tgt=0.5|sl=1.0|days=all|vix=None,theta,2487,1444,0.07544204599939484,0.028157035325969693,0.05000131428277821,0.02164813556608003,0.04304931945411539,0.527945315641335,0.7708892756097775
theta|straddle|entry=15|legsl=0.25|tgt=None|sl=None|days=dte2|vix=None,theta,1094,510,0.09227557846184731,0.028090857840814998,0.0503249142005433,0.013241123731111415,0.0472981620616888,0.47074954296160876,-2.2437307203952552
"theta|straddle|entry=15|legsl=0.25|tgt=None|sl=None|days=dte2|vix=(-3.0, 3.0)",theta,834,389,0.1122069092492981,0.02803616657250063,0.05049184431606324,0.011171682819913542,0.05597137325772472,0.4628297362110312,-3.0421714250063747
longvol|long_strangle2|signal=vix_spike|tgt=0.6|sl=0.4|days=all,longvol,277,151,0.024147699889930315,0.027896686872183718,0.04978343586409695,0.029963312199658088,0.05021157407983412,0.3862815884476534,-4.44488866566751
dir|futures|signal=rsi_momentum|tgt=None|sl=None,futures,2533,1465,0.017559647453494257,0.02778165075198813,0.04802638538183168,0.0424882362467105,0.006571377719434945,0.5061192262139755,-1.2888077378602405
theta|straddle|entry=15|legsl=0.25|tgt=0.5|sl=1.0|days=dte2|vix=None,theta,1094,510,0.0922340405299386,0.027670789561842657,0.05032370826705623,0.012459245636492255,0.047261239930372345,0.47074954296160876,-2.378456762898668
dir|buy_atm|signal=vix_spike|tgt=0.2|sl=0.2|days=all,directional,300,161,0.017710303072429115,0.027632077805729738,0.050197700370898324,0.023483302768769754,0.038482595855823476,0.4766666666666667,-3.9647637510935474
"theta|straddle|entry=15|legsl=0.25|tgt=0.5|sl=1.0|days=dte2|vix=(-3.0, 3.0)",theta,834,389,0.11216435098139303,0.027528025053706884,0.05049165228285568,0.01118079621091228,0.055934923436160355,0.4628297362110312,-3.0913752117991757
theta|condor1_5|entry=105|legsl=0.5|tgt=None|sl=None|days=nonexpiry|vix=None,theta,2142,1291,0.002932826305063171,0.02741518729762138,0.04984442033128933,0.047124298697244216,0.02476081946928632,0.45751633986928103,-1.6960193491708557
theta|condor1_5|entry=105|legsl=0.5|tgt=None|sl=None|days=all|vix=None,theta,2152,1291,0.002932826305063171,0.02741518729762138,0.04984442033128933,0.04104759245901457,0.026655268570609292,0.45539033457249073,-2.1283338913605454
dir|credit_spread|signal=vix_spike|tgt=0.2|sl=0.2|days=all,directional,282,149,0.009707634809950598,0.02735916013336359,0.0499230199596532,0.042187702400399596,0.10297701104389034,0.40425531914893614,-3.1722376772021574
dir|credit_spread|signal=vix_spike|tgt=0.2|sl=0.2|days=nonexpiry,directional,265,145,0.010016442970493712,0.02735533039350968,0.04999633679953808,0.032289838610912946,0.10557254956065432,0.41132075471698115,-3.1560744531739435
dir|futures|signal=open_direction|tgt=0.5|sl=0.3,futures,2558,1479,0.050483623545437374,0.02727607623670636,0.0493759917058737,0.03520241744660835,0.036811187679293145,0.42885066458170445,-0.3447615324472659
theta|condor2_7|entry=15|legsl=None|tgt=None|sl=None|days=all|vix=None,theta,2141,1290,0.004903157587141859,0.027097177275718698,0.04966632654002834,0.007353412784503632,0.05536213044554572,0.5184493227463802,-2.3881091695675947
theta|condor2_7|entry=15|legsl=None|tgt=None|sl=None|days=nonexpiry|vix=None,theta,2141,1290,0.004903157587141859,0.027097177275718698,0.04966632654002834,0.007353412784503632,0.05536213044554572,0.5184493227463802,-2.3881091695675947
dir|buy_atm|signal=orb|tgt=0.5|sl=0.3|days=all,directional,2518,1458,0.0047139809604313365,0.027069282185139043,0.0246714011326008,0.04722922676752139,0.0344535147448336,0.4197776012708499,-2.610078637782215
"theta|condor1_5|entry=5|legsl=0.25|tgt=None|sl=None|days=dte2|vix=(-3.0, 3.0)",theta,593,279,0.0029467186940458764,0.026831859645953138,0.05029838848473056,0.010489860910866566,0.06175940611740982,0.4671163575042159,-4.5635665694429965
"theta|straddle|entry=5|legsl=0.25|tgt=None|sl=None|days=dte2|vix=(-3.0, 3.0)",theta,849,399,0.10715875284759761,0.026788460299484562,0.049928911395843656,0.024509374728689304,0.0390220053380107,0.45700824499411075,-1.2657581899809212
dir|futures|signal=vix_spike|tgt=1.0|sl=0.5,futures,307,163,0.09336715584811445,0.026781851578499882,0.05219730494128272,0.037489119381440617,0.034893009569147204,0.4169381107491857,-4.19592833876219
dir|buy_atm|signal=orb_reversal|tgt=None|sl=None|days=nonexpiry,directional,2140,1289,0.0026967741772087024,0.026679527305917494,0.017879817306992396,0.02460765623544292,0.02138665026018194,0.4014018691588785,-4.502987917543571
"theta|condor2_7|entry=105|legsl=0.4|tgt=None|sl=None|days=all|vix=(-3.0, 3.0)",theta,1430,872,0.009441627186517558,0.026669833862289716,0.026871307985136816,0.06774321153280005,0.04769641506264655,0.5097902097902098,0.625597628759796
"theta|condor2_7|entry=105|legsl=0.4|tgt=None|sl=None|days=nonexpiry|vix=(-3.0, 3.0)",theta,1430,872,0.009441627186517558,0.026669833862289716,0.026871307985136816,0.06774321153280005,0.04769641506264655,0.5097902097902098,0.625597628759796
dir|futures|signal=momentum_1m|tgt=0.5|sl=0.3,futures,1853,1082,0.09350677768366014,0.026668354211892398,0.05188579402719673,0.046719780316774706,0.03984711475492253,0.4322719913653535,1.4280086346465217
"theta|condor1_5|entry=5|legsl=0.4|tgt=0.5|sl=1.0|days=nonexpiry|vix=(-3.0, 3.0)",theta,1491,916,0.004569293588591559,0.026634478509292903,0.04434047974525057,0.06123898122198845,0.03516466795349571,0.4902749832327297,-1.1020930141427663
"theta|condor1_5|entry=5|legsl=0.4|tgt=0.5|sl=1.0|days=all|vix=(-3.0, 3.0)",theta,1503,916,0.004569293588591559,0.026634478509292903,0.04434047974525057,0.06333886722241178,0.03531916758031017,0.49434464404524286,-0.8538840985518259
"theta|straddle|entry=5|legsl=None|tgt=None|sl=None|days=all|vix=(-3.0, 3.0)",theta,1759,1036,0.03817586191944948,0.026510384855998437,0.04966008769357655,0.037529110225593465,0.009673208685922696,0.5508811824900511,2.167335529660826
"theta|straddle|entry=5|legsl=0.25|tgt=0.5|sl=1.0|days=dte2|vix=(-3.0, 3.0)",theta,849,399,0.1071320802023252,0.026437158401016125,0.04992832788322987,0.023167742574510042,0.03900080228278058,0.45700824499411075,-1.4755747889180648
dir|buy_atm|signal=rsi_momentum|tgt=0.5|sl=0.3|days=all,directional,2503,1454,0.005459011774482807,0.026256622750278957,0.05032134871438321,0.06583393064792453,0.07228378702704441,0.4170994806232521,-2.9457802091912177
"theta|condor2_7|entry=105|legsl=0.4|tgt=0.5|sl=1.0|days=all|vix=(-3.0, 3.0)",theta,1430,872,0.009255491943071396,0.02612772561715815,0.026300241523390833,0.0682976358162013,0.048077691316395166,0.5132867132867133,0.7551192606181615
"theta|condor2_7|entry=105|legsl=0.4|tgt=0.5|sl=1.0|days=nonexpiry|vix=(-3.0, 3.0)",theta,1430,872,0.009255491943071396,0.02612772561715815,0.026300241523390833,0.0682976358162013,0.048077691316395166,0.5132867132867133,0.7551192606181615
theta|condor1_5|entry=5|legsl=0.4|tgt=0.5|sl=1.0|days=all|vix=None,theta,2153,1290,0.002173567688191944,0.026077754054433466,0.049741244844420995,0.039492935633885784,0.027117999597690567,0.49372967951695307,-1.006511581126635
theta|condor1_5|entry=5|legsl=0.4|tgt=0.5|sl=1.0|days=nonexpiry|vix=None,theta,2141,1290,0.002173567688191944,0.026077754054433466,0.049741244844420995,0.03847377646865002,0.027117999597690567,0.4908921064922933,-1.1802206063190634
"theta|butterfly4|entry=105|legsl=None|tgt=None|sl=None|days=all|vix=(-3.0, 3.0)",theta,1476,872,0.0045504010937385455,0.026075374357912073,0.049489397106845634,-0.030161784958293913,0.235970180176984,0.3943089430894309,-7.836276409078017
"theta|butterfly4|entry=105|legsl=None|tgt=None|sl=None|days=nonexpiry|vix=(-3.0, 3.0)",theta,1430,872,0.0045504010937385455,0.026075374357912073,0.049489397106845634,0.043248928426720123,0.048914274787072665,0.4048951048951049,-6.378321740198386
dir|buy_atm|signal=day_high_low_break|tgt=None|sl=None|days=nonexpiry,directional,1914,1160,0.005356366447209995,0.025962565133015758,0.02976912665303133,0.028488022350018127,0.051069897869300496,0.42371995820271685,-0.5251759928620597
dir|buy_atm|signal=rsi_reversal|tgt=None|sl=None|days=nonexpiry,directional,2118,1278,0.0022354773438691003,0.02590133785326665,0.013791997710570936,0.022970524075705656,0.014311046704354569,0.3970727101038716,-4.435176055924413
theta|straddle|entry=15|legsl=0.5|tgt=None|sl=None|days=dte2|vix=None,theta,1094,510,0.06980001699648483,0.0258889474823909,0.049702981367094945,-0.0045138209849864275,0.06818163487142204,0.5027422303473492,-5.776536679343792
"theta|condor2_7|entry=5|legsl=0.5|tgt=0.5|sl=1.0|days=nonexpiry|vix=(-3.0, 3.0)",theta,1490,915,0.006308058922006368,0.0257876069176477,0.04994816661911916,0.04670665817735031,0.015353019707795235,0.5026845637583892,0.6738422588686205
"theta|condor2_7|entry=5|legsl=0.5|tgt=0.5|sl=1.0|days=all|vix=(-3.0, 3.0)",theta,1490,915,0.006308058922006368,0.0257876069176477,0.04994816661911916,0.04670665817735031,0.015353019707795235,0.5026845637583892,0.6738422588686205
dir|futures|signal=orb|tgt=None|sl=None,futures,2556,1477,0.019529096591818708,0.02572348464407037,0.04209025272525502,0.03946618781102784,0.015298042781772825,0.49921752738654146,-2.035661189358369
"theta|butterfly4|entry=105|legsl=None|tgt=0.5|sl=1.0|days=all|vix=(-3.0, 3.0)",theta,1476,872,0.0045504010937385455,0.025646053196102914,0.049489397106845634,0.045894575681348915,0.05002107106475728,0.41937669376693765,-5.639468674297498
"theta|butterfly4|entry=105|legsl=None|tgt=0.5|sl=1.0|days=nonexpiry|vix=(-3.0, 3.0)",theta,1430,872,0.0045504010937385455,0.025646053196102914,0.049489397106845634,0.042694809580146265,0.04891896920683836,0.4048951048951049,-6.402492338847031
dir|buy_otm1|signal=vix_spike|tgt=0.2|sl=0.2|days=all,directional,289,158,0.03365306594078256,0.025548087650260953,0.049597682020304346,0.004354427568663333,0.05880611277008363,0.4913494809688581,-3.3688641031390647
theta|condor1_5|entry=105|legsl=None|tgt=None|sl=None|days=dte2|vix=None,theta,760,358,0.01117814344682808,0.025355727427968766,0.04994692460713712,-0.0025192202627672966,0.09806353010915847,0.46710526315789475,-5.631109060415311
dir|futures|signal=ema9_21|tgt=1.0|sl=0.5,futures,2360,1381,0.04961080472088155,0.025306422215440216,0.049858962581712185,0.03721360260369733,0.026822022660714318,0.46567796610169493,0.40514830508475214
"theta|straddle|entry=15|legsl=0.5|tgt=None|sl=None|days=dte2|vix=(-3.0, 3.0)",theta,834,389,0.08878244243484995,0.02527726397429242,0.04964694754200938,-0.0006583915388685968,0.06339343081780635,0.5011990407673861,-5.983331228119009
dir|futures|signal=rsi_momentum|tgt=0.5|sl=0.3,futures,2533,1465,0.03941070062584143,0.02527481003432719,0.04916180201219722,0.03742349120351296,0.019341214794268757,0.4243979470983024,-0.529036715357295
dir|credit_spread|signal=bb_breakout|tgt=0.5|sl=0.3|days=nonexpiry,directional,2105,1274,0.006124330249547405,0.02522627249714504,0.04152385938117187,0.03693603577518734,0.029912377514614175,0.43942992874109266,-0.8664177088748813
theta|condor2_7|entry=15|legsl=None|tgt=0.5|sl=1.0|days=all|vix=None,theta,2141,1290,0.005052482172228171,0.025150023626583806,0.049809047777033544,0.013108532206945522,0.036794812835085455,0.5193834656702475,-2.05834902001062
theta|condor2_7|entry=15|legsl=None|tgt=0.5|sl=1.0|days=nonexpiry|vix=None,theta,2141,1290,0.005052482172228171,0.025150023626583806,0.049809047777033544,0.013108532206945522,0.036794812835085455,0.5193834656702475,-2.05834902001062
dir|credit_spread|signal=day_high_low_break|tgt=0.5|sl=0.3|days=all,directional,2094,1205,0.006440895260295646,0.024986759256948377,0.04999850153164209,-0.0017042889202384393,0.12812229707651812,0.44412607449856734,-0.6266093319944804
dir|buy_otm1|signal=vix_spike|tgt=0.5|sl=0.3|days=nonexpiry,directional,265,145,0.011124221909455423,0.024985570840742488,0.030417055118880598,0.022003691237505674,0.02736684115371002,0.35471698113207545,-4.842501244455014
theta|condor2_7|entry=105|legsl=0.4|tgt=0.5|sl=1.0|days=all|vix=None,theta,2140,1289,0.006289542703385908,0.024941533804736293,0.049841358823322524,0.05549561415804849,0.029987195358536223,0.5158878504672897,0.6320380991417891
theta|condor2_7|entry=105|legsl=0.4|tgt=0.5|sl=1.0|days=nonexpiry|vix=None,theta,2140,1289,0.006289542703385908,0.024941533804736293,0.049841358823322524,0.05549561415804849,0.029987195358536223,0.5158878504672897,0.6320380991417891
dir|buy_atm|signal=gap_fade|tgt=0.5|sl=0.3|days=nonexpiry,directional,533,340,0.012671883097195705,0.02491881959394493,0.05006210928566257,0.03519750111734066,0.032623666993096045,0.3977485928705441,-5.008808953533924
theta|condor1_5|entry=105|legsl=None|tgt=0.5|sl=1.0|days=dte2|vix=None,theta,760,358,0.011521250473088008,0.024861397461149792,0.04996137465431405,0.03048736196204138,0.07338406671146702,0.48026315789473684,-3.870011783181837
"theta|straddle|entry=15|legsl=0.5|tgt=0.5|sl=1.0|days=dte2|vix=(-3.0, 3.0)",theta,834,389,0.08770433846568741,0.024841699166732845,0.049565113698837426,-0.002719416885899606,0.06326973655764279,0.5011990407673861,-6.45308265102167
theta|straddle|entry=15|legsl=None|tgt=None|sl=None|days=nonexpiry|vix=None,theta,2142,1291,0.04376633264509031,0.02481018255908385,0.049998803359782906,0.034682253087348736,0.017629874933543843,0.5326797385620915,1.9829107669176727
dir|debit_spread|signal=bb_fade|tgt=None|sl=None|days=all,directional,2392,1378,0.0028169053627374644,0.024604459957628055,0.042752796674567994,0.10867737490962193,0.037842696083411065,0.423494983277592,-1.572112120607475
theta|straddle|entry=15|legsl=0.4|tgt=None|sl=None|days=dte2|vix=None,theta,1094,510,0.07315199326005983,0.024496525574715156,0.049764429290358736,-0.006326119230405269,0.06329132291927875,0.49817184643510054,-5.799412287557372
dir|futures|signal=vix_spike|tgt=0.5|sl=0.3,futures,307,163,0.1404718571530983,0.024395645325595794,0.051717519863848205,0.03969767160152915,0.030723950626128205,0.4006514657980456,-2.237785016286621
theta|condor1_5|entry=5|legsl=0.25|tgt=0.5|sl=1.0|days=dte2|vix=None,theta,762,358,0.0037720542984433737,0.024342176390163894,0.049998616775796534,0.01888692823504834,0.04414252789574702,0.49081364829396323,-4.1680660151973035
theta|straddle|entry=15|legsl=0.5|tgt=0.5|sl=1.0|days=dte2|vix=None,theta,1094,510,0.069899909282853,0.02427690562649998,0.049881664697370987,-0.007832986710380907,0.0692591522149879,0.5027422303473492,-6.467615216188242
"theta|condor2_7|entry=15|legsl=None|tgt=None|sl=None|days=all|vix=(-3.0, 3.0)",theta,1485,923,0.009213613444069567,0.024059905464892894,0.03815201818738423,0.02000381087959946,0.05869104525882973,0.5461279461279461,-1.2649018500202434
"theta|condor2_7|entry=15|legsl=None|tgt=None|sl=None|days=nonexpiry|vix=(-3.0, 3.0)",theta,1485,923,0.009213613444069567,0.024059905464892894,0.03815201818738423,0.02000381087959946,0.05869104525882973,0.5461279461279461,-1.2649018500202434
dir|buy_otm1|signal=vix_spike|tgt=None|sl=None|days=all,directional,289,158,0.011286647065742868,0.024045000103660952,0.04746682610996422,0.02984964314398053,0.06373631727801143,0.38408304498269896,-6.5471264556039985
dir|buy_atm|signal=momentum_1m|tgt=None|sl=None|days=nonexpiry,directional,1545,943,0.002658254129183268,0.023870826399751355,0.04979646036746854,0.02735865271341331,0.01805442002743729,0.3889967637540453,-6.296262378279059
dir|buy_atm|signal=bb_breakout|tgt=None|sl=None|days=nonexpiry,directional,2105,1274,0.005036545605029634,0.023765191634520733,0.04825046392575616,0.009921589600278669,0.06698103335090333,0.40570071258907364,-1.5688744237904313
dir|buy_otm1|signal=open_direction|tgt=0.5|sl=0.3|days=all,directional,2468,1435,0.0032675826148093976,0.023750132720834705,0.024497094388376328,0.04784797546337982,0.01611650801131692,0.41693679092382496,-3.709867223526322
theta|condor2_7|entry=5|legsl=0.25|tgt=None|sl=None|days=dte2|vix=None,theta,749,357,0.0075937281844593784,0.023747954111190905,0.05000406162424886,0.05008354935842152,0.043756171581935344,0.45927903871829107,-3.6197511447131334
dir|buy_atm|signal=gap_follow|tgt=0.2|sl=0.2|days=nonexpiry,directional,533,340,0.00941158431506276,0.02370758855329158,0.049279930078805156,0.04122554573112702,0.012682817510603406,0.49530956848030017,-3.998628650114192
dir|futures|signal=open_direction|tgt=None|sl=None,futures,2558,1479,0.01770770133072777,0.023707350794430315,0.030919318555100328,0.03542532016867872,0.011035387588297585,0.4910086004691165,-3.615265832681829
"theta|condor2_7|entry=15|legsl=None|tgt=0.5|sl=1.0|days=nonexpiry|vix=(-3.0, 3.0)",theta,1485,923,0.009273383323074811,0.023674944927711605,0.0385047604971378,0.02625036172824924,0.036098007268230425,0.5468013468013468,-1.1324059571764284
"theta|condor2_7|entry=15|legsl=None|tgt=0.5|sl=1.0|days=all|vix=(-3.0, 3.0)",theta,1485,923,0.009273383323074811,0.023674944927711605,0.0385047604971378,0.02625036172824924,0.036098007268230425,0.5468013468013468,-1.1324059571764284
"theta|straddle|entry=15|legsl=None|tgt=0.5|sl=1.0|days=dte2|vix=(-3.0, 3.0)",theta,834,389,0.08279626081189319,0.02354577273638858,0.04995648309546763,-0.0045477093926400425,0.11459555693256962,0.5599520383693045,-6.445279901925322
theta|condor2_7|entry=105|legsl=0.4|tgt=None|sl=None|days=nonexpiry|vix=None,theta,2140,1289,0.006301909867011477,0.023239800103045383,0.049751550179863435,0.052551075403490355,0.02796259456550898,0.5112149532710281,0.33244782264550815
theta|condor2_7|entry=105|legsl=0.4|tgt=None|sl=None|days=all|vix=None,theta,2140,1289,0.006301909867011477,0.023239800103045383,0.049751550179863435,0.052551075403490355,0.02796259456550898,0.5112149532710281,0.33244782264550815
"theta|condor2_7|entry=5|legsl=0.25|tgt=None|sl=None|days=nonexpiry|vix=(-3.0, 3.0)",theta,1490,915,0.005238851309483566,0.02307496488411287,0.0499737117031821,0.024809360938365277,0.030211625056798308,0.4671140939597315,-1.5229231280070237
"theta|condor2_7|entry=5|legsl=0.25|tgt=None|sl=None|days=all|vix=(-3.0, 3.0)",theta,1490,915,0.005238851309483566,0.02307496488411287,0.0499737117031821,0.024809360938365277,0.030211625056798308,0.4671140939597315,-1.5229231280070237
theta|straddle|entry=15|legsl=0.4|tgt=0.5|sl=1.0|days=dte2|vix=None,theta,1094,510,0.07359629340196633,0.02296050891072876,0.05018702971016853,-0.00816622843553938,0.06389030643913984,0.49817184643510054,-6.199085194814801
theta|condor1_5|entry=5|legsl=0.25|tgt=None|sl=None|days=dte2|vix=None,theta,762,358,0.00289943723749865,0.022849066594287315,0.05035068348187477,0.02614618014384562,0.07226367377462539,0.458005249343832,-3.84423331365631
dir|buy_otm1|signal=rsi_reversal|tgt=None|sl=None|days=nonexpiry,directional,2118,1278,0.0019185212358949683,0.022489710603573743,0.01709020923777227,0.02436805668143971,0.013398368871546218,0.34985835694050993,-4.819587704070455
"theta|condor2_7|entry=105|legsl=0.5|tgt=0.5|sl=1.0|days=nonexpiry|vix=(-3.0, 3.0)",theta,1430,872,0.009094956793983321,0.022474422032551233,0.023008713225716404,0.06686494616022465,0.0478849190601508,0.5111888111888112,0.41104905655695784
"theta|condor2_7|entry=105|legsl=0.5|tgt=0.5|sl=1.0|days=all|vix=(-3.0, 3.0)",theta,1430,872,0.009094956793983321,0.022474422032551233,0.023008713225716404,0.06686494616022465,0.0478849190601508,0.5111888111888112,0.41104905655695784
theta|straddle|entry=5|legsl=0.25|tgt=None|sl=None|days=dte2|vix=None,theta,1095,511,0.10198852743088946,0.02246493502280633,0.05046381154714108,0.0312965008700028,0.04752139265697486,0.4593607305936073,-0.2906843892667957
"theta|condor1_5|entry=15|legsl=0.25|tgt=None|sl=None|days=nonexpiry|vix=(-3.0, 3.0)",theta,1486,924,0.0026919605020752193,0.02244903035228507,0.050006017164268335,0.04524163170898121,0.03871413004434954,0.4798115746971736,-0.631503454028118
"theta|condor1_5|entry=15|legsl=0.25|tgt=None|sl=None|days=all|vix=(-3.0, 3.0)",theta,1494,924,0.0026919605020752193,0.02244903035228507,0.050006017164268335,0.045456778447082735,0.03911295545287474,0.4819277108433735,-0.5638531230380919
"theta|condor2_7|entry=5|legsl=0.25|tgt=0.5|sl=1.0|days=nonexpiry|vix=(-3.0, 3.0)",theta,1490,915,0.005644207918587032,0.022398053252539407,0.027817336109976165,0.020623394066604517,0.02592383592909786,0.47651006711409394,-1.6047304126131667
"theta|condor2_7|entry=5|legsl=0.25|tgt=0.5|sl=1.0|days=all|vix=(-3.0, 3.0)",theta,1490,915,0.005644207918587032,0.022398053252539407,0.027817336109976165,0.020623394066604517,0.02592383592909786,0.47651006711409394,-1.6047304126131667
dir|buy_otm1|signal=vix_spike|tgt=None|sl=None|days=nonexpiry,directional,265,145,0.01094543622252659,0.022390206298329662,0.05011956033616605,0.0405995751357453,0.053597860965193034,0.3886792452830189,-4.57442206688647
dir|futures|signal=bb_fade|tgt=0.5|sl=0.3,futures,2511,1462,0.02606735609576778,0.022365684157521493,0.01766743484974831,0.03490429650972948,0.005886548960255422,0.4209478295499801,-2.4915969733174146
theta|condor1_5|entry=105|legsl=0.5|tgt=0.5|sl=1.0|days=all|vix=None,theta,2152,1291,0.0028185545835049544,0.022194039352048778,0.04982928203765569,0.04963260837615291,0.021843796203024013,0.4646840148698885,-1.253865259420972
theta|condor1_5|entry=105|legsl=0.5|tgt=0.5|sl=1.0|days=nonexpiry|vix=None,theta,2142,1291,0.0028185545835049544,0.022194039352048778,0.04982928203765569,0.04786182390804483,0.021843796203024013,0.46218487394957986,-1.464112564410294
theta|condor2_7|entry=105|legsl=0.5|tgt=0.5|sl=1.0|days=nonexpiry|vix=None,theta,2140,1289,0.005900811216951889,0.022174231287945823,0.05033845226900324,0.045281427716785894,0.033528081589776715,0.5135514018691589,0.30631918798939034
theta|condor2_7|entry=105|legsl=0.5|tgt=0.5|sl=1.0|days=all|vix=None,theta,2140,1289,0.005900811216951889,0.022174231287945823,0.05033845226900324,0.045281427716785894,0.033528081589776715,0.5135514018691589,0.30631918798939034
theta|straddle|entry=5|legsl=0.25|tgt=0.5|sl=1.0|days=dte2|vix=None,theta,1095,511,0.10201133699639603,0.02212454963978061,0.05051365786133588,0.025723730351007834,0.047540660022776016,0.4593607305936073,-0.9385362538507563
"theta|condor1_5|entry=15|legsl=0.5|tgt=0.5|sl=1.0|days=nonexpiry|vix=(-3.0, 3.0)",theta,1486,924,0.003893278880075014,0.022076209182970707,0.049958035190290184,0.06604082148065515,0.03519267221663136,0.509421265141319,-0.5729975132995958
"theta|condor1_5|entry=15|legsl=0.5|tgt=0.5|sl=1.0|days=all|vix=(-3.0, 3.0)",theta,1494,924,0.003893278880075014,0.022076209182970707,0.049958035190290184,0.06680381254926626,0.03519267221663136,0.5120481927710844,-0.45444546072127306
dir|futures|signal=linreg_slope|tgt=0.5|sl=0.3,futures,2557,1478,0.05572543258182722,0.02203265931242293,0.049405218489786296,0.035903087821808066,0.017889137865327642,0.4337113805240516,-0.08985138834572902
"theta|straddle|entry=15|legsl=0.4|tgt=None|sl=None|days=dte2|vix=(-3.0, 3.0)",theta,834,389,0.0870316718098367,0.021973256896790083,0.04966712214752933,-6.996015601257177e-05,0.06145063666476125,0.5035971223021583,-6.198526515808832
dir|credit_spread|signal=linreg_slope|tgt=0.5|sl=0.3|days=all,directional,2364,1358,0.004441114064880403,0.02187044336731314,0.050002682090921846,0.02314612222446799,0.05360161187552315,0.43908629441624364,-0.8604027680339145
"theta|butterfly6|entry=105|legsl=None|tgt=None|sl=None|days=all|vix=(-3.0, 3.0)",theta,1429,871,0.00938605764899446,0.021865928682632152,0.04692683035543044,0.05207789578071642,0.0477616815988835,0.4471658502449265,-4.094515666540391
"theta|butterfly6|entry=105|legsl=None|tgt=None|sl=None|days=nonexpiry|vix=(-3.0, 3.0)",theta,1429,871,0.00938605764899446,0.021865928682632152,0.04692683035543044,0.05207789578071642,0.0477616815988835,0.4471658502449265,-4.094515666540391
dir|futures|signal=linreg_slope|tgt=None|sl=None,futures,2557,1478,0.031024158518641386,0.021853724071834613,0.04962390269725048,0.04001715229142522,0.01592013461081876,0.49354712553773955,-0.9841220179898473
dir|futures|signal=ema9_21|tgt=None|sl=None,futures,2360,1381,0.04539341935123922,0.021747311014598703,0.04997745554000399,0.029876130146239355,0.03780104943889595,0.48898305084745763,-0.732669491525413
dir|buy_atm|signal=vix_spike|tgt=0.2|sl=0.2|days=nonexpiry,directional,265,145,0.024658692198645287,0.02155639407084764,0.04937418361872514,0.008352604366757888,0.048503304509393,0.44528301886792454,-5.004461490703079
"theta|straddle|entry=15|legsl=0.4|tgt=0.5|sl=1.0|days=dte2|vix=(-3.0, 3.0)",theta,834,389,0.08697744579967072,0.02154598198839408,0.04964707483362052,-0.0009415134599310981,0.06139904263623008,0.5035971223021583,-6.405938211936397
dir|credit_spread|signal=momentum_1m|tgt=0.2|sl=0.2|days=all,directional,1686,983,0.006707709775889036,0.02145443003819647,0.050016484644800574,0.05842613703646715,0.07511306215647207,0.49347568208778175,-0.9048062729957478
"theta|condor2_7|entry=105|legsl=0.5|tgt=None|sl=None|days=all|vix=(-3.0, 3.0)",theta,1430,872,0.009258422234628234,0.021439730659784884,0.024192796169753894,0.06624895363936822,0.047685329621727224,0.509090909090909,0.32880334231715064
"theta|condor2_7|entry=105|legsl=0.5|tgt=None|sl=None|days=nonexpiry|vix=(-3.0, 3.0)",theta,1430,872,0.009258422234628234,0.021439730659784884,0.024192796169753894,0.06624895363936822,0.047685329621727224,0.509090909090909,0.32880334231715064
"theta|straddle|entry=15|legsl=None|tgt=0.5|sl=1.0|days=all|vix=(-3.0, 3.0)",theta,1754,1039,0.04897371308367449,0.021434522989925542,0.05000820186405819,0.009723365425044594,0.06005119935687786,0.548460661345496,-2.050681089088066
dir|buy_atm|signal=orb_reversal|tgt=0.2|sl=0.2|days=all,directional,2520,1459,0.003506257281719905,0.021392903919329465,0.017108671384566065,0.035647413621796575,0.017366589794522214,0.5234126984126984,-1.617985489551392
"theta|butterfly6|entry=105|legsl=None|tgt=0.5|sl=1.0|days=all|vix=(-3.0, 3.0)",theta,1429,871,0.00938605764899446,0.021344110798783955,0.04692683035543044,0.05169201325757311,0.04782646453986805,0.4471658502449265,-4.1664503199325065
"theta|butterfly6|entry=105|legsl=None|tgt=0.5|sl=1.0|days=nonexpiry|vix=(-3.0, 3.0)",theta,1429,871,0.00938605764899446,0.021344110798783955,0.04692683035543044,0.05169201325757311,0.04782646453986805,0.4471658502449265,-4.1664503199325065
dir|debit_spread|signal=bb_breakout|tgt=None|sl=None|days=nonexpiry,directional,2105,1274,0.0025686766860228936,0.021281826227142142,0.05123506849403392,0.04429829888033998,0.02793055250906029,0.39144893111638956,-2.3905146182868937
dir|buy_otm1|signal=vix_spike|tgt=0.2|sl=0.2|days=nonexpiry,directional,265,145,0.03168717896913909,0.02125881786973327,0.0482192898122753,0.00027108395155606146,0.07147132918624266,0.4679245283018868,-4.041276377983813
dir|debit_spread|signal=gap_fade|tgt=0.5|sl=0.3|days=nonexpiry,directional,533,340,0.001878333033355097,0.02120926056707373,0.04953488088511937,0.033038848746531624,0.02782747548989284,0.399624765478424,-4.250648375130057
theta|straddle|entry=15|legsl=None|tgt=0.5|sl=1.0|days=dte2|vix=None,theta,1094,510,0.056437301325344726,0.02118879745662494,0.050315218220441715,-0.0024577971503715323,0.09856324300808195,0.553016453382084,-6.611159000239817
dir|buy_atm|signal=last_hour_rejection|tgt=0.2|sl=0.2|days=nonexpiry,directional,1096,701,0.002779565918289122,0.02111171818911517,0.005062014250175828,0.02750588901979767,0.0027062690673264056,0.3531021897810219,-4.438666123995816
dir|debit_spread|signal=vix_spike|tgt=0.5|sl=0.3|days=nonexpiry,directional,265,145,0.004816416437418952,0.021048125944731266,0.05000029517326077,0.029193381249939643,0.011823583177972607,0.36981132075471695,-6.172497723417462
dir|buy_otm1|signal=last_hour_rejection|tgt=0.2|sl=0.2|days=nonexpiry,directional,1096,701,0.0022057187285815616,0.02103594551322363,0.00412233898603942,0.029390703895600945,0.0015659738000113332,0.3521897810218978,-3.7778762454534096
"theta|condor1_5|entry=5|legsl=0.5|tgt=0.5|sl=1.0|days=nonexpiry|vix=(-3.0, 3.0)",theta,1491,916,0.005023035224646085,0.020992849774929878,0.04302496864324501,0.07471074529185251,0.053022637782256354,0.4875922199865862,-1.2465961478426268
"theta|condor1_5|entry=5|legsl=0.5|tgt=0.5|sl=1.0|days=all|vix=(-3.0, 3.0)",theta,1503,916,0.005023035224646085,0.020992849774929878,0.04302496864324501,0.07701688709684706,0.05375967382822844,0.4916833000665336,-1.0037691061324867
dir|buy_atm|signal=last_hour_rejection|tgt=None|sl=None|days=nonexpiry,directional,1096,701,0.002611870472174159,0.0208880778393703,0.006301565641767204,0.026495037811200328,0.004699538097938438,0.33485401459854014,-4.714254507096144
dir|buy_atm|signal=rsi_reversal|tgt=0.2|sl=0.2|days=all,directional,2490,1441,0.002591559977869586,0.020870877225358297,0.008520860110392436,0.03594067779685295,0.006920781543244048,0.5196787148594377,-2.0034462893930787
dir|buy_atm|signal=open_direction|tgt=None|sl=None|days=nonexpiry,directional,2142,1291,0.004273515480499498,0.02084565616423406,0.05004812960724736,0.012294885766956476,0.06356644171676107,0.39355742296918766,-5.87551858093447
dir|debit_spread|signal=vix_spike|tgt=0.5|sl=0.3|days=all,directional,286,156,0.004816436169586114,0.020742175562580734,0.05000029128317507,0.029534201399617155,0.009893392997767592,0.38461538461538464,-5.418619850998993
dir|buy_atm|signal=rsi_reversal|tgt=0.5|sl=0.3|days=nonexpiry,directional,2118,1278,0.00220351990769817,0.02063132215631769,0.008627794973022906,0.02613367855519777,0.007508744959227265,0.39329556185080267,-3.7151556916097297
dir|credit_spread|signal=rsi_reversal|tgt=0.5|sl=0.3|days=all,directional,2347,1345,0.004859121478387101,0.020626513937665125,0.049970901652709565,0.042716972095994565,0.07398774552086762,0.4490839369407755,-0.6498980889421451
theta|condor2_7|entry=5|legsl=None|tgt=0.5|sl=1.0|days=nonexpiry|vix=None,theta,2141,1290,0.0046247607830998145,0.020612734140593503,0.05017147787857079,0.004138689799685347,0.061815194953993235,0.5053713218122373,-2.1636916254316043
theta|condor2_7|entry=5|legsl=None|tgt=0.5|sl=1.0|days=all|vix=None,theta,2141,1290,0.0046247607830998145,0.020612734140593503,0.05017147787857079,0.004138689799685347,0.061815194953993235,0.5053713218122373,-2.1636916254316043
longvol|long_straddle|signal=orb|tgt=None|sl=None|days=expiry,longvol,342,151,0.0031312669756061854,0.020514466607682635,0.028438806353862978,0.016598731397852617,0.005404925463530441,0.260233918128655,-29.775077622447444
dir|buy_otm1|signal=last_hour_rejection|tgt=0.5|sl=0.3|days=nonexpiry,directional,1096,701,0.002152349902651774,0.020468944877088502,0.007306810809386333,0.028085983827135452,0.0025599302707928207,0.3302919708029197,-4.1561876985800525
dir|futures|signal=stochastic|tgt=None|sl=None,futures,2537,1464,0.01561651392085313,0.02041546573294939,0.02963052370149577,0.03359800634321042,0.0055286262084052185,0.4690579424517146,-4.879286558927891
dir|buy_otm1|signal=last_hour_rejection|tgt=None|sl=None|days=nonexpiry,directional,1096,701,0.0023439535797850856,0.020390185849396003,0.0066670424100385706,0.027421475062142875,0.004243460718290293,0.33211678832116787,-4.003801178444911
dir|debit_spread|signal=gap_fade|tgt=0.5|sl=0.3|days=all,directional,585,358,0.0018408860188502277,0.020359675849292547,0.049566263944569755,0.0338440448493873,0.027578783339114676,0.40854700854700854,-3.922607272156283
dir|credit_spread|signal=gap_follow|tgt=0.2|sl=0.2|days=nonexpiry,directional,533,340,0.0038823516560787617,0.020330839384440136,0.048796950858553956,0.03054887477141066,0.015416658799316307,0.40150093808630394,-3.694905477527382
dir|debit_spread|signal=last_hour_rejection|tgt=None|sl=None|days=all,directional,1266,773,0.0029388172231392686,0.02028695317126794,0.028668747751042667,0.041656401444283286,0.022089555988225484,0.2796208530805687,-2.02736527831916
dir|buy_atm|signal=last_hour_rejection|tgt=0.2|sl=0.2|days=all,directional,1312,810,0.0016600101946849827,0.02020641570376136,0.004642575792915937,0.023703275652124933,0.002471502066141773,0.31402439024390244,-5.902274725509853
dir|buy_atm|signal=gap_fade|tgt=0.2|sl=0.2|days=nonexpiry,directional,533,340,0.022253725080325897,0.02014689372494849,0.05005547064133664,0.013953479114800382,0.07223689740245276,0.48405253283302063,-3.802804605509058
dir|buy_atm|signal=vix_spike|tgt=0.5|sl=0.3|days=nonexpiry,directional,265,145,0.0172256030389711,0.020121894985050126,0.0470514310074861,0.030550874043924203,0.038325299998142826,0.3849056603773585,-2.6533930384797864
dir|buy_otm1|signal=momentum_1m|tgt=0.2|sl=0.2|days=nonexpiry,directional,1545,943,0.0021204634935077043,0.020060705889505925,0.004980227024360739,0.026336468730185914,0.007408231302503454,0.4362459546925566,-4.245332719055966
dir|buy_atm|signal=bb_breakout|tgt=0.5|sl=0.3|days=nonexpiry,directional,2105,1274,0.0030533149157047895,0.02003272920452326,0.015492447388242181,0.018779956107280782,0.01875228282480823,0.3985748218527316,-1.8640776487155652
dir|credit_spread|signal=gap_follow|tgt=0.2|sl=0.2|days=all,directional,575,352,0.003802316615256893,0.020014854251575454,0.04899690579202787,0.03255158328516239,0.01506381531959744,0.4017391304347826,-3.6745323692487633
dir|buy_atm|signal=day_high_low_break|tgt=0.5|sl=0.3|days=nonexpiry,directional,1914,1160,0.004365623026749124,0.020002198285218764,0.020456445082204233,0.029589701513458744,0.015810273662532404,0.4158829676071055,-0.9043419037144261
dir|credit_spread|signal=gap_follow|tgt=None|sl=None|days=nonexpiry,directional,533,340,0.0004084773979761823,0.019964843830607704,0.052911304989147756,0.018333511274428504,0.024333755623731523,0.36585365853658536,-16.118970595967255
dir|credit_spread|signal=gap_follow|tgt=None|sl=None|days=all,directional,575,352,0.0003832666249374939,0.01995573984771526,0.052156476550958564,0.01913794750215403,0.02174378727524895,0.3634782608695652,-17.078731020058754
dir|buy_atm|signal=bb_fade|tgt=None|sl=None|days=all,directional,2489,1450,0.0015521674203202614,0.01992369473611899,0.04983174769898713,0.0033191727968000517,0.07099368033367481,0.32663720369626353,-14.212274375971708
dir|buy_atm|signal=ema9_21|tgt=0.5|sl=0.3|days=all,directional,2335,1369,0.0022069380956229756,0.019690592451681033,0.01465397114113598,0.03699248604988581,0.00974777586416442,0.3970021413276231,-3.9183481865455683
dir|buy_atm|signal=momentum_1m|tgt=0.2|sl=0.2|days=nonexpiry,directional,1545,943,0.0025577366305700846,0.01966941720661719,0.008106153352162915,0.022385785585615547,0.011508984103688724,0.4407766990291262,-5.431190656001514
dir|buy_otm1|signal=orb|tgt=0.5|sl=0.3|days=all,directional,2469,1425,0.0018770885041573386,0.01966198004597519,0.008509024319242053,0.041694803601955766,0.008065365533296731,0.402187120291616,-2.889009355693368
dir|buy_atm|signal=ema9_21|tgt=0.5|sl=0.3|days=nonexpiry,directional,1982,1207,0.0015437134525808525,0.019558504350955186,0.0057556103559015526,0.02823220006275773,0.005360380715454971,0.37891019172552975,-5.02756625353508
dir|buy_otm1|signal=ema9_21|tgt=0.5|sl=0.3|days=all,directional,2299,1345,0.001822157921934634,0.019475599644731334,0.008249985715744756,0.032379479078610274,0.00644067674510973,0.38408003479773817,-3.680784804770199
dir|buy_otm1|signal=orb_reversal|tgt=0.2|sl=0.2|days=all,directional,2476,1434,0.0018366619569947667,0.01947294274776401,0.006452180349792558,0.034085126987793535,0.0032073447613424344,0.497172859450727,-2.3352078886756216
dir|buy_otm1|signal=orb_reversal|tgt=None|sl=None|days=nonexpiry,directional,2140,1289,0.0028955129042945674,0.019315182490482474,0.04302976592832586,0.021623019934973398,0.022958270327881114,0.3542056074766355,-5.320433669232877
longvol|long_strangle2|signal=vix_spike|tgt=0.3|sl=0.3|days=all,longvol,277,151,0.0290391678356342,0.019273226886949324,0.049181089765312436,0.001151774637255798,0.06625979350323796,0.4043321299638989,-6.410191247248047
dir|buy_atm|signal=ema9_21|tgt=0.2|sl=0.2|days=all,directional,2335,1369,0.0015831391834046867,0.019080110683573404,0.007433966042145079,0.0358069218218362,0.0028446572951085214,0.4685224839400428,-3.3362288453753166
"theta|condor2_7|entry=105|legsl=0.25|tgt=None|sl=None|days=nonexpiry|vix=(-3.0, 3.0)",theta,1430,872,0.00917359137410834,0.019052412023051746,0.028398478032736763,0.057113429649525926,0.03677833422777055,0.48041958041958044,-0.45033386705730427
"theta|condor2_7|entry=105|legsl=0.25|tgt=None|sl=None|days=all|vix=(-3.0, 3.0)",theta,1430,872,0.00917359137410834,0.019052412023051746,0.028398478032736763,0.057113429649525926,0.03677833422777055,0.48041958041958044,-0.45033386705730427
dir|buy_otm1|signal=last_hour_rejection|tgt=0.2|sl=0.2|days=all,directional,1302,804,0.001523462858470636,0.019041788606819265,0.005556847749424554,0.023253782449564664,0.00214127856423596,0.3118279569892473,-5.206173118691657
theta|condor2_7|entry=105|legsl=0.25|tgt=None|sl=None|days=nonexpiry|vix=None,theta,2140,1289,0.0058997572768941025,0.018935634522853295,0.049769964983130244,0.04712374325703417,0.027300039466130688,0.4883177570093458,-0.28316010728233443
theta|condor2_7|entry=105|legsl=0.25|tgt=None|sl=None|days=all|vix=None,theta,2140,1289,0.0058997572768941025,0.018935634522853295,0.049769964983130244,0.04712374325703417,0.027300039466130688,0.4883177570093458,-0.28316010728233443
longvol|long_strangle2|signal=gap_follow|tgt=None|sl=None|days=all,longvol,569,350,0.00633601914829689,0.01892571205471949,0.04747979234921307,0.014592933451346157,0.02929427758345171,0.31282952548330406,-11.080849907075583
longvol|long_strangle2|signal=None|tgt=0.3|sl=0.3|days=expiry,longvol,277,81,0.004733508344069338,0.018850902065378428,0.04826762519929639,-0.029882993550294,0.12430448325200993,0.0,-60.431633850518985
dir|buy_otm1|signal=day_high_low_break|tgt=None|sl=None|days=nonexpiry,directional,1914,1160,0.0035027697450001278,0.018793875329634835,0.02540717122336389,0.022707723451011574,0.03958172590997311,0.390282131661442,-1.4600531096742444
dir|buy_atm|signal=linreg_slope|tgt=0.2|sl=0.2|days=all,directional,2527,1460,0.0019546588463810986,0.01875262479830564,0.0073634033844153235,0.01841762867919794,0.005198153112908055,0.46537396121883656,-3.1665441841743283
"theta|straddle|entry=105|legsl=0.25|tgt=None|sl=None|days=expiry|vix=(-3.0, 3.0)",theta,249,110,0.34688272618071464,0.018698562458678403,0.0630235990085003,0.06350207550577025,0.054559304203440906,0.5301204819277109,2.739780738956955
dir|buy_atm|signal=orb_reversal|tgt=0.5|sl=0.3|days=nonexpiry,directional,2140,1289,0.002533929701636438,0.01869316535562615,0.010286742296983231,0.02518328795142266,0.010331496492220427,0.397196261682243,-3.870848037434515
longvol|long_strangle2|signal=None|tgt=0.6|sl=0.4|days=expiry,longvol,277,81,0.0036526376848987005,0.01865428902369426,0.049101284427623404,-0.030555240384340654,0.12694797224629328,0.0,-79.15322059423914
dir|buy_otm1|signal=orb_reversal|tgt=0.5|sl=0.3|days=nonexpiry,directional,2140,1289,0.001269786429198674,0.01860170963992913,0.007071791927359072,0.0269563473006853,0.0034716739168469957,0.3598130841121495,-4.681092714104697
"theta|condor2_7|entry=5|legsl=None|tgt=0.5|sl=1.0|days=all|vix=(-3.0, 3.0)",theta,1490,915,0.005360377294405379,0.01859938631517455,0.020557311787146704,0.01893999349395714,0.0248485857012809,0.5181208053691275,-1.5261223537212854
"theta|condor2_7|entry=5|legsl=None|tgt=0.5|sl=1.0|days=nonexpiry|vix=(-3.0, 3.0)",theta,1490,915,0.005360377294405379,0.01859938631517455,0.020557311787146704,0.01893999349395714,0.0248485857012809,0.5181208053691275,-1.5261223537212854
dir|buy_atm|signal=day_high_low_break|tgt=0.2|sl=0.2|days=nonexpiry,directional,1914,1160,0.0025117333720790676,0.018450116702758423,0.005977774131996072,0.027174982064619657,0.004522695418360256,0.46238244514106586,-2.4332323100649083
dir|buy_otm1|signal=ema9_21|tgt=0.5|sl=0.3|days=nonexpiry,directional,1982,1207,0.0012113310069977266,0.018446346922544654,0.004702013226061785,0.026240830358718714,0.0030948342298001696,0.34510595358224017,-5.091368531920955
dir|futures|signal=macd|tgt=None|sl=None,futures,2558,1479,0.026919967755256718,0.018432237116555727,0.05026906033270773,0.020454994368247714,0.028487582102721065,0.46677091477716964,-4.174472243940568
dir|buy_otm1|signal=momentum_1m|tgt=None|sl=None|days=nonexpiry,directional,1545,943,0.002354376035017086,0.018421620865662014,0.05111892605047985,0.031674809686984995,0.010112333336395829,0.3546925566343042,-5.87434279736269
theta|strangle2|entry=105|legsl=0.5|tgt=None|sl=None|days=expiry|vix=None,theta,201,51,0.25984908872586304,0.018349680233428423,0.07705181983861487,0.16535447150871185,0.06427549466549176,0.6666666666666666,32.11429270620014
dir|buy_otm1|signal=rsi_reversal|tgt=0.5|sl=0.3|days=nonexpiry,directional,2118,1278,0.0012893383396924054,0.018255647102494388,0.0052429314627067125,0.027190125430951007,0.005158423820020852,0.3555240793201133,-4.278088380527226
"theta|condor2_7|entry=5|legsl=None|tgt=None|sl=None|days=all|vix=(-3.0, 3.0)",theta,1490,915,0.005496316157834855,0.01824999114637027,0.03262227645884763,0.017911192494813655,0.025133545650881106,0.5174496644295302,-1.760618334748701
"theta|condor2_7|entry=5|legsl=None|tgt=None|sl=None|days=nonexpiry|vix=(-3.0, 3.0)",theta,1490,915,0.005496316157834855,0.01824999114637027,0.03262227645884763,0.017911192494813655,0.025133545650881106,0.5174496644295302,-1.760618334748701
theta|straddle|entry=5|legsl=None|tgt=0.5|sl=1.0|days=nonexpiry|vix=None,theta,2142,1291,0.05098417018420447,0.01818387628103757,0.050056058825606264,0.03621563490079183,0.02250743853317938,0.5280112044817927,1.2638025166051172
"theta|straddle|entry=105|legsl=0.25|tgt=0.5|sl=1.0|days=expiry|vix=(-3.0, 3.0)",theta,249,110,0.3352872971852537,0.018134337991262628,0.06389361734174348,0.0512563048527126,0.05261983112175184,0.5301204819277109,0.2229732983179329
dir|buy_atm|signal=rsi_reversal|tgt=0.2|sl=0.2|days=nonexpiry,directional,2118,1278,0.0020285084471133863,0.018130234003496115,0.006128446069174509,0.02891650286602454,0.0034236386029437016,0.4740321057601511,-3.452576803183983
theta|straddle|entry=5|legsl=0.5|tgt=None|sl=None|days=all|vix=None,theta,2487,1444,0.051722437405682345,0.018050010559325314,0.050056100077428334,0.02136195377195116,0.041160272419056065,0.5082428628870125,0.2756353224176438
dir|buy_atm|signal=ema9_21|tgt=0.2|sl=0.2|days=nonexpiry,directional,1982,1207,0.0014501557321793701,0.018032983525692936,0.0029451999351225444,0.029882207011948436,0.002334273545697818,0.43592330978809285,-4.463275803239747
dir|buy_otm1|signal=gap_fade|tgt=0.2|sl=0.2|days=all,directional,598,366,0.011714402240918336,0.017960811200508298,0.050348544194835254,0.028610605813087053,0.04321687857089995,0.46153846153846156,-4.5400576648903535
dir|buy_atm|signal=stochastic|tgt=0.5|sl=0.3|days=nonexpiry,directional,2122,1276,0.0012767957860762892,0.017926138271963765,0.004371828053293614,0.02579883641492242,0.004239898447935375,0.37370405278039587,-5.617751254262394
theta|straddle|entry=5|legsl=None|tgt=0.5|sl=1.0|days=expiry|vix=None,theta,345,153,0.0318978737744542,0.017878714211904123,0.027762060085381846,0.007007431375180229,0.02190578086376227,0.37681159420289856,-48.59784056599934
dir|buy_atm|signal=macd|tgt=None|sl=None|days=all,directional,2522,1461,0.002673709180218375,0.01787862301631704,0.04991040253600654,0.104175285207746,0.07258164385789101,0.35051546391752575,-9.012301901957873
dir|debit_spread|signal=vix_spike|tgt=0.2|sl=0.2|days=nonexpiry,directional,265,145,0.005239860011207178,0.017841619013515775,0.04999743807722279,0.014826243283690088,0.02206818622747697,0.33584905660377357,-6.744051014882214
dir|buy_otm1|signal=ema9_21|tgt=0.2|sl=0.2|days=nonexpiry,directional,1982,1207,0.0012153017447907725,0.01779668604058937,0.002922515025090555,0.028983928095880795,0.0014753642236959852,0.4106962663975782,-4.23662618998923
dir|buy_otm1|signal=rsi_reversal|tgt=0.2|sl=0.2|days=all,directional,2443,1418,0.00165050218513129,0.017725268443302467,0.004279898948588046,0.03388676223218012,0.004154683033163131,0.4911993450675399,-2.5698456946445987
dir|buy_atm|signal=orb|tgt=0.2|sl=0.2|days=all,directional,2518,1458,0.002154218621077701,0.017667880978725403,0.009191492339969853,0.025807783657730843,0.0059665197688119065,0.48649722001588563,-3.5186386797279474
longvol|long_strangle2|signal=None|tgt=None|sl=None|days=expiry,longvol,277,81,0.0020371388691942027,0.017649469280309527,0.0516977752671236,-0.03172362463647682,0.13152779366112188,0.0,-144.754447749341
dir|buy_atm|signal=macd|tgt=0.5|sl=0.3|days=all,directional,2522,1461,0.002562356352159301,0.01752910631956306,0.01393159731696647,0.03507879959889526,0.014885461922451992,0.3929421094369548,-4.262675712806166
dir|buy_otm1|signal=rsi_reversal|tgt=0.2|sl=0.2|days=nonexpiry,directional,2118,1278,0.001307647291754931,0.01752632736207138,0.005493896830068512,0.028587689182088427,0.002949503504137807,0.4376770538243626,-3.7946553665877962
dir|buy_otm1|signal=linreg_slope|tgt=0.5|sl=0.3|days=all,directional,2486,1434,0.00133010578396254,0.0175206806513859,0.0062197584322490895,0.017718835823888,0.005709591448952445,0.36162510056315367,-4.267426353778363
theta|strangle2|entry=105|legsl=0.5|tgt=0.5|sl=1.0|days=expiry|vix=None,theta,201,51,0.25984908872586304,0.017518740091127638,0.07705181983861487,0.12914796482886004,0.04655673837568142,0.6666666666666666,22.224626809438067
dir|buy_atm|signal=bb_fade|tgt=0.2|sl=0.2|days=nonexpiry,directional,2105,1274,0.0015265196522007347,0.01751488762174036,0.00510441924704419,0.02274413133342512,0.0024290298628363294,0.4152019002375297,-5.250890770375303
dir|buy_otm1|signal=bb_breakout|tgt=0.5|sl=0.3|days=nonexpiry,directional,2105,1274,0.0015588019061741208,0.01751032510200856,0.009067893096647683,0.02377891664269005,0.007292418397849554,0.3653206650831354,-2.3772821864855262
theta|condor1_5|entry=5|legsl=0.25|tgt=None|sl=None|days=all|vix=None,theta,2153,1290,0.00207444550472981,0.017500218377723087,0.0499159426359278,0.033316147922103134,0.04896765116156698,0.45703669298653044,-1.9546521381419661
theta|condor1_5|entry=5|legsl=0.25|tgt=None|sl=None|days=nonexpiry|vix=None,theta,2141,1290,0.00207444550472981,0.017500218377723087,0.0499159426359278,0.03215304653135198,0.04896878733207399,0.4539934609995329,-2.1664351072051122
dir|buy_atm|signal=orb_reversal|tgt=0.2|sl=0.2|days=nonexpiry,directional,2140,1289,0.0023126489130713096,0.017483656739532893,0.008285459881732793,0.02582045068731409,0.005569657199789302,0.4705607476635514,-3.318725954733162
dir|buy_otm1|signal=ema9_21|tgt=0.2|sl=0.2|days=all,directional,2299,1345,0.0014292204842284108,0.01745263304372835,0.003210059967819978,0.029454750241987737,0.002627550704216386,0.4532405393649413,-3.253180246622784
theta|condor2_7|entry=105|legsl=0.5|tgt=None|sl=None|days=all|vix=None,theta,2140,1289,0.005953612398566084,0.01744510361359164,0.05044478048887169,0.04068026193223395,0.031696730348737656,0.5088785046728972,-0.08849598113988104
theta|condor2_7|entry=105|legsl=0.5|tgt=None|sl=None|days=nonexpiry|vix=None,theta,2140,1289,0.005953612398566084,0.01744510361359164,0.05044478048887169,0.04068026193223395,0.031696730348737656,0.5088785046728972,-0.08849598113988104
dir|buy_otm1|signal=stochastic|tgt=0.2|sl=0.2|days=nonexpiry,directional,2122,1276,0.0010026636182523718,0.017420051636593437,0.0029900824926049063,0.025556363133973248,0.0012039568284364366,0.3939679547596607,-5.069346103910901
dir|debit_spread|signal=gap_follow|tgt=0.5|sl=0.3|days=all,directional,596,368,0.002804620916894871,0.01741208020183893,0.049824008264329755,0.01722295414328312,0.015827819603611903,0.34731543624161076,-10.519318745624298
dir|buy_otm1|signal=macd|tgt=0.5|sl=0.3|days=all,directional,2482,1435,0.002150260831495085,0.017333159853187174,0.008888018568393052,0.028517875313562202,0.007608213184784551,0.3827558420628525,-4.045324184662099
dir|buy_atm|signal=bb_breakout|tgt=0.2|sl=0.2|days=nonexpiry,directional,2105,1274,0.0020228956975996606,0.017289094739741717,0.007012957651339469,0.02650848874001288,0.002845355689570117,0.4508313539192399,-2.7909167678180613
dir|buy_atm|signal=macd|tgt=0.2|sl=0.2|days=nonexpiry,directional,2142,1291,0.0011941953889182337,0.017266172096693566,0.004910870925458388,0.026456818755290934,0.0016471834967256571,0.4150326797385621,-5.774271044619834
dir|buy_atm|signal=linreg_slope|tgt=0.2|sl=0.2|days=nonexpiry,directional,2141,1290,0.0014364753482261254,0.017264269464808857,0.0036182658279778623,0.02261514000646425,0.003251527200612392,0.41849602989257356,-5.11370559968552
dir|buy_otm1|signal=atr_roc|tgt=0.2|sl=0.2|days=nonexpiry,directional,2140,1290,0.001390561908113864,0.017180502418303822,0.0037883817034564116,0.022025180236360242,0.001738233828557978,0.41728971962616823,-3.770368336802331
dir|buy_atm|signal=sma20_cross|tgt=0.2|sl=0.2|days=nonexpiry,directional,2087,1258,0.0013263267470611058,0.017142124861184493,0.005555785410709446,0.02503748205823131,0.0029135956788800543,0.40632486823191183,-5.4889312189391894
dir|buy_atm|signal=rsi_momentum|tgt=None|sl=None|days=nonexpiry,directional,2118,1278,0.001841943285359997,0.017140596313053758,0.050279106732584955,0.027006029863768433,0.014155002520306215,0.3857412653446648,-6.413451671492278
theta|straddle|entry=5|legsl=0.5|tgt=0.5|sl=1.0|days=all|vix=None,theta,2487,1444,0.04887189916790396,0.017114551940411227,0.050056991298936815,0.01626661552938713,0.03807716363844216,0.5082428628870125,-0.2729423502017483
dir|buy_otm1|signal=bb_fade|tgt=0.2|sl=0.2|days=nonexpiry,directional,2105,1274,0.0013340937367200436,0.01711306751113595,0.004708955286521488,0.02094628286699085,0.0024494578280069845,0.40380047505938244,-4.893997963685604
dir|debit_spread|signal=vix_spike|tgt=0.2|sl=0.2|days=all,directional,286,156,0.005239835968053365,0.01709445901003792,0.04999726301828178,0.013510279154947957,0.020750654558846837,0.3531468531468531,-6.290373769973542
dir|buy_atm|signal=stochastic|tgt=0.2|sl=0.2|days=nonexpiry,directional,2122,1276,0.0013970037041694963,0.017090364011148607,0.0035321992807149094,0.024594015321828255,0.0022945184543911035,0.4189443920829406,-5.37070790861599
dir|buy_otm1|signal=orb_reversal|tgt=0.2|sl=0.2|days=nonexpiry,directional,2140,1289,0.0014500742741383821,0.01703955743396879,0.007049625091453571,0.025844294770755116,0.002361285983665029,0.43457943925233644,-3.8288853946400585
dir|buy_otm1|signal=macd|tgt=0.2|sl=0.2|days=nonexpiry,directional,2142,1291,0.0010464088714695926,0.016957608925644463,0.003000753725668881,0.02610821914886241,0.001495129087570768,0.3954248366013072,-5.269477024986631
dir|buy_otm1|signal=bb_breakout|tgt=0.2|sl=0.2|days=nonexpiry,directional,2105,1274,0.0014275769401897614,0.01690089790484639,0.006223303092147026,0.027783789470061437,0.0018433574137042275,0.4332541567695962,-2.666692917359413
dir|buy_otm1|signal=linreg_slope|tgt=0.2|sl=0.2|days=nonexpiry,directional,2141,1290,0.0011494008670875483,0.01690074183728063,0.0032453310232859467,0.02458892238047472,0.0021588166209031145,0.4058851004203643,-4.4975295588971305
"theta|condor2_7|entry=105|legsl=0.25|tgt=0.5|sl=1.0|days=nonexpiry|vix=(-3.0, 3.0)",theta,1430,872,0.008191684166700148,0.016543738539965158,0.02065319814457467,0.05697832143370629,0.03135397860870448,0.4853146853146853,-0.2147489573350329
"theta|condor2_7|entry=105|legsl=0.25|tgt=0.5|sl=1.0|days=all|vix=(-3.0, 3.0)",theta,1430,872,0.008191684166700148,0.016543738539965158,0.02065319814457467,0.05697832143370629,0.03135397860870448,0.4853146853146853,-0.2147489573350329
dir|buy_otm1|signal=atr_roc|tgt=0.2|sl=0.2|days=all,directional,2486,1437,0.0015822387904919025,0.016531618411737448,0.005000773616973264,0.020068819274316807,0.0025559398664443123,0.4489139179404666,-2.8205157389913174
"theta|butterfly6|entry=5|legsl=None|tgt=None|sl=None|days=all|vix=(-3.0, 3.0)",theta,1490,915,0.001964257543003562,0.016509390250640577,0.05001124253255895,0.057020368595994686,0.009050301946304518,0.4563758389261745,-4.821108641537845
"theta|butterfly6|entry=5|legsl=None|tgt=None|sl=None|days=nonexpiry|vix=(-3.0, 3.0)",theta,1490,915,0.001964257543003562,0.016509390250640577,0.05001124253255895,0.057020368595994686,0.009050301946304518,0.4563758389261745,-4.821108641537845
theta|butterfly6|entry=105|legsl=None|tgt=0.5|sl=1.0|days=nonexpiry|vix=None,theta,2141,1290,0.005516547809743885,0.01648679959245425,0.050395701560518535,0.06004031833634782,0.04420827707854047,0.4353106025221859,-5.497656809736195
theta|butterfly6|entry=105|legsl=None|tgt=0.5|sl=1.0|days=all|vix=None,theta,2141,1290,0.005516547809743885,0.01648679959245425,0.050395701560518535,0.06004031833634782,0.04420827707854047,0.4353106025221859,-5.497656809736195
dir|buy_otm1|signal=linreg_slope|tgt=0.2|sl=0.2|days=all,directional,2486,1434,0.0015569929105343767,0.016477498964218462,0.003259110106407892,0.02556199898055067,0.002913958968084329,0.4646017699115044,-2.5616655312213603
dir|buy_otm1|signal=orb|tgt=0.2|sl=0.2|days=all,directional,2469,1425,0.0016177753484403316,0.01647580480283639,0.006768478807871237,0.02772629811896654,0.004815879366728226,0.47671121911705144,-3.3017961489367265
dir|buy_otm1|signal=macd|tgt=0.2|sl=0.2|days=all,directional,2482,1435,0.0013935113208615557,0.016439529498590844,0.003995084654357828,0.027851760554941096,0.0026272353589891217,0.4572925060435133,-3.542894416781417
dir|buy_otm1|signal=atr_roc|tgt=0.5|sl=0.3|days=nonexpiry,directional,2140,1290,0.0013567222793702022,0.01638337998006323,0.00781458460546769,0.020984589141077814,0.00422817117579144,0.34766355140186916,-3.9603048511487304
dir|buy_atm|signal=macd|tgt=0.5|sl=0.3|days=nonexpiry,directional,2142,1291,0.001450734363880519,0.016374258068895253,0.00859297647413193,0.022717139975835243,0.006018360999963668,0.35947712418300654,-6.37263196355711
dir|buy_otm1|signal=stochastic|tgt=0.2|sl=0.2|days=all,directional,2468,1423,0.0011405885179531844,0.016356910324253127,0.0032874995385394623,0.02317356863432085,0.00231477161711402,0.429902755267423,-4.001766782270645
theta|butterfly6|entry=105|legsl=None|tgt=None|sl=None|days=nonexpiry|vix=None,theta,2141,1290,0.005436416163450373,0.016354785474399502,0.050492441345105554,0.059721296234288124,0.043619913128252974,0.4353106025221859,-5.479048379221039
theta|butterfly6|entry=105|legsl=None|tgt=None|sl=None|days=all|vix=None,theta,2141,1290,0.005436416163450373,0.016354785474399502,0.050492441345105554,0.059721296234288124,0.043619913128252974,0.4353106025221859,-5.479048379221039
dir|credit_spread|signal=last_hour_rejection|tgt=0.2|sl=0.2|days=nonexpiry,directional,1096,701,0.0019778809870628564,0.016345168914193575,0.0034392487856692577,0.022970401060445234,0.002387335114328315,0.26094890510948904,-4.757499485913203
dir|buy_atm|signal=ema9_21|tgt=None|sl=None|days=nonexpiry,directional,1982,1207,0.002148286045359891,0.0163028982522333,0.018150372983226748,0.028048651740933295,0.009601254830134076,0.3890010090817356,-5.38893904358299
"theta|condor1_5|entry=105|legsl=0.4|tgt=None|sl=None|days=nonexpiry|vix=(-3.0, 3.0)",theta,1430,872,0.004294028946657328,0.016284642409253536,0.03422921570366211,0.0584056776044839,0.030023049358018694,0.47132867132867134,-0.9936683355822874
"theta|condor1_5|entry=105|legsl=0.4|tgt=None|sl=None|days=all|vix=(-3.0, 3.0)",theta,1437,872,0.004294028946657328,0.016284642409253536,0.03422921570366211,0.053595544459262845,0.027185118804883723,0.46903270702853167,-1.4222688375852446
dir|credit_spread|signal=last_hour_rejection|tgt=None|sl=None|days=nonexpiry,directional,1096,701,0.0019472694470315814,0.016256406746076868,0.0033783058233677332,0.0224036320657639,0.0038626439248379274,0.2591240875912409,-5.04971144968467
dir|credit_spread|signal=last_hour_rejection|tgt=0.5|sl=0.3|days=nonexpiry,directional,1096,701,0.001972818539336759,0.016255143577798226,0.00366087372038848,0.02272024378433657,0.00323076295865532,0.2563868613138686,-4.862144157489504
longvol|long_strangle2|signal=gap_follow|tgt=0.6|sl=0.4|days=all,longvol,569,350,0.010146460069477165,0.016234510236152522,0.049698894748003486,0.03997389737595469,0.02832323497847944,0.3602811950790861,-7.602438267017918
dir|buy_atm|signal=macd|tgt=0.2|sl=0.2|days=all,directional,2522,1461,0.001548291661238719,0.01620087077024346,0.0069735211157661015,0.034035285408569704,0.0029403180907124904,0.4682791435368755,-3.804452807156341
dir|buy_otm1|signal=momentum_1m|tgt=None|sl=None|days=all,directional,1793,1046,0.0014042752966598319,0.01600860469294818,0.05266207303412651,0.021272705777519718,0.007826330524752567,0.3363078639152259,-8.065341312064847
dir|buy_otm1|signal=sma20_cross|tgt=0.2|sl=0.2|days=nonexpiry,directional,2087,1258,0.0011381149822821794,0.015963433033256313,0.006331637073800245,0.024351460170220607,0.002590450578282222,0.38620028749401053,-4.984410179313656
dir|buy_otm1|signal=bb_fade|tgt=0.2|sl=0.2|days=all,directional,2449,1422,0.0013625905884920182,0.015848126015429065,0.00495872455951718,0.015113757026972818,0.003315226777382052,0.4148632094732544,-4.8846709480184405
dir|credit_spread|signal=vix_spike|tgt=None|sl=None|days=nonexpiry,directional,265,145,0.0022308744814411897,0.01584623253438333,0.0500596166364462,0.022763243688773915,0.13190082187905328,0.35094339622641507,-11.851105856877453
dir|buy_otm1|signal=rsi_momentum|tgt=None|sl=None|days=all,directional,2453,1420,0.0012330970496060817,0.015772910152352937,0.05315975175229093,0.02707787527150063,0.007968366828539075,0.34569914390542195,-6.206146081619442
dir|buy_atm|signal=momentum_1m|tgt=0.5|sl=0.3|days=all,directional,1828,1070,0.004589067365738087,0.015770387837152455,0.03479253853015529,0.0422835663170924,0.02625257515868884,0.3977024070021882,-3.139077237104463
dir|credit_spread|signal=vix_spike|tgt=None|sl=None|days=all,directional,282,149,0.002230870519682336,0.01571504036503346,0.05005951882268955,0.028909357848338813,0.13234737480485637,0.34397163120567376,-12.966731766064964
dir|buy_atm|signal=last_hour_rejection|tgt=0.5|sl=0.3|days=nonexpiry,directional,1096,701,0.003599439708771645,0.015706680476279544,0.016902048024014515,0.021732434827473224,0.006826922583120898,0.33485401459854014,-4.75834486258291
dir|buy_otm1|signal=orb_reversal|tgt=None|sl=None|days=all,directional,2476,1434,0.0028054803654729197,0.015689917030069056,0.04995580092240637,0.012614671098290176,0.06431250522673049,0.3465266558966074,-5.6370806744468425
dir|buy_atm|signal=macd|tgt=None|sl=None|days=nonexpiry,directional,2142,1291,0.0017735893388087327,0.015598115171727267,0.014982252222735526,0.02171339204927114,0.016708894973172073,0.373015873015873,-6.8777227220125665
dir|futures|signal=orb|tgt=0.5|sl=0.3,futures,2556,1477,0.05093865848493992,0.015528886753379822,0.04993488680625979,0.028387060464312386,0.029974341187621767,0.4229264475743349,-1.3794796557120297
theta|butterfly6|entry=5|legsl=None|tgt=None|sl=None|days=all|vix=None,theta,2140,1289,0.0019802005209594085,0.015519131329062796,0.050007632427457205,0.08249840742350267,0.03007312073376356,0.4378504672897196,-7.1857967871498545
theta|butterfly6|entry=5|legsl=None|tgt=None|sl=None|days=nonexpiry|vix=None,theta,2140,1289,0.0019802005209594085,0.015519131329062796,0.050007632427457205,0.08249840742350267,0.03007312073376356,0.4378504672897196,-7.1857967871498545
theta|butterfly4|entry=105|legsl=None|tgt=0.5|sl=1.0|days=all|vix=None,theta,2206,1291,0.0024468715981522237,0.015465853178745714,0.050242763173156346,0.04533825202357633,0.03454773604818984,0.40525838621940163,-6.549198039310527
theta|butterfly4|entry=105|legsl=None|tgt=0.5|sl=1.0|days=nonexpiry|vix=None,theta,2142,1291,0.0024468715981522237,0.015465853178745714,0.050242763173156346,0.04687693864761644,0.03454773604818984,0.39215686274509803,-7.3451250405803
dir|buy_atm|signal=atr_roc|tgt=0.2|sl=0.2|days=nonexpiry,directional,2140,1290,0.002058747548346812,0.015454247699806745,0.01019962260565177,0.017966803432892142,0.0034823346562012913,0.4355140186915888,-4.216315693026392
dir|credit_spread|signal=momentum_1m|tgt=None|sl=None|days=nonexpiry,directional,1545,943,0.0005513310059267667,0.015440312513149701,0.050128592774837166,0.03618621090964225,0.03442458028731643,0.49385113268608416,-2.247563177253822
dir|buy_otm1|signal=macd|tgt=0.5|sl=0.3|days=nonexpiry,directional,2142,1291,0.0011071080620311167,0.015415180373948179,0.004843354634689989,0.022567707150079608,0.0035963120866523424,0.3295985060690943,-6.407569305703086
dir|futures|signal=bb_fade|tgt=None|sl=None,futures,2511,1462,0.014837621273392717,0.015387537319066613,0.039858039803232104,0.03430289985429602,0.00786709204401348,0.46117084826762245,-6.598964555953829
theta|condor2_7|entry=105|legsl=0.25|tgt=0.5|sl=1.0|days=nonexpiry|vix=None,theta,2140,1289,0.005908354245694182,0.015341756450178767,0.050032948671359434,0.04755377253363813,0.026742454694188456,0.4939252336448598,-0.15769978925201464
theta|condor2_7|entry=105|legsl=0.25|tgt=0.5|sl=1.0|days=all|vix=None,theta,2140,1289,0.005908354245694182,0.015341756450178767,0.050032948671359434,0.04755377253363813,0.026742454694188456,0.4939252336448598,-0.15769978925201464
dir|credit_spread|signal=momentum_1m|tgt=None|sl=None|days=all,directional,1686,983,0.0002730166097601953,0.015334019472226679,0.04986980133128627,0.023948166914882885,0.01678988448947516,0.47805456702253857,-4.332131688993243
"theta|straddle|entry=5|legsl=None|tgt=0.5|sl=1.0|days=dte2|vix=(-3.0, 3.0)",theta,849,399,0.06705408682104672,0.015262707241413542,0.05031595847731929,0.0064091460296729075,0.059185317308024676,0.5347467608951708,-7.453779073238934
dir|buy_otm1|signal=day_high_low_break|tgt=0.5|sl=0.3|days=nonexpiry,directional,1914,1160,0.00287568002595531,0.0151706004989407,0.015574875090487383,0.021601225949782643,0.014820357838699727,0.38035527690700105,-1.843250256830373
dir|debit_spread|signal=gap_fade|tgt=0.2|sl=0.2|days=nonexpiry,directional,533,340,0.0017014079261389722,0.01515968745298446,0.05034866301854812,0.02048249528517143,0.026193900058071318,0.3339587242026266,-5.60393153949258
"theta|condor1_5|entry=15|legsl=None|tgt=None|sl=None|days=all|vix=(-3.0, 3.0)",theta,1494,924,0.004480928123679952,0.015036497602381571,0.04811802680215971,0.06273223316906007,0.03216364391961202,0.4859437751004016,-3.1284798801842943
"theta|condor1_5|entry=15|legsl=None|tgt=None|sl=None|days=nonexpiry|vix=(-3.0, 3.0)",theta,1486,924,0.004480928123679952,0.015036497602381571,0.04811802680215971,0.058471501437009854,0.03216364391961202,0.4831763122476447,-3.5549062679292853
longvol|long_straddle|signal=orb|tgt=0.6|sl=0.4|days=all,longvol,2482,1440,0.003377270214728584,0.014980788922386301,0.014797418539569951,0.039164442630008844,0.012407349755759634,0.40975020145044316,-5.637086665086646
dir|buy_otm1|signal=gap_fade|tgt=None|sl=None|days=nonexpiry,directional,533,340,0.0038220241487362232,0.014973197708106234,0.04805632659728021,0.01602864009619931,0.02572032554096726,0.2851782363977486,-17.082733824579623
dir|buy_atm|signal=atr_roc|tgt=0.2|sl=0.2|days=all,directional,2527,1462,0.0025416371652929007,0.014950987476110456,0.012898140678012981,0.010418447323036872,0.01019151241430405,0.4590423426988524,-3.305455271598611
dir|buy_atm|signal=bb_breakout|tgt=None|sl=None|days=all,directional,2492,1449,0.002993081449048113,0.014927011065652529,0.049640680779582835,0.028224799625411023,0.08833181916732558,0.35674157303370785,-8.294428818556892
theta|butterfly4|entry=105|legsl=None|tgt=None|sl=None|days=all|vix=None,theta,2206,1291,0.0023414165297949373,0.01471187533335061,0.05025374004024896,-0.018091309097455377,0.1475904347191167,0.38213961922030826,-8.942359457073811
theta|butterfly4|entry=105|legsl=None|tgt=None|sl=None|days=nonexpiry|vix=None,theta,2142,1291,0.0023414165297949373,0.01471187533335061,0.05025374004024896,0.04557787215657472,0.03327372551916763,0.39215686274509803,-7.507849373644641
dir|buy_atm|signal=atr_roc|tgt=0.5|sl=0.3|days=nonexpiry,directional,2140,1290,0.0030928874007263266,0.014677411210196167,0.018017092307371807,0.015179435844496325,0.01930661396448341,0.39299065420560747,-3.3309870733635454
theta|straddle|entry=5|legsl=None|tgt=None|sl=None|days=nonexpiry|vix=None,theta,2142,1291,0.038088742872557244,0.014572797585078234,0.04964543537681332,0.033009452291208996,0.01674771205136183,0.5280112044817927,0.8050834305101642
dir|buy_otm1|signal=gap_fade|tgt=None|sl=None|days=all,directional,598,366,0.003183626863228689,0.01451295081704207,0.049050518491259076,0.019252389401543057,0.018750810930391548,0.2842809364548495,-17.081255731718198
dir|debit_spread|signal=gap_fade|tgt=0.2|sl=0.2|days=all,directional,585,358,0.0016695429446860774,0.014497915220328839,0.05047192707065218,0.019454472400089573,0.025637878117042545,0.35213675213675216,-5.397507075937386
dir|buy_otm1|signal=linreg_slope|tgt=0.5|sl=0.3|days=nonexpiry,directional,2141,1290,0.0011695305336787024,0.01449611984637067,0.006038039190099487,0.021879725585575827,0.00420497431426059,0.33909388136384866,-5.433676121046697
dir|buy_otm1|signal=gap_fade|tgt=0.2|sl=0.2|days=nonexpiry,directional,533,340,0.01039295754553144,0.014469920330010266,0.0495268124201641,0.01647120209998465,0.04507106976308084,0.4165103189493433,-6.152046760573397
dir|buy_otm1|signal=gap_fade|tgt=0.5|sl=0.3|days=all,directional,598,366,0.0085656960240879,0.01440165219163303,0.04813129941170924,0.038463671034467684,0.02989443825633109,0.3612040133779264,-7.563204544348062
dir|debit_spread|signal=gap_follow|tgt=0.2|sl=0.2|days=all,directional,596,368,0.0024355962038135784,0.014323601209706327,0.049634122802607594,0.018216090457597867,0.014699302294475025,0.34731543624161076,-9.342622481969775
theta|straddle|entry=5|legsl=0.5|tgt=0.5|sl=1.0|days=expiry|vix=None,theta,345,153,0.040073762367869616,0.014310217836223549,0.037637056633105126,0.007405886356112834,0.017430179680386404,0.17391304347826086,-40.218038839337446
theta|straddle|entry=5|legsl=0.5|tgt=None|sl=None|days=expiry|vix=None,theta,345,153,0.04085478143430986,0.014282466465502575,0.03749718173974026,0.009389340389003298,0.018165147849181662,0.17391304347826086,-37.604845452679065
"theta|condor2_7|entry=105|legsl=None|tgt=None|sl=None|days=nonexpiry|vix=(-3.0, 3.0)",theta,1430,872,0.007450451858206493,0.014263644447675583,0.013462224346056373,0.04818258936295616,0.02071759052310962,0.5202797202797202,-0.8575925806906675
"theta|condor2_7|entry=105|legsl=None|tgt=None|sl=None|days=all|vix=(-3.0, 3.0)",theta,1430,872,0.007450451858206493,0.014263644447675583,0.013462224346056373,0.04818258936295616,0.02071759052310962,0.5202797202797202,-0.8575925806906675
theta|straddle|entry=105|legsl=0.25|tgt=None|sl=None|days=expiry|vix=None,theta,363,160,0.25262309856999116,0.01422194115910358,0.05000975627102622,0.10549783876699736,0.06165684585889386,0.5730027548209367,8.510699898688586
dir|buy_otm1|signal=bb_breakout|tgt=None|sl=None|days=nonexpiry,directional,2105,1274,0.0033897078671773196,0.014188191108851278,0.039316080577530776,0.009877067246457871,0.05100704478669538,0.37102137767220905,-1.964864570545188
dir|buy_otm1|signal=momentum_1m|tgt=0.2|sl=0.2|days=all,directional,1793,1046,0.0031478440170487226,0.014128468283939322,0.01807124175443464,0.03038285170157562,0.007938559050871374,0.47406581148912436,-3.1411344539899764
"theta|condor1_5|entry=105|legsl=0.4|tgt=0.5|sl=1.0|days=all|vix=(-3.0, 3.0)",theta,1437,872,0.004185332527069453,0.014099212604613776,0.032274114702804835,0.0599800063270477,0.027839844103071942,0.47947112038970074,-0.8303025860229672
"theta|condor1_5|entry=105|legsl=0.4|tgt=0.5|sl=1.0|days=nonexpiry|vix=(-3.0, 3.0)",theta,1430,872,0.004185332527069453,0.014099212604613776,0.032274114702804835,0.058012092571101626,0.02636496763584284,0.47692307692307695,-1.0438281015375621
"theta|condor1_5|entry=15|legsl=0.25|tgt=0.5|sl=1.0|days=all|vix=(-3.0, 3.0)",theta,1494,924,0.0028154852909760184,0.013983820398276947,0.05000616507219757,0.04014152874959653,0.04808632908892729,0.49732262382864795,-1.6156544452118127
"theta|condor1_5|entry=15|legsl=0.25|tgt=0.5|sl=1.0|days=nonexpiry|vix=(-3.0, 3.0)",theta,1486,924,0.0028154852909760184,0.013983820398276947,0.05000616507219757,0.039433129104456066,0.04825518527991002,0.4946164199192463,-1.7445316831583473
dir|buy_atm|signal=open_direction|tgt=0.5|sl=0.3|days=nonexpiry,directional,2142,1291,0.0023379914138866205,0.01390209028812972,0.020281131165293176,0.014245960831729576,0.01763632954350225,0.3716153127917834,-5.988888197292467
theta|straddle|entry=5|legsl=None|tgt=None|sl=None|days=all|vix=None,theta,2487,1444,0.03376228373219973,0.013737869175629802,0.04986668673760186,0.029129035418281823,0.017009422019645726,0.5267390430237233,1.0802141386119535
dir|debit_spread|signal=gap_follow|tgt=0.5|sl=0.3|days=nonexpiry,directional,533,340,0.0031051217700838497,0.013592932895722942,0.05040673677045182,0.018834249931260816,0.016764367681692538,0.33771106941838647,-11.458207769742828
"theta|condor1_5|entry=105|legsl=0.25|tgt=None|sl=None|days=all|vix=(-3.0, 3.0)",theta,1437,872,0.004952707076054753,0.013337343795002177,0.049993994114156726,0.03677095971799016,0.06537985628219156,0.46207376478775225,-2.4847814251458233
"theta|condor1_5|entry=105|legsl=0.25|tgt=None|sl=None|days=nonexpiry|vix=(-3.0, 3.0)",theta,1430,872,0.004952707076054753,0.013337343795002177,0.049993994114156726,0.04898735100679086,0.05702020880826897,0.4643356643356643,-1.8150470849153058
dir|futures|signal=bb_fade|tgt=1.0|sl=0.5,futures,2511,1462,0.02915490692715472,0.013320304873691846,0.036769079279305394,0.03222531125544781,0.01648089281453824,0.44563918757467147,-3.23894862604542
"theta|straddle|entry=5|legsl=None|tgt=0.5|sl=1.0|days=all|vix=(-3.0, 3.0)",theta,1759,1036,0.03598337433375699,0.013225953360869402,0.047687855843907556,0.012795386833861944,0.02205126624488296,0.5326890278567368,-3.744665955532132
dir|buy_otm1|signal=sma20_cross|tgt=0.2|sl=0.2|days=all,directional,2422,1401,0.0013622090106369753,0.013224348465014302,0.00970401493889872,0.016924417011862314,0.004112058686045694,0.40545004128819156,-4.622897526684327
theta|straddle|entry=5|legsl=0.5|tgt=None|sl=None|days=dte2|vix=None,theta,1095,511,0.0764770374530077,0.013194586902323113,0.05013839489903993,0.015327442092143206,0.06111495021052493,0.491324200913242,-3.4112718690468093
longvol|long_strangle2|signal=gap_follow|tgt=0.3|sl=0.3|days=all,longvol,569,350,0.008546574593288624,0.013176520284901905,0.0495553700282676,0.027636985527938362,0.016107332425360665,0.38312829525483305,-8.851831308822222
dir|buy_atm|signal=day_high_low_break|tgt=0.2|sl=0.2|days=all,directional,2277,1328,0.0028919435640896328,0.013139992068344597,0.015422370377528916,0.021938256179795168,0.00803751206369474,0.47299077733860345,-2.019488692321325
"theta|condor2_7|entry=105|legsl=None|tgt=0.5|sl=1.0|days=all|vix=(-3.0, 3.0)",theta,1430,872,0.00705857397892166,0.013109752896231619,0.013149221305839287,0.04714952415440776,0.018132612970538253,0.5202797202797202,-0.9358552303651829
"theta|condor2_7|entry=105|legsl=None|tgt=0.5|sl=1.0|days=nonexpiry|vix=(-3.0, 3.0)",theta,1430,872,0.00705857397892166,0.013109752896231619,0.013149221305839287,0.04714952415440776,0.018132612970538253,0.5202797202797202,-0.9358552303651829
dir|buy_atm|signal=orb|tgt=0.2|sl=0.2|days=nonexpiry,directional,2140,1289,0.0018060189948622726,0.013064752948062308,0.014512316426349314,0.02023741200534168,0.004243112809792726,0.4313084112149533,-5.5553762760875385
longvol|long_straddle|signal=None|tgt=0.3|sl=0.3|days=expiry,longvol,390,174,0.0026357879405674864,0.012848997693012842,0.044509039788028004,-0.0034043823691390918,0.015476363573889595,0.005128205128205128,-58.02949942591252
"theta|straddle|entry=5|legsl=0.4|tgt=0.5|sl=1.0|days=dte2|vix=(-3.0, 3.0)",theta,849,399,0.11239649372438852,0.012718783848035153,0.05050927123215465,0.014709982214007322,0.06154798018698571,0.4994110718492344,-3.3338519396136426
dir|futures|signal=sma20_cross|tgt=None|sl=None,futures,2493,1444,0.022641250911158217,0.012679122973896062,0.04688856478348591,0.035327247475372525,0.01208669754802938,0.45326915363016446,-4.303951062976323
theta|straddle|entry=5|legsl=0.5|tgt=0.5|sl=1.0|days=dte2|vix=None,theta,1095,511,0.07410739085814848,0.012653346165787838,0.050129374727713505,0.010194594466693019,0.05821444726126357,0.491324200913242,-4.4141103913351625
dir|buy_otm1|signal=day_high_low_break|tgt=0.2|sl=0.2|days=nonexpiry,directional,1914,1160,0.002246777827628745,0.012515309564662402,0.01604507488092688,0.02361038565818152,0.003933147789588531,0.4320794148380355,-2.8723324748789634
"theta|straddle|entry=5|legsl=0.4|tgt=None|sl=None|days=dte2|vix=(-3.0, 3.0)",theta,849,399,0.1178016279701433,0.01248466363128986,0.051032010780745374,0.01665134357875986,0.06701097556164626,0.4994110718492344,-2.8916829488819817
dir|credit_spread|signal=ema9_21|tgt=None|sl=None|days=nonexpiry,directional,1982,1207,0.0003102079039390617,0.012478142565518047,0.05036922635276242,0.0241153046296525,0.016579958810924222,0.4692230070635722,-3.2976880689114183
dir|buy_otm1|signal=rsi_momentum|tgt=0.5|sl=0.3|days=all,directional,2453,1420,0.0029882899032692423,0.0124331015827841,0.025319889080272162,0.04844568066098498,0.017133324774980974,0.4031797798613942,-3.364919244651157
"theta|straddle|entry=5|legsl=None|tgt=0.5|sl=1.0|days=expiry|vix=(-3.0, 3.0)",theta,268,120,0.054018108478990176,0.012407064831049919,0.05151745332903057,0.0008195417427292462,0.03641200319320059,0.39552238805970147,-45.5920950260447
dir|buy_atm|signal=open_direction|tgt=0.2|sl=0.2|days=nonexpiry,directional,2142,1291,0.002349888818657779,0.012255155458646527,0.01664312142713964,0.021489241189702746,0.0050059658838436105,0.45284780578898226,-4.64499208776223
"theta|condor1_5|entry=15|legsl=None|tgt=0.5|sl=1.0|days=all|vix=(-3.0, 3.0)",theta,1494,924,0.0044544484549913456,0.012019857026480452,0.04735617258755387,0.055459854911333206,0.025850342556855255,0.4859437751004016,-3.4285955176363823
"theta|condor1_5|entry=15|legsl=None|tgt=0.5|sl=1.0|days=nonexpiry|vix=(-3.0, 3.0)",theta,1486,924,0.0044544484549913456,0.012019857026480452,0.04735617258755387,0.05422235307496748,0.025850342556855255,0.4831763122476447,-3.561953155965937
dir|buy_atm|signal=open_direction|tgt=0.2|sl=0.2|days=all,directional,2519,1457,0.0027788994803733184,0.011972901966268212,0.017018431365072195,0.03300333017017998,0.0080780577978522,0.4946407304485907,-3.1955263805020278
dir|buy_atm|signal=orb|tgt=None|sl=None|days=nonexpiry,directional,2140,1289,0.002241997338984608,0.01195349109188637,0.04979926460528883,0.021919993840186835,0.021247257565378375,0.3878504672897196,-6.259989106886855
dir|buy_otm1|signal=day_high_low_break|tgt=0.2|sl=0.2|days=all,directional,2242,1306,0.0024902586822020257,0.011946507823521912,0.01680559472930021,0.019743371180531044,0.0062588850311581234,0.45628902765388046,-2.3224852242148635
"theta|straddle|entry=5|legsl=0.5|tgt=None|sl=None|days=dte2|vix=(-3.0, 3.0)",theta,849,399,0.11940575482007797,0.011866920471274467,0.049786253534671254,0.01562766322520326,0.08793679047231706,0.49469964664310956,-2.986966047612069
"theta|condor1_5|entry=5|legsl=0.25|tgt=None|sl=None|days=all|vix=(-3.0, 3.0)",theta,1503,916,0.00180582656766786,0.011839781556252982,0.050000526912794,0.02454977653165713,0.04265416030522973,0.4590818363273453,-1.8335770479798805
"theta|condor1_5|entry=5|legsl=0.25|tgt=None|sl=None|days=nonexpiry|vix=(-3.0, 3.0)",theta,1491,916,0.00180582656766786,0.011839781556252982,0.050000526912794,0.023501800222879954,0.04265550405592544,0.45472837022132795,-2.136712149041081
"theta|straddle|entry=5|legsl=0.5|tgt=0.5|sl=1.0|days=dte2|vix=(-3.0, 3.0)",theta,849,399,0.11405794647110967,0.01182499163442463,0.04987347659804309,0.012552511514207554,0.08243949327080291,0.49469964664310956,-3.590377988320387
dir|futures|signal=macd|tgt=1.0|sl=0.5,futures,2558,1479,0.039991642840462624,0.011638873985623466,0.050259713313082655,0.022739092508848424,0.023212280237752014,0.43510555121188427,-2.5786942924159386
dir|buy_otm1|signal=orb|tgt=0.2|sl=0.2|days=nonexpiry,directional,2140,1289,0.0016439715226982319,0.0116303513889362,0.012996668404802625,0.019849705550743835,0.004801112147900577,0.4182242990654206,-4.8829788803207546
dir|buy_atm|signal=linreg_slope|tgt=0.5|sl=0.3|days=nonexpiry,directional,2141,1290,0.002127848702227645,0.011576352715995109,0.01945799262854131,0.01651847536870199,0.010685830201464408,0.36805231200373656,-5.221975175357766
dir|buy_otm1|signal=rsi_momentum|tgt=None|sl=None|days=nonexpiry,directional,2118,1278,0.0014930765642032003,0.011448931666570683,0.05378123340325047,0.027193064345389484,0.009218989399456534,0.3493862134088763,-6.627765625711879
longvol|long_strangle2|signal=vix_spike|tgt=None|sl=None|days=all,longvol,277,151,0.018463149603270203,0.011411957216893143,0.04949128525204116,0.0046454939291660224,0.04949767593596244,0.35018050541516244,-9.190383204561709
dir|buy_atm|signal=momentum_1m|tgt=0.5|sl=0.3|days=nonexpiry,directional,1545,943,0.004531041743011698,0.011410587459694588,0.04037180185604883,0.012883142386882485,0.0400160852186594,0.37022653721682847,-5.412311940387614
dir|credit_spread|signal=bb_breakout|tgt=None|sl=None|days=nonexpiry,directional,2105,1274,0.0011389495108936661,0.011279185179982054,0.049781744815252105,0.02510670172156515,0.007464965808507973,0.4551068883610451,-2.5661691846145303
dir|credit_spread|signal=macd|tgt=None|sl=None|days=nonexpiry,directional,2142,1291,0.0007294363317653153,0.01120654253664255,0.050127112940218765,0.016370499826558582,0.0395169632014124,0.45891690009337066,-4.481816236397911
dir|buy_otm1|signal=gap_fade|tgt=0.5|sl=0.3|days=nonexpiry,directional,533,340,0.00615070174354403,0.011177102033625985,0.04684007150137348,0.015267291991918563,0.029559970509575817,0.29831144465290804,-11.244206795254076
theta|straddle|entry=5|legsl=0.4|tgt=0.5|sl=1.0|days=expiry|vix=None,theta,345,153,0.051235256513755253,0.011145741674179588,0.048813724954176574,0.004018856423592565,0.02545594019263875,0.1536231884057971,-34.798319091924576
dir|debit_spread|signal=gap_follow|tgt=0.2|sl=0.2|days=nonexpiry,directional,533,340,0.002672486860086828,0.011142112654680014,0.049994530995516206,0.019524479934075023,0.015418294540659572,0.32833020637898686,-10.090540328134509
dir|credit_spread|signal=ema9_21|tgt=None|sl=None|days=all,directional,2185,1264,0.00028009291736629714,0.010941918063055,0.05025968043149731,0.005527044529739511,0.04501086680910549,0.44897025171624716,-5.570869326371896
dir|credit_spread|signal=orb_reversal|tgt=0.2|sl=0.2|days=nonexpiry,directional,2140,1289,0.0037548487629840504,0.010879151834070955,0.013842001730916542,0.015296402785660357,0.014835042180711189,0.5163551401869159,-1.9473129466315295
theta|straddle|entry=5|legsl=0.4|tgt=None|sl=None|days=expiry|vix=None,theta,345,153,0.052799747629678775,0.010759104111110807,0.05037014955302632,0.005859033011707204,0.02797355391556433,0.1536231884057971,-32.522987406291676
dir|buy_otm1|signal=rsi_reversal|tgt=None|sl=None|days=all,directional,2443,1418,0.0037174673709651157,0.010738682570051727,0.04996119987647096,-0.019289253106685056,0.13448360957088956,0.3372902169463774,-5.7915681828078425
dir|credit_spread|signal=rsi_momentum|tgt=0.2|sl=0.2|days=nonexpiry,directional,2118,1278,0.00798021946139706,0.010730781629516128,0.049803434420569226,0.06238652102593023,0.04905370218827798,0.4825306893295562,-1.2066176538032896
dir|buy_otm1|signal=momentum_1m|tgt=0.5|sl=0.3|days=nonexpiry,directional,1545,943,0.002630460665775654,0.010726097598583673,0.026875816314000933,0.02109000715599163,0.018075841675142756,0.3423948220064725,-5.554695498074528
dir|credit_spread|signal=rsi_reversal|tgt=None|sl=None|days=nonexpiry,directional,2118,1278,0.0003545077198323037,0.010712407502672328,0.04989624994059627,0.02680780678149519,0.00162356833257149,0.4749763928234183,-4.712967364310768
dir|buy_atm|signal=rsi_momentum|tgt=0.2|sl=0.2|days=nonexpiry,directional,2118,1278,0.0021876193965432267,0.010681857523938687,0.019267119403953314,0.015521637679931422,0.008140432557762312,0.42823418319169027,-5.74699138016381
dir|credit_spread|signal=stochastic|tgt=0.5|sl=0.3|days=nonexpiry,directional,2122,1276,0.0024803933062769643,0.010641899135347632,0.01452691138440143,0.029575508393268946,0.010161549204649956,0.4293119698397738,-2.2470423259053107
dir|buy_otm1|signal=rsi_momentum|tgt=0.2|sl=0.2|days=all,directional,2453,1420,0.002388341193226223,0.010627118525996293,0.02003833245644726,0.024122843821645645,0.0071142846254909076,0.47533632286995514,-3.3835322204376794
"theta|straddle|entry=15|legsl=0.5|tgt=None|sl=None|days=expiry|vix=(-3.0, 3.0)",theta,268,115,0.060000695671852074,0.010601602097064067,0.050840734723530456,0.003217581889301213,0.026230282008424366,0.21641791044776118,-40.45356593350795
"theta|condor1_5|entry=105|legsl=0.5|tgt=None|sl=None|days=nonexpiry|vix=(-3.0, 3.0)",theta,1430,872,0.0036894184857541234,0.010543529191037182,0.030284401197126498,0.05886557461371722,0.020560390304103393,0.46853146853146854,-1.2157343182075449
"theta|condor1_5|entry=105|legsl=0.5|tgt=None|sl=None|days=all|vix=(-3.0, 3.0)",theta,1437,872,0.0036894184857541234,0.010543529191037182,0.030284401197126498,0.05464356549188931,0.022980371486313267,0.4662491301322199,-1.651771950445378
"theta|straddle|entry=15|legsl=0.5|tgt=0.5|sl=1.0|days=expiry|vix=(-3.0, 3.0)",theta,268,115,0.05957425266575451,0.010538617166960806,0.05075535883082627,0.001980754354860448,0.026641926489336054,0.21641791044776118,-41.692793907993945
theta|straddle|entry=15|legsl=None|tgt=0.5|sl=1.0|days=all|vix=None,theta,2486,1443,0.029201840163590138,0.010498953247974896,0.05006377668877804,0.002964516808227069,0.05930805152434493,0.5277554304102977,-2.962003191328778
"theta|straddle|entry=15|legsl=0.4|tgt=None|sl=None|days=expiry|vix=(-3.0, 3.0)",theta,268,115,0.07167560561753572,0.010326279055645982,0.05319444091881287,0.000997661508550074,0.0333580593850622,0.20149253731343283,-34.88139447655122
theta|straddle|entry=5|legsl=0.4|tgt=None|sl=None|days=dte2|vix=None,theta,1095,511,0.09805061815988114,0.010246521231330963,0.05023390344998235,0.014077718113113091,0.06652428615585948,0.4977168949771689,-2.8545135583255306
dir|credit_spread|signal=orb|tgt=0.2|sl=0.2|days=nonexpiry,directional,2140,1289,0.003746704276088209,0.01013643804091946,0.05027463032240975,0.045996450017907975,0.02083636602708716,0.4649532710280374,-1.4439161488007162
"theta|straddle|entry=15|legsl=0.4|tgt=0.5|sl=1.0|days=expiry|vix=(-3.0, 3.0)",theta,268,115,0.07171995913126344,0.010088090674054362,0.05325273900210137,0.0003984757262613936,0.033413385973683374,0.20149253731343283,-35.3439770102666
dir|credit_spread|signal=macd|tgt=None|sl=None|days=all,directional,2374,1355,0.0002562716152105152,0.009909772201042388,0.05023404624006156,0.012753728953676546,0.013695157014960824,0.43892165122156696,-6.53763273238483
dir|credit_spread|signal=bb_breakout|tgt=0.5|sl=0.3|days=all,directional,2295,1318,0.006138545614280933,0.00983829088861854,0.04278962527749153,0.017124038908398864,0.07943429299644811,0.4300653594771242,-1.4960400325800078
"theta|straddle|entry=5|legsl=0.5|tgt=None|sl=None|days=expiry|vix=(-3.0, 3.0)",theta,268,120,0.059120283084441956,0.009746859861331947,0.0555074728418512,0.005922751645070612,0.02513964145892933,0.16044776119402984,-39.44765823870062
theta|straddle|entry=105|legsl=0.25|tgt=0.5|sl=1.0|days=expiry|vix=None,theta,363,160,0.2524539496244066,0.009720785883229777,0.04999449559342961,0.09062216241243504,0.05949018802760375,0.5730027548209367,5.562475328206685
dir|credit_spread|signal=open_direction|tgt=0.2|sl=0.2|days=nonexpiry,directional,2142,1291,0.002521197089432296,0.009712392320757601,0.050301644452203975,0.03341502746030711,0.020544946798868313,0.4831932773109244,-1.4252930705609665
"theta|condor1_5|entry=105|legsl=0.5|tgt=0.5|sl=1.0|days=nonexpiry|vix=(-3.0, 3.0)",theta,1430,872,0.0036747806275089535,0.009612680370684634,0.02998305654881217,0.05962610255241518,0.020171957922337835,0.4727272727272727,-1.2319449904526036
"theta|condor1_5|entry=105|legsl=0.5|tgt=0.5|sl=1.0|days=all|vix=(-3.0, 3.0)",theta,1437,872,0.0036747806275089535,0.009612680370684634,0.02998305654881217,0.06133503868169976,0.020171957922337835,0.47529575504523314,-1.0171775505716474
dir|buy_atm|signal=stochastic|tgt=None|sl=None|days=nonexpiry,directional,2122,1276,0.0020564801183454873,0.009569575704320599,0.02359068268831177,0.019737635541252407,0.018539806017581206,0.382186616399623,-6.239518077645405
dir|credit_spread|signal=orb|tgt=0.2|sl=0.2|days=all,directional,2349,1351,0.0023123542023771593,0.009557830746168117,0.04978903855826067,0.028959001581068122,0.012997050846789149,0.46275010642826736,-1.7169281689792857
dir|credit_spread|signal=orb|tgt=None|sl=None|days=all,directional,2349,1351,0.00015209401288286938,0.009435591074642202,0.05017588906210124,0.016198738846272764,0.017352479108792673,0.4521072796934866,-6.573204286075899
"theta|straddle|entry=5|legsl=0.5|tgt=0.5|sl=1.0|days=expiry|vix=(-3.0, 3.0)",theta,268,120,0.05913358885730476,0.009417935205042971,0.05562873668997037,0.004449106305857153,0.025524501592074866,0.16044776119402984,-40.73784695458555
"theta|straddle|entry=5|legsl=0.4|tgt=None|sl=None|days=expiry|vix=(-3.0, 3.0)",theta,268,120,0.06653075331571703,0.00937134004991158,0.0585429782193605,0.006630279365334779,0.022937403778837795,0.13805970149253732,-34.723101386420254
dir|credit_spread|signal=open_direction|tgt=0.2|sl=0.2|days=all,directional,2341,1351,0.0022618214531261805,0.00933957329956292,0.05034963229385547,0.03034259826049479,0.01911693361332245,0.4844083724903887,-1.501840255604703
"theta|condor1_5|entry=105|legsl=0.25|tgt=0.5|sl=1.0|days=nonexpiry|vix=(-3.0, 3.0)",theta,1430,872,0.0050322681463736705,0.009295015694082531,0.049995183139807,0.057774845814181575,0.05883919231972634,0.4734265734265734,-1.5336135752834656
"theta|condor1_5|entry=105|legsl=0.25|tgt=0.5|sl=1.0|days=all|vix=(-3.0, 3.0)",theta,1437,872,0.0050322681463736705,0.009295015694082531,0.049995183139807,0.0602198647659109,0.05882210861395132,0.4759916492693111,-1.3156849758553701
dir|credit_spread|signal=ema9_21|tgt=0.2|sl=0.2|days=nonexpiry,directional,1982,1207,0.0032526591002934365,0.009247407484106684,0.05038605135973517,0.027154822748131746,0.01345547875787545,0.48234106962663975,-1.6498026957620766
theta|straddle|entry=15|legsl=0.5|tgt=0.5|sl=1.0|days=expiry|vix=None,theta,344,152,0.0505940574290485,0.009243832013736242,0.048980818336911036,-0.004112411806759253,0.03653320766219492,0.22965116279069767,-41.7487152723379
dir|buy_atm|signal=atr_roc|tgt=None|sl=None|days=nonexpiry,directional,2140,1290,0.004649608283961608,0.009242182934672938,0.05037609720590819,-0.002474180532342718,0.057452195857587096,0.3957943925233645,-3.6793030713830035
"theta|straddle|entry=5|legsl=0.4|tgt=0.5|sl=1.0|days=expiry|vix=(-3.0, 3.0)",theta,268,120,0.06655012115750684,0.009153186540074243,0.0585814477471136,0.005512970741187839,0.02295826111735655,0.13805970149253732,-35.57835619613434
longvol|long_straddle|signal=orb|tgt=0.3|sl=0.3|days=all,longvol,2482,1440,0.0033459117202705824,0.009121854810193009,0.022493405096668195,0.023759594400163175,0.010922292438473313,0.44157937147461723,-7.232027239595854
theta|straddle|entry=5|legsl=0.4|tgt=0.5|sl=1.0|days=dte2|vix=None,theta,1095,511,0.09805251878262594,0.008949755282636973,0.050246442048740625,0.007584901901248831,0.06614307782089968,0.4977168949771689,-3.7288840322917376
dir|credit_spread|signal=orb_reversal|tgt=None|sl=None|days=nonexpiry,directional,2140,1289,0.0015371273101169448,0.008928221516886214,0.04981077119959276,0.017506021253892,0.02272071417382393,0.48411214953271026,-4.328301862468229
theta|straddle|entry=15|legsl=0.4|tgt=None|sl=None|days=expiry|vix=None,theta,344,152,0.0625555964717532,0.008888925022870753,0.050990468932728183,-0.006313038081089961,0.0439772368463045,0.2063953488372093,-34.7313734448405
dir|credit_spread|signal=atr_roc|tgt=0.5|sl=0.3|days=nonexpiry,directional,2140,1290,0.00489760552066343,0.008817704028574846,0.049878061048385325,0.04757281424177129,0.028152748674818984,0.444392523364486,-0.9732331284434996
dir|credit_spread|signal=orb|tgt=None|sl=None|days=nonexpiry,directional,2140,1289,0.0003178112713129404,0.008712118483560571,0.050089182253377995,0.01705813592397787,0.03627945363715446,0.4574766355140187,-5.111055490685401
dir|credit_spread|signal=ema9_21|tgt=0.2|sl=0.2|days=all,directional,2185,1264,0.002880590673262862,0.008645653265205722,0.05023514331743728,0.012011796358100124,0.016180520963852474,0.4759725400457666,-1.9671274195505772
theta|straddle|entry=15|legsl=0.5|tgt=None|sl=None|days=expiry|vix=None,theta,344,152,0.05351582375019191,0.008621407843358186,0.050838488045503505,-0.004780592397992223,0.04094078589936656,0.22965116279069767,-40.040513725923596
dir|credit_spread|signal=orb_reversal|tgt=None|sl=None|days=all,directional,2347,1351,0.0007420451283437465,0.008367173690463137,0.04981186635937196,0.0036045092141514523,0.04759520395787209,0.47422241158926287,-5.978473026153632
dir|credit_spread|signal=last_hour_rejection|tgt=0.2|sl=0.2|days=all,directional,1220,732,0.002638242164516439,0.008181034690570854,0.021867538422415844,-0.00025629074340693947,0.017990084169815734,0.2442622950819672,-5.13765501413873
dir|credit_spread|signal=day_high_low_break|tgt=0.2|sl=0.2|days=nonexpiry,directional,1914,1160,0.004435254437255492,0.008180912286151587,0.019395308265512834,0.011517470759633275,0.02359606761648858,0.47701149425287354,-1.6349174234635406
dir|buy_otm1|signal=open_direction|tgt=None|sl=None|days=nonexpiry,directional,2142,1291,0.0027846929420111454,0.008080584639311272,0.03822296649503665,0.0175935666368634,0.0286787791533879,0.3506069094304388,-6.754264676786827
dir|credit_spread|signal=orb_reversal|tgt=0.2|sl=0.2|days=all,directional,2347,1351,0.0036847713104866107,0.008046653132932624,0.013523018411181309,0.007559861314332839,0.021950240115761965,0.5155517682147422,-2.1007541573900945
"theta|straddle|entry=15|legsl=0.25|tgt=None|sl=None|days=expiry|vix=(-3.0, 3.0)",theta,268,115,0.10591215300328895,0.008027776889760974,0.06497598375355995,-0.0022473546319414783,0.04100005638518933,0.13059701492537312,-25.608180311434307
dir|credit_spread|signal=open_direction|tgt=None|sl=None|days=nonexpiry,directional,2142,1291,0.00023498559266929607,0.007997517889855699,0.04988561719083351,0.014306332119115472,0.018982261333918116,0.46171802054155,-5.26025543393875
theta|straddle|entry=15|legsl=0.4|tgt=0.5|sl=1.0|days=expiry|vix=None,theta,344,152,0.062271259465572354,0.007925723034029497,0.05398467778021365,-0.0067854849028538,0.043504342571845545,0.2063953488372093,-35.54379765182371
dir|credit_spread|signal=atr_roc|tgt=0.5|sl=0.3|days=all,directional,2356,1346,0.0036017272199310147,0.007915830371435728,0.049988359782811576,0.023390508479457228,0.07229231166280681,0.44779286926994905,-1.1523290639564217
dir|credit_spread|signal=open_direction|tgt=None|sl=None|days=all,directional,2341,1351,0.0002017390267720222,0.00775862203210953,0.04985664114083754,0.0105386470706057,0.017842210339558906,0.4596326356258009,-6.550556891801163
dir|credit_spread|signal=rsi_momentum|tgt=0.2|sl=0.2|days=all,directional,2310,1333,0.007352121691184474,0.0077373841804471155,0.04983077546320058,0.04974015442368418,0.04900821379936182,0.487012987012987,-1.3093566052198928
dir|credit_spread|signal=sma20_cross|tgt=0.5|sl=0.3|days=nonexpiry,directional,2085,1257,0.00251273928243894,0.00761833373862264,0.015660908410728647,0.018540119108598097,0.010723946154787112,0.415347721822542,-2.5620554068946153
theta|straddle|entry=5|legsl=None|tgt=0.5|sl=1.0|days=dte2|vix=None,theta,1095,511,0.05283778980648261,0.007581465483757599,0.051477842809581786,-0.006845830567712041,0.07387496326607046,0.5178082191780822,-10.124861902724662
"theta|straddle|entry=15|legsl=0.25|tgt=0.5|sl=1.0|days=expiry|vix=(-3.0, 3.0)",theta,268,115,0.10637859090613642,0.007564145739876071,0.06548500522294332,-0.00243563249890677,0.0414275369199778,0.13059701492537312,-25.6978891316421
dir|credit_spread|signal=macd|tgt=0.2|sl=0.2|days=nonexpiry,directional,2142,1291,0.003904010505103397,0.007444226711190494,0.05016247102933258,0.018979316918107392,0.019043606046768802,0.46872082166199813,-2.277545362995898
dir|buy_otm1|signal=momentum_1m|tgt=0.5|sl=0.3|days=all,directional,1793,1046,0.003950457421485648,0.007418141084817531,0.04317567390472232,0.04616584742579222,0.02363111552537256,0.3859453430005577,-3.180863942360652
dir|credit_spread|signal=stochastic|tgt=0.2|sl=0.2|days=nonexpiry,directional,2122,1276,0.002075598919887928,0.007022655139217182,0.013637515598546535,0.01418730992114181,0.008685127203044707,0.46088595664467485,-3.0385631086172413
"theta|condor1_5|entry=5|legsl=0.25|tgt=0.5|sl=1.0|days=all|vix=(-3.0, 3.0)",theta,1503,916,0.00198588348487742,0.006918683537457282,0.05001390230380831,0.028071100952731687,0.021729094680228545,0.4763805721889554,-2.3377344142845384
"theta|condor1_5|entry=5|legsl=0.25|tgt=0.5|sl=1.0|days=nonexpiry|vix=(-3.0, 3.0)",theta,1491,916,0.00198588348487742,0.006918683537457282,0.05001390230380831,0.02722727375893763,0.021898289235854462,0.4721663313212609,-2.592403944392121
dir|buy_otm1|signal=day_high_low_break|tgt=None|sl=None|days=all,directional,2242,1306,0.0015983572716763014,0.0069030867558830256,0.06344227747042386,-0.01073902830514184,0.04836245923294469,0.3514719000892061,-8.442261517726344
dir|buy_atm|signal=bb_breakout|tgt=0.2|sl=0.2|days=all,directional,2492,1449,0.0029529898536698775,0.006768313352490063,0.027438417988772,0.0057744657756522155,0.01616388415871295,0.4478330658105939,-3.0703135491737776
dir|buy_atm|signal=stochastic|tgt=0.2|sl=0.2|days=all,directional,2513,1450,0.002161256480023013,0.006733071535609314,0.02062912254826832,0.013658819370033992,0.008972045519500815,0.4385196975726224,-4.559147980597405
dir|buy_atm|signal=rsi_momentum|tgt=0.5|sl=0.3|days=nonexpiry,directional,2118,1278,0.002375158328020006,0.0067039953680301245,0.052514161927175174,0.013950921830707008,0.016557416592739127,0.3574126534466478,-6.52379199587252
theta|condor1_5|entry=5|legsl=None|tgt=None|sl=None|days=nonexpiry|vix=None,theta,2141,1290,0.001751821559286677,0.0066860466387428374,0.04986486993706496,0.0032363058791151644,0.06384650056513197,0.45165810368986453,-5.472660223835961
theta|condor1_5|entry=5|legsl=None|tgt=None|sl=None|days=all|vix=None,theta,2153,1290,0.001751821559286677,0.0066860466387428374,0.04986486993706496,0.006058821855077223,0.06384357285866105,0.45471435206688343,-4.9622094372053285
dir|credit_spread|signal=rsi_reversal|tgt=None|sl=None|days=all,directional,2347,1345,0.0002148775869348242,0.006662739058184819,0.05107003100954299,0.017986683306206563,0.010810784063802537,0.4635705155517682,-6.694810005865506
dir|buy_otm1|signal=atr_roc|tgt=None|sl=None|days=all,directional,2486,1437,0.0011232387128030997,0.006499716668485922,0.052427704186519875,-0.011028878244178641,0.04905001577314538,0.3185840707964602,-10.619126114421377
dir|buy_atm|signal=linreg_slope|tgt=0.5|sl=0.3|days=all,directional,2527,1460,0.0029184348026384185,0.006367087665902993,0.050270080464457356,-0.00318361473370532,0.032504353744677084,0.3684210526315789,-4.846748216737152
dir|futures|signal=sma20_cross|tgt=1.0|sl=0.5,futures,2493,1444,0.03570614657126455,0.006357749806851443,0.05021527326741482,0.031400178220730046,0.01778046123126309,0.43561973525872444,-2.9634977938226745
dir|credit_spread|signal=sma20_cross|tgt=0.2|sl=0.2|days=nonexpiry,directional,2085,1257,0.0018311011860301053,0.006256916651877775,0.01524117487829535,0.0126052442506428,0.007299996203813164,0.44364508393285373,-3.3389335584817745
dir|buy_otm1|signal=day_high_low_break|tgt=0.5|sl=0.3|days=all,directional,2242,1306,0.0031570940371752686,0.006223626780740954,0.028751893221243052,0.0014518872664659455,0.029543859957991914,0.3666369313113292,-3.0782815525714677
dir|credit_spread|signal=linreg_slope|tgt=None|sl=None|days=nonexpiry,directional,2141,1290,0.0006645515755639887,0.006150606843150719,0.050049397460989464,0.004719923403311288,0.05602911425245127,0.44978981784212985,-4.301281264084403
dir|buy_atm|signal=last_hour_rejection|tgt=0.5|sl=0.3|days=all,directional,1312,810,0.0025731705549923893,0.006097147466694652,0.042570568563761846,0.007352073937815673,0.01130188304276869,0.2865853658536585,-7.231019299350134
dir|credit_spread|signal=bb_breakout|tgt=None|sl=None|days=all,directional,2295,1318,0.0004931935494525668,0.006034208614741576,0.05060064734515224,0.006188204154138788,0.020278420007252884,0.4300653594771242,-5.380220369516374
dir|debit_spread|signal=last_hour_rejection|tgt=0.2|sl=0.2|days=nonexpiry,directional,1096,701,0.0017140283876050063,0.005697730534712564,0.019604165627657655,0.013176134436018172,0.006565107669239567,0.21624087591240876,-4.029075464432257
dir|buy_atm|signal=sma20_cross|tgt=None|sl=None|days=all,directional,2469,1432,0.0014777460493242398,0.005599115426070833,0.07113507754881332,0.0037763609948002763,0.036858126271651304,0.31632239773187526,-13.491441815560432
dir|buy_otm1|signal=orb|tgt=None|sl=None|days=all,directional,2469,1425,0.0017190534044844465,0.005461032441772762,0.055606026071616466,0.013402768334290327,0.024044328537197734,0.3458890238963143,-6.329701089606974
dir|debit_spread|signal=last_hour_rejection|tgt=0.5|sl=0.3|days=all,directional,1266,773,0.0017391243327984588,0.005433189717285458,0.021659290563677658,0.015944472927349462,0.009877244221105919,0.26303317535545023,-2.974409812321595
theta|condor1_5|entry=5|legsl=None|tgt=0.5|sl=1.0|days=all|vix=None,theta,2153,1290,0.0017580722466316828,0.005378297870500814,0.049479703397178554,0.0208143076159113,0.014898360009955036,0.45471435206688343,-4.674906376044223
theta|condor1_5|entry=5|legsl=None|tgt=0.5|sl=1.0|days=nonexpiry|vix=None,theta,2141,1290,0.0017580722466316828,0.005378297870500814,0.049479703397178554,0.020214736383021625,0.014898360009955036,0.45165810368986453,-4.857129075436295
dir|credit_spread|signal=macd|tgt=0.2|sl=0.2|days=all,directional,2374,1355,0.004388038888137492,0.005308781838295529,0.050136633879979464,-0.019517348087527697,0.11727985079910641,0.4675652906486942,-2.53146335657143
dir|buy_atm|signal=momentum_1m|tgt=0.2|sl=0.2|days=all,directional,1828,1070,0.004500660890766191,0.005294378034615743,0.043035862296130434,0.026711654550162445,0.016058438630218275,0.4699124726477024,-3.9738078918898196
dir|buy_atm|signal=rsi_momentum|tgt=0.2|sl=0.2|days=all,directional,2503,1454,0.005074630600693127,0.005215672339586197,0.04392506378723804,0.03066436034386877,0.0372032785156029,0.4858170195765082,-3.725705487311149
dir|buy_atm|signal=bb_fade|tgt=0.5|sl=0.3|days=nonexpiry,directional,2105,1274,0.0024831484056413904,0.005007923338487652,0.03431603361943947,0.014464944686810366,0.010811404674471614,0.3681710213776722,-5.6479142915993
theta|straddle|entry=15|legsl=0.25|tgt=None|sl=None|days=expiry|vix=None,theta,344,152,0.09142370839869464,0.004982689365359283,0.07317405380841802,-0.009283401730173058,0.05252805080785272,0.13953488372093023,-25.802619239693115
dir|buy_otm1|signal=atr_roc|tgt=None|sl=None|days=nonexpiry,directional,2140,1290,0.0029328478958665807,0.004885181011428985,0.050495908801937994,0.0013750602835684855,0.028861838377020388,0.3518691588785047,-4.063593592249345
dir|buy_otm1|signal=ema9_21|tgt=None|sl=None|days=nonexpiry,directional,1982,1207,0.002783793832669768,0.004845686226969237,0.04827562621787773,0.018518315956620013,0.023810037735965017,0.3521695257315843,-5.2413196386025485
dir|futures|signal=stochastic|tgt=0.5|sl=0.3,futures,2537,1464,0.05187251591185252,0.004761193045195178,0.053423816929103474,0.021817598325534204,0.027695221680426818,0.4193929838391801,-2.264032321639762
theta|straddle|entry=15|legsl=0.25|tgt=0.5|sl=1.0|days=expiry|vix=None,theta,344,152,0.09153969242109898,0.004659733161838764,0.0733662130110403,-0.00934519754446339,0.05266963212371489,0.13953488372093023,-25.872508669389887
dir|buy_atm|signal=orb|tgt=0.5|sl=0.3|days=nonexpiry,directional,2140,1289,0.002679867824269124,0.004629983239289537,0.04457636404968501,0.010030716491012281,0.01990569044627466,0.36261682242990656,-6.165049229933837
dir|credit_spread|signal=sma20_cross|tgt=None|sl=None|days=all,directional,2312,1325,0.0003797198768679082,0.004528621162929625,0.05020855187674689,0.005640072418247044,0.019188807967212895,0.39749134948096887,-7.8623477681888625
dir|credit_spread|signal=rsi_reversal|tgt=0.2|sl=0.2|days=nonexpiry,directional,2118,1278,0.003301671148788327,0.004268708261275789,0.05019456351087148,0.017110471007201422,0.03536113931383855,0.5018885741265344,-1.8928840162868878
dir|credit_spread|signal=day_high_low_break|tgt=None|sl=None|days=all,directional,2094,1205,0.0006547028054905084,0.004154422631133414,0.050133273478231044,-0.0015330493410583568,0.03576562497993374,0.4369627507163324,-5.055155540040366
dir|credit_spread|signal=linreg_slope|tgt=None|sl=None|days=all,directional,2364,1358,0.00027822976513811856,0.0040688815711604764,0.04986503947614429,0.00555212882274736,0.02341738133361715,0.4196277495769882,-6.598261087770289
theta|strangle2|entry=105|legsl=0.25|tgt=None|sl=None|days=expiry|vix=None,theta,201,51,0.19563994580526073,0.004045823966154494,0.11268060147560088,-0.011707785961374673,0.09878622817740201,0.18407960199004975,-22.38299741064138
theta|strangle2|entry=105|legsl=0.25|tgt=0.5|sl=1.0|days=expiry|vix=None,theta,201,51,0.19563994580526073,0.004045823966154494,0.11268060147560088,-0.016968704029821424,0.10988575812999923,0.18407960199004975,-24.084926689608178
theta|straddle|entry=5|legsl=None|tgt=0.5|sl=1.0|days=all|vix=None,theta,2487,1444,0.02063610588246542,0.004039110597954032,0.049611384964655114,0.0037576923489963665,0.025922336180589922,0.5070365902694008,-5.653071976156661
"theta|condor1_5|entry=5|legsl=None|tgt=0.5|sl=1.0|days=nonexpiry|vix=(-3.0, 3.0)",theta,1491,916,0.0037524022584024,0.0037021399979491054,0.042296686103265646,0.029330662579234668,0.02607580536971399,0.47149564050972503,-3.9013145797367392
"theta|condor1_5|entry=5|legsl=None|tgt=0.5|sl=1.0|days=all|vix=(-3.0, 3.0)",theta,1503,916,0.0037524022584024,0.0037021399979491054,0.042296686103265646,0.03121669374899838,0.02607580536971399,0.47571523619427813,-3.647917575184021
theta|condor1_5|entry=105|legsl=None|tgt=None|sl=None|days=nonexpiry|vix=None,theta,2142,1291,0.002493559209233821,0.0036440230478542723,0.05038747735299398,0.018300783225354778,0.026782202780032738,0.42203548085901027,-5.106488571792257
theta|condor1_5|entry=105|legsl=None|tgt=None|sl=None|days=all|vix=None,theta,2152,1291,0.002493559209233821,0.0036440230478542723,0.05038747735299398,0.013484582097871955,0.03309156264363944,0.4200743494423792,-5.423235530358874
"theta|condor1_5|entry=5|legsl=None|tgt=None|sl=None|days=all|vix=(-3.0, 3.0)",theta,1503,916,0.00370908229495932,0.0034382640142522902,0.042565786428172325,0.011159860953780631,0.08997998772641058,0.47571523619427813,-3.5934561476373146
"theta|condor1_5|entry=5|legsl=None|tgt=None|sl=None|days=nonexpiry|vix=(-3.0, 3.0)",theta,1491,916,0.00370908229495932,0.0034382640142522902,0.042565786428172325,0.0046400442572454015,0.09134899861884027,0.47149564050972503,-4.315421335230451
dir|buy_otm1|signal=bb_breakout|tgt=None|sl=None|days=all,directional,2459,1434,0.001332935881788295,0.003264014741942267,0.06006707251178278,-0.012614450426257195,0.05439080185632772,0.3310288735258235,-9.261828882640918
dir|buy_otm1|signal=open_direction|tgt=0.5|sl=0.3|days=nonexpiry,directional,2142,1291,0.002343730206230393,0.003130720818819155,0.03352953824083349,0.010672389440856245,0.022058755401148544,0.34780578898225956,-6.3335608362060745
dir|credit_spread|signal=stochastic|tgt=None|sl=None|days=all,directional,2355,1339,0.0004632718803384936,0.00272196060361396,0.05354283214125599,0.005812462072321667,0.014600989235501238,0.41273885350318473,-7.658625514478439
dir|buy_otm1|signal=last_hour_rejection|tgt=0.5|sl=0.3|days=all,directional,1302,804,0.0024834013093147445,0.002603431631533981,0.04897356699339028,0.005473218399135948,0.014797238447236127,0.28417818740399386,-6.525432337410805
dir|futures|signal=rsi_reversal|tgt=0.5|sl=0.3,futures,2533,1465,0.10323702324182135,0.0024748978786626186,0.10662324536154011,0.03548362397970539,0.07064759633295103,0.4255823134622977,0.17891827872090435
dir|buy_atm|signal=atr_roc|tgt=0.5|sl=0.3|days=all,directional,2527,1462,0.0036080136728822835,0.00237046733270585,0.047658814465648014,-0.01059842231637853,0.0679385985907418,0.37514839730906213,-4.387962414547536
dir|credit_spread|signal=day_high_low_break|tgt=None|sl=None|days=nonexpiry,directional,1914,1160,0.001123024833055413,0.002270782499826929,0.049999998149485636,0.015365738729470557,0.03390970209385091,0.4618599791013584,-2.729958687181134
dir|credit_spread|signal=bb_fade|tgt=None|sl=None|days=all,directional,2341,1341,0.0007774063146916745,0.0021278064736909297,0.050576813029523326,-0.01482696890853763,0.06397125886984656,0.39940196497223407,-8.642346279072688
dir|buy_atm|signal=linreg_slope|tgt=None|sl=None|days=nonexpiry,directional,2141,1290,0.0025692661051449814,0.0020988329307229936,0.04791802762883923,0.021329119662794715,0.018445746552846143,0.3797290985520785,-5.473714359591687
dir|credit_spread|signal=stochastic|tgt=None|sl=None|days=nonexpiry,directional,2122,1276,0.001378354365405237,0.0019465450796383177,0.04997192377731907,0.019398407070323698,0.008445724126162957,0.4472196041470311,-5.017852857458378
longvol|long_straddle|signal=None|tgt=0.6|sl=0.4|days=expiry,longvol,390,174,0.002933578482824119,0.0018473347140077756,0.0908708171708853,-0.022949007990392234,0.09667628128163819,0.005128205128205128,-75.9639641645163
theta|condor1_5|entry=5|legsl=0.25|tgt=0.5|sl=1.0|days=all|vix=None,theta,2153,1290,0.002114768152551963,0.001828811887279569,0.04993673188497405,0.017451300825054528,0.0421567004868828,0.47515095215977704,-3.0043956704842083
theta|condor1_5|entry=5|legsl=0.25|tgt=0.5|sl=1.0|days=nonexpiry|vix=None,theta,2141,1290,0.002114768152551963,0.001828811887279569,0.04993673188497405,0.016536371069059808,0.0421567004868828,0.4722092480149463,-3.1854849766331115
dir|credit_spread|signal=linreg_slope|tgt=0.2|sl=0.2|days=all,directional,2364,1358,0.003415380861479098,0.0017729935827985877,0.04978200104094699,-0.028296552082304083,0.11878437915320739,0.4691201353637902,-2.3613611713198033
dir|credit_spread|signal=day_high_low_break|tgt=0.2|sl=0.2|days=all,directional,2094,1205,0.004255616302468962,0.0016633686788345425,0.050423180134904655,-0.025145938699399073,0.11004677710707444,0.47516714422158546,-1.9710077906839032
dir|buy_atm|signal=bb_breakout|tgt=0.5|sl=0.3|days=all,directional,2492,1449,0.003095413372920774,0.0016280114770641507,0.050136833968791206,-0.016840326410514028,0.0729326898683168,0.3611556982343499,-4.54959122498001
dir|credit_spread|signal=bb_fade|tgt=0.2|sl=0.2|days=nonexpiry,directional,2105,1274,0.002496459191529458,0.0016276712039107188,0.027534735456372417,0.0033047811399660176,0.018108603270922785,0.4356294536817102,-3.609576965414713
dir|credit_spread|signal=rsi_reversal|tgt=0.2|sl=0.2|days=all,directional,2347,1345,0.002689421791608264,0.00152507644559563,0.04996887761806468,0.005129354889886528,0.03634355771621278,0.4993608862377503,-2.0835758870337235
dir|buy_otm1|signal=bb_breakout|tgt=0.2|sl=0.2|days=all,directional,2459,1434,0.0028221428297455988,0.001515656533410903,0.03605394415168384,0.009407394918401701,0.013993403038747965,0.43920292801952016,-2.859718512115851
dir|buy_atm|signal=last_hour_rejection|tgt=None|sl=None|days=all,directional,1312,810,0.002340354703471496,0.0015114321159539479,0.05965215286763681,-0.0032845291612131344,0.03490292735058409,0.28353658536585363,-9.570763114526322
dir|buy_otm1|signal=open_direction|tgt=0.2|sl=0.2|days=all,directional,2468,1435,0.004687106098775587,0.0014619540769331696,0.05046220099908261,0.02943409230709948,0.0174625126073763,0.49878444084278767,-2.742718123315412
dir|buy_atm|signal=day_high_low_break|tgt=0.5|sl=0.3|days=all,directional,2277,1328,0.003290265786011284,0.001421903783506151,0.049740763216556405,0.007901513601602739,0.02050132048166009,0.38120333772507686,-3.2371049995761614
dir|buy_otm1|signal=orb|tgt=None|sl=None|days=nonexpiry,directional,2140,1289,0.0024296814039627274,0.0011743200110778673,0.052088083013142716,0.018550887929755122,0.0349090045438466,0.35467289719626166,-6.014177211126435
dir|buy_atm|signal=bb_fade|tgt=0.2|sl=0.2|days=all,directional,2489,1450,0.0026633283795765455,0.001124924430272456,0.04070430425995997,0.0009980894585350786,0.02038762259578819,0.4146243471273604,-5.596669961303628
dir|credit_spread|signal=linreg_slope|tgt=0.2|sl=0.2|days=nonexpiry,directional,2141,1290,0.005549066595417074,0.0010509658439699088,0.050200737654034544,-0.012058605864938565,0.07508565774880127,0.46520317608594114,-2.187810142598159
dir|credit_spread|signal=last_hour_rejection|tgt=None|sl=None|days=all,directional,1220,732,0.0018827413722135198,0.0008949021301705162,0.07149480924647067,-0.03891614125336662,0.15918654224260043,0.24098360655737705,-8.048835080874523
dir|credit_spread|signal=bb_fade|tgt=0.5|sl=0.3|days=all,directional,2341,1341,0.002094060875374616,0.000724769346229337,0.050189207322514084,-0.0003034450441148362,0.03726970358884063,0.40068346860316106,-3.8545830054962447
"theta|condor1_5|entry=105|legsl=None|tgt=0.5|sl=1.0|days=nonexpiry|vix=(-3.0, 3.0)",theta,1430,872,0.003510736277268371,0.00042832929193648006,0.028386390856128707,0.04459443034483024,0.015515878835053676,0.44965034965034967,-3.4764216600177167
"theta|condor1_5|entry=105|legsl=None|tgt=0.5|sl=1.0|days=all|vix=(-3.0, 3.0)",theta,1437,872,0.003510736277268371,0.00042832929193648006,0.028386390856128707,0.04665683177115265,0.015515878835053676,0.4523312456506611,-3.252356931306707
dir|buy_otm1|signal=linreg_slope|tgt=None|sl=None|days=nonexpiry,directional,2141,1290,0.002156369657413756,0.0004158728019627578,0.055037033798472024,0.0221616273334575,0.01866539119620081,0.3535730966837926,-5.213750207271602
dir|buy_otm1|signal=rsi_momentum|tgt=0.5|sl=0.3|days=nonexpiry,directional,2118,1278,0.0019333233329944335,0.00032959766008389124,0.05499638687330077,0.01520120059318475,0.015563830932542655,0.3286118980169972,-6.533931557391475
dir|credit_spread|signal=atr_roc|tgt=0.2|sl=0.2|days=nonexpiry,directional,2140,1290,0.0031242149457672056,0.00023681966196886783,0.03174462014908919,0.01297745783555393,0.017701448784244733,0.4719626168224299,-2.2076209615223874
theta|condor1_5|entry=105|legsl=None|tgt=0.5|sl=1.0|days=all|vix=None,theta,2152,1291,0.002468761842575063,0.00016996838364291555,0.04965959208084414,0.019001530280109424,0.02319659489764858,0.4247211895910781,-4.7183339923240775
theta|condor1_5|entry=105|legsl=None|tgt=0.5|sl=1.0|days=nonexpiry|vix=None,theta,2142,1291,0.002468761842575063,0.00016996838364291555,0.04965959208084414,0.016918238424731502,0.025923864937263286,0.42203548085901027,-4.943657653378227
dir|futures|signal=last_hour_rejection|tgt=1.0|sl=0.5,futures,1318,813,0.057183101473018666,-1.2260103485317586e-05,0.05443555052398341,0.01788112288356225,0.021611182904923143,0.4188163884673748,-6.238125948406689
"theta|condor1_5|entry=105|legsl=None|tgt=None|sl=None|days=all|vix=(-3.0, 3.0)",theta,1437,872,0.003657658244507964,-0.00012003496460677443,0.03139729935258284,0.04373983175858842,0.01698949406386785,0.4474599860821155,-3.777434365876698
"theta|condor1_5|entry=105|legsl=None|tgt=None|sl=None|days=nonexpiry|vix=(-3.0, 3.0)",theta,1430,872,0.003657658244507964,-0.00012003496460677443,0.03139729935258284,0.0484911185131256,0.01630273339280952,0.44965034965034967,-3.45260223319272
dir|credit_spread|signal=last_hour_rejection|tgt=0.5|sl=0.3|days=all,directional,1220,732,0.003495958572331561,-0.00022117796420850766,0.04596626237962409,-0.016741478815977207,0.07139841466761199,0.24016393442622952,-5.520543014952455
dir|futures|signal=sma20_cross|tgt=0.5|sl=0.3,futures,2493,1444,0.049053900276432576,-0.0002628204948965651,0.04960924107275755,0.03787121435584506,0.02334630328594045,0.4159647011632571,-1.5800040112314542
longvol|long_straddle|signal=None|tgt=None|sl=None|days=all,longvol,2531,1464,0.000862902532799134,-0.00032771624969751834,0.05107220146420288,-0.009219308677012705,0.03959828039476443,0.20189648360331885,-19.76077419603874
dir|buy_otm1|signal=open_direction|tgt=0.2|sl=0.2|days=nonexpiry,directional,2142,1291,0.003695649311412488,-0.0004249409456638098,0.04929220981402316,0.010060146743323672,0.015202372417513654,0.4481792717086835,-3.8639589486269057
dir|credit_spread|signal=rsi_momentum|tgt=None|sl=None|days=all,directional,2310,1333,0.00042825983710862114,-0.0006863052641624678,0.050200551076550526,0.005108778341780695,0.05059726593421632,0.470995670995671,-5.42579801035237
longvol|long_strangle2|signal=None|tgt=None|sl=None|days=all,longvol,2418,1371,0.0008962844428367218,-0.0006945537898004339,0.0532068431092787,-0.019481617945391827,0.08222738323193657,0.14309346567411083,-20.71840683320024
dir|buy_otm1|signal=linreg_slope|tgt=None|sl=None|days=all,directional,2486,1434,0.0012019672340874954,-0.0007599183129204379,0.07357562213499502,-0.005491992272555035,0.03033407376259123,0.32139983909895414,-10.318137702782693
dir|debit_spread|signal=day_high_low_break|tgt=None|sl=None|days=nonexpiry,directional,1914,1160,0.0025926529156365037,-0.0008850119582135552,0.07727990898922399,0.054418820293939296,0.04079324197015877,0.4211076280041797,-1.4218482782798376
dir|credit_spread|signal=atr_roc|tgt=None|sl=None|days=nonexpiry,directional,2140,1290,0.0005827393777119395,-0.0009191038681420904,0.04999996153302455,0.01850946358989236,0.022995098173315798,0.45841121495327103,-4.114913744117055
dir|buy_otm1|signal=bb_breakout|tgt=0.5|sl=0.3|days=all,directional,2459,1434,0.002583574361347321,-0.0010662629689922598,0.048908032039641336,-0.004932787322099452,0.04681521710482994,0.3477023180154534,-4.099727916065975
dir|buy_otm1|signal=rsi_momentum|tgt=0.2|sl=0.2|days=nonexpiry,directional,2118,1278,0.0028234487837660565,-0.0011227103542310601,0.048225878526952815,0.008251735089096712,0.013397209399707566,0.4173748819641171,-4.90305734924374
longvol|long_straddle|signal=None|tgt=0.6|sl=0.4|days=all,longvol,2531,1464,0.0010932435627654812,-0.0011572664093112417,0.051041838162841136,-0.00923884372896655,0.03968742533734182,0.20308178585539313,-16.195656375308893
dir|buy_atm|signal=sma20_cross|tgt=0.5|sl=0.3|days=all,directional,2469,1432,0.0017418072920197187,-0.0012380961026146053,0.055471858850469014,0.006431312804038303,0.009792348809523066,0.32766302146618065,-7.73144009415946
dir|credit_spread|signal=bb_breakout|tgt=0.2|sl=0.2|days=all,directional,2295,1318,0.003864663906083325,-0.001285741417169084,0.05018401351949031,-0.0075753026388677425,0.05988748817775258,0.46492374727668845,-2.2325010382677215
theta|condor2_7|entry=105|legsl=None|tgt=None|sl=None|days=all|vix=None,theta,2140,1289,0.0050528986444482405,-0.0014351490200636974,0.04982983435209598,0.015861808071303107,0.0335027790167195,0.4985981308411215,-2.549011032901356
theta|condor2_7|entry=105|legsl=None|tgt=None|sl=None|days=nonexpiry|vix=None,theta,2140,1289,0.0050528986444482405,-0.0014351490200636974,0.04982983435209598,0.015861808071303107,0.0335027790167195,0.4985981308411215,-2.549011032901356
longvol|long_straddle|signal=None|tgt=0.3|sl=0.3|days=all,longvol,2531,1464,0.0013071873376168067,-0.0014838972158774943,0.05067803859236919,-0.008570439063075086,0.03686474374653459,0.20347688660608454,-13.495893115066625
dir|credit_spread|signal=rsi_momentum|tgt=None|sl=None|days=nonexpiry,directional,2118,1278,0.0004966828555074017,-0.001569367259454446,0.05037457605053619,0.012469684569357264,0.05673989014105851,0.4721435316336166,-4.699268005962525
dir|buy_atm|signal=sma20_cross|tgt=None|sl=None|days=nonexpiry,directional,2087,1258,0.002603606632670734,-0.0015842364830533917,0.051079012055986084,0.017667949534125427,0.017724283108617178,0.36224245328222326,-6.409202612578498
dir|credit_spread|signal=atr_roc|tgt=None|sl=None|days=all,directional,2356,1346,0.0003052126362066455,-0.00162873569355515,0.05828355739012314,0.006443595266046431,0.028866108038883564,0.4342105263157895,-6.519138452681146
theta|condor2_7|entry=105|legsl=None|tgt=0.5|sl=1.0|days=nonexpiry|vix=None,theta,2140,1289,0.004910970703779476,-0.0018748902398977307,0.05042834650377814,0.017211518389418146,0.03252737634040759,0.4985981308411215,-2.384540056913813
theta|condor2_7|entry=105|legsl=None|tgt=0.5|sl=1.0|days=all|vix=None,theta,2140,1289,0.004910970703779476,-0.0018748902398977307,0.05042834650377814,0.017211518389418146,0.03252737634040759,0.4985981308411215,-2.384540056913813
dir|buy_otm1|signal=macd|tgt=None|sl=None|days=nonexpiry,directional,2142,1291,0.002653019491922304,-0.002095699609679258,0.060390555445614,0.009143874082382375,0.03322947537707455,0.3389355742296919,-6.766208868333939
theta|condor2_7|entry=5|legsl=0.5|tgt=None|sl=None|days=all|vix=None,theta,2141,1290,0.00044970663618988205,-0.002166048636400353,0.05066724456016258,0.012646511112621939,0.0059632072044421,0.5025688930406352,1.2378946386757006
theta|condor2_7|entry=5|legsl=0.5|tgt=None|sl=None|days=nonexpiry|vix=None,theta,2141,1290,0.00044970663618988205,-0.002166048636400353,0.05066724456016258,0.012646511112621939,0.0059632072044421,0.5025688930406352,1.2378946386757006
dir|buy_atm|signal=sma20_cross|tgt=0.5|sl=0.3|days=nonexpiry,directional,2087,1258,0.0026234700470280405,-0.002310113636027289,0.04889037789354156,0.0201708944534158,0.011530020336018909,0.35745088643986583,-5.725645407606782
longvol|long_straddle|signal=orb|tgt=None|sl=None|days=all,longvol,2482,1440,0.0018228955494130723,-0.002386389086593166,0.04966508473052389,-0.0018093935163376873,0.031138505812149386,0.35495568090249796,-13.382694350990384
theta|condor2_7|entry=5|legsl=0.4|tgt=None|sl=None|days=all|vix=None,theta,2141,1290,0.0004544626460987468,-0.0023957611534777268,0.05061271554868907,0.012798537931886456,0.006061598662210899,0.5030359645025689,1.1561968594212368
theta|condor2_7|entry=5|legsl=0.4|tgt=None|sl=None|days=nonexpiry|vix=None,theta,2141,1290,0.0004544626460987468,-0.0023957611534777268,0.05061271554868907,0.012798537931886456,0.006061598662210899,0.5030359645025689,1.1561968594212368
dir|buy_atm|signal=sma20_cross|tgt=0.2|sl=0.2|days=all,directional,2469,1432,0.002884297916952155,-0.0026512535132612314,0.04945637018958193,-0.000970598279963264,0.025606555557483368,0.4082624544349939,-5.478910059633405
"theta|straddle|entry=5|legsl=0.25|tgt=None|sl=None|days=expiry|vix=(-3.0, 3.0)",theta,268,120,0.14287325047695798,-0.002749701626616363,0.10813604731301807,-0.01056257315473108,0.06047694235777712,0.10820895522388059,-23.686237781186605
dir|debit_spread|signal=bb_fade|tgt=None|sl=None|days=nonexpiry,directional,2105,1274,0.0024686473069395346,-0.0030232209393920018,0.06391211226784466,0.04201247868499314,0.019856677388387367,0.3771971496437055,-4.087915699949741
theta|condor2_7|entry=5|legsl=None|tgt=None|sl=None|days=nonexpiry|vix=None,theta,2141,1290,0.00037262089401667806,-0.003155379512995382,0.050480195243405634,0.0065485553380855155,0.009652009537183814,0.5044371788883699,-2.512446853792915
theta|condor2_7|entry=5|legsl=None|tgt=None|sl=None|days=all|vix=None,theta,2141,1290,0.00037262089401667806,-0.003155379512995382,0.050480195243405634,0.0065485553380855155,0.009652009537183814,0.5044371788883699,-2.512446853792915
dir|credit_spread|signal=bb_breakout|tgt=0.2|sl=0.2|days=nonexpiry,directional,2105,1274,0.0059622208991723736,-0.0031798407074316026,0.04968650183682244,0.0030009527346919196,0.0341781248269627,0.4688836104513064,-1.9981622650810202
longvol|long_strangle2|signal=None|tgt=0.6|sl=0.4|days=all,longvol,2418,1371,0.0013006513188070945,-0.003354170781528887,0.05430553870596411,-0.016670285038768218,0.07069524935690319,0.1435070306038048,-13.16651269795088
"theta|straddle|entry=5|legsl=0.25|tgt=0.5|sl=1.0|days=expiry|vix=(-3.0, 3.0)",theta,268,120,0.1434352811585522,-0.0033587722777785878,0.10883447103981225,-0.011752115900141025,0.06099560798203363,0.10820895522388059,-24.107508306997925
theta|condor2_7|entry=5|legsl=0.25|tgt=None|sl=None|days=all|vix=None,theta,2141,1290,0.0003092598504453835,-0.0034268036285860504,0.05056661655407024,0.008565044741696504,0.008631757308711907,0.4694068192433442,-1.5660008030443189
theta|condor2_7|entry=5|legsl=0.25|tgt=None|sl=None|days=nonexpiry|vix=None,theta,2141,1290,0.0003092598504453835,-0.0034268036285860504,0.05056661655407024,0.008565044741696504,0.008631757308711907,0.4694068192433442,-1.5660008030443189
dir|buy_otm1|signal=sma20_cross|tgt=None|sl=None|days=all,directional,2422,1401,0.001114099036646847,-0.003535455757794681,0.07444218697415428,-0.00904948735640132,0.04574166887744002,0.29644921552436004,-13.386158049830122
dir|buy_atm|signal=bb_fade|tgt=None|sl=None|days=nonexpiry,directional,2105,1274,0.0026066175543914038,-0.0035975518184432342,0.06238183650359119,0.013881612533467536,0.018974733522878706,0.3771971496437055,-6.631843658972807
longvol|long_strangle2|signal=None|tgt=0.3|sl=0.3|days=all,longvol,2418,1371,0.0014213341212688168,-0.0036198052893426924,0.05305545669711753,-0.014031509933032038,0.05976964714507926,0.14640198511166252,-11.105415894861702
dir|buy_otm1|signal=last_hour_rejection|tgt=None|sl=None|days=all,directional,1302,804,0.002236725887840149,-0.003807150070129106,0.08183841608275955,-0.006645256513987174,0.039103266987084995,0.2834101382488479,-9.54186662700731
theta|straddle|entry=5|legsl=0.25|tgt=None|sl=None|days=expiry|vix=None,theta,345,153,0.12354185228432256,-0.0038656743686897865,0.11226187170448221,-0.012387856346712134,0.0797169519979698,0.12173913043478261,-21.003645550882645
dir|credit_spread|signal=atr_roc|tgt=0.2|sl=0.2|days=all,directional,2356,1346,0.0029755860172751133,-0.00400149573242381,0.04966659711819765,-0.011890190366159792,0.08852602275295374,0.4732597623089983,-2.303657859572936
dir|credit_spread|signal=stochastic|tgt=0.5|sl=0.3|days=all,directional,2355,1339,0.00371955333899703,-0.004070139918383009,0.04987651874348231,0.008560991383001593,0.049048593131511775,0.43439490445859874,-2.5355121396058684
dir|credit_spread|signal=bb_fade|tgt=0.2|sl=0.2|days=all,directional,2341,1341,0.002399982275133134,-0.004141380558245644,0.05045834675171912,-0.01235016882473583,0.06300458972196443,0.430158052114481,-3.891582745310589
dir|credit_spread|signal=sma20_cross|tgt=None|sl=None|days=nonexpiry,directional,2085,1257,0.0018833379623011406,-0.00466525092682224,0.054124875247859694,0.005245243665011001,0.03980763914700691,0.42973621103117504,-4.747479505414871
dir|buy_otm1|signal=orb|tgt=0.5|sl=0.3|days=nonexpiry,directional,2140,1289,0.0024206063485511685,-0.004712460385424944,0.04477252317267588,0.005865538626676159,0.021135579248214187,0.3322429906542056,-6.086569361758009
dir|credit_spread|signal=bb_fade|tgt=None|sl=None|days=nonexpiry,directional,2105,1274,0.002559615097873838,-0.004740912149622245,0.05002761325533711,-0.010425727879904034,0.063577207724968,0.433729216152019,-5.095156711139475
dir|debit_spread|signal=last_hour_rejection|tgt=0.5|sl=0.3|days=nonexpiry,directional,1096,701,0.0024804962959336318,-0.004777633101469725,0.045892365097293886,0.003628046031358245,0.016673937123971805,0.20529197080291972,-3.946334677329899
dir|credit_spread|signal=sma20_cross|tgt=0.2|sl=0.2|days=all,directional,2312,1325,0.002595025249526523,-0.004830878381036352,0.046008225766255406,-0.01442716525032195,0.07003912240369836,0.4437716262975779,-3.516677311495411
theta|straddle|entry=5|legsl=0.25|tgt=0.5|sl=1.0|days=expiry|vix=None,theta,345,153,0.1252238805615068,-0.004831535774785234,0.1153961505550195,-0.018675297421462345,0.08399190615219876,0.12173913043478261,-22.794691773541768
dir|debit_spread|signal=open_direction|tgt=0.5|sl=0.3|days=nonexpiry,directional,2142,1291,0.0011715135384292464,-0.004901443579872877,0.05254177965862816,0.0020864680404941716,0.017052126363856446,0.37254901960784315,-4.894053232262449
dir|credit_spread|signal=stochastic|tgt=0.2|sl=0.2|days=all,directional,2355,1339,0.0027623274014931714,-0.004946037630069844,0.04639994639918821,-0.013826321006329079,0.06417085714107307,0.45987261146496816,-3.1569606786290554
dir|buy_otm1|signal=atr_roc|tgt=0.5|sl=0.3|days=all,directional,2486,1437,0.003061134150144748,-0.005231952808897433,0.05016593491889365,-0.010874200731315287,0.06553571716835904,0.3467417538213998,-4.503860894269936
dir|debit_spread|signal=open_direction|tgt=0.5|sl=0.3|days=all,directional,2418,1394,0.0010613906241156484,-0.0052393654343266816,0.05223421521737959,-0.00040710057909687514,0.021055275117049077,0.3825475599669148,-4.296391058226476
dir|credit_spread|signal=sma20_cross|tgt=0.5|sl=0.3|days=all,directional,2312,1325,0.0037737819554456,-0.005242915439622187,0.04982921544074437,-0.006558362569214604,0.0732382394763973,0.41133217993079585,-2.8648830603949955
theta|straddle|entry=15|legsl=None|tgt=0.5|sl=1.0|days=expiry|vix=None,theta,344,152,0.09665155303409693,-0.005296243728350136,0.10771719492297216,-0.034229681580525195,0.16113752120159208,0.49709302325581395,-34.160196595580075
dir|credit_spread|signal=bb_fade|tgt=0.5|sl=0.3|days=nonexpiry,directional,2105,1274,0.004137128697659365,-0.005410862728132293,0.050235951010283886,0.003677961698403065,0.03791398883619823,0.4137767220902613,-3.1521393351979605
dir|buy_otm1|signal=bb_fade|tgt=0.5|sl=0.3|days=nonexpiry,directional,2105,1274,0.0025960417185615513,-0.005937135139556626,0.06655856635872548,0.006194306399435412,0.025338892590990314,0.3505938242280285,-5.577908099811038
longvol|long_straddle|signal=None|tgt=None|sl=None|days=expiry,longvol,390,174,0.0027315131420797343,-0.006157972737721895,0.12578356855221162,-0.03740300270850816,0.1535266600613775,0.0,-98.6277453342065
dir|debit_spread|signal=rsi_momentum|tgt=0.5|sl=0.3|days=all,directional,2406,1388,0.0010096561222005189,-0.006170047397459744,0.05866793062746123,-0.0043314475133355845,0.03264718261965205,0.3719866999168745,-4.329232682985309
dir|buy_otm1|signal=sma20_cross|tgt=None|sl=None|days=nonexpiry,directional,2087,1258,0.002421132332736769,-0.0063247878740552155,0.05659146386084246,0.014399886729699718,0.02369933321344264,0.33205558217537134,-5.956563434093605
dir|buy_otm1|signal=sma20_cross|tgt=0.5|sl=0.3|days=all,directional,2422,1401,0.0019076801771733905,-0.00671600120268423,0.06330024813359303,-0.001635987331251254,0.026613948070331017,0.31213872832369943,-7.247719981625098
dir|debit_spread|signal=open_direction|tgt=0.2|sl=0.2|days=all,directional,2418,1394,0.0007924124703341641,-0.007742995416540777,0.05546646508312336,-0.003837713819232369,0.01704077621985578,0.3854425144747725,-5.160778679170325
dir|buy_atm|signal=bb_fade|tgt=0.5|sl=0.3|days=all,directional,2489,1450,0.002305023508021327,-0.00922123302786615,0.09133639276480843,-0.013907030385594377,0.06750721467079301,0.3306548814785054,-8.571223392549793
dir|buy_otm1|signal=bb_fade|tgt=None|sl=None|days=nonexpiry,directional,2105,1274,0.002668614913541904,-0.009270395737931869,0.07456630803434006,0.012096473541290509,0.022650415931679824,0.36342042755344417,-6.104167782035973
dir|buy_atm|signal=stochastic|tgt=0.5|sl=0.3|days=all,directional,2513,1450,0.002716307830753594,-0.009768415162972555,0.08482800354319764,-0.01251674199094388,0.07318611087631799,0.3501790688420215,-7.1435432914391574
dir|debit_spread|signal=orb|tgt=0.5|sl=0.3|days=all,directional,2409,1391,0.0011469375585940475,-0.010203451614394066,0.072258961683345,-0.008856710301011983,0.05077034014143478,0.3731838937318389,-4.13187554902781
dir|debit_spread|signal=momentum_1m|tgt=0.2|sl=0.2|days=all,directional,1755,1023,0.0015784483766184269,-0.010354382271953955,0.07943220244549232,-0.010723792156512979,0.04611828590816136,0.3977207977207977,-4.810460671240108
dir|debit_spread|signal=macd|tgt=0.2|sl=0.2|days=all,directional,2411,1390,0.0008869774236301464,-0.010844413788066776,0.06969084310052531,-0.014075638510863464,0.060379298899400746,0.36001659062629615,-5.43909400294278
dir|debit_spread|signal=rsi_momentum|tgt=0.2|sl=0.2|days=all,directional,2406,1388,0.0009137049432857399,-0.01086517631195294,0.07216324886039971,-0.01259449647036448,0.0537783430173735,0.38154613466334164,-5.079458295996498
dir|debit_spread|signal=orb_reversal|tgt=0.2|sl=0.2|days=all,directional,2415,1392,0.0008535748804528186,-0.011206214016072913,0.07217920148336787,-0.013441543716643412,0.0588200687392878,0.35942028985507246,-5.7679137723302745
dir|debit_spread|signal=momentum_1m|tgt=0.5|sl=0.3|days=all,directional,1755,1023,0.0021368026045412553,-0.011504130721433414,0.07969712605865487,-0.005355230159487356,0.04065462407635234,0.3783475783475784,-3.873037020085544
dir|debit_spread|signal=rsi_momentum|tgt=0.5|sl=0.3|days=nonexpiry,directional,2118,1278,0.0014331979291801803,-0.011636357919965423,0.08226834934608751,-0.007646515530313813,0.03611570066639802,0.36827195467422097,-4.912013883340798
theta|strangle2|entry=105|legsl=0.4|tgt=0.5|sl=1.0|days=expiry|vix=None,theta,201,51,0.2694249629191612,-0.01244927283897812,0.198883803798247,0.06647549201919878,0.11309354471579247,0.47761194029850745,-0.1189710136641247
theta|strangle2|entry=105|legsl=0.4|tgt=None|sl=None|days=expiry|vix=None,theta,201,51,0.2694249629191612,-0.01244927283897812,0.198883803798247,0.08557778622559642,0.10970690124004756,0.47761194029850745,5.343712381038388
dir|debit_spread|signal=open_direction|tgt=0.2|sl=0.2|days=nonexpiry,directional,2142,1291,0.001058039127406956,-0.013466450090731552,0.08106873213833998,-0.005189779148817353,0.022714099674834398,0.3711484593837535,-5.593100726045702
dir|debit_spread|signal=rsi_reversal|tgt=0.2|sl=0.2|days=all,directional,2380,1373,0.000990385881816293,-0.013653958123867493,0.08146550514087325,-0.016334787825077357,0.0695228218615187,0.34789915966386553,-5.862617187413098
dir|debit_spread|signal=last_hour_rejection|tgt=None|sl=None|days=nonexpiry,directional,1096,701,0.002964474194269015,-0.013709810189950988,0.08433556110113016,-0.006217858044698765,0.04448618691640194,0.2062043795620438,-4.0352308966252055
dir|debit_spread|signal=orb|tgt=0.2|sl=0.2|days=all,directional,2409,1391,0.001005949956198239,-0.01410694994169992,0.0861787779678056,-0.015457727893122053,0.06574579236957812,0.3814860938148609,-4.990691478599795
dir|debit_spread|signal=linreg_slope|tgt=0.2|sl=0.2|days=all,directional,2426,1391,0.0010786521258958756,-0.014881284292678543,0.09045443168048539,-0.0170831768548918,0.07264051743818223,0.3713932399010717,-4.666697401742452
dir|buy_otm1|signal=macd|tgt=None|sl=None|days=all,directional,2482,1435,0.002349000525995585,-0.015124879111314882,0.12842934164335618,-0.03199727654867712,0.14488374710394825,0.3178887993553586,-9.608626112342362
dir|debit_spread|signal=orb_reversal|tgt=0.5|sl=0.3|days=all,directional,2415,1392,0.0013792972874153231,-0.01520549616526723,0.09196287007968007,-0.019921518134205063,0.09595410246573444,0.3867494824016563,-5.396530532694751
"theta|straddle|entry=15|legsl=None|tgt=0.5|sl=1.0|days=expiry|vix=(-3.0, 3.0)",theta,268,115,0.14999735852430066,-0.016287864279824427,0.1481487462761042,-0.05248940230940491,0.21372086162316006,0.48507462686567165,-35.94100705104088
dir|buy_otm1|signal=bb_fade|tgt=0.5|sl=0.3|days=all,directional,2449,1422,0.0025569882878077274,-0.016616074970180472,0.12177350969098588,-0.02261540893481162,0.103985407133939,0.32380563495304204,-7.926069800342625
longvol|long_strangle2|signal=orb|tgt=None|sl=None|days=all,longvol,2320,1336,0.0016215533264753031,-0.016843079523499838,0.10018823092222506,-0.024594813714039154,0.10331589034109889,0.22801724137931034,-13.065179204849334
dir|debit_spread|signal=ema9_21|tgt=0.2|sl=0.2|days=all,directional,2241,1305,0.0013177408110070722,-0.016864925019905774,0.10160344780288788,-0.017390473510711768,0.07366005411926657,0.3712628290941544,-4.904299288296849
dir|debit_spread|signal=bb_fade|tgt=0.2|sl=0.2|days=all,directional,2392,1378,0.0013174896465835717,-0.017320105776272188,0.10479834151566514,-0.02035284578243768,0.08633218242989638,0.36454849498327757,-4.906803816556431
dir|debit_spread|signal=orb|tgt=0.5|sl=0.3|days=nonexpiry,directional,2140,1289,0.001613596100231911,-0.01734817190772875,0.11087191735098789,-0.015159858836289675,0.06445351700616664,0.36822429906542054,-4.778342850477896
dir|debit_spread|signal=stochastic|tgt=0.2|sl=0.2|days=all,directional,2417,1387,0.0011878876869728912,-0.01767704026446859,0.10368231006472606,-0.023246590066425377,0.09786194707629803,0.3520893669838643,-4.908574595847897
dir|buy_otm1|signal=ema9_21|tgt=None|sl=None|days=all,directional,2299,1345,0.002861255164918502,-0.0180875709463999,0.1386111178367806,-0.03333020090589178,0.1583358424774628,0.32622879512831665,-8.949291071039328
dir|debit_spread|signal=last_hour_rejection|tgt=0.2|sl=0.2|days=all,directional,1266,773,0.00306899800959467,-0.019078050238812816,0.11084066608578835,-0.010719609381579231,0.0511898230317549,0.2646129541864139,-3.7196425596609313
dir|debit_spread|signal=atr_roc|tgt=0.5|sl=0.3|days=all,directional,2424,1394,0.0020853050494568886,-0.01915908412154599,0.11632181085033366,-0.038021836408577925,0.1555443883037858,0.37376237623762376,-3.60193060093587
dir|debit_spread|signal=macd|tgt=0.5|sl=0.3|days=all,directional,2411,1390,0.0015401984708878788,-0.019444519580420372,0.12181368708424134,-0.02109545332400309,0.10417659265651658,0.3732890916632103,-4.814020944491851
dir|debit_spread|signal=sma20_cross|tgt=0.2|sl=0.2|days=all,directional,2373,1361,0.0011648034314402599,-0.02029908102257172,0.11745251827038528,-0.026665736200258472,0.11119603761663355,0.34892541087231355,-5.1229988612979955
dir|debit_spread|signal=linreg_slope|tgt=0.5|sl=0.3|days=all,directional,2426,1391,0.001796560721218092,-0.02054999064007723,0.12334358742137552,-0.021847329312589814,0.09288978828858163,0.3705688375927453,-3.8559876863423797
dir|buy_otm1|signal=bb_fade|tgt=None|sl=None|days=all,directional,2449,1422,0.0016086910301967463,-0.020739737715706252,0.14580824951430227,-0.030995510523590952,0.13420741567813121,0.31727235606369947,-14.301537011274517
dir|debit_spread|signal=orb_reversal|tgt=0.2|sl=0.2|days=nonexpiry,directional,2140,1289,0.0012615753995762436,-0.020929735636575297,0.11960290161898313,-0.018814911403057355,0.07988068332967968,0.3518691588785047,-6.2523262381018885
dir|debit_spread|signal=day_high_low_break|tgt=0.2|sl=0.2|days=all,directional,2200,1273,0.002111934366873309,-0.021850146159677397,0.1255195497032331,-0.03009210503389892,0.12583284551992457,0.44227272727272726,-3.0362617146687074
dir|debit_spread|signal=rsi_momentum|tgt=0.2|sl=0.2|days=nonexpiry,directional,2118,1278,0.0014189344169833413,-0.02239147348775683,0.12952848649998672,-0.020765637779691537,0.08745761244681305,0.3696883852691218,-5.53918979866534
dir|debit_spread|signal=day_high_low_break|tgt=0.5|sl=0.3|days=all,directional,2200,1273,0.0036379650177070584,-0.022751415189136814,0.13733831308905786,-0.01944854625744974,0.12569456885283137,0.4077272727272727,-1.774163192824342
dir|buy_otm1|signal=stochastic|tgt=0.5|sl=0.3|days=all,directional,2468,1423,0.0037063164762593135,-0.024001078627912786,0.1430983574355913,-0.029884473826608082,0.1449712577576544,0.3346839546191248,-6.407066001181085
dir|debit_spread|signal=atr_roc|tgt=0.2|sl=0.2|days=all,directional,2424,1394,0.0016485124150569218,-0.024104480192442934,0.13721458766497197,-0.039565783656213216,0.1614395812521937,0.3935643564356436,-4.106667118095132
dir|buy_otm1|signal=stochastic|tgt=None|sl=None|days=nonexpiry,directional,2122,1276,0.004455938076032348,-0.024469883324822805,0.20586051358340796,-0.0059887165290647415,0.08379590708270679,0.3473138548539114,-6.048421865949981
dir|debit_spread|signal=bb_breakout|tgt=0.5|sl=0.3|days=all,directional,2415,1400,0.002644707009651108,-0.024708486099883076,0.16183267583941097,-0.03193854913211036,0.13641366820847334,0.3826086956521739,-2.7632810160269647
dir|debit_spread|signal=momentum_1m|tgt=0.5|sl=0.3|days=nonexpiry,directional,1545,943,0.003053563280348805,-0.025171700903628635,0.15415538889756775,-0.017775528604391355,0.0794112663521519,0.37087378640776697,-4.767732060102197
dir|debit_spread|signal=macd|tgt=0.2|sl=0.2|days=nonexpiry,directional,2142,1291,0.001527689132701135,-0.026091002773038108,0.14885852193161586,-0.02602768006652978,0.1086520975205787,0.3618113912231559,-5.79194059310507
dir|debit_spread|signal=sma20_cross|tgt=0.5|sl=0.3|days=all,directional,2373,1361,0.0016696953665870503,-0.0263872416422124,0.15433758107319628,-0.02680975066878155,0.11616645298912842,0.34513274336283184,-4.808158958242555
dir|debit_spread|signal=momentum_1m|tgt=0.2|sl=0.2|days=nonexpiry,directional,1545,943,0.0025765288134678896,-0.028277254060412038,0.15983712014487494,-0.02362495487482741,0.0992925252240382,0.3877022653721683,-5.34925463793733
dir|debit_spread|signal=rsi_reversal|tgt=0.2|sl=0.2|days=nonexpiry,directional,2118,1278,0.0015509787865034216,-0.028349044879125374,0.1588644139609301,-0.02293662102372629,0.09663348599593158,0.34560906515580736,-6.193313771910663
dir|futures|signal=ema9_21|tgt=0.5|sl=0.3,futures,2360,1381,0.14120435074966098,-0.028503910905687935,0.29469097856651705,0.028811456510376088,0.15687378835893528,0.42542372881355933,-0.2429449152542305
dir|debit_spread|signal=orb|tgt=0.2|sl=0.2|days=nonexpiry,directional,2140,1289,0.0016151321433965158,-0.028856842373774616,0.16140279938535496,-0.02689619579865765,0.1122126426926483,0.37383177570093457,-5.3845745384425765
dir|debit_spread|signal=stochastic|tgt=0.5|sl=0.3|days=all,directional,2417,1387,0.0022778319710666083,-0.02896566362854147,0.18440322941987075,-0.035962338114436276,0.15762252158605938,0.3611915597848573,-4.4915483642679925
dir|debit_spread|signal=orb_reversal|tgt=0.5|sl=0.3|days=nonexpiry,directional,2140,1289,0.0021748897648019763,-0.029172260711290976,0.16408906717163718,-0.03401100668148094,0.14168827940258144,0.385981308411215,-6.202748566939452
dir|debit_spread|signal=bb_breakout|tgt=0.2|sl=0.2|days=all,directional,2415,1400,0.0019422378051189198,-0.02944831955849858,0.16494151763526887,-0.032939710688599466,0.13591360522626705,0.4057971014492754,-3.6128290278728956
dir|debit_spread|signal=rsi_reversal|tgt=0.5|sl=0.3|days=all,directional,2380,1373,0.0021686623152452266,-0.030395070785622424,0.1701062714749476,-0.043193293257287935,0.17745450231766846,0.37436974789915967,-5.731313608806675
dir|buy_otm1|signal=sma20_cross|tgt=0.5|sl=0.3|days=nonexpiry,directional,2087,1258,0.0037420776711777647,-0.03065993147917967,0.17844140776070105,-0.0036167240720004212,0.04131609882923648,0.3272640153330139,-5.732378441628281
dir|debit_spread|signal=sma20_cross|tgt=0.5|sl=0.3|days=nonexpiry,directional,2087,1258,0.0020470500010705025,-0.031700229131620516,0.18254856056932767,-0.018343979687275414,0.08166799876431552,0.3526593195975084,-5.002895294030888
dir|debit_spread|signal=bb_fade|tgt=0.5|sl=0.3|days=all,directional,2392,1378,0.002413177248992264,-0.03411288741829954,0.1934130009325059,-0.02869114000617856,0.12087247577270965,0.3666387959866221,-4.304804164020208
dir|debit_spread|signal=ema9_21|tgt=0.5|sl=0.3|days=all,directional,2241,1305,0.0027818963362377575,-0.03523585799811868,0.21404579180958572,-0.030111616055398693,0.1265341095804955,0.3824185631414547,-3.9646110601265057
dir|buy_otm1|signal=stochastic|tgt=0.5|sl=0.3|days=nonexpiry,directional,2122,1276,0.004412687334434366,-0.036195924468342744,0.20251526668240527,-0.01036002429167393,0.09061054372055277,0.33788878416588125,-5.704891847867543
dir|debit_spread|signal=ema9_21|tgt=0.2|sl=0.2|days=nonexpiry,directional,1982,1207,0.0024700591361738475,-0.0424304657489758,0.22962363948600628,-0.03807194577838924,0.15573621899111845,0.3632694248234107,-5.280067750606479
dir|debit_spread|signal=linreg_slope|tgt=0.2|sl=0.2|days=nonexpiry,directional,2141,1290,0.0022128827126993325,-0.04267869360806742,0.23052264216246232,-0.03306396466038408,0.13699379302465287,0.37412424100887437,-5.038536278187031
dir|futures|signal=macd|tgt=0.5|sl=0.3,futures,2558,1479,0.12054034175973649,-0.044619032407526626,0.2782005376290384,-0.012696387381681329,0.18977738085533402,0.40187646598905397,-2.4628616106333423
dir|debit_spread|signal=sma20_cross|tgt=0.2|sl=0.2|days=nonexpiry,directional,2087,1258,0.0021756988315766905,-0.04676206979596387,0.2500197961627708,-0.037751896833527976,0.15451041686707234,0.3512218495448011,-5.270759698427288
longvol|long_strangle2|signal=orb|tgt=0.3|sl=0.3|days=all,longvol,2320,1336,0.0035160831044176066,-0.04734185268536606,0.2532348417736495,-0.008331604315163,0.046478691908338865,0.3163793103448276,-9.108048461639676
dir|debit_spread|signal=bb_breakout|tgt=0.5|sl=0.3|days=nonexpiry,directional,2105,1274,0.0043607166983982175,-0.05056113379987903,0.2865965301878207,-0.05316018046845883,0.21198864469068335,0.3771971496437055,-2.9466953288721642
dir|debit_spread|signal=macd|tgt=0.5|sl=0.3|days=nonexpiry,directional,2142,1291,0.003435910168050257,-0.05503639351873624,0.2966215935755019,-0.05815477801152136,0.2309091588786385,0.3776844070961718,-5.394455489326481
dir|debit_spread|signal=bb_fade|tgt=0.2|sl=0.2|days=nonexpiry,directional,2105,1274,0.003144042193307881,-0.05981697860905433,0.3092655851450613,-0.05499174266469631,0.21979284769787455,0.3643705463182898,-4.885347619838216
dir|debit_spread|signal=atr_roc|tgt=0.2|sl=0.2|days=nonexpiry,directional,2140,1290,0.0034282754329341774,-0.06065554380692695,0.31360712161550874,-0.06854864516797354,0.2663391957836917,0.397196261682243,-4.349978948970821
dir|debit_spread|signal=rsi_reversal|tgt=0.5|sl=0.3|days=nonexpiry,directional,2118,1278,0.003957227618998373,-0.06407025928228538,0.3291053494911742,-0.06380497225260806,0.25947697635026745,0.3781869688385269,-6.171853566183247
dir|debit_spread|signal=day_high_low_break|tgt=0.2|sl=0.2|days=nonexpiry,directional,1914,1160,0.004552750054229003,-0.06531560135218362,0.3337284139557638,-0.06559537828378847,0.25745328559128766,0.438871473354232,-3.219113391691365
dir|debit_spread|signal=day_high_low_break|tgt=0.5|sl=0.3|days=nonexpiry,directional,1914,1160,0.0069336883800007595,-0.06579517334830931,0.34039409429823275,-0.06624453765346539,0.26605843277261276,0.4096133751306165,-1.8543889878336792
dir|debit_spread|signal=stochastic|tgt=0.2|sl=0.2|days=nonexpiry,directional,2122,1276,0.0031048674613656443,-0.06646621635653671,0.33818325459188525,-0.06267613451819987,0.2472330865218506,0.3567389255419416,-5.081507757736984
dir|debit_spread|signal=atr_roc|tgt=0.5|sl=0.3|days=nonexpiry,directional,2140,1290,0.005512102663377163,-0.06985824861901369,0.36075456085076096,-0.08728270864053678,0.3299797993683534,0.3850467289719626,-3.620266142100931
dir|futures|signal=last_hour_rejection|tgt=None|sl=None,futures,1318,813,0.16114457979776242,-0.07128327288846559,0.3681552321279761,-0.030732727956668038,0.18983494021048508,0.4218512898330804,-6.165212443095613
longvol|long_strangle2|signal=orb|tgt=0.6|sl=0.4|days=all,longvol,2320,1336,0.0056389756176564955,-0.07582293654555727,0.38343092093676046,0.011906774455507252,0.05454446483025077,0.2969827586206897,-8.031723844824166
dir|debit_spread|signal=linreg_slope|tgt=0.5|sl=0.3|days=nonexpiry,directional,2141,1290,0.004979688635657813,-0.07589212152051716,0.38164656487974047,-0.054007685658738924,0.2190963697484556,0.38206445586174687,-4.230063428404397
dir|debit_spread|signal=bb_breakout|tgt=0.2|sl=0.2|days=nonexpiry,directional,2105,1274,0.00427617270085885,-0.07623971224925485,0.3787048492129217,-0.07014611857346653,0.2718111490149746,0.40570071258907364,-3.6729827225179963
dir|debit_spread|signal=stochastic|tgt=0.5|sl=0.3|days=nonexpiry,directional,2122,1276,0.005166287718001209,-0.08517393126216433,0.42222150609960274,-0.0739306354910032,0.30549980362331264,0.37229029217719134,-4.712061100536422
dir|debit_spread|signal=ema9_21|tgt=0.5|sl=0.3|days=nonexpiry,directional,1982,1207,0.006643927304208117,-0.09914196506461148,0.48466541591173495,-0.09140790137980137,0.3435387539868916,0.3763874873864783,-4.648358248009091
dir|buy_otm1|signal=stochastic|tgt=None|sl=None|days=all,directional,2468,1423,0.004876404130803144,-0.0999340543319297,0.4811391126043908,-0.14759102412000769,0.5049223415835737,0.3063209076175041,-12.792658821212994
dir|debit_spread|signal=bb_fade|tgt=0.5|sl=0.3|days=nonexpiry,directional,2105,1274,0.005951091432319123,-0.1062148880199727,0.49128680283344095,-0.0879486152415272,0.3337426141007669,0.36104513064133015,-4.596950268763545
dir|futures|signal=last_hour_rejection|tgt=0.5|sl=0.3,futures,1318,813,0.25627594317874713,-0.10984896379954123,0.513765106889896,-0.05417515503666126,0.24403999559441558,0.4150227617602428,-5.12162367223066
theta|strangle2|entry=5|legsl=None|tgt=None|sl=None|days=expiry|vix=None,theta,178,43,,,,,,,
"theta|strangle2|entry=5|legsl=None|tgt=None|sl=None|days=expiry|vix=(-3.0, 3.0)",theta,142,33,,,,,,,
theta|strangle2|entry=5|legsl=None|tgt=0.5|sl=1.0|days=expiry|vix=None,theta,178,43,,,,,,,
"theta|strangle2|entry=5|legsl=None|tgt=0.5|sl=1.0|days=expiry|vix=(-3.0, 3.0)",theta,142,33,,,,,,,
theta|strangle2|entry=5|legsl=0.25|tgt=None|sl=None|days=expiry|vix=None,theta,178,43,,,,,,,
"theta|strangle2|entry=5|legsl=0.25|tgt=None|sl=None|days=expiry|vix=(-3.0, 3.0)",theta,142,33,,,,,,,
theta|strangle2|entry=5|legsl=0.25|tgt=0.5|sl=1.0|days=expiry|vix=None,theta,178,43,,,,,,,
"theta|strangle2|entry=5|legsl=0.25|tgt=0.5|sl=1.0|days=expiry|vix=(-3.0, 3.0)",theta,142,33,,,,,,,
theta|strangle2|entry=5|legsl=0.4|tgt=None|sl=None|days=expiry|vix=None,theta,178,43,,,,,,,
"theta|strangle2|entry=5|legsl=0.4|tgt=None|sl=None|days=expiry|vix=(-3.0, 3.0)",theta,142,33,,,,,,,
theta|strangle2|entry=5|legsl=0.4|tgt=0.5|sl=1.0|days=expiry|vix=None,theta,178,43,,,,,,,
"theta|strangle2|entry=5|legsl=0.4|tgt=0.5|sl=1.0|days=expiry|vix=(-3.0, 3.0)",theta,142,33,,,,,,,
theta|strangle2|entry=5|legsl=0.5|tgt=None|sl=None|days=expiry|vix=None,theta,178,43,,,,,,,
"theta|strangle2|entry=5|legsl=0.5|tgt=None|sl=None|days=expiry|vix=(-3.0, 3.0)",theta,142,33,,,,,,,
theta|strangle2|entry=5|legsl=0.5|tgt=0.5|sl=1.0|days=expiry|vix=None,theta,178,43,,,,,,,
"theta|strangle2|entry=5|legsl=0.5|tgt=0.5|sl=1.0|days=expiry|vix=(-3.0, 3.0)",theta,142,33,,,,,,,
theta|strangle2|entry=15|legsl=None|tgt=None|sl=None|days=expiry|vix=None,theta,183,46,,,,,,,
"theta|strangle2|entry=15|legsl=None|tgt=None|sl=None|days=expiry|vix=(-3.0, 3.0)",theta,148,34,,,,,,,
theta|strangle2|entry=15|legsl=None|tgt=0.5|sl=1.0|days=expiry|vix=None,theta,183,46,,,,,,,
"theta|strangle2|entry=15|legsl=None|tgt=0.5|sl=1.0|days=expiry|vix=(-3.0, 3.0)",theta,148,34,,,,,,,
theta|strangle2|entry=15|legsl=0.25|tgt=None|sl=None|days=expiry|vix=None,theta,183,46,,,,,,,
"theta|strangle2|entry=15|legsl=0.25|tgt=None|sl=None|days=expiry|vix=(-3.0, 3.0)",theta,148,34,,,,,,,
theta|strangle2|entry=15|legsl=0.25|tgt=0.5|sl=1.0|days=expiry|vix=None,theta,183,46,,,,,,,
"theta|strangle2|entry=15|legsl=0.25|tgt=0.5|sl=1.0|days=expiry|vix=(-3.0, 3.0)",theta,148,34,,,,,,,
theta|strangle2|entry=15|legsl=0.4|tgt=None|sl=None|days=expiry|vix=None,theta,183,46,,,,,,,
"theta|strangle2|entry=15|legsl=0.4|tgt=None|sl=None|days=expiry|vix=(-3.0, 3.0)",theta,148,34,,,,,,,
theta|strangle2|entry=15|legsl=0.4|tgt=0.5|sl=1.0|days=expiry|vix=None,theta,183,46,,,,,,,
"theta|strangle2|entry=15|legsl=0.4|tgt=0.5|sl=1.0|days=expiry|vix=(-3.0, 3.0)",theta,148,34,,,,,,,
theta|strangle2|entry=15|legsl=0.5|tgt=None|sl=None|days=expiry|vix=None,theta,183,46,,,,,,,
"theta|strangle2|entry=15|legsl=0.5|tgt=None|sl=None|days=expiry|vix=(-3.0, 3.0)",theta,148,34,,,,,,,
theta|strangle2|entry=15|legsl=0.5|tgt=0.5|sl=1.0|days=expiry|vix=None,theta,183,46,,,,,,,
"theta|strangle2|entry=15|legsl=0.5|tgt=0.5|sl=1.0|days=expiry|vix=(-3.0, 3.0)",theta,148,34,,,,,,,
"theta|strangle2|entry=105|legsl=None|tgt=None|sl=None|days=expiry|vix=(-3.0, 3.0)",theta,137,32,,,,,,,
"theta|strangle2|entry=105|legsl=None|tgt=0.5|sl=1.0|days=expiry|vix=(-3.0, 3.0)",theta,137,32,,,,,,,
"theta|strangle2|entry=105|legsl=0.25|tgt=None|sl=None|days=expiry|vix=(-3.0, 3.0)",theta,137,32,,,,,,,
"theta|strangle2|entry=105|legsl=0.25|tgt=0.5|sl=1.0|days=expiry|vix=(-3.0, 3.0)",theta,137,32,,,,,,,
"theta|strangle2|entry=105|legsl=0.4|tgt=None|sl=None|days=expiry|vix=(-3.0, 3.0)",theta,137,32,,,,,,,
"theta|strangle2|entry=105|legsl=0.4|tgt=0.5|sl=1.0|days=expiry|vix=(-3.0, 3.0)",theta,137,32,,,,,,,
"theta|strangle2|entry=105|legsl=0.5|tgt=None|sl=None|days=expiry|vix=(-3.0, 3.0)",theta,137,32,,,,,,,
"theta|strangle2|entry=105|legsl=0.5|tgt=0.5|sl=1.0|days=expiry|vix=(-3.0, 3.0)",theta,137,32,,,,,,,
theta|strangle3|entry=5|legsl=None|tgt=None|sl=None|days=expiry|vix=None,theta,94,6,,,,,,,
"theta|strangle3|entry=5|legsl=None|tgt=None|sl=None|days=expiry|vix=(-3.0, 3.0)",theta,72,3,,,,,,,
theta|strangle3|entry=5|legsl=None|tgt=0.5|sl=1.0|days=expiry|vix=None,theta,94,6,,,,,,,
"theta|strangle3|entry=5|legsl=None|tgt=0.5|sl=1.0|days=expiry|vix=(-3.0, 3.0)",theta,72,3,,,,,,,
theta|strangle3|entry=5|legsl=0.25|tgt=None|sl=None|days=expiry|vix=None,theta,94,6,,,,,,,
"theta|strangle3|entry=5|legsl=0.25|tgt=None|sl=None|days=expiry|vix=(-3.0, 3.0)",theta,72,3,,,,,,,
theta|strangle3|entry=5|legsl=0.25|tgt=0.5|sl=1.0|days=expiry|vix=None,theta,94,6,,,,,,,
"theta|strangle3|entry=5|legsl=0.25|tgt=0.5|sl=1.0|days=expiry|vix=(-3.0, 3.0)",theta,72,3,,,,,,,
theta|strangle3|entry=5|legsl=0.4|tgt=None|sl=None|days=expiry|vix=None,theta,94,6,,,,,,,
"theta|strangle3|entry=5|legsl=0.4|tgt=None|sl=None|days=expiry|vix=(-3.0, 3.0)",theta,72,3,,,,,,,
theta|strangle3|entry=5|legsl=0.4|tgt=0.5|sl=1.0|days=expiry|vix=None,theta,94,6,,,,,,,
"theta|strangle3|entry=5|legsl=0.4|tgt=0.5|sl=1.0|days=expiry|vix=(-3.0, 3.0)",theta,72,3,,,,,,,
theta|strangle3|entry=5|legsl=0.5|tgt=None|sl=None|days=expiry|vix=None,theta,94,6,,,,,,,
"theta|strangle3|entry=5|legsl=0.5|tgt=None|sl=None|days=expiry|vix=(-3.0, 3.0)",theta,72,3,,,,,,,
theta|strangle3|entry=5|legsl=0.5|tgt=0.5|sl=1.0|days=expiry|vix=None,theta,94,6,,,,,,,
"theta|strangle3|entry=5|legsl=0.5|tgt=0.5|sl=1.0|days=expiry|vix=(-3.0, 3.0)",theta,72,3,,,,,,,
theta|strangle3|entry=15|legsl=None|tgt=None|sl=None|days=expiry|vix=None,theta,105,7,,,,,,,
"theta|strangle3|entry=15|legsl=None|tgt=None|sl=None|days=expiry|vix=(-3.0, 3.0)",theta,86,5,,,,,,,
theta|strangle3|entry=15|legsl=None|tgt=0.5|sl=1.0|days=expiry|vix=None,theta,105,7,,,,,,,
"theta|strangle3|entry=15|legsl=None|tgt=0.5|sl=1.0|days=expiry|vix=(-3.0, 3.0)",theta,86,5,,,,,,,
theta|strangle3|entry=15|legsl=0.25|tgt=None|sl=None|days=expiry|vix=None,theta,105,7,,,,,,,
"theta|strangle3|entry=15|legsl=0.25|tgt=None|sl=None|days=expiry|vix=(-3.0, 3.0)",theta,86,5,,,,,,,
theta|strangle3|entry=15|legsl=0.25|tgt=0.5|sl=1.0|days=expiry|vix=None,theta,105,7,,,,,,,
"theta|strangle3|entry=15|legsl=0.25|tgt=0.5|sl=1.0|days=expiry|vix=(-3.0, 3.0)",theta,86,5,,,,,,,
theta|strangle3|entry=15|legsl=0.4|tgt=None|sl=None|days=expiry|vix=None,theta,105,7,,,,,,,
"theta|strangle3|entry=15|legsl=0.4|tgt=None|sl=None|days=expiry|vix=(-3.0, 3.0)",theta,86,5,,,,,,,
theta|strangle3|entry=15|legsl=0.4|tgt=0.5|sl=1.0|days=expiry|vix=None,theta,105,7,,,,,,,
"theta|strangle3|entry=15|legsl=0.4|tgt=0.5|sl=1.0|days=expiry|vix=(-3.0, 3.0)",theta,86,5,,,,,,,
theta|strangle3|entry=15|legsl=0.5|tgt=None|sl=None|days=expiry|vix=None,theta,105,7,,,,,,,
"theta|strangle3|entry=15|legsl=0.5|tgt=None|sl=None|days=expiry|vix=(-3.0, 3.0)",theta,86,5,,,,,,,
theta|strangle3|entry=15|legsl=0.5|tgt=0.5|sl=1.0|days=expiry|vix=None,theta,105,7,,,,,,,
"theta|strangle3|entry=15|legsl=0.5|tgt=0.5|sl=1.0|days=expiry|vix=(-3.0, 3.0)",theta,86,5,,,,,,,
theta|strangle3|entry=105|legsl=None|tgt=None|sl=None|days=expiry|vix=None,theta,115,9,,,,,,,
"theta|strangle3|entry=105|legsl=None|tgt=None|sl=None|days=expiry|vix=(-3.0, 3.0)",theta,77,5,,,,,,,
theta|strangle3|entry=105|legsl=None|tgt=0.5|sl=1.0|days=expiry|vix=None,theta,115,9,,,,,,,
"theta|strangle3|entry=105|legsl=None|tgt=0.5|sl=1.0|days=expiry|vix=(-3.0, 3.0)",theta,77,5,,,,,,,
theta|strangle3|entry=105|legsl=0.25|tgt=None|sl=None|days=expiry|vix=None,theta,115,9,,,,,,,
"theta|strangle3|entry=105|legsl=0.25|tgt=None|sl=None|days=expiry|vix=(-3.0, 3.0)",theta,77,5,,,,,,,
theta|strangle3|entry=105|legsl=0.25|tgt=0.5|sl=1.0|days=expiry|vix=None,theta,115,9,,,,,,,
"theta|strangle3|entry=105|legsl=0.25|tgt=0.5|sl=1.0|days=expiry|vix=(-3.0, 3.0)",theta,77,5,,,,,,,
theta|strangle3|entry=105|legsl=0.4|tgt=None|sl=None|days=expiry|vix=None,theta,115,9,,,,,,,
"theta|strangle3|entry=105|legsl=0.4|tgt=None|sl=None|days=expiry|vix=(-3.0, 3.0)",theta,77,5,,,,,,,
theta|strangle3|entry=105|legsl=0.4|tgt=0.5|sl=1.0|days=expiry|vix=None,theta,115,9,,,,,,,
"theta|strangle3|entry=105|legsl=0.4|tgt=0.5|sl=1.0|days=expiry|vix=(-3.0, 3.0)",theta,77,5,,,,,,,
theta|strangle3|entry=105|legsl=0.5|tgt=None|sl=None|days=expiry|vix=None,theta,115,9,,,,,,,
"theta|strangle3|entry=105|legsl=0.5|tgt=None|sl=None|days=expiry|vix=(-3.0, 3.0)",theta,77,5,,,,,,,
theta|strangle3|entry=105|legsl=0.5|tgt=0.5|sl=1.0|days=expiry|vix=None,theta,115,9,,,,,,,
"theta|strangle3|entry=105|legsl=0.5|tgt=0.5|sl=1.0|days=expiry|vix=(-3.0, 3.0)",theta,77,5,,,,,,,
theta|condor1_5|entry=5|legsl=None|tgt=None|sl=None|days=expiry|vix=None,theta,12,0,,,,,,,
"theta|condor1_5|entry=5|legsl=None|tgt=None|sl=None|days=expiry|vix=(-3.0, 3.0)",theta,12,0,,,,,,,
theta|condor1_5|entry=5|legsl=None|tgt=0.5|sl=1.0|days=expiry|vix=None,theta,12,0,,,,,,,
"theta|condor1_5|entry=5|legsl=None|tgt=0.5|sl=1.0|days=expiry|vix=(-3.0, 3.0)",theta,12,0,,,,,,,
theta|condor1_5|entry=5|legsl=0.25|tgt=None|sl=None|days=expiry|vix=None,theta,12,0,,,,,,,
"theta|condor1_5|entry=5|legsl=0.25|tgt=None|sl=None|days=expiry|vix=(-3.0, 3.0)",theta,12,0,,,,,,,
theta|condor1_5|entry=5|legsl=0.25|tgt=0.5|sl=1.0|days=expiry|vix=None,theta,12,0,,,,,,,
"theta|condor1_5|entry=5|legsl=0.25|tgt=0.5|sl=1.0|days=expiry|vix=(-3.0, 3.0)",theta,12,0,,,,,,,
theta|condor1_5|entry=5|legsl=0.4|tgt=None|sl=None|days=expiry|vix=None,theta,12,0,,,,,,,
"theta|condor1_5|entry=5|legsl=0.4|tgt=None|sl=None|days=expiry|vix=(-3.0, 3.0)",theta,12,0,,,,,,,
theta|condor1_5|entry=5|legsl=0.4|tgt=0.5|sl=1.0|days=expiry|vix=None,theta,12,0,,,,,,,
"theta|condor1_5|entry=5|legsl=0.4|tgt=0.5|sl=1.0|days=expiry|vix=(-3.0, 3.0)",theta,12,0,,,,,,,
theta|condor1_5|entry=5|legsl=0.5|tgt=None|sl=None|days=expiry|vix=None,theta,12,0,,,,,,,
"theta|condor1_5|entry=5|legsl=0.5|tgt=None|sl=None|days=expiry|vix=(-3.0, 3.0)",theta,12,0,,,,,,,
theta|condor1_5|entry=5|legsl=0.5|tgt=0.5|sl=1.0|days=expiry|vix=None,theta,12,0,,,,,,,
"theta|condor1_5|entry=5|legsl=0.5|tgt=0.5|sl=1.0|days=expiry|vix=(-3.0, 3.0)",theta,12,0,,,,,,,
theta|condor1_5|entry=15|legsl=None|tgt=None|sl=None|days=expiry|vix=None,theta,10,0,,,,,,,
"theta|condor1_5|entry=15|legsl=None|tgt=None|sl=None|days=expiry|vix=(-3.0, 3.0)",theta,8,0,,,,,,,
theta|condor1_5|entry=15|legsl=None|tgt=0.5|sl=1.0|days=expiry|vix=None,theta,10,0,,,,,,,
"theta|condor1_5|entry=15|legsl=None|tgt=0.5|sl=1.0|days=expiry|vix=(-3.0, 3.0)",theta,8,0,,,,,,,
theta|condor1_5|entry=15|legsl=0.25|tgt=None|sl=None|days=expiry|vix=None,theta,10,0,,,,,,,
"theta|condor1_5|entry=15|legsl=0.25|tgt=None|sl=None|days=expiry|vix=(-3.0, 3.0)",theta,8,0,,,,,,,
theta|condor1_5|entry=15|legsl=0.25|tgt=0.5|sl=1.0|days=expiry|vix=None,theta,10,0,,,,,,,
"theta|condor1_5|entry=15|legsl=0.25|tgt=0.5|sl=1.0|days=expiry|vix=(-3.0, 3.0)",theta,8,0,,,,,,,
theta|condor1_5|entry=15|legsl=0.4|tgt=None|sl=None|days=expiry|vix=None,theta,10,0,,,,,,,
"theta|condor1_5|entry=15|legsl=0.4|tgt=None|sl=None|days=expiry|vix=(-3.0, 3.0)",theta,8,0,,,,,,,
theta|condor1_5|entry=15|legsl=0.4|tgt=0.5|sl=1.0|days=expiry|vix=None,theta,10,0,,,,,,,
"theta|condor1_5|entry=15|legsl=0.4|tgt=0.5|sl=1.0|days=expiry|vix=(-3.0, 3.0)",theta,8,0,,,,,,,
theta|condor1_5|entry=15|legsl=0.5|tgt=None|sl=None|days=expiry|vix=None,theta,10,0,,,,,,,
"theta|condor1_5|entry=15|legsl=0.5|tgt=None|sl=None|days=expiry|vix=(-3.0, 3.0)",theta,8,0,,,,,,,
theta|condor1_5|entry=15|legsl=0.5|tgt=0.5|sl=1.0|days=expiry|vix=None,theta,10,0,,,,,,,
"theta|condor1_5|entry=15|legsl=0.5|tgt=0.5|sl=1.0|days=expiry|vix=(-3.0, 3.0)",theta,8,0,,,,,,,
theta|condor1_5|entry=105|legsl=None|tgt=None|sl=None|days=expiry|vix=None,theta,10,0,,,,,,,
"theta|condor1_5|entry=105|legsl=None|tgt=None|sl=None|days=expiry|vix=(-3.0, 3.0)",theta,7,0,,,,,,,
theta|condor1_5|entry=105|legsl=None|tgt=0.5|sl=1.0|days=expiry|vix=None,theta,10,0,,,,,,,
"theta|condor1_5|entry=105|legsl=None|tgt=0.5|sl=1.0|days=expiry|vix=(-3.0, 3.0)",theta,7,0,,,,,,,
theta|condor1_5|entry=105|legsl=0.25|tgt=None|sl=None|days=expiry|vix=None,theta,10,0,,,,,,,
"theta|condor1_5|entry=105|legsl=0.25|tgt=None|sl=None|days=expiry|vix=(-3.0, 3.0)",theta,7,0,,,,,,,
theta|condor1_5|entry=105|legsl=0.25|tgt=0.5|sl=1.0|days=expiry|vix=None,theta,10,0,,,,,,,
"theta|condor1_5|entry=105|legsl=0.25|tgt=0.5|sl=1.0|days=expiry|vix=(-3.0, 3.0)",theta,7,0,,,,,,,
theta|condor1_5|entry=105|legsl=0.4|tgt=None|sl=None|days=expiry|vix=None,theta,10,0,,,,,,,
"theta|condor1_5|entry=105|legsl=0.4|tgt=None|sl=None|days=expiry|vix=(-3.0, 3.0)",theta,7,0,,,,,,,
theta|condor1_5|entry=105|legsl=0.4|tgt=0.5|sl=1.0|days=expiry|vix=None,theta,10,0,,,,,,,
"theta|condor1_5|entry=105|legsl=0.4|tgt=0.5|sl=1.0|days=expiry|vix=(-3.0, 3.0)",theta,7,0,,,,,,,
theta|condor1_5|entry=105|legsl=0.5|tgt=None|sl=None|days=expiry|vix=None,theta,10,0,,,,,,,
"theta|condor1_5|entry=105|legsl=0.5|tgt=None|sl=None|days=expiry|vix=(-3.0, 3.0)",theta,7,0,,,,,,,
theta|condor1_5|entry=105|legsl=0.5|tgt=0.5|sl=1.0|days=expiry|vix=None,theta,10,0,,,,,,,
"theta|condor1_5|entry=105|legsl=0.5|tgt=0.5|sl=1.0|days=expiry|vix=(-3.0, 3.0)",theta,7,0,,,,,,,
theta|condor2_7|entry=5|legsl=None|tgt=None|sl=None|days=expiry|vix=None,theta,0,0,,,,,,,
"theta|condor2_7|entry=5|legsl=None|tgt=None|sl=None|days=expiry|vix=(-3.0, 3.0)",theta,0,0,,,,,,,
theta|condor2_7|entry=5|legsl=None|tgt=0.5|sl=1.0|days=expiry|vix=None,theta,0,0,,,,,,,
"theta|condor2_7|entry=5|legsl=None|tgt=0.5|sl=1.0|days=expiry|vix=(-3.0, 3.0)",theta,0,0,,,,,,,
theta|condor2_7|entry=5|legsl=0.25|tgt=None|sl=None|days=expiry|vix=None,theta,0,0,,,,,,,
"theta|condor2_7|entry=5|legsl=0.25|tgt=None|sl=None|days=expiry|vix=(-3.0, 3.0)",theta,0,0,,,,,,,
theta|condor2_7|entry=5|legsl=0.25|tgt=0.5|sl=1.0|days=expiry|vix=None,theta,0,0,,,,,,,
"theta|condor2_7|entry=5|legsl=0.25|tgt=0.5|sl=1.0|days=expiry|vix=(-3.0, 3.0)",theta,0,0,,,,,,,
theta|condor2_7|entry=5|legsl=0.4|tgt=None|sl=None|days=expiry|vix=None,theta,0,0,,,,,,,
"theta|condor2_7|entry=5|legsl=0.4|tgt=None|sl=None|days=expiry|vix=(-3.0, 3.0)",theta,0,0,,,,,,,
theta|condor2_7|entry=5|legsl=0.4|tgt=0.5|sl=1.0|days=expiry|vix=None,theta,0,0,,,,,,,
"theta|condor2_7|entry=5|legsl=0.4|tgt=0.5|sl=1.0|days=expiry|vix=(-3.0, 3.0)",theta,0,0,,,,,,,
theta|condor2_7|entry=5|legsl=0.5|tgt=None|sl=None|days=expiry|vix=None,theta,0,0,,,,,,,
"theta|condor2_7|entry=5|legsl=0.5|tgt=None|sl=None|days=expiry|vix=(-3.0, 3.0)",theta,0,0,,,,,,,
theta|condor2_7|entry=5|legsl=0.5|tgt=0.5|sl=1.0|days=expiry|vix=None,theta,0,0,,,,,,,
"theta|condor2_7|entry=5|legsl=0.5|tgt=0.5|sl=1.0|days=expiry|vix=(-3.0, 3.0)",theta,0,0,,,,,,,
theta|condor2_7|entry=15|legsl=None|tgt=None|sl=None|days=expiry|vix=None,theta,0,0,,,,,,,
"theta|condor2_7|entry=15|legsl=None|tgt=None|sl=None|days=expiry|vix=(-3.0, 3.0)",theta,0,0,,,,,,,
theta|condor2_7|entry=15|legsl=None|tgt=0.5|sl=1.0|days=expiry|vix=None,theta,0,0,,,,,,,
"theta|condor2_7|entry=15|legsl=None|tgt=0.5|sl=1.0|days=expiry|vix=(-3.0, 3.0)",theta,0,0,,,,,,,
theta|condor2_7|entry=15|legsl=0.25|tgt=None|sl=None|days=expiry|vix=None,theta,0,0,,,,,,,
"theta|condor2_7|entry=15|legsl=0.25|tgt=None|sl=None|days=expiry|vix=(-3.0, 3.0)",theta,0,0,,,,,,,
theta|condor2_7|entry=15|legsl=0.25|tgt=0.5|sl=1.0|days=expiry|vix=None,theta,0,0,,,,,,,
"theta|condor2_7|entry=15|legsl=0.25|tgt=0.5|sl=1.0|days=expiry|vix=(-3.0, 3.0)",theta,0,0,,,,,,,
theta|condor2_7|entry=15|legsl=0.4|tgt=None|sl=None|days=expiry|vix=None,theta,0,0,,,,,,,
"theta|condor2_7|entry=15|legsl=0.4|tgt=None|sl=None|days=expiry|vix=(-3.0, 3.0)",theta,0,0,,,,,,,
theta|condor2_7|entry=15|legsl=0.4|tgt=0.5|sl=1.0|days=expiry|vix=None,theta,0,0,,,,,,,
"theta|condor2_7|entry=15|legsl=0.4|tgt=0.5|sl=1.0|days=expiry|vix=(-3.0, 3.0)",theta,0,0,,,,,,,
theta|condor2_7|entry=15|legsl=0.5|tgt=None|sl=None|days=expiry|vix=None,theta,0,0,,,,,,,
"theta|condor2_7|entry=15|legsl=0.5|tgt=None|sl=None|days=expiry|vix=(-3.0, 3.0)",theta,0,0,,,,,,,
theta|condor2_7|entry=15|legsl=0.5|tgt=0.5|sl=1.0|days=expiry|vix=None,theta,0,0,,,,,,,
"theta|condor2_7|entry=15|legsl=0.5|tgt=0.5|sl=1.0|days=expiry|vix=(-3.0, 3.0)",theta,0,0,,,,,,,
theta|condor2_7|entry=105|legsl=None|tgt=None|sl=None|days=expiry|vix=None,theta,0,0,,,,,,,
"theta|condor2_7|entry=105|legsl=None|tgt=None|sl=None|days=expiry|vix=(-3.0, 3.0)",theta,0,0,,,,,,,
theta|condor2_7|entry=105|legsl=None|tgt=0.5|sl=1.0|days=expiry|vix=None,theta,0,0,,,,,,,
"theta|condor2_7|entry=105|legsl=None|tgt=0.5|sl=1.0|days=expiry|vix=(-3.0, 3.0)",theta,0,0,,,,,,,
theta|condor2_7|entry=105|legsl=0.25|tgt=None|sl=None|days=expiry|vix=None,theta,0,0,,,,,,,
"theta|condor2_7|entry=105|legsl=0.25|tgt=None|sl=None|days=expiry|vix=(-3.0, 3.0)",theta,0,0,,,,,,,
theta|condor2_7|entry=105|legsl=0.25|tgt=0.5|sl=1.0|days=expiry|vix=None,theta,0,0,,,,,,,
"theta|condor2_7|entry=105|legsl=0.25|tgt=0.5|sl=1.0|days=expiry|vix=(-3.0, 3.0)",theta,0,0,,,,,,,
theta|condor2_7|entry=105|legsl=0.4|tgt=None|sl=None|days=expiry|vix=None,theta,0,0,,,,,,,
"theta|condor2_7|entry=105|legsl=0.4|tgt=None|sl=None|days=expiry|vix=(-3.0, 3.0)",theta,0,0,,,,,,,
theta|condor2_7|entry=105|legsl=0.4|tgt=0.5|sl=1.0|days=expiry|vix=None,theta,0,0,,,,,,,
"theta|condor2_7|entry=105|legsl=0.4|tgt=0.5|sl=1.0|days=expiry|vix=(-3.0, 3.0)",theta,0,0,,,,,,,
theta|condor2_7|entry=105|legsl=0.5|tgt=None|sl=None|days=expiry|vix=None,theta,0,0,,,,,,,
"theta|condor2_7|entry=105|legsl=0.5|tgt=None|sl=None|days=expiry|vix=(-3.0, 3.0)",theta,0,0,,,,,,,
theta|condor2_7|entry=105|legsl=0.5|tgt=0.5|sl=1.0|days=expiry|vix=None,theta,0,0,,,,,,,
"theta|condor2_7|entry=105|legsl=0.5|tgt=0.5|sl=1.0|days=expiry|vix=(-3.0, 3.0)",theta,0,0,,,,,,,
theta|butterfly4|entry=5|legsl=None|tgt=None|sl=None|days=expiry|vix=None,theta,38,0,,,,,,,
"theta|butterfly4|entry=5|legsl=None|tgt=None|sl=None|days=expiry|vix=(-3.0, 3.0)",theta,31,0,,,,,,,
theta|butterfly4|entry=5|legsl=None|tgt=0.5|sl=1.0|days=expiry|vix=None,theta,38,0,,,,,,,
"theta|butterfly4|entry=5|legsl=None|tgt=0.5|sl=1.0|days=expiry|vix=(-3.0, 3.0)",theta,31,0,,,,,,,
theta|butterfly4|entry=5|legsl=0.25|tgt=None|sl=None|days=expiry|vix=None,theta,38,0,,,,,,,
"theta|butterfly4|entry=5|legsl=0.25|tgt=None|sl=None|days=expiry|vix=(-3.0, 3.0)",theta,31,0,,,,,,,
theta|butterfly4|entry=5|legsl=0.25|tgt=0.5|sl=1.0|days=expiry|vix=None,theta,38,0,,,,,,,
"theta|butterfly4|entry=5|legsl=0.25|tgt=0.5|sl=1.0|days=expiry|vix=(-3.0, 3.0)",theta,31,0,,,,,,,
theta|butterfly4|entry=5|legsl=0.4|tgt=None|sl=None|days=expiry|vix=None,theta,38,0,,,,,,,
"theta|butterfly4|entry=5|legsl=0.4|tgt=None|sl=None|days=expiry|vix=(-3.0, 3.0)",theta,31,0,,,,,,,
theta|butterfly4|entry=5|legsl=0.4|tgt=0.5|sl=1.0|days=expiry|vix=None,theta,38,0,,,,,,,
"theta|butterfly4|entry=5|legsl=0.4|tgt=0.5|sl=1.0|days=expiry|vix=(-3.0, 3.0)",theta,31,0,,,,,,,
theta|butterfly4|entry=5|legsl=0.5|tgt=None|sl=None|days=expiry|vix=None,theta,38,0,,,,,,,
"theta|butterfly4|entry=5|legsl=0.5|tgt=None|sl=None|days=expiry|vix=(-3.0, 3.0)",theta,31,0,,,,,,,
theta|butterfly4|entry=5|legsl=0.5|tgt=0.5|sl=1.0|days=expiry|vix=None,theta,38,0,,,,,,,
"theta|butterfly4|entry=5|legsl=0.5|tgt=0.5|sl=1.0|days=expiry|vix=(-3.0, 3.0)",theta,31,0,,,,,,,
theta|butterfly4|entry=15|legsl=None|tgt=None|sl=None|days=expiry|vix=None,theta,45,0,,,,,,,
"theta|butterfly4|entry=15|legsl=None|tgt=None|sl=None|days=expiry|vix=(-3.0, 3.0)",theta,39,0,,,,,,,
theta|butterfly4|entry=15|legsl=None|tgt=0.5|sl=1.0|days=expiry|vix=None,theta,45,0,,,,,,,
"theta|butterfly4|entry=15|legsl=None|tgt=0.5|sl=1.0|days=expiry|vix=(-3.0, 3.0)",theta,39,0,,,,,,,
theta|butterfly4|entry=15|legsl=0.25|tgt=None|sl=None|days=expiry|vix=None,theta,45,0,,,,,,,
"theta|butterfly4|entry=15|legsl=0.25|tgt=None|sl=None|days=expiry|vix=(-3.0, 3.0)",theta,39,0,,,,,,,
theta|butterfly4|entry=15|legsl=0.25|tgt=0.5|sl=1.0|days=expiry|vix=None,theta,45,0,,,,,,,
"theta|butterfly4|entry=15|legsl=0.25|tgt=0.5|sl=1.0|days=expiry|vix=(-3.0, 3.0)",theta,39,0,,,,,,,
theta|butterfly4|entry=15|legsl=0.4|tgt=None|sl=None|days=expiry|vix=None,theta,45,0,,,,,,,
"theta|butterfly4|entry=15|legsl=0.4|tgt=None|sl=None|days=expiry|vix=(-3.0, 3.0)",theta,39,0,,,,,,,
theta|butterfly4|entry=15|legsl=0.4|tgt=0.5|sl=1.0|days=expiry|vix=None,theta,45,0,,,,,,,
"theta|butterfly4|entry=15|legsl=0.4|tgt=0.5|sl=1.0|days=expiry|vix=(-3.0, 3.0)",theta,39,0,,,,,,,
theta|butterfly4|entry=15|legsl=0.5|tgt=None|sl=None|days=expiry|vix=None,theta,45,0,,,,,,,
"theta|butterfly4|entry=15|legsl=0.5|tgt=None|sl=None|days=expiry|vix=(-3.0, 3.0)",theta,39,0,,,,,,,
theta|butterfly4|entry=15|legsl=0.5|tgt=0.5|sl=1.0|days=expiry|vix=None,theta,45,0,,,,,,,
"theta|butterfly4|entry=15|legsl=0.5|tgt=0.5|sl=1.0|days=expiry|vix=(-3.0, 3.0)",theta,39,0,,,,,,,
theta|butterfly4|entry=105|legsl=None|tgt=None|sl=None|days=expiry|vix=None,theta,64,0,,,,,,,
"theta|butterfly4|entry=105|legsl=None|tgt=None|sl=None|days=expiry|vix=(-3.0, 3.0)",theta,46,0,,,,,,,
theta|butterfly4|entry=105|legsl=None|tgt=0.5|sl=1.0|days=expiry|vix=None,theta,64,0,,,,,,,
"theta|butterfly4|entry=105|legsl=None|tgt=0.5|sl=1.0|days=expiry|vix=(-3.0, 3.0)",theta,46,0,,,,,,,
theta|butterfly4|entry=105|legsl=0.25|tgt=None|sl=None|days=expiry|vix=None,theta,64,0,,,,,,,
"theta|butterfly4|entry=105|legsl=0.25|tgt=None|sl=None|days=expiry|vix=(-3.0, 3.0)",theta,46,0,,,,,,,
theta|butterfly4|entry=105|legsl=0.25|tgt=0.5|sl=1.0|days=expiry|vix=None,theta,64,0,,,,,,,
"theta|butterfly4|entry=105|legsl=0.25|tgt=0.5|sl=1.0|days=expiry|vix=(-3.0, 3.0)",theta,46,0,,,,,,,
theta|butterfly4|entry=105|legsl=0.4|tgt=None|sl=None|days=expiry|vix=None,theta,64,0,,,,,,,
"theta|butterfly4|entry=105|legsl=0.4|tgt=None|sl=None|days=expiry|vix=(-3.0, 3.0)",theta,46,0,,,,,,,
theta|butterfly4|entry=105|legsl=0.4|tgt=0.5|sl=1.0|days=expiry|vix=None,theta,64,0,,,,,,,
"theta|butterfly4|entry=105|legsl=0.4|tgt=0.5|sl=1.0|days=expiry|vix=(-3.0, 3.0)",theta,46,0,,,,,,,
theta|butterfly4|entry=105|legsl=0.5|tgt=None|sl=None|days=expiry|vix=None,theta,64,0,,,,,,,
"theta|butterfly4|entry=105|legsl=0.5|tgt=None|sl=None|days=expiry|vix=(-3.0, 3.0)",theta,46,0,,,,,,,
theta|butterfly4|entry=105|legsl=0.5|tgt=0.5|sl=1.0|days=expiry|vix=None,theta,64,0,,,,,,,
"theta|butterfly4|entry=105|legsl=0.5|tgt=0.5|sl=1.0|days=expiry|vix=(-3.0, 3.0)",theta,46,0,,,,,,,
theta|butterfly6|entry=5|legsl=None|tgt=None|sl=None|days=expiry|vix=None,theta,0,0,,,,,,,
"theta|butterfly6|entry=5|legsl=None|tgt=None|sl=None|days=expiry|vix=(-3.0, 3.0)",theta,0,0,,,,,,,
theta|butterfly6|entry=5|legsl=None|tgt=0.5|sl=1.0|days=expiry|vix=None,theta,0,0,,,,,,,
"theta|butterfly6|entry=5|legsl=None|tgt=0.5|sl=1.0|days=expiry|vix=(-3.0, 3.0)",theta,0,0,,,,,,,
theta|butterfly6|entry=5|legsl=0.25|tgt=None|sl=None|days=expiry|vix=None,theta,0,0,,,,,,,
"theta|butterfly6|entry=5|legsl=0.25|tgt=None|sl=None|days=expiry|vix=(-3.0, 3.0)",theta,0,0,,,,,,,
theta|butterfly6|entry=5|legsl=0.25|tgt=0.5|sl=1.0|days=expiry|vix=None,theta,0,0,,,,,,,
"theta|butterfly6|entry=5|legsl=0.25|tgt=0.5|sl=1.0|days=expiry|vix=(-3.0, 3.0)",theta,0,0,,,,,,,
theta|butterfly6|entry=5|legsl=0.4|tgt=None|sl=None|days=expiry|vix=None,theta,0,0,,,,,,,
"theta|butterfly6|entry=5|legsl=0.4|tgt=None|sl=None|days=expiry|vix=(-3.0, 3.0)",theta,0,0,,,,,,,
theta|butterfly6|entry=5|legsl=0.4|tgt=0.5|sl=1.0|days=expiry|vix=None,theta,0,0,,,,,,,
"theta|butterfly6|entry=5|legsl=0.4|tgt=0.5|sl=1.0|days=expiry|vix=(-3.0, 3.0)",theta,0,0,,,,,,,
theta|butterfly6|entry=5|legsl=0.5|tgt=None|sl=None|days=expiry|vix=None,theta,0,0,,,,,,,
"theta|butterfly6|entry=5|legsl=0.5|tgt=None|sl=None|days=expiry|vix=(-3.0, 3.0)",theta,0,0,,,,,,,
theta|butterfly6|entry=5|legsl=0.5|tgt=0.5|sl=1.0|days=expiry|vix=None,theta,0,0,,,,,,,
"theta|butterfly6|entry=5|legsl=0.5|tgt=0.5|sl=1.0|days=expiry|vix=(-3.0, 3.0)",theta,0,0,,,,,,,
theta|butterfly6|entry=15|legsl=None|tgt=None|sl=None|days=expiry|vix=None,theta,0,0,,,,,,,
"theta|butterfly6|entry=15|legsl=None|tgt=None|sl=None|days=expiry|vix=(-3.0, 3.0)",theta,0,0,,,,,,,
theta|butterfly6|entry=15|legsl=None|tgt=0.5|sl=1.0|days=expiry|vix=None,theta,0,0,,,,,,,
"theta|butterfly6|entry=15|legsl=None|tgt=0.5|sl=1.0|days=expiry|vix=(-3.0, 3.0)",theta,0,0,,,,,,,
theta|butterfly6|entry=15|legsl=0.25|tgt=None|sl=None|days=expiry|vix=None,theta,0,0,,,,,,,
"theta|butterfly6|entry=15|legsl=0.25|tgt=None|sl=None|days=expiry|vix=(-3.0, 3.0)",theta,0,0,,,,,,,
theta|butterfly6|entry=15|legsl=0.25|tgt=0.5|sl=1.0|days=expiry|vix=None,theta,0,0,,,,,,,
"theta|butterfly6|entry=15|legsl=0.25|tgt=0.5|sl=1.0|days=expiry|vix=(-3.0, 3.0)",theta,0,0,,,,,,,
theta|butterfly6|entry=15|legsl=0.4|tgt=None|sl=None|days=expiry|vix=None,theta,0,0,,,,,,,
"theta|butterfly6|entry=15|legsl=0.4|tgt=None|sl=None|days=expiry|vix=(-3.0, 3.0)",theta,0,0,,,,,,,
theta|butterfly6|entry=15|legsl=0.4|tgt=0.5|sl=1.0|days=expiry|vix=None,theta,0,0,,,,,,,
"theta|butterfly6|entry=15|legsl=0.4|tgt=0.5|sl=1.0|days=expiry|vix=(-3.0, 3.0)",theta,0,0,,,,,,,
theta|butterfly6|entry=15|legsl=0.5|tgt=None|sl=None|days=expiry|vix=None,theta,0,0,,,,,,,
"theta|butterfly6|entry=15|legsl=0.5|tgt=None|sl=None|days=expiry|vix=(-3.0, 3.0)",theta,0,0,,,,,,,
theta|butterfly6|entry=15|legsl=0.5|tgt=0.5|sl=1.0|days=expiry|vix=None,theta,0,0,,,,,,,
"theta|butterfly6|entry=15|legsl=0.5|tgt=0.5|sl=1.0|days=expiry|vix=(-3.0, 3.0)",theta,0,0,,,,,,,
theta|butterfly6|entry=105|legsl=None|tgt=None|sl=None|days=expiry|vix=None,theta,0,0,,,,,,,
"theta|butterfly6|entry=105|legsl=None|tgt=None|sl=None|days=expiry|vix=(-3.0, 3.0)",theta,0,0,,,,,,,
theta|butterfly6|entry=105|legsl=None|tgt=0.5|sl=1.0|days=expiry|vix=None,theta,0,0,,,,,,,
"theta|butterfly6|entry=105|legsl=None|tgt=0.5|sl=1.0|days=expiry|vix=(-3.0, 3.0)",theta,0,0,,,,,,,
theta|butterfly6|entry=105|legsl=0.25|tgt=None|sl=None|days=expiry|vix=None,theta,0,0,,,,,,,
"theta|butterfly6|entry=105|legsl=0.25|tgt=None|sl=None|days=expiry|vix=(-3.0, 3.0)",theta,0,0,,,,,,,
theta|butterfly6|entry=105|legsl=0.25|tgt=0.5|sl=1.0|days=expiry|vix=None,theta,0,0,,,,,,,
"theta|butterfly6|entry=105|legsl=0.25|tgt=0.5|sl=1.0|days=expiry|vix=(-3.0, 3.0)",theta,0,0,,,,,,,
theta|butterfly6|entry=105|legsl=0.4|tgt=None|sl=None|days=expiry|vix=None,theta,0,0,,,,,,,
"theta|butterfly6|entry=105|legsl=0.4|tgt=None|sl=None|days=expiry|vix=(-3.0, 3.0)",theta,0,0,,,,,,,
theta|butterfly6|entry=105|legsl=0.4|tgt=0.5|sl=1.0|days=expiry|vix=None,theta,0,0,,,,,,,
"theta|butterfly6|entry=105|legsl=0.4|tgt=0.5|sl=1.0|days=expiry|vix=(-3.0, 3.0)",theta,0,0,,,,,,,
theta|butterfly6|entry=105|legsl=0.5|tgt=None|sl=None|days=expiry|vix=None,theta,0,0,,,,,,,
"theta|butterfly6|entry=105|legsl=0.5|tgt=None|sl=None|days=expiry|vix=(-3.0, 3.0)",theta,0,0,,,,,,,
longvol|long_straddle|signal=vix_spike|tgt=0.3|sl=0.3|days=expiry,longvol,29,13,,,,,,,
longvol|long_straddle|signal=vix_spike|tgt=0.6|sl=0.4|days=expiry,longvol,29,13,,,,,,,
theta|butterfly6|entry=105|legsl=0.5|tgt=0.5|sl=1.0|days=expiry|vix=None,theta,0,0,,,,,,,
"theta|butterfly6|entry=105|legsl=0.5|tgt=0.5|sl=1.0|days=expiry|vix=(-3.0, 3.0)",theta,0,0,,,,,,,
longvol|long_straddle|signal=vix_spike|tgt=None|sl=None|days=expiry,longvol,29,13,,,,,,,
longvol|long_straddle|signal=gap_follow|tgt=0.3|sl=0.3|days=expiry,longvol,77,36,,,,,,,
longvol|long_straddle|signal=gap_follow|tgt=0.6|sl=0.4|days=expiry,longvol,77,36,,,,,,,
longvol|long_straddle|signal=gap_follow|tgt=None|sl=None|days=expiry,longvol,77,36,,,,,,,
longvol|long_strangle2|signal=vix_spike|tgt=0.3|sl=0.3|days=expiry,longvol,12,6,,,,,,,
longvol|long_strangle2|signal=vix_spike|tgt=0.6|sl=0.4|days=expiry,longvol,12,6,,,,,,,
longvol|long_strangle2|signal=vix_spike|tgt=None|sl=None|days=expiry,longvol,12,6,,,,,,,
longvol|long_strangle2|signal=gap_follow|tgt=0.3|sl=0.3|days=expiry,longvol,36,10,,,,,,,
longvol|long_strangle2|signal=gap_follow|tgt=0.6|sl=0.4|days=expiry,longvol,36,10,,,,,,,
longvol|long_strangle2|signal=gap_follow|tgt=None|sl=None|days=expiry,longvol,36,10,,,,,,,
longvol|long_strangle2|signal=orb|tgt=0.3|sl=0.3|days=expiry,longvol,180,47,,,,,,,
longvol|long_strangle2|signal=orb|tgt=0.6|sl=0.4|days=expiry,longvol,180,47,,,,,,,
longvol|long_strangle2|signal=orb|tgt=None|sl=None|days=expiry,longvol,180,47,,,,,,,
