name,family,trades,train_trades,scale,train_cagr,train_fall,test_cagr,test_fall,win_rate,points_per_trade
"theta|straddle|entry=105|legsl=None|tgt=0.5|sl=1.0|days=expiry|vix=(-3.0, 3.0)",theta,247,155,0.1259903004687922,0.17112449774255434,0.05001937774292298,0.14019509661034957,0.05565053542034548,1.0,191.91779954340777
theta|straddle|entry=105|legsl=None|tgt=0.5|sl=1.0|days=expiry|vix=None,theta,348,218,0.08214242433970885,0.1645947254753799,0.05003025860208532,0.13484824939955797,0.05038916534434146,1.0,199.6719138109684
"theta|straddle|entry=105|legsl=None|tgt=None|sl=None|days=expiry|vix=(-3.0, 3.0)",theta,247,155,0.10007809367055677,0.1562703956955751,0.050026762445973816,0.12700456287123774,0.04781571046584998,1.0,213.558619114245
theta|straddle|entry=105|legsl=None|tgt=None|sl=None|days=expiry|vix=None,theta,348,218,0.06568124758957951,0.1511390264156507,0.05004151400308443,0.12343008659179122,0.043546002571689724,1.0,222.61984640712197
"theta|strangle2|entry=15|legsl=0.4|tgt=0.5|sl=1.0|days=nonexpiry|vix=(-3.0, 3.0)",theta,1454,846,0.1368293876609067,0.14870327987753829,0.05003116835344634,0.07405509363430296,0.025962599242167372,0.6685006877579092,20.259911349835544
"theta|strangle2|entry=15|legsl=0.4|tgt=None|sl=None|days=nonexpiry|vix=(-3.0, 3.0)",theta,1454,846,0.13467991595973713,0.14681971805275795,0.05003363649499182,0.07356227628905176,0.0254536342003836,0.6685006877579092,20.324964610570028
longvol|long_strangle2|signal=orb|tgt=0.3|sl=0.3|days=expiry,longvol,151,66,0.0413956523148859,0.14636085125135168,0.050076758081101014,0.22807267524736896,0.08974624285653299,0.9933774834437086,53.67702009996831
"theta|strangle2|entry=15|legsl=0.4|tgt=0.5|sl=1.0|days=all|vix=(-3.0, 3.0)",theta,1584,905,0.1527340287107903,0.14369155848734194,0.05000213353125793,0.04569688022273999,0.03435603084094163,0.6174242424242424,13.05112420948778
"theta|strangle3|entry=105|legsl=0.5|tgt=None|sl=None|days=nonexpiry|vix=(-3.0, 3.0)",theta,1391,791,0.14930949590337933,0.14188078247082903,0.050023741960450674,0.07239969783019307,0.03569177402668999,0.6829618979151689,18.49182484285416
"theta|strangle2|entry=15|legsl=0.4|tgt=None|sl=None|days=all|vix=(-3.0, 3.0)",theta,1584,905,0.1501001240746729,0.14170947702849124,0.050017192794795995,0.04564124565010541,0.033569022906624224,0.6174242424242424,13.11083850311653
"theta|strangle3|entry=105|legsl=0.5|tgt=0.5|sl=1.0|days=nonexpiry|vix=(-3.0, 3.0)",theta,1391,791,0.1501645941347894,0.14116869200759563,0.05002319479199113,0.07255437978471235,0.03585169292414292,0.6829618979151689,18.34949014582186
longvol|long_strangle2|signal=orb|tgt=0.6|sl=0.4|days=expiry,longvol,151,66,0.019873729429759623,0.1409273107606004,0.05013713296741962,0.2057444228415901,0.08772005569691377,0.9602649006622517,96.77023084754187
theta|strangle2|entry=105|legsl=None|tgt=None|sl=None|days=expiry|vix=None,theta,184,88,0.13273966148534955,0.13980262163966461,0.050011444351940604,0.16835933392593505,0.06601638970858936,1.0,257.328838855391
"theta|straddle|entry=105|legsl=None|tgt=None|sl=None|days=all|vix=(-3.0, 3.0)",theta,1638,946,0.06900199232420459,0.1389724384583808,0.0500047942585331,0.08341468796330842,0.029296976318250345,0.6123321123321124,36.42395018505126
"theta|strangle3|entry=105|legsl=0.5|tgt=None|sl=None|days=all|vix=(-3.0, 3.0)",theta,1452,800,0.14934511366281003,0.138674634881639,0.05002354821287003,0.09373287873039726,0.051349984763572554,0.6845730027548209,20.69251853375863
"theta|strangle3|entry=105|legsl=0.5|tgt=0.5|sl=1.0|days=all|vix=(-3.0, 3.0)",theta,1452,800,0.15020077530429105,0.13794567259867785,0.05002300160619155,0.08687274735618788,0.04463083564928705,0.6845730027548209,19.504490216748525
"theta|strangle2|entry=15|legsl=0.5|tgt=0.5|sl=1.0|days=nonexpiry|vix=(-3.0, 3.0)",theta,1454,846,0.11955589570713372,0.13793141294317457,0.05001022969014446,0.06924987398199112,0.027975938932094158,0.6671251719394773,21.06016194473788
"theta|strangle2|entry=15|legsl=0.5|tgt=None|sl=None|days=nonexpiry|vix=(-3.0, 3.0)",theta,1454,846,0.11955524808817707,0.13788140678548655,0.050010230855750626,0.06996455503142407,0.02796886340229554,0.6671251719394773,21.212586556023645
theta|strangle2|entry=105|legsl=None|tgt=0.5|sl=1.0|days=expiry|vix=None,theta,184,88,0.19039772970781227,0.13730451478148553,0.05009840407829291,0.16577398786235586,0.06574659321865839,1.0,175.9761064224658
"theta|straddle|entry=105|legsl=0.5|tgt=0.5|sl=1.0|days=expiry|vix=(-3.0, 3.0)",theta,247,155,0.17822891832206064,0.1349500580890428,0.05001664855792709,0.13058165715330627,0.04460605930229289,0.8987854251012146,112.86674660851725
"theta|straddle|entry=105|legsl=None|tgt=0.5|sl=1.0|days=all|vix=(-3.0, 3.0)",theta,1638,946,0.07460396352840554,0.1348165089983977,0.05004976603768052,0.08176361454847014,0.030384227539662412,0.6123321123321124,32.510637616683276
dir|debit_spread|signal=gap_fade|tgt=None|sl=None|days=all,directional,716,456,0.0014556678242012243,0.134244727823712,0.050005511895417354,0.15946917787084702,0.04161740937783043,0.6033519553072626,29.612266585252737
theta|straddle|entry=105|legsl=0.5|tgt=0.5|sl=1.0|days=expiry|vix=None,theta,348,218,0.12396792435853939,0.13327351886807803,0.05004446178507915,0.1316741546054674,0.04033615374989785,0.8994252873563219,114.99837623308179
dir|debit_spread|signal=rsi_momentum|tgt=None|sl=None|days=nonexpiry,directional,2074,1171,0.0023004434299045,0.13276689942932252,0.050000224203446186,0.15144814760236813,0.07693593374622765,0.40742526518804245,-7.76010024341346
dir|debit_spread|signal=gap_fade|tgt=None|sl=None|days=nonexpiry,directional,665,427,0.001628661672010301,0.13182927316714932,0.050006671828716986,0.16898188698677674,0.046242512077075526,0.6030075187969924,28.905737510487544
"theta|strangle2|entry=105|legsl=0.4|tgt=None|sl=None|days=nonexpiry|vix=(-3.0, 3.0)",theta,1391,791,0.12461877712782268,0.13106487600629113,0.050029974134124244,0.06697042631497463,0.024285667562409685,0.6822429906542056,19.768421832612603
"theta|strangle2|entry=105|legsl=0.4|tgt=0.5|sl=1.0|days=nonexpiry|vix=(-3.0, 3.0)",theta,1391,791,0.12530658205938755,0.13101132565437634,0.050029497037608395,0.06714498760542598,0.024503832997861963,0.6822429906542056,19.68606052733531
"theta|strangle3|entry=5|legsl=0.5|tgt=None|sl=None|days=all|vix=(-3.0, 3.0)",theta,1507,839,0.11260801577638978,0.1310023565742966,0.050070818168523545,0.049308706618726994,0.022208293157651715,0.6151293961512939,16.642072982580025
"theta|strangle3|entry=5|legsl=0.5|tgt=None|sl=None|days=nonexpiry|vix=(-3.0, 3.0)",theta,1453,836,0.11191531149575362,0.13087680725556106,0.050073092004690456,0.06448191275712767,0.020875734998076045,0.6379903647625602,20.119816285231433
"theta|strangle3|entry=5|legsl=0.5|tgt=0.5|sl=1.0|days=all|vix=(-3.0, 3.0)",theta,1507,839,0.11329642662043546,0.13079065162863301,0.05006937281557866,0.04792362880117018,0.022372109195116896,0.6157929661579297,16.292528038929227
"theta|strangle3|entry=5|legsl=0.5|tgt=0.5|sl=1.0|days=nonexpiry|vix=(-3.0, 3.0)",theta,1453,836,0.11259547910746144,0.13066576397522356,0.0500716312233922,0.06348238809933582,0.02102792649861429,0.6386785960082588,19.757280682972834
dir|debit_spread|signal=rsi_momentum|tgt=None|sl=None|days=all,directional,2328,1318,0.0018561507767513863,0.1305623928665327,0.04999995479352515,0.13182791658743542,0.0745463029398088,0.4209621993127148,-4.234871535634994
"theta|straddle|entry=105|legsl=0.5|tgt=None|sl=None|days=expiry|vix=(-3.0, 3.0)",theta,247,155,0.14512258462274988,0.1295448259676928,0.05003504901330391,0.12250336001862139,0.04000562402393448,0.8987854251012146,128.887128954157
theta|strangle2|entry=15|legsl=None|tgt=None|sl=None|days=expiry|vix=None,theta,157,72,0.962982768419389,0.1281951547894331,0.05019054795977185,0.30552291640158735,0.1430986967475274,0.7898089171974523,66.66168605439346
dir|buy_atm|signal=macd|tgt=None|sl=None|days=all,directional,2492,1434,0.0015466191023549383,0.12756130707124425,0.05023570770339003,0.09836587147017739,0.07477395139317167,0.34791332263242375,-23.66539062392903
"theta|strangle2|entry=105|legsl=None|tgt=None|sl=None|days=expiry|vix=(-3.0, 3.0)",theta,139,66,0.16375927353575434,0.1273373319141271,0.05013243269855716,0.15887146165353805,0.06504634792247732,1.0,249.20386501847412
"theta|strangle3|entry=5|legsl=0.4|tgt=None|sl=None|days=all|vix=(-3.0, 3.0)",theta,1507,839,0.11181784307257363,0.12718275687952252,0.05000340589088237,0.05748132528235561,0.015700251157281242,0.6317186463171864,17.852427337596897
"theta|strangle3|entry=5|legsl=0.4|tgt=None|sl=None|days=nonexpiry|vix=(-3.0, 3.0)",theta,1453,836,0.11124375642822625,0.1270939576311818,0.050003507308371775,0.06941642891883748,0.020071403633303175,0.6551961459050241,20.846002733687385
theta|straddle|entry=105|legsl=0.5|tgt=None|sl=None|days=expiry|vix=None,theta,348,218,0.09996464065582579,0.12707793869510842,0.05008345401280967,0.123310549333701,0.037848819227687014,0.8994252873563219,131.7203776098093
"theta|straddle|entry=105|legsl=None|tgt=0.5|sl=1.0|days=dte2|vix=(-3.0, 3.0)",theta,850,569,0.067580176127364,0.12654365402187873,0.050013414237017884,0.09606252757740119,0.029150945977849285,0.7294117647058823,68.76381849096522
"theta|strangle3|entry=5|legsl=0.4|tgt=0.5|sl=1.0|days=all|vix=(-3.0, 3.0)",theta,1507,839,0.11096190283804874,0.12609920179525003,0.050003407662969956,0.05608954715395509,0.015575848421505056,0.6323822163238222,17.565267556674254
"theta|strangle3|entry=5|legsl=0.4|tgt=0.5|sl=1.0|days=nonexpiry|vix=(-3.0, 3.0)",theta,1453,836,0.11039632200413865,0.12601680523452274,0.050003509895152565,0.06792449868829342,0.01868235952559094,0.6558843771507227,20.54817080674284
dir|debit_spread|signal=vix_spike|tgt=None|sl=None|days=all,directional,278,147,0.003916411599550716,0.12565406599785822,0.05006897111802,0.13890827822139018,0.03533720011201669,0.5179856115107914,5.508903103389329
"theta|strangle2|entry=105|legsl=None|tgt=0.5|sl=1.0|days=expiry|vix=(-3.0, 3.0)",theta,139,66,0.23262180469757213,0.12453047436927434,0.05007790338475149,0.1558180808091243,0.06428541462651827,1.0,171.04020526227333
theta|straddle|entry=105|legsl=None|tgt=0.5|sl=1.0|days=all|vix=None,theta,2440,1399,0.05331430998916123,0.12447963186558564,0.04999988324255222,0.07531439256383221,0.02231000468193778,0.5913934426229508,29.21607160865088
theta|strangle3|entry=105|legsl=None|tgt=None|sl=None|days=all|vix=None,theta,2172,1191,0.11379598630500025,0.12447009690707755,0.05003996136468725,0.13521374518832685,0.053291249579362376,0.6901473296500921,22.368666561006208
theta|strangle2|entry=105|legsl=0.5|tgt=0.5|sl=1.0|days=nonexpiry|vix=None,theta,2092,1181,0.0872064798769843,0.12391708455732497,0.05000018195116007,0.05334268843630863,0.029369589134285223,0.6644359464627151,17.07761380818305
theta|strangle2|entry=105|legsl=0.5|tgt=None|sl=None|days=nonexpiry|vix=None,theta,2092,1181,0.08687591028626891,0.12390535651312828,0.05000018399885586,0.05325194167570135,0.029241208412295494,0.6644359464627151,17.125151647126376
theta|strangle2|entry=105|legsl=None|tgt=None|sl=None|days=all|vix=None,theta,2276,1269,0.06796070484680417,0.12363240397396424,0.05009720483938551,0.09867547371957919,0.03377574186229193,0.6814586994727593,29.02323073324504
theta|strangle2|entry=15|legsl=0.5|tgt=0.5|sl=1.0|days=nonexpiry|vix=None,theta,2092,1181,0.07533764826574006,0.12343526187771614,0.05000803204604776,0.06423123966138555,0.020717293010585114,0.6539196940726577,21.58583023781995
"theta|strangle2|entry=5|legsl=0.5|tgt=None|sl=None|days=nonexpiry|vix=(-3.0, 3.0)",theta,1453,836,0.09718896273028882,0.12343070592544247,0.05000405678607445,0.05384853633269526,0.030064039551072286,0.6462491397109429,19.774162984096737
dir|debit_spread|signal=ema9_21|tgt=None|sl=None|days=all,directional,2164,1233,0.0013534837256292795,0.12325332595254257,0.049999740233463985,0.12792619964520502,0.0781315718309139,0.4121996303142329,-5.320456552207745
"theta|strangle2|entry=5|legsl=0.5|tgt=0.5|sl=1.0|days=nonexpiry|vix=(-3.0, 3.0)",theta,1453,836,0.0971917758242526,0.12305100848962791,0.050003888655585915,0.05335430842301281,0.03006496065494879,0.6462491397109429,19.56549593149577
theta|strangle2|entry=15|legsl=0.5|tgt=None|sl=None|days=nonexpiry|vix=None,theta,2092,1181,0.0746957107742697,0.12267058239146,0.050008333798817084,0.06568901625375578,0.01960035674838123,0.6539196940726577,21.931211532831735
theta|strangle2|entry=105|legsl=None|tgt=0.5|sl=1.0|days=all|vix=None,theta,2276,1269,0.08104135327545717,0.12232380899013373,0.050121537608686095,0.08547512234876575,0.02890875163803419,0.6805799648506151,22.09278146310934
theta|strangle3|entry=105|legsl=None|tgt=0.5|sl=1.0|days=all|vix=None,theta,2172,1191,0.11787182720288422,0.12224327332664764,0.05003744119627873,0.1051327301144871,0.040057575117533606,0.6901473296500921,18.051548878822345
"theta|straddle|entry=105|legsl=None|tgt=None|sl=None|days=dte2|vix=(-3.0, 3.0)",theta,850,569,0.058591375480682974,0.12221064976719176,0.05001987739103542,0.09281047565898448,0.026894872381709622,0.7294117647058823,75.24165144816637
"theta|strangle3|entry=105|legsl=None|tgt=None|sl=None|days=all|vix=(-3.0, 3.0)",theta,1452,800,0.1236657322502012,0.12157517010467278,0.050037136882152056,0.1203004305287434,0.05906592462806115,0.7121212121212122,26.660855427219566
"theta|strangle3|entry=105|legsl=0.4|tgt=None|sl=None|days=nonexpiry|vix=(-3.0, 3.0)",theta,1391,791,0.12356672427960932,0.12056371433796897,0.049997008751838434,0.06442643106535728,0.020522015304775154,0.6822429906542056,18.015144005455934
theta|straddle|entry=105|legsl=None|tgt=None|sl=None|days=all|vix=None,theta,2440,1399,0.045713049154973706,0.12039619125208856,0.04999976474645207,0.07534389549167142,0.021930724750397146,0.5913934426229508,33.19214076676745
"theta|strangle3|entry=105|legsl=0.25|tgt=None|sl=None|days=nonexpiry|vix=(-3.0, 3.0)",theta,1391,791,0.13309388704937952,0.11999814863794822,0.050008601175003276,0.05956635701532331,0.0214847378073183,0.6786484543493889,15.70465501317607
"theta|strangle3|entry=15|legsl=0.25|tgt=None|sl=None|days=nonexpiry|vix=(-3.0, 3.0)",theta,1454,846,0.11579076620750366,0.11997399353752236,0.05000406033009286,0.06009117783663753,0.01413150132890062,0.6265474552957359,17.375126117641276
"theta|strangle3|entry=105|legsl=0.5|tgt=None|sl=None|days=dte2|vix=(-3.0, 3.0)",theta,664,423,0.18914722624306365,0.11985714618635512,0.05004160657712864,0.09553621454208594,0.05159651948149646,0.7439759036144579,30.28133224177866
"theta|strangle3|entry=105|legsl=0.4|tgt=0.5|sl=1.0|days=nonexpiry|vix=(-3.0, 3.0)",theta,1391,791,0.12414711296166407,0.11985474933593099,0.04999702650918847,0.06451452593364926,0.020580715115337433,0.6822429906542056,17.87025670571602
theta|straddle|entry=105|legsl=None|tgt=0.5|sl=1.0|days=dte2|vix=None,theta,1211,781,0.04682666345009033,0.11982963723176843,0.05001564893632604,0.09176242685819025,0.022761685375150997,0.7109826589595376,66.58474870547492
"theta|strangle2|entry=15|legsl=0.5|tgt=0.5|sl=1.0|days=all|vix=(-3.0, 3.0)",theta,1584,905,0.11953648637044177,0.11974607265548687,0.0500102682509439,0.03542629045254886,0.03062977837018721,0.6161616161616161,12.434337043438987
"theta|strangle2|entry=15|legsl=0.5|tgt=None|sl=None|days=all|vix=(-3.0, 3.0)",theta,1584,905,0.11953578993839563,0.11969382683256424,0.050010268561847426,0.03619382868764043,0.030620800986811747,0.6161616161616161,12.574252059101545
"theta|strangle3|entry=105|legsl=0.5|tgt=0.5|sl=1.0|days=dte2|vix=(-3.0, 3.0)",theta,664,423,0.19051170443961066,0.11955808900387899,0.0500410208739972,0.0871507948000918,0.04251801018666557,0.7439759036144579,27.78723914138599
"theta|strangle3|entry=15|legsl=0.25|tgt=0.5|sl=1.0|days=nonexpiry|vix=(-3.0, 3.0)",theta,1454,846,0.11673728616992719,0.11951265251709775,0.050004038384611205,0.060017779508405145,0.014278952314469961,0.6265474552957359,17.14033627477333
"theta|strangle2|entry=15|legsl=None|tgt=None|sl=None|days=expiry|vix=(-3.0, 3.0)",theta,130,59,1.159498029694253,0.11895139448178438,0.049960580308216374,0.3027766678241417,0.13859257822792237,0.7846153846153846,64.14462164188497
"theta|strangle2|entry=5|legsl=0.25|tgt=None|sl=None|days=nonexpiry|vix=(-3.0, 3.0)",theta,1453,836,0.15139718092411758,0.11888834832082806,0.05000040684575524,0.06294312051748907,0.02665942082450623,0.6145905024088094,13.994427853611588
"theta|strangle3|entry=105|legsl=0.25|tgt=0.5|sl=1.0|days=nonexpiry|vix=(-3.0, 3.0)",theta,1391,791,0.13311977188894744,0.1188819989692631,0.050008526098554995,0.05951472797368851,0.021490344273053963,0.6786484543493889,15.571508909600963
"theta|strangle2|entry=5|legsl=0.25|tgt=0.5|sl=1.0|days=nonexpiry|vix=(-3.0, 3.0)",theta,1453,836,0.15139749360938115,0.1188408245176491,0.050000406674817865,0.062375035388657185,0.026659480327202556,0.6145905024088094,13.90561396821357
"theta|strangle3|entry=15|legsl=0.25|tgt=None|sl=None|days=all|vix=(-3.0, 3.0)",theta,1514,854,0.1157993946501059,0.11841132770832674,0.05000405275014552,0.04935881078222493,0.016601724894263592,0.6017173051519155,14.719155232296512
"theta|strangle2|entry=5|legsl=0.4|tgt=None|sl=None|days=nonexpiry|vix=(-3.0, 3.0)",theta,1453,836,0.09007148279106089,0.11803864843837109,0.05000077599756436,0.053658091614364745,0.019187222747178656,0.6579490708878183,20.54268794443811
"theta|strangle3|entry=15|legsl=0.25|tgt=0.5|sl=1.0|days=all|vix=(-3.0, 3.0)",theta,1514,854,0.11674605272705273,0.11793837372069649,0.050004030988852755,0.04915592467879182,0.016774185965068078,0.6017173051519155,14.493670138815666
theta|strangle3|entry=105|legsl=0.5|tgt=None|sl=None|days=nonexpiry|vix=None,theta,2092,1181,0.0827329860882681,0.11791984839028258,0.049999992393906845,0.06055407168064875,0.02386876317258302,0.6806883365200764,17.952605581469662
"theta|strangle3|entry=105|legsl=0.4|tgt=None|sl=None|days=all|vix=(-3.0, 3.0)",theta,1452,800,0.1235842778483335,0.11786428326303122,0.049996998904370704,0.06370275874063136,0.03514230827380349,0.6769972451790633,17.141971381617246
dir|debit_spread|signal=macd|tgt=None|sl=None|days=all,directional,2349,1331,0.0009037341850157896,0.11780949997551504,0.04999792722231078,0.07082594982755541,0.03614978834174698,0.42528735632183906,-6.1535322505579275
dir|debit_spread|signal=orb_reversal|tgt=None|sl=None|days=all,directional,2336,1313,0.0006921892654329423,0.1177180734771881,0.049980528667799895,0.11604436002932172,0.035344482908500896,0.4644691780821918,-5.684921469005616
"theta|strangle2|entry=105|legsl=0.5|tgt=None|sl=None|days=nonexpiry|vix=(-3.0, 3.0)",theta,1391,791,0.1124316839311169,0.11770448759996133,0.05009315725119212,0.0608993666530413,0.032597721549900704,0.6800862688713156,19.054644623581574
theta|strangle2|entry=15|legsl=0.5|tgt=0.5|sl=1.0|days=all|vix=None,theta,2249,1253,0.08253873097980191,0.11765963741089447,0.05000262338547301,0.03952417246373008,0.0323413181968597,0.6113828368163629,14.203888542542492
"theta|strangle3|entry=15|legsl=None|tgt=None|sl=None|days=dte2|vix=(-3.0, 3.0)",theta,699,449,0.1386834424221371,0.11761003294874062,0.05002416572040702,0.07589784699461632,0.03700573084104497,0.7668097281831188,31.01216541689012
"theta|strangle2|entry=5|legsl=0.4|tgt=0.5|sl=1.0|days=nonexpiry|vix=(-3.0, 3.0)",theta,1453,836,0.09007223074230006,0.11746764141072985,0.05000077571813055,0.05331805548313895,0.019187399111355807,0.6579490708878183,20.33469786123494
"theta|strangle2|entry=105|legsl=0.5|tgt=0.5|sl=1.0|days=nonexpiry|vix=(-3.0, 3.0)",theta,1391,791,0.11243508934110094,0.11723162970417489,0.050093186878583995,0.060900167097442726,0.03259881079223648,0.6800862688713156,18.980672111590483
theta|strangle2|entry=15|legsl=0.4|tgt=0.5|sl=1.0|days=nonexpiry|vix=None,theta,2092,1181,0.068082340052438,0.11719886753052577,0.05000020105771774,0.06217197917739625,0.02125612525950593,0.6615678776290631,21.952805353992737
"theta|strangle3|entry=105|legsl=None|tgt=None|sl=None|days=dte2|vix=(-3.0, 3.0)",theta,664,423,0.15179528083781232,0.11716591116844843,0.05005226328462642,0.14402840686612972,0.057147059091466446,0.8042168674698795,51.81188427861421
"theta|strangle3|entry=105|legsl=0.4|tgt=0.5|sl=1.0|days=all|vix=(-3.0, 3.0)",theta,1452,800,0.12416490441135673,0.11714399246246532,0.049997017827549284,0.061618906897052295,0.03183164688628326,0.6769972451790633,16.586367206691975
theta|strangle3|entry=105|legsl=0.5|tgt=0.5|sl=1.0|days=nonexpiry|vix=None,theta,2092,1181,0.08300066954792704,0.11711323270479745,0.04999999344834605,0.060001545130139,0.023967380342646116,0.6811663479923518,17.717238542059512
"theta|strangle2|entry=5|legsl=0.25|tgt=0.5|sl=1.0|days=dte2|vix=(-3.0, 3.0)",theta,771,497,0.22961811955545097,0.11702554641126595,0.04999255022749949,0.05013830988025125,0.023276554432390517,0.5525291828793775,12.690596630373879
"theta|strangle2|entry=5|legsl=0.25|tgt=None|sl=None|days=dte2|vix=(-3.0, 3.0)",theta,771,497,0.22961671797993158,0.11692162520042171,0.04999255871307107,0.05067197574782445,0.023563037685070398,0.5525291828793775,12.790050754436166
theta|strangle2|entry=15|legsl=0.5|tgt=None|sl=None|days=all|vix=None,theta,2249,1253,0.08177037426814492,0.11687434032427135,0.05000274519807979,0.04147028384688922,0.030251662463361972,0.6113828368163629,14.525159182455635
"theta|strangle3|entry=105|legsl=None|tgt=0.5|sl=1.0|days=all|vix=(-3.0, 3.0)",theta,1452,800,0.12946801466428348,0.11676427645029741,0.05003515835063388,0.1011040443605411,0.050706615620615514,0.7121212121212122,21.85555054785894
theta|strangle2|entry=15|legsl=0.4|tgt=None|sl=None|days=nonexpiry|vix=None,theta,2092,1181,0.06755712417310865,0.11656707774007025,0.05000020246580561,0.06264577692978901,0.02179846075564451,0.6615678776290631,22.143916688128986
theta|strangle3|entry=105|legsl=0.5|tgt=None|sl=None|days=all|vix=None,theta,2172,1191,0.08274948815145668,0.11624571338473477,0.04999999313399961,0.07894033058236216,0.032864248660709694,0.6837016574585635,20.60476014488363
theta|straddle|entry=105|legsl=None|tgt=None|sl=None|days=dte2|vix=None,theta,1211,781,0.04069984211964937,0.11612314704871496,0.05001958611844837,0.09053221788348775,0.023216729380154844,0.7109826589595376,73.94584596975346
theta|strangle3|entry=5|legsl=None|tgt=0.5|sl=1.0|days=nonexpiry|vix=None,theta,2092,1181,0.10713481704306302,0.11578948308106085,0.050000019735135126,0.0512063621695642,0.042579995006635674,0.6606118546845124,12.563767379714056
dir|debit_spread|signal=gap_follow|tgt=None|sl=None|days=all,directional,721,462,0.002089581218507071,0.11572142581255229,0.05016882581837179,0.10720641770381989,0.06717318156051588,0.3786407766990291,-33.58761368322307
"theta|strangle2|entry=5|legsl=0.5|tgt=None|sl=None|days=all|vix=(-3.0, 3.0)",theta,1578,893,0.10017415314722879,0.11571450411336315,0.05000342401646751,0.03137871037728268,0.031044346869586015,0.5982256020278834,12.909341905821838
"theta|strangle3|entry=15|legsl=0.5|tgt=None|sl=None|days=nonexpiry|vix=(-3.0, 3.0)",theta,1454,846,0.09829539680571342,0.11570968402602544,0.05007356278306818,0.0626038990349782,0.013942709217455218,0.6657496561210454,20.174991995673164
theta|strangle2|entry=5|legsl=0.25|tgt=None|sl=None|days=dte2|vix=None,theta,1015,633,0.17540715160522038,0.11548473771764534,0.0500513222896074,0.057895749795269014,0.02398455465155147,0.5605911330049261,14.10799573303119
theta|strangle2|entry=5|legsl=0.25|tgt=0.5|sl=1.0|days=dte2|vix=None,theta,1015,633,0.17561435004880094,0.11544812358595369,0.05005110657602452,0.05712027552447574,0.02382056567882218,0.5605911330049261,13.9219609944492
theta|strangle3|entry=105|legsl=0.5|tgt=0.5|sl=1.0|days=all|vix=None,theta,2172,1191,0.0830173470320943,0.11543449807839967,0.04999999421771051,0.07212719413348467,0.025832135552728785,0.6841620626151013,19.23926649571397
theta|strangle3|entry=105|legsl=0.5|tgt=None|sl=None|days=dte2|vix=None,theta,943,573,0.12210295665150546,0.11535686916608223,0.05000590954512962,0.10338750611214564,0.04905262340358174,0.7454931071049841,34.059552947197716
theta|strangle3|entry=15|legsl=0.4|tgt=None|sl=None|days=dte2|vix=None,theta,935,572,0.12150846321435528,0.1153452943781228,0.050088896197741595,0.058276732793110186,0.015907870075246522,0.6545454545454545,22.035616758328818
"theta|strangle2|entry=5|legsl=0.5|tgt=0.5|sl=1.0|days=all|vix=(-3.0, 3.0)",theta,1578,893,0.10017694241565746,0.11532763153893355,0.05000327273989602,0.030668845180028104,0.03104525953940962,0.5982256020278834,12.709554014928989
"theta|strangle3|entry=15|legsl=0.5|tgt=0.5|sl=1.0|days=nonexpiry|vix=(-3.0, 3.0)",theta,1454,846,0.09892965088893806,0.11525722826399298,0.050072157302306186,0.06244260792736367,0.014123911539864031,0.6657496561210454,19.908932987512582
theta|strangle3|entry=105|legsl=0.5|tgt=0.5|sl=1.0|days=dte2|vix=None,theta,943,573,0.12268083453859875,0.11485948863355877,0.05000586365341275,0.0934865488593204,0.03941803017036494,0.7465535524920467,31.030363540558014
theta|strangle3|entry=15|legsl=0.4|tgt=0.5|sl=1.0|days=dte2|vix=None,theta,935,572,0.1238852111827535,0.11484135680213092,0.05008551224184998,0.05687210913861618,0.015218787191964012,0.6545454545454545,21.16972799160392
"theta|strangle2|entry=15|legsl=0.25|tgt=None|sl=None|days=nonexpiry|vix=(-3.0, 3.0)",theta,1454,846,0.11446465882456373,0.11419270046302255,0.05010514660053922,0.06468239665314823,0.018174093279829773,0.6382393397524071,18.015866717982647
"theta|strangle3|entry=105|legsl=0.25|tgt=None|sl=None|days=all|vix=(-3.0, 3.0)",theta,1452,800,0.13312717737013924,0.11418447617666883,0.050008503645930125,0.04557236139822951,0.02624145022664226,0.6618457300275482,12.361848317158577
"theta|strangle2|entry=15|legsl=0.25|tgt=0.5|sl=1.0|days=nonexpiry|vix=(-3.0, 3.0)",theta,1454,846,0.11452517501964944,0.11411917626073631,0.050105062403056344,0.06464445371529592,0.018190340101029823,0.6382393397524071,17.954020154419098
theta|strangle2|entry=105|legsl=0.5|tgt=0.5|sl=1.0|days=all|vix=None,theta,2276,1269,0.08081153142674358,0.11405262165143015,0.05000002506595547,0.07576784005312276,0.025491726117552016,0.6673989455184535,20.032587893173186
"theta|strangle2|entry=5|legsl=0.4|tgt=0.5|sl=1.0|days=dte2|vix=(-3.0, 3.0)",theta,771,497,0.1512249499871005,0.11389789876937373,0.050008355926219994,0.03333346658067571,0.032468804225041614,0.5875486381322957,15.566822936865828
dir|debit_spread|signal=rsi_reversal|tgt=None|sl=None|days=all,directional,2320,1312,0.0007303020177704492,0.113840072641753,0.05000021586593262,0.14312748169529543,0.05560260359423275,0.46293103448275863,-5.353020858426547
"theta|strangle2|entry=5|legsl=0.4|tgt=None|sl=None|days=dte2|vix=(-3.0, 3.0)",theta,771,497,0.14936821106190892,0.11382670041764409,0.05000844177053976,0.03390178045824088,0.031978121071019494,0.5875486381322957,15.908246433381175
theta|strangle3|entry=5|legsl=None|tgt=0.5|sl=1.0|days=all|vix=None,theta,2156,1186,0.10713444576293048,0.11370187219377415,0.050000019737066914,0.013756470618257799,0.08056597895965567,0.6410018552875696,7.770815267981132
dir|debit_spread|signal=orb_reversal|tgt=None|sl=None|days=nonexpiry,directional,2089,1178,0.0006954312306213128,0.11334455300075841,0.04999154955308316,0.11190078561085759,0.029732154668186905,0.4561991383437051,-8.64041623301344
"theta|strangle3|entry=15|legsl=0.5|tgt=None|sl=None|days=all|vix=(-3.0, 3.0)",theta,1514,854,0.09830632273764407,0.11330499996267585,0.05007342908182144,0.045182306338381384,0.015480579683075923,0.6393659180977543,15.70866624789266
"theta|strangle3|entry=105|legsl=0.25|tgt=0.5|sl=1.0|days=all|vix=(-3.0, 3.0)",theta,1452,800,0.1331532713224717,0.1130721543945099,0.05000843288123702,0.045498074562252855,0.026250058137614163,0.6618457300275482,12.23429581710832
theta|strangle2|entry=105|legsl=0.5|tgt=None|sl=None|days=all|vix=None,theta,2276,1269,0.07753183972144592,0.11305810879415112,0.05000002881964749,0.08396827063224022,0.0277683196343953,0.6673989455184535,22.189320359415163
theta|strangle3|entry=105|legsl=None|tgt=0.5|sl=1.0|days=nonexpiry|vix=None,theta,2092,1181,0.11789762977187741,0.11295097860086778,0.05003753919683751,0.04592436124900878,0.03813670703961225,0.6782982791586998,10.327004258970714
"theta|strangle3|entry=15|legsl=0.5|tgt=0.5|sl=1.0|days=all|vix=(-3.0, 3.0)",theta,1514,854,0.09894073246618926,0.11283851675035383,0.05007203088535295,0.04482271245873948,0.015627538985658163,0.6393659180977543,15.453151189857332
dir|debit_spread|signal=bb_fade|tgt=None|sl=None|days=all,directional,2329,1330,0.0025128941121685586,0.11280825658398541,0.049999131878249004,0.06973146076358305,0.06605702654478851,0.41906397595534567,-6.3057943734977515
"theta|strangle2|entry=105|legsl=0.5|tgt=None|sl=None|days=all|vix=(-3.0, 3.0)",theta,1530,857,0.10856983213214266,0.11272269371209043,0.05010263282743743,0.09286360356711354,0.034456682993178056,0.681045751633987,23.678959601696988
dir|buy_atm|signal=orb_reversal|tgt=None|sl=None|days=all,directional,2485,1423,0.0008671603808662633,0.11266759648698699,0.05000386189927575,0.10367563160801563,0.07321698341452587,0.39396378269617705,-10.594200019548596
theta|strangle2|entry=15|legsl=0.25|tgt=0.5|sl=1.0|days=dte2|vix=None,theta,1020,635,0.17676240088045322,0.11265515038982743,0.05002182926164933,0.04718979921595645,0.03732565156198353,0.5470588235294118,12.631171704688722
theta|strangle2|entry=15|legsl=0.4|tgt=0.5|sl=1.0|days=all|vix=None,theta,2249,1253,0.072792031779236,0.11255965522950118,0.050000057933349495,0.04369931593627463,0.02358697541204946,0.6189417518897288,15.706405946843303
"theta|strangle2|entry=5|legsl=0.4|tgt=None|sl=None|days=all|vix=(-3.0, 3.0)",theta,1578,893,0.09214195269474569,0.11196603042966413,0.05000063746734418,0.037397962145016006,0.019677606770004963,0.6089987325728771,14.666435564569312
theta|strangle2|entry=15|legsl=0.25|tgt=None|sl=None|days=dte2|vix=None,theta,1020,635,0.17451049124202414,0.11193508418389775,0.0500244321481178,0.04948791254606677,0.0360980643056541,0.5470588235294118,13.070378513386665
theta|strangle2|entry=15|legsl=0.4|tgt=None|sl=None|days=all|vix=None,theta,2249,1253,0.07219358448195892,0.1119202031612685,0.05000005733237323,0.044457962538488216,0.024146874843931077,0.6189417518897288,15.884176027329309
theta|strangle3|entry=15|legsl=0.25|tgt=None|sl=None|days=dte2|vix=None,theta,935,572,0.13156050588098783,0.11189191245103536,0.05000034526955843,0.051044852731382706,0.020346192714192135,0.6010695187165775,18.270222288846075
dir|buy_atm|signal=gap_fade|tgt=0.2|sl=0.2|days=all,directional,769,498,0.009768145521406379,0.1117220126498395,0.05019152172456143,0.05792845265985669,0.03555304352834909,0.5162548764629389,-4.487507169302868
"theta|strangle2|entry=5|legsl=0.4|tgt=0.5|sl=1.0|days=all|vix=(-3.0, 3.0)",theta,1578,893,0.09214273458374171,0.11138665737138531,0.05000063721435222,0.036920485125767843,0.019677791091781804,0.6089987325728771,14.464572757373118
theta|strangle3|entry=105|legsl=None|tgt=None|sl=None|days=nonexpiry|vix=None,theta,2092,1181,0.1138313628332962,0.11111811943787253,0.05004011813957632,0.04815791592957952,0.03657642593000876,0.6782982791586998,10.730916478456804
"theta|strangle2|entry=105|legsl=0.5|tgt=0.5|sl=1.0|days=all|vix=(-3.0, 3.0)",theta,1530,857,0.10857384926776335,0.1108544408319958,0.05010265541063641,0.08330283854538956,0.028942493662541202,0.681045751633987,21.62205746981203
theta|strangle2|entry=105|legsl=0.4|tgt=None|sl=None|days=nonexpiry|vix=None,theta,2092,1181,0.06850026108819499,0.11044854044776531,0.050000190184808835,0.051823689022713726,0.022048215242093883,0.6696940726577438,18.811219751116482
theta|strangle2|entry=105|legsl=0.4|tgt=0.5|sl=1.0|days=nonexpiry|vix=None,theta,2092,1181,0.0687071457318285,0.11034513674397717,0.05000018736148737,0.05190660251245949,0.022130174181849593,0.6696940726577438,18.757401673838054
theta|strangle3|entry=15|legsl=0.25|tgt=0.5|sl=1.0|days=dte2|vix=None,theta,935,572,0.13222686339673267,0.11031971941940344,0.05000028143424484,0.04937972951005731,0.020471854465571537,0.6010695187165775,17.508770548452663
theta|strangle3|entry=105|legsl=0.4|tgt=None|sl=None|days=nonexpiry|vix=None,theta,2092,1181,0.07332587357395207,0.11019774610739841,0.05000025950939335,0.05714760684996323,0.021675763968353023,0.6782982791586998,18.257226647463977
"theta|strangle2|entry=5|legsl=0.25|tgt=None|sl=None|days=all|vix=(-3.0, 3.0)",theta,1578,893,0.15130638742089217,0.11001884572195153,0.05000039475639417,0.04720831768552025,0.026644834359398906,0.5690747782002535,10.172427214353739
"theta|strangle2|entry=5|legsl=0.25|tgt=0.5|sl=1.0|days=all|vix=(-3.0, 3.0)",theta,1578,893,0.151306727078334,0.10997280889112737,0.05000039477506524,0.04636667938053063,0.02664489900113176,0.5690747782002535,10.069990821763014
theta|strangle3|entry=15|legsl=0.5|tgt=None|sl=None|days=nonexpiry|vix=None,theta,2092,1181,0.06411081372557198,0.1099451856758642,0.05000009682354167,0.06234297565534308,0.0137787179533716,0.6649139579349904,21.9847894906227
theta|strangle2|entry=15|legsl=0.4|tgt=None|sl=None|days=dte2|vix=None,theta,1020,635,0.13608094046925612,0.10987525003986698,0.05005778149031703,0.055264980950981535,0.021473657265636326,0.6058823529411764,16.569218576882793
"theta|strangle2|entry=105|legsl=0.5|tgt=None|sl=None|days=dte2|vix=(-3.0, 3.0)",theta,742,480,0.1628078751174108,0.10948214619554397,0.050050091414357234,0.11002409526390533,0.0430119019201215,0.7183288409703504,33.91944790566335
dir|debit_spread|signal=rsi_reversal|tgt=None|sl=None|days=nonexpiry,directional,2075,1172,0.0007623771855589408,0.10944226198068097,0.0500017304616569,0.1476840549081888,0.049927835268986365,0.4506024096385542,-8.230039903436225
theta|strangle2|entry=15|legsl=0.4|tgt=0.5|sl=1.0|days=dte2|vix=None,theta,1020,635,0.13605639427030752,0.10942196718260933,0.050057786607861865,0.05360980671269178,0.020040391448441164,0.6058823529411764,16.141161896820183
theta|strangle3|entry=105|legsl=0.4|tgt=0.5|sl=1.0|days=nonexpiry|vix=None,theta,2092,1181,0.073537347965056,0.10938665477150877,0.05000026267325053,0.05653308595188511,0.0217555247185528,0.6787762906309751,17.993014151497857
"theta|straddle|entry=105|legsl=0.5|tgt=0.5|sl=1.0|days=all|vix=(-3.0, 3.0)",theta,1638,946,0.06502005521969074,0.10936011574042714,0.05000292149179719,0.06224398534163078,0.015439245907590049,0.6147741147741148,27.07995224870245
dir|debit_spread|signal=momentum_1m|tgt=None|sl=None|days=all,directional,2094,1208,0.0013681998860111857,0.10915477352804781,0.04999998199521327,0.06724992726437828,0.0376860855503971,0.4288443170964661,-4.028641730761573
theta|strangle3|entry=15|legsl=0.5|tgt=0.5|sl=1.0|days=nonexpiry|vix=None,theta,2092,1181,0.06438739563624075,0.10908239180410195,0.05000009242099113,0.0616775133049714,0.01385025821220387,0.6649139579349904,21.586533972940913
"theta|strangle2|entry=105|legsl=None|tgt=None|sl=None|days=dte2|vix=(-3.0, 3.0)",theta,742,480,0.08111978995722673,0.10905398981528625,0.05017024139083859,0.10602873610333874,0.030921963658448237,0.784366576819407,64.32822715401971
dir|debit_spread|signal=vix_spike|tgt=None|sl=None|days=nonexpiry,directional,258,132,0.003996970918240212,0.1089670145580226,0.050073979098046006,0.142515749861456,0.03602810132081802,0.5155038759689923,4.324268313526183
"theta|strangle3|entry=15|legsl=0.4|tgt=None|sl=None|days=nonexpiry|vix=(-3.0, 3.0)",theta,1454,846,0.08701563960229004,0.10891428157018646,0.050004716779514125,0.0578611023409239,0.010416536131340415,0.6650618982118295,20.228238947616514
"theta|strangle2|entry=15|legsl=0.25|tgt=None|sl=None|days=all|vix=(-3.0, 3.0)",theta,1584,905,0.12077665126327156,0.10882612808709347,0.05000000162324336,0.04851919782411129,0.023541900639493574,0.5877525252525253,12.741297160818116
"theta|strangle3|entry=105|legsl=None|tgt=None|sl=None|days=nonexpiry|vix=(-3.0, 3.0)",theta,1391,791,0.12370199159830172,0.10880314631770771,0.05003715037790224,0.052538978022906635,0.02721803600286532,0.6994967649173257,13.81389356782953
theta|strangle3|entry=105|legsl=0.4|tgt=None|sl=None|days=all|vix=None,theta,2172,1191,0.07333520348531171,0.10873540251546299,0.050000261872264695,0.059639083240740076,0.024207870770863504,0.6749539594843462,18.27967717225015
"theta|strangle2|entry=15|legsl=0.25|tgt=0.5|sl=1.0|days=all|vix=(-3.0, 3.0)",theta,1584,905,0.12077805898546232,0.10870454442810806,0.050000001582178544,0.04839991337288452,0.02354238060546021,0.5877525252525253,12.679958957377103
"theta|strangle2|entry=105|legsl=0.4|tgt=None|sl=None|days=all|vix=(-3.0, 3.0)",theta,1530,857,0.12095994512241558,0.10854210324854807,0.0500145335740787,0.08934065188858509,0.029815824591626128,0.6686274509803921,19.83612360767819
"theta|straddle|entry=105|legsl=0.5|tgt=None|sl=None|days=all|vix=(-3.0, 3.0)",theta,1638,946,0.059886473689108495,0.10853678585766868,0.05000000068302202,0.06344262905755382,0.015739196571320613,0.6147741147741148,29.556247590746093
"theta|strangle3|entry=15|legsl=0.4|tgt=0.5|sl=1.0|days=nonexpiry|vix=(-3.0, 3.0)",theta,1454,846,0.0875966885887337,0.1084867673572516,0.05000467527004249,0.0577146811179865,0.010547109611072636,0.6650618982118295,19.953397815686934
"theta|strangle2|entry=105|legsl=0.4|tgt=0.5|sl=1.0|days=all|vix=(-3.0, 3.0)",theta,1530,857,0.12160479672038743,0.10835826242823599,0.050012739014947516,0.08306990063315411,0.028526995637030095,0.6686274509803921,18.687391174741165
"theta|strangle2|entry=5|legsl=0.5|tgt=0.5|sl=1.0|days=dte2|vix=(-3.0, 3.0)",theta,771,497,0.14560348341872784,0.10830007633083594,0.050005917309426384,0.038670715989553406,0.03672417084622548,0.5901426718547341,15.609805592293757
"theta|strangle2|entry=105|legsl=0.5|tgt=0.5|sl=1.0|days=dte2|vix=(-3.0, 3.0)",theta,742,480,0.16518360981990726,0.10827758526362685,0.05005573029312216,0.09671085615192676,0.035644511189505734,0.7183288409703504,29.75790797856837
theta|strangle3|entry=15|legsl=0.5|tgt=None|sl=None|days=dte2|vix=None,theta,935,572,0.11096542490227235,0.10821895124620995,0.050072198622544306,0.05531228900421259,0.01610814013517048,0.667379679144385,21.83711064109899
theta|strangle3|entry=15|legsl=0.5|tgt=0.5|sl=1.0|days=dte2|vix=None,theta,935,572,0.11363749352206415,0.10814493174706707,0.050072926303668885,0.054120980248844264,0.016759561067878792,0.667379679144385,20.98242886409693
"theta|strangle2|entry=5|legsl=0.5|tgt=None|sl=None|days=dte2|vix=(-3.0, 3.0)",theta,771,497,0.14411194330087948,0.10811234392747693,0.05000553308978417,0.03949687824034753,0.03630937464149442,0.5901426718547341,15.974935963908008
theta|strangle3|entry=15|legsl=0.25|tgt=None|sl=None|days=nonexpiry|vix=None,theta,2092,1181,0.0680167155021498,0.10807845254085402,0.05000002128989667,0.05699641679902667,0.01365216067629016,0.634321223709369,19.451055629673405
theta|strangle3|entry=15|legsl=0.5|tgt=None|sl=None|days=all|vix=None,theta,2164,1190,0.06411718133312212,0.10807439314519796,0.05000009470808131,0.047271699007667145,0.015139441586489166,0.6427911275415896,18.040482551624834
theta|strangle3|entry=105|legsl=0.4|tgt=0.5|sl=1.0|days=all|vix=None,theta,2172,1191,0.07354677176509046,0.10792080028292417,0.05000026502531574,0.05615850896538155,0.02432256834249069,0.675414364640884,17.42018245996326
theta|strangle2|entry=5|legsl=0.25|tgt=None|sl=None|days=nonexpiry|vix=None,theta,2092,1181,0.08977130179627896,0.10785267389755826,0.05000275171566848,0.06452765363830615,0.02371077672921007,0.624282982791587,16.573243685534802
"theta|strangle3|entry=15|legsl=None|tgt=0.5|sl=1.0|days=dte2|vix=(-3.0, 3.0)",theta,699,449,0.13208981233974082,0.10776290765207097,0.05000904253386407,0.021606716247201563,0.0628925634741383,0.6909871244635193,13.37892605141338
"theta|strangle3|entry=105|legsl=None|tgt=0.5|sl=1.0|days=nonexpiry|vix=(-3.0, 3.0)",theta,1391,791,0.12949573403615422,0.10775803623050395,0.050035148549433583,0.05388195777830784,0.02864257734789144,0.6994967649173257,13.326191496178241
theta|strangle2|entry=5|legsl=0.25|tgt=0.5|sl=1.0|days=nonexpiry|vix=None,theta,2092,1181,0.08977377918911063,0.1077204004998964,0.050002744781048936,0.06398234867808528,0.023360585384202937,0.624282982791587,16.45881224032642
"theta|strangle2|entry=15|legsl=None|tgt=None|sl=None|days=dte2|vix=(-3.0, 3.0)",theta,769,500,0.11806283062565602,0.10760541258411083,0.05006824485627892,0.08159554645271228,0.03162793224216731,0.7425227568270482,33.84647405438858
theta|strangle3|entry=15|legsl=0.25|tgt=0.5|sl=1.0|days=nonexpiry|vix=None,theta,2092,1181,0.06834423720472142,0.10723833357270918,0.05000001941673615,0.056221801354226386,0.013652078364412623,0.634321223709369,19.08386911570245
theta|strangle3|entry=5|legsl=0.4|tgt=None|sl=None|days=dte2|vix=None,theta,927,568,0.10237683998544211,0.10723709579818008,0.05006230966453251,0.05257689911261032,0.014988529372795822,0.6483279395900755,22.298716601016135
theta|strangle3|entry=15|legsl=0.5|tgt=0.5|sl=1.0|days=all|vix=None,theta,2164,1190,0.06439383344990753,0.1072051782957133,0.0500000903576433,0.04642880189094045,0.015650033444343125,0.6427911275415896,17.65547767963301
theta|strangle3|entry=5|legsl=0.4|tgt=0.5|sl=1.0|days=dte2|vix=None,theta,927,568,0.10342102899341953,0.10716633256443431,0.050060845254161435,0.05132399653893516,0.01516473063803736,0.6494066882416397,21.611887954997005
"theta|strangle3|entry=15|legsl=0.4|tgt=None|sl=None|days=all|vix=(-3.0, 3.0)",theta,1514,854,0.08702307034606804,0.10716420321646325,0.0500047070423405,0.04478058369307658,0.012953037753274499,0.6387054161162483,16.439597204966056
theta|strangle3|entry=15|legsl=0.25|tgt=None|sl=None|days=all|vix=None,theta,2164,1190,0.06802056777911891,0.10697157445491245,0.050000020466257955,0.04728888795885178,0.013886074829157824,0.6132162661737524,17.080259443792695
dir|debit_spread|signal=macd|tgt=None|sl=None|days=nonexpiry,directional,2093,1182,0.0009839931948125043,0.10697045855142084,0.04999769030018131,0.06879013847711124,0.024204931578741595,0.40516005733397037,-9.418662792038132
"theta|strangle3|entry=105|legsl=0.25|tgt=None|sl=None|days=dte2|vix=(-3.0, 3.0)",theta,664,423,0.20340290169301503,0.10678839442246635,0.0500117514213293,0.04766956903384467,0.026047645756520965,0.6762048192771084,13.71094473964004
theta|strangle2|entry=15|legsl=0.25|tgt=0.5|sl=1.0|days=nonexpiry|vix=None,theta,2092,1181,0.07036821971628932,0.10678780071935878,0.04999998605169009,0.05966164001918872,0.01859656090180517,0.6391013384321224,19.370485769195263
theta|strangle3|entry=5|legsl=None|tgt=None|sl=None|days=dte2|vix=None,theta,927,568,0.10986168947505948,0.10673319857623276,0.05005207003288603,0.06249885183032955,0.03095354905551806,0.7206040992448759,24.222532997159636
"theta|strangle3|entry=15|legsl=0.4|tgt=0.5|sl=1.0|days=all|vix=(-3.0, 3.0)",theta,1514,854,0.08760421849360277,0.10672608887046642,0.05000466559649963,0.04447235677180106,0.013070923162725956,0.6387054161162483,16.1756480597708
theta|strangle3|entry=5|legsl=0.25|tgt=None|sl=None|days=nonexpiry|vix=None,theta,2092,1181,0.09966213697110772,0.10667970950181838,0.0500020859622613,0.06455053566117419,0.021381943418120386,0.6147227533460803,14.963989188732622
theta|strangle3|entry=5|legsl=0.25|tgt=0.5|sl=1.0|days=nonexpiry|vix=None,theta,2092,1181,0.10027850687977927,0.10651791423827905,0.05000198480446183,0.06376997145191421,0.021516126301118987,0.615678776290631,14.745330538176637
"theta|strangle3|entry=105|legsl=None|tgt=0.5|sl=1.0|days=dte2|vix=(-3.0, 3.0)",theta,664,423,0.14621650784899604,0.10645183551349491,0.0500597795686849,0.11368595384269486,0.04052184423656435,0.8042168674698795,41.84637923485768
theta|strangle2|entry=15|legsl=0.25|tgt=None|sl=None|days=nonexpiry|vix=None,theta,2092,1181,0.0700253979456025,0.10645148412571293,0.04999998540651107,0.060467446546360826,0.018430164240848868,0.6391013384321224,19.57355360847768
theta|strangle2|entry=15|legsl=None|tgt=None|sl=None|days=dte2|vix=None,theta,1020,635,0.09454226698938174,0.10636765132129256,0.049998538606471965,0.08312378172428203,0.020421959377515453,0.734313725490196,33.147917926446084
theta|strangle3|entry=15|legsl=0.4|tgt=None|sl=None|days=nonexpiry|vix=None,theta,2092,1181,0.06148903489300699,0.1063619393025097,0.05000021335734761,0.058325131897312144,0.01633663702075372,0.6591778202676865,21.487356372731604
theta|strangle3|entry=15|legsl=0.25|tgt=0.5|sl=1.0|days=all|vix=None,theta,2164,1190,0.06834813658435974,0.10612707418045653,0.05000001861788805,0.046462068273481316,0.01482413388619419,0.6132162661737524,16.725289856349416
theta|strangle3|entry=5|legsl=0.25|tgt=None|sl=None|days=all|vix=None,theta,2156,1186,0.09966573786599899,0.10608482566762922,0.05000207954400193,0.05589249027279286,0.02138452932206958,0.5964749536178108,13.266771241129186
"theta|strangle3|entry=105|legsl=0.25|tgt=0.5|sl=1.0|days=dte2|vix=(-3.0, 3.0)",theta,664,423,0.20341737487383946,0.10597734402594083,0.05001173353656185,0.04755019305899477,0.02604963813313288,0.6762048192771084,13.550153704560943
theta|strangle3|entry=5|legsl=0.25|tgt=0.5|sl=1.0|days=all|vix=None,theta,2156,1186,0.10028215454721214,0.10591967798515722,0.050001978650760726,0.05507180108785392,0.021518732598517,0.5974025974025974,13.0546033853949
longvol|long_straddle|signal=orb|tgt=0.3|sl=0.3|days=expiry,longvol,323,205,0.014848870976366405,0.10589691548794589,0.05000777769100351,0.09925183323321307,0.03820609203944192,0.8204334365325078,51.15193083512157
theta|strangle2|entry=105|legsl=None|tgt=None|sl=None|days=dte2|vix=None,theta,1047,651,0.060482551804448184,0.10588774077925711,0.05007344255682278,0.10337491809934951,0.030149900854717915,0.7659980897803247,60.57937118824027
theta|strangle3|entry=15|legsl=0.4|tgt=0.5|sl=1.0|days=nonexpiry|vix=None,theta,2092,1181,0.06178407080432011,0.10550001115989072,0.05000020632707791,0.057666997318260194,0.01594803386410848,0.6591778202676865,21.07574466438021
theta|strangle3|entry=105|legsl=0.25|tgt=None|sl=None|days=nonexpiry|vix=None,theta,2092,1181,0.0670248214378347,0.1053897342857526,0.05000037919525324,0.049342148378976436,0.018222789646362703,0.6735181644359465,17.416310693148645
"theta|straddle|entry=105|legsl=0.4|tgt=0.5|sl=1.0|days=all|vix=(-3.0, 3.0)",theta,1638,946,0.08260757306212577,0.1052226697657066,0.0500001154008185,0.06273067603938998,0.027692031802681427,0.6178266178266179,21.05583378211966
dir|buy_otm1|signal=gap_follow|tgt=None|sl=None|days=nonexpiry,directional,665,427,0.004584639911917944,0.10520429233539685,0.05009691573285524,0.07300899333723332,0.016764548626340248,0.47368421052631576,28.00251986883637
theta|straddle|entry=5|legsl=0.25|tgt=None|sl=None|days=nonexpiry|vix=None,theta,2092,1181,0.09921592483877084,0.10520098004510281,0.050020937464001825,0.05505304850406323,0.05737860946295714,0.5587954110898662,13.6147919730397
theta|strangle2|entry=105|legsl=0.5|tgt=0.5|sl=1.0|days=dte2|vix=None,theta,1047,651,0.1080833932943209,0.10512198846243925,0.05000606517196737,0.09814549216939494,0.03459064342382967,0.7268385864374403,32.25714917241199
theta|strangle3|entry=105|legsl=0.4|tgt=None|sl=None|days=dte2|vix=None,theta,943,573,0.10976348462804066,0.10502820388053702,0.05002286144747492,0.07516519131494159,0.02777914479382515,0.721102863202545,26.583065509472558
theta|strangle3|entry=15|legsl=0.4|tgt=None|sl=None|days=all|vix=None,theta,2164,1190,0.06149399453740212,0.10488283730920411,0.05000021069683336,0.04669510247026354,0.012818213861760297,0.6372458410351202,18.155308599378927
"theta|straddle|entry=5|legsl=0.5|tgt=None|sl=None|days=nonexpiry|vix=(-3.0, 3.0)",theta,1453,836,0.1218402489595332,0.10477563003466539,0.050000038754316356,0.06252564261492721,0.04178802608124388,0.5609084652443221,15.04489067149362
theta|strangle3|entry=105|legsl=0.4|tgt=0.5|sl=1.0|days=dte2|vix=None,theta,943,573,0.11022143285151688,0.10446342020885391,0.05002251249927725,0.07001796949069128,0.02235471291109037,0.7221633085896076,24.730072805095233
theta|strangle3|entry=105|legsl=0.25|tgt=0.5|sl=1.0|days=nonexpiry|vix=None,theta,2092,1181,0.06708880241926679,0.10443893099492785,0.050000383682645366,0.04858922329573545,0.018252672675162174,0.6739961759082218,17.119275910507856
theta|straddle|entry=5|legsl=0.25|tgt=0.5|sl=1.0|days=nonexpiry|vix=None,theta,2092,1181,0.09922845373012915,0.10440524025391285,0.05002117538622419,0.0545116077537906,0.05654058359298364,0.5587954110898662,13.443102822537627
theta|strangle2|entry=105|legsl=0.5|tgt=None|sl=None|days=dte2|vix=None,theta,1047,651,0.10209508768894333,0.10423377837753445,0.05000663202966549,0.1080101509259741,0.04081878749191625,0.7268385864374403,36.8962147065905
"theta|strangle2|entry=105|legsl=None|tgt=0.5|sl=1.0|days=dte2|vix=(-3.0, 3.0)",theta,742,480,0.09324766314765562,0.10412394171801953,0.05015721185516464,0.0957117762009525,0.02426704721247752,0.784366576819407,49.74433416536234
"theta|straddle|entry=5|legsl=0.5|tgt=0.5|sl=1.0|days=nonexpiry|vix=(-3.0, 3.0)",theta,1453,836,0.1218386325882771,0.1040807620468931,0.05000003886758764,0.06244296830947871,0.04178857316196327,0.5609084652443221,14.9150856731995
"theta|strangle3|entry=15|legsl=0.4|tgt=None|sl=None|days=dte2|vix=(-3.0, 3.0)",theta,699,449,0.147171787612818,0.10406337391355636,0.05002665447308985,0.042225643511518696,0.014574547740393906,0.6452074391988555,17.101893734404662
theta|strangle3|entry=15|legsl=0.4|tgt=0.5|sl=1.0|days=all|vix=None,theta,2164,1190,0.061789091193657136,0.10401511400855701,0.05000020372224889,0.045873108842041876,0.01289516513701594,0.6372458410351202,17.75739192014089
"theta|straddle|entry=105|legsl=0.4|tgt=None|sl=None|days=all|vix=(-3.0, 3.0)",theta,1638,946,0.07586843883113721,0.10364258075255384,0.050001957762314087,0.06377329277023303,0.025237752707398697,0.6178266178266179,22.839276937594665
"theta|straddle|entry=105|legsl=0.5|tgt=0.5|sl=1.0|days=dte2|vix=(-3.0, 3.0)",theta,850,569,0.06739753734090481,0.10358944069609466,0.05000086477893295,0.07932440903465388,0.01779138296657945,0.7305882352941176,51.30768367991798
"theta|strangle3|entry=105|legsl=0.4|tgt=None|sl=None|days=dte2|vix=(-3.0, 3.0)",theta,664,423,0.1556859807961538,0.10354765773709906,0.050006439351866994,0.06284587777862138,0.025405739651326198,0.7274096385542169,22.614955287003795
"theta|straddle|entry=105|legsl=0.5|tgt=None|sl=None|days=dte2|vix=(-3.0, 3.0)",theta,850,569,0.06181287123002303,0.1034397917946317,0.050001296325141165,0.0796408530374273,0.01910398027115423,0.7305882352941176,56.07890913590893
"theta|strangle3|entry=105|legsl=0.4|tgt=0.5|sl=1.0|days=dte2|vix=(-3.0, 3.0)",theta,664,423,0.1566051225737924,0.10323686313786373,0.050006249627955524,0.06022902035030886,0.021108818583741695,0.7274096385542169,21.5190604601521
theta|strangle3|entry=5|legsl=0.5|tgt=None|sl=None|days=nonexpiry|vix=None,theta,2092,1181,0.05983927076180576,0.10322583090662318,0.04999997910006837,0.059278708091307974,0.015583572517874567,0.6438814531548758,21.92156660265522
"theta|straddle|entry=105|legsl=0.4|tgt=None|sl=None|days=nonexpiry|vix=(-3.0, 3.0)",theta,1391,791,0.10826163141863356,0.10315986215550343,0.05004749878329284,0.03312948877637201,0.057279907756428106,0.5837526959022286,12.741826341110116
"theta|strangle2|entry=105|legsl=0.25|tgt=None|sl=None|days=nonexpiry|vix=(-3.0, 3.0)",theta,1391,791,0.11418962879925705,0.10308095075201584,0.050083080445447514,0.06169552132315692,0.02166564470801602,0.6606757728253055,16.548186359079168
theta|strangle3|entry=5|legsl=0.4|tgt=None|sl=None|days=nonexpiry|vix=None,theta,2092,1181,0.06010550238020288,0.10303361704716862,0.04999995424907744,0.06108947334217718,0.014385627984594196,0.6539196940726577,22.414251856745967
theta|strangle3|entry=5|legsl=0.5|tgt=0.5|sl=1.0|days=nonexpiry|vix=None,theta,2092,1181,0.060381554723287705,0.1029920453046207,0.04999998298869257,0.0587056033289759,0.015705985883161522,0.6443594646271511,21.537403314003488
"theta|strangle3|entry=15|legsl=0.4|tgt=0.5|sl=1.0|days=dte2|vix=(-3.0, 3.0)",theta,699,449,0.14738314176676542,0.10296948975649989,0.05002665372539672,0.041580544513158735,0.014595995270056616,0.6452074391988555,16.60186933664249
dir|credit_spread|signal=gap_fade|tgt=0.5|sl=0.3|days=all,directional,704,448,0.0020486052302756707,0.10289318147432325,0.050004801478514826,0.11342913399372434,0.02875514816073388,0.4786931818181818,16.11962497247359
"theta|strangle3|entry=5|legsl=0.25|tgt=None|sl=None|days=dte2|vix=(-3.0, 3.0)",theta,700,443,0.22916227032260136,0.10286687366142822,0.050005228112654954,0.05620010603311454,0.025669084907176454,0.59,13.29202632712696
dir|credit_spread|signal=gap_fade|tgt=0.5|sl=0.3|days=nonexpiry,directional,665,427,0.002012310354823651,0.10281221698408327,0.050005452043966114,0.11737651078178701,0.023556276665584353,0.4842105263157895,17.38164206812948
theta|strangle3|entry=5|legsl=0.4|tgt=0.5|sl=1.0|days=nonexpiry|vix=None,theta,2092,1181,0.060458865676493855,0.10279950348547517,0.04999995502018517,0.06032917055007392,0.014416996487159217,0.654397705544933,22.056864075592653
dir|debit_spread|signal=ema9_21|tgt=None|sl=None|days=nonexpiry,directional,1926,1091,0.001602429646613874,0.10279045538670872,0.04999983478547121,0.12534378907533683,0.07004924582997374,0.39148494288681207,-9.141948729422976
"theta|straddle|entry=105|legsl=0.4|tgt=0.5|sl=1.0|days=nonexpiry|vix=(-3.0, 3.0)",theta,1391,791,0.10826163141863356,0.10277904833021467,0.05004749878329284,0.03312948877637201,0.057279907756428106,0.5837526959022286,12.67055579409756
theta|strangle3|entry=5|legsl=0.5|tgt=None|sl=None|days=dte2|vix=None,theta,927,568,0.0984854019088903,0.10269679682263666,0.050052258533172744,0.051510631255463624,0.014771139306522185,0.6289104638619202,21.528253231550647
theta|strangle3|entry=5|legsl=0.5|tgt=None|sl=None|days=all|vix=None,theta,2156,1186,0.05984165821912187,0.10257464160744312,0.04999997939051337,0.0496758887582891,0.011424464305460957,0.6247680890538033,18.938446972078836
theta|strangle3|entry=5|legsl=0.5|tgt=0.5|sl=1.0|days=dte2|vix=None,theta,927,568,0.09998908003171603,0.1025671922337772,0.050050211839382186,0.05016756687036139,0.015768014008501474,0.6299892125134844,20.78093830814981
dir|debit_spread|signal=momentum_1m|tgt=None|sl=None|days=nonexpiry,directional,1881,1084,0.0013775817695596854,0.10254748541187086,0.05000000577958408,0.07373748856518514,0.03436254747208656,0.41626794258373206,-6.565299526307889
"theta|strangle3|entry=5|legsl=None|tgt=None|sl=None|days=dte2|vix=(-3.0, 3.0)",theta,700,443,0.12203237799304731,0.10252855094977131,0.05012838341634496,0.07040924534469362,0.029370435597443012,0.7285714285714285,29.589106406399182
theta|strangle2|entry=15|legsl=0.25|tgt=0.5|sl=1.0|days=all|vix=None,theta,2249,1253,0.07365665949800529,0.10251769511972442,0.05000002637758383,0.04504959381513607,0.019554259126179807,0.5958203646064918,14.690651544072669
"theta|strangle2|entry=105|legsl=0.25|tgt=0.5|sl=1.0|days=nonexpiry|vix=(-3.0, 3.0)",theta,1391,791,0.1141976712834054,0.10250865916806795,0.05008310565233176,0.06169736382004731,0.02166765835174833,0.6606757728253055,16.472625554108085
theta|strangle3|entry=5|legsl=0.4|tgt=None|sl=None|days=all|vix=None,theta,2156,1186,0.060107576771764155,0.10248980635211846,0.04999995407236635,0.05313460537914194,0.014696581138746612,0.634508348794063,19.848304084944065
theta|strangle3|entry=5|legsl=0.5|tgt=0.5|sl=1.0|days=all|vix=None,theta,2156,1186,0.060383986178675,0.10233545409124667,0.04999998329194977,0.04881761706333587,0.011552368956376458,0.6252319109461967,18.565687417413052
"theta|strangle3|entry=15|legsl=0.5|tgt=None|sl=None|days=dte2|vix=(-3.0, 3.0)",theta,699,449,0.14051080067999036,0.10225729329659772,0.05006158598686916,0.04199541330343615,0.01433589302773497,0.65379113018598,17.615608909994883
theta|strangle3|entry=5|legsl=0.4|tgt=0.5|sl=1.0|days=all|vix=None,theta,2156,1186,0.06046096573954582,0.10225279893217176,0.04999995485661557,0.05234076721871639,0.01478820357691435,0.6349721706864564,19.501525217517017
theta|strangle2|entry=15|legsl=0.25|tgt=None|sl=None|days=all|vix=None,theta,2249,1253,0.07328210824360128,0.10218557179134424,0.05000002643691703,0.04601602819665396,0.019318897729350137,0.5958203646064918,14.882760361595116
theta|strangle3|entry=105|legsl=0.25|tgt=None|sl=None|days=all|vix=None,theta,2172,1191,0.06703735113257125,0.10207853820560264,0.05000038284046282,0.03603334954644155,0.019318291845503488,0.6569981583793738,13.90442759641931
theta|straddle|entry=15|legsl=0.25|tgt=None|sl=None|days=nonexpiry|vix=None,theta,2093,1182,0.07523239993717824,0.10197454922383953,0.050010577748046514,0.021257516557126266,0.055489545332059076,0.5642618251313903,11.74574279648187
"theta|strangle3|entry=5|legsl=0.25|tgt=None|sl=None|days=nonexpiry|vix=(-3.0, 3.0)",theta,1453,836,0.14237737229486794,0.10196646622814498,0.049999998930083556,0.06530003235318405,0.01991027230280984,0.6070199587061252,13.355134469849725
theta|strangle2|entry=5|legsl=0.5|tgt=None|sl=None|days=nonexpiry|vix=None,theta,2092,1181,0.06062209815271369,0.10195487378726154,0.05000000767149393,0.056892028923566595,0.017241369942025853,0.6434034416826003,20.746351734430956
theta|strangle2|entry=5|legsl=0.25|tgt=None|sl=None|days=all|vix=None,theta,2244,1251,0.09117403105494941,0.10193219047179869,0.05000165148078817,0.05349715649811437,0.02409116797965205,0.5846702317290553,13.080092000390243
"theta|strangle3|entry=5|legsl=0.25|tgt=0.5|sl=1.0|days=dte2|vix=(-3.0, 3.0)",theta,700,443,0.22659464974206583,0.10192596388064135,0.05000612167936913,0.05593850274560119,0.02534851850799902,0.5914285714285714,13.21470408912854
theta|straddle|entry=15|legsl=0.25|tgt=0.5|sl=1.0|days=nonexpiry|vix=None,theta,2093,1182,0.07532385274282039,0.1019252537847164,0.05001051454168459,0.021252194217981968,0.055563684141743175,0.5642618251313903,11.727420058833193
theta|straddle|entry=105|legsl=0.5|tgt=0.5|sl=1.0|days=dte2|vix=None,theta,1211,781,0.04894095814747613,0.10187555068143772,0.05000111157490772,0.08261776466191173,0.02171569227531267,0.7258464079273328,52.03945875544514
theta|strangle2|entry=5|legsl=0.25|tgt=0.5|sl=1.0|days=all|vix=None,theta,2244,1251,0.09117665230702231,0.10179905694875835,0.05000164580717459,0.052836719693408085,0.02373570741147024,0.5846702317290553,12.95888494361628
"theta|strangle3|entry=15|legsl=0.5|tgt=0.5|sl=1.0|days=dte2|vix=(-3.0, 3.0)",theta,699,449,0.1417870456316628,0.10173780873421712,0.05006019944465667,0.04139042543055216,0.0145345028356062,0.65379113018598,17.111457363163794
theta|strangle2|entry=5|legsl=0.5|tgt=0.5|sl=1.0|days=nonexpiry|vix=None,theta,2092,1181,0.06062328880352004,0.1016882685444942,0.05000000749337763,0.056699029750152175,0.017240790265741546,0.6434034416826003,20.618990572341563
"theta|strangle3|entry=5|legsl=0.25|tgt=None|sl=None|days=all|vix=(-3.0, 3.0)",theta,1507,839,0.1423760203820142,0.10160771147269743,0.0499999989468628,0.05475065254526634,0.01800981445341243,0.5852687458526875,11.395107470449378
theta|strangle2|entry=105|legsl=0.25|tgt=None|sl=None|days=nonexpiry|vix=None,theta,2092,1181,0.07032253980886696,0.10150520317790357,0.049975214469860085,0.05041588066373581,0.020728494389937513,0.6496175908221797,16.65493392822026
"theta|strangle3|entry=5|legsl=0.25|tgt=0.5|sl=1.0|days=nonexpiry|vix=(-3.0, 3.0)",theta,1453,836,0.14237720573319457,0.1014728136066465,0.049999998932994005,0.06489420296308412,0.01988295407280083,0.6077081899518239,13.240084653052595
theta|straddle|entry=105|legsl=0.5|tgt=None|sl=None|days=dte2|vix=None,theta,1211,781,0.0446272027660758,0.10142359735901008,0.050001693091716426,0.08274591376877138,0.022802162536402215,0.7258464079273328,56.926133963802265
theta|strangle2|entry=105|legsl=0.25|tgt=0.5|sl=1.0|days=nonexpiry|vix=None,theta,2092,1181,0.07039361742745061,0.1011498139925644,0.049975282319035474,0.05043329385220163,0.020753129322046315,0.6496175908221797,16.59410352672719
theta|strangle3|entry=105|legsl=0.25|tgt=0.5|sl=1.0|days=all|vix=None,theta,2172,1191,0.06710141855156643,0.10112680570577126,0.05000038730313927,0.035215472733431286,0.019350502099759415,0.6574585635359116,13.618333321426428
"theta|strangle3|entry=5|legsl=0.25|tgt=0.5|sl=1.0|days=all|vix=(-3.0, 3.0)",theta,1507,839,0.14237585358088004,0.1011141913605138,0.04999999894978835,0.05434506568920483,0.01800979130928182,0.5859323158593231,11.28418020846781
dir|debit_spread|signal=open_direction|tgt=None|sl=None|days=all,directional,2354,1340,0.001368883154926224,0.10093735460816666,0.04992613868887408,0.12285624752635149,0.05509858199559581,0.4163126593033135,-4.820940268046206
theta|strangle2|entry=105|legsl=None|tgt=0.5|sl=1.0|days=dte2|vix=None,theta,1047,651,0.06977156078385377,0.10055343113516124,0.05009322893297119,0.09084137230183154,0.02417173896189695,0.7650429799426934,45.614156590100116
theta|strangle2|entry=5|legsl=0.4|tgt=None|sl=None|days=nonexpiry|vix=None,theta,2092,1181,0.056739739441213626,0.10015617838664248,0.050000127743183076,0.05188599721303766,0.023076822514116135,0.654397705544933,20.940487307051264
dir|debit_spread|signal=orb|tgt=None|sl=None|days=all,directional,2346,1334,0.0015662921085018242,0.09982539841321114,0.0500140300747296,0.051168410292274036,0.07802995363984278,0.4143222506393862,-5.988222336265457
dir|buy_otm1|signal=gap_follow|tgt=None|sl=None|days=all,directional,738,476,0.0029274802161918926,0.09978618944444761,0.05003700054563487,0.06507506380986094,0.009375102192897944,0.46883468834688347,26.305394896452988
theta|strangle2|entry=5|legsl=0.4|tgt=0.5|sl=1.0|days=nonexpiry|vix=None,theta,2092,1181,0.05674077708633178,0.09976505491218224,0.05000012796802822,0.051681049817615676,0.022701567234852393,0.654397705544933,20.786417345880196
"theta|straddle|entry=15|legsl=None|tgt=None|sl=None|days=expiry|vix=(-3.0, 3.0)",theta,252,149,0.17737468610577412,0.09971969050541518,0.050159959454116665,0.08096685343540244,0.027331825663877707,0.6666666666666666,61.01234554059546
dir|debit_spread|signal=orb|tgt=None|sl=None|days=nonexpiry,directional,2090,1179,0.002313584020645959,0.0995270253148004,0.05000438694384579,0.06592050901519975,0.12671783548977866,0.39425837320574164,-10.042797305821232
theta|strangle2|entry=5|legsl=0.4|tgt=None|sl=None|days=dte2|vix=None,theta,1015,633,0.10449082642618342,0.09908695648065802,0.05006376565299486,0.03884991817646877,0.017068254588130216,0.5842364532019705,15.44950215849396
"theta|straddle|entry=105|legsl=0.5|tgt=0.5|sl=1.0|days=nonexpiry|vix=(-3.0, 3.0)",theta,1391,791,0.10007718828141683,0.09905570457907231,0.05001490898576533,0.02739690666079797,0.040719549123622634,0.5643421998562186,11.846783156772723
"theta|straddle|entry=105|legsl=0.5|tgt=None|sl=None|days=nonexpiry|vix=(-3.0, 3.0)",theta,1391,791,0.09920669895760838,0.09880842633902831,0.05001561775885277,0.027438984453322712,0.04031622843062377,0.5643421998562186,11.918053703785285
dir|buy_atm|signal=gap_follow|tgt=None|sl=None|days=all,directional,769,497,0.0033254670243345794,0.09871304922257607,0.050063272094066136,0.09907188579212822,0.046774614770169864,0.3992197659297789,0.7585922894180206
"theta|strangle3|entry=5|legsl=0.5|tgt=None|sl=None|days=dte2|vix=(-3.0, 3.0)",theta,700,443,0.10907953750269418,0.09851113864845873,0.050018226680871636,0.04619748604058427,0.016548717612557717,0.6285714285714286,21.741941422951868
theta|strangle2|entry=5|legsl=0.4|tgt=0.5|sl=1.0|days=dte2|vix=None,theta,1015,633,0.10449297828068836,0.09836368931321138,0.05006374826445237,0.03852229248067429,0.017068633769399044,0.5842364532019705,15.165774763993944
"theta|strangle3|entry=5|legsl=0.5|tgt=0.5|sl=1.0|days=dte2|vix=(-3.0, 3.0)",theta,700,443,0.10973511095796701,0.09830162300040346,0.050017725771558164,0.04497628170279944,0.016676777454239566,0.63,21.084218423267124
dir|buy_atm|signal=gap_fade|tgt=0.5|sl=0.3|days=all,directional,769,498,0.006316927981654542,0.09818662666703393,0.04970020697359334,0.0591287604663886,0.02646763199432456,0.435630689206762,-5.691092306470454
"theta|straddle|entry=5|legsl=0.4|tgt=None|sl=None|days=nonexpiry|vix=(-3.0, 3.0)",theta,1453,836,0.09514839085085272,0.09801622688910872,0.05001501369132888,0.058336873664015076,0.037625709689789844,0.5746730901582932,17.35429534969176
"theta|straddle|entry=5|legsl=0.4|tgt=0.5|sl=1.0|days=nonexpiry|vix=(-3.0, 3.0)",theta,1453,836,0.0951523659773495,0.09748189291086118,0.050015004676933206,0.05827385568179011,0.03762792256655567,0.5746730901582932,17.224490351397634
dir|debit_spread|signal=linreg_slope|tgt=None|sl=None|days=all,directional,2354,1332,0.0018328992670099934,0.09725634597562682,0.04999979702501389,0.1817199081738372,0.09616564345460488,0.4388275276125743,-4.517906603885588
dir|credit_spread|signal=gap_fade|tgt=0.2|sl=0.2|days=nonexpiry,directional,665,427,0.006402543280236845,0.09706212949791992,0.04999922983470284,0.10076443594958162,0.025234234720699744,0.5533834586466165,1.3136432964535136
"theta|straddle|entry=15|legsl=0.25|tgt=None|sl=None|days=nonexpiry|vix=(-3.0, 3.0)",theta,1454,846,0.10126511563592692,0.09661918357593535,0.0499999940599799,0.033352522233892845,0.053711972723129775,0.5708390646492435,11.889458865624833
"theta|straddle|entry=15|legsl=0.25|tgt=0.5|sl=1.0|days=nonexpiry|vix=(-3.0, 3.0)",theta,1454,846,0.10126511563592692,0.09661918357593535,0.0499999940599799,0.033352522233892845,0.053711972723129775,0.5708390646492435,11.889458865624833
theta|strangle3|entry=105|legsl=0.25|tgt=None|sl=None|days=dte2|vix=None,theta,943,573,0.10664838615676411,0.09644906235374395,0.05002119046268494,0.049703553017238056,0.019424845598820184,0.6638388123011665,16.873782691654135
dir|debit_spread|signal=gap_follow|tgt=None|sl=None|days=nonexpiry,directional,664,426,0.0021255398841857204,0.0963587707722855,0.05000281156998121,0.1065305958650864,0.06878808207463716,0.3674698795180723,-37.718638433465756
dir|buy_atm|signal=vix_spike|tgt=None|sl=None|days=all,directional,296,160,0.007502215264238744,0.09630877590423115,0.05003081501646234,0.16903943347731176,0.14283069311823327,0.4358108108108108,5.972605770826338
dir|buy_atm|signal=gap_fade|tgt=None|sl=None|days=all,directional,769,498,0.0009086752953645074,0.09629511055595619,0.050004199465202515,0.11376313914038261,0.05319673687320192,0.42392717815344605,8.433093037997097
theta|straddle|entry=5|legsl=0.4|tgt=0.5|sl=1.0|days=nonexpiry|vix=None,theta,2092,1181,0.08180865763406843,0.096207965721405,0.04999717772487877,0.06179375088849315,0.05124258620752464,0.5554493307839388,16.055614986998243
"theta|straddle|entry=105|legsl=0.4|tgt=0.5|sl=1.0|days=expiry|vix=(-3.0, 3.0)",theta,247,155,0.23453503936685952,0.09620243172647203,0.05001965385649543,0.12779412765046017,0.04463436783196417,0.8097165991902834,68.27818876729675
"theta|strangle3|entry=5|legsl=0.4|tgt=None|sl=None|days=dte2|vix=(-3.0, 3.0)",theta,700,443,0.10180963858291685,0.09602516310100184,0.050036661022433204,0.04789471462999462,0.01172771140091855,0.65,23.340657156864435
dir|buy_atm|signal=rsi_reversal|tgt=None|sl=None|days=all,directional,2473,1423,0.0011028388422706947,0.09583850775585878,0.0500053773424074,0.10346469068414321,0.04441292614810388,0.38091386979377273,-11.63697083876483
dir|buy_atm|signal=stochastic|tgt=None|sl=None|days=all,directional,2468,1419,0.0019011000297676688,0.095829409320219,0.07671282540662527,0.6891034409692949,0.2321906286131754,0.32576985413290116,-27.075660261929855
theta|straddle|entry=15|legsl=None|tgt=None|sl=None|days=expiry|vix=None,theta,325,203,0.13173098642767755,0.09580433423666923,0.05001721240118684,0.08025524315687971,0.028691788382477545,0.6646153846153846,62.67175286017639
dir|buy_atm|signal=linreg_slope|tgt=None|sl=None|days=all,directional,2492,1437,0.000420955315415308,0.09565889912129544,0.0500514099779964,0.04531355530117298,0.002518286467634967,0.3523274478330658,-25.1095598879069
"theta|straddle|entry=105|legsl=0.4|tgt=None|sl=None|days=expiry|vix=(-3.0, 3.0)",theta,247,155,0.18890455893923275,0.09564546885198633,0.050024864178084605,0.11958809401820902,0.038245982872787576,0.8097165991902834,79.70386713884974
theta|strangle3|entry=105|legsl=0.25|tgt=0.5|sl=1.0|days=dte2|vix=None,theta,943,573,0.106781957480501,0.09559532893088618,0.05002103873795427,0.04839923347436481,0.0180055045511478,0.6648992576882291,16.342727051779363
"theta|strangle3|entry=5|legsl=0.4|tgt=0.5|sl=1.0|days=dte2|vix=(-3.0, 3.0)",theta,700,443,0.10114130510096431,0.09551211769197243,0.05003716584989615,0.04692868870042144,0.011646186815811865,0.6514285714285715,22.820835588890073
theta|straddle|entry=5|legsl=0.4|tgt=None|sl=None|days=nonexpiry|vix=None,theta,2092,1181,0.08014951903912558,0.09543599015104576,0.049996746788499524,0.06166238231690335,0.050875007144797535,0.5554493307839388,16.238326855977288
theta|strangle2|entry=5|legsl=0.5|tgt=None|sl=None|days=all|vix=None,theta,2244,1251,0.06180196407097074,0.09536237527919611,0.05000005254014661,0.03959680993016357,0.017588235477224434,0.6029411764705882,14.82435619100139
theta|strangle2|entry=105|legsl=0.4|tgt=None|sl=None|days=all|vix=None,theta,2276,1269,0.06731281270009708,0.0953330044291627,0.049999979137591466,0.06685886371812577,0.023581761210662244,0.6586115992970123,19.05688408756319
theta|strangle2|entry=105|legsl=0.4|tgt=0.5|sl=1.0|days=all|vix=None,theta,2276,1269,0.06751304458003882,0.09516596149029022,0.04999997886256646,0.061805068540034425,0.023721969514402197,0.6586115992970123,17.943176244062972
"theta|strangle3|entry=5|legsl=None|tgt=0.5|sl=1.0|days=nonexpiry|vix=(-3.0, 3.0)",theta,1453,836,0.09905783756414825,0.09510033819088393,0.049908619393395415,0.05372294060423055,0.02316621009996056,0.6751548520302821,14.93387247284773
theta|strangle2|entry=5|legsl=0.5|tgt=0.5|sl=1.0|days=all|vix=None,theta,2244,1251,0.06180311973675848,0.09509314234935284,0.05000005229618598,0.039273521506534514,0.01758762607074893,0.6029411764705882,14.700242280354898
"theta|straddle|entry=5|legsl=0.25|tgt=None|sl=None|days=nonexpiry|vix=(-3.0, 3.0)",theta,1453,836,0.11240484412815308,0.0948427713479294,0.04999999539728228,0.053322578985588454,0.02547122421976511,0.5581555402615279,13.772281155386706
theta|straddle|entry=105|legsl=0.5|tgt=0.5|sl=1.0|days=all|vix=None,theta,2440,1399,0.042378569444579794,0.09460043080704161,0.0500036893960526,0.057374744974397984,0.015712750067389925,0.6028688524590164,25.516293901690428
"theta|strangle2|entry=105|legsl=None|tgt=None|sl=None|days=all|vix=(-3.0, 3.0)",theta,1530,857,0.057943931416870216,0.0944824573683154,0.050264945949911044,0.08314926863733518,0.022557643915387726,0.7065359477124183,34.61850131531011
theta|straddle|entry=105|legsl=0.5|tgt=None|sl=None|days=all|vix=None,theta,2440,1399,0.03921874324645569,0.09446578990992238,0.050004160457661095,0.05879809043969941,0.016995771675572646,0.6028688524590164,27.9418651352952
theta|strangle2|entry=5|legsl=0.4|tgt=None|sl=None|days=all|vix=None,theta,2244,1251,0.05758707004247325,0.09444849705157687,0.050000196461527424,0.03951695176293413,0.02454876048408028,0.6127450980392157,15.805988483505569
theta|strangle3|entry=15|legsl=None|tgt=0.5|sl=1.0|days=nonexpiry|vix=None,theta,2092,1181,0.07186025566088185,0.09436153372637879,0.05003861003231724,0.042423318927766296,0.022277957065688803,0.6692160611854685,12.953506031554928
theta|strangle3|entry=15|legsl=None|tgt=None|sl=None|days=dte2|vix=None,theta,935,572,0.0823723938125737,0.09431613840395903,0.049993469392727974,0.0660980129306068,0.017446175433976086,0.7550802139037434,29.706343250236404
"theta|strangle3|entry=5|legsl=None|tgt=0.5|sl=1.0|days=all|vix=(-3.0, 3.0)",theta,1507,839,0.09905220273365645,0.09429892771714576,0.049908612996261925,0.02496722260934159,0.0401163934229426,0.6509621765096217,9.172580090578455
"theta|straddle|entry=5|legsl=0.25|tgt=0.5|sl=1.0|days=nonexpiry|vix=(-3.0, 3.0)",theta,1453,836,0.11240343085072509,0.09420606815098664,0.049999995440011546,0.053322355585013304,0.02547083438577913,0.5581555402615279,13.658346444122062
theta|strangle2|entry=5|legsl=None|tgt=None|sl=None|days=dte2|vix=None,theta,1015,633,0.09698606473018834,0.09414175072446884,0.05049137611692134,0.061396614562896135,0.029844423841343115,0.696551724137931,22.682137755113764
theta|strangle2|entry=5|legsl=0.4|tgt=0.5|sl=1.0|days=all|vix=None,theta,2244,1251,0.05758815779276819,0.09405425859090633,0.05000019671529343,0.03919930313708875,0.024168459259082842,0.6127450980392157,15.655077486343687
"theta|butterfly6|entry=5|legsl=0.4|tgt=0.5|sl=1.0|days=nonexpiry|vix=(-3.0, 3.0)",theta,1453,836,0.004780833697271942,0.09380995763877475,0.050004387059166655,0.10413016411326459,0.1372455109811047,0.48864418444597385,-8.119434170222304
"theta|butterfly6|entry=5|legsl=0.4|tgt=0.5|sl=1.0|days=all|vix=(-3.0, 3.0)",theta,1453,836,0.004780833697271942,0.09380995763877475,0.050004387059166655,0.10413016411326459,0.1372455109811047,0.48864418444597385,-8.119434170222304
"theta|straddle|entry=105|legsl=0.4|tgt=0.5|sl=1.0|days=dte2|vix=(-3.0, 3.0)",theta,850,569,0.08179855265435461,0.09371539683682961,0.050038006631895726,0.0776538871983774,0.018176346624860118,0.7105882352941176,38.10637868233462
dir|credit_spread|signal=gap_fade|tgt=0.2|sl=0.2|days=all,directional,704,448,0.006401574233308016,0.093644538818912,0.04999926748949923,0.08361791988599854,0.09728492085960971,0.5411931818181818,0.5542227160797281
theta|strangle3|entry=15|legsl=None|tgt=0.5|sl=1.0|days=dte2|vix=None,theta,935,572,0.08658907062634548,0.09352238208447505,0.050024702488652206,0.020706978677524246,0.05785414472373984,0.6855614973262032,12.350018025716997
"theta|straddle|entry=105|legsl=0.4|tgt=None|sl=None|days=dte2|vix=(-3.0, 3.0)",theta,850,569,0.07502246369485985,0.09328893789501502,0.050001124734323166,0.07791220350452588,0.019592443217024913,0.7105882352941176,41.54243721879685
theta|strangle2|entry=105|legsl=None|tgt=0.5|sl=1.0|days=nonexpiry|vix=None,theta,2092,1181,0.1008919845170158,0.09324302199783796,0.049998167866188714,0.03424796013799347,0.029302995908681573,0.6524856596558317,8.558110434179325
theta|strangle2|entry=15|legsl=None|tgt=0.5|sl=1.0|days=nonexpiry|vix=None,theta,2092,1181,0.08376285689415096,0.0931894471440069,0.0500000215724955,0.037646380735291585,0.03094074354086762,0.652963671128107,10.831016799984198
"theta|strangle3|entry=15|legsl=None|tgt=0.5|sl=1.0|days=nonexpiry|vix=(-3.0, 3.0)",theta,1454,846,0.08358903882974632,0.09307725713801562,0.05002032167211701,0.053030969481956625,0.01990060092084789,0.6918844566712518,15.876681444154645
"theta|butterfly4|entry=15|legsl=0.5|tgt=0.5|sl=1.0|days=dte2|vix=(-3.0, 3.0)",theta,666,441,0.0048170890022767995,0.09296850177288407,0.05003239077637334,0.10097691393492103,0.12505306544881767,0.5180180180180181,-3.612078136104134
dir|debit_spread|signal=sma20_cross|tgt=None|sl=None|days=all,directional,2318,1316,0.001255543779285493,0.09284027182112542,0.05003458420614104,0.08060769924623679,0.05507653130400714,0.4141501294219154,-5.6730889298136224
dir|debit_spread|signal=stochastic|tgt=None|sl=None|days=all,directional,2336,1319,0.001300673766377727,0.09277334507764445,0.0500033066392096,0.10436495952888447,0.05511686584033226,0.4113869863013699,-6.547167023443808
dir|buy_atm|signal=momentum_1m|tgt=None|sl=None|days=all,directional,2227,1313,0.00041797117809665217,0.09245924683806916,0.05000530760084232,0.04394968025089874,0.01306813394600237,0.36326897171082173,-13.714597359878576
theta|straddle|entry=105|legsl=0.4|tgt=0.5|sl=1.0|days=expiry|vix=None,theta,348,218,0.1470575733777287,0.09244227536625793,0.050025587208500366,0.11845275038673364,0.04024112237162003,0.8132183908045977,69.75148507917885
"theta|straddle|entry=105|legsl=0.25|tgt=0.5|sl=1.0|days=nonexpiry|vix=(-3.0, 3.0)",theta,1391,791,0.11802008476631219,0.09219621910036135,0.05000182582191526,0.03468349362115575,0.05040241048527716,0.5693745506829619,10.391592910173548
theta|strangle3|entry=5|legsl=0.25|tgt=None|sl=None|days=dte2|vix=None,theta,927,568,0.15477509680834858,0.09213451709709797,0.05000473862005639,0.05648261049322989,0.016399090355919244,0.5911542610571737,13.286308146228228
dir|credit_spread|signal=ema9_21|tgt=0.5|sl=0.3|days=nonexpiry,directional,1926,1091,0.0040108663264642195,0.09211550132558366,0.050000310203361154,0.07321519635781604,0.09721121919579401,0.416926272066459,-0.2871441279566798
theta|strangle3|entry=5|legsl=0.25|tgt=0.5|sl=1.0|days=dte2|vix=None,theta,927,568,0.1562700278034245,0.0920981970639334,0.05000480723883727,0.05553234159936138,0.01658470718702565,0.593311758360302,12.90786690422214
"theta|straddle|entry=105|legsl=0.25|tgt=None|sl=None|days=nonexpiry|vix=(-3.0, 3.0)",theta,1391,791,0.1168194372564269,0.09198597146227305,0.050004182132757036,0.034677810784891294,0.04980879335202204,0.5693745506829619,10.462863457186108
theta|straddle|entry=105|legsl=0.4|tgt=None|sl=None|days=expiry|vix=None,theta,348,218,0.11811305176640506,0.09198179720983446,0.050072650392438245,0.11234006900605009,0.03503494644174343,0.8132183908045977,82.56850678977744
"theta|strangle2|entry=5|legsl=None|tgt=None|sl=None|days=dte2|vix=(-3.0, 3.0)",theta,771,497,0.10757403089859609,0.09179784495636278,0.05033410354162615,0.0699745420227118,0.023882397885259143,0.7055771725032426,28.130096136922823
theta|strangle2|entry=5|legsl=0.5|tgt=None|sl=None|days=dte2|vix=None,theta,1015,633,0.09680040906525762,0.09135375768536536,0.050058114497936734,0.044490093239906825,0.01656774777717418,0.5881773399014778,16.110935441951668
theta|strangle2|entry=105|legsl=None|tgt=None|sl=None|days=nonexpiry|vix=None,theta,2092,1181,0.09775463675252104,0.09120832360413389,0.04999924518196086,0.03637757887553428,0.028162880037438387,0.6534416826003824,8.942813957683443
"theta|strangle2|entry=105|legsl=None|tgt=0.5|sl=1.0|days=all|vix=(-3.0, 3.0)",theta,1530,857,0.06664423837272669,0.09119890472302239,0.05026091085675921,0.07632082267788243,0.020557132859714056,0.7058823529411765,27.22864697425194
theta|strangle2|entry=5|legsl=0.5|tgt=0.5|sl=1.0|days=dte2|vix=None,theta,1015,633,0.09680609890467393,0.09089031932767178,0.05005811684259931,0.0441119379043895,0.01656954276139755,0.5881773399014778,15.862862266845712
"theta|strangle2|entry=105|legsl=0.25|tgt=None|sl=None|days=all|vix=(-3.0, 3.0)",theta,1530,857,0.13803717573548663,0.0906480898661195,0.050379405161531055,0.06295204604719973,0.02991892521027817,0.6254901960784314,11.65554113662445
theta|strangle3|entry=15|legsl=None|tgt=0.5|sl=1.0|days=all|vix=None,theta,2164,1190,0.07186546175459436,0.09056828316914078,0.050038651221729014,0.009739236180433597,0.061073828704861666,0.6474121996303143,6.713310827044374
"theta|strangle2|entry=105|legsl=0.25|tgt=0.5|sl=1.0|days=all|vix=(-3.0, 3.0)",theta,1530,857,0.13911681162254178,0.0904051595012465,0.0503605396522917,0.06275264756720667,0.030147959518220246,0.6254901960784314,11.51691057243534
theta|straddle|entry=105|legsl=0.4|tgt=0.5|sl=1.0|days=nonexpiry|vix=None,theta,2092,1181,0.06310782934695616,0.08940978346052586,0.04998172552161617,0.02913916093032487,0.041403030519780115,0.5760038240917782,12.55935529365059
theta|straddle|entry=105|legsl=0.4|tgt=0.5|sl=1.0|days=dte2|vix=None,theta,1211,781,0.05434555360774562,0.08940768723799741,0.05000136927586485,0.07726853923788957,0.017186969093739846,0.7093311312964492,39.4167546233281
"theta|butterfly6|entry=5|legsl=0.4|tgt=0.5|sl=1.0|days=dte2|vix=(-3.0, 3.0)",theta,646,440,0.00567887887928893,0.08938407293912021,0.05001205155928212,0.06601215484189105,0.06186376250146375,0.5294117647058824,-0.33545112123490434
"theta|strangle3|entry=15|legsl=None|tgt=0.5|sl=1.0|days=all|vix=(-3.0, 3.0)",theta,1514,854,0.08359564226409157,0.08934714283665701,0.05002032913538923,0.021898320938086968,0.028712495196821064,0.6644649933949802,8.360141493500933
theta|straddle|entry=105|legsl=0.4|tgt=None|sl=None|days=nonexpiry|vix=None,theta,2092,1181,0.0627686294811483,0.08929414373304767,0.049981242400949144,0.029121000000020603,0.04115989589653868,0.5760038240917782,12.606744075148905
"theta|strangle2|entry=15|legsl=None|tgt=0.5|sl=1.0|days=nonexpiry|vix=(-3.0, 3.0)",theta,1454,846,0.08376296333719976,0.0892585112809785,0.05000002053231689,0.04588683007697103,0.02543630239843242,0.6795048143053645,13.890727294845792
dir|credit_spread|signal=orb|tgt=0.5|sl=0.3|days=all,directional,2280,1276,0.0034337046227667237,0.08911026184498905,0.050018852828948024,0.1298899365073296,0.224485564545306,0.40131578947368424,2.3874180567682832
dir|credit_spread|signal=orb|tgt=0.5|sl=0.3|days=nonexpiry,directional,2090,1179,0.003105410580812768,0.08907308224452182,0.05020415046145843,0.12417207538473463,0.20179632343214737,0.4,3.3239018738167134
theta|straddle|entry=105|legsl=0.4|tgt=None|sl=None|days=dte2|vix=None,theta,1211,781,0.04971726934672795,0.08903754735909297,0.05000196358833198,0.0776948661380974,0.018763448329427224,0.7093311312964492,43.181272173705985
theta|strangle2|entry=15|legsl=0.5|tgt=None|sl=None|days=dte2|vix=None,theta,1020,635,0.10787826892073284,0.08889787057776255,0.050093201719949465,0.049897351977278515,0.020969778527975658,0.6107843137254902,15.542372222030071
theta|strangle2|entry=15|legsl=0.5|tgt=0.5|sl=1.0|days=dte2|vix=None,theta,1020,635,0.10793731989386203,0.08876851362316107,0.05009310920357357,0.0472654329851836,0.02102263874563859,0.6107843137254902,14.826013524903644
"theta|butterfly6|entry=15|legsl=None|tgt=0.5|sl=1.0|days=nonexpiry|vix=(-3.0, 3.0)",theta,1453,845,0.006023671545132551,0.08858520811452508,0.04881912028121571,0.0998852623980735,0.16775252093404336,0.42601514108740535,-22.929796145821715
"theta|butterfly6|entry=15|legsl=None|tgt=0.5|sl=1.0|days=all|vix=(-3.0, 3.0)",theta,1453,845,0.006023671545132551,0.08858520811452508,0.04881912028121571,0.0998852623980735,0.16775252093404336,0.42601514108740535,-22.929796145821715
dir|credit_spread|signal=rsi_momentum|tgt=0.5|sl=0.3|days=all,directional,2263,1267,0.0027130995219464458,0.08853750890521961,0.04999825931664059,0.15082267185906195,0.055270447030098535,0.4158197083517455,3.178967566439603
"theta|straddle|entry=15|legsl=None|tgt=None|sl=None|days=dte2|vix=(-3.0, 3.0)",theta,891,590,0.08705637660044337,0.08827388146259008,0.05002766190136132,0.057077178942952944,0.03753636003386662,0.6038159371492705,25.16571050816139
"theta|butterfly6|entry=15|legsl=None|tgt=None|sl=None|days=nonexpiry|vix=(-3.0, 3.0)",theta,1453,845,0.005963164483870833,0.08780760495311846,0.04846798587573542,0.10002992745169004,0.16743107527643397,0.42601514108740535,-25.355087906915156
"theta|butterfly6|entry=15|legsl=None|tgt=None|sl=None|days=all|vix=(-3.0, 3.0)",theta,1453,845,0.005963164483870833,0.08780760495311846,0.04846798587573542,0.10002992745169004,0.16743107527643397,0.42601514108740535,-25.355087906915156
dir|futures|signal=day_high_low_break|tgt=1.0|sl=0.5,futures,2269,1320,0.05782662338643438,0.08779087241551164,0.05006986988208739,0.05537679788510874,0.03635832028117991,0.47994711326575584,15.644270603790206
dir|buy_atm|signal=rsi_momentum|tgt=None|sl=None|days=all,directional,2452,1410,0.00037645929215518985,0.08743932847656755,0.05007516610364948,0.07641142949669466,0.046275964091188726,0.3878466557911909,-8.089199251531094
dir|credit_spread|signal=rsi_momentum|tgt=0.5|sl=0.3|days=nonexpiry,directional,2074,1171,0.0026203223311589787,0.08738777437421041,0.050000867662860715,0.147152767072795,0.05402415096893942,0.41417550626808103,3.7388161811591796
theta|straddle|entry=105|legsl=0.4|tgt=0.5|sl=1.0|days=all|vix=None,theta,2440,1399,0.04535168327176108,0.08685005101926335,0.050003230482248195,0.05186775458188264,0.016224786305291228,0.6098360655737705,20.716265607324292
"theta|strangle2|entry=105|legsl=0.4|tgt=0.5|sl=1.0|days=dte2|vix=(-3.0, 3.0)",theta,742,480,0.16360765713227213,0.08677166367139488,0.04999315396663151,0.08565982857329568,0.02762305526023534,0.7021563342318059,22.483312820272733
"theta|strangle2|entry=105|legsl=0.4|tgt=None|sl=None|days=dte2|vix=(-3.0, 3.0)",theta,742,480,0.1624372068640244,0.08668036540834745,0.04999447817596003,0.09381094303520299,0.032517370427494474,0.7021563342318059,24.770789116231096
theta|strangle2|entry=105|legsl=0.25|tgt=None|sl=None|days=all|vix=None,theta,2276,1269,0.07410733512467929,0.0866288600705849,0.04997804749015444,0.04836984641980413,0.024183867948790905,0.6208260105448155,12.683707650581432
theta|straddle|entry=105|legsl=0.4|tgt=None|sl=None|days=all|vix=None,theta,2440,1399,0.04219211540250055,0.08641534090205938,0.05000366630350961,0.05341744339829302,0.014798964793604763,0.6098360655737705,22.58489711805494
theta|strangle2|entry=105|legsl=0.25|tgt=0.5|sl=1.0|days=all|vix=None,theta,2276,1269,0.07418819070313623,0.08619603628306183,0.049978164073317566,0.04785802552914031,0.023372104270726668,0.6208260105448155,12.511851188993198
dir|buy_atm|signal=atr_roc|tgt=None|sl=None|days=all,directional,2503,1443,0.0007133465863232631,0.08565222303522857,0.050076174040113886,0.04556862109896964,0.021459475777822812,0.3567718737514982,-19.824944356717783
dir|futures|signal=day_high_low_break|tgt=None|sl=None,futures,2269,1320,0.037045636150059076,0.08562775863259686,0.05000266707423273,0.04540556878096669,0.04596771706976355,0.510797708241516,17.396628470691958
dir|buy_atm|signal=bb_fade|tgt=None|sl=None|days=all,directional,2457,1422,0.00047963467534920543,0.08543396284314109,0.049956280258519725,0.04456720757842714,0.002503978316126254,0.3549043549043549,-29.48147992683126
longvol|long_straddle|signal=vix_spike|tgt=0.6|sl=0.4|days=all,longvol,284,151,0.03399167840945079,0.0854239050962049,0.05071496518510821,0.07137121085051157,0.04087949652183487,0.4612676056338028,-2.8811514495795882
dir|credit_spread|signal=ema9_21|tgt=0.5|sl=0.3|days=all,directional,2116,1186,0.004194056145292044,0.08535683754944712,0.050004600838931657,0.0737751825655375,0.10550537620258382,0.41304347826086957,-1.433987788703356
theta|condor2_7|entry=5|legsl=0.4|tgt=0.5|sl=1.0|days=dte2|vix=None,theta,863,563,0.009246879059800142,0.08519192829602873,0.05006303380870769,-0.0010974117276952855,0.12585550279213586,0.574739281575898,1.258604864629802
theta|straddle|entry=15|legsl=0.4|tgt=None|sl=None|days=nonexpiry|vix=None,theta,2093,1182,0.07544947590863824,0.08500566706713975,0.0500004403479436,0.02972820058389991,0.06231566524808152,0.5599617773530817,11.175599185616496
theta|strangle2|entry=105|legsl=0.4|tgt=None|sl=None|days=dte2|vix=None,theta,1047,651,0.0992130194772267,0.0848787507153077,0.0500224687525721,0.08736655242396107,0.029889891242722455,0.6972301814708691,27.005457663639845
theta|strangle2|entry=105|legsl=0.4|tgt=0.5|sl=1.0|days=dte2|vix=None,theta,1047,651,0.09964005058156931,0.08485095752380145,0.050018188644603834,0.08009397641131044,0.02455796241540087,0.6972301814708691,24.636633396013774
theta|straddle|entry=15|legsl=0.4|tgt=0.5|sl=1.0|days=nonexpiry|vix=None,theta,2093,1182,0.07544420548509463,0.0846911109005668,0.050000438280353054,0.02972791637319916,0.06230933300328878,0.5599617773530817,11.136626627283743
"theta|butterfly4|entry=5|legsl=None|tgt=0.5|sl=1.0|days=dte2|vix=(-3.0, 3.0)",theta,675,440,0.003005659301866611,0.08406970523061674,0.04999588775730868,0.08343351382171571,0.03533754600163275,0.48592592592592593,-9.498960489034653
"theta|butterfly6|entry=15|legsl=None|tgt=0.5|sl=1.0|days=dte2|vix=(-3.0, 3.0)",theta,639,441,0.008272108797970731,0.08404415223589701,0.05021904484268769,0.058313322874085305,0.07508501367510689,0.460093896713615,-17.656327125088712
"theta|butterfly6|entry=15|legsl=0.5|tgt=None|sl=None|days=all|vix=(-3.0, 3.0)",theta,1453,845,0.00437196661175142,0.08396477619248865,0.04999706408278792,0.0988603335536069,0.15440044475150416,0.4666207845836201,-11.66840239539424
"theta|butterfly6|entry=15|legsl=0.5|tgt=None|sl=None|days=nonexpiry|vix=(-3.0, 3.0)",theta,1453,845,0.00437196661175142,0.08396477619248865,0.04999706408278792,0.0988603335536069,0.15440044475150416,0.4666207845836201,-11.66840239539424
"theta|straddle|entry=5|legsl=None|tgt=None|sl=None|days=dte2|vix=(-3.0, 3.0)",theta,904,595,0.09624034556750669,0.08389347225953037,0.049994955695294885,0.05652738773856725,0.03190833699845974,0.5741150442477876,20.719485787817472
dir|debit_spread|signal=linreg_slope|tgt=None|sl=None|days=nonexpiry,directional,2091,1180,0.00206968639323738,0.08372499196081096,0.050000675723127164,0.17695348754578388,0.09905159758426696,0.41415590626494503,-7.785382050539763
dir|buy_atm|signal=ema9_21|tgt=None|sl=None|days=all,directional,2290,1325,0.0006366997362159968,0.08370166597591333,0.05004247670943629,0.12238306035396151,0.09233121697828539,0.3497816593886463,-22.263161917514935
"theta|straddle|entry=15|legsl=0.5|tgt=None|sl=None|days=nonexpiry|vix=(-3.0, 3.0)",theta,1454,846,0.08917629405285825,0.08356873371371543,0.050003051924934705,0.05314971141732605,0.03799085537463609,0.5612104539202201,14.88576741362549
"theta|condor2_7|entry=105|legsl=0.5|tgt=0.5|sl=1.0|days=nonexpiry|vix=(-3.0, 3.0)",theta,1391,791,0.007611233398251517,0.08355726955888132,0.050012572900423935,-0.060620198639142364,0.35772042169017804,0.5327102803738317,-2.281583650700581
"theta|condor2_7|entry=105|legsl=0.5|tgt=0.5|sl=1.0|days=all|vix=(-3.0, 3.0)",theta,1391,791,0.007611233398251517,0.08355726955888132,0.050012572900423935,-0.060620198639142364,0.35772042169017804,0.5327102803738317,-2.281583650700581
"theta|straddle|entry=15|legsl=0.5|tgt=0.5|sl=1.0|days=nonexpiry|vix=(-3.0, 3.0)",theta,1454,846,0.08917384044926928,0.0833683236709406,0.050003050947818206,0.05314913169476698,0.037989622285160674,0.5612104539202201,14.856042465419318
dir|buy_atm|signal=open_direction|tgt=None|sl=None|days=all,directional,2495,1440,0.00030595536567102645,0.08324490487213021,0.050080968045721375,0.05441851068154002,0.012406919064434141,0.3803607214428858,-9.540987633415599
theta|condor2_7|entry=5|legsl=None|tgt=0.5|sl=1.0|days=dte2|vix=None,theta,863,563,0.010592626883646499,0.08303336653987525,0.04999739925859281,0.010505337898195855,0.07373776638579599,0.5840092699884125,-4.3668780223845935
dir|buy_atm|signal=orb|tgt=None|sl=None|days=all,directional,2483,1437,0.00031846274969611594,0.0830146678166721,0.050023748194859996,0.07072294162434911,0.04494391726171121,0.37857430527587593,-11.549969029705993
theta|strangle2|entry=5|legsl=None|tgt=0.5|sl=1.0|days=nonexpiry|vix=None,theta,2092,1181,0.0876928087827124,0.08294780389426526,0.04999999315669501,0.023027351009004215,0.042322095866601184,0.637189292543021,7.216733608457283
"theta|butterfly6|entry=15|legsl=None|tgt=None|sl=None|days=dte2|vix=(-3.0, 3.0)",theta,639,441,0.007896996777189424,0.08265782916764053,0.05018793156524293,0.05430211559912013,0.07706596382016151,0.460093896713615,-18.985177101755927
theta|straddle|entry=15|legsl=0.5|tgt=None|sl=None|days=nonexpiry|vix=None,theta,2093,1182,0.07832546776222071,0.08216372607825062,0.05000644598318449,0.039260792493434726,0.04817185516876121,0.5489727663640707,11.524409571867537
"theta|strangle3|entry=15|legsl=0.25|tgt=None|sl=None|days=dte2|vix=(-3.0, 3.0)",theta,699,449,0.11871940382910316,0.08215330652511987,0.05004834172493089,0.041974531632138046,0.009387532485569228,0.5851216022889842,14.631529681051404
longvol|long_straddle|signal=vix_spike|tgt=0.3|sl=0.3|days=all,longvol,284,151,0.04102284006777451,0.08212821072822418,0.050289330720065584,0.04525024278713685,0.04892512983874442,0.4894366197183099,-10.066926603451577
"theta|butterfly4|entry=5|legsl=None|tgt=0.5|sl=1.0|days=nonexpiry|vix=(-3.0, 3.0)",theta,1453,836,0.002873584879314397,0.08199025441980923,0.04999486440083156,0.09498942495970075,0.07006534556798638,0.41087405368203717,-21.28541235597644
"theta|butterfly4|entry=5|legsl=None|tgt=0.5|sl=1.0|days=all|vix=(-3.0, 3.0)",theta,1482,836,0.002873584879314397,0.08199025441980923,0.04999486440083156,0.10992423299223564,0.0687105233940637,0.4224021592442645,-18.86684156169534
"theta|strangle2|entry=5|legsl=None|tgt=0.5|sl=1.0|days=nonexpiry|vix=(-3.0, 3.0)",theta,1453,836,0.08769553608121224,0.08198722792368263,0.04999999307179548,0.039050449498835293,0.027525360282115052,0.653819683413627,11.077854814359624
theta|condor2_7|entry=15|legsl=None|tgt=0.5|sl=1.0|days=dte2|vix=None,theta,862,562,0.01059288323119893,0.08189920038936838,0.050406935024689625,0.06809594512335226,0.08497109569707284,0.5997679814385151,-0.9246553611520276
theta|straddle|entry=15|legsl=0.5|tgt=0.5|sl=1.0|days=nonexpiry|vix=None,theta,2093,1182,0.07831820154773164,0.08183765222701922,0.05000645100354306,0.03925955505927936,0.04816460889849927,0.5489727663640707,11.485437013534783
theta|strangle2|entry=15|legsl=None|tgt=0.5|sl=1.0|days=dte2|vix=None,theta,1020,635,0.11275674533982408,0.08178826701045172,0.04998149894025561,0.0059619078255908065,0.09387338704175774,0.6294117647058823,4.1446162098539485
theta|strangle3|entry=105|legsl=None|tgt=None|sl=None|days=dte2|vix=None,theta,943,573,0.07629950637944154,0.081764038953279,0.050075444187070106,0.11019604372024738,0.03870382665510108,0.777306468716861,47.86251186243581
"theta|condor2_7|entry=105|legsl=0.5|tgt=0.5|sl=1.0|days=dte2|vix=(-3.0, 3.0)",theta,603,414,0.010365656790990828,0.08128658163392832,0.04999962749140896,0.035682018622014144,0.07302788149719752,0.6235489220563848,6.075063323362528
"theta|strangle3|entry=15|legsl=0.25|tgt=0.5|sl=1.0|days=dte2|vix=(-3.0, 3.0)",theta,699,449,0.11877067667285769,0.0812620085511302,0.05004832882616295,0.041632118822675146,0.009392488384726616,0.5851216022889842,14.204274234094841
dir|debit_spread|signal=atr_roc|tgt=None|sl=None|days=all,directional,2364,1338,0.0010228076300111708,0.08122049924301344,0.050027794783953694,0.07127243418897544,0.018008072109690687,0.43781725888324874,-3.515964957641315
theta|straddle|entry=105|legsl=0.25|tgt=0.5|sl=1.0|days=nonexpiry|vix=None,theta,2092,1181,0.055930665986985276,0.08115261792903672,0.049963173335329736,0.030648781882882226,0.03073209678755362,0.5659655831739961,12.643530735053245
dir|debit_spread|signal=day_high_low_break|tgt=None|sl=None|days=all,directional,2098,1192,0.0015863820184994755,0.08113069199783385,0.0500073151883198,0.018654229811885914,0.10697388668746788,0.43183984747378457,-2.38531142951232
theta|straddle|entry=105|legsl=0.25|tgt=None|sl=None|days=nonexpiry|vix=None,theta,2092,1181,0.05566386886096547,0.08109086395509157,0.04996258893233796,0.0306252136703975,0.030565613308388917,0.5659655831739961,12.691085754703602
dir|credit_spread|signal=rsi_reversal|tgt=0.5|sl=0.3|days=nonexpiry,directional,2075,1172,0.007866045360252004,0.080769231531715,0.04999387623795892,0.11203551026673297,0.10329073492123209,0.4255421686746988,-3.327245128541969
theta|straddle|entry=105|legsl=0.5|tgt=0.5|sl=1.0|days=nonexpiry|vix=None,theta,2092,1181,0.0618817334580349,0.08060096488353152,0.049967345330677815,0.025794462541753216,0.03545982851004881,0.5535372848948374,10.631129154403531
theta|straddle|entry=105|legsl=0.5|tgt=None|sl=None|days=nonexpiry|vix=None,theta,2092,1181,0.06155602310470817,0.08053548565074453,0.04996679316082964,0.02579424144125797,0.0352516962996644,0.5535372848948374,10.678517935901844
"theta|strangle2|entry=15|legsl=None|tgt=0.5|sl=1.0|days=dte2|vix=(-3.0, 3.0)",theta,769,500,0.1393889145083785,0.08038448505539764,0.04997227995278941,0.009148071081869658,0.07366084330840716,0.6267880364109233,3.3688656759957696
dir|credit_spread|signal=momentum_1m|tgt=0.5|sl=0.3|days=all,directional,2072,1183,0.0026267416090124548,0.08036003249827672,0.0502066626560862,0.1125665173569168,0.13423023880816765,0.42422779922779924,2.996635374954999
dir|debit_spread|signal=stochastic|tgt=None|sl=None|days=nonexpiry,directional,2074,1173,0.0013531417154702976,0.08021469217176991,0.05001137727319571,0.08470071793472123,0.04429084503065239,0.3837994214079074,-9.948582772452207
"theta|butterfly4|entry=5|legsl=0.4|tgt=0.5|sl=1.0|days=dte2|vix=(-3.0, 3.0)",theta,675,440,0.003197544952435485,0.0799781495717986,0.05024166026052834,0.09466547555790839,0.06470077755197734,0.5303703703703704,0.9729596273058275
theta|straddle|entry=5|legsl=0.5|tgt=0.5|sl=1.0|days=nonexpiry|vix=None,theta,2092,1181,0.07643618125710608,0.07994701536377646,0.04999050599818189,0.049362862252526396,0.04440193054058095,0.5372848948374761,12.103656080664637
"theta|condor2_7|entry=5|legsl=0.5|tgt=0.5|sl=1.0|days=dte2|vix=(-3.0, 3.0)",theta,646,440,0.008677506809356259,0.07973896717982232,0.05034215338192949,0.03490119961918703,0.07099648832396765,0.5975232198142415,5.2696314005938945
theta|straddle|entry=5|legsl=0.5|tgt=None|sl=None|days=nonexpiry|vix=None,theta,2092,1181,0.07498258259043093,0.0795431345010904,0.04998899086075659,0.04945130416978394,0.04418653609202072,0.5372848948374761,12.286367949643687
"theta|butterfly4|entry=15|legsl=0.5|tgt=0.5|sl=1.0|days=nonexpiry|vix=(-3.0, 3.0)",theta,1454,846,0.0026306747669412106,0.07931090358622295,0.04966234794030233,0.08935253110270835,0.13226007313981958,0.46011004126547456,-12.901140053089904
"theta|butterfly4|entry=15|legsl=0.5|tgt=0.5|sl=1.0|days=all|vix=(-3.0, 3.0)",theta,1481,846,0.0026306747669412106,0.07931090358622295,0.04966234794030233,0.09588469377772735,0.13141409724915665,0.4699527346387576,-11.058934542723682
"theta|condor2_7|entry=105|legsl=0.4|tgt=0.5|sl=1.0|days=dte2|vix=(-3.0, 3.0)",theta,603,414,0.010483537450884282,0.0788434344375164,0.04999960545755633,0.04226122408920463,0.06406190896461983,0.615257048092869,6.21112305505827
dir|buy_otm1|signal=gap_follow|tgt=0.5|sl=0.3|days=all,directional,738,476,0.010775327940659035,0.07878928477428859,0.0497623510646259,0.07035909889537906,0.024551703622557985,0.4959349593495935,2.428519244569487
theta|straddle|entry=15|legsl=None|tgt=None|sl=None|days=dte2|vix=None,theta,1189,767,0.06155185553830207,0.07877916975125498,0.05005637098300608,0.04890070997444185,0.026898870589957324,0.5887300252312868,21.948413996035963
dir|buy_atm|signal=day_high_low_break|tgt=None|sl=None|days=all,directional,2211,1280,0.00045436277681752533,0.07866385292742883,0.050001762648078096,0.05338282234844516,0.01467693301739148,0.3726820443238354,-14.879272155168994
theta|strangle3|entry=105|legsl=None|tgt=0.5|sl=1.0|days=dte2|vix=None,theta,943,573,0.0775524588636713,0.07857535963524853,0.049999456078081095,0.09021403604368738,0.0280598267617167,0.777306468716861,37.669887461405985
"theta|butterfly6|entry=5|legsl=None|tgt=0.5|sl=1.0|days=dte2|vix=(-3.0, 3.0)",theta,646,440,0.005693999172042825,0.07853260048693333,0.050001046080974,0.0659582927196547,0.02148056811254484,0.47523219814241485,-14.000177976002817
"theta|condor2_7|entry=105|legsl=0.5|tgt=None|sl=None|days=nonexpiry|vix=(-3.0, 3.0)",theta,1391,791,0.007584540416432116,0.07842065645655572,0.049267537245842874,-0.11044443788499902,0.49907840093246547,0.5233644859813084,-3.9112754795878253
"theta|condor2_7|entry=105|legsl=0.5|tgt=None|sl=None|days=all|vix=(-3.0, 3.0)",theta,1391,791,0.007584540416432116,0.07842065645655572,0.049267537245842874,-0.11044443788499902,0.49907840093246547,0.5233644859813084,-3.9112754795878253
theta|strangle2|entry=105|legsl=0.25|tgt=None|sl=None|days=dte2|vix=None,theta,1047,651,0.12250336001528517,0.07831212615801486,0.05000101029699977,0.06641776383278031,0.02116911084999684,0.6198662846227316,14.982972522419521
"theta|condor2_7|entry=105|legsl=0.4|tgt=0.5|sl=1.0|days=all|vix=(-3.0, 3.0)",theta,1391,791,0.006636998366788562,0.07822344895349675,0.0500047045804749,-0.05158857328688771,0.3656899728952395,0.5276779295470885,-1.7460502201401842
"theta|condor2_7|entry=105|legsl=0.4|tgt=0.5|sl=1.0|days=nonexpiry|vix=(-3.0, 3.0)",theta,1391,791,0.006636998366788562,0.07822344895349675,0.0500047045804749,-0.05158857328688771,0.3656899728952395,0.5276779295470885,-1.7460502201401842
theta|condor2_7|entry=5|legsl=None|tgt=None|sl=None|days=dte2|vix=None,theta,863,563,0.00997340259027944,0.07790775902717328,0.04999070216590584,0.006049189090834739,0.07813920708260969,0.5851680185399768,-6.148349513186709
"theta|butterfly6|entry=15|legsl=0.5|tgt=0.5|sl=1.0|days=all|vix=(-3.0, 3.0)",theta,1453,845,0.003957131920895048,0.07789322525738207,0.04996844335484718,0.08891220726591964,0.14062773060078748,0.47143840330351,-12.02469401382923
"theta|butterfly6|entry=15|legsl=0.5|tgt=0.5|sl=1.0|days=nonexpiry|vix=(-3.0, 3.0)",theta,1453,845,0.003957131920895048,0.07789322525738207,0.04996844335484718,0.08891220726591964,0.14062773060078748,0.47143840330351,-12.02469401382923
theta|strangle2|entry=105|legsl=0.25|tgt=0.5|sl=1.0|days=dte2|vix=None,theta,1047,651,0.12270875609974125,0.07788653215501817,0.050000625485661976,0.06558129857661021,0.02120621025429492,0.6198662846227316,14.651749538048172
"theta|butterfly6|entry=15|legsl=0.5|tgt=0.5|sl=1.0|days=dte2|vix=(-3.0, 3.0)",theta,639,441,0.00591181349558866,0.077546582039689,0.05003868452930227,0.055591737250110684,0.09405384761808377,0.5070422535211268,-4.781987766214346
"theta|butterfly4|entry=5|legsl=0.4|tgt=0.5|sl=1.0|days=all|vix=(-3.0, 3.0)",theta,1482,836,0.002199417546283015,0.07754495009007822,0.05145755239209204,0.10170524730852315,0.07119430200438281,0.4784075573549258,-7.201627661051107
"theta|butterfly4|entry=5|legsl=0.4|tgt=0.5|sl=1.0|days=nonexpiry|vix=(-3.0, 3.0)",theta,1453,836,0.002199417546283015,0.07754495009007822,0.05145755239209204,0.08960338019205993,0.0731599122868094,0.4679972470750172,-9.509632422466286
theta|straddle|entry=5|legsl=None|tgt=None|sl=None|days=expiry|vix=None,theta,317,196,0.14657409659600382,0.07737998515802635,0.05004203912520311,0.06049189219076556,0.031260655571186735,0.5741324921135647,34.508792728308634
"theta|condor1_5|entry=15|legsl=0.5|tgt=0.5|sl=1.0|days=dte2|vix=(-3.0, 3.0)",theta,644,441,0.004532986525969045,0.07724051174454138,0.050000010951902873,0.05684136434457843,0.062032852588092324,0.5496894409937888,3.6934781067010016
theta|butterfly4|entry=15|legsl=0.5|tgt=0.5|sl=1.0|days=dte2|vix=None,theta,896,562,0.0027696226730416097,0.07701853304793871,0.04984694214497187,0.10035581671355032,0.06246503885489707,0.5178571428571429,-3.3408362831607366
"theta|straddle|entry=105|legsl=None|tgt=None|sl=None|days=nonexpiry|vix=(-3.0, 3.0)",theta,1391,791,0.11808117499401156,0.07688072061903628,0.05911286426471141,0.014566866168456816,0.05622054186936343,0.5434938892882818,4.97013046865237
"theta|butterfly6|entry=5|legsl=None|tgt=None|sl=None|days=dte2|vix=(-3.0, 3.0)",theta,646,440,0.0049945892987748155,0.07684062198073582,0.049996637551211864,0.06156212249543658,0.019448880267144752,0.47523219814241485,-16.437375943080376
"theta|condor1_5|entry=5|legsl=None|tgt=0.5|sl=1.0|days=dte2|vix=(-3.0, 3.0)",theta,652,440,0.01051463718237879,0.07643323049844386,0.04904316474813342,0.07717126689532416,0.07526645097797646,0.49079754601226994,-9.398117578184587
theta|butterfly4|entry=5|legsl=0.4|tgt=0.5|sl=1.0|days=nonexpiry|vix=None,theta,2091,1180,0.0013139760167220048,0.07640221663894664,0.049968922115572134,0.10045701290486275,0.06437443025880663,0.46724055475848875,-6.988718444553258
theta|butterfly4|entry=5|legsl=0.4|tgt=0.5|sl=1.0|days=all|vix=None,theta,2124,1180,0.0013139760167220048,0.07640221663894664,0.049968922115572134,0.10851386022170728,0.06331194068272783,0.4755178907721281,-5.184559287863467
dir|credit_spread|signal=momentum_1m|tgt=0.5|sl=0.3|days=nonexpiry,directional,1881,1084,0.002330801119185347,0.07632357635732068,0.0500014882883526,0.10849130026184994,0.11464551108211796,0.4258373205741627,4.340416615252669
dir|debit_spread|signal=bb_breakout|tgt=None|sl=None|days=all,directional,2344,1334,0.001978102060168726,0.07611657828938112,0.04999971267452752,0.08194265413003543,0.06111415588545899,0.4227815699658703,-3.5313372896070057
"theta|strangle2|entry=15|legsl=0.4|tgt=None|sl=None|days=dte2|vix=(-3.0, 3.0)",theta,769,500,0.11348563233699069,0.07609424954958022,0.05008192879727624,0.036584522171105194,0.010484740881831711,0.5929778933680104,11.123137643916325
"theta|condor2_7|entry=105|legsl=0.4|tgt=None|sl=None|days=nonexpiry|vix=(-3.0, 3.0)",theta,1391,791,0.00676062333717016,0.07608658745248542,0.050003046247018235,-0.09902931275577653,0.49457993808235734,0.516175413371675,-3.197498270556802
"theta|condor2_7|entry=105|legsl=0.4|tgt=None|sl=None|days=all|vix=(-3.0, 3.0)",theta,1391,791,0.00676062333717016,0.07608658745248542,0.050003046247018235,-0.09902931275577653,0.49457993808235734,0.516175413371675,-3.197498270556802
"theta|strangle2|entry=15|legsl=0.4|tgt=0.5|sl=1.0|days=dte2|vix=(-3.0, 3.0)",theta,769,500,0.11346658236547195,0.07591462738316546,0.05008195718600106,0.036449191846046336,0.010482882450922992,0.5929778933680104,10.966717627153582
theta|condor2_7|entry=105|legsl=0.5|tgt=0.5|sl=1.0|days=all|vix=None,theta,2090,1180,0.00437730753420377,0.07581531341473857,0.050364110937380135,-0.06168419828008287,0.3187383143750968,0.5220095693779905,-3.995117572101962
theta|condor2_7|entry=105|legsl=0.5|tgt=0.5|sl=1.0|days=nonexpiry|vix=None,theta,2090,1180,0.00437730753420377,0.07581531341473857,0.050364110937380135,-0.06168419828008287,0.3187383143750968,0.5220095693779905,-3.995117572101962
"theta|condor1_5|entry=15|legsl=None|tgt=0.5|sl=1.0|days=dte2|vix=(-3.0, 3.0)",theta,644,441,0.005246305050544084,0.07560592696037327,0.04968948971187104,0.05351827808472054,0.04315517205341779,0.5124223602484472,-7.39054314561651
theta|condor2_7|entry=105|legsl=0.4|tgt=0.5|sl=1.0|days=all|vix=None,theta,2090,1180,0.0037938529806482127,0.07559505016051893,0.05135511492566669,-0.04694050546314721,0.3023842418850573,0.5239234449760766,-2.0546264374121566
theta|condor2_7|entry=105|legsl=0.4|tgt=0.5|sl=1.0|days=nonexpiry|vix=None,theta,2090,1180,0.0037938529806482127,0.07559505016051893,0.05135511492566669,-0.04694050546314721,0.3023842418850573,0.5239234449760766,-2.0546264374121566
theta|straddle|entry=5|legsl=None|tgt=None|sl=None|days=dte2|vix=None,theta,1180,759,0.07865591873851768,0.07544088776246483,0.0499993567260717,0.037497896211573956,0.04027769103587142,0.5550847457627118,13.449511426545506
theta|butterfly4|entry=15|legsl=0.5|tgt=0.5|sl=1.0|days=nonexpiry|vix=None,theta,2091,1180,0.0014669678143130309,0.07526560246089398,0.05156585636579669,0.08051486048969547,0.09435041524442034,0.4562410329985653,-11.939359289642633
theta|butterfly4|entry=15|legsl=0.5|tgt=0.5|sl=1.0|days=all|vix=None,theta,2125,1180,0.0014669678143130309,0.07526560246089398,0.05156585636579669,0.08624577202834871,0.0937713871563205,0.46494117647058825,-10.243099677817577
dir|debit_spread|signal=open_direction|tgt=None|sl=None|days=nonexpiry,directional,2092,1181,0.0014312267101046848,0.07524655907278244,0.04992698948336127,0.12406375583990803,0.05765414731996443,0.3986615678776291,-8.48311388156382
theta|strangle3|entry=5|legsl=None|tgt=0.5|sl=1.0|days=dte2|vix=None,theta,927,568,0.06603508365701855,0.07523127451670808,0.049999901228274024,0.029511342377403826,0.042799871648797394,0.6785329018338727,13.385471475445849
"theta|butterfly6|entry=5|legsl=0.5|tgt=0.5|sl=1.0|days=all|vix=(-3.0, 3.0)",theta,1453,836,0.004305957398504968,0.07499948561751957,0.0500010986096977,0.10331650387631552,0.08625658628648747,0.4858912594631796,-10.09206898631533
"theta|butterfly6|entry=5|legsl=0.5|tgt=0.5|sl=1.0|days=nonexpiry|vix=(-3.0, 3.0)",theta,1453,836,0.004305957398504968,0.07499948561751957,0.0500010986096977,0.10331650387631552,0.08625658628648747,0.4858912594631796,-10.09206898631533
dir|debit_spread|signal=vix_spike|tgt=0.5|sl=0.3|days=all,directional,278,147,0.017957815518466647,0.07495441307777129,0.04887016576902348,-0.10412886068216165,0.46206371666730384,0.39928057553956836,-14.641632146766716
theta|butterfly4|entry=5|legsl=0.5|tgt=0.5|sl=1.0|days=all|vix=None,theta,2124,1180,0.0013661780261311895,0.07483322664428638,0.04991413317330662,0.10523254978178143,0.05804373528319584,0.4717514124293785,-8.846831469190624
theta|butterfly4|entry=5|legsl=0.5|tgt=0.5|sl=1.0|days=nonexpiry|vix=None,theta,2091,1180,0.0013661780261311895,0.07483322664428638,0.04991413317330662,0.09715432928927159,0.06111072215191471,0.4634146341463415,-10.65595654276587
"theta|butterfly6|entry=105|legsl=0.4|tgt=0.5|sl=1.0|days=all|vix=(-3.0, 3.0)",theta,1391,791,0.004762269154559788,0.07476336418499141,0.05000609733893813,-0.029779422536370448,0.2670730992839633,0.4701653486700216,-11.06562054126625
"theta|butterfly6|entry=105|legsl=0.4|tgt=0.5|sl=1.0|days=nonexpiry|vix=(-3.0, 3.0)",theta,1391,791,0.004762269154559788,0.07476336418499141,0.05000609733893813,-0.029779422536370448,0.2670730992839633,0.4701653486700216,-11.06562054126625
"theta|condor2_7|entry=105|legsl=0.4|tgt=None|sl=None|days=dte2|vix=(-3.0, 3.0)",theta,603,414,0.010828821511632124,0.0745773061418975,0.05005824087414856,0.03711607018839924,0.06689454753901236,0.593698175787728,3.2261549483990324
theta|condor2_7|entry=15|legsl=None|tgt=None|sl=None|days=dte2|vix=None,theta,862,562,0.009391765490559938,0.07399822026211766,0.05000010010474909,0.07240843108500417,0.0911085740440899,0.6009280742459396,-1.2987524259816474
"theta|strangle2|entry=105|legsl=None|tgt=0.5|sl=1.0|days=nonexpiry|vix=(-3.0, 3.0)",theta,1391,791,0.0788246098442326,0.0739640505682686,0.04991605186563419,0.047318474103885455,0.014213747462333615,0.676491732566499,12.857829862796173
"theta|condor2_7|entry=15|legsl=None|tgt=0.5|sl=1.0|days=dte2|vix=(-3.0, 3.0)",theta,639,441,0.011733526358749174,0.07384645590631345,0.04999977532280753,0.04528289261590679,0.06086008170498314,0.6197183098591549,0.13331439502735432
"theta|strangle3|entry=5|legsl=None|tgt=0.5|sl=1.0|days=dte2|vix=(-3.0, 3.0)",theta,700,443,0.07227954600523545,0.07351745888611694,0.0499992051891609,0.037177156159263314,0.02368553462454892,0.6842857142857143,17.390950804172245
theta|condor2_7|entry=105|legsl=0.5|tgt=None|sl=None|days=nonexpiry|vix=None,theta,2090,1180,0.004216994494234013,0.07344865079438767,0.0500662234756194,-0.09872415158463432,0.4357349624370699,0.5124401913875598,-5.699111033540589
theta|condor2_7|entry=105|legsl=0.5|tgt=None|sl=None|days=all|vix=None,theta,2090,1180,0.004216994494234013,0.07344865079438767,0.0500662234756194,-0.09872415158463432,0.4357349624370699,0.5124401913875598,-5.699111033540589
"theta|condor1_5|entry=5|legsl=None|tgt=None|sl=None|days=dte2|vix=(-3.0, 3.0)",theta,652,440,0.009154787565786695,0.07334159202527202,0.04490629292305093,0.07994828400260157,0.06497589437293816,0.49233128834355827,-9.427477910535101
theta|condor2_7|entry=5|legsl=0.5|tgt=0.5|sl=1.0|days=dte2|vix=None,theta,863,563,0.006866447469172363,0.07321459851002698,0.05000967285442193,0.036987247767440445,0.05808517827175941,0.5979142526071842,4.260460779486619
"theta|butterfly6|entry=5|legsl=None|tgt=0.5|sl=1.0|days=nonexpiry|vix=(-3.0, 3.0)",theta,1453,836,0.005259655342389933,0.07302184084302099,0.050000112171541544,0.10101298985427132,0.11367422147529249,0.4328974535443909,-22.22670771404742
"theta|butterfly6|entry=5|legsl=None|tgt=0.5|sl=1.0|days=all|vix=(-3.0, 3.0)",theta,1453,836,0.005259655342389933,0.07302184084302099,0.050000112171541544,0.10101298985427132,0.11367422147529249,0.4328974535443909,-22.22670771404742
"theta|butterfly6|entry=105|legsl=0.4|tgt=None|sl=None|days=nonexpiry|vix=(-3.0, 3.0)",theta,1391,791,0.004116528083122096,0.07285277206735596,0.049989873658148554,-0.023900665643555863,0.22832044332626866,0.46585190510424157,-11.328533230567555
"theta|butterfly6|entry=105|legsl=0.4|tgt=None|sl=None|days=all|vix=(-3.0, 3.0)",theta,1391,791,0.004116528083122096,0.07285277206735596,0.049989873658148554,-0.023900665643555863,0.22832044332626866,0.46585190510424157,-11.328533230567555
"theta|butterfly4|entry=15|legsl=None|tgt=0.5|sl=1.0|days=all|vix=(-3.0, 3.0)",theta,1481,846,0.0039326006742933,0.07277105393717687,0.049992139391283996,0.09587313326964253,0.17105408869395955,0.4071573261309926,-21.68868033237106
"theta|butterfly4|entry=15|legsl=None|tgt=0.5|sl=1.0|days=nonexpiry|vix=(-3.0, 3.0)",theta,1454,846,0.0039326006742933,0.07277105393717687,0.049992139391283996,0.0856173717904638,0.17738960333764853,0.39683631361760663,-23.526214578383726
"theta|straddle|entry=5|legsl=None|tgt=None|sl=None|days=expiry|vix=(-3.0, 3.0)",theta,258,155,0.17412035155222153,0.07276234282003147,0.05003435755687535,0.05952030944915099,0.03889752264141855,0.5775193798449613,32.64447644965457
"theta|strangle2|entry=105|legsl=None|tgt=None|sl=None|days=nonexpiry|vix=(-3.0, 3.0)",theta,1391,791,0.07330448039988725,0.0725296863938083,0.049908220483849575,0.045846540862423346,0.013027144026808157,0.6772106398274622,13.175391642599976
longvol|long_straddle|signal=orb|tgt=0.6|sl=0.4|days=expiry,longvol,323,205,0.009863029318066052,0.07250028325464974,0.048080955564374084,0.08259235049613833,0.03246820870154443,0.5820433436532507,36.90675088965856
theta|butterfly6|entry=15|legsl=0.5|tgt=None|sl=None|days=nonexpiry|vix=None,theta,2090,1179,0.002766636671867676,0.07249152032399353,0.05321835734083902,0.06733473743345719,0.21091314087801627,0.45550239234449763,-16.44294157959958
theta|butterfly6|entry=15|legsl=0.5|tgt=None|sl=None|days=all|vix=None,theta,2090,1179,0.002766636671867676,0.07249152032399353,0.05321835734083902,0.06733473743345719,0.21091314087801627,0.45550239234449763,-16.44294157959958
theta|condor2_7|entry=5|legsl=0.4|tgt=None|sl=None|days=dte2|vix=None,theta,863,563,0.007554545549435047,0.07244493097471483,0.05037604864100631,0.006844771594200161,0.11956604301928409,0.5504055619930475,1.3265170040518097
theta|butterfly4|entry=15|legsl=None|tgt=0.5|sl=1.0|days=dte2|vix=None,theta,896,562,0.003908854973972281,0.07229776120745046,0.05062037373087658,0.09709531744978683,0.07505252790766259,0.42299107142857145,-19.18766232305206
"theta|straddle|entry=105|legsl=0.25|tgt=0.5|sl=1.0|days=all|vix=(-3.0, 3.0)",theta,1638,946,0.08660737624019323,0.07212006675695193,0.04999898311258333,0.04360496744558584,0.02957705221928164,0.5714285714285714,10.777653353105965
theta|butterfly6|entry=15|legsl=None|tgt=0.5|sl=1.0|days=dte2|vix=None,theta,862,562,0.005157631618480789,0.0721120395624899,0.0503542327183244,0.05773726353143971,0.05752589477033854,0.4431554524361949,-20.671873228802344
theta|butterfly4|entry=5|legsl=0.5|tgt=0.5|sl=1.0|days=dte2|vix=None,theta,895,562,0.0023432139293020566,0.07197614807349817,0.04999438792462951,0.1002432038080392,0.05675935704989554,0.5318435754189944,-1.0565333177012324
"theta|condor2_7|entry=15|legsl=None|tgt=None|sl=None|days=dte2|vix=(-3.0, 3.0)",theta,639,441,0.01024964357916835,0.07182983532289322,0.049851628286528116,0.04116531278859781,0.052356016280484696,0.621283255086072,-0.07662952037391177
theta|butterfly4|entry=5|legsl=None|tgt=0.5|sl=1.0|days=dte2|vix=None,theta,895,562,0.0021209371187378943,0.0717525541691244,0.05000197007734308,0.07885492817513673,0.03290522654493677,0.45027932960893857,-13.526258939304832
"theta|straddle|entry=105|legsl=0.25|tgt=None|sl=None|days=all|vix=(-3.0, 3.0)",theta,1638,946,0.08190001144648158,0.07161020404557283,0.04999768712953956,0.04530714369770483,0.02647437230719596,0.5714285714285714,11.670880200725476
dir|credit_spread|signal=vix_spike|tgt=0.5|sl=0.3|days=nonexpiry,directional,258,132,0.014225692607680187,0.07149413420391526,0.05000069467201218,0.18116978613274592,0.11620955619971496,0.38372093023255816,1.6798922770892006
dir|credit_spread|signal=vix_spike|tgt=0.5|sl=0.3|days=all,directional,272,139,0.014225561123051855,0.07136526824990219,0.05000069914810745,0.18193347812643368,0.12096079726800213,0.38235294117647056,1.3620151818499848
theta|butterfly4|entry=5|legsl=0.4|tgt=0.5|sl=1.0|days=dte2|vix=None,theta,895,562,0.0020937635479790066,0.07134893771359585,0.04998699234516535,0.0916308206366161,0.059553341865330345,0.5217877094972067,0.7018998660380417
"theta|butterfly4|entry=5|legsl=0.5|tgt=0.5|sl=1.0|days=dte2|vix=(-3.0, 3.0)",theta,675,440,0.0026675808648757506,0.07124504894903438,0.05030142751277478,0.08812492080508183,0.05361674463185806,0.5451851851851852,0.6666139556032956
theta|butterfly6|entry=5|legsl=0.25|tgt=0.5|sl=1.0|days=dte2|vix=None,theta,863,563,0.004363419908468889,0.07119167099513835,0.04971025834259979,0.03209012726893756,0.06086598843785407,0.4843568945538818,-6.420388091001565
dir|credit_spread|signal=macd|tgt=0.5|sl=0.3|days=nonexpiry,directional,2093,1182,0.003273761717359721,0.07115832009124401,0.050040650129146824,0.06442221082849509,0.09642183644974112,0.4075489727663641,-2.1965814465515026
dir|debit_spread|signal=vix_spike|tgt=0.5|sl=0.3|days=nonexpiry,directional,258,132,0.016284608132714807,0.07110243193602606,0.04873827670448061,-0.08779914752519036,0.42179036135595593,0.39147286821705424,-15.494185613735702
theta|butterfly6|entry=15|legsl=None|tgt=None|sl=None|days=dte2|vix=None,theta,862,562,0.005101524594988073,0.07101041410572262,0.05020807205292399,0.05381754010824147,0.05998221131904191,0.4431554524361949,-23.57542095630808
"theta|butterfly6|entry=5|legsl=0.25|tgt=0.5|sl=1.0|days=dte2|vix=(-3.0, 3.0)",theta,646,440,0.00524696919965433,0.07074958831118239,0.050002551373778736,0.025001907609253804,0.09119093224299113,0.47523219814241485,-8.81244261844166
"theta|strangle2|entry=105|legsl=0.25|tgt=None|sl=None|days=dte2|vix=(-3.0, 3.0)",theta,742,480,0.19533213995791227,0.07050452925446349,0.04994909800615799,0.061021423763118365,0.027506753906451298,0.6185983827493261,10.588902990509553
"theta|strangle2|entry=105|legsl=0.25|tgt=0.5|sl=1.0|days=dte2|vix=(-3.0, 3.0)",theta,742,480,0.1980904898098374,0.07050125418505337,0.04984805119373792,0.06071719348216997,0.027912604010639108,0.6185983827493261,10.366221596607298
theta|butterfly6|entry=15|legsl=0.5|tgt=0.5|sl=1.0|days=all|vix=None,theta,2090,1179,0.0022730613878307183,0.07018250433820761,0.04941398139054343,0.08767148231395638,0.10485756252822287,0.4636363636363636,-12.831067993727519
theta|butterfly6|entry=15|legsl=0.5|tgt=0.5|sl=1.0|days=nonexpiry|vix=None,theta,2090,1179,0.0022730613878307183,0.07018250433820761,0.04941398139054343,0.08767148231395638,0.10485756252822287,0.4636363636363636,-12.831067993727519
"theta|butterfly6|entry=105|legsl=0.4|tgt=None|sl=None|days=dte2|vix=(-3.0, 3.0)",theta,603,414,0.0066763592076543666,0.06997341743117746,0.05015204036117982,0.05172924712656246,0.06523416998833109,0.538971807628524,1.3032437282484528
theta|condor1_5|entry=105|legsl=0.4|tgt=None|sl=None|days=nonexpiry|vix=None,theta,2090,1180,0.0022067340071127346,0.06992873043717207,0.05009681798102761,-0.047081501349878874,0.3082341291028571,0.4411483253588517,-10.054585639287613
theta|condor1_5|entry=105|legsl=0.4|tgt=None|sl=None|days=all|vix=None,theta,2098,1180,0.0022067340071127346,0.06992873043717207,0.05009681798102761,-0.052588285169237525,0.31510524659140016,0.43946615824594853,-10.822375101856545
theta|condor2_7|entry=105|legsl=0.4|tgt=None|sl=None|days=nonexpiry|vix=None,theta,2090,1180,0.0034339133487283624,0.06973735263315617,0.05001556251137773,-0.07887048092291049,0.39009593416741584,0.5105263157894737,-4.064476275365995
theta|condor2_7|entry=105|legsl=0.4|tgt=None|sl=None|days=all|vix=None,theta,2090,1180,0.0034339133487283624,0.06973735263315617,0.05001556251137773,-0.07887048092291049,0.39009593416741584,0.5105263157894737,-4.064476275365995
theta|straddle|entry=105|legsl=0.25|tgt=0.5|sl=1.0|days=dte2|vix=None,theta,1211,781,0.05869629643486378,0.0694738275608604,0.04998345255427128,0.06148142100605569,0.013361840705672146,0.6226259289843105,23.18818193273678
theta|condor1_5|entry=105|legsl=0.4|tgt=None|sl=None|days=dte2|vix=None,theta,870,563,0.004349665226441707,0.06945207733471048,0.049998176952502305,0.04532114961663125,0.08544462648471984,0.5114942528735632,-2.630295811610354
"theta|strangle2|entry=15|legsl=None|tgt=0.5|sl=1.0|days=all|vix=(-3.0, 3.0)",theta,1584,905,0.08373901577458365,0.06942844837681861,0.04999594716406275,0.00882593233921325,0.03739516914943275,0.6325757575757576,2.696468631180304
"theta|condor2_7|entry=105|legsl=0.5|tgt=None|sl=None|days=dte2|vix=(-3.0, 3.0)",theta,603,414,0.00915864548763748,0.06942224605306557,0.050076643365556395,0.032536925061666944,0.07288432229112418,0.6053067993366501,3.08668836987135
theta|straddle|entry=105|legsl=0.25|tgt=0.5|sl=1.0|days=all|vix=None,theta,2440,1399,0.04564820507583706,0.069372656706842,0.049933631617374075,0.03727212865976548,0.01648086036424956,0.569672131147541,13.255533692271978
"theta|butterfly6|entry=5|legsl=0.4|tgt=None|sl=None|days=dte2|vix=(-3.0, 3.0)",theta,646,440,0.00502443862746743,0.06920762919082146,0.05000143894850184,0.06011201941317679,0.05947002315477157,0.5154798761609907,-3.9814762651539546
"theta|strangle2|entry=15|legsl=0.25|tgt=None|sl=None|days=dte2|vix=(-3.0, 3.0)",theta,769,500,0.11632309943671439,0.06919013411008024,0.050102467118504745,0.03539308270846897,0.011737587052819798,0.5279583875162549,9.081233579248691
theta|condor2_7|entry=105|legsl=0.25|tgt=0.5|sl=1.0|days=all|vix=None,theta,2090,1180,0.005174382775601719,0.06918179389635326,0.05495322413421422,-0.08507553406229607,0.41136873668765084,0.5114832535885168,-4.497440849930223
theta|condor2_7|entry=105|legsl=0.25|tgt=0.5|sl=1.0|days=nonexpiry|vix=None,theta,2090,1180,0.005174382775601719,0.06918179389635326,0.05495322413421422,-0.08507553406229607,0.41136873668765084,0.5114832535885168,-4.497440849930223
"theta|straddle|entry=15|legsl=0.4|tgt=None|sl=None|days=nonexpiry|vix=(-3.0, 3.0)",theta,1454,846,0.07282983672894192,0.0691414369167982,0.05000025275085607,0.03891204307844798,0.03792508994221211,0.5722145804676754,11.892662944122913
theta|straddle|entry=105|legsl=0.25|tgt=None|sl=None|days=dte2|vix=None,theta,1211,781,0.055044488661653596,0.06908186520076232,0.05000015082302245,0.06267265314123605,0.015654054988111232,0.6226259289843105,25.15163154443997
"theta|strangle2|entry=15|legsl=0.25|tgt=0.5|sl=1.0|days=dte2|vix=(-3.0, 3.0)",theta,769,500,0.11638710798463887,0.06904639445000638,0.05010231111957253,0.03528009121562614,0.011745908362980062,0.5279583875162549,8.94462583558736
"theta|straddle|entry=15|legsl=0.4|tgt=0.5|sl=1.0|days=nonexpiry|vix=(-3.0, 3.0)",theta,1454,846,0.07282887384201203,0.0689799676480991,0.0500002529897281,0.03891195180814444,0.037924498689024144,0.5722145804676754,11.862937995916742
theta|butterfly6|entry=5|legsl=0.4|tgt=0.5|sl=1.0|days=dte2|vix=None,theta,863,563,0.0030674702626777217,0.06896163788401144,0.049958535068768906,0.06971665121544701,0.06178938890280117,0.5121668597914253,-0.7359861447241924
theta|condor2_7|entry=105|legsl=None|tgt=None|sl=None|days=nonexpiry|vix=None,theta,2090,1180,0.006882163477348634,0.0689136497926015,0.049862495308746424,-0.19793497253500003,0.6541626397661683,0.48947368421052634,-13.880948136666602
theta|condor2_7|entry=105|legsl=None|tgt=None|sl=None|days=all|vix=None,theta,2090,1180,0.006882163477348634,0.0689136497926015,0.049862495308746424,-0.19793497253500003,0.6541626397661683,0.48947368421052634,-13.880948136666602
theta|condor1_5|entry=105|legsl=0.5|tgt=None|sl=None|days=all|vix=None,theta,2098,1180,0.002386557337118685,0.06878942580149894,0.05011307537774423,-0.067464689863171,0.30980691394759996,0.4356530028598665,-12.272821778463024
theta|condor1_5|entry=105|legsl=0.5|tgt=None|sl=None|days=nonexpiry|vix=None,theta,2090,1180,0.002386557337118685,0.06878942580149894,0.05011307537774423,-0.06277378111242782,0.303437019154395,0.43732057416267944,-11.68370198301393
"theta|butterfly6|entry=105|legsl=0.4|tgt=0.5|sl=1.0|days=dte2|vix=(-3.0, 3.0)",theta,603,414,0.006367489463536268,0.06875070161854802,0.050168814712078014,0.0550512636921443,0.06365762346622506,0.5472636815920398,2.9918236949166253
theta|straddle|entry=105|legsl=0.25|tgt=None|sl=None|days=all|vix=None,theta,2440,1399,0.043421999781304274,0.06874896544291764,0.04992144377022256,0.03891661305869798,0.015329670794298478,0.569672131147541,14.23027451704564
"theta|butterfly4|entry=15|legsl=0.5|tgt=None|sl=None|days=nonexpiry|vix=(-3.0, 3.0)",theta,1454,846,0.0018451583501591154,0.06864483005996647,0.05218843651893823,-0.0022143063552163555,0.3077225791754157,0.44566712517193946,-13.861906646471112
"theta|butterfly4|entry=15|legsl=0.5|tgt=None|sl=None|days=all|vix=(-3.0, 3.0)",theta,1481,846,0.0018451583501591154,0.06864483005996647,0.05218843651893823,-0.006574954030478142,0.3077271856698036,0.4463200540175557,-14.500783571405785
theta|condor1_5|entry=105|legsl=0.25|tgt=0.5|sl=1.0|days=dte2|vix=None,theta,870,563,0.004565047418751214,0.0684668302125675,0.050090514319371726,0.06948476835552886,0.036074971235358744,0.5310344827586206,1.6616722838479172
"theta|straddle|entry=105|legsl=0.25|tgt=0.5|sl=1.0|days=dte2|vix=(-3.0, 3.0)",theta,850,569,0.09100787761724352,0.06846011335385738,0.05000678760837496,0.059115754639468054,0.014071005435233985,0.6176470588235294,19.18779427731345
dir|debit_spread|signal=atr_roc|tgt=None|sl=None|days=nonexpiry,directional,2089,1179,0.0011962067364755388,0.06835775604218441,0.049891047263223576,0.06184132861501612,0.02287208286076825,0.41215892771661083,-7.459086924090004
"theta|straddle|entry=105|legsl=0.25|tgt=None|sl=None|days=dte2|vix=(-3.0, 3.0)",theta,850,569,0.08574082225796183,0.06831827947160574,0.050010130818452514,0.06038329488838379,0.016147598197880253,0.6176470588235294,20.908353622872966
theta|condor1_5|entry=105|legsl=0.5|tgt=None|sl=None|days=dte2|vix=None,theta,870,563,0.00358704297517408,0.06830567341655502,0.04998065816516073,0.042512075942024996,0.09895806949673136,0.5206896551724138,-2.0157186165155245
theta|condor2_7|entry=5|legsl=0.5|tgt=None|sl=None|days=dte2|vix=None,theta,863,563,0.007343443044704206,0.06829769604437352,0.050065219917231785,0.04413150341901395,0.06025742391878319,0.5770567786790266,4.1863154156013636
dir|buy_atm|signal=bb_breakout|tgt=None|sl=None|days=all,directional,2463,1420,0.0006060395781012918,0.06827886942290262,0.05005935120074356,0.07685229551780215,0.032643398172718885,0.3467316280958181,-18.43559274940969
theta|butterfly6|entry=105|legsl=0.5|tgt=None|sl=None|days=nonexpiry|vix=None,theta,2090,1180,0.002581217615670364,0.0682698957130814,0.0672365032301051,-0.00426019171441927,0.18048928970369893,0.4535885167464115,-13.49837969163288
theta|butterfly6|entry=105|legsl=0.5|tgt=None|sl=None|days=all|vix=None,theta,2090,1180,0.002581217615670364,0.0682698957130814,0.0672365032301051,-0.00426019171441927,0.18048928970369893,0.4535885167464115,-13.49837969163288
longvol|long_straddle|signal=gap_follow|tgt=0.6|sl=0.4|days=all,longvol,734,473,0.012211830100173009,0.06814062290866607,0.049710967308598364,0.08033878997094601,0.023917597430203386,0.5081743869209809,-9.382523740747645
theta|butterfly4|entry=15|legsl=None|tgt=0.5|sl=1.0|days=nonexpiry|vix=None,theta,2091,1180,0.0022882528962810777,0.06807402235515969,0.04950074267586524,0.08677803266518258,0.10600656118681284,0.381635581061693,-25.472582045093443
theta|butterfly4|entry=15|legsl=None|tgt=0.5|sl=1.0|days=all|vix=None,theta,2125,1180,0.0022882528962810777,0.06807402235515969,0.04950074267586524,0.09549313961829897,0.1051526766437254,0.3910588235294118,-23.70569175420817
"theta|butterfly6|entry=15|legsl=0.5|tgt=None|sl=None|days=dte2|vix=(-3.0, 3.0)",theta,639,441,0.005577024910803325,0.06805100999884384,0.050052150994282396,0.057660933621960675,0.08799844511327337,0.49921752738654146,-5.029942177016865
"theta|strangle2|entry=5|legsl=None|tgt=0.5|sl=1.0|days=dte2|vix=(-3.0, 3.0)",theta,771,497,0.1047862358257162,0.0679804162453379,0.04970877021879294,0.012988132564599297,0.05151297461220905,0.6005188067444877,2.6825738997419863
dir|buy_atm|signal=orb|tgt=0.2|sl=0.2|days=all,directional,2483,1437,0.0068917373550542145,0.06789169369229842,0.049998094884738054,0.006024145592905761,0.07418452457110936,0.490938380990737,-9.477269683947643
theta|strangle2|entry=15|legsl=None|tgt=0.5|sl=1.0|days=all|vix=None,theta,2249,1253,0.07968680727380735,0.06783488595790632,0.05095985630701916,-0.0071394467426036945,0.0955434701600194,0.6153846153846154,1.5558826001122312
theta|butterfly4|entry=5|legsl=None|tgt=0.5|sl=1.0|days=all|vix=None,theta,2124,1180,0.0014863924876041773,0.06766634118415049,0.04991054510563642,0.09413050585211624,0.04259701931763127,0.4006591337099812,-20.905739584857574
theta|butterfly4|entry=5|legsl=None|tgt=0.5|sl=1.0|days=nonexpiry|vix=None,theta,2091,1180,0.0014863924876041773,0.06766634118415049,0.04991054510563642,0.08581472158664516,0.04181226742248623,0.3912003825920612,-22.85078359310106
"theta|condor1_5|entry=5|legsl=0.5|tgt=None|sl=None|days=nonexpiry|vix=(-3.0, 3.0)",theta,1453,836,0.003459686579054433,0.06764993934072039,0.05000551071059112,-0.037826112605722884,0.2809128383252375,0.4618031658637302,-8.551866558978778
"theta|condor1_5|entry=5|legsl=0.5|tgt=None|sl=None|days=all|vix=(-3.0, 3.0)",theta,1459,836,0.003459686579054433,0.06764993934072039,0.05000551071059112,-0.035455736521194825,0.28051802737696085,0.4612748457847841,-8.381927875939393
dir|debit_spread|signal=last_hour_rejection|tgt=None|sl=None|days=all,directional,1084,675,0.006709027702086658,0.0675126816452043,0.050388276838192025,0.015398145735105118,0.18992192643352201,0.30719557195571956,-4.889902801773206
theta|butterfly6|entry=105|legsl=0.4|tgt=0.5|sl=1.0|days=nonexpiry|vix=None,theta,2090,1180,0.002305025954083903,0.06749604922759711,0.05513707515077204,-0.00424142252387516,0.17127587075285855,0.4688995215311005,-10.093225131049032
theta|butterfly6|entry=105|legsl=0.4|tgt=0.5|sl=1.0|days=all|vix=None,theta,2090,1180,0.002305025954083903,0.06749604922759711,0.05513707515077204,-0.00424142252387516,0.17127587075285855,0.4688995215311005,-10.093225131049032
dir|debit_spread|signal=sma20_cross|tgt=None|sl=None|days=nonexpiry,directional,2044,1158,0.00126760190584166,0.06740419380222495,0.04944457899213761,0.07676354898596793,0.05072352313455053,0.3835616438356164,-9.529034575160935
theta|condor1_5|entry=105|legsl=0.4|tgt=0.5|sl=1.0|days=dte2|vix=None,theta,870,563,0.004604602715833037,0.06738022142115385,0.05000206346232228,0.06376520783083728,0.07311216759881911,0.542528735632184,0.2305803516807671
"theta|strangle2|entry=15|legsl=0.5|tgt=None|sl=None|days=dte2|vix=(-3.0, 3.0)",theta,769,500,0.10103939448859098,0.06733769120735578,0.05008964692059037,0.03688459041977832,0.009867876512421825,0.5981794538361509,10.30338738914801
"theta|strangle2|entry=15|legsl=0.5|tgt=0.5|sl=1.0|days=dte2|vix=(-3.0, 3.0)",theta,769,500,0.10099576876252259,0.06731525222797341,0.05008973677716866,0.036255984343740444,0.009863362297311773,0.5981794538361509,10.004592087829687
theta|condor2_7|entry=105|legsl=0.5|tgt=0.5|sl=1.0|days=dte2|vix=None,theta,862,563,0.005723953256393558,0.06728721258422143,0.049993230244956055,0.036551284200257106,0.049098117727520485,0.6148491879350348,6.110027060367099
theta|butterfly6|entry=15|legsl=0.5|tgt=None|sl=None|days=dte2|vix=None,theta,862,562,0.004632813755192233,0.06726824979584967,0.04986201081792552,0.0744959386638393,0.10768592305230551,0.4918793503480278,-6.2690966243146775
theta|butterfly4|entry=15|legsl=0.25|tgt=0.5|sl=1.0|days=nonexpiry|vix=None,theta,2091,1180,0.0017225693792435172,0.06717993377507114,0.05309592041499578,0.03329586150183572,0.14748370935180377,0.460545193687231,-11.122060882487327
theta|butterfly4|entry=15|legsl=0.25|tgt=0.5|sl=1.0|days=all|vix=None,theta,2125,1180,0.0017225693792435172,0.06717993377507114,0.05309592041499578,0.04269405992806652,0.14662896312695683,0.4691764705882353,-9.441518980967052
"theta|condor2_7|entry=5|legsl=0.4|tgt=0.5|sl=1.0|days=dte2|vix=(-3.0, 3.0)",theta,646,440,0.006928039666119165,0.0670852762767491,0.05046005425231381,0.023158164643658274,0.07536438747055674,0.5773993808049536,1.5169003122301394
dir|credit_spread|signal=orb_reversal|tgt=0.5|sl=0.3|days=nonexpiry,directional,2089,1178,0.004340563491807684,0.06703868698763182,0.05029971801387456,0.07695450934936043,0.053405786493836094,0.4260411680229775,-2.9307728318805153
theta|butterfly4|entry=15|legsl=0.5|tgt=None|sl=None|days=all|vix=None,theta,2125,1180,0.001300474480551951,0.06692844809237775,0.049854599768867525,0.004522453110111346,0.22030100227582605,0.4404705882352941,-17.747962385427254
theta|butterfly4|entry=15|legsl=0.5|tgt=None|sl=None|days=nonexpiry|vix=None,theta,2091,1180,0.001300474480551951,0.06692844809237775,0.049854599768867525,0.004059274906807797,0.2202932204551279,0.438546150167384,-17.750968340351665
dir|buy_atm|signal=orb_reversal|tgt=0.5|sl=0.3|days=all,directional,2485,1423,0.0049037387970353105,0.06692571851346885,0.05004659436536252,0.04008401010153073,0.07631954499444527,0.4482897384305835,-5.945683467448598
"theta|butterfly4|entry=5|legsl=0.5|tgt=0.5|sl=1.0|days=nonexpiry|vix=(-3.0, 3.0)",theta,1453,836,0.0019829763337365874,0.06689895336276486,0.051414577878132084,0.08166404291240048,0.06235480041842012,0.4700619408121129,-11.889138554419796
"theta|butterfly4|entry=5|legsl=0.5|tgt=0.5|sl=1.0|days=all|vix=(-3.0, 3.0)",theta,1482,836,0.0019829763337365874,0.06689895336276486,0.051414577878132084,0.09200591143953818,0.06138033039288904,0.48043184885290147,-9.592916750633437
theta|butterfly4|entry=15|legsl=0.4|tgt=0.5|sl=1.0|days=nonexpiry|vix=None,theta,2091,1180,0.0015295120458006933,0.06666231599482164,0.05705607961338055,0.06339167409892932,0.09747430942491764,0.4600669536107126,-12.346239353337282
theta|butterfly4|entry=15|legsl=0.4|tgt=0.5|sl=1.0|days=all|vix=None,theta,2125,1180,0.0015295120458006933,0.06666231599482164,0.05705607961338055,0.06950631884784597,0.09685325943834933,0.4687058823529412,-10.616726162045127
theta|strangle2|entry=5|legsl=None|tgt=0.5|sl=1.0|days=dte2|vix=None,theta,1015,633,0.08570601744648136,0.06663009517413165,0.05011239254164701,-0.0012337065040440853,0.08359538522671561,0.6019704433497537,-0.4320139968934948
theta|condor1_5|entry=105|legsl=0.5|tgt=0.5|sl=1.0|days=dte2|vix=None,theta,870,563,0.0034361172139923493,0.06656570131503958,0.04997714881316473,0.05919372116025334,0.07051606717297931,0.5505747126436782,1.821420641683118
theta|condor2_7|entry=105|legsl=0.5|tgt=None|sl=None|days=dte2|vix=None,theta,862,563,0.006115484673666232,0.06642015530972634,0.049994333093919985,0.03742536343871561,0.05722865556401324,0.5974477958236659,3.9654274398388947
theta|straddle|entry=15|legsl=0.25|tgt=None|sl=None|days=all|vix=None,theta,2418,1385,0.07576578855298839,0.06641875907751071,0.05106083471615985,-0.011155171972323852,0.1070313991359314,0.5095119933829612,2.7255858684996057
theta|butterfly6|entry=15|legsl=0.5|tgt=0.5|sl=1.0|days=dte2|vix=None,theta,862,562,0.003539928438028962,0.06632130191618857,0.04981229002868881,0.05687653810550097,0.08432672959602783,0.505800464037123,-4.927631705722598
theta|butterfly6|entry=5|legsl=None|tgt=0.5|sl=1.0|days=dte2|vix=None,theta,863,563,0.0036834994640819844,0.06627151966166123,0.050438306164044544,0.05798138350942139,0.03078334193005461,0.4484356894553882,-19.473261015333694
dir|buy_atm|signal=rsi_momentum|tgt=0.5|sl=0.3|days=all,directional,2452,1410,0.002874168646553009,0.06621233371188917,0.050033779443094284,0.031836695383599345,0.015225550881693084,0.4245513866231648,-8.213777743357722
theta|butterfly6|entry=105|legsl=0.5|tgt=0.5|sl=1.0|days=nonexpiry|vix=None,theta,2090,1180,0.0024559682107187816,0.06615380761625622,0.0648097708472255,-0.003956901377830002,0.17371538636798256,0.45885167464114834,-12.523463007999052
theta|butterfly6|entry=105|legsl=0.5|tgt=0.5|sl=1.0|days=all|vix=None,theta,2090,1180,0.0024559682107187816,0.06615380761625622,0.0648097708472255,-0.003956901377830002,0.17371538636798256,0.45885167464114834,-12.523463007999052
theta|condor1_5|entry=15|legsl=0.5|tgt=0.5|sl=1.0|days=dte2|vix=None,theta,869,562,0.003271509363762972,0.06614078100536447,0.049791949081412046,0.06853609804145178,0.042016563406506724,0.5592635212888377,4.558311142751562
dir|credit_spread|signal=open_direction|tgt=0.5|sl=0.3|days=nonexpiry,directional,2091,1180,0.0025292082624441335,0.06605222333709548,0.04999832326210085,0.11925470281091832,0.07842812214212691,0.38546150167384025,1.328728010403032
theta|straddle|entry=15|legsl=0.25|tgt=0.5|sl=1.0|days=all|vix=None,theta,2418,1385,0.07574010585328206,0.06603734378494885,0.05104602470487729,-0.011717478213126409,0.10698873714918489,0.5095119933829612,2.5880010960021154
theta|butterfly6|entry=105|legsl=0.4|tgt=None|sl=None|days=all|vix=None,theta,2090,1180,0.0022811686457595904,0.06597181460383905,0.05745598458368706,-0.005633872110070048,0.1702834201323199,0.46220095693779906,-11.60780700861132
theta|butterfly6|entry=105|legsl=0.4|tgt=None|sl=None|days=nonexpiry|vix=None,theta,2090,1180,0.0022811686457595904,0.06597181460383905,0.05745598458368706,-0.005633872110070048,0.1702834201323199,0.46220095693779906,-11.60780700861132
theta|butterfly6|entry=105|legsl=0.4|tgt=None|sl=None|days=dte2|vix=None,theta,862,563,0.004029032052968173,0.06585377524999081,0.04998381305796484,0.0585426204108741,0.04408821103301164,0.5336426914153132,1.4611755248881024
theta|butterfly6|entry=15|legsl=None|tgt=0.5|sl=1.0|days=all|vix=None,theta,2090,1179,0.003127113300823391,0.06578647359921974,0.04969961212787055,0.10055589216774052,0.08644833516726425,0.4090909090909091,-26.648290183857014
theta|butterfly6|entry=15|legsl=None|tgt=0.5|sl=1.0|days=nonexpiry|vix=None,theta,2090,1179,0.003127113300823391,0.06578647359921974,0.04969961212787055,0.10055589216774052,0.08644833516726425,0.4090909090909091,-26.648290183857014
dir|buy_atm|signal=orb|tgt=0.5|sl=0.3|days=all,directional,2483,1437,0.0031763453054955222,0.06575587502442093,0.05003051751879084,0.035420434479398244,0.020835529069825554,0.4200563834071687,-7.681453779765881
theta|condor2_7|entry=105|legsl=None|tgt=0.5|sl=1.0|days=all|vix=None,theta,2090,1180,0.007006320678558676,0.06569875154138538,0.04987067736785422,-0.1272107898838014,0.48760497920705737,0.48947368421052634,-12.019686923480062
theta|condor2_7|entry=105|legsl=None|tgt=0.5|sl=1.0|days=nonexpiry|vix=None,theta,2090,1180,0.007006320678558676,0.06569875154138538,0.04987067736785422,-0.1272107898838014,0.48760497920705737,0.48947368421052634,-12.019686923480062
theta|butterfly6|entry=15|legsl=0.4|tgt=0.5|sl=1.0|days=all|vix=None,theta,2090,1179,0.0023486538092152304,0.06563827692996749,0.055325263042867,0.08134703669323029,0.10419685334429585,0.46746411483253586,-12.856523277383157
theta|butterfly6|entry=15|legsl=0.4|tgt=0.5|sl=1.0|days=nonexpiry|vix=None,theta,2090,1179,0.0023486538092152304,0.06563827692996749,0.055325263042867,0.08134703669323029,0.10419685334429585,0.46746411483253586,-12.856523277383157
"theta|butterfly6|entry=105|legsl=None|tgt=None|sl=None|days=all|vix=(-3.0, 3.0)",theta,1391,791,0.005755180106058578,0.06551672815111576,0.050156825428577245,-0.05833659524821333,0.3278828261392983,0.4227174694464414,-19.100229103025303
"theta|butterfly6|entry=105|legsl=None|tgt=None|sl=None|days=nonexpiry|vix=(-3.0, 3.0)",theta,1391,791,0.005755180106058578,0.06551672815111576,0.050156825428577245,-0.05833659524821333,0.3278828261392983,0.4227174694464414,-19.100229103025303
"theta|butterfly6|entry=105|legsl=None|tgt=0.5|sl=1.0|days=all|vix=(-3.0, 3.0)",theta,1391,791,0.00585303451769899,0.06534245752566892,0.05065378982299962,-0.06119502750715511,0.3321369509621601,0.4227174694464414,-19.21444983646563
"theta|butterfly6|entry=105|legsl=None|tgt=0.5|sl=1.0|days=nonexpiry|vix=(-3.0, 3.0)",theta,1391,791,0.00585303451769899,0.06534245752566892,0.05065378982299962,-0.06119502750715511,0.3321369509621601,0.4227174694464414,-19.21444983646563
theta|butterfly6|entry=105|legsl=0.25|tgt=0.5|sl=1.0|days=nonexpiry|vix=None,theta,2090,1180,0.002683398050979336,0.0652354211808488,0.06865414243330104,-0.025634825599357036,0.2532036184093982,0.469377990430622,-10.326985736054617
theta|butterfly6|entry=105|legsl=0.25|tgt=0.5|sl=1.0|days=all|vix=None,theta,2090,1180,0.002683398050979336,0.0652354211808488,0.06865414243330104,-0.025634825599357036,0.2532036184093982,0.469377990430622,-10.326985736054617
theta|butterfly4|entry=5|legsl=0.25|tgt=0.5|sl=1.0|days=nonexpiry|vix=None,theta,2091,1180,0.0015980566701654002,0.06521667794517771,0.06056176873910968,0.04729763113622054,0.07512823913735622,0.46628407460545196,-11.189877887329528
theta|butterfly4|entry=5|legsl=0.25|tgt=0.5|sl=1.0|days=all|vix=None,theta,2124,1180,0.0015980566701654002,0.06521667794517771,0.06056176873910968,0.05658934791026082,0.07148401956065331,0.4745762711864407,-9.358677234912358
theta|butterfly4|entry=105|legsl=0.4|tgt=0.5|sl=1.0|days=nonexpiry|vix=None,theta,2090,1180,0.0018703532845116783,0.06507020589553592,0.05624719835751746,-0.012192088349322616,0.2284671322669828,0.4478468899521531,-13.895782841737047
theta|butterfly4|entry=105|legsl=0.4|tgt=0.5|sl=1.0|days=all|vix=None,theta,2130,1180,0.0018703532845116783,0.06507020589553592,0.05624719835751746,-0.014205572924691268,0.22790326431672003,0.4563380281690141,-12.974297783710213
theta|condor2_7|entry=105|legsl=0.4|tgt=0.5|sl=1.0|days=dte2|vix=None,theta,862,563,0.005504549224715288,0.06503589082131955,0.049953537996848985,0.04024500542559273,0.03588648752047596,0.6090487238979119,6.711528366948915
dir|credit_spread|signal=open_direction|tgt=0.5|sl=0.3|days=all,directional,2268,1263,0.0026931888133362846,0.06457875451090445,0.050414489492328185,0.12587989567055025,0.08377781330721124,0.3862433862433862,1.1005882739269124
theta|condor1_5|entry=15|legsl=None|tgt=0.5|sl=1.0|days=dte2|vix=None,theta,869,562,0.004283326668438128,0.06444391782698466,0.049997621540657344,0.05323263911489984,0.032571219415029606,0.49712313003452246,-9.995605709268458
theta|butterfly6|entry=15|legsl=0.25|tgt=0.5|sl=1.0|days=nonexpiry|vix=None,theta,2090,1179,0.0023814137027509726,0.06431564369265774,0.05005306278645694,0.040430819846949184,0.1431610195329378,0.46411483253588515,-11.959907717325818
theta|butterfly6|entry=15|legsl=0.25|tgt=0.5|sl=1.0|days=all|vix=None,theta,2090,1179,0.0023814137027509726,0.06431564369265774,0.05005306278645694,0.040430819846949184,0.1431610195329378,0.46411483253588515,-11.959907717325818
theta|butterfly6|entry=105|legsl=0.4|tgt=0.5|sl=1.0|days=dte2|vix=None,theta,862,563,0.0034930238188948986,0.06427960872744487,0.0499802319287701,0.058122439246857116,0.0383497011499474,0.5440835266821346,4.7112080960919105
dir|futures|signal=bb_breakout|tgt=None|sl=None,futures,2514,1460,0.029023212178178433,0.06427790217395746,0.049991055230206305,0.045046337155724814,0.022581563687339212,0.4920445505171042,11.763643595863234
"theta|butterfly6|entry=105|legsl=None|tgt=None|sl=None|days=dte2|vix=(-3.0, 3.0)",theta,603,414,0.007063893585493003,0.0640883610289873,0.05005409335154809,0.041278621381724445,0.055490952015755046,0.49087893864013266,-6.023110571848615
theta|condor2_7|entry=105|legsl=0.4|tgt=None|sl=None|days=dte2|vix=None,theta,862,563,0.005640602588623101,0.0639946621340497,0.05031198503796275,0.03635827416493087,0.055327431543348626,0.5870069605568445,4.215913488166922
"theta|condor1_5|entry=105|legsl=0.5|tgt=0.5|sl=1.0|days=dte2|vix=(-3.0, 3.0)",theta,608,414,0.006205570404404386,0.06395846705805708,0.05000016296909382,0.05634863043222915,0.10921808269970035,0.5394736842105263,-0.3078505246784169
"theta|butterfly4|entry=5|legsl=0.4|tgt=None|sl=None|days=all|vix=(-3.0, 3.0)",theta,1482,836,0.001292563960533955,0.06391786833299151,0.050915764713504674,0.05702863754686738,0.04397425143109979,0.45209176788124156,-10.217788488308262
"theta|butterfly4|entry=5|legsl=0.4|tgt=None|sl=None|days=nonexpiry|vix=(-3.0, 3.0)",theta,1453,836,0.001292563960533955,0.06391786833299151,0.050915764713504674,0.05542590773057876,0.043795748880398166,0.45010323468685476,-10.710558630284188
"theta|butterfly6|entry=105|legsl=0.5|tgt=None|sl=None|days=dte2|vix=(-3.0, 3.0)",theta,603,414,0.0048343448729441865,0.06389684169465726,0.05018058168234496,0.046627961184921185,0.030197301271964627,0.5406301824212272,1.6477469805940437
theta|butterfly6|entry=5|legsl=None|tgt=None|sl=None|days=dte2|vix=None,theta,863,563,0.0032044232450218627,0.0637367507557065,0.04983002934448366,0.05242487638952009,0.027277532518430014,0.4484356894553882,-23.13126708090789
"theta|butterfly6|entry=105|legsl=None|tgt=0.5|sl=1.0|days=dte2|vix=(-3.0, 3.0)",theta,603,414,0.0072814189885772795,0.0636618305788752,0.05005219623751467,0.04141344010099468,0.05737959833478512,0.49087893864013266,-6.738756358208348
"theta|butterfly6|entry=105|legsl=0.5|tgt=None|sl=None|days=nonexpiry|vix=(-3.0, 3.0)",theta,1391,791,0.002931924355258752,0.06365053182880342,0.050003049067977146,-0.018073572132640603,0.1665915679603095,0.4608195542774982,-12.15230586789239
"theta|butterfly6|entry=105|legsl=0.5|tgt=None|sl=None|days=all|vix=(-3.0, 3.0)",theta,1391,791,0.002931924355258752,0.06365053182880342,0.050003049067977146,-0.018073572132640603,0.1665915679603095,0.4608195542774982,-12.15230586789239
"theta|butterfly6|entry=5|legsl=0.5|tgt=0.5|sl=1.0|days=dte2|vix=(-3.0, 3.0)",theta,646,440,0.00417721887208911,0.06353811084333927,0.05000075956342431,0.06581512656250776,0.0206691670129574,0.5309597523219814,-1.6894127271378783
"theta|butterfly6|entry=105|legsl=0.5|tgt=0.5|sl=1.0|days=nonexpiry|vix=(-3.0, 3.0)",theta,1391,791,0.0031071850058735345,0.06343478099801048,0.0499377868079075,-0.020288258674455273,0.1793495904903738,0.4651329978432782,-11.980967043210535
"theta|butterfly6|entry=105|legsl=0.5|tgt=0.5|sl=1.0|days=all|vix=(-3.0, 3.0)",theta,1391,791,0.0031071850058735345,0.06343478099801048,0.0499377868079075,-0.020288258674455273,0.1793495904903738,0.4651329978432782,-11.980967043210535
theta|butterfly4|entry=5|legsl=0.25|tgt=0.5|sl=1.0|days=dte2|vix=None,theta,895,562,0.002286198908709977,0.06331904762789864,0.04977874777873059,0.04365479508443282,0.05377499322316892,0.4994413407821229,-5.800419102118608
theta|strangle3|entry=15|legsl=None|tgt=None|sl=None|days=all|vix=None,theta,2164,1190,0.04339802681076404,0.06309979067536875,0.05000000084538936,0.04098721249454007,0.011439731578561818,0.677449168207024,13.051241421828427
"theta|butterfly4|entry=5|legsl=0.4|tgt=None|sl=None|days=dte2|vix=(-3.0, 3.0)",theta,675,440,0.0021362577108921597,0.06308557737042375,0.05000355053899008,0.05820960504249628,0.06673884224089122,0.482962962962963,-6.586829561253698
dir|credit_spread|signal=rsi_reversal|tgt=0.5|sl=0.3|days=all,directional,2269,1270,0.0064558760185248676,0.06288706216686646,0.04992772517160715,0.09207655790994629,0.0706216389009281,0.4226531511679154,-3.6126918516242066
"theta|butterfly6|entry=105|legsl=0.5|tgt=0.5|sl=1.0|days=dte2|vix=(-3.0, 3.0)",theta,603,414,0.004564409766958105,0.06285646928586841,0.05018374463737563,0.04921586618253082,0.02806075883661696,0.5505804311774462,3.4107572078976434
theta|strangle3|entry=15|legsl=None|tgt=None|sl=None|days=nonexpiry|vix=None,theta,2092,1181,0.04339808259636981,0.06266453966795993,0.05000000084014056,0.03552801960830121,0.010778051027941715,0.6696940726577438,11.434660755230638
theta|strangle2|entry=15|legsl=None|tgt=None|sl=None|days=all|vix=None,theta,2249,1253,0.04645142978251577,0.06265357433620689,0.05000000258939152,0.04522038656068461,0.012915417929795892,0.6634059582036461,13.804120529294366
dir|buy_atm|signal=rsi_reversal|tgt=0.5|sl=0.3|days=all,directional,2473,1423,0.004299329875515781,0.06257437591294934,0.050000638560587674,0.04098737217658255,0.03222507816462783,0.4403558431055398,-5.816612961479781
"theta|butterfly4|entry=5|legsl=0.25|tgt=0.5|sl=1.0|days=dte2|vix=(-3.0, 3.0)",theta,675,440,0.0026903939277846123,0.062488079254524376,0.05000308974632306,0.038723413611730484,0.08619505906892766,0.4874074074074074,-7.5247663453126
theta|strangle3|entry=5|legsl=None|tgt=None|sl=None|days=nonexpiry|vix=None,theta,2092,1181,0.04852947338361132,0.06243873624596796,0.05000126306897812,0.03570933954379796,0.016085960193026994,0.6630019120458891,10.680463042996582
theta|strangle3|entry=5|legsl=None|tgt=None|sl=None|days=all|vix=None,theta,2156,1186,0.04852938409987544,0.062295441809771646,0.05000126372830671,0.03775182001308108,0.015439434419289855,0.6595547309833024,11.114690680511584
theta|butterfly6|entry=5|legsl=0.5|tgt=0.5|sl=1.0|days=dte2|vix=None,theta,863,563,0.0032446401041537377,0.06228246844969498,0.05059222299061694,0.06673023452658011,0.03936932125602133,0.5156431054461182,-3.857785483803592
dir|buy_atm|signal=momentum_1m|tgt=0.2|sl=0.2|days=all,directional,2227,1313,0.006645254251120666,0.06206077366302032,0.0500097144439533,0.0030829164765089345,0.04293403372873783,0.4800179613830265,-11.28472654725866
"theta|butterfly6|entry=5|legsl=0.25|tgt=0.5|sl=1.0|days=nonexpiry|vix=(-3.0, 3.0)",theta,1453,836,0.003494333099578284,0.06192077542002994,0.050006715812133895,0.05177853837601232,0.07606728768137105,0.4569855471438403,-11.788510787019224
"theta|butterfly6|entry=5|legsl=0.25|tgt=0.5|sl=1.0|days=all|vix=(-3.0, 3.0)",theta,1453,836,0.003494333099578284,0.06192077542002994,0.050006715812133895,0.05177853837601232,0.07606728768137105,0.4569855471438403,-11.788510787019224
"theta|condor1_5|entry=105|legsl=0.5|tgt=None|sl=None|days=dte2|vix=(-3.0, 3.0)",theta,608,414,0.007372471409450473,0.06155007352634012,0.05000041625595619,0.028843753229167213,0.1290113767590566,0.5115131578947368,-5.225997960609985
theta|butterfly4|entry=105|legsl=0.5|tgt=0.5|sl=1.0|days=nonexpiry|vix=None,theta,2090,1180,0.0019638731536346264,0.06148381090003796,0.06980310749863938,-0.007940065240478855,0.2077452425665901,0.4358851674641148,-15.333811838703902
theta|butterfly4|entry=105|legsl=0.5|tgt=0.5|sl=1.0|days=all|vix=None,theta,2130,1180,0.0019638731536346264,0.06148381090003796,0.06980310749863938,-0.004164935364768918,0.20616062237918908,0.4450704225352113,-14.169948518484516
theta|butterfly6|entry=5|legsl=0.4|tgt=None|sl=None|days=dte2|vix=None,theta,863,563,0.003254542607273974,0.061351479209776905,0.05000005625267967,0.07538602719509369,0.06981347247216918,0.49710312862108924,-2.945921219309832
theta|butterfly6|entry=105|legsl=0.5|tgt=None|sl=None|days=dte2|vix=None,theta,862,563,0.003486670524014728,0.06128439958555232,0.04997865972118165,0.05636479060941424,0.030678321598510694,0.5301624129930395,1.0235058708571467
"theta|straddle|entry=105|legsl=None|tgt=0.5|sl=1.0|days=nonexpiry|vix=(-3.0, 3.0)",theta,1391,791,0.08496937562629767,0.06120560778527939,0.05104917115871643,0.019264125838044377,0.038777151512272345,0.5434938892882818,4.204692975489207
theta|condor2_7|entry=105|legsl=None|tgt=0.5|sl=1.0|days=dte2|vix=None,theta,862,563,0.010383130677384299,0.06117642424711933,0.05062918704654551,0.027121837155290596,0.05830719738083123,0.5916473317865429,-3.9538926594263586
"theta|butterfly4|entry=15|legsl=None|tgt=0.5|sl=1.0|days=dte2|vix=(-3.0, 3.0)",theta,666,441,0.0036634771207700364,0.06104542765706045,0.05014531994764093,0.07532211639424502,0.055821647451328116,0.43843843843843844,-17.629002643746656
"theta|condor1_5|entry=5|legsl=0.5|tgt=0.5|sl=1.0|days=dte2|vix=(-3.0, 3.0)",theta,652,440,0.005823619752142172,0.061036807798140025,0.049984231416779656,0.08198388928280909,0.08914939230214258,0.5352760736196319,0.9323307063412046
dir|futures|signal=atr_roc|tgt=1.0|sl=0.5,futures,2555,1477,0.06721992054552998,0.06081064308630446,0.050233234735717947,0.0423475266993707,0.06508130597255057,0.4681017612524462,6.292465753424737
dir|buy_atm|signal=rsi_momentum|tgt=0.2|sl=0.2|days=all,directional,2452,1410,0.005851637230852332,0.06053757036234875,0.05000004967326166,0.003294989198410425,0.03838572606591606,0.4873572593800979,-10.526419690965538
theta|condor1_5|entry=105|legsl=0.4|tgt=0.5|sl=1.0|days=all|vix=None,theta,2098,1180,0.0024755996170810163,0.06037548670145565,0.05109443212739706,-0.04426254320316381,0.35659783863778693,0.4580552907530982,-10.309598818112958
theta|condor1_5|entry=105|legsl=0.4|tgt=0.5|sl=1.0|days=nonexpiry|vix=None,theta,2090,1180,0.0024755996170810163,0.06037548670145565,0.05109443212739706,-0.04556363161299415,0.3581130834302021,0.45598086124401915,-10.584389427044874
"theta|strangle2|entry=5|legsl=None|tgt=0.5|sl=1.0|days=all|vix=(-3.0, 3.0)",theta,1578,893,0.07520283577949344,0.06017601913599657,0.05149895056739884,0.0020488646372840424,0.0430859427887067,0.6051964512040557,0.488617256307966
theta|condor1_5|entry=105|legsl=0.5|tgt=0.5|sl=1.0|days=nonexpiry|vix=None,theta,2090,1180,0.0024362624069095024,0.060084153738205526,0.05015520303976084,-0.05240543286857369,0.3175665776022826,0.44976076555023925,-11.393801216994401
theta|condor1_5|entry=105|legsl=0.5|tgt=0.5|sl=1.0|days=all|vix=None,theta,2098,1180,0.0024362624069095024,0.060084153738205526,0.05015520303976084,-0.05116002050331603,0.3160026053099947,0.451858913250715,-11.11592419513608
theta|butterfly6|entry=105|legsl=0.5|tgt=0.5|sl=1.0|days=dte2|vix=None,theta,862,563,0.0029683251698087733,0.060071407575301716,0.05000046886045162,0.05503677780805605,0.026552219949861122,0.5406032482598608,4.1699764426517625
"theta|strangle2|entry=15|legsl=None|tgt=None|sl=None|days=all|vix=(-3.0, 3.0)",theta,1584,905,0.046102751284171954,0.06006687825376833,0.050001256517856585,0.047424220465107414,0.014039622243243288,0.6887626262626263,15.701959532826809
theta|butterfly6|entry=105|legsl=0.25|tgt=None|sl=None|days=all|vix=None,theta,2090,1180,0.002219764416876989,0.05997598535383175,0.06595468107898461,-0.021797758899658515,0.2077770340133681,0.46124401913875596,-11.5826325923703
theta|butterfly6|entry=105|legsl=0.25|tgt=None|sl=None|days=nonexpiry|vix=None,theta,2090,1180,0.002219764416876989,0.05997598535383175,0.06595468107898461,-0.021797758899658515,0.2077770340133681,0.46124401913875596,-11.5826325923703
"theta|condor2_7|entry=5|legsl=None|tgt=0.5|sl=1.0|days=dte2|vix=(-3.0, 3.0)",theta,646,440,0.0073260166249353035,0.059919330581711616,0.050273453432393866,0.03261136978713752,0.029161397415726542,0.6021671826625387,-1.7603468949712542
"theta|straddle|entry=15|legsl=0.25|tgt=None|sl=None|days=all|vix=(-3.0, 3.0)",theta,1706,995,0.0960539743714781,0.059725070574977446,0.05000003073190762,-0.003204809377075457,0.10507357144072038,0.5082063305978898,1.3582109779607163
dir|credit_spread|signal=macd|tgt=0.5|sl=0.3|days=all,directional,2308,1286,0.003287705516057314,0.059563072377678994,0.05006609213586666,0.047278527260964376,0.08878711799950667,0.4059792027729636,-3.4431797319299435
theta|condor2_7|entry=105|legsl=None|tgt=None|sl=None|days=dte2|vix=None,theta,862,563,0.01017080292315389,0.059560630275987236,0.04954761507453875,0.0248353355919968,0.06437482006966722,0.5916473317865429,-5.150297293435878
theta|condor2_7|entry=105|legsl=0.25|tgt=None|sl=None|days=all|vix=None,theta,2090,1180,0.004399134313324157,0.05950520229247047,0.05845730486111511,-0.1167586743692518,0.49051950476725725,0.49521531100478466,-6.3426509797586546
theta|condor2_7|entry=105|legsl=0.25|tgt=None|sl=None|days=nonexpiry|vix=None,theta,2090,1180,0.004399134313324157,0.05950520229247047,0.05845730486111511,-0.1167586743692518,0.49051950476725725,0.49521531100478466,-6.3426509797586546
"theta|straddle|entry=15|legsl=0.25|tgt=0.5|sl=1.0|days=all|vix=(-3.0, 3.0)",theta,1706,995,0.0960539743714781,0.059443714075118725,0.05000003073190762,-0.003204809377075457,0.10507357144072038,0.5082063305978898,1.304719789372512
"theta|butterfly4|entry=5|legsl=0.5|tgt=None|sl=None|days=nonexpiry|vix=(-3.0, 3.0)",theta,1453,836,0.0012615257852524003,0.059338212514693955,0.05099831130736221,0.05589733512520301,0.041833137708369716,0.45629731589814176,-13.019963308482325
"theta|butterfly4|entry=5|legsl=0.5|tgt=None|sl=None|days=all|vix=(-3.0, 3.0)",theta,1482,836,0.0012615257852524003,0.059338212514693955,0.05099831130736221,0.05963898469622664,0.04119680940780568,0.4601889338731444,-11.888023939169665
"theta|strangle3|entry=15|legsl=None|tgt=None|sl=None|days=all|vix=(-3.0, 3.0)",theta,1514,854,0.04504996769838048,0.05930304191039926,0.05000175465601209,0.04555694764927831,0.01266394067818788,0.6994715984147952,14.617441401987126
theta|strangle2|entry=15|legsl=None|tgt=None|sl=None|days=nonexpiry|vix=None,theta,2092,1181,0.04645106429586085,0.05919583892959612,0.05000000255496906,0.03250085710547479,0.013128703213715398,0.6539196940726577,9.83727646264018
"theta|strangle3|entry=15|legsl=None|tgt=None|sl=None|days=nonexpiry|vix=(-3.0, 3.0)",theta,1454,846,0.045050057451242034,0.058975357158798314,0.05000175439305499,0.04177664411713189,0.011895518005915706,0.6918844566712518,12.971787897784575
dir|credit_spread|signal=orb_reversal|tgt=0.5|sl=0.3|days=all,directional,2286,1287,0.003909691418076918,0.058833123005123555,0.05018888017001366,0.05663948002195318,0.05455696705977686,0.4221347331583552,-3.572718937685119
dir|credit_spread|signal=gap_fade|tgt=None|sl=None|days=nonexpiry,directional,665,427,0.00091406135895036,0.058805594009041284,0.04999975868746542,0.0768857546885644,0.020209330981630913,0.5082706766917293,5.235671815596128
theta|butterfly4|entry=105|legsl=0.4|tgt=None|sl=None|days=dte2|vix=None,theta,902,563,0.0023593709171608294,0.05867633422868268,0.05014341067161654,0.016361738830084294,0.07285331026407205,0.48226164079822614,-12.168785186649773
"theta|condor2_7|entry=105|legsl=None|tgt=None|sl=None|days=dte2|vix=(-3.0, 3.0)",theta,603,414,0.008407670042636142,0.05855577577631643,0.049579878174175085,0.03562687113618912,0.02731243041930398,0.6185737976782753,-0.814183132770544
"theta|condor2_7|entry=5|legsl=None|tgt=None|sl=None|days=dte2|vix=(-3.0, 3.0)",theta,646,440,0.006868002293804804,0.05845468571170387,0.050307617089980106,0.030544608188114664,0.027084983716128552,0.6037151702786377,-2.930044974856793
theta|butterfly4|entry=15|legsl=0.5|tgt=None|sl=None|days=dte2|vix=None,theta,896,562,0.002430520582659075,0.05840868493995077,0.050000843970665176,0.08373415622115599,0.11574520243250086,0.4720982142857143,-12.840284230141824
"theta|condor2_7|entry=105|legsl=None|tgt=0.5|sl=1.0|days=dte2|vix=(-3.0, 3.0)",theta,603,414,0.008578493270229285,0.05819713803018112,0.0494768770240398,0.036873086876015426,0.027930017048240052,0.6185737976782753,-0.06723250356529137
dir|buy_atm|signal=momentum_1m|tgt=0.5|sl=0.3|days=all,directional,2227,1313,0.00424797544896927,0.05816296042061975,0.04997330075160089,0.029437065328194567,0.021809078724877806,0.4005388414907948,-9.965617142897527
dir|debit_spread|signal=day_high_low_break|tgt=None|sl=None|days=nonexpiry,directional,1847,1041,0.0022544982100895423,0.05816011074879479,0.050627424613460814,-0.004450040871646355,0.15843811070057878,0.3984840281537629,-6.552534446938334
"theta|condor2_7|entry=5|legsl=0.5|tgt=None|sl=None|days=all|vix=(-3.0, 3.0)",theta,1452,835,0.005202737341142335,0.05807810575505146,0.050008558487020904,-0.08528001864878687,0.3480465638411382,0.5034435261707989,-5.806084168223193
"theta|condor2_7|entry=5|legsl=0.5|tgt=None|sl=None|days=nonexpiry|vix=(-3.0, 3.0)",theta,1452,835,0.005202737341142335,0.05807810575505146,0.050008558487020904,-0.08528001864878687,0.3480465638411382,0.5034435261707989,-5.806084168223193
theta|condor1_5|entry=5|legsl=0.5|tgt=0.5|sl=1.0|days=nonexpiry|vix=None,theta,2091,1180,0.002080803698222778,0.0580111359774409,0.053303099066880355,0.0122337592721109,0.16978913159212028,0.47728359636537543,-8.221853778069129
theta|condor1_5|entry=5|legsl=0.5|tgt=0.5|sl=1.0|days=all|vix=None,theta,2098,1180,0.002080803698222778,0.0580111359774409,0.053303099066880355,0.013832421025987918,0.16543518078526176,0.47902764537654907,-7.904599026385871
"theta|butterfly4|entry=5|legsl=None|tgt=None|sl=None|days=dte2|vix=(-3.0, 3.0)",theta,675,440,0.001848177834544293,0.057909913838853466,0.05004288188984052,0.06996661131064408,0.03054137064187923,0.48592592592592593,-10.99823488712628
theta|butterfly4|entry=105|legsl=0.4|tgt=0.5|sl=1.0|days=dte2|vix=None,theta,902,563,0.0023314397601510127,0.05766205410677894,0.04970385615643769,0.05586713175717506,0.056525151653203265,0.5354767184035477,-0.8197182680049824
theta|butterfly6|entry=105|legsl=None|tgt=0.5|sl=1.0|days=nonexpiry|vix=None,theta,2090,1180,0.0037197669694536482,0.057649235575032876,0.050338710234224204,-0.029149467522589956,0.2784795164350403,0.41004784688995216,-21.155179171170918
theta|butterfly6|entry=105|legsl=None|tgt=0.5|sl=1.0|days=all|vix=None,theta,2090,1180,0.0037197669694536482,0.057649235575032876,0.050338710234224204,-0.029149467522589956,0.2784795164350403,0.41004784688995216,-21.155179171170918
"theta|strangle2|entry=15|legsl=None|tgt=None|sl=None|days=nonexpiry|vix=(-3.0, 3.0)",theta,1454,846,0.04610181104086652,0.057578932664223315,0.05000125483631024,0.038112453483001296,0.013832172706695345,0.6801925722145805,11.370772411659297
theta|condor2_7|entry=105|legsl=0.25|tgt=0.5|sl=1.0|days=dte2|vix=None,theta,862,563,0.007518780794244549,0.05740707209277773,0.05002894170349825,0.047148683876457875,0.06200452258924727,0.574245939675174,4.218807590822952
"theta|strangle2|entry=5|legsl=None|tgt=None|sl=None|days=nonexpiry|vix=(-3.0, 3.0)",theta,1453,836,0.05153260902315368,0.05737957862105225,0.05031700388818483,0.0345799206573465,0.015816966462905535,0.6551961459050241,9.23571933051121
theta|butterfly4|entry=15|legsl=None|tgt=None|sl=None|days=nonexpiry|vix=None,theta,2091,1180,0.0020817866568521685,0.057270650693751035,0.04954999325386633,-0.4886688787434379,0.948213924378022,0.381635581061693,-35.1441671628504
theta|butterfly4|entry=15|legsl=None|tgt=None|sl=None|days=all|vix=None,theta,2125,1180,0.0020817866568521685,0.057270650693751035,0.04954999325386633,-0.47733758849576713,0.9430373489635068,0.3905882352941176,-32.22940503492568
longvol|long_straddle|signal=vix_spike|tgt=None|sl=None|days=all,longvol,284,151,0.020176886246216455,0.05701998498868632,0.027449742214561867,0.05382533114072929,0.027803632610722273,0.4295774647887324,-6.983668776532293
"theta|condor2_7|entry=5|legsl=0.4|tgt=None|sl=None|days=dte2|vix=(-3.0, 3.0)",theta,646,440,0.004991285944296084,0.05701256441475766,0.04971467539602048,0.02373067044063082,0.06211242169352427,0.5588235294117647,-0.2219747714370446
"theta|condor2_7|entry=5|legsl=0.5|tgt=None|sl=None|days=dte2|vix=(-3.0, 3.0)",theta,646,440,0.005370499746491852,0.05684196355775617,0.05068819205326269,0.03313275582339359,0.04747789176007455,0.5773993808049536,2.4211284083828932
theta|butterfly6|entry=15|legsl=0.25|tgt=None|sl=None|days=nonexpiry|vix=None,theta,2090,1179,0.0021611455814044057,0.056841887256169565,0.05003440573149809,-0.004213242895134139,0.20100150750047818,0.44688995215311006,-16.480397279985848
theta|butterfly6|entry=15|legsl=0.25|tgt=None|sl=None|days=all|vix=None,theta,2090,1179,0.0021611455814044057,0.056841887256169565,0.05003440573149809,-0.004213242895134139,0.20100150750047818,0.44688995215311006,-16.480397279985848
theta|strangle2|entry=5|legsl=None|tgt=None|sl=None|days=nonexpiry|vix=None,theta,2092,1181,0.05153089727460041,0.05670208539171284,0.04999930738889491,0.0210746839168503,0.01785678640524946,0.638623326959847,5.835775476440105
theta|condor1_5|entry=5|legsl=None|tgt=0.5|sl=1.0|days=all|vix=None,theta,2098,1180,0.0033997259257556975,0.056646228302579704,0.047648317014272634,-0.056825280551012214,0.34149506750203074,0.40085795996186846,-21.0040918021995
theta|condor1_5|entry=5|legsl=None|tgt=0.5|sl=1.0|days=nonexpiry|vix=None,theta,2091,1180,0.0033997259257556975,0.056646228302579704,0.047648317014272634,-0.05935285712433647,0.3482284632085414,0.3988522238163558,-21.35519080599135
"theta|strangle3|entry=5|legsl=None|tgt=None|sl=None|days=nonexpiry|vix=(-3.0, 3.0)",theta,1453,836,0.04852941435556966,0.05662222891210211,0.05000121802669533,0.04181792395494166,0.0132634229076255,0.6765313145216793,12.052286923131858
dir|credit_spread|signal=gap_fade|tgt=None|sl=None|days=all,directional,704,448,0.0009139859840210865,0.05649933918546246,0.04999976236100767,0.06265189972165097,0.07073970645115324,0.5,1.9352505758032192
"theta|strangle2|entry=5|legsl=None|tgt=None|sl=None|days=all|vix=(-3.0, 3.0)",theta,1578,893,0.05153177528376036,0.05647427348219192,0.04999928863583236,0.04197563198649923,0.016043026093739754,0.6565272496831432,11.335278452277798
theta|butterfly4|entry=15|legsl=None|tgt=None|sl=None|days=dte2|vix=None,theta,896,562,0.002645245118529691,0.05647152283881951,0.05015968178605623,0.07894405143226324,0.05541351179590859,0.421875,-22.880263520588024
"theta|condor2_7|entry=5|legsl=0.5|tgt=0.5|sl=1.0|days=all|vix=(-3.0, 3.0)",theta,1452,835,0.006199800097536761,0.05645441003439,0.05000820381790816,-0.11584936796576994,0.4414294826462376,0.5151515151515151,-7.528435718071788
"theta|condor2_7|entry=5|legsl=0.5|tgt=0.5|sl=1.0|days=nonexpiry|vix=(-3.0, 3.0)",theta,1452,835,0.006199800097536761,0.05645441003439,0.05000820381790816,-0.11584936796576994,0.4414294826462376,0.5151515151515151,-7.528435718071788
"theta|strangle3|entry=5|legsl=None|tgt=None|sl=None|days=all|vix=(-3.0, 3.0)",theta,1507,839,0.04852932554621797,0.056440855182121163,0.050001218617621745,0.04330430094398019,0.013893697135951455,0.6715328467153284,12.516550404338862
theta|butterfly4|entry=15|legsl=0.4|tgt=None|sl=None|days=nonexpiry|vix=None,theta,2091,1180,0.0011587341067586913,0.056285565329198706,0.052928001648500755,-0.006606925330942426,0.19543390905447888,0.43615494978479197,-18.16465866616729
theta|butterfly4|entry=15|legsl=0.4|tgt=None|sl=None|days=all|vix=None,theta,2125,1180,0.0011587341067586913,0.056285565329198706,0.052928001648500755,-0.009889659697103315,0.19543784468212233,0.43670588235294117,-18.539765695804224
theta|strangle2|entry=5|legsl=None|tgt=None|sl=None|days=all|vix=None,theta,2244,1251,0.051529851828764274,0.055881621070246634,0.04999935155027879,0.03052614644815055,0.016002525580961047,0.6399286987522281,7.870550776423305
theta|butterfly4|entry=105|legsl=0.4|tgt=None|sl=None|days=nonexpiry|vix=None,theta,2090,1180,0.0013406919076166546,0.055846152746451105,0.0508028312678227,-0.007025634923226831,0.16413564358574617,0.4354066985645933,-15.294537127125428
theta|butterfly4|entry=105|legsl=0.4|tgt=None|sl=None|days=all|vix=None,theta,2130,1180,0.0013406919076166546,0.055846152746451105,0.0508028312678227,-0.032885457829399,0.19593064372831526,0.428169014084507,-18.961656538100264
"theta|butterfly6|entry=5|legsl=0.5|tgt=None|sl=None|days=dte2|vix=(-3.0, 3.0)",theta,646,440,0.003986456761058673,0.05568773596103571,0.050002659974571984,0.06213176378246987,0.01894104014402931,0.5185758513931888,-5.611386922038934
dir|credit_spread|signal=atr_roc|tgt=0.5|sl=0.3|days=nonexpiry,directional,2090,1180,0.004652155266715116,0.05563053443278032,0.050541682603543636,0.04264971967904296,0.06036598569546514,0.4167464114832536,-2.904183974624251
"theta|straddle|entry=5|legsl=0.25|tgt=None|sl=None|days=all|vix=(-3.0, 3.0)",theta,1711,991,0.10092148674190723,0.05561024817001892,0.053084613994612506,0.020932203933422766,0.07618121658933763,0.49327878433664524,3.986105837514072
"theta|condor1_5|entry=15|legsl=None|tgt=None|sl=None|days=dte2|vix=(-3.0, 3.0)",theta,644,441,0.0032638808521480885,0.05533704394744432,0.05000170390342662,0.04793188850087726,0.02597025892083371,0.5124223602484472,-7.568952695131302
dir|futures|signal=bb_breakout|tgt=1.0|sl=0.5,futures,2514,1460,0.05242761697104466,0.05531510105510651,0.05000007580742338,0.05422604981500134,0.028811732461350603,0.4638027048528242,9.55608591885445
theta|butterfly6|entry=5|legsl=0.5|tgt=None|sl=None|days=dte2|vix=None,theta,863,563,0.003169625822157722,0.055307874596132844,0.05000023798010744,0.07464363001603247,0.036215475349207216,0.49942062572421786,-6.211034014488734
theta|strangle2|entry=5|legsl=None|tgt=0.5|sl=1.0|days=all|vix=None,theta,2244,1251,0.07087022010122682,0.05527919742847498,0.05157425753776779,-0.020188173866271697,0.11231606447449871,0.5967023172905526,-1.7689588130715468
"theta|butterfly4|entry=5|legsl=0.5|tgt=None|sl=None|days=dte2|vix=(-3.0, 3.0)",theta,675,440,0.0019222733378545392,0.055101943551303156,0.05000725903479686,0.06370830792961524,0.03342428754354987,0.5051851851851852,-6.8426017465905815
theta|condor1_5|entry=105|legsl=0.25|tgt=None|sl=None|days=all|vix=None,theta,2098,1180,0.0017304618004101336,0.05495981438427777,0.04995922255274776,-0.045677206079177246,0.28219277596852144,0.438512869399428,-10.563305850932895
theta|condor1_5|entry=105|legsl=0.25|tgt=None|sl=None|days=nonexpiry|vix=None,theta,2090,1180,0.0017304618004101336,0.05495981438427777,0.04995922255274776,-0.03907088727149843,0.2753308598133676,0.44019138755980863,-9.505178706392037
dir|buy_otm1|signal=orb_reversal|tgt=0.5|sl=0.3|days=all,directional,2400,1364,0.005978943381218907,0.054841775804505,0.04991375389893471,0.04984889402405224,0.07414438683290869,0.4320833333333333,-6.567102714236577
theta|condor1_5|entry=105|legsl=0.25|tgt=None|sl=None|days=dte2|vix=None,theta,870,563,0.0033546373492101085,0.05480648589552373,0.050210130946202636,0.049200193133790204,0.033268278493442494,0.4908045977011494,-4.212679892455027
dir|buy_atm|signal=gap_follow|tgt=None|sl=None|days=nonexpiry,directional,665,427,0.006496841972213343,0.054564273799944774,0.050366544219192844,0.06628126657386324,0.017415402478707875,0.40902255639097745,-3.218590106619926
dir|buy_atm|signal=gap_follow|tgt=0.5|sl=0.3|days=all,directional,769,497,0.011441637085102976,0.05451349843931408,0.04996704911904237,0.03760044914277971,0.0683252136559439,0.43302990897269183,-11.475903990625248
"theta|condor2_7|entry=5|legsl=0.4|tgt=None|sl=None|days=all|vix=(-3.0, 3.0)",theta,1452,835,0.004239837805663946,0.05442733432735891,0.049065565587724014,-0.05581036106161419,0.24196111597621106,0.5034435261707989,-5.091470358129261
"theta|condor2_7|entry=5|legsl=0.4|tgt=None|sl=None|days=nonexpiry|vix=(-3.0, 3.0)",theta,1452,835,0.004239837805663946,0.05442733432735891,0.049065565587724014,-0.05581036106161419,0.24196111597621106,0.5034435261707989,-5.091470358129261
theta|butterfly4|entry=105|legsl=0.5|tgt=None|sl=None|days=all|vix=None,theta,2130,1180,0.0014351194303922577,0.05436057839238195,0.059172476140592845,-0.024728864240664117,0.16495351776524092,0.42018779342723006,-19.916138860797343
theta|butterfly4|entry=105|legsl=0.5|tgt=None|sl=None|days=nonexpiry|vix=None,theta,2090,1180,0.0014351194303922577,0.05436057839238195,0.059172476140592845,-0.004393311138272793,0.1521110188566286,0.4267942583732057,-17.185109810146987
"theta|butterfly6|entry=15|legsl=0.25|tgt=0.5|sl=1.0|days=all|vix=(-3.0, 3.0)",theta,1453,845,0.003261130979745198,0.05429746149106762,0.05002019184095863,0.024065839486140606,0.12654509096308741,0.4618031658637302,-15.00497678417563
"theta|butterfly6|entry=15|legsl=0.25|tgt=0.5|sl=1.0|days=nonexpiry|vix=(-3.0, 3.0)",theta,1453,845,0.003261130979745198,0.05429746149106762,0.05002019184095863,0.024065839486140606,0.12654509096308741,0.4618031658637302,-15.00497678417563
"theta|condor1_5|entry=15|legsl=0.4|tgt=0.5|sl=1.0|days=dte2|vix=(-3.0, 3.0)",theta,644,441,0.0038441607742511594,0.054274947394813866,0.05005008628750929,0.04949597391399063,0.04486948599908791,0.5481366459627329,-0.22585936985989263
"theta|butterfly4|entry=105|legsl=0.4|tgt=None|sl=None|days=nonexpiry|vix=(-3.0, 3.0)",theta,1391,791,0.0022995226840770207,0.0541873728806459,0.05005927629259388,-0.02004818469364955,0.20650362156190705,0.4306254493170381,-16.016040235368614
"theta|butterfly4|entry=105|legsl=0.4|tgt=None|sl=None|days=all|vix=(-3.0, 3.0)",theta,1419,791,0.0022995226840770207,0.0541873728806459,0.05005927629259388,-0.04469578194066193,0.22478274501042161,0.42283298097251587,-19.82933033196763
"theta|straddle|entry=5|legsl=0.25|tgt=0.5|sl=1.0|days=all|vix=(-3.0, 3.0)",theta,1711,991,0.10090191623030725,0.05415474819525379,0.05308856436058185,0.01930655625342781,0.07616027469366016,0.49327878433664524,3.493438195480018
"theta|straddle|entry=5|legsl=0.4|tgt=None|sl=None|days=all|vix=(-3.0, 3.0)",theta,1711,991,0.09105994194301709,0.05413199284225079,0.049963528145440916,0.023633293243815467,0.06703957580727216,0.5160724722384571,4.243987383302818
theta|butterfly4|entry=105|legsl=0.5|tgt=None|sl=None|days=dte2|vix=None,theta,902,563,0.0020145792523262743,0.0541167084542622,0.049601184704223145,0.03352874766836211,0.04140732418695847,0.4844789356984479,-10.46038350328436
dir|buy_atm|signal=open_direction|tgt=0.5|sl=0.3|days=all,directional,2495,1440,0.005103276947748319,0.05406769991279048,0.04994847637894939,0.03788349035490435,0.0384072165091095,0.42324649298597194,-10.385699775868762
theta|butterfly4|entry=105|legsl=0.5|tgt=0.5|sl=1.0|days=dte2|vix=None,theta,902,563,0.0019166490868839264,0.05384733712473988,0.04949549704554623,0.06046496167658111,0.042787855440001854,0.5365853658536586,0.1707751038792097
dir|debit_spread|signal=bb_fade|tgt=None|sl=None|days=nonexpiry,directional,2052,1162,0.0034509437444097853,0.05377932441186539,0.049512351128304766,0.023995803762187018,0.1974981663326546,0.3840155945419103,-11.375199516551536
"theta|butterfly6|entry=15|legsl=0.25|tgt=None|sl=None|days=nonexpiry|vix=(-3.0, 3.0)",theta,1453,845,0.003281729121417763,0.05327361465817426,0.050005331860878965,0.02262364418011309,0.13094237356365823,0.44872677219545765,-14.798127107018619
"theta|butterfly6|entry=15|legsl=0.25|tgt=None|sl=None|days=all|vix=(-3.0, 3.0)",theta,1453,845,0.003281729121417763,0.05327361465817426,0.050005331860878965,0.02262364418011309,0.13094237356365823,0.44872677219545765,-14.798127107018619
theta|butterfly6|entry=105|legsl=None|tgt=None|sl=None|days=dte2|vix=None,theta,862,563,0.004672196733305273,0.05324383397033294,0.05060561608095748,0.0474865727762821,0.03847028056119162,0.46983758700696054,-11.477021459913585
theta|condor1_5|entry=105|legsl=None|tgt=0.5|sl=1.0|days=dte2|vix=None,theta,870,563,0.006341392266821305,0.05323017793897811,0.04939198589282723,0.05769006498351992,0.06746874772574063,0.4781609195402299,-10.767287402026955
theta|butterfly6|entry=105|legsl=None|tgt=0.5|sl=1.0|days=dte2|vix=None,theta,862,563,0.004682498059113197,0.05320202069758362,0.050646019112089435,0.04847905586673362,0.04013789068497953,0.46983758700696054,-10.535661448536228
"theta|condor1_5|entry=5|legsl=0.5|tgt=0.5|sl=1.0|days=all|vix=(-3.0, 3.0)",theta,1459,836,0.00354256885867604,0.05311461959993946,0.050021077127700986,-0.030932741856405155,0.25514016509530224,0.48046607265250174,-10.08500720450854
"theta|condor1_5|entry=5|legsl=0.5|tgt=0.5|sl=1.0|days=nonexpiry|vix=(-3.0, 3.0)",theta,1453,836,0.00354256885867604,0.05311461959993946,0.050021077127700986,-0.03337538346168234,0.2583307083310802,0.4783207157604955,-10.48452257635733
"theta|condor1_5|entry=105|legsl=0.5|tgt=0.5|sl=1.0|days=all|vix=(-3.0, 3.0)",theta,1396,791,0.003962318796131339,0.05304930582762868,0.050117374468357845,-0.06849843630561614,0.39478406459841897,0.4520057306590258,-10.724502429207991
"theta|condor1_5|entry=105|legsl=0.5|tgt=0.5|sl=1.0|days=nonexpiry|vix=(-3.0, 3.0)",theta,1391,791,0.003962318796131339,0.05304930582762868,0.050117374468357845,-0.06988278851186869,0.3949949765849293,0.45003594536304814,-10.977070892202379
"theta|butterfly6|entry=5|legsl=0.25|tgt=None|sl=None|days=dte2|vix=(-3.0, 3.0)",theta,646,440,0.0038913521920464805,0.05273867836863544,0.05001967074141633,0.023594144238775927,0.07053519500023608,0.4582043343653251,-12.918778572789476
dir|futures|signal=atr_roc|tgt=None|sl=None,futures,2555,1477,0.031482898862705264,0.0525292409976732,0.04999891091994879,0.033758658693569865,0.05484473466787099,0.5033268101761252,3.658317025440395
theta|butterfly4|entry=15|legsl=0.25|tgt=None|sl=None|days=all|vix=None,theta,2125,1180,0.0010436057444249188,0.05247076150152963,0.049813845431675,-0.033813217682613916,0.2344093919362229,0.42305882352941176,-17.81163264602494
theta|butterfly4|entry=15|legsl=0.25|tgt=None|sl=None|days=nonexpiry|vix=None,theta,2091,1180,0.0010436057444249188,0.05247076150152963,0.049813845431675,-0.03202135885329682,0.23235301418156384,0.42372070779531323,-17.690789188283194
dir|buy_atm|signal=vix_spike|tgt=0.5|sl=0.3|days=all,directional,296,160,0.01606576808675552,0.05245064531229815,0.04999979786158226,0.03785809700528264,0.02938060437343759,0.4527027027027027,0.2954377807153233
"theta|straddle|entry=5|legsl=0.25|tgt=None|sl=None|days=dte2|vix=(-3.0, 3.0)",theta,904,595,0.14404616778126483,0.052312483868848014,0.05094135332045813,0.006902753666907735,0.13290243544928748,0.4579646017699115,-0.6744948024405628
"theta|condor2_7|entry=105|legsl=0.25|tgt=0.5|sl=1.0|days=dte2|vix=(-3.0, 3.0)",theta,603,414,0.009344451632551579,0.05220644122068285,0.049992311669552425,0.044877937717432204,0.051807060683618844,0.582089552238806,3.4946564386125187
theta|condor1_5|entry=105|legsl=None|tgt=None|sl=None|days=dte2|vix=None,theta,870,563,0.006331462059209394,0.051776253362603386,0.0492830162940352,0.04755895227868545,0.07447599120442583,0.4689655172413793,-13.18661502128086
theta|condor2_7|entry=5|legsl=0.4|tgt=0.5|sl=1.0|days=all|vix=None,theta,2091,1180,0.003491940531362185,0.0515963988345578,0.05005958992482307,-0.07529585193827093,0.29475448466770016,0.5160210425633668,-5.829638885269597
theta|condor2_7|entry=5|legsl=0.4|tgt=0.5|sl=1.0|days=nonexpiry|vix=None,theta,2091,1180,0.003491940531362185,0.0515963988345578,0.05005958992482307,-0.07529585193827093,0.29475448466770016,0.5160210425633668,-5.829638885269597
"theta|straddle|entry=5|legsl=0.4|tgt=0.5|sl=1.0|days=all|vix=(-3.0, 3.0)",theta,1711,991,0.09100730180544937,0.051528988051084745,0.049961257475096055,0.021657498219631366,0.06698098462607593,0.5160724722384571,3.4811719155419203
dir|buy_atm|signal=gap_fade|tgt=None|sl=None|days=nonexpiry,directional,665,427,0.005238316592272134,0.051471356140548874,0.05005558883238559,0.06250796035704198,0.027378058322696797,0.43157894736842106,-1.280713474531819
"theta|butterfly4|entry=15|legsl=0.5|tgt=None|sl=None|days=dte2|vix=(-3.0, 3.0)",theta,666,441,0.0020969531118945214,0.0513923323682568,0.049966604670679926,0.05650503385699612,0.06559533308581178,0.47147147147147145,-13.468039129953631
"theta|butterfly4|entry=15|legsl=0.25|tgt=None|sl=None|days=nonexpiry|vix=(-3.0, 3.0)",theta,1454,846,0.0016043016725592525,0.05139054418259925,0.05185669099465717,-0.05522025314491252,0.31230130668871214,0.41815680880330125,-16.85821519447177
"theta|butterfly4|entry=15|legsl=0.25|tgt=None|sl=None|days=all|vix=(-3.0, 3.0)",theta,1481,846,0.0016043016725592525,0.05139054418259925,0.05185669099465717,-0.05898024904221777,0.32055882169313754,0.41661039837947333,-17.22859351228509
"theta|condor1_5|entry=105|legsl=0.25|tgt=0.5|sl=1.0|days=dte2|vix=(-3.0, 3.0)",theta,608,414,0.006059745396528689,0.051083333706683165,0.05000439375727839,0.07060507177428854,0.04651451929121231,0.5296052631578947,1.9481455171454276
"theta|butterfly6|entry=5|legsl=0.25|tgt=None|sl=None|days=all|vix=(-3.0, 3.0)",theta,1453,836,0.0022034384422337703,0.05089625885322735,0.051347611590726094,0.044044018733429224,0.05085107877201378,0.4439091534755678,-10.895009741745163
"theta|butterfly6|entry=5|legsl=0.25|tgt=None|sl=None|days=nonexpiry|vix=(-3.0, 3.0)",theta,1453,836,0.0022034384422337703,0.05089625885322735,0.051347611590726094,0.044044018733429224,0.05085107877201378,0.4439091534755678,-10.895009741745163
"theta|butterfly4|entry=15|legsl=None|tgt=None|sl=None|days=all|vix=(-3.0, 3.0)",theta,1481,846,0.0024989613863848005,0.050746861845529345,0.05001998327613377,-0.04337037982719083,0.42495978273756707,0.4071573261309926,-26.639959377598387
"theta|butterfly4|entry=15|legsl=None|tgt=None|sl=None|days=nonexpiry|vix=(-3.0, 3.0)",theta,1454,846,0.0024989613863848005,0.050746861845529345,0.05001998327613377,-0.05208076091269842,0.43551489465386095,0.39683631361760663,-29.516754678098337
"theta|butterfly4|entry=15|legsl=0.4|tgt=0.5|sl=1.0|days=nonexpiry|vix=(-3.0, 3.0)",theta,1454,846,0.0020762543623390065,0.05073449133682195,0.05000940108477481,0.048308672468631686,0.12172644794202969,0.45598349381017883,-14.972168133706358
"theta|butterfly4|entry=15|legsl=0.4|tgt=0.5|sl=1.0|days=all|vix=(-3.0, 3.0)",theta,1481,846,0.0020762543623390065,0.05073449133682195,0.05000940108477481,0.05510964311781996,0.12096011447840627,0.4659014179608373,-13.056570879087205
dir|buy_atm|signal=rsi_reversal|tgt=0.2|sl=0.2|days=all,directional,2473,1423,0.004717903672690484,0.05066712410363028,0.05032823577609957,0.03377955307262259,0.019654569230395547,0.5276991508289527,-4.455216872463138
"theta|butterfly4|entry=5|legsl=None|tgt=None|sl=None|days=all|vix=(-3.0, 3.0)",theta,1482,836,0.0017461987982461263,0.0506344982849829,0.04995165578958882,0.07348437244540906,0.0498097338183463,0.4224021592442645,-24.546160877965402
"theta|butterfly4|entry=5|legsl=None|tgt=None|sl=None|days=nonexpiry|vix=(-3.0, 3.0)",theta,1453,836,0.0017461987982461263,0.0506344982849829,0.04995165578958882,0.05627516002220001,0.04640886558046586,0.41087405368203717,-28.813422001549398
theta|butterfly4|entry=5|legsl=None|tgt=None|sl=None|days=dte2|vix=None,theta,895,562,0.001439052044738919,0.050560407544739006,0.05008411052159889,0.0681671191926756,0.02804377518006418,0.45027932960893857,-18.141604308788732
"theta|butterfly4|entry=105|legsl=0.5|tgt=0.5|sl=1.0|days=nonexpiry|vix=(-3.0, 3.0)",theta,1391,791,0.002103262527568662,0.05049636316216155,0.05168555820809173,-0.020952620148748657,0.176728213281644,0.4284687275341481,-15.511489965944975
"theta|butterfly4|entry=105|legsl=0.5|tgt=0.5|sl=1.0|days=all|vix=(-3.0, 3.0)",theta,1419,791,0.002103262527568662,0.05049636316216155,0.05168555820809173,-0.01845681954702527,0.17625354292944873,0.4383368569415081,-14.311516591974563
"theta|butterfly4|entry=105|legsl=0.4|tgt=0.5|sl=1.0|days=nonexpiry|vix=(-3.0, 3.0)",theta,1391,791,0.0024926488846188834,0.05041555906247819,0.05012153623507898,-0.01799450256925461,0.2195329438231104,0.4399712437095615,-14.59469274994454
"theta|butterfly4|entry=105|legsl=0.4|tgt=0.5|sl=1.0|days=all|vix=(-3.0, 3.0)",theta,1419,791,0.0024926488846188834,0.05041555906247819,0.05012153623507898,-0.014730077120242213,0.2189079533953252,0.4496124031007752,-13.400330920411536
dir|buy_atm|signal=vix_spike|tgt=None|sl=None|days=nonexpiry,directional,258,132,0.012513680830418396,0.05041324265675495,0.04968229655412615,0.04862533618891218,0.03610512881750849,0.4496124031007752,-3.0431167373361543
theta|straddle|entry=105|legsl=0.25|tgt=None|sl=None|days=expiry|vix=None,theta,348,218,0.343844602030659,0.050396316518698914,0.2076008172221574,0.11646092374650396,0.07660679491795463,0.5919540229885057,23.48309891595237
theta|condor1_5|entry=105|legsl=0.25|tgt=0.5|sl=1.0|days=nonexpiry|vix=None,theta,2090,1180,0.002215658253917657,0.050379914838181605,0.053229035230107136,-0.050902693426712275,0.3403018155863342,0.4645933014354067,-9.449500405648312
theta|condor1_5|entry=105|legsl=0.25|tgt=0.5|sl=1.0|days=all|vix=None,theta,2098,1180,0.002215658253917657,0.050379914838181605,0.053229035230107136,-0.049780006263530074,0.3392246851240971,0.46663489037178263,-9.178019060136682
"theta|butterfly4|entry=15|legsl=0.25|tgt=0.5|sl=1.0|days=nonexpiry|vix=(-3.0, 3.0)",theta,1454,846,0.002047203837471608,0.05034691817175818,0.05001005532688896,0.012072367460874922,0.14327863602151292,0.4511691884456671,-14.44768712127935
"theta|butterfly4|entry=15|legsl=0.25|tgt=0.5|sl=1.0|days=all|vix=(-3.0, 3.0)",theta,1481,846,0.002047203837471608,0.05034691817175818,0.05001005532688896,0.018153584341616735,0.1309104770818832,0.4611748818365969,-12.576410843554466
"theta|butterfly4|entry=15|legsl=None|tgt=None|sl=None|days=dte2|vix=(-3.0, 3.0)",theta,666,441,0.002485397894817088,0.050292790873749826,0.05010431658500647,0.0639986919700195,0.03883320194776574,0.43843843843843844,-19.674293556220174
"theta|straddle|entry=5|legsl=0.25|tgt=0.5|sl=1.0|days=dte2|vix=(-3.0, 3.0)",theta,904,595,0.1440196510417905,0.0502780191126746,0.05094456505995404,0.004672318432920042,0.13287005375362526,0.4579646017699115,-1.6069664125293537
"theta|condor1_5|entry=5|legsl=None|tgt=0.5|sl=1.0|days=nonexpiry|vix=(-3.0, 3.0)",theta,1453,836,0.005436610562349979,0.050196151101928876,0.04804576515181869,-0.10446653974066678,0.4320680767429257,0.41431520991052995,-20.21568213621071
"theta|condor1_5|entry=5|legsl=None|tgt=0.5|sl=1.0|days=all|vix=(-3.0, 3.0)",theta,1459,836,0.005436610562349979,0.050196151101928876,0.04804576515181869,-0.10095609538343009,0.42233048362300807,0.4167237834132968,-19.790492440107304
"theta|condor2_7|entry=105|legsl=None|tgt=None|sl=None|days=all|vix=(-3.0, 3.0)",theta,1391,791,0.00671424196724832,0.05017597271376628,0.05001516386148486,-0.10921236183089067,0.46789901526212296,0.5068296189791517,-9.790528460569428
"theta|condor2_7|entry=105|legsl=None|tgt=None|sl=None|days=nonexpiry|vix=(-3.0, 3.0)",theta,1391,791,0.00671424196724832,0.05017597271376628,0.05001516386148486,-0.10921236183089067,0.46789901526212296,0.5068296189791517,-9.790528460569428
dir|buy_otm1|signal=gap_follow|tgt=0.5|sl=0.3|days=nonexpiry,directional,665,427,0.011496465108980206,0.050148557609157374,0.04964511065513111,0.055165314942373866,0.028479242488189227,0.4556390977443609,-0.5464631996433776
theta|condor1_5|entry=5|legsl=None|tgt=0.5|sl=1.0|days=dte2|vix=None,theta,869,562,0.004165634849821695,0.05012147889177543,0.04932519298260862,0.0665680305319103,0.04307651081824204,0.47295742232451093,-10.930853086421555
"theta|butterfly4|entry=5|legsl=0.25|tgt=None|sl=None|days=dte2|vix=(-3.0, 3.0)",theta,675,440,0.0017213247721504117,0.05008924555546623,0.050204279129836826,0.024193169027698858,0.08745614019592862,0.4311111111111111,-14.74805025937717
"theta|butterfly4|entry=105|legsl=0.5|tgt=None|sl=None|days=all|vix=(-3.0, 3.0)",theta,1419,791,0.0017166597506766506,0.0500689284467446,0.04917638117047307,-0.03183695698555711,0.16010346061892844,0.41296687808315713,-19.653349991820306
"theta|butterfly4|entry=105|legsl=0.5|tgt=None|sl=None|days=nonexpiry|vix=(-3.0, 3.0)",theta,1391,791,0.0017166597506766506,0.0500689284467446,0.04917638117047307,-0.016641354679928888,0.14862576123758864,0.4205607476635514,-16.83981287269345
"theta|condor1_5|entry=5|legsl=0.5|tgt=None|sl=None|days=dte2|vix=(-3.0, 3.0)",theta,652,440,0.0037970289826030263,0.049900312427795246,0.05002467949438927,0.053997788617721865,0.0753357918226445,0.5,-4.1068811305748945
dir|buy_atm|signal=day_high_low_break|tgt=None|sl=None|days=nonexpiry,directional,1848,1041,0.00589250886091833,0.04971384723425576,0.04994768988777598,0.014187266449540381,0.0496914044994734,0.4199134199134199,-2.913900956777269
dir|futures|signal=rsi_momentum|tgt=1.0|sl=0.5,futures,2534,1464,0.04752762724227687,0.04963112364600408,0.050089439960788074,0.04184828831426035,0.048893899079299974,0.4447513812154696,5.255702446724536
dir|buy_atm|signal=ema9_21|tgt=None|sl=None|days=nonexpiry,directional,1927,1092,0.0017887785091246235,0.0495071474054849,0.050275778181634645,0.026280866976322148,0.00807989536935183,0.37259989621172807,-17.739725866688925
"theta|butterfly6|entry=105|legsl=0.25|tgt=None|sl=None|days=dte2|vix=(-3.0, 3.0)",theta,603,414,0.004754880967600775,0.04943970196187908,0.05022997780441729,0.03838441828489603,0.03436498847946268,0.5190713101160862,-2.7020209037281058
theta|straddle|entry=15|legsl=0.25|tgt=None|sl=None|days=dte2|vix=None,theta,1189,767,0.09180536759909508,0.0494250371994267,0.05043810762585299,-0.0006001912361125461,0.1308031997248692,0.48444070647603027,-1.989734882819548
theta|butterfly4|entry=5|legsl=0.5|tgt=None|sl=None|days=all|vix=None,theta,2124,1180,0.0007645610833044291,0.049395355220093196,0.05000690996970125,0.046335927903546015,0.07452970197096354,0.4491525423728814,-13.959474160013071
theta|butterfly4|entry=5|legsl=0.5|tgt=None|sl=None|days=nonexpiry|vix=None,theta,2091,1180,0.0007645610833044291,0.049395355220093196,0.05000690996970125,0.045296585734789785,0.07450360350031715,0.446676231468197,-14.529747332832155
theta|condor1_5|entry=5|legsl=0.5|tgt=0.5|sl=1.0|days=dte2|vix=None,theta,869,562,0.0033422651751790957,0.04934258900016153,0.05014840811139376,0.08710949773461407,0.05040850082273285,0.5304948216340621,1.1382376828429006
theta|butterfly4|entry=105|legsl=0.25|tgt=None|sl=None|days=all|vix=None,theta,2130,1180,0.001343590678120779,0.049267177980726995,0.07291015619137653,-0.04804547283468874,0.2529483076539343,0.4211267605633803,-19.56593870220014
theta|butterfly4|entry=105|legsl=0.25|tgt=None|sl=None|days=nonexpiry|vix=None,theta,2090,1180,0.001343590678120779,0.049267177980726995,0.07291015619137653,-0.016031760570270226,0.18698335694613466,0.42870813397129187,-15.269362710884405
theta|butterfly6|entry=15|legsl=0.4|tgt=0.5|sl=1.0|days=dte2|vix=None,theta,862,562,0.003166069783799445,0.04920503278110422,0.05000828760256426,0.060739099577790334,0.0349772388856846,0.5034802784222738,-6.131769777110469
"theta|butterfly4|entry=5|legsl=0.25|tgt=0.5|sl=1.0|days=nonexpiry|vix=(-3.0, 3.0)",theta,1453,836,0.0018230773812666877,0.04916786056491551,0.05001205839236966,0.03162523601910561,0.05910740211313159,0.45629731589814176,-14.103771562183928
"theta|butterfly4|entry=5|legsl=0.25|tgt=0.5|sl=1.0|days=all|vix=(-3.0, 3.0)",theta,1482,836,0.0018230773812666877,0.04916786056491551,0.05001205839236966,0.04322508093767219,0.0560705671679077,0.4669365721997301,-11.762746637560705
theta|straddle|entry=15|legsl=0.25|tgt=0.5|sl=1.0|days=dte2|vix=None,theta,1189,767,0.09274336973999195,0.04915846341533281,0.05046943714823571,-0.0016512237920389694,0.13249519152263656,0.48444070647603027,-2.269533015619321
theta|butterfly6|entry=15|legsl=0.4|tgt=None|sl=None|days=all|vix=None,theta,2090,1179,0.0018855905860373555,0.049134022969618885,0.05000863709181169,0.03783594448280847,0.1508633239901087,0.45502392344497605,-16.895895301893106
theta|butterfly6|entry=15|legsl=0.4|tgt=None|sl=None|days=nonexpiry|vix=None,theta,2090,1179,0.0018855905860373555,0.049134022969618885,0.05000863709181169,0.03783594448280847,0.1508633239901087,0.45502392344497605,-16.895895301893106
theta|butterfly6|entry=105|legsl=0.25|tgt=0.5|sl=1.0|days=dte2|vix=None,theta,862,563,0.0027956983150926045,0.04913286142990603,0.05084033915340924,0.05034341433181977,0.03083395194904137,0.5336426914153132,2.3853351713840696
"theta|butterfly6|entry=105|legsl=0.25|tgt=0.5|sl=1.0|days=dte2|vix=(-3.0, 3.0)",theta,603,414,0.004824399006281811,0.04892447373030473,0.05019343348546301,0.04183376067938127,0.040022910342347395,0.5290215588723052,-1.1775581071351153
"theta|condor2_7|entry=105|legsl=None|tgt=0.5|sl=1.0|days=all|vix=(-3.0, 3.0)",theta,1391,791,0.006702069310250816,0.04874360270296618,0.050000437688937804,-0.06403502916571968,0.3260090301730104,0.5068296189791517,-8.865714800560289
"theta|condor2_7|entry=105|legsl=None|tgt=0.5|sl=1.0|days=nonexpiry|vix=(-3.0, 3.0)",theta,1391,791,0.006702069310250816,0.04874360270296618,0.050000437688937804,-0.06403502916571968,0.3260090301730104,0.5068296189791517,-8.865714800560289
theta|straddle|entry=5|legsl=0.25|tgt=None|sl=None|days=all|vix=None,theta,2409,1377,0.06565796969991226,0.04873837509449874,0.050821409715662846,0.019782229328737744,0.06832552929672009,0.5002075550020756,4.620176814234313
theta|butterfly6|entry=105|legsl=0.25|tgt=None|sl=None|days=dte2|vix=None,theta,862,563,0.002804138399661876,0.04870783617858887,0.05008579127374302,0.048664094628473986,0.026488581063358163,0.5232018561484919,-0.15831534011735227
dir|buy_otm1|signal=rsi_reversal|tgt=0.5|sl=0.3|days=all,directional,2375,1354,0.005964242073142328,0.048686990586461754,0.05034396879609937,0.03706503332419575,0.051192211622488104,0.4282105263157895,-7.7708818119089225
"theta|butterfly4|entry=105|legsl=None|tgt=None|sl=None|days=dte2|vix=(-3.0, 3.0)",theta,631,414,0.003291546948973123,0.04858787944360832,0.0503445210200395,0.020484572180998306,0.04287335079496102,0.41679873217115687,-16.98840092688799
"theta|condor2_7|entry=105|legsl=0.25|tgt=0.5|sl=1.0|days=nonexpiry|vix=(-3.0, 3.0)",theta,1391,791,0.0056976425851634205,0.04851648370357631,0.050004548835514084,-0.056141018546282284,0.34883661433120594,0.5111430625449317,-4.99211017836996
"theta|condor2_7|entry=105|legsl=0.25|tgt=0.5|sl=1.0|days=all|vix=(-3.0, 3.0)",theta,1391,791,0.0056976425851634205,0.04851648370357631,0.050004548835514084,-0.056141018546282284,0.34883661433120594,0.5111430625449317,-4.99211017836996
longvol|long_straddle|signal=gap_follow|tgt=None|sl=None|days=all,longvol,734,473,0.008161808448840506,0.048380307456394656,0.04984402607523941,0.06489258081926197,0.01876685193609351,0.47956403269754766,-11.120697568629028
dir|futures|signal=gap_fade|tgt=0.5|sl=0.3,futures,804,522,0.11521940734667857,0.048258471658369606,0.0499612952228673,0.04805750177122925,0.03199309211045953,0.4228855721393035,8.673258706467829
"theta|butterfly4|entry=105|legsl=None|tgt=0.5|sl=1.0|days=dte2|vix=(-3.0, 3.0)",theta,631,414,0.003448008170032456,0.04816395819111685,0.050365247506105826,0.04863422977279974,0.03644151679699659,0.45641838351822506,-10.519508137434201
theta|butterfly4|entry=5|legsl=0.4|tgt=None|sl=None|days=dte2|vix=None,theta,895,562,0.0011965186737772665,0.04810098690853892,0.049998353218102976,0.06740100734807308,0.035966586525077116,0.46256983240223465,-6.246991066497908
theta|butterfly6|entry=15|legsl=0.25|tgt=0.5|sl=1.0|days=dte2|vix=None,theta,862,562,0.0032272540103785792,0.04779958256320249,0.050046829945656124,0.04745266646705959,0.0402836111176782,0.4965197215777262,-6.795770568974892
dir|buy_otm1|signal=vix_spike|tgt=0.2|sl=0.2|days=all,directional,284,151,0.022452884627466887,0.04768992885046308,0.05003244189762024,0.015115160806454808,0.04508233181435528,0.5211267605633803,-11.240474509252628
theta|butterfly4|entry=105|legsl=0.25|tgt=0.5|sl=1.0|days=nonexpiry|vix=None,theta,2090,1180,0.001750979726948505,0.047658475038204307,0.061726693302061264,-0.030495878994479142,0.24927010611140965,0.4449760765550239,-14.904108767579338
theta|butterfly4|entry=105|legsl=0.25|tgt=0.5|sl=1.0|days=all|vix=None,theta,2130,1180,0.001750979726948505,0.047658475038204307,0.061726693302061264,-0.0331960314246198,0.24850112067571595,0.45305164319248825,-14.073436577917441
dir|futures|signal=gap_fade|tgt=1.0|sl=0.5,futures,804,522,0.06515399934829962,0.047628415000737334,0.05007008772397925,0.05181822195123753,0.0306572818235058,0.42412935323383083,11.718967661691686
theta|straddle|entry=5|legsl=0.25|tgt=0.5|sl=1.0|days=all|vix=None,theta,2409,1377,0.06554394450958609,0.04761277605454195,0.05070250677176069,0.018358234121170325,0.06762881567978074,0.5002075550020756,4.189881711327266
theta|straddle|entry=105|legsl=None|tgt=None|sl=None|days=nonexpiry|vix=None,theta,2092,1181,0.05913879059983871,0.0475896092869974,0.04986093371860678,0.009894065221782933,0.03738449538997346,0.5234225621414914,1.6812222376836181
theta|butterfly4|entry=105|legsl=None|tgt=0.5|sl=1.0|days=dte2|vix=None,theta,902,563,0.002926191547173144,0.04752155951457904,0.051192905723737026,0.056874024079419216,0.038480188300411444,0.44789356984478934,-12.626333116319055
theta|butterfly4|entry=15|legsl=0.4|tgt=0.5|sl=1.0|days=dte2|vix=None,theta,896,562,0.002054406069655935,0.04746270581088008,0.0500044332843389,0.07046776268550725,0.04893091473960731,0.5122767857142857,-7.212723730006705
dir|futures|signal=orb|tgt=1.0|sl=0.5,futures,2555,1476,0.05936263912133416,0.047257643952876016,0.04989145863634459,0.038334596287866285,0.07209749121855469,0.44305283757338554,4.231467710371897
"theta|condor1_5|entry=105|legsl=0.5|tgt=None|sl=None|days=nonexpiry|vix=(-3.0, 3.0)",theta,1391,791,0.0035670039371984395,0.04715004719478877,0.05000211272309951,-0.07726107889403866,0.3554973050711885,0.4392523364485981,-12.282511211314434
"theta|condor1_5|entry=105|legsl=0.5|tgt=None|sl=None|days=all|vix=(-3.0, 3.0)",theta,1396,791,0.0035670039371984395,0.04715004719478877,0.05000211272309951,-0.08102264489292044,0.3561388971769023,0.4376790830945559,-12.73363503569334
"theta|straddle|entry=15|legsl=0.25|tgt=None|sl=None|days=dte2|vix=(-3.0, 3.0)",theta,891,590,0.20542465018976622,0.04708857458410165,0.08511691117674258,-0.04159774715719455,0.270914384561178,0.47474747474747475,-6.015108931053373
dir|buy_otm1|signal=vix_spike|tgt=0.5|sl=0.3|days=all,directional,284,151,0.013527760081056361,0.047010912056614895,0.04938165783107806,0.03923212837667345,0.02192956291331971,0.43661971830985913,-5.238081707081323
"theta|butterfly4|entry=105|legsl=0.5|tgt=0.5|sl=1.0|days=dte2|vix=(-3.0, 3.0)",theta,631,414,0.001934953255153976,0.046871209806415015,0.049905969986980936,0.05020696869836061,0.026661727370957955,0.5340729001584786,-1.193031941979777
theta|butterfly4|entry=15|legsl=0.25|tgt=0.5|sl=1.0|days=dte2|vix=None,theta,896,562,0.00202634933299226,0.04684225673425746,0.05000473020223306,0.05917062611313062,0.042360526459901404,0.5022321428571429,-5.902846966573508
"theta|butterfly4|entry=105|legsl=0.5|tgt=None|sl=None|days=dte2|vix=(-3.0, 3.0)",theta,631,414,0.0019626287752530893,0.04683411052081965,0.04990382504101443,0.029370751173650067,0.02784808995445842,0.48019017432646594,-11.519303896740446
theta|butterfly4|entry=105|legsl=None|tgt=None|sl=None|days=dte2|vix=None,theta,902,563,0.00277036409102236,0.04677543787211391,0.051274886456421975,0.021118953544776664,0.05257448880005566,0.41019955654101997,-20.248839913262696
theta|butterfly6|entry=5|legsl=0.25|tgt=None|sl=None|days=dte2|vix=None,theta,863,563,0.0028543718926356747,0.04671410623826522,0.05000135704564734,0.037776108502211914,0.04811946768717612,0.45886442641946695,-10.347759422179314
dir|buy_atm|signal=orb_reversal|tgt=0.2|sl=0.2|days=all,directional,2485,1423,0.006629101448181485,0.04669758378680111,0.04969790391032358,0.04399386890103574,0.030191856339163547,0.5364185110663984,-5.283766437875912
theta|condor1_5|entry=15|legsl=0.4|tgt=0.5|sl=1.0|days=dte2|vix=None,theta,869,562,0.0025756734932622415,0.04666405784258143,0.0503265614557834,0.05849858090550408,0.02758756668332507,0.5569620253164557,0.9615620001337579
"theta|butterfly6|entry=15|legsl=0.4|tgt=0.5|sl=1.0|days=nonexpiry|vix=(-3.0, 3.0)",theta,1453,845,0.0028215185816882703,0.04655836632841748,0.050009113867353405,0.05753764227467828,0.10556571535088011,0.465244322092223,-14.693263707348168
"theta|butterfly6|entry=15|legsl=0.4|tgt=0.5|sl=1.0|days=all|vix=(-3.0, 3.0)",theta,1453,845,0.0028215185816882703,0.04655836632841748,0.050009113867353405,0.05753764227467828,0.10556571535088011,0.465244322092223,-14.693263707348168
theta|condor2_7|entry=105|legsl=0.25|tgt=None|sl=None|days=dte2|vix=None,theta,862,563,0.005766220114959403,0.046510153695136,0.04955650724805116,0.0362525850626183,0.0518591260048471,0.5510440835266821,1.0594760638426284
"theta|straddle|entry=15|legsl=0.25|tgt=0.5|sl=1.0|days=dte2|vix=(-3.0, 3.0)",theta,891,590,0.20534532740283282,0.04649724929856536,0.08505507310368388,-0.04156779233282204,0.2708088877702559,0.47474747474747475,-6.117528647923715
theta|straddle|entry=5|legsl=0.4|tgt=None|sl=None|days=all|vix=None,theta,2409,1377,0.08505798468085352,0.04641964588456671,0.076408959117511,0.02269188559990387,0.1013004181964805,0.5043586550435866,4.2351649498272845
"theta|butterfly4|entry=5|legsl=0.25|tgt=None|sl=None|days=all|vix=(-3.0, 3.0)",theta,1482,836,0.0010580967506299988,0.046347473058382604,0.04999544602639128,0.029319213415252898,0.03369311218136761,0.42645074224021595,-13.551117303980353
"theta|butterfly4|entry=5|legsl=0.25|tgt=None|sl=None|days=nonexpiry|vix=(-3.0, 3.0)",theta,1453,836,0.0010580967506299988,0.046347473058382604,0.04999544602639128,0.026748085450210013,0.03221111711365732,0.42601514108740535,-14.292572824589243
dir|futures|signal=gap_fade|tgt=None|sl=None,futures,804,522,0.03281395126789993,0.04629900484249938,0.049903440601197335,0.04613231432764242,0.021640491434174014,0.513681592039801,11.654539800995154
"theta|butterfly4|entry=105|legsl=0.4|tgt=None|sl=None|days=dte2|vix=(-3.0, 3.0)",theta,631,414,0.002310555339701761,0.04624791210385992,0.049855510503688194,0.02228487923967859,0.05978545789848144,0.4786053882725832,-14.060221967029337
longvol|long_straddle|signal=gap_follow|tgt=0.3|sl=0.3|days=all,longvol,734,473,0.012741731540411316,0.046175668155797656,0.05045426178678336,0.05888156263513222,0.016533481109014647,0.5286103542234333,-19.330127393530244
"theta|butterfly4|entry=105|legsl=0.4|tgt=0.5|sl=1.0|days=dte2|vix=(-3.0, 3.0)",theta,631,414,0.002306070525486599,0.04611711215306391,0.049855679749880255,0.052462785547858326,0.04826664874515707,0.5356576862123613,-1.1286050665242995
theta|butterfly4|entry=105|legsl=0.25|tgt=0.5|sl=1.0|days=dte2|vix=None,theta,902,563,0.0019045322380379338,0.0460570215029763,0.05065906748862303,0.044085852469101905,0.0363946441910582,0.5022172949002217,-3.4777161502427165
theta|condor2_7|entry=15|legsl=None|tgt=0.5|sl=1.0|days=all|vix=None,theta,2090,1179,0.0046468933892926285,0.04595558645844999,0.05000643560374318,-0.049548215122474315,0.3681435997096979,0.49282296650717705,-12.808837235428502
theta|condor2_7|entry=15|legsl=None|tgt=0.5|sl=1.0|days=nonexpiry|vix=None,theta,2090,1179,0.0046468933892926285,0.04595558645844999,0.05000643560374318,-0.049548215122474315,0.3681435997096979,0.49282296650717705,-12.808837235428502
dir|buy_otm1|signal=open_direction|tgt=0.5|sl=0.3|days=all,directional,2406,1375,0.006036443717259327,0.045885734003421996,0.05043466345910452,0.03096248637091148,0.06249304829130653,0.41313383208645055,-11.586553974389437
theta|butterfly6|entry=105|legsl=None|tgt=None|sl=None|days=all|vix=None,theta,2090,1180,0.0032015469411754366,0.04587454194210738,0.04999923904033443,-0.024558273982124068,0.24688415892019888,0.41004784688995216,-22.386252063661104
theta|butterfly6|entry=105|legsl=None|tgt=None|sl=None|days=nonexpiry|vix=None,theta,2090,1180,0.0032015469411754366,0.04587454194210738,0.04999923904033443,-0.024558273982124068,0.24688415892019888,0.41004784688995216,-22.386252063661104
dir|futures|signal=rsi_momentum|tgt=None|sl=None,futures,2534,1464,0.02260143707702649,0.04585371850123754,0.05048400572822187,0.04561801553376066,0.021605642033295624,0.5126282557221784,5.712095501183942
"theta|condor2_7|entry=5|legsl=None|tgt=None|sl=None|days=all|vix=(-3.0, 3.0)",theta,1452,835,0.0058034108791834346,0.045819534423866104,0.050006706046830995,-0.11191327540046037,0.4308872653527356,0.49793388429752067,-14.653037153992486
"theta|condor2_7|entry=5|legsl=None|tgt=None|sl=None|days=nonexpiry|vix=(-3.0, 3.0)",theta,1452,835,0.0058034108791834346,0.045819534423866104,0.050006706046830995,-0.11191327540046037,0.4308872653527356,0.49793388429752067,-14.653037153992486
"theta|butterfly6|entry=105|legsl=0.25|tgt=None|sl=None|days=nonexpiry|vix=(-3.0, 3.0)",theta,1391,791,0.0027328385959632874,0.04579455117774445,0.05200129276716836,-0.01779141218177338,0.1985959366021235,0.4586628324946082,-13.607496114491564
"theta|butterfly6|entry=105|legsl=0.25|tgt=None|sl=None|days=all|vix=(-3.0, 3.0)",theta,1391,791,0.0027328385959632874,0.04579455117774445,0.05200129276716836,-0.01779141218177338,0.1985959366021235,0.4586628324946082,-13.607496114491564
"theta|condor1_5|entry=105|legsl=0.4|tgt=0.5|sl=1.0|days=dte2|vix=(-3.0, 3.0)",theta,608,414,0.004989249544665854,0.0456384365269209,0.04963742723259157,0.05340614910952901,0.07551660583619901,0.5394736842105263,-2.3515565867328534
"theta|straddle|entry=5|legsl=0.4|tgt=None|sl=None|days=dte2|vix=(-3.0, 3.0)",theta,904,595,0.13265241500557315,0.04534813436160334,0.08108921395626045,0.018455541480394633,0.1214680563251389,0.5022123893805309,0.4428348338999762
"theta|butterfly4|entry=15|legsl=0.4|tgt=None|sl=None|days=nonexpiry|vix=(-3.0, 3.0)",theta,1454,846,0.001311714234560888,0.04500119144602355,0.049927101925304584,-0.015338671578662977,0.2290148304808488,0.43535075653370015,-16.85501111597369
"theta|butterfly4|entry=15|legsl=0.4|tgt=None|sl=None|days=all|vix=(-3.0, 3.0)",theta,1481,846,0.001311714234560888,0.04500119144602355,0.049927101925304584,-0.019860357300519937,0.23681332708570402,0.4348413234301148,-17.554410499974633
theta|condor2_7|entry=15|legsl=0.5|tgt=0.5|sl=1.0|days=nonexpiry|vix=None,theta,2090,1179,0.003113733330127689,0.04495768799603361,0.05000525975729431,0.0039324089400343265,0.1952387389613529,0.5354066985645933,-3.0350058732957623
theta|condor2_7|entry=15|legsl=0.5|tgt=0.5|sl=1.0|days=all|vix=None,theta,2090,1179,0.003113733330127689,0.04495768799603361,0.05000525975729431,0.0039324089400343265,0.1952387389613529,0.5354066985645933,-3.0350058732957623
dir|futures|signal=day_high_low_break|tgt=0.5|sl=0.3,futures,2269,1320,0.08025487402268157,0.04494570846402102,0.04962836356855671,0.05093136831781386,0.04763734605302461,0.44601145879241955,6.303768179814837
"theta|butterfly6|entry=105|legsl=0.25|tgt=0.5|sl=1.0|days=nonexpiry|vix=(-3.0, 3.0)",theta,1391,791,0.003270416769848999,0.04493892455253978,0.05211985774453576,-0.023804415963353143,0.2389437877063495,0.46441409058231486,-13.607286870505726
"theta|butterfly6|entry=105|legsl=0.25|tgt=0.5|sl=1.0|days=all|vix=(-3.0, 3.0)",theta,1391,791,0.003270416769848999,0.04493892455253978,0.05211985774453576,-0.023804415963353143,0.2389437877063495,0.46441409058231486,-13.607286870505726
theta|butterfly4|entry=5|legsl=0.5|tgt=None|sl=None|days=dte2|vix=None,theta,895,562,0.0011961706914554134,0.044899524469922625,0.0499974177382152,0.06939226012416033,0.0360824196027929,0.4871508379888268,-8.291219770714907
"theta|condor2_7|entry=5|legsl=0.4|tgt=0.5|sl=1.0|days=nonexpiry|vix=(-3.0, 3.0)",theta,1452,835,0.003880912391357146,0.04468282367225496,0.0500106282573175,-0.059722341157728676,0.24705047006751102,0.5165289256198347,-7.238510295841439
"theta|condor2_7|entry=5|legsl=0.4|tgt=0.5|sl=1.0|days=all|vix=(-3.0, 3.0)",theta,1452,835,0.003880912391357146,0.04468282367225496,0.0500106282573175,-0.059722341157728676,0.24705047006751102,0.5165289256198347,-7.238510295841439
dir|buy_atm|signal=gap_follow|tgt=0.2|sl=0.2|days=all,directional,769,497,0.015079312073876808,0.04467846829775701,0.049833806742425435,0.0065919524987687605,0.10490086014956801,0.5045513654096229,-11.053571536612294
theta|butterfly6|entry=5|legsl=0.4|tgt=0.5|sl=1.0|days=all|vix=None,theta,2092,1181,0.0013238578357439826,0.04458467444905967,0.056673808990912455,0.06946337611022946,0.040163734000077334,0.4765774378585086,-5.923140030403767
theta|butterfly6|entry=5|legsl=0.4|tgt=0.5|sl=1.0|days=nonexpiry|vix=None,theta,2092,1181,0.0013238578357439826,0.04458467444905967,0.056673808990912455,0.06946337611022946,0.040163734000077334,0.4765774378585086,-5.923140030403767
theta|condor1_5|entry=5|legsl=0.4|tgt=0.5|sl=1.0|days=all|vix=None,theta,2098,1180,0.002106706589853019,0.04432064351544951,0.06330378710730389,-0.0008687652977701354,0.1920345033613261,0.4742612011439466,-9.227631021998922
theta|condor1_5|entry=5|legsl=0.4|tgt=0.5|sl=1.0|days=nonexpiry|vix=None,theta,2091,1180,0.002106706589853019,0.04432064351544951,0.06330378710730389,-0.0024516006206857233,0.19696360347867803,0.47250119560019127,-9.54639913867368
"theta|condor1_5|entry=105|legsl=0.4|tgt=None|sl=None|days=dte2|vix=(-3.0, 3.0)",theta,608,414,0.0057283681121541065,0.044307000647082706,0.0499781092892434,0.03415393008185541,0.07380849613557106,0.5115131578947368,-6.613110355280159
"theta|condor1_5|entry=105|legsl=None|tgt=0.5|sl=1.0|days=dte2|vix=(-3.0, 3.0)",theta,608,414,0.009285254629035008,0.04408376867468866,0.049922130404834286,0.05804020533530707,0.08411822511141076,0.48519736842105265,-9.279218636692354
dir|buy_otm1|signal=gap_follow|tgt=0.2|sl=0.2|days=all,directional,738,476,0.01155944565762853,0.0440045152188846,0.05030849398602688,0.0468717540080259,0.016858888437501163,0.556910569105691,-3.967355345438429
dir|credit_spread|signal=gap_follow|tgt=0.5|sl=0.3|days=nonexpiry,directional,665,427,0.004323841191428547,0.04354158881705872,0.05029334655172635,-0.12163997808044014,0.48432893260839394,0.3142857142857143,-7.603708039190536
"theta|condor2_7|entry=105|legsl=0.25|tgt=None|sl=None|days=nonexpiry|vix=(-3.0, 3.0)",theta,1391,791,0.005478503308442695,0.043430754772144864,0.05000611881579253,-0.08416722907037044,0.4397297822046219,0.49604601006470167,-6.417733744090238
"theta|condor2_7|entry=105|legsl=0.25|tgt=None|sl=None|days=all|vix=(-3.0, 3.0)",theta,1391,791,0.005478503308442695,0.043430754772144864,0.05000611881579253,-0.08416722907037044,0.4397297822046219,0.49604601006470167,-6.417733744090238
theta|straddle|entry=5|legsl=0.4|tgt=0.5|sl=1.0|days=all|vix=None,theta,2409,1377,0.08252019286721979,0.04326304102103373,0.07517148414213526,0.020445824742268748,0.09702148977196912,0.5043586550435866,3.6129964846044906
theta|straddle|entry=105|legsl=None|tgt=0.5|sl=1.0|days=nonexpiry|vix=None,theta,2092,1181,0.05313328182116273,0.043140099062549675,0.04906386735647461,0.009096998437600146,0.03329694974764308,0.5234225621414914,0.8610844736573342
dir|credit_spread|signal=day_high_low_break|tgt=0.5|sl=0.3|days=nonexpiry,directional,1847,1040,0.006131478424614763,0.043049917702676854,0.05059460182579956,0.068778561578974,0.10186586773765238,0.4136437466161343,-2.9777731421785094
theta|butterfly4|entry=105|legsl=0.25|tgt=None|sl=None|days=dte2|vix=None,theta,902,563,0.0015299973342739535,0.04294597013173562,0.050421010539871025,0.01010071649631783,0.05643951114857659,0.4445676274944568,-15.201752664600075
"theta|butterfly6|entry=15|legsl=0.4|tgt=None|sl=None|days=all|vix=(-3.0, 3.0)",theta,1453,845,0.002336994087702668,0.042897168050715084,0.05004361214396302,0.04953109419622326,0.09113981785306025,0.4569855471438403,-14.716108417098065
"theta|butterfly6|entry=15|legsl=0.4|tgt=None|sl=None|days=nonexpiry|vix=(-3.0, 3.0)",theta,1453,845,0.002336994087702668,0.042897168050715084,0.05004361214396302,0.04953109419622326,0.09113981785306025,0.4569855471438403,-14.716108417098065
"theta|condor1_5|entry=105|legsl=None|tgt=None|sl=None|days=dte2|vix=(-3.0, 3.0)",theta,608,414,0.009286019523326049,0.04278191044488433,0.049934532570269474,0.04792157353018034,0.09073109247124023,0.4769736842105263,-11.162712266911802
"theta|butterfly4|entry=105|legsl=0.25|tgt=0.5|sl=1.0|days=dte2|vix=(-3.0, 3.0)",theta,631,414,0.0026130344916165896,0.04269192148447276,0.04989213754905497,0.04021816433320935,0.030480987990128217,0.48335974643423135,-4.771343762031453
"theta|condor2_7|entry=15|legsl=0.5|tgt=0.5|sl=1.0|days=dte2|vix=(-3.0, 3.0)",theta,639,441,0.004164968523173144,0.04261404035502259,0.049952246245940524,0.04874576858576951,0.012555169963511692,0.6087636932707355,5.4105450958733625
theta|straddle|entry=5|legsl=0.25|tgt=None|sl=None|days=dte2|vix=None,theta,1180,759,0.10246408351978332,0.04253754490503048,0.049846375898789486,0.012880491137445382,0.09572412561292631,0.4652542372881356,-1.1769792916745507
"theta|condor1_5|entry=105|legsl=0.4|tgt=None|sl=None|days=all|vix=(-3.0, 3.0)",theta,1396,791,0.003030140850553409,0.04247038921919355,0.05000231652024578,-0.06175706655559332,0.34017052776467616,0.44054441260744986,-12.599763650525983
"theta|condor1_5|entry=105|legsl=0.4|tgt=None|sl=None|days=nonexpiry|vix=(-3.0, 3.0)",theta,1391,791,0.003030140850553409,0.04247038921919355,0.05000231652024578,-0.05750032046558262,0.3394541447576982,0.4421279654924515,-12.006510216089197
"theta|condor2_7|entry=15|legsl=None|tgt=0.5|sl=1.0|days=all|vix=(-3.0, 3.0)",theta,1453,845,0.004710142533948863,0.04234007010285956,0.05002395128572856,-0.049472627248680734,0.27405351223362073,0.5182381280110117,-10.705348584569084
"theta|condor2_7|entry=15|legsl=None|tgt=0.5|sl=1.0|days=nonexpiry|vix=(-3.0, 3.0)",theta,1453,845,0.004710142533948863,0.04234007010285956,0.05002395128572856,-0.049472627248680734,0.27405351223362073,0.5182381280110117,-10.705348584569084
theta|strangle2|entry=5|legsl=None|tgt=None|sl=None|days=expiry|vix=None,theta,152,70,0.5252173759245286,0.042139299637002914,0.05837384798177214,0.12700575943312176,0.06454326801337151,0.6578947368421053,35.875484510402636
dir|credit_spread|signal=gap_follow|tgt=0.5|sl=0.3|days=all,directional,707,452,0.00428992432676492,0.04212881060136997,0.05032002172111938,-0.11958477946532409,0.47911648422927167,0.31683168316831684,-7.489782071765696
theta|butterfly6|entry=15|legsl=None|tgt=None|sl=None|days=nonexpiry|vix=None,theta,2090,1179,0.002117486391303154,0.04194895563756118,0.05000866978931051,0.038409283711405395,0.13195714444058015,0.4090909090909091,-32.62471228312904
theta|butterfly6|entry=15|legsl=None|tgt=None|sl=None|days=all|vix=None,theta,2090,1179,0.002117486391303154,0.04194895563756118,0.05000866978931051,0.038409283711405395,0.13195714444058015,0.4090909090909091,-32.62471228312904
theta|condor1_5|entry=15|legsl=0.25|tgt=0.5|sl=1.0|days=dte2|vix=None,theta,869,562,0.0026566706210768057,0.04190433047575337,0.05001787558466031,0.03047643599775407,0.04316151996749884,0.520138089758343,-1.6556132408006052
"theta|straddle|entry=5|legsl=0.4|tgt=0.5|sl=1.0|days=dte2|vix=(-3.0, 3.0)",theta,904,595,0.1342774241767157,0.04169018943948033,0.0874553486303622,0.015374008012975615,0.12350898660755927,0.5022123893805309,-1.00094532687314
theta|butterfly4|entry=5|legsl=0.25|tgt=None|sl=None|days=dte2|vix=None,theta,895,562,0.0011981150334413944,0.04163306142708345,0.04999856955824866,0.04180269137905457,0.042717200206943806,0.42905027932960893,-12.527643160897533
theta|butterfly6|entry=15|legsl=0.25|tgt=None|sl=None|days=dte2|vix=None,theta,862,562,0.0033204607072262467,0.041395699851889844,0.050010297064975284,0.028841485377407494,0.0715849691685474,0.4756380510440835,-12.6133429411842
theta|butterfly4|entry=5|legsl=0.4|tgt=None|sl=None|days=all|vix=None,theta,2124,1180,0.0005989341292367467,0.04102552289884964,0.050055657927945085,0.04336021258028633,0.06377547463704714,0.4430320150659134,-10.532312964116311
theta|butterfly4|entry=5|legsl=0.4|tgt=None|sl=None|days=nonexpiry|vix=None,theta,2091,1180,0.0005989341292367467,0.04102552289884964,0.050055657927945085,0.043959883880956285,0.06335291758227868,0.44237207077953133,-10.586019385805956
"theta|condor1_5|entry=5|legsl=0.4|tgt=None|sl=None|days=nonexpiry|vix=(-3.0, 3.0)",theta,1453,836,0.0023328452308172018,0.040921339570675785,0.05000696586234821,-0.017275342509807556,0.1998493670449747,0.4542326221610461,-9.952696211688464
"theta|condor1_5|entry=5|legsl=0.4|tgt=None|sl=None|days=all|vix=(-3.0, 3.0)",theta,1459,836,0.0023328452308172018,0.040921339570675785,0.05000696586234821,-0.015468268544544528,0.19594322220875826,0.4544208361891707,-9.703964564682432
theta|straddle|entry=5|legsl=0.25|tgt=0.5|sl=1.0|days=dte2|vix=None,theta,1180,759,0.10237369255119315,0.040879182851954576,0.049844583368108264,0.011294843988305603,0.09560946234306766,0.4652542372881356,-1.9363882449714866
longvol|long_strangle2|signal=vix_spike|tgt=0.6|sl=0.4|days=all,longvol,269,138,0.023284821508665517,0.04068932790306845,0.04703265412075619,0.026701565023152796,0.0616750932959087,0.38661710037174724,-20.63143111782003
theta|condor2_7|entry=5|legsl=0.5|tgt=0.5|sl=1.0|days=all|vix=None,theta,2091,1180,0.0026075923866388166,0.04060395711780562,0.052494623961048426,-0.048430822969924736,0.22091302961470216,0.5179340028694405,-6.250845123584688
theta|condor2_7|entry=5|legsl=0.5|tgt=0.5|sl=1.0|days=nonexpiry|vix=None,theta,2091,1180,0.0026075923866388166,0.04060395711780562,0.052494623961048426,-0.048430822969924736,0.22091302961470216,0.5179340028694405,-6.250845123584688
dir|buy_otm1|signal=day_high_low_break|tgt=None|sl=None|days=nonexpiry,directional,1848,1041,0.004812653280326909,0.04033194423539954,0.05009248443986858,0.011186067894060514,0.0481420164859655,0.3906926406926407,-4.228748598072951
"theta|condor2_7|entry=15|legsl=0.4|tgt=0.5|sl=1.0|days=dte2|vix=(-3.0, 3.0)",theta,639,441,0.004363219522259305,0.04031287381518034,0.04991921408830258,0.035198428851181296,0.04582957581116487,0.5899843505477308,3.180256715080034
"theta|straddle|entry=5|legsl=0.5|tgt=None|sl=None|days=all|vix=(-3.0, 3.0)",theta,1711,991,0.11108379335414863,0.040262488318937084,0.098807934813117,0.021295254164769295,0.06991866863814766,0.5125657510227937,1.4178280269739951
dir|futures|signal=gap_follow|tgt=0.5|sl=0.3,futures,804,522,0.09239340029362225,0.04016251282165384,0.049600128466829374,0.027400805449246723,0.054512085709500946,0.417910447761194,-0.9600124378111833
"theta|straddle|entry=15|legsl=None|tgt=None|sl=None|days=all|vix=(-3.0, 3.0)",theta,1706,995,0.040388280505758684,0.0401205867328569,0.04503616903764884,0.03627590635297562,0.01866174107866503,0.5638921453692849,8.356897923596442
"theta|condor1_5|entry=5|legsl=None|tgt=None|sl=None|days=all|vix=(-3.0, 3.0)",theta,1459,836,0.003966195383562951,0.040013549922873315,0.04995924440526445,-0.0756921757173008,0.336238060774148,0.4174091843728581,-21.932393868968777
"theta|condor1_5|entry=5|legsl=None|tgt=None|sl=None|days=nonexpiry|vix=(-3.0, 3.0)",theta,1453,836,0.003966195383562951,0.040013549922873315,0.04995924440526445,-0.08299270359674149,0.3578404413823042,0.4150034411562285,-22.976133771652368
theta|butterfly6|entry=5|legsl=0.5|tgt=0.5|sl=1.0|days=nonexpiry|vix=None,theta,2092,1181,0.0012489295681005741,0.03985202895242579,0.05650978506919613,0.06051373820923711,0.040124960711196866,0.4694072657743786,-9.599888224231009
theta|butterfly6|entry=5|legsl=0.5|tgt=0.5|sl=1.0|days=all|vix=None,theta,2092,1181,0.0012489295681005741,0.03985202895242579,0.05650978506919613,0.06051373820923711,0.040124960711196866,0.4694072657743786,-9.599888224231009
"theta|condor2_7|entry=15|legsl=0.5|tgt=0.5|sl=1.0|days=all|vix=(-3.0, 3.0)",theta,1453,845,0.003935209978244779,0.03973455975972451,0.05000531602563829,-0.015310149992445732,0.2048127122301211,0.5354439091534756,-3.783557053455961
"theta|condor2_7|entry=15|legsl=0.5|tgt=0.5|sl=1.0|days=nonexpiry|vix=(-3.0, 3.0)",theta,1453,845,0.003935209978244779,0.03973455975972451,0.05000531602563829,-0.015310149992445732,0.2048127122301211,0.5354439091534756,-3.783557053455961
theta|condor2_7|entry=15|legsl=0.4|tgt=0.5|sl=1.0|days=all|vix=None,theta,2090,1179,0.003220799306993193,0.03965503834966344,0.05000504897131253,-0.0021548901702896917,0.22807190492197627,0.5334928229665071,-2.7738092166578756
theta|condor2_7|entry=15|legsl=0.4|tgt=0.5|sl=1.0|days=nonexpiry|vix=None,theta,2090,1179,0.003220799306993193,0.03965503834966344,0.05000504897131253,-0.0021548901702896917,0.22807190492197627,0.5334928229665071,-2.7738092166578756
theta|butterfly6|entry=15|legsl=0.4|tgt=None|sl=None|days=dte2|vix=None,theta,862,562,0.0027578863770080157,0.03960806045154874,0.04997440054444213,0.05387169692916971,0.05642302736833249,0.48491879350348027,-10.204457836432683
dir|debit_spread|signal=bb_breakout|tgt=None|sl=None|days=nonexpiry,directional,2052,1162,0.0034258330132624576,0.03952876074346867,0.04155481365820968,0.04905060681873907,0.11956138403065175,0.37962962962962965,-8.738521773517714
theta|strangle2|entry=105|legsl=0.5|tgt=None|sl=None|days=expiry|vix=None,theta,184,88,0.20763557996208426,0.039527507777568305,0.06802577698325896,0.1338486617334982,0.05143181877390701,0.7010869565217391,79.76671680565501
"theta|butterfly4|entry=105|legsl=None|tgt=0.5|sl=1.0|days=nonexpiry|vix=(-3.0, 3.0)",theta,1391,791,0.0028601518378705204,0.0395038603433453,0.049996112619488886,-0.044395352616832806,0.2471489885601471,0.38317757009345793,-22.587995037327865
"theta|butterfly4|entry=105|legsl=None|tgt=0.5|sl=1.0|days=all|vix=(-3.0, 3.0)",theta,1419,791,0.0028601518378705204,0.0395038603433453,0.049996112619488886,-0.04063766828141635,0.2452995936637531,0.3939393939393939,-21.245737931254343
theta|butterfly4|entry=15|legsl=0.25|tgt=None|sl=None|days=dte2|vix=None,theta,896,562,0.0016901484965967193,0.03941862008606578,0.05010260355246676,0.0278400856709915,0.09095048373495629,0.4341517857142857,-19.220434444764102
"theta|butterfly4|entry=105|legsl=None|tgt=None|sl=None|days=nonexpiry|vix=(-3.0, 3.0)",theta,1391,791,0.0028598720871705575,0.0394052709607462,0.049995123616799586,-0.047151357155339135,0.2525626076206161,0.38317757009345793,-23.787736107826365
"theta|butterfly4|entry=105|legsl=None|tgt=None|sl=None|days=all|vix=(-3.0, 3.0)",theta,1419,791,0.0028598720871705575,0.0394052709607462,0.049995123616799586,-0.06668907704847726,0.29764719426285235,0.3763213530655391,-25.63646087411069
dir|buy_otm1|signal=open_direction|tgt=None|sl=None|days=all,directional,2406,1375,0.0034385209971326976,0.03938363672489009,0.049637158379799096,0.0245072197281595,0.03075332992703994,0.35286783042394015,-16.743216369229362
"theta|straddle|entry=15|legsl=0.5|tgt=None|sl=None|days=all|vix=(-3.0, 3.0)",theta,1706,995,0.07229969781584562,0.03922923862841432,0.05044058300876075,0.01150056607827854,0.09391617635400651,0.5263774912075029,0.5576464376969431
"theta|condor2_7|entry=5|legsl=None|tgt=0.5|sl=1.0|days=nonexpiry|vix=(-3.0, 3.0)",theta,1452,835,0.004738434140816405,0.03921312787671494,0.05001342468245451,-0.08769449640032667,0.354683619523645,0.4972451790633609,-13.922992549290788
"theta|condor2_7|entry=5|legsl=None|tgt=0.5|sl=1.0|days=all|vix=(-3.0, 3.0)",theta,1452,835,0.004738434140816405,0.03921312787671494,0.05001342468245451,-0.08769449640032667,0.354683619523645,0.4972451790633609,-13.922992549290788
dir|futures|signal=vix_spike|tgt=1.0|sl=0.5,futures,307,163,0.0961366562103894,0.03913888736981974,0.051796536990923125,0.03400394990081468,0.03146851359190572,0.4006514657980456,-3.950814332247556
"theta|butterfly6|entry=5|legsl=0.4|tgt=None|sl=None|days=nonexpiry|vix=(-3.0, 3.0)",theta,1453,836,0.0012840534961266906,0.03913051335205964,0.050001682396607294,0.04758868226315238,0.03521063398827162,0.4803854094975912,-7.312995547440109
"theta|butterfly6|entry=5|legsl=0.4|tgt=None|sl=None|days=all|vix=(-3.0, 3.0)",theta,1453,836,0.0012840534961266906,0.03913051335205964,0.050001682396607294,0.04758868226315238,0.03521063398827162,0.4803854094975912,-7.312995547440109
"theta|condor1_5|entry=105|legsl=0.25|tgt=None|sl=None|days=all|vix=(-3.0, 3.0)",theta,1396,791,0.003641387725664962,0.039028967266417025,0.050000718815923606,-0.06457493315826401,0.40234699207959745,0.4362464183381089,-12.367643898849504
"theta|condor1_5|entry=105|legsl=0.25|tgt=None|sl=None|days=nonexpiry|vix=(-3.0, 3.0)",theta,1391,791,0.003641387725664962,0.039028967266417025,0.050000718815923606,-0.05554421166135315,0.4010321151989943,0.4378145219266715,-11.43069898085694
theta|condor2_7|entry=15|legsl=0.5|tgt=0.5|sl=1.0|days=dte2|vix=None,theta,862,562,0.0040885142570290176,0.03881577266803471,0.04990385934803665,0.06553900250114353,0.037580187974336376,0.6206496519721578,7.4433927354250295
"theta|strangle2|entry=5|legsl=None|tgt=None|sl=None|days=expiry|vix=(-3.0, 3.0)",theta,125,57,0.6290019772776254,0.03861433322829022,0.05885247133049121,0.1285513762485555,0.06999155779223709,0.672,35.74055368369257
dir|buy_atm|signal=vix_spike|tgt=0.5|sl=0.3|days=nonexpiry,directional,258,132,0.019608024114154333,0.03840185906338167,0.04378359379361196,0.039959753761829475,0.025195742170602387,0.4263565891472868,-3.9130443562648085
dir|buy_atm|signal=vix_spike|tgt=0.2|sl=0.2|days=all,directional,296,160,0.01758885505557591,0.03778395292362324,0.049916981289213846,0.019527575296105715,0.035255953950605434,0.5033783783783784,-10.857982845821898
"theta|straddle|entry=15|legsl=None|tgt=0.5|sl=1.0|days=dte2|vix=(-3.0, 3.0)",theta,891,590,0.0551766797043611,0.037730157134237885,0.052460453345096414,0.01825187699967712,0.05927846364204237,0.574635241301908,-3.648446864145237
theta|condor2_7|entry=15|legsl=0.4|tgt=0.5|sl=1.0|days=dte2|vix=None,theta,862,562,0.004434957049186002,0.03767080573763004,0.049996881368024826,0.058364316083886925,0.03401349441533297,0.6044083526682135,6.443777987420883
"theta|condor1_5|entry=105|legsl=0.4|tgt=0.5|sl=1.0|days=nonexpiry|vix=(-3.0, 3.0)",theta,1391,791,0.0026496676632292173,0.037562686938090284,0.0500165337802978,-0.0405142440808155,0.31408219315487806,0.4543493889288282,-11.446752783038052
"theta|condor1_5|entry=105|legsl=0.4|tgt=0.5|sl=1.0|days=all|vix=(-3.0, 3.0)",theta,1396,791,0.0026496676632292173,0.037562686938090284,0.0500165337802978,-0.03962443845696417,0.31394221982547554,0.45630372492836674,-11.19250207831431
"theta|straddle|entry=15|legsl=0.4|tgt=None|sl=None|days=all|vix=(-3.0, 3.0)",theta,1706,995,0.07266891220058283,0.037517961493303664,0.04999998423105967,0.001999579327470302,0.10204835021971836,0.5252051582649473,-1.1342527529874458
dir|buy_otm1|signal=rsi_momentum|tgt=0.5|sl=0.3|days=all,directional,2388,1365,0.007054696967976814,0.03747217052827345,0.04864284096621008,0.031793243036680296,0.05990916766146692,0.41331658291457285,-9.723305150524057
"theta|straddle|entry=15|legsl=0.5|tgt=0.5|sl=1.0|days=all|vix=(-3.0, 3.0)",theta,1706,995,0.07230989453790619,0.03733897673537445,0.05048809250395714,0.01137001925335146,0.09376734519800345,0.5263774912075029,0.2129723434174287
"theta|condor1_5|entry=15|legsl=0.5|tgt=None|sl=None|days=dte2|vix=(-3.0, 3.0)",theta,644,441,0.0016583249568650638,0.03724997537959074,0.04997352789296927,0.04581363780574166,0.024102242701222965,0.5186335403726708,-1.2752724438575502
dir|buy_otm1|signal=rsi_reversal|tgt=0.2|sl=0.2|days=all,directional,2375,1354,0.00869266565261832,0.037246058342545796,0.049858640622589157,0.028063956746499974,0.03295241336427557,0.5301052631578947,-4.292517326371042
theta|straddle|entry=105|legsl=0.25|tgt=0.5|sl=1.0|days=expiry|vix=None,theta,348,218,0.3466731493042047,0.037082914560761626,0.2163072348666627,0.09926334825117067,0.07745620566042888,0.5919540229885057,16.934585952334015
"theta|butterfly6|entry=15|legsl=0.4|tgt=0.5|sl=1.0|days=dte2|vix=(-3.0, 3.0)",theta,639,441,0.0025310834254402247,0.037049248690774084,0.05010585065323381,0.04257283773939213,0.020537358885655888,0.486697965571205,-10.206017600141106
theta|butterfly4|entry=15|legsl=0.4|tgt=None|sl=None|days=dte2|vix=None,theta,896,562,0.0013743873065367833,0.036782966293039454,0.050032880815850334,0.04903948604417607,0.061936251771736006,0.45870535714285715,-17.53284346081393
theta|butterfly6|entry=5|legsl=0.25|tgt=0.5|sl=1.0|days=nonexpiry|vix=None,theta,2092,1181,0.0012798864280454685,0.03670780991205147,0.05135487397947536,0.04118482279826452,0.04863267507198177,0.4612810707456979,-8.375012477985196
theta|butterfly6|entry=5|legsl=0.25|tgt=0.5|sl=1.0|days=all|vix=None,theta,2092,1181,0.0012798864280454685,0.03670780991205147,0.05135487397947536,0.04118482279826452,0.04863267507198177,0.4612810707456979,-8.375012477985196
"theta|condor2_7|entry=105|legsl=0.25|tgt=None|sl=None|days=dte2|vix=(-3.0, 3.0)",theta,603,414,0.007128967965252682,0.03664480558628758,0.05054945698554725,0.03712073471937072,0.0377162258524657,0.5572139303482587,-0.8965911017803648
dir|futures|signal=vix_spike|tgt=0.5|sl=0.3,futures,307,163,0.18299133316820962,0.036634536653837646,0.051578782851442795,0.02984419329048138,0.05649406419378489,0.3973941368078176,-3.029153094462377
"theta|butterfly4|entry=105|legsl=0.25|tgt=None|sl=None|days=dte2|vix=(-3.0, 3.0)",theta,631,414,0.0016723559778195926,0.03659458336106747,0.04968306824567692,0.012679728047084282,0.033637047530679975,0.41996830427892234,-19.249375851360917
"theta|condor1_5|entry=5|legsl=0.4|tgt=0.5|sl=1.0|days=dte2|vix=(-3.0, 3.0)",theta,652,440,0.00372876003590426,0.03658896386621957,0.05000041236501229,0.05800436229260253,0.04216616788663419,0.5214723926380368,-3.153143180377418
theta|butterfly4|entry=105|legsl=None|tgt=0.5|sl=1.0|days=nonexpiry|vix=None,theta,2090,1180,0.002312022650160727,0.03651267503450262,0.049975738913654366,-0.035037365835624446,0.2742583679543168,0.38181818181818183,-23.645753909917396
theta|butterfly4|entry=105|legsl=None|tgt=0.5|sl=1.0|days=all|vix=None,theta,2130,1180,0.002312022650160727,0.03651267503450262,0.049975738913654366,-0.030394133934653844,0.27027555954396343,0.392018779342723,-22.32216092939654
dir|buy_otm1|signal=vix_spike|tgt=None|sl=None|days=nonexpiry,directional,258,132,0.01186692375250167,0.03640024385998841,0.04946066404325333,0.041094307395229235,0.034899397720903114,0.41472868217054265,-7.616771031682807
"theta|straddle|entry=5|legsl=0.5|tgt=0.5|sl=1.0|days=all|vix=(-3.0, 3.0)",theta,1711,991,0.11153852244825567,0.03627002862364659,0.10303736358136784,0.01828669100178404,0.07133612799111888,0.5125657510227937,0.5931771678045114
dir|futures|signal=linreg_slope|tgt=1.0|sl=0.5,futures,2557,1478,0.038939468343159665,0.03615062175095285,0.049805566937507484,0.02092376431360643,0.028163109507705286,0.449745795854517,-2.820590535784213
dir|futures|signal=orb_reversal|tgt=None|sl=None,futures,2555,1476,0.017059016388667005,0.03608984209756083,0.04979376165968108,0.03581032458775324,0.023167665169608997,0.5021526418786693,-1.5630724070450708
theta|condor1_5|entry=5|legsl=0.4|tgt=0.5|sl=1.0|days=dte2|vix=None,theta,869,562,0.0030822774551259057,0.03603433344088858,0.05084703744603214,0.07256533581272673,0.037745960768850506,0.5143843498273878,-2.342425067596152
dir|buy_otm1|signal=orb_reversal|tgt=None|sl=None|days=nonexpiry,directional,2090,1179,0.00348793591241308,0.03602097533786308,0.050040016335479165,0.02418444213141746,0.06782038103798893,0.3837320574162679,-13.484103218092303
"theta|straddle|entry=15|legsl=0.5|tgt=None|sl=None|days=dte2|vix=(-3.0, 3.0)",theta,891,590,0.09397184451448785,0.03596046323959068,0.05064323668544923,0.007097118675186476,0.1290404165054796,0.5263748597081931,-5.305980800505576
"theta|straddle|entry=15|legsl=0.4|tgt=0.5|sl=1.0|days=all|vix=(-3.0, 3.0)",theta,1706,995,0.0726634121963853,0.03594521104911519,0.049999984011335985,0.0020016630646293443,0.10203840431716882,0.5252051582649473,-1.4029297017248734
theta|condor2_7|entry=15|legsl=0.5|tgt=None|sl=None|days=all|vix=None,theta,2090,1179,0.0021700666695515405,0.03592108726347565,0.05002521934335602,-0.02953250684192743,0.2440606600575701,0.5215311004784688,-4.6890902041073765
theta|condor2_7|entry=15|legsl=0.5|tgt=None|sl=None|days=nonexpiry|vix=None,theta,2090,1179,0.0021700666695515405,0.03592108726347565,0.05002521934335602,-0.02953250684192743,0.2440606600575701,0.5215311004784688,-4.6890902041073765
dir|futures|signal=momentum_1m|tgt=1.0|sl=0.5,futures,2307,1361,0.056388968765045955,0.03589194425080011,0.04986799048366097,0.052433227063597654,0.04035859318453627,0.42999566536627654,5.426679670567854
theta|condor1_5|entry=105|legsl=None|tgt=0.5|sl=1.0|days=nonexpiry|vix=None,theta,2090,1180,0.0030457363244581442,0.03574797255072926,0.04905480686384478,-0.09177175288357298,0.4169628203445316,0.3990430622009569,-19.8534129921215
theta|condor1_5|entry=105|legsl=None|tgt=0.5|sl=1.0|days=all|vix=None,theta,2098,1180,0.0030457363244581442,0.03574797255072926,0.04905480686384478,-0.09020177895820003,0.4151926194663752,0.4013346043851287,-19.54327815605869
dir|buy_otm1|signal=vix_spike|tgt=0.2|sl=0.2|days=nonexpiry,directional,258,132,0.022345114423189632,0.03567201561427935,0.049782764606159935,0.01341883773562147,0.039714948175876175,0.4883720930232558,-13.744745711836705
theta|butterfly4|entry=5|legsl=None|tgt=None|sl=None|days=nonexpiry|vix=None,theta,2091,1180,0.0008888915025012547,0.03563882623408632,0.049968184687862904,0.024393769483589844,0.0904895641093838,0.3912003825920612,-33.398891305893244
theta|butterfly4|entry=5|legsl=None|tgt=None|sl=None|days=all|vix=None,theta,2124,1180,0.0008888915025012547,0.03563882623408632,0.049968184687862904,0.037070015893231556,0.09048815312548064,0.4006591337099812,-30.007070998045343
theta|condor2_7|entry=15|legsl=0.25|tgt=0.5|sl=1.0|days=nonexpiry|vix=None,theta,2090,1179,0.0033633428428768946,0.035617473539771405,0.04998978554503908,-0.025420648271042512,0.2737588779796488,0.5057416267942584,-4.520801150090552
theta|condor2_7|entry=15|legsl=0.25|tgt=0.5|sl=1.0|days=all|vix=None,theta,2090,1179,0.0033633428428768946,0.035617473539771405,0.04998978554503908,-0.025420648271042512,0.2737588779796488,0.5057416267942584,-4.520801150090552
dir|buy_atm|signal=orb_reversal|tgt=None|sl=None|days=nonexpiry,directional,2090,1179,0.004443847674131475,0.03556739764769001,0.05036971737337648,0.018327862666415173,0.091564782133844,0.4076555023923445,-12.913261584916183
dir|buy_otm1|signal=vix_spike|tgt=None|sl=None|days=all,directional,284,151,0.008550071903834227,0.03550306268158798,0.030378231306950054,0.03797774193292036,0.029905303532972827,0.4014084507042254,-10.66500793235403
dir|buy_otm1|signal=vix_spike|tgt=0.5|sl=0.3|days=nonexpiry,directional,258,132,0.01433678573154687,0.03527305807336245,0.048604827196322975,0.03475337491172681,0.023587941435772586,0.40310077519379844,-8.639353297329688
"theta|butterfly6|entry=15|legsl=0.25|tgt=0.5|sl=1.0|days=dte2|vix=(-3.0, 3.0)",theta,639,441,0.0027720284156672165,0.03512602116136532,0.05012041845087978,0.0362481494590845,0.02820152860288272,0.48513302034428796,-12.131788575599643
"theta|condor1_5|entry=5|legsl=0.4|tgt=None|sl=None|days=dte2|vix=(-3.0, 3.0)",theta,652,440,0.003872609180316466,0.035027777966216034,0.050018856426246816,0.04803009599501484,0.07733815185757686,0.48619631901840493,-7.302337969963864
dir|credit_spread|signal=vix_spike|tgt=0.2|sl=0.2|days=all,directional,272,139,0.014842055666826975,0.03495316672942117,0.049996821821526205,0.0150045650144639,0.12824852500432793,0.45588235294117646,-7.765764497308169
dir|credit_spread|signal=linreg_slope|tgt=0.5|sl=0.3|days=nonexpiry,directional,2091,1181,0.0016509022940026637,0.03494279287114921,0.05008725224210242,0.01441945170121639,0.0734373855670527,0.38785270205643235,-4.530321617623597
theta|butterfly4|entry=105|legsl=None|tgt=None|sl=None|days=nonexpiry|vix=None,theta,2090,1180,0.0022656049414023507,0.034893656380929894,0.049981035784728234,-0.03657267207418735,0.26946210061639986,0.38181818181818183,-26.072982182175206
theta|butterfly4|entry=105|legsl=None|tgt=None|sl=None|days=all|vix=None,theta,2130,1180,0.0022656049414023507,0.034893656380929894,0.049981035784728234,-0.060597582287855944,0.3120322343474079,0.376056338028169,-27.723362513480474
dir|credit_spread|signal=vix_spike|tgt=0.2|sl=0.2|days=nonexpiry,directional,258,132,0.014841856069062328,0.03485117940915816,0.04999682101058911,0.014194661305232392,0.12689484320690392,0.45348837209302323,-8.003005885486456
"theta|butterfly4|entry=15|legsl=0.4|tgt=0.5|sl=1.0|days=dte2|vix=(-3.0, 3.0)",theta,666,441,0.0013879548748884502,0.03459795920480513,0.04995155868936374,0.04705658992540851,0.02251256293611892,0.506006006006006,-9.185674443300694
"theta|strangle2|entry=105|legsl=0.5|tgt=None|sl=None|days=expiry|vix=(-3.0, 3.0)",theta,139,66,0.2176152184728307,0.03448324984793105,0.0637872433762865,0.10926991277564024,0.037698182674893777,0.6906474820143885,69.95537783593103
"theta|straddle|entry=15|legsl=0.5|tgt=0.5|sl=1.0|days=dte2|vix=(-3.0, 3.0)",theta,891,590,0.09398710920052593,0.034393067139240285,0.050675750540065456,0.006931917291188805,0.12885977128774784,0.5263748597081931,-5.917421799550559
dir|buy_atm|signal=sma20_cross|tgt=None|sl=None|days=all,directional,2453,1421,0.0020719012261140217,0.03435507532144477,0.10286491175129864,0.049830248675972744,0.10192993746021994,0.32083163473298004,-26.51131167653819
theta|butterfly6|entry=5|legsl=None|tgt=0.5|sl=1.0|days=all|vix=None,theta,2092,1181,0.0016127170079310346,0.034199391853090066,0.05402315568172289,0.0648609684792627,0.04706812210963163,0.4096558317399618,-24.882554002805374
theta|butterfly6|entry=5|legsl=None|tgt=0.5|sl=1.0|days=nonexpiry|vix=None,theta,2092,1181,0.0016127170079310346,0.034199391853090066,0.05402315568172289,0.0648609684792627,0.04706812210963163,0.4096558317399618,-24.882554002805374
theta|straddle|entry=5|legsl=0.4|tgt=None|sl=None|days=dte2|vix=None,theta,1180,759,0.06960733045300575,0.034064316982486575,0.049892738628221966,0.023673761118433667,0.06470406916846405,0.4957627118644068,-1.2008286030182918
theta|butterfly4|entry=5|legsl=0.25|tgt=None|sl=None|days=all|vix=None,theta,2124,1180,0.0005677224333573606,0.033765980430669806,0.05007370556363122,0.018084758892414454,0.055927588488172364,0.4279661016949153,-12.755397818408564
theta|butterfly4|entry=5|legsl=0.25|tgt=None|sl=None|days=nonexpiry|vix=None,theta,2091,1180,0.0005677224333573606,0.033765980430669806,0.05007370556363122,0.0179503689566749,0.05465499755665526,0.4285031085604974,-13.081602046203415
"theta|straddle|entry=105|legsl=0.25|tgt=None|sl=None|days=expiry|vix=(-3.0, 3.0)",theta,247,155,0.31104064236946594,0.033684972142983494,0.1311287616329474,0.08412416567262682,0.05709003764151199,0.582995951417004,18.47392186171033
dir|buy_atm|signal=vix_spike|tgt=0.2|sl=0.2|days=nonexpiry,directional,258,132,0.02544237538266998,0.03357975965692317,0.04989853891942009,0.018522124121085337,0.04700186331487799,0.4844961240310077,-13.633374785785525
"theta|condor1_5|entry=105|legsl=0.25|tgt=0.5|sl=1.0|days=nonexpiry|vix=(-3.0, 3.0)",theta,1391,791,0.0025955035036548373,0.033492038364138166,0.050019351920703836,-0.031507274687648135,0.30549204721558243,0.4593817397555715,-9.642077561544356
"theta|condor1_5|entry=105|legsl=0.25|tgt=0.5|sl=1.0|days=all|vix=(-3.0, 3.0)",theta,1396,791,0.0025955035036548373,0.033492038364138166,0.050019351920703836,-0.030623324880814873,0.30536291478824773,0.46131805157593125,-9.394290593287284
dir|buy_atm|signal=gap_fade|tgt=0.5|sl=0.3|days=nonexpiry,directional,665,427,0.007203462738930038,0.03334958079446371,0.04944917446155872,0.039807309487875475,0.012049953827415472,0.41353383458646614,-9.742717031550587
theta|straddle|entry=15|legsl=0.4|tgt=None|sl=None|days=all|vix=None,theta,2418,1385,0.04834517587456782,0.03332181369583931,0.046688713985387764,-0.0009207787066070061,0.09270578654282202,0.5181968569065343,-0.3349007568369891
dir|buy_atm|signal=rsi_momentum|tgt=None|sl=None|days=nonexpiry,directional,2075,1172,0.0030458624484236614,0.033229672657742126,0.049739478322467945,0.025261604389274384,0.03029025898882476,0.396144578313253,-10.551351230841949
dir|buy_otm1|signal=gap_follow|tgt=0.2|sl=0.2|days=nonexpiry,directional,665,427,0.010023854671273983,0.03311848682629415,0.04496410920549232,0.036812939905396025,0.02199889816227507,0.5293233082706766,-5.935867672109179
longvol|long_strangle2|signal=vix_spike|tgt=None|sl=None|days=all,longvol,269,138,0.019190108545044885,0.0330300624530242,0.045107116952474935,0.009266313303537999,0.06497038631576735,0.34572490706319703,-29.848630615326552
theta|straddle|entry=15|legsl=0.4|tgt=None|sl=None|days=dte2|vix=None,theta,1189,767,0.06326157259830867,0.03272892305373443,0.04994102392808719,0.009180822432115487,0.08686503047270311,0.5164003364171573,-5.640611592376783
"theta|straddle|entry=5|legsl=None|tgt=None|sl=None|days=all|vix=(-3.0, 3.0)",theta,1711,991,0.035744766724510976,0.03269468303565093,0.050219199729164776,0.03219207901733245,0.012288383669704084,0.5423728813559322,4.286736171048892
"theta|condor1_5|entry=15|legsl=0.25|tgt=0.5|sl=1.0|days=dte2|vix=(-3.0, 3.0)",theta,644,441,0.002066993005671535,0.03269381183333664,0.0500496907187582,0.021671380998493417,0.05389385156540838,0.4906832298136646,-6.487928168821043
dir|buy_otm1|signal=orb_reversal|tgt=0.2|sl=0.2|days=all,directional,2400,1364,0.007274459462408191,0.03266140554442365,0.05011636700404376,0.028931417254979497,0.026370031966494345,0.5283333333333333,-5.875360503768921
dir|buy_otm1|signal=rsi_momentum|tgt=None|sl=None|days=nonexpiry,directional,2075,1172,0.002607647345571935,0.03265787578969337,0.049625245767514814,0.0210979852037545,0.025451816622256485,0.37301204819277106,-12.954850460640781
theta|condor2_7|entry=15|legsl=0.4|tgt=None|sl=None|days=all|vix=None,theta,2090,1179,0.0024655802207141845,0.03243952921389015,0.05000543342554031,-0.03497506809521067,0.28078761283659215,0.5138755980861244,-4.508287665676717
theta|condor2_7|entry=15|legsl=0.4|tgt=None|sl=None|days=nonexpiry|vix=None,theta,2090,1179,0.0024655802207141845,0.03243952921389015,0.05000543342554031,-0.03497506809521067,0.28078761283659215,0.5138755980861244,-4.508287665676717
longvol|long_strangle2|signal=vix_spike|tgt=0.3|sl=0.3|days=all,longvol,269,138,0.030960697246085578,0.03220087689544804,0.047715476240228094,0.006740833187079964,0.07563501673988127,0.4163568773234201,-22.703651884780943
dir|futures|signal=orb|tgt=None|sl=None,futures,2555,1476,0.020644055891144292,0.0321013454642074,0.04964962725959343,0.043290836599865656,0.028569457245709473,0.49354207436399217,-0.4369275929549291
theta|straddle|entry=15|legsl=0.4|tgt=0.5|sl=1.0|days=all|vix=None,theta,2418,1385,0.04831151095207833,0.032082527350254075,0.04670204984488513,-0.0012743606066742963,0.09262705496127288,0.5181968569065343,-0.6243080714414166
dir|futures|signal=ema9_21|tgt=1.0|sl=0.5,futures,2354,1365,0.0456280249195634,0.03200098263051676,0.04935584666248172,0.022984105080861683,0.04696632676179702,0.4316057774001699,-1.067565845369574
dir|futures|signal=orb_reversal|tgt=0.5|sl=0.3,futures,2555,1476,0.04959976173451199,0.03193262792083118,0.049543878074164494,0.036882775556613234,0.035938085862102565,0.4183953033268102,1.7227397260272963
"theta|condor1_5|entry=105|legsl=0.25|tgt=None|sl=None|days=dte2|vix=(-3.0, 3.0)",theta,608,414,0.003266726106681959,0.03189202071183028,0.050272855878123135,0.041128822981537194,0.02906150485319725,0.48519736842105265,-7.592885881799619
"theta|butterfly6|entry=15|legsl=0.25|tgt=None|sl=None|days=dte2|vix=(-3.0, 3.0)",theta,639,441,0.0025746833736450085,0.03179229423815921,0.05023729222977125,0.02868072190530735,0.03352695860751087,0.46635367762128327,-14.973962362933985
"theta|condor1_5|entry=15|legsl=0.4|tgt=None|sl=None|days=dte2|vix=(-3.0, 3.0)",theta,644,441,0.0020208965141114686,0.03177467367644904,0.050154960448433705,0.04292858738153704,0.02823400350348293,0.5139751552795031,-5.468395662311106
dir|credit_spread|signal=atr_roc|tgt=0.5|sl=0.3|days=all,directional,2296,1278,0.003394540218778482,0.03175819197167207,0.04971743473110468,0.03351081618614771,0.03838127493737786,0.4176829268292683,-3.959488305221036
"theta|butterfly6|entry=15|legsl=0.4|tgt=None|sl=None|days=dte2|vix=(-3.0, 3.0)",theta,639,441,0.0018766269146472227,0.03175227907359557,0.05018501867085379,0.0378518029336401,0.018685025861039373,0.47417840375586856,-12.523555432425287
dir|futures|signal=ema9_21|tgt=None|sl=None,futures,2354,1365,0.016012723931279206,0.0317180703373956,0.0502186199954775,0.032034788832934646,0.02639850118191034,0.47748513169073914,-6.658878504672893
theta|straddle|entry=15|legsl=0.4|tgt=0.5|sl=1.0|days=dte2|vix=None,theta,1189,767,0.06321599122820083,0.031704108900215244,0.049937240938527805,0.008726679056862752,0.08677267062792182,0.5164003364171573,-6.192812443530467
theta|straddle|entry=5|legsl=0.4|tgt=0.5|sl=1.0|days=dte2|vix=None,theta,1180,759,0.0695077403430399,0.03153134152025272,0.049890547586175615,0.022205918825595417,0.06453873332224802,0.4957627118644068,-2.351951903619152
dir|credit_spread|signal=vix_spike|tgt=None|sl=None|days=nonexpiry,directional,258,132,0.0011956579587385405,0.03152199103559883,0.050001017581991825,-0.026013417361999913,0.26183004273934585,0.38372093023255816,-28.344778143158255
theta|strangle2|entry=105|legsl=0.5|tgt=0.5|sl=1.0|days=expiry|vix=None,theta,184,88,0.22895457696258956,0.03145880478186491,0.08798071030675347,0.11322519350670013,0.03888253469265013,0.7010869565217391,53.62935846816974
"theta|condor2_7|entry=15|legsl=0.25|tgt=0.5|sl=1.0|days=dte2|vix=(-3.0, 3.0)",theta,639,441,0.0028591251065404363,0.03144507336445579,0.050331911361425785,0.03060059871186427,0.016818667503598173,0.5211267605633803,-2.9105532793411104
"theta|strangle2|entry=105|legsl=0.5|tgt=0.5|sl=1.0|days=expiry|vix=(-3.0, 3.0)",theta,139,66,0.2176152184728307,0.03126977546410048,0.0637872433762865,0.09056228310403314,0.028446200783029285,0.6906474820143885,48.05491382438879
dir|credit_spread|signal=vix_spike|tgt=None|sl=None|days=all,directional,272,139,0.001195637840605022,0.031237440979846154,0.05000101563432957,-0.028818332643459343,0.26226418529440787,0.375,-30.186758814594327
dir|futures|signal=gap_follow|tgt=1.0|sl=0.5,futures,804,522,0.0380301218388903,0.03117780622643629,0.04578155208775336,0.03601410481992562,0.017152811768804566,0.38930348258706465,-7.999067164179256
dir|buy_otm1|signal=gap_fade|tgt=0.5|sl=0.3|days=all,directional,725,466,0.007443001449738792,0.03113479512819728,0.05032808258954635,0.019636637156714265,0.01787111607633307,0.37655172413793103,-19.669831298301958
dir|futures|signal=orb_reversal|tgt=1.0|sl=0.5,futures,2555,1476,0.05464527558463973,0.031125264578331313,0.049971237205715724,0.04534354718527389,0.06635605229287589,0.44422700587084146,3.617945205479358
dir|buy_atm|signal=open_direction|tgt=0.2|sl=0.2|days=all,directional,2495,1440,0.007436641751778852,0.03111073944972853,0.050155422797121485,0.011249855818419086,0.056299826641546646,0.49899799599198397,-10.635625225203789
"theta|straddle|entry=5|legsl=None|tgt=0.5|sl=1.0|days=nonexpiry|vix=(-3.0, 3.0)",theta,1453,836,0.04847637953225597,0.03103438610209719,0.05087625639916393,0.030934484083557257,0.020510553287022004,0.5361321403991741,1.4239743559719837
dir|futures|signal=vix_spike|tgt=None|sl=None,futures,307,163,0.0281803232261344,0.03097370789612608,0.049999969864856,0.043374510376354314,0.01591212896632832,0.46905537459283386,-15.998859934853467
"theta|butterfly4|entry=105|legsl=0.25|tgt=None|sl=None|days=nonexpiry|vix=(-3.0, 3.0)",theta,1391,791,0.0012386145351530764,0.030955372169977347,0.05001573632252354,-0.008041848173007016,0.14350488106657133,0.4119338605319914,-18.295003119292623
"theta|butterfly4|entry=105|legsl=0.25|tgt=None|sl=None|days=all|vix=(-3.0, 3.0)",theta,1419,791,0.0012386145351530764,0.030955372169977347,0.05001573632252354,-0.02505308208878998,0.151921175778307,0.40380549682875266,-22.668808062390227
dir|futures|signal=linreg_slope|tgt=0.5|sl=0.3,futures,2557,1478,0.05218578261664264,0.030918079544903554,0.04830927108023786,0.01696927288864969,0.040518607429818165,0.41963238169730155,-1.8578021118498622
"theta|condor2_7|entry=15|legsl=0.5|tgt=None|sl=None|days=nonexpiry|vix=(-3.0, 3.0)",theta,1453,845,0.0020659796157388144,0.030905922920165363,0.05003423301455745,-0.029552084779800647,0.19683239537540664,0.522367515485203,-4.1717883039811055
"theta|condor2_7|entry=15|legsl=0.5|tgt=None|sl=None|days=all|vix=(-3.0, 3.0)",theta,1453,845,0.0020659796157388144,0.030905922920165363,0.05003423301455745,-0.029552084779800647,0.19683239537540664,0.522367515485203,-4.1717883039811055
"theta|straddle|entry=15|legsl=0.4|tgt=None|sl=None|days=dte2|vix=(-3.0, 3.0)",theta,891,590,0.08714369461625424,0.030834760338896983,0.050053894724528036,0.00113551577700588,0.10632134035051077,0.510662177328844,-9.035301777898175
"theta|butterfly4|entry=15|legsl=0.4|tgt=None|sl=None|days=dte2|vix=(-3.0, 3.0)",theta,666,441,0.0011746136653144712,0.030668962011628054,0.05015677502594973,0.03309030729785434,0.03175450654370293,0.45045045045045046,-20.913784554517736
"theta|condor1_5|entry=105|legsl=None|tgt=0.5|sl=1.0|days=nonexpiry|vix=(-3.0, 3.0)",theta,1391,791,0.005739549479899616,0.03047547546522278,0.04979454847451348,-0.13110469867932584,0.5496557192156619,0.406901509705248,-18.42406279290862
"theta|condor1_5|entry=105|legsl=None|tgt=0.5|sl=1.0|days=all|vix=(-3.0, 3.0)",theta,1396,791,0.005739549479899616,0.03047547546522278,0.04979454847451348,-0.12912376333934017,0.549360805216968,0.40902578796561606,-18.14482172282002
theta|condor2_7|entry=5|legsl=None|tgt=0.5|sl=1.0|days=all|vix=None,theta,2091,1180,0.003039935138591792,0.03037622710395227,0.05017354519089945,-0.08480914439242271,0.3273077540431397,0.47728359636537543,-16.229260802263223
theta|condor2_7|entry=5|legsl=None|tgt=0.5|sl=1.0|days=nonexpiry|vix=None,theta,2091,1180,0.003039935138591792,0.03037622710395227,0.05017354519089945,-0.08480914439242271,0.3273077540431397,0.47728359636537543,-16.229260802263223
dir|buy_otm1|signal=rsi_momentum|tgt=None|sl=None|days=all,directional,2388,1365,0.0017619182883612248,0.0302160033165626,0.0502242504113668,0.017426142069732586,0.025576436641344125,0.3622278056951424,-14.276522191877241
dir|buy_otm1|signal=orb|tgt=0.5|sl=0.3|days=all,directional,2400,1375,0.007417181982104899,0.029981921542603374,0.05040502532436508,0.027493081209624348,0.06486180942266673,0.4075,-8.602404286670685
"theta|butterfly4|entry=15|legsl=0.25|tgt=0.5|sl=1.0|days=dte2|vix=(-3.0, 3.0)",theta,666,441,0.0014009630788092574,0.029927490514623845,0.049893182141914405,0.04253509394373278,0.02529675396450104,0.4864864864864865,-10.04247776715006
theta|condor2_7|entry=5|legsl=0.4|tgt=None|sl=None|days=nonexpiry|vix=None,theta,2091,1180,0.0016289379003748266,0.029806576883967484,0.05027854123509978,-0.032714972686631705,0.1380061307733187,0.49880439980870395,-4.673807857108165
theta|condor2_7|entry=5|legsl=0.4|tgt=None|sl=None|days=all|vix=None,theta,2091,1180,0.0016289379003748266,0.029806576883967484,0.05027854123509978,-0.032714972686631705,0.1380061307733187,0.49880439980870395,-4.673807857108165
theta|straddle|entry=15|legsl=0.5|tgt=None|sl=None|days=dte2|vix=None,theta,1189,767,0.05817454718841725,0.029768906793308014,0.04995110769817945,0.018171390016878952,0.0818625594242891,0.5298570227081582,-4.137642084059866
dir|futures|signal=gap_follow|tgt=None|sl=None,futures,804,522,0.021355655960809964,0.029752401972542808,0.05030098877486977,0.038163057604953865,0.013544038460563068,0.486318407960199,-13.654539800995154
longvol|long_strangle2|signal=gap_follow|tgt=None|sl=None|days=all,longvol,691,437,0.0063021587889433095,0.029664558743454306,0.05068319757487205,0.028913216033621625,0.04453705016908893,0.3719247467438495,-22.250667602869537
"theta|straddle|entry=5|legsl=None|tgt=0.5|sl=1.0|days=dte2|vix=(-3.0, 3.0)",theta,904,595,0.04438547188543642,0.029599172458179,0.03542234590521043,0.02044043258525652,0.02897455523195558,0.5398230088495575,-9.641975161981797
dir|buy_atm|signal=momentum_1m|tgt=None|sl=None|days=nonexpiry,directional,1882,1085,0.003936388892249233,0.029447787028606287,0.049949018344601415,0.03826667267416162,0.02771576036947465,0.3884165781083953,-10.021684817730684
"theta|condor2_7|entry=15|legsl=0.4|tgt=None|sl=None|days=dte2|vix=(-3.0, 3.0)",theta,639,441,0.0021788537500254217,0.029252191119348625,0.04997018201812797,0.03212493123692961,0.023607836420611705,0.5633802816901409,-0.6251655632156634
"theta|straddle|entry=15|legsl=0.4|tgt=0.5|sl=1.0|days=dte2|vix=(-3.0, 3.0)",theta,891,590,0.08707801236492121,0.029169758040090477,0.050057361542489964,0.0011630213785907006,0.10620790526804791,0.510662177328844,-9.50123084619703
"theta|butterfly4|entry=15|legsl=0.25|tgt=None|sl=None|days=dte2|vix=(-3.0, 3.0)",theta,666,441,0.0013596902277831406,0.029160514229980672,0.05014512996633569,0.02013546735366245,0.06019856502340071,0.4159159159159159,-22.533328608107286
"theta|condor1_5|entry=5|legsl=0.4|tgt=0.5|sl=1.0|days=nonexpiry|vix=(-3.0, 3.0)",theta,1453,836,0.0027620421494997435,0.02915490981582125,0.0500036327341169,-0.026977766546158688,0.22946245515706198,0.4769442532690984,-11.923128400030901
"theta|condor1_5|entry=5|legsl=0.4|tgt=0.5|sl=1.0|days=all|vix=(-3.0, 3.0)",theta,1459,836,0.0027620421494997435,0.02915490981582125,0.0500036327341169,-0.025127365293925896,0.223891618989299,0.47909527073337904,-11.521875634645456
"theta|condor2_7|entry=15|legsl=0.5|tgt=None|sl=None|days=dte2|vix=(-3.0, 3.0)",theta,639,441,0.0018417046564526529,0.028834659546901564,0.05018956181826306,0.03986482406073577,0.005398935156409768,0.5868544600938967,1.7381635292608015
theta|straddle|entry=15|legsl=None|tgt=0.5|sl=1.0|days=dte2|vix=None,theta,1189,767,0.016228867678774177,0.028829540982213686,0.007239972454127996,0.02742288400863835,0.0070470597016000225,0.5559293523969723,-7.256784295743008
theta|condor1_5|entry=15|legsl=0.5|tgt=0.5|sl=1.0|days=nonexpiry|vix=None,theta,2090,1179,0.0008758867146806284,0.02876372682159989,0.05002756110986861,0.013425554283766017,0.07387036150951165,0.4789473684210526,-8.115051374038671
theta|condor1_5|entry=15|legsl=0.5|tgt=0.5|sl=1.0|days=all|vix=None,theta,2097,1179,0.0008758867146806284,0.02876372682159989,0.05002756110986861,0.013620879725360746,0.07378890324565457,0.48068669527896996,-7.852994237007187
"theta|straddle|entry=15|legsl=None|tgt=0.5|sl=1.0|days=nonexpiry|vix=(-3.0, 3.0)",theta,1454,846,0.04213113611782268,0.028745973374439293,0.04050942810186686,0.028780181258512227,0.022144200009142412,0.546079779917469,0.957418754320525
dir|futures|signal=momentum_1m|tgt=None|sl=None,futures,2307,1361,0.01936312567200553,0.028745915310438352,0.049556291454765145,0.04795508967876527,0.011824808570959244,0.48287819679237104,0.9285435630689316
dir|futures|signal=atr_roc|tgt=0.5|sl=0.3,futures,2555,1477,0.05421047871190824,0.02870538447686677,0.05022161002361347,0.04426454124893309,0.030371885648908026,0.43874755381604696,2.0265949119373787
"theta|butterfly6|entry=5|legsl=0.5|tgt=None|sl=None|days=nonexpiry|vix=(-3.0, 3.0)",theta,1453,836,0.0008873624667900804,0.028607633078498784,0.050003346700956075,0.03968857422566985,0.015924051963000063,0.4796971782518926,-9.622400225638247
"theta|butterfly6|entry=5|legsl=0.5|tgt=None|sl=None|days=all|vix=(-3.0, 3.0)",theta,1453,836,0.0008873624667900804,0.028607633078498784,0.050003346700956075,0.03968857422566985,0.015924051963000063,0.4796971782518926,-9.622400225638247
dir|credit_spread|signal=macd|tgt=None|sl=None|days=nonexpiry,directional,2093,1182,0.0017266906991915034,0.028121803723323957,0.050002594188376825,-0.06650667933061538,0.33195995092667696,0.4237935977066412,-16.328592396873752
"theta|straddle|entry=5|legsl=0.5|tgt=None|sl=None|days=dte2|vix=(-3.0, 3.0)",theta,904,595,0.08393918457661308,0.027964563781100793,0.0500314678752547,0.029411684491942758,0.04726897502025351,0.5011061946902655,-2.3590633360164146
theta|straddle|entry=15|legsl=0.5|tgt=0.5|sl=1.0|days=dte2|vix=None,theta,1189,767,0.05810117660564883,0.02793687452321958,0.049946567748581416,0.017423346028835995,0.08156770655760992,0.5298570227081582,-5.002018399185973
"theta|condor2_7|entry=15|legsl=0.25|tgt=0.5|sl=1.0|days=nonexpiry|vix=(-3.0, 3.0)",theta,1453,845,0.003299897120645396,0.027918813605992243,0.05001109054017083,-0.021608691468196106,0.171775666722373,0.4941500344115623,-7.207050663317724
"theta|condor2_7|entry=15|legsl=0.25|tgt=0.5|sl=1.0|days=all|vix=(-3.0, 3.0)",theta,1453,845,0.003299897120645396,0.027918813605992243,0.05001109054017083,-0.021608691468196106,0.171775666722373,0.4941500344115623,-7.207050663317724
"theta|butterfly4|entry=105|legsl=0.25|tgt=0.5|sl=1.0|days=nonexpiry|vix=(-3.0, 3.0)",theta,1391,791,0.0018039569283640228,0.027808514728285827,0.04999983842728695,-0.02138298673611727,0.2001897577298387,0.4263120057512581,-17.716274681607317
"theta|butterfly4|entry=105|legsl=0.25|tgt=0.5|sl=1.0|days=all|vix=(-3.0, 3.0)",theta,1419,791,0.0018039569283640228,0.027808514728285827,0.04999983842728695,-0.02011582981755755,0.19994769089687292,0.4355179704016913,-16.6433406969939
dir|futures|signal=macd|tgt=None|sl=None,futures,2558,1479,0.01280413060959535,0.02770400687605923,0.04101442657070287,0.02897316919169146,0.02201752937800494,0.47888975762314306,-13.459870992963243
dir|buy_atm|signal=atr_roc|tgt=None|sl=None|days=nonexpiry,directional,2089,1179,0.003199575923379253,0.027691578331137112,0.05078626587404422,0.018488717374143038,0.024776628559876612,0.39923408329344184,-9.175939335209037
dir|buy_atm|signal=last_hour_rejection|tgt=None|sl=None|days=all,directional,1137,718,0.0016742026543389932,0.027624517638372037,0.008419255459211183,0.036975542602879496,0.009348686716575294,0.34564643799472294,-17.894264073384466
"theta|condor1_5|entry=15|legsl=0.5|tgt=0.5|sl=1.0|days=nonexpiry|vix=(-3.0, 3.0)",theta,1453,845,0.0008758225319971147,0.027570027624268523,0.05002502861614189,0.013143833590251175,0.04030372642377844,0.4783207157604955,-9.07175240917751
"theta|condor1_5|entry=15|legsl=0.5|tgt=0.5|sl=1.0|days=all|vix=(-3.0, 3.0)",theta,1458,845,0.0008758225319971147,0.027570027624268523,0.05002502861614189,0.013176580760970724,0.04031917537621521,0.48010973936899864,-8.832472453352652
dir|buy_atm|signal=gap_fade|tgt=0.2|sl=0.2|days=nonexpiry,directional,665,427,0.012353830243857208,0.0271705337014978,0.05026808291830387,0.036365192768385235,0.019243843151004136,0.5067669172932331,-6.197109303639348
dir|credit_spread|signal=ema9_21|tgt=0.2|sl=0.2|days=nonexpiry,directional,1926,1091,0.005331159170497102,0.026989769619154558,0.04632525943330523,-0.07224912079563273,0.2957485393897946,0.4522326064382139,-6.608323456837504
dir|buy_atm|signal=gap_follow|tgt=0.5|sl=0.3|days=nonexpiry,directional,665,427,0.005557783673520503,0.0268656064274575,0.04910894256378717,0.040448355468367225,0.019243916765666058,0.40150375939849625,-17.050822795495055
dir|debit_spread|signal=vix_spike|tgt=0.2|sl=0.2|days=nonexpiry,directional,258,132,0.00849198537876928,0.026805313608960324,0.018403530015160152,-0.06624471804736776,0.2804078957062177,0.3372093023255814,-19.14803352444671
dir|futures|signal=bb_fade|tgt=1.0|sl=0.5,futures,2514,1460,0.021404865999540675,0.02665836977304581,0.03367962060310414,0.034910734886585804,0.01154857159152245,0.46539379474940334,-4.958472553699276
longvol|long_strangle2|signal=gap_follow|tgt=0.6|sl=0.4|days=all,longvol,691,437,0.006973679194665661,0.02656015967759906,0.05064708691132702,0.04498486085555897,0.028003118705835273,0.4037626628075253,-19.671334438948488
dir|debit_spread|signal=vix_spike|tgt=0.2|sl=0.2|days=all,directional,278,147,0.00791270411564984,0.026550002922695493,0.015361385442086761,-0.061107764105771456,0.2606130337681546,0.3489208633093525,-18.197294623971846
theta|condor2_7|entry=15|legsl=0.25|tgt=0.5|sl=1.0|days=dte2|vix=None,theta,862,562,0.0029988489451613165,0.026498577855414762,0.05017140708739587,0.03935238423216103,0.018670363909172427,0.5394431554524362,1.1462806173329507
"theta|straddle|entry=5|legsl=None|tgt=None|sl=None|days=nonexpiry|vix=(-3.0, 3.0)",theta,1453,836,0.033586155013146456,0.026308691588593724,0.050437762026000366,0.02966111595905474,0.011490247494520434,0.5361321403991741,-0.7485680215734506
"theta|condor1_5|entry=15|legsl=None|tgt=0.5|sl=1.0|days=all|vix=(-3.0, 3.0)",theta,1458,845,0.0011489363152607274,0.0260998221431461,0.05000124458832933,0.0038917072342017356,0.06887652218925999,0.43689986282578874,-17.031172150851564
"theta|condor1_5|entry=15|legsl=None|tgt=0.5|sl=1.0|days=nonexpiry|vix=(-3.0, 3.0)",theta,1453,845,0.0011489363152607274,0.0260998221431461,0.05000124458832933,0.0037904998359219455,0.06891310500035297,0.4349621472814866,-17.295816470162876
"theta|condor2_7|entry=15|legsl=0.4|tgt=0.5|sl=1.0|days=all|vix=(-3.0, 3.0)",theta,1453,845,0.0033001378994313873,0.0260162216966473,0.05000193451320778,-0.011784995195968095,0.16356748133811305,0.5299380591878872,-4.687093156394214
"theta|condor2_7|entry=15|legsl=0.4|tgt=0.5|sl=1.0|days=nonexpiry|vix=(-3.0, 3.0)",theta,1453,845,0.0033001378994313873,0.0260162216966473,0.05000193451320778,-0.011784995195968095,0.16356748133811305,0.5299380591878872,-4.687093156394214
"theta|straddle|entry=105|legsl=0.25|tgt=0.5|sl=1.0|days=expiry|vix=(-3.0, 3.0)",theta,247,155,0.32357724999441795,0.025932499243300544,0.1429151027413662,0.07658752449199291,0.06038436594072649,0.582995951417004,12.951783215935894
theta|condor1_5|entry=15|legsl=None|tgt=None|sl=None|days=dte2|vix=None,theta,869,562,0.0008655314644342098,0.025886866299859923,0.05000692665355577,0.036298975336867434,0.003990604267623432,0.49712313003452246,-12.043490718162786
"theta|straddle|entry=15|legsl=None|tgt=None|sl=None|days=nonexpiry|vix=(-3.0, 3.0)",theta,1454,846,0.035674548800480786,0.02576999665513302,0.046962719860275115,0.02718715933237048,0.017983571726480685,0.546079779917469,-0.7690806180017358
dir|buy_otm1|signal=gap_fade|tgt=0.2|sl=0.2|days=all,directional,725,466,0.0188621032787447,0.025709866394896697,0.049649680810623376,0.010084942259564578,0.04133010601374876,0.4910344827586207,-9.429689964925831
dir|buy_atm|signal=gap_follow|tgt=0.2|sl=0.2|days=nonexpiry,directional,665,427,0.007196696866646791,0.02567278746910584,0.04408845025419217,0.02978963789884559,0.018870036213283536,0.4781954887218045,-14.503454172751061
theta|straddle|entry=15|legsl=None|tgt=None|sl=None|days=all|vix=None,theta,2418,1385,0.02790659237909159,0.025622806252670216,0.04285756007924524,0.019642736230453872,0.023649497709127165,0.5376344086021505,3.182120005175929
dir|futures|signal=bb_breakout|tgt=0.5|sl=0.3,futures,2514,1460,0.06212074708963858,0.025581832113191982,0.05415289469560913,0.04332566907876534,0.01992936516662558,0.4331742243436754,2.7704653937947628
dir|credit_spread|signal=linreg_slope|tgt=0.5|sl=0.3|days=all,directional,2303,1282,0.001314983640078727,0.025444432604496026,0.05001751450025704,-0.0028228302688072526,0.07121299994149133,0.39166304819800263,-5.86727873391397
"theta|condor1_5|entry=15|legsl=0.5|tgt=None|sl=None|days=all|vix=(-3.0, 3.0)",theta,1458,845,0.0009245151147962526,0.0252987114574863,0.050015910863333235,0.014457771407197617,0.04838493536792954,0.46227709190672156,-9.836117543060727
"theta|condor1_5|entry=15|legsl=0.5|tgt=None|sl=None|days=nonexpiry|vix=(-3.0, 3.0)",theta,1453,845,0.0009245151147962526,0.0252987114574863,0.050015910863333235,0.014672177163654876,0.04828419350999835,0.4618031658637302,-9.862459000822112
theta|condor2_7|entry=15|legsl=0.4|tgt=None|sl=None|days=dte2|vix=None,theta,862,562,0.002411766099820821,0.02508302558570974,0.05012909584249148,0.04828239569762083,0.021910968111445772,0.5765661252900232,3.523954302658076
theta|condor1_5|entry=15|legsl=0.5|tgt=None|sl=None|days=dte2|vix=None,theta,869,562,0.000718508557826285,0.025075134944897215,0.04995099301006778,0.04565884664906128,0.010475079372485485,0.525891829689298,0.002839794968074929
dir|credit_spread|signal=rsi_momentum|tgt=0.2|sl=0.2|days=all,directional,2263,1267,0.0035376485107316644,0.024881453986988378,0.050000384967764266,-0.012050830061411943,0.11811331406624015,0.4538223596995139,-5.248473486212361
theta|straddle|entry=5|legsl=None|tgt=0.5|sl=1.0|days=dte2|vix=None,theta,1180,759,0.01649735915631347,0.024791936236414625,0.008554103930521584,0.024448032859066826,0.006812660061349507,0.5211864406779662,-16.606215605683246
theta|condor2_7|entry=15|legsl=0.5|tgt=None|sl=None|days=dte2|vix=None,theta,862,562,0.0018858861982676066,0.024713519206518653,0.049958982735357926,0.050923548365287896,0.021146312998134298,0.5997679814385151,5.338416503689708
"theta|straddle|entry=5|legsl=0.5|tgt=0.5|sl=1.0|days=dte2|vix=(-3.0, 3.0)",theta,904,595,0.08373605731550889,0.024701988228843286,0.049971521734303526,0.027230033792857933,0.04782614447563893,0.5011061946902655,-3.9198792873869746
theta|condor1_5|entry=15|legsl=None|tgt=0.5|sl=1.0|days=all|vix=None,theta,2097,1179,0.0011486403853108492,0.024677865732318338,0.05000186072037616,-0.004567242587463216,0.11331116681167219,0.41821649976156416,-19.2977909369739
theta|condor1_5|entry=15|legsl=None|tgt=0.5|sl=1.0|days=nonexpiry|vix=None,theta,2090,1179,0.0011486403853108492,0.024677865732318338,0.05000186072037616,-0.004895193475244253,0.11351284357754832,0.41626794258373206,-19.59619950872218
dir|credit_spread|signal=rsi_momentum|tgt=0.2|sl=0.2|days=nonexpiry,directional,2074,1171,0.003537485563781089,0.024632930524114638,0.050000252130328104,-0.004026989054835783,0.11269910198697153,0.45564127290260364,-4.954447188430261
dir|futures|signal=rsi_reversal|tgt=1.0|sl=0.5,futures,2534,1464,0.059494978441208206,0.02453827758221272,0.04979131283617966,0.049328126750846746,0.06514497210077352,0.43646408839779005,3.3854183109707905
longvol|long_strangle2|signal=None|tgt=0.3|sl=0.3|days=expiry,longvol,242,125,0.002171134281812978,0.024463827409966443,0.003903832420146136,0.022422344116060478,0.0015684261226739382,0.0,-122.18412459803021
longvol|long_strangle2|signal=None|tgt=0.6|sl=0.4|days=expiry,longvol,242,125,0.0016557987040533087,0.02445606298264691,0.003921352212985063,0.022379984626563987,0.001576436523522462,0.0,-160.6460976881232
longvol|long_strangle2|signal=orb|tgt=None|sl=None|days=expiry,longvol,151,66,0.0036875454494126217,0.024423383147062605,0.009841944969173344,0.0071322036658831856,0.03240723856964378,0.052980132450331126,-96.11304153771717
"theta|condor2_7|entry=15|legsl=0.25|tgt=None|sl=None|days=dte2|vix=(-3.0, 3.0)",theta,639,441,0.0014961503005682226,0.02439379407166542,0.0498065799046028,0.03094982575048899,0.01172627450271424,0.48826291079812206,-7.420625775032206
dir|buy_otm1|signal=momentum_1m|tgt=None|sl=None|days=nonexpiry,directional,1882,1085,0.0034078796281454414,0.024331759988932333,0.05028574760681004,0.0308537213627742,0.0263058649658946,0.35866099893730075,-13.58792932312243
dir|buy_otm1|signal=atr_roc|tgt=None|sl=None|days=nonexpiry,directional,2090,1180,0.002678060749133309,0.024189108477628007,0.049232125933986515,0.014480729357829736,0.025268831711060202,0.3708133971291866,-10.066289995549399
dir|credit_spread|signal=macd|tgt=0.2|sl=0.2|days=nonexpiry,directional,2093,1182,0.006513148457177124,0.023985356638501543,0.0499949032518997,-0.08538459407627697,0.36033300242705335,0.4524605828953655,-7.380446954167635
dir|futures|signal=rsi_reversal|tgt=None|sl=None,futures,2534,1464,0.016026542495118735,0.02394264950997993,0.049656992494604535,0.033971201177383836,0.018820391223900446,0.48105761641673245,-7.712095501183941
dir|futures|signal=bb_fade|tgt=0.5|sl=0.3,futures,2514,1460,0.03736576616127097,0.02388408950844756,0.046321014856783194,0.026996580408078508,0.03287324137054903,0.4331742243436754,-3.1839896579156486
longvol|long_straddle|signal=orb|tgt=0.6|sl=0.4|days=all,longvol,2413,1384,0.0031102953522058074,0.023770567658911945,0.049909232149491056,0.029187401506941102,0.010747148066823975,0.4135930377123912,-19.562048596216346
theta|condor1_5|entry=5|legsl=0.25|tgt=0.5|sl=1.0|days=dte2|vix=None,theta,869,562,0.0015182669918628578,0.023741630267681613,0.05012714964802523,0.04216523144260442,0.020037184125900387,0.5017261219792866,-5.89386341125672
dir|buy_otm1|signal=gap_fade|tgt=0.5|sl=0.3|days=nonexpiry,directional,665,427,0.00481447688952439,0.02372389627542515,0.0503607891368546,0.02545386213183165,0.008896529562718913,0.3473684210526316,-24.063867811963075
"theta|condor2_7|entry=5|legsl=0.25|tgt=0.5|sl=1.0|days=dte2|vix=(-3.0, 3.0)",theta,646,440,0.0019822741177249444,0.023663663006709523,0.04979860494163968,0.03162877709653755,0.013444252401901724,0.5201238390092879,-5.356572631427786
theta|condor1_5|entry=5|legsl=None|tgt=None|sl=None|days=dte2|vix=None,theta,869,562,0.0008745059464968447,0.023445354936012075,0.050007102249039925,0.043270844970286326,0.00867926642364547,0.47410817031070196,-11.2469559404422
"theta|condor1_5|entry=15|legsl=0.25|tgt=None|sl=None|days=dte2|vix=(-3.0, 3.0)",theta,644,441,0.0007934262440551236,0.02344465742741475,0.0499672159127138,0.030296689843627433,0.0202807180566974,0.4472049689440994,-11.438832420977011
dir|futures|signal=bb_fade|tgt=None|sl=None,futures,2514,1460,0.009766729437833951,0.02332832893980674,0.03952887591393428,0.038628348252330635,0.006505165895367093,0.5027844073190135,-13.763643595863234
dir|buy_otm1|signal=orb_reversal|tgt=None|sl=None|days=all,directional,2400,1364,0.0019968074569246185,0.023237956709512675,0.05036976554278927,0.020306678377567833,0.05501674626310993,0.36833333333333335,-15.38157700757906
theta|straddle|entry=15|legsl=0.5|tgt=None|sl=None|days=all|vix=None,theta,2418,1385,0.03810971898778475,0.02314530045797869,0.04155066576739186,0.00954818553569603,0.06739853299525611,0.5177832919768404,-0.6388380152085136
dir|buy_atm|signal=macd|tgt=0.2|sl=0.2|days=all,directional,2492,1434,0.008136909655031499,0.023134562672219694,0.050100266671534555,-0.006788657469510961,0.05729653659969547,0.48836276083467095,-8.183991851569369
theta|straddle|entry=5|legsl=0.5|tgt=None|sl=None|days=all|vix=None,theta,2409,1377,0.04852676427424317,0.023030016692407784,0.049243104107937086,0.016581213165501207,0.04439757259218824,0.49605645496056455,0.008212369201257144
dir|futures|signal=sma20_cross|tgt=1.0|sl=0.5,futures,2504,1453,0.02571122522976683,0.02292214342452481,0.022079521757168763,0.03709195962170564,0.01481697066422949,0.43490415335463256,-2.569568690095836
dir|buy_otm1|signal=gap_fade|tgt=None|sl=None|days=all,directional,725,466,0.002675562283164615,0.022847445654683662,0.050743701514881834,0.029544591163475742,0.009790310448878237,0.33241379310344826,-38.15179257116647
dir|debit_spread|signal=gap_fade|tgt=0.5|sl=0.3|days=nonexpiry,directional,665,427,0.0012923872686123506,0.02284645144727726,0.05126492027602758,0.04742964434800623,0.01649437682136612,0.43157894736842106,-9.581822680767319
dir|futures|signal=open_direction|tgt=None|sl=None,futures,2558,1479,0.011653747283769474,0.022803806389393833,0.05025319123669669,0.03127291870118998,0.011024765795754066,0.4874902267396403,-16.454339327599794
"theta|condor1_5|entry=5|legsl=0.25|tgt=None|sl=None|days=dte2|vix=(-3.0, 3.0)",theta,652,440,0.0019834783093545146,0.022750646868554103,0.049555688654889796,0.03762107384786795,0.029474765979467077,0.450920245398773,-13.41090384795074
theta|condor1_5|entry=15|legsl=0.4|tgt=None|sl=None|days=dte2|vix=None,theta,869,562,0.0008470898909370561,0.02248684845263793,0.04993505401001275,0.04659746770027562,0.010757748324201843,0.5212888377445339,-2.794003212916491
longvol|long_straddle|signal=None|tgt=0.3|sl=0.3|days=expiry,longvol,388,243,0.0011475621265065541,0.022465051646528567,0.0015126162669305554,0.028657816158294436,0.000554766485273861,0.010309278350515464,-132.42201286655109
dir|buy_atm|signal=day_high_low_break|tgt=0.5|sl=0.3|days=nonexpiry,directional,1848,1041,0.0066455650841393795,0.022323373371033295,0.03583490310594173,-0.001937795417612187,0.04579953936854164,0.4069264069264069,-6.565043707430621
theta|condor1_5|entry=15|legsl=0.4|tgt=0.5|sl=1.0|days=nonexpiry|vix=None,theta,2090,1179,0.0007824608702640686,0.022195232076849036,0.05001537627323993,0.008567078874723189,0.07511327967493109,0.48564593301435405,-9.230239529435098
theta|condor1_5|entry=15|legsl=0.4|tgt=0.5|sl=1.0|days=all|vix=None,theta,2097,1179,0.0007824608702640686,0.022195232076849036,0.05001537627323993,0.00870369080147504,0.0746248254495191,0.48736289938006677,-8.965142353026152
"theta|straddle|entry=15|legsl=None|tgt=0.5|sl=1.0|days=all|vix=(-3.0, 3.0)",theta,1706,995,0.022394696755983018,0.022119013060294845,0.021636264013941586,0.01974360646737483,0.013571863932078654,0.5486518171160609,-5.51416529085544
dir|buy_otm1|signal=gap_fade|tgt=None|sl=None|days=nonexpiry,directional,665,427,0.0034282696619654224,0.022052056372294127,0.04944757124540178,0.028569548171804238,0.012746868515162935,0.3383458646616541,-37.976081965783486
dir|futures|signal=rsi_reversal|tgt=0.5|sl=0.3,futures,2534,1464,0.05548114274296249,0.02202476060073022,0.04963334538945996,0.04622912911415544,0.027535672864671512,0.4139700078926598,2.095165745856345
theta|straddle|entry=15|legsl=0.5|tgt=0.5|sl=1.0|days=all|vix=None,theta,2418,1385,0.037716322262620436,0.02179401061230668,0.041702082059004386,0.009173097406211861,0.0663648985658235,0.5177832919768404,-1.0817509653229531
theta|condor1_5|entry=5|legsl=0.5|tgt=None|sl=None|days=dte2|vix=None,theta,869,562,0.0006738004566451519,0.02171436980216468,0.04999966449815618,0.051258047611763446,0.012911228712666145,0.49597238204833144,-1.1278536758451974
theta|condor2_7|entry=5|legsl=0.5|tgt=None|sl=None|days=all|vix=None,theta,2091,1180,0.0012192355868368347,0.021694391606338792,0.04985931894197482,-0.01944882700152939,0.11192734500612589,0.5054997608799617,-4.830232583460176
theta|condor2_7|entry=5|legsl=0.5|tgt=None|sl=None|days=nonexpiry|vix=None,theta,2091,1180,0.0012192355868368347,0.021694391606338792,0.04985931894197482,-0.01944882700152939,0.11192734500612589,0.5054997608799617,-4.830232583460176
dir|debit_spread|signal=gap_fade|tgt=0.5|sl=0.3|days=all,directional,716,456,0.0013462069322463031,0.021664235982167268,0.0511670401151022,0.04589869073406461,0.01722309659386312,0.43435754189944137,-9.142166819918756
longvol|long_strangle2|signal=gap_follow|tgt=0.3|sl=0.3|days=all,longvol,691,437,0.006094785090252789,0.021586958084485186,0.050609275850445945,0.033398362713868535,0.022259819894009825,0.4182344428364689,-25.196905315604102
"theta|condor1_5|entry=5|legsl=0.25|tgt=0.5|sl=1.0|days=dte2|vix=(-3.0, 3.0)",theta,652,440,0.0020069794640335706,0.02144709698850722,0.04956991778430786,0.043449068305882355,0.01567047843806224,0.495398773006135,-8.103427775035975
dir|futures|signal=linreg_slope|tgt=None|sl=None,futures,2557,1478,0.028848691618324533,0.021433927765239114,0.04835696806732359,0.030408352620464374,0.01979290547146062,0.4982401251466562,-5.534356667970378
dir|credit_spread|signal=sma20_cross|tgt=0.5|sl=0.3|days=nonexpiry,directional,2043,1157,0.004638198828205091,0.02139635442643928,0.04995220621400209,-0.022694583896471276,0.1701831143289122,0.39745472344591287,-7.061734378029771
"theta|condor1_5|entry=15|legsl=0.4|tgt=0.5|sl=1.0|days=all|vix=(-3.0, 3.0)",theta,1458,845,0.0008317124154460715,0.021345958542555277,0.050012730802876604,0.009378056268792845,0.05221999170654801,0.48559670781893005,-10.5799542790434
"theta|condor1_5|entry=15|legsl=0.4|tgt=0.5|sl=1.0|days=nonexpiry|vix=(-3.0, 3.0)",theta,1453,845,0.0008317124154460715,0.021345958542555277,0.050012730802876604,0.009361359825874604,0.052191878832640426,0.48382656572608396,-10.824262489937222
dir|buy_otm1|signal=last_hour_rejection|tgt=0.2|sl=0.2|days=all,directional,1104,695,0.002279225207528414,0.02131174257250268,0.004591991898977854,0.028660648604240002,0.0035923894921755517,0.3795289855072464,-9.718735246813814
dir|buy_otm1|signal=last_hour_rejection|tgt=None|sl=None|days=all,directional,1104,695,0.001128607365137176,0.021163248231905962,0.0038319690249962735,0.027551265224840416,0.0029218145378865357,0.3541666666666667,-16.86827723565277
dir|buy_atm|signal=last_hour_rejection|tgt=0.5|sl=0.3|days=all,directional,1137,718,0.0017594858546920793,0.021161730617945906,0.005099404583688627,0.03199569614824149,0.003409298383222459,0.3544415127528584,-13.771408871690117
dir|buy_atm|signal=last_hour_rejection|tgt=0.2|sl=0.2|days=nonexpiry,directional,917,573,0.004996577038302929,0.021157388977334657,0.011472582020521482,0.03030742761837546,0.004065440123322439,0.4143947655398037,-8.570318483874738
"theta|condor2_7|entry=5|legsl=0.25|tgt=None|sl=None|days=dte2|vix=(-3.0, 3.0)",theta,646,440,0.0018270078800365819,0.02108902582600991,0.04978527777730413,0.03170914556743254,0.011612726989959077,0.4984520123839009,-7.6944292664794025
theta|straddle|entry=5|legsl=0.5|tgt=0.5|sl=1.0|days=all|vix=None,theta,2409,1377,0.048628405199598414,0.020946693266955307,0.05057481950776477,0.014753383697565514,0.04549630152334616,0.49605645496056455,-0.689775961973138
dir|buy_otm1|signal=last_hour_rejection|tgt=0.2|sl=0.2|days=nonexpiry,directional,917,573,0.005244078625480081,0.020928651615027993,0.010760454389134089,0.0300572205825822,0.004493375508996644,0.4198473282442748,-6.910186401417107
dir|buy_otm1|signal=day_high_low_break|tgt=0.5|sl=0.3|days=nonexpiry,directional,1848,1041,0.00230383889929089,0.02065714223836923,0.010544555666289424,0.018613827184235543,0.014160003060099013,0.3777056277056277,-7.700816206127018
dir|buy_otm1|signal=last_hour_rejection|tgt=0.5|sl=0.3|days=all,directional,1104,695,0.001976227455154852,0.020644322780477786,0.005871178994585113,0.024526594487123132,0.003383542875091239,0.3541666666666667,-11.675525916175566
theta|condor2_7|entry=5|legsl=0.25|tgt=0.5|sl=1.0|days=dte2|vix=None,theta,863,563,0.002357974785450694,0.02056252645079093,0.04990023771706187,0.01939826692624158,0.028935025686352867,0.52954808806489,-4.721424750241691
theta|condor1_5|entry=15|legsl=0.5|tgt=None|sl=None|days=nonexpiry|vix=None,theta,2090,1179,0.0008502122779497928,0.020404043507578296,0.050002188587228824,0.01757534295177865,0.07966737370850785,0.46076555023923443,-11.534145708808994
theta|condor1_5|entry=15|legsl=0.5|tgt=None|sl=None|days=all|vix=None,theta,2097,1179,0.0008502122779497928,0.020404043507578296,0.050002188587228824,0.017324415793282144,0.08039941805476714,0.46113495469718646,-11.519978135587923
dir|buy_atm|signal=linreg_slope|tgt=0.2|sl=0.2|days=all,directional,2492,1437,0.0049897827370928025,0.020326631042574705,0.050590952596688776,-0.010388083340541976,0.05583644135121335,0.4875601926163724,-8.017103909583192
theta|condor1_5|entry=105|legsl=None|tgt=None|sl=None|days=nonexpiry|vix=None,theta,2090,1180,0.0017223735858630526,0.020232928615803614,0.050128984652751285,-0.054769286580292564,0.2606653712303001,0.3990430622009569,-21.232134055994344
theta|condor1_5|entry=105|legsl=None|tgt=None|sl=None|days=all|vix=None,theta,2098,1180,0.0017223735858630526,0.020232928615803614,0.050128984652751285,-0.05750900531339098,0.26444085192257216,0.39752144899904673,-21.59110132076833
dir|futures|signal=ema9_21|tgt=0.5|sl=0.3,futures,2354,1365,0.05385379459038343,0.020153662083611135,0.04942555725400821,0.03139983863955775,0.03534996311435323,0.40739167374681395,-0.8858326253186345
dir|buy_otm1|signal=open_direction|tgt=0.2|sl=0.2|days=all,directional,2406,1375,0.006522610660505973,0.019866603429373297,0.048688910603719826,0.01018059624492107,0.04555986930172673,0.5045719035743973,-10.317471951693173
dir|buy_otm1|signal=gap_fade|tgt=0.2|sl=0.2|days=nonexpiry,directional,665,427,0.012720794524755634,0.019801814931246664,0.04946146950121022,0.014377859962062978,0.027060213191559712,0.46616541353383456,-11.690070196166076
theta|straddle|entry=5|legsl=0.5|tgt=None|sl=None|days=dte2|vix=None,theta,1180,759,0.05427199887581247,0.019691098695634457,0.050067074399177014,0.027155727881839953,0.027983532875784478,0.4940677966101695,-5.211865108880657
"theta|condor2_7|entry=15|legsl=0.4|tgt=None|sl=None|days=nonexpiry|vix=(-3.0, 3.0)",theta,1453,845,0.0018612456016360037,0.019569269075002893,0.05000215351517101,-0.022428129253930007,0.16061043848736878,0.5113558155540262,-5.1062027487514605
"theta|condor2_7|entry=15|legsl=0.4|tgt=None|sl=None|days=all|vix=(-3.0, 3.0)",theta,1453,845,0.0018612456016360037,0.019569269075002893,0.05000215351517101,-0.022428129253930007,0.16061043848736878,0.5113558155540262,-5.1062027487514605
dir|futures|signal=orb|tgt=0.5|sl=0.3,futures,2555,1476,0.0736848038871125,0.01943628406783171,0.050598232864278,0.02904537972506649,0.06023228567608585,0.4117416829745597,-0.2235029354206615
theta|condor1_5|entry=5|legsl=0.4|tgt=None|sl=None|days=dte2|vix=None,theta,869,562,0.0006808102441916172,0.019315413075051913,0.05014298369360104,0.0491504477928395,0.011334049855052819,0.47756041426927504,-3.2535475741596476
dir|buy_atm|signal=last_hour_rejection|tgt=0.2|sl=0.2|days=all,directional,1137,718,0.0023341306845495948,0.0192487849560381,0.009706870613552465,0.03352634034364854,0.0032934044950643226,0.3755496921723835,-11.889849627435261
dir|buy_otm1|signal=momentum_1m|tgt=0.2|sl=0.2|days=nonexpiry,directional,1882,1085,0.0014078833592528995,0.019134448722449182,0.003575986115796348,0.026469866891492,0.0017743810627067758,0.422422954303932,-15.667794253058439
dir|buy_atm|signal=ema9_21|tgt=0.2|sl=0.2|days=nonexpiry,directional,1927,1092,0.002110220672557251,0.019070808572440257,0.005811680273798414,0.020955805708720465,0.004695354187610468,0.43746756616502336,-13.142833386011924
dir|buy_atm|signal=momentum_1m|tgt=0.2|sl=0.2|days=nonexpiry,directional,1882,1085,0.0017624331723381328,0.019063175034728097,0.004632901757607,0.025324299335626632,0.002574229520707183,0.44208289054197664,-15.338533529956589
"theta|condor2_7|entry=15|legsl=0.25|tgt=None|sl=None|days=nonexpiry|vix=(-3.0, 3.0)",theta,1453,845,0.0015553389911928735,0.01903314705783221,0.050052010664426216,-0.011593124086322404,0.1238074777906304,0.4741913282863042,-7.486162249897159
"theta|condor2_7|entry=15|legsl=0.25|tgt=None|sl=None|days=all|vix=(-3.0, 3.0)",theta,1453,845,0.0015553389911928735,0.01903314705783221,0.050052010664426216,-0.011593124086322404,0.1238074777906304,0.4741913282863042,-7.486162249897159
"theta|straddle|entry=5|legsl=None|tgt=0.5|sl=1.0|days=all|vix=(-3.0, 3.0)",theta,1711,991,0.018860278759516336,0.019030164057229237,0.017039066885324083,0.019149581450788045,0.011125260508515256,0.5242548217416715,-10.227322568428022
dir|credit_spread|signal=orb_reversal|tgt=None|sl=None|days=nonexpiry,directional,2089,1178,0.0009236427208560221,0.01900516184291612,0.049998747085799544,0.020366061329395446,0.024742483975330076,0.453326950694112,-14.70055382891555
dir|buy_atm|signal=bb_breakout|tgt=None|sl=None|days=nonexpiry,directional,2052,1162,0.004194298659009106,0.01895857115441335,0.04601798590758377,0.012240878720922055,0.03021811084479442,0.38937621832358676,-7.273727189411663
dir|futures|signal=open_direction|tgt=1.0|sl=0.5,futures,2558,1479,0.03520457258920592,0.018921016955954828,0.04101396528916168,0.029656150869079356,0.026370589730564165,0.4143862392494136,-4.439112587959358
dir|buy_atm|signal=open_direction|tgt=0.5|sl=0.3|days=nonexpiry,directional,2093,1182,0.0015172229998434803,0.01891851625421226,0.005096762143717792,0.023238025639584547,0.00426279543383834,0.3717152412804587,-18.0766677725036
dir|buy_otm1|signal=ema9_21|tgt=0.2|sl=0.2|days=nonexpiry,directional,1927,1092,0.0016208193604136396,0.018864702410517964,0.0029079730984282737,0.022238664994162827,0.005062425025292305,0.42397509081473794,-12.915090532426582
"theta|condor1_5|entry=5|legsl=0.25|tgt=None|sl=None|days=nonexpiry|vix=(-3.0, 3.0)",theta,1453,836,0.0012336457522453643,0.018856517921873817,0.05002304130281465,-0.006137529935889119,0.1060620249716806,0.428079834824501,-13.508698995035763
"theta|condor1_5|entry=5|legsl=0.25|tgt=None|sl=None|days=all|vix=(-3.0, 3.0)",theta,1459,836,0.0012336457522453643,0.018856517921873817,0.05002304130281465,-0.00706508727537658,0.10924285260857225,0.4283755997258396,-13.615227858382767
dir|futures|signal=sma20_cross|tgt=None|sl=None,futures,2504,1453,0.020555302497831118,0.018713039398233544,0.04890066277387817,0.04375205143239835,0.011889901428418503,0.4744408945686901,-2.932008785942547
dir|credit_spread|signal=ema9_21|tgt=None|sl=None|days=nonexpiry,directional,1926,1091,0.0010909789148305729,0.018690215905300178,0.04999456873005048,-0.04854888689632242,0.22704754339955358,0.43198338525441327,-13.026130496831696
dir|credit_spread|signal=day_high_low_break|tgt=0.5|sl=0.3|days=all,directional,2022,1130,0.006007212611095352,0.018658947911831092,0.04998070168760549,0.04402706368348053,0.10899947940385446,0.4065281899109792,-4.542006695723321
dir|credit_spread|signal=atr_roc|tgt=None|sl=None|days=nonexpiry,directional,2090,1180,0.0006469350866534851,0.01864361635819023,0.05007020435502019,0.007344596907012724,0.028491502754716902,0.4354066985645933,-11.680885402407942
dir|credit_spread|signal=momentum_1m|tgt=0.2|sl=0.2|days=nonexpiry,directional,1881,1084,0.0023634851291971415,0.018620573121220785,0.0501077723023704,-0.014982658886797728,0.22494723553255425,0.4609250398724083,-4.6927307927082476
dir|buy_otm1|signal=bb_breakout|tgt=0.5|sl=0.3|days=nonexpiry,directional,2052,1162,0.0019497283476263907,0.01861434957572561,0.009258088750315974,0.01863584421176534,0.006374696827435744,0.3664717348927875,-8.721234210462367
theta|straddle|entry=5|legsl=None|tgt=None|sl=None|days=all|vix=None,theta,2409,1377,0.02025015087952558,0.01854141501559292,0.0295843039673489,0.018702736240374662,0.01054471487915054,0.5176421751764217,-1.3403045301767431
dir|buy_otm1|signal=open_direction|tgt=0.5|sl=0.3|days=nonexpiry,directional,2093,1182,0.0012083359591906675,0.01851608159313245,0.004307600350143881,0.02277819483128063,0.0028943046103089287,0.3463927376970855,-18.71503371231874
dir|buy_otm1|signal=orb|tgt=0.2|sl=0.2|days=nonexpiry,directional,2089,1178,0.001460182032829296,0.018330828900497087,0.0038127492993516032,0.02399085831453962,0.0039533351255547355,0.4365725227381522,-12.24345262661683
dir|credit_spread|signal=momentum_1m|tgt=0.2|sl=0.2|days=all,directional,2072,1183,0.00207909153139414,0.01824839350364882,0.050112673693165743,-0.019485062952397603,0.20684745251914816,0.4555984555984556,-5.470581924063819
dir|buy_atm|signal=bb_breakout|tgt=0.2|sl=0.2|days=nonexpiry,directional,2052,1162,0.0019458588523588005,0.018156147656983368,0.004821656852409428,0.023614215616342582,0.0027038868476700895,0.44639376218323584,-9.0279044887104
dir|buy_atm|signal=orb|tgt=0.2|sl=0.2|days=nonexpiry,directional,2090,1179,0.0016605899834809814,0.018155940010194493,0.005588701983962663,0.02366418186877839,0.0043576690142574925,0.4473684210526316,-13.79703799750588
dir|buy_otm1|signal=bb_breakout|tgt=0.2|sl=0.2|days=nonexpiry,directional,2052,1162,0.0015162842019239113,0.01813981648853291,0.0050092098377029215,0.023749678199789903,0.0016536168944724094,0.4273879142300195,-9.371630529827542
dir|futures|signal=open_direction|tgt=0.5|sl=0.3,futures,2558,1479,0.05427855881432041,0.01812236226473951,0.049808942749437035,0.02218423507147893,0.03066050531576603,0.40265832681782643,-3.325938232994501
theta|condor1_5|entry=5|legsl=0.25|tgt=None|sl=None|days=dte2|vix=None,theta,869,562,0.0005879236073954544,0.018106263941323864,0.05013149586281218,0.04436998355501065,0.008863087309660789,0.4533947065592635,-7.982011598096763
dir|buy_otm1|signal=rsi_reversal|tgt=None|sl=None|days=nonexpiry,directional,2074,1171,0.0027805042856954313,0.01809187789409905,0.050645153826174294,0.03559160880753498,0.016986129797633698,0.3760848601735776,-14.309071222468996
dir|futures|signal=stochastic|tgt=1.0|sl=0.5,futures,2528,1462,0.023719045683866798,0.01808856237079004,0.021964096581504555,0.03009268405888177,0.015492501326808905,0.43314873417721517,-8.172685917721417
dir|buy_otm1|signal=orb|tgt=0.5|sl=0.3|days=nonexpiry,directional,2089,1178,0.0011781638312196004,0.018023212322305637,0.004967445701459239,0.023100434196231756,0.0032586215554828435,0.34514121589277164,-15.679377809983798
dir|buy_atm|signal=rsi_reversal|tgt=0.2|sl=0.2|days=nonexpiry,directional,2075,1172,0.003131772402012318,0.017919598214719556,0.01044169061613387,0.026111805567222923,0.005370915825295142,0.48771084337349396,-7.7222095822621535
dir|buy_otm1|signal=rsi_momentum|tgt=0.2|sl=0.2|days=nonexpiry,directional,2075,1172,0.0015836901361042112,0.017779104068097906,0.006301289170869251,0.020633729090977715,0.004144586538717965,0.4279518072289157,-14.901442108485211
dir|debit_spread|signal=gap_fade|tgt=0.2|sl=0.2|days=nonexpiry,directional,665,427,0.0009803793867009065,0.01775704248217691,0.052146124545342065,0.02627204548908968,0.014283366815743936,0.30526315789473685,-15.084738575125101
theta|condor2_7|entry=5|legsl=0.25|tgt=None|sl=None|days=dte2|vix=None,theta,863,563,0.0021412604045795043,0.017680926401910435,0.05003247381474929,0.024180777572566203,0.022770621353147114,0.5040556199304751,-3.749949936789851
theta|condor2_7|entry=15|legsl=0.25|tgt=None|sl=None|days=dte2|vix=None,theta,862,562,0.0013561512427820647,0.017639958841413783,0.04988342039175231,0.033846483191791066,0.009278184766167596,0.5046403712296984,-4.241512745091788
dir|buy_otm1|signal=ema9_21|tgt=0.2|sl=0.2|days=all,directional,2219,1275,0.0019716070254115555,0.01763180910959483,0.005020816232866765,0.02101648678882806,0.005069140587132259,0.455610635421361,-10.63425458754221
theta|straddle|entry=5|legsl=0.5|tgt=0.5|sl=1.0|days=dte2|vix=None,theta,1180,759,0.05421255379730306,0.01741985288421488,0.050082589415012535,0.025483916988934485,0.029436608943087084,0.4940677966101695,-6.517776593445422
theta|condor1_5|entry=15|legsl=0.25|tgt=None|sl=None|days=dte2|vix=None,theta,869,562,0.00028668995928581253,0.017291885019959485,0.05003796714101982,0.03122392868233148,0.003135568803568023,0.46835443037974683,-8.660562880522093
dir|buy_otm1|signal=bb_breakout|tgt=None|sl=None|days=nonexpiry,directional,2052,1162,0.0036665053400472677,0.017284460828290937,0.046428370148849374,0.010518332497261085,0.02552237790083567,0.36208576998050684,-8.125379164098064
dir|buy_atm|signal=rsi_reversal|tgt=0.5|sl=0.3|days=nonexpiry,directional,2075,1172,0.002324482034111728,0.017261425772026495,0.01269142755939967,0.024996262634677358,0.007694198198427649,0.3946987951807229,-12.57936901496979
"theta|condor1_5|entry=105|legsl=None|tgt=None|sl=None|days=nonexpiry|vix=(-3.0, 3.0)",theta,1391,791,0.001992747644832845,0.017213136338095625,0.050007822482701636,-0.03864879393552556,0.22823498237315443,0.406901509705248,-19.362417820288414
"theta|condor1_5|entry=105|legsl=None|tgt=None|sl=None|days=all|vix=(-3.0, 3.0)",theta,1396,791,0.001992747644832845,0.017213136338095625,0.050007822482701636,-0.04062302810281604,0.22859670185508552,0.4054441260744986,-19.68433667109313
dir|buy_otm1|signal=day_high_low_break|tgt=0.5|sl=0.3|days=all,directional,2156,1241,0.0015270682632525538,0.017122943332730234,0.008453705306185721,0.01905291610420856,0.00896430077057453,0.36131725417439703,-10.647129875759912
dir|buy_atm|signal=orb_reversal|tgt=0.5|sl=0.3|days=nonexpiry,directional,2090,1179,0.004480508222739377,0.01711922205491545,0.049585990585347406,0.005713483339141234,0.05569967424920408,0.3985645933014354,-13.886034797814476
dir|buy_otm1|signal=linreg_slope|tgt=0.2|sl=0.2|days=nonexpiry,directional,2092,1181,0.0015998661370593549,0.01706985359939539,0.00868285326852003,0.01747132554066999,0.006108831073181609,0.4173040152963671,-13.233072124977186
dir|buy_atm|signal=day_high_low_break|tgt=0.5|sl=0.3|days=all,directional,2211,1280,0.0021160590072111683,0.016963930546472827,0.012674765583446268,0.02614588614237623,0.01098561637736195,0.378561736770692,-10.878378406597822
dir|buy_otm1|signal=macd|tgt=0.2|sl=0.2|days=nonexpiry,directional,2092,1181,0.0018051656535983118,0.01693141267648901,0.008546215774281385,0.01926110666151093,0.003699305883596904,0.43690248565965584,-12.808375310624308
longvol|long_straddle|signal=orb|tgt=0.3|sl=0.3|days=all,longvol,2413,1384,0.003562101458624201,0.01684363993313931,0.05047035273975664,0.021630115917692594,0.011004350969114896,0.4492333195192706,-20.804090633091963
theta|straddle|entry=5|legsl=None|tgt=0.5|sl=1.0|days=nonexpiry|vix=None,theta,2092,1181,0.021592596686292525,0.016811150466357505,0.026220743749398867,0.018096856731995903,0.01228965130086479,0.5090822179732314,-5.687740048176929
dir|debit_spread|signal=gap_fade|tgt=0.2|sl=0.2|days=all,directional,716,456,0.0009815926125223968,0.016674638849099033,0.05180718648269045,0.024102472009373876,0.014315889444992846,0.3128491620111732,-14.568061138451432
theta|condor1_5|entry=5|legsl=0.5|tgt=None|sl=None|days=all|vix=None,theta,2098,1180,0.0005717587141370725,0.016614602301072257,0.04985317384806476,0.009875863439751997,0.062272409334220735,0.45948522402287895,-7.991130632789827
theta|condor1_5|entry=5|legsl=0.5|tgt=None|sl=None|days=nonexpiry|vix=None,theta,2091,1180,0.0005717587141370725,0.016614602301072257,0.04985317384806476,0.009791949182261561,0.06144335495602338,0.4600669536107126,-8.056638309423874
dir|buy_otm1|signal=day_high_low_break|tgt=0.2|sl=0.2|days=nonexpiry,directional,1848,1041,0.0028036100777301632,0.0165966173518568,0.012399240133330158,0.016370209644499978,0.009545404496015597,0.4458874458874459,-7.88302400954358
dir|buy_atm|signal=linreg_slope|tgt=0.2|sl=0.2|days=nonexpiry,directional,2091,1180,0.0025150950448915186,0.016579393885253646,0.012313023907254306,0.01381906063343119,0.011025853420377096,0.4514586322333812,-12.28603675687216
dir|buy_otm1|signal=bb_breakout|tgt=0.2|sl=0.2|days=all,directional,2396,1376,0.0014631146636047958,0.01653929376828356,0.006778426674483362,0.01922534343311355,0.002447773953067278,0.43280467445742904,-9.509345484981951
dir|buy_atm|signal=ema9_21|tgt=0.5|sl=0.3|days=nonexpiry,directional,1927,1092,0.001795321580788962,0.01638301724211355,0.010484378149284157,0.022458455713721737,0.007777446572489799,0.36481577581733265,-17.8889422006612
dir|credit_spread|signal=ema9_21|tgt=0.2|sl=0.2|days=all,directional,2116,1186,0.004998087804213025,0.016360918913983724,0.045346123241972625,-0.07124516853618823,0.2870935252151199,0.4499054820415879,-6.980802815740185
theta|condor2_7|entry=15|legsl=0.25|tgt=None|sl=None|days=all|vix=None,theta,2090,1179,0.0016805197883622122,0.016281105242335503,0.050000903854779954,-0.026318396328177673,0.20814632776996556,0.48229665071770333,-7.129269666620822
theta|condor2_7|entry=15|legsl=0.25|tgt=None|sl=None|days=nonexpiry|vix=None,theta,2090,1179,0.0016805197883622122,0.016281105242335503,0.050000903854779954,-0.026318396328177673,0.20814632776996556,0.48229665071770333,-7.129269666620822
dir|buy_atm|signal=bb_breakout|tgt=0.5|sl=0.3|days=nonexpiry,directional,2052,1162,0.004232433691488428,0.016158117754493828,0.03603933489975608,0.010240245016573724,0.018202156663859825,0.3932748538011696,-6.836115097971687
dir|credit_spread|signal=bb_breakout|tgt=0.5|sl=0.3|days=nonexpiry,directional,2051,1161,0.005939770847687827,0.01614348873389626,0.05018429583190975,0.010904112710411695,0.1502406728920732,0.3793271574841541,-6.016406679383608
dir|buy_otm1|signal=momentum_1m|tgt=0.5|sl=0.3|days=nonexpiry,directional,1882,1085,0.0015834674897919245,0.01610500032026496,0.009870826293222779,0.023966073124657816,0.005283086832041262,0.34484590860786396,-17.51348075214025
dir|credit_spread|signal=gap_follow|tgt=0.2|sl=0.2|days=all,directional,707,452,0.00294938815089562,0.016030402407581246,0.028785133467197244,-0.08922873625835948,0.33517763867969685,0.33663366336633666,-12.785289315662677
dir|buy_otm1|signal=sma20_cross|tgt=0.2|sl=0.2|days=nonexpiry,directional,2044,1158,0.0014711928266375465,0.01601264212457898,0.007644358491217806,0.0205592786512534,0.004565061651452651,0.40166340508806264,-13.151328971586581
dir|buy_otm1|signal=atr_roc|tgt=0.2|sl=0.2|days=nonexpiry,directional,2090,1180,0.0020683634470367706,0.015955198064467657,0.01206660534657611,0.02111647216683754,0.004849799639043195,0.44019138755980863,-9.90359004631225
theta|straddle|entry=15|legsl=None|tgt=None|sl=None|days=nonexpiry|vix=None,theta,2093,1182,0.021731533494296913,0.015898036663889226,0.03162025372720245,0.014171376067812602,0.02283612512344202,0.5179168657429527,-6.055400624482528
dir|buy_atm|signal=bb_breakout|tgt=0.2|sl=0.2|days=all,directional,2463,1420,0.001894973772845787,0.01580026435356241,0.009746829186448647,0.016342443451973887,0.010211731854576467,0.44173771822980107,-9.697719604131947
dir|buy_otm1|signal=momentum_1m|tgt=0.2|sl=0.2|days=all,directional,2157,1258,0.002310754686370011,0.01571621762148423,0.012055766838099613,0.025356990746293606,0.005699117035467549,0.4663885025498377,-12.19182450680474
dir|buy_atm|signal=orb|tgt=None|sl=None|days=nonexpiry,directional,2090,1179,0.00326834754430499,0.015692768843791338,0.05014119999935451,0.031160815779381235,0.04206590237193497,0.3861244019138756,-13.87534840171303
theta|straddle|entry=15|legsl=None|tgt=0.5|sl=1.0|days=nonexpiry|vix=None,theta,2093,1182,0.027297291708453523,0.015643789615060077,0.04258481634542455,0.013548599048325727,0.026771289397439224,0.5179168657429527,-4.927831193966782
"theta|straddle|entry=15|legsl=None|tgt=0.5|sl=1.0|days=expiry|vix=(-3.0, 3.0)",theta,252,149,0.11265139695964857,0.015534704996392756,0.09767784269934632,0.00192086072258979,0.10828931998237401,0.5634920634920635,-42.85417799595801
"theta|butterfly6|entry=5|legsl=None|tgt=None|sl=None|days=all|vix=(-3.0, 3.0)",theta,1453,836,0.0005683985764496242,0.015510566165768624,0.05000707718555908,0.02880123456110928,0.00804963961260341,0.4328974535443909,-25.415858918705315
"theta|butterfly6|entry=5|legsl=None|tgt=None|sl=None|days=nonexpiry|vix=(-3.0, 3.0)",theta,1453,836,0.0005683985764496242,0.015510566165768624,0.05000707718555908,0.02880123456110928,0.00804963961260341,0.4328974535443909,-25.415858918705315
dir|buy_atm|signal=macd|tgt=0.5|sl=0.3|days=all,directional,2492,1434,0.004539079718448778,0.015424535609747103,0.03774904215779806,-0.003941539902872049,0.07573908770143378,0.38402889245585875,-14.280382358327532
theta|straddle|entry=5|legsl=None|tgt=None|sl=None|days=nonexpiry|vix=None,theta,2092,1181,0.019451556360007696,0.01524384864985584,0.029475068499280166,0.01822263752651554,0.011665540331462942,0.5090822179732314,-6.772505214182416
dir|debit_spread|signal=gap_follow|tgt=0.5|sl=0.3|days=nonexpiry,directional,664,426,0.0012895540175499505,0.015084449849664505,0.05334126571139319,0.03541824183004483,0.027582318317307952,0.2876506024096386,-30.99447924073355
dir|buy_atm|signal=open_direction|tgt=None|sl=None|days=nonexpiry,directional,2093,1182,0.005073494414648545,0.015031857613558408,0.04942943981921044,0.0283283319247134,0.04321748394627023,0.3817486860965122,-16.12832796055793
dir|buy_otm1|signal=rsi_momentum|tgt=0.5|sl=0.3|days=nonexpiry,directional,2075,1172,0.0014924590056350896,0.01501879556924246,0.011639066661518593,0.02077126117929118,0.0039237036378093615,0.35036144578313255,-16.754909443352023
dir|futures|signal=macd|tgt=1.0|sl=0.5,futures,2558,1479,0.03968593274679637,0.014972830257610203,0.049200950694243684,0.023801382465215903,0.054864947372286865,0.4261141516810008,-5.097243940578568
dir|credit_spread|signal=last_hour_rejection|tgt=0.2|sl=0.2|days=all,directional,1030,630,0.0033913288600201253,0.01492768940509781,0.037124257521180204,-0.01009720693215177,0.04398657602609246,0.27184466019417475,-11.614275590232275
dir|buy_atm|signal=last_hour_rejection|tgt=0.5|sl=0.3|days=nonexpiry,directional,917,573,0.00887278293135683,0.014874107081448207,0.02909561028873109,0.018795592868190658,0.012132684728223042,0.4089422028353326,-7.864366838087044
dir|credit_spread|signal=day_high_low_break|tgt=None|sl=None|days=nonexpiry,directional,1847,1040,0.0008387984869673774,0.014868441504661156,0.049571605453817114,0.011176513210410466,0.04585956302753724,0.4271792095289659,-10.78144045328668
dir|buy_otm1|signal=sma20_cross|tgt=None|sl=None|days=nonexpiry,directional,2044,1158,0.0026232624683620856,0.014835559022394085,0.050272061894437114,0.015504062131132423,0.018574896414463415,0.3542074363992172,-11.639086878686966
dir|debit_spread|signal=gap_follow|tgt=0.5|sl=0.3|days=all,directional,721,462,0.0012602860727768809,0.014826640197614038,0.05275763395691235,0.033943142744462085,0.02725230598872752,0.30097087378640774,-28.805295910320815
dir|buy_atm|signal=linreg_slope|tgt=0.5|sl=0.3|days=all,directional,2492,1437,0.002232394241415203,0.014620286969550866,0.0495585139047624,0.0048186111432895196,0.02605275138087637,0.3812199036918138,-13.274847695867667
dir|buy_atm|signal=bb_breakout|tgt=0.5|sl=0.3|days=all,directional,2463,1420,0.0015681323167585923,0.014608318909976159,0.012489345305358168,0.012441541714832471,0.013448079195234386,0.35931790499390986,-12.746644153783006
dir|futures|signal=last_hour_rejection|tgt=0.5|sl=0.3,futures,1160,735,0.06054449253788342,0.014509453382230086,0.05024062413863728,0.0343118342717843,0.007932326885369156,0.4844827586206897,-5.83874999999996
dir|credit_spread|signal=gap_follow|tgt=0.2|sl=0.2|days=nonexpiry,directional,665,427,0.0034106780759818205,0.014486250738047879,0.036085535073295705,-0.1090311616510592,0.39582639889149285,0.3308270676691729,-13.149312101134681
dir|buy_atm|signal=macd|tgt=0.2|sl=0.2|days=nonexpiry,directional,2093,1182,0.002256368525132596,0.014481092366573245,0.014094382120500182,0.019838746157216702,0.0039782820651395046,0.44577161968466317,-12.555937953881537
dir|futures|signal=last_hour_rejection|tgt=1.0|sl=0.5,futures,1160,735,0.05398456405982896,0.014464178004462536,0.04987392561341253,0.032143550979999214,0.012435374400034283,0.4991379310344828,-7.779310344827516
dir|buy_atm|signal=open_direction|tgt=0.2|sl=0.2|days=nonexpiry,directional,2093,1182,0.0028254317785489525,0.014340493666248122,0.016122646874252577,0.01608934677674556,0.006436558797554559,0.46297181079789773,-14.739390360216632
dir|credit_spread|signal=last_hour_rejection|tgt=None|sl=None|days=all,directional,1030,630,0.00035438253831077994,0.014314899155506877,0.049999985441160355,0.02840408668929384,0.0014945515219448868,0.26601941747572816,-17.546261433476385
dir|buy_otm1|signal=last_hour_rejection|tgt=0.5|sl=0.3|days=nonexpiry,directional,917,573,0.00972176015742667,0.014222733205327298,0.03540501186224787,0.015374500154378357,0.015064892862724721,0.411123227917121,-6.477967439774209
dir|futures|signal=macd|tgt=0.5|sl=0.3,futures,2558,1479,0.06437317313298148,0.01420483470683398,0.04938756101988895,0.03327569051497514,0.026128694798017826,0.4108678655199374,-0.7674159499609202
dir|buy_atm|signal=bb_fade|tgt=0.2|sl=0.2|days=nonexpiry,directional,2052,1162,0.0032898240863562544,0.014073148487698806,0.038973339885198466,0.010800276701925071,0.010993131779006737,0.4512670565302144,-11.85537241811176
"theta|condor2_7|entry=15|legsl=None|tgt=None|sl=None|days=nonexpiry|vix=(-3.0, 3.0)",theta,1453,845,0.0008576998788298744,0.014072104980013211,0.050015090440713394,-0.0045230469432888665,0.07755294744749563,0.5189263592567103,-12.07296880697884
"theta|condor2_7|entry=15|legsl=None|tgt=None|sl=None|days=all|vix=(-3.0, 3.0)",theta,1453,845,0.0008576998788298744,0.014072104980013211,0.050015090440713394,-0.0045230469432888665,0.07755294744749563,0.5189263592567103,-12.07296880697884
dir|buy_otm1|signal=macd|tgt=0.2|sl=0.2|days=all,directional,2399,1373,0.003835806049477496,0.014054879341356408,0.028715891730688003,0.01319448429539527,0.012579745758716343,0.48603584827011254,-9.150711413721782
dir|buy_atm|signal=day_high_low_break|tgt=0.2|sl=0.2|days=nonexpiry,directional,1848,1041,0.004354794918925294,0.014046887420933407,0.018889407445469186,0.008984087456326728,0.015275684054755878,0.4583333333333333,-8.323316895579879
dir|buy_otm1|signal=bb_breakout|tgt=0.5|sl=0.3|days=all,directional,2396,1376,0.0014091473704056555,0.01399689796212611,0.0106233040531446,0.01336470415252311,0.00439991683030827,0.3443238731218698,-13.007248624640834
dir|futures|signal=sma20_cross|tgt=0.5|sl=0.3,futures,2504,1453,0.031045932345574682,0.01391675027991357,0.04927848081947017,0.03384183652151229,0.012619332739193911,0.402555910543131,-5.151357827476036
dir|buy_otm1|signal=orb|tgt=None|sl=None|days=all,directional,2400,1375,0.0018034935837922558,0.013834474338343838,0.05018690150738048,0.01227610236315746,0.03557361271764481,0.3458333333333333,-14.97429711885303
dir|credit_spread|signal=last_hour_rejection|tgt=0.5|sl=0.3|days=all,directional,1030,630,0.0030354029062277773,0.013823733066191224,0.033925444179960795,-0.007623261555497307,0.03496595799905089,0.2650485436893204,-12.37792725476478
dir|credit_spread|signal=bb_fade|tgt=0.5|sl=0.3|days=nonexpiry,directional,2051,1161,0.003089410517183957,0.013731234864894581,0.05012120927472652,-0.04380286211205142,0.23676088826917097,0.3924914675767918,-8.652698605377926
dir|debit_spread|signal=gap_follow|tgt=0.2|sl=0.2|days=nonexpiry,directional,664,426,0.001206771512886388,0.013724640076873795,0.054278670586313194,0.025275555526603544,0.015219072952253221,0.24548192771084337,-27.13518730525377
theta|condor1_5|entry=15|legsl=0.25|tgt=0.5|sl=1.0|days=all|vix=None,theta,2097,1179,0.0006733365633782559,0.013622502786732937,0.05028061668041117,-0.008625839622754428,0.09790728823005779,0.4759179780639008,-10.652951601875477
theta|condor1_5|entry=15|legsl=0.25|tgt=0.5|sl=1.0|days=nonexpiry|vix=None,theta,2090,1179,0.0006733365633782559,0.013622502786732937,0.05028061668041117,-0.008692733857087687,0.09786391380073478,0.47416267942583734,-10.926010953226278
theta|straddle|entry=5|legsl=None|tgt=0.5|sl=1.0|days=expiry|vix=None,theta,317,196,0.038138514451744744,0.013608207980459808,0.02618286462877928,0.020004665792936915,0.01582201719461518,0.4479495268138801,-78.14685063153036
dir|buy_otm1|signal=rsi_momentum|tgt=0.2|sl=0.2|days=all,directional,2388,1365,0.0033863944528000913,0.013553458998513568,0.01824686117166363,0.015188124345963061,0.01715616634235273,0.47738693467336685,-11.23391209950599
dir|buy_atm|signal=day_high_low_break|tgt=0.2|sl=0.2|days=all,directional,2211,1280,0.004962797767369992,0.01354025385192359,0.028208130371484064,0.02405737566988475,0.027199432911473975,0.4663048394391678,-7.591271184236148
"theta|condor1_5|entry=15|legsl=0.25|tgt=0.5|sl=1.0|days=nonexpiry|vix=(-3.0, 3.0)",theta,1453,845,0.0007224624756285721,0.013514043289057698,0.05004181985862366,-0.00497469441934717,0.07296742213257146,0.46111493461803166,-14.401562048425374
"theta|condor1_5|entry=15|legsl=0.25|tgt=0.5|sl=1.0|days=all|vix=(-3.0, 3.0)",theta,1458,845,0.0007224624756285721,0.013514043289057698,0.05004181985862366,-0.004990267824824368,0.07301966344813637,0.46296296296296297,-14.14167580002882
dir|debit_spread|signal=gap_follow|tgt=0.2|sl=0.2|days=all,directional,721,462,0.0011677300335903933,0.013432843985707876,0.053227545508118146,0.02458911822596055,0.014331339360531214,0.26907073509015256,-25.29833548000757
dir|buy_otm1|signal=macd|tgt=0.5|sl=0.3|days=all,directional,2399,1373,0.0027795918925360183,0.013359825534463798,0.04933480967610637,0.01427257552994421,0.018231546159370726,0.3822426010837849,-14.622526184978858
dir|buy_otm1|signal=sma20_cross|tgt=0.2|sl=0.2|days=all,directional,2371,1358,0.0018110554881945956,0.013094064982829279,0.012804824324463393,0.013928082414473852,0.006400840041809519,0.4247153099957824,-11.183455218343681
dir|buy_otm1|signal=rsi_reversal|tgt=None|sl=None|days=all,directional,2375,1354,0.0019696007258810763,0.012994428472637987,0.055759948399136894,0.021120376192594437,0.01747734598401085,0.35957894736842105,-16.527458948425746
dir|credit_spread|signal=sma20_cross|tgt=0.5|sl=0.3|days=all,directional,2237,1257,0.0023088822566703394,0.01287333099062904,0.023588902475867313,-0.0005828639173044436,0.07447884266301619,0.39204291461779167,-7.9406612165442105
theta|condor1_5|entry=5|legsl=0.4|tgt=None|sl=None|days=nonexpiry|vix=None,theta,2091,1180,0.0005293225681329716,0.012832322447763778,0.049825718647546036,0.007724550329368585,0.059133407332872645,0.4485891917742707,-9.012389928391048
theta|condor1_5|entry=5|legsl=0.4|tgt=None|sl=None|days=all|vix=None,theta,2098,1180,0.0005293225681329716,0.012832322447763778,0.049825718647546036,0.007854861710963723,0.05849633791612763,0.44852240228789325,-8.87774590493617
dir|credit_spread|signal=momentum_1m|tgt=None|sl=None|days=nonexpiry,directional,1881,1084,0.00015711547968897416,0.012628090214218624,0.04945784514060425,0.021761319069800278,0.026249704914202976,0.4502923976608187,-14.771092320705334
dir|credit_spread|signal=linreg_slope|tgt=None|sl=None|days=nonexpiry,directional,2091,1181,0.00016442261550544723,0.01257127934423985,0.05001190701585145,0.014530730381755896,0.018259888926699164,0.4117647058823529,-16.306228842764938
dir|buy_otm1|signal=last_hour_rejection|tgt=None|sl=None|days=nonexpiry,directional,917,573,0.009520082752641061,0.0124503378676446,0.04955941318688517,0.014893338344988738,0.026218593804376855,0.4122137404580153,-6.242775663877132
theta|straddle|entry=5|legsl=0.5|tgt=0.5|sl=1.0|days=expiry|vix=None,theta,317,196,0.030355151363691324,0.012390398892657917,0.01908461922442206,0.02722268663901417,0.005086108866493633,0.22397476340694006,-85.11835587742495
dir|futures|signal=rsi_momentum|tgt=0.5|sl=0.3,futures,2534,1464,0.07483159781379918,0.012282892461666473,0.0505510343887956,0.03111962638415844,0.04462514147924912,0.4080505130228887,-0.5936464088397909
dir|buy_atm|signal=orb_reversal|tgt=0.2|sl=0.2|days=nonexpiry,directional,2090,1179,0.006160227216607805,0.012105485055028398,0.0453789888285554,0.009478343013928914,0.027284163353526347,0.49186602870813395,-9.582534117867501
dir|credit_spread|signal=rsi_reversal|tgt=0.2|sl=0.2|days=nonexpiry,directional,2075,1172,0.00633402330515255,0.01208275983270557,0.04971016736471634,-0.04192993051347116,0.1984732241412408,0.4727710843373494,-7.577725741062395
dir|debit_spread|signal=last_hour_rejection|tgt=0.5|sl=0.3|days=all,directional,1084,675,0.002916345643779298,0.01199182970979673,0.05068722339409415,-0.0032452732774042037,0.06241615728877736,0.2988929889298893,-7.601390692181748
dir|credit_spread|signal=bb_breakout|tgt=None|sl=None|days=nonexpiry,directional,2051,1161,0.0008415755881408283,0.011976089629844422,0.04992100210695283,0.008433061644902429,0.02537362089055817,0.39590443686006827,-12.529516250263013
dir|buy_atm|signal=sma20_cross|tgt=None|sl=None|days=nonexpiry,directional,2044,1158,0.002924874901230564,0.011895755526679652,0.05043438334037842,0.015881159764395525,0.020357943455961647,0.3698630136986301,-12.149074945104566
dir|buy_atm|signal=rsi_momentum|tgt=0.2|sl=0.2|days=nonexpiry,directional,2075,1172,0.0025445363553391266,0.011878919381710151,0.018511001317211506,0.014971936169771105,0.009303473909431648,0.4424096385542169,-15.022650208475502
dir|buy_otm1|signal=momentum_1m|tgt=None|sl=None|days=all,directional,2157,1258,0.0018300383788130467,0.011862777085871246,0.053148543632222434,0.01534181532377965,0.017233702294911613,0.3375057950857673,-19.46725625568703
theta|straddle|entry=15|legsl=None|tgt=0.5|sl=1.0|days=all|vix=None,theta,2418,1385,0.011481093651039272,0.011796250343463877,0.015844334429820806,0.013057763049669324,0.011511888876679754,0.521505376344086,-10.359958763345398
dir|credit_spread|signal=orb|tgt=0.2|sl=0.2|days=nonexpiry,directional,2090,1179,0.002925219010676219,0.01164132861790268,0.049932083539537375,-0.0333857176134047,0.2619929302330959,0.43923444976076553,-5.35667963400526
dir|credit_spread|signal=rsi_momentum|tgt=None|sl=None|days=nonexpiry,directional,2074,1171,0.00019524586295141292,0.011607354569696415,0.04983542916085193,0.012394115414128493,0.022358790482364443,0.44214079074252655,-16.455114807990615
dir|buy_atm|signal=last_hour_rejection|tgt=None|sl=None|days=nonexpiry,directional,917,573,0.008509320645240334,0.011534134852860367,0.03966372592834999,0.018074547144660835,0.017329810992078643,0.4100327153762268,-7.842920723585422
dir|buy_atm|signal=atr_roc|tgt=0.5|sl=0.3|days=nonexpiry,directional,2089,1179,0.004284641826527045,0.011507890870408932,0.04953130239217007,0.01250084812883645,0.02048440399083129,0.39444710387745335,-9.40235001764439
dir|buy_otm1|signal=ema9_21|tgt=0.5|sl=0.3|days=all,directional,2219,1275,0.00279194199814882,0.011349175430528158,0.05027449250463434,0.01406016755521522,0.019503936114085296,0.37269040108156826,-14.709792001199057
dir|buy_otm1|signal=momentum_1m|tgt=0.5|sl=0.3|days=all,directional,2157,1258,0.006170318569323932,0.01130399771667312,0.04990330842779145,0.022899954432149094,0.02913946874797102,0.3894297635605007,-11.788344420246023
"theta|condor2_7|entry=5|legsl=0.25|tgt=None|sl=None|days=nonexpiry|vix=(-3.0, 3.0)",theta,1452,835,0.001241407870582225,0.011244833672110266,0.0499931241001742,-0.006454908368826229,0.06706799719998413,0.4621212121212121,-11.725900926070292
"theta|condor2_7|entry=5|legsl=0.25|tgt=None|sl=None|days=all|vix=(-3.0, 3.0)",theta,1452,835,0.001241407870582225,0.011244833672110266,0.0499931241001742,-0.006454908368826229,0.06706799719998413,0.4621212121212121,-11.725900926070292
dir|buy_atm|signal=momentum_1m|tgt=0.5|sl=0.3|days=nonexpiry,directional,1882,1085,0.0028241877063731853,0.011201027470377323,0.022095307884215654,0.020885181728819147,0.012401673247430689,0.3708820403825717,-15.100969999639691
dir|credit_spread|signal=linreg_slope|tgt=0.2|sl=0.2|days=nonexpiry,directional,2091,1181,0.00139006278633317,0.011118861854054751,0.0500597603792704,-0.008637434255172494,0.07627682355737053,0.42276422764227645,-8.581855333429498
dir|credit_spread|signal=orb|tgt=None|sl=None|days=nonexpiry,directional,2090,1179,0.00012423876180385363,0.011098089906003361,0.05023817077024617,0.005749856613015858,0.05208654246246136,0.42392344497607654,-17.0224062071782
theta|straddle|entry=5|legsl=None|tgt=0.5|sl=1.0|days=all|vix=None,theta,2409,1377,0.009512816613783434,0.01109168494321544,0.009091155024238962,0.01392260771775633,0.006859481980098003,0.5010377750103777,-15.222625085504879
dir|credit_spread|signal=stochastic|tgt=0.5|sl=0.3|days=nonexpiry,directional,2073,1172,0.0026729439842361007,0.010997680222227801,0.016829040718902233,-0.010118518081579375,0.10072991119908148,0.3810902074288471,-8.68173198473609
"theta|condor2_7|entry=5|legsl=0.25|tgt=0.5|sl=1.0|days=nonexpiry|vix=(-3.0, 3.0)",theta,1452,835,0.0012336650758027956,0.010981880914594289,0.04998838676809381,-0.011808472955683214,0.07523832574190459,0.4765840220385675,-13.946785126999245
"theta|condor2_7|entry=5|legsl=0.25|tgt=0.5|sl=1.0|days=all|vix=(-3.0, 3.0)",theta,1452,835,0.0012336650758027956,0.010981880914594289,0.04998838676809381,-0.011808472955683214,0.07523832574190459,0.4765840220385675,-13.946785126999245
dir|debit_spread|signal=last_hour_rejection|tgt=None|sl=None|days=nonexpiry,directional,917,573,0.00211640413265814,0.010770496199798307,0.019689794145364203,0.0001387719412118127,0.045583711209003286,0.23446019629225737,-10.640212964554001
dir|credit_spread|signal=atr_roc|tgt=0.2|sl=0.2|days=nonexpiry,directional,2090,1180,0.002946873269257991,0.01065885158756319,0.05020330668831474,-0.018644560521973275,0.10503260045178509,0.454066985645933,-6.949344827802559
dir|buy_atm|signal=rsi_reversal|tgt=None|sl=None|days=nonexpiry,directional,2075,1172,0.003598015273203864,0.010053058341993326,0.04851429666072382,0.043125459400493504,0.02647271746774471,0.39518072289156625,-12.856389792531944
dir|credit_spread|signal=orb_reversal|tgt=0.2|sl=0.2|days=nonexpiry,directional,2089,1178,0.003562182326695217,0.009930909955692124,0.049543435956908355,-0.01445781412960645,0.07354056912140539,0.47247486835806607,-7.578811845983712
dir|buy_atm|signal=bb_fade|tgt=0.5|sl=0.3|days=nonexpiry,directional,2052,1162,0.0026679402800892306,0.009917343139792978,0.04574819849849632,0.013182233108174124,0.015039493636780588,0.38693957115009747,-14.4858948659618
dir|buy_otm1|signal=atr_roc|tgt=0.5|sl=0.3|days=all,directional,2423,1388,0.0030602906379149806,0.009810668430235925,0.0502623622095979,0.006914302852786047,0.03774204103183998,0.3664878250103178,-11.01638693196686
"theta|condor1_5|entry=5|legsl=0.25|tgt=0.5|sl=1.0|days=nonexpiry|vix=(-3.0, 3.0)",theta,1453,836,0.0009465379159488968,0.009726657392935545,0.050003788769325985,-0.005525356681335913,0.08821769711769356,0.4576737783895389,-15.824102320837637
"theta|condor1_5|entry=5|legsl=0.25|tgt=0.5|sl=1.0|days=all|vix=(-3.0, 3.0)",theta,1459,836,0.0009465379159488968,0.009726657392935545,0.050003788769325985,-0.0050430879583927,0.08811577731472187,0.4599040438656614,-15.405900345121045
"theta|condor1_5|entry=15|legsl=0.4|tgt=None|sl=None|days=all|vix=(-3.0, 3.0)",theta,1458,845,0.00015054230287440075,0.009655213155013387,0.050003353982078114,0.016971749025112226,0.005186054504793813,0.4657064471879287,-11.484249708301142
"theta|condor1_5|entry=15|legsl=0.4|tgt=None|sl=None|days=nonexpiry|vix=(-3.0, 3.0)",theta,1453,845,0.00015054230287440075,0.009655213155013387,0.050003353982078114,0.017177604769071486,0.005182950430267064,0.465244322092223,-11.577480859851985
dir|credit_spread|signal=linreg_slope|tgt=None|sl=None|days=all,directional,2303,1282,0.00013906497578193206,0.00964928699757217,0.05009571711404337,0.01023231766928645,0.015197752462578262,0.3860182370820669,-19.970340035985565
dir|buy_otm1|signal=bb_fade|tgt=0.5|sl=0.3|days=nonexpiry,directional,2051,1161,0.0025733721359628764,0.009329711258705187,0.048709964454285104,0.01718422188949842,0.010165735573904322,0.38078985860555825,-11.887316521189376
dir|buy_otm1|signal=sma20_cross|tgt=0.5|sl=0.3|days=nonexpiry,directional,2044,1158,0.001843275590647796,0.00929081776522489,0.021680620491532854,0.016921490149899965,0.004275478384096809,0.34442270058708413,-13.967517101470738
dir|buy_otm1|signal=atr_roc|tgt=0.2|sl=0.2|days=all,directional,2423,1388,0.0037862251342048892,0.009202471374101684,0.037041489450124754,0.01226721286374044,0.012126096070093184,0.47172926124638875,-7.594915639260953
dir|buy_atm|signal=bb_fade|tgt=None|sl=None|days=nonexpiry,directional,2052,1162,0.0025890772764252264,0.00907117125138357,0.04952365252725688,0.02063159506026868,0.012718914040616647,0.41033138401559455,-14.224966382859511
dir|buy_otm1|signal=bb_fade|tgt=0.2|sl=0.2|days=all,directional,2384,1369,0.002890725303126058,0.009069972531846604,0.04043459458755849,0.006972423367580527,0.017618378617976882,0.4471476510067114,-10.31627178440158
"theta|condor1_5|entry=15|legsl=None|tgt=None|sl=None|days=nonexpiry|vix=(-3.0, 3.0)",theta,1453,845,0.0001281013520853643,0.008981393850149066,0.05004920080885633,0.01653564362829596,0.002280787833709108,0.434273916035788,-20.850228637236203
"theta|condor1_5|entry=15|legsl=None|tgt=None|sl=None|days=all|vix=(-3.0, 3.0)",theta,1458,845,0.0001281013520853643,0.008981393850149066,0.05004920080885633,0.016408282383815198,0.0022825348820459945,0.43621399176954734,-20.255460609109313
theta|condor1_5|entry=5|legsl=0.25|tgt=0.5|sl=1.0|days=nonexpiry|vix=None,theta,2091,1180,0.0007050714727984303,0.008961273850272677,0.05033405798909785,-0.018988079466161434,0.11247797613677712,0.46628407460545196,-13.662962381223702
theta|condor1_5|entry=5|legsl=0.25|tgt=0.5|sl=1.0|days=all|vix=None,theta,2098,1180,0.0007050714727984303,0.008961273850272677,0.05033405798909785,-0.01867932343911649,0.1124007295515278,0.4680648236415634,-13.330076175186388
dir|credit_spread|signal=atr_roc|tgt=None|sl=None|days=all,directional,2296,1278,0.0005408869777210784,0.008937480919142482,0.04994584242903599,0.0024206872674825686,0.029244731100157684,0.4163763066202091,-15.101370298947607
dir|buy_atm|signal=bb_fade|tgt=0.2|sl=0.2|days=all,directional,2457,1422,0.002780191258802944,0.008925716160901098,0.04801594115082741,0.00930277256294354,0.019472517351694085,0.4456654456654457,-12.075955209963006
dir|buy_otm1|signal=bb_fade|tgt=None|sl=None|days=nonexpiry,directional,2051,1161,0.0026317835991312957,0.008815915303570954,0.06596853046896112,0.02211717732237961,0.011738574918897737,0.40273037542662116,-12.208508909663475
"theta|condor1_5|entry=15|legsl=0.25|tgt=None|sl=None|days=nonexpiry|vix=(-3.0, 3.0)",theta,1453,845,0.00021820295334325161,0.008813307635605838,0.05000082337483869,0.011896930856033494,0.010777341830615628,0.4349621472814866,-14.837288228676561
"theta|condor1_5|entry=15|legsl=0.25|tgt=None|sl=None|days=all|vix=(-3.0, 3.0)",theta,1458,845,0.00021820295334325161,0.008813307635605838,0.05000082337483869,0.011659878197373352,0.011024050830562016,0.4348422496570645,-14.856547032482181
dir|debit_spread|signal=linreg_slope|tgt=0.5|sl=0.3|days=nonexpiry,directional,2091,1180,0.000756391917939474,0.008760062585416728,0.05035128963696556,-0.011715703207503592,0.07375847975440464,0.36107125777140125,-12.456548005400064
dir|buy_otm1|signal=orb|tgt=0.2|sl=0.2|days=all,directional,2400,1375,0.0043205704428043905,0.00871525197359757,0.03382138081818997,0.01580929880512194,0.02050487907371068,0.4875,-8.76528083691597
dir|buy_atm|signal=ema9_21|tgt=0.2|sl=0.2|days=all,directional,2290,1325,0.005585897572414777,0.008713119576995387,0.049582338740280396,0.06937423644218166,0.09551027647925736,0.4576419213973799,-10.85948208453145
dir|buy_otm1|signal=orb_reversal|tgt=0.5|sl=0.3|days=nonexpiry,directional,2090,1179,0.003239409085718783,0.008703652435313902,0.04953527585216255,0.016729253088323848,0.03440852019337892,0.37320574162679426,-13.695265994222538
dir|buy_otm1|signal=bb_fade|tgt=0.2|sl=0.2|days=nonexpiry,directional,2051,1161,0.0033723984105789436,0.0086172302656351,0.04249562235992277,0.008929832836438667,0.01638087473625327,0.4417357386640663,-10.782946941946728
dir|buy_atm|signal=atr_roc|tgt=0.2|sl=0.2|days=all,directional,2503,1443,0.005897179505953975,0.008609426207548898,0.049511020755866886,-0.00574511866384797,0.06696842235100908,0.477427087495006,-8.347815165515902
dir|buy_atm|signal=stochastic|tgt=0.5|sl=0.3|days=nonexpiry,directional,2074,1173,0.002010495287410734,0.008433546777202094,0.0233290537550912,0.014281683412581403,0.009096809754216784,0.35679845708775315,-16.28907356997925
dir|buy_atm|signal=atr_roc|tgt=0.5|sl=0.3|days=all,directional,2503,1443,0.0032221570380758873,0.00843352971268696,0.05024040463434276,0.004753734085227723,0.04655039785391035,0.37874550539352775,-11.884433618132896
dir|credit_spread|signal=orb|tgt=None|sl=None|days=all,directional,2280,1276,0.00011355340957767203,0.008380465163380535,0.050158171451422096,0.0036410597441585146,0.04711558664157034,0.4149122807017544,-20.244511555439548
dir|futures|signal=stochastic|tgt=None|sl=None,futures,2528,1462,0.018270457357277014,0.008308368589004411,0.044956412911762555,0.03858933828934785,0.012589485606957163,0.47943037974683544,-10.700534018987314
dir|debit_spread|signal=rsi_reversal|tgt=0.5|sl=0.3|days=nonexpiry,directional,2075,1172,0.0005036670208320968,0.008057655282643239,0.05013811581851657,0.0037859160812439008,0.02538431184316936,0.35566265060240965,-17.807346273948486
longvol|long_straddle|signal=orb|tgt=None|sl=None|days=expiry,longvol,323,205,0.0037696382178908643,0.008039514590634012,0.048381290199391414,0.015080635836575595,0.013924032569847977,0.23219814241486067,-88.22752082465972
dir|buy_otm1|signal=ema9_21|tgt=0.5|sl=0.3|days=nonexpiry,directional,1927,1092,0.002185078025169134,0.00798412232013268,0.02812028445040904,0.01476794389869518,0.015790498856146473,0.3482096523092891,-17.495161168623543
dir|credit_spread|signal=orb|tgt=0.2|sl=0.2|days=all,directional,2280,1276,0.00249527318553741,0.00790750168698895,0.050024383855386656,-0.03244182664488282,0.2274942878191848,0.4381578947368421,-5.83012866990399
dir|buy_otm1|signal=linreg_slope|tgt=0.5|sl=0.3|days=all,directional,2411,1375,0.0024091936300971767,0.007848916416610674,0.05061149237171292,0.006223373919340247,0.026646203959164838,0.36126088759850683,-13.58403964565187
dir|credit_spread|signal=linreg_slope|tgt=0.2|sl=0.2|days=all,directional,2303,1282,0.0010987034228264947,0.007821229003578845,0.04989526482668616,-0.017654601576405526,0.07678236651642756,0.41554494138080766,-9.422640100817446
theta|condor1_5|entry=5|legsl=None|tgt=None|sl=None|days=nonexpiry|vix=None,theta,2091,1180,0.0006872717547695463,0.007806676231613352,0.0500056247749775,-0.01656077780146681,0.09651414143049908,0.39933046389287424,-26.247228950950763
theta|condor1_5|entry=5|legsl=None|tgt=None|sl=None|days=all|vix=None,theta,2098,1180,0.0006872717547695463,0.007806676231613352,0.0500056247749775,-0.015262152446816724,0.0913447525639588,0.4013346043851287,-25.378122696822548
dir|buy_otm1|signal=orb|tgt=None|sl=None|days=nonexpiry,directional,2089,1178,0.002904629289208159,0.007775681251054989,0.0501953428601144,0.02377639598139636,0.045123071868675146,0.3571086644327429,-12.811427703271248
dir|credit_spread|signal=macd|tgt=0.2|sl=0.2|days=all,directional,2308,1286,0.004675953317546359,0.007713460750633061,0.04185515960647723,-0.08320964813791998,0.3260367423836139,0.4488734835355286,-7.929915932539844
dir|buy_atm|signal=ema9_21|tgt=0.5|sl=0.3|days=all,directional,2290,1325,0.00439058674283193,0.007664823358711326,0.05002793893334756,0.06336109154009462,0.08618885534471676,0.377292576419214,-15.27152698884052
dir|credit_spread|signal=bb_fade|tgt=None|sl=None|days=nonexpiry,directional,2051,1161,0.0019961602711149745,0.007652376580419729,0.049919258501327946,-0.0873852974075161,0.3622762851363366,0.4158946855192589,-14.001912829916632
dir|buy_atm|signal=stochastic|tgt=0.2|sl=0.2|days=nonexpiry,directional,2074,1173,0.0025127421967815204,0.007626783745061205,0.0321469512551783,0.013608689394086992,0.006341413545218555,0.4180327868852459,-14.579912628828618
dir|buy_otm1|signal=rsi_reversal|tgt=0.2|sl=0.2|days=nonexpiry,directional,2074,1171,0.005579765751133554,0.00744084833193237,0.04880550197608191,0.012208817245376924,0.018372366693103603,0.48264223722275795,-7.300706072304266
dir|credit_spread|signal=orb_reversal|tgt=None|sl=None|days=all,directional,2286,1287,0.0001735493462801726,0.007361597491434724,0.050104346766089325,0.017086070344467297,0.01737423120718451,0.43919510061242345,-18.719472435752447
dir|credit_spread|signal=orb_reversal|tgt=0.2|sl=0.2|days=all,directional,2286,1287,0.003445018206726964,0.007357684407438558,0.04960099922052741,-0.02745593405416835,0.1291362577728673,0.4715660542432196,-7.635816586938534
dir|credit_spread|signal=bb_breakout|tgt=None|sl=None|days=all,directional,2242,1253,0.0003700975530772645,0.007292633427990802,0.0498002951131441,0.007865899877791183,0.015604640091827382,0.3773416592328278,-17.910825452300504
dir|debit_spread|signal=day_high_low_break|tgt=0.5|sl=0.3|days=nonexpiry,directional,1847,1041,0.001368518266803997,0.007267703606591347,0.05297650894836248,-0.01893981014020829,0.10419476859107257,0.38115863562533836,-8.381625771922684
dir|credit_spread|signal=gap_follow|tgt=None|sl=None|days=all,directional,707,452,0.0004499644893251918,0.007233279799182757,0.08775339783180458,-0.04898800583736507,0.2064682936372071,0.31117397454031115,-61.67214916942607
dir|debit_spread|signal=linreg_slope|tgt=0.5|sl=0.3|days=all,directional,2354,1332,0.0006458325314674377,0.0071833959222704635,0.050375781195289404,-0.012083322385382012,0.07388598432292848,0.3542905692438403,-11.129761934038836
dir|buy_otm1|signal=day_high_low_break|tgt=0.2|sl=0.2|days=all,directional,2156,1241,0.00477976813753111,0.007173597286483924,0.03058384142733095,0.0017867701248190926,0.018380412182824934,0.4652133580705009,-6.822937137412671
dir|credit_spread|signal=rsi_reversal|tgt=None|sl=None|days=nonexpiry,directional,2075,1172,0.0015221846605763677,0.007171332579812617,0.0501622764665155,0.01285743492483471,0.0546451143843929,0.4491566265060241,-18.215578156751608
dir|debit_spread|signal=orb_reversal|tgt=0.5|sl=0.3|days=nonexpiry,directional,2089,1178,0.0005541996640981494,0.007104546759769459,0.05057583784691999,-0.0037984219279874054,0.04819541595407728,0.3628530397319292,-18.218289960018467
dir|debit_spread|signal=day_high_low_break|tgt=0.5|sl=0.3|days=all,directional,2098,1192,0.0015469527860625361,0.007016578510475657,0.05032945077216089,-0.02644989296631839,0.1245626200875306,0.38036224976167776,-7.837350812174798
dir|buy_atm|signal=rsi_momentum|tgt=0.5|sl=0.3|days=nonexpiry,directional,2075,1172,0.0034294245750361107,0.0066741814615618456,0.05027756758658253,0.007932344387542978,0.026314019337938088,0.37301204819277106,-16.0105467204634
dir|buy_otm1|signal=orb_reversal|tgt=0.2|sl=0.2|days=nonexpiry,directional,2090,1179,0.005320686200401815,0.006650283377499067,0.04920707502016297,0.009561276029895094,0.023858551269137274,0.4789473684210526,-9.528948300795122
dir|debit_spread|signal=rsi_reversal|tgt=0.5|sl=0.3|days=all,directional,2320,1312,0.00047196930711050915,0.006632575638401139,0.049712486029452774,0.0013993222974679753,0.02669569274860617,0.3646551724137931,-15.960058529495166
dir|buy_atm|signal=stochastic|tgt=0.2|sl=0.2|days=all,directional,2468,1419,0.002804121457527459,0.006482017124957551,0.0330687406490201,0.005572798698397552,0.01982647964069162,0.43841166936790926,-12.185833155447844
dir|credit_spread|signal=day_high_low_break|tgt=None|sl=None|days=all,directional,2022,1130,0.0005796293452392321,0.006460986946113412,0.050140567226397925,0.00901339823448577,0.02934465642006112,0.4025717111770524,-16.01950715650366
dir|buy_otm1|signal=linreg_slope|tgt=0.5|sl=0.3|days=nonexpiry,directional,2092,1181,0.0018829482277441633,0.006394981687278811,0.02755280078897282,0.01439147861566048,0.007426467934272596,0.3427342256214149,-16.370560181327804
dir|debit_spread|signal=macd|tgt=0.5|sl=0.3|days=nonexpiry,directional,2093,1182,0.0005391119307029208,0.006363248660438359,0.05056715745963636,-0.0022773285432805546,0.03106554226313052,0.336359292881032,-15.995164889614944
dir|buy_atm|signal=linreg_slope|tgt=None|sl=None|days=nonexpiry,directional,2091,1180,0.002471387302098673,0.00631466702906569,0.04825256548108303,0.020543961032506663,0.018448624597629304,0.3945480631276901,-15.468320006959349
theta|condor1_5|entry=5|legsl=0.25|tgt=None|sl=None|days=nonexpiry|vix=None,theta,2091,1180,0.00032445733747075333,0.006293157257220905,0.050127460670557955,-0.0006454563949213066,0.049351042086229646,0.43185078909612623,-13.083444685020277
theta|condor1_5|entry=5|legsl=0.25|tgt=None|sl=None|days=all|vix=None,theta,2098,1180,0.00032445733747075333,0.006293157257220905,0.050127460670557955,-0.0011537288203062879,0.05007246448305347,0.43183984747378457,-13.169705314248608
dir|debit_spread|signal=last_hour_rejection|tgt=0.2|sl=0.2|days=nonexpiry,directional,917,573,0.0026021281914144698,0.0060326718140251145,0.03182817432175744,-0.011980330336447631,0.06381513334780564,0.22900763358778625,-10.69534377896799
dir|credit_spread|signal=last_hour_rejection|tgt=None|sl=None|days=nonexpiry,directional,916,572,0.004187823980294682,0.006030590675542236,0.04148420570915068,-0.010279074886328066,0.0576296138434238,0.2893013100436681,-11.92026413313166
dir|futures|signal=last_hour_rejection|tgt=None|sl=None,futures,1160,735,0.073872303729883,0.0059663150373288065,0.05013325310799566,0.025898083468374633,0.027566310200050403,0.506896551724138,-7.8388362068965325
dir|debit_spread|signal=bb_breakout|tgt=0.5|sl=0.3|days=all,directional,2344,1334,0.0009265077640824739,0.005756582305689539,0.05038657933613966,-0.017753940651662692,0.10576838823196555,0.3728668941979522,-9.056742555905934
dir|credit_spread|signal=gap_follow|tgt=None|sl=None|days=nonexpiry,directional,665,427,0.0005088413984294526,0.005737518857573898,0.09502189884684986,-0.05931172803358309,0.2440254194547007,0.3142857142857143,-59.77802807396337
theta|condor2_7|entry=5|legsl=0.25|tgt=None|sl=None|days=nonexpiry|vix=None,theta,2091,1180,0.0009769344475534,0.00565038922017469,0.05021685835201306,-0.02318024239152916,0.10014847188083453,0.47106647537063606,-9.099845604067456
theta|condor2_7|entry=5|legsl=0.25|tgt=None|sl=None|days=all|vix=None,theta,2091,1180,0.0009769344475534,0.00565038922017469,0.05021685835201306,-0.02318024239152916,0.10014847188083453,0.47106647537063606,-9.099845604067456
dir|credit_spread|signal=rsi_reversal|tgt=0.2|sl=0.2|days=all,directional,2269,1270,0.005198603493926762,0.005649678279809445,0.05006082696301206,-0.04227557542925575,0.19136803945884995,0.4706919347730278,-7.6409940689789035
dir|credit_spread|signal=open_direction|tgt=0.2|sl=0.2|days=nonexpiry,directional,2091,1180,0.004739202880463046,0.005646347519452366,0.047893662792411806,-0.04410182543801866,0.2398392963413304,0.43615494978479197,-6.339836351044837
dir|credit_spread|signal=bb_fade|tgt=0.5|sl=0.3|days=all,directional,2270,1265,0.002416112103181666,0.0056024108004866235,0.05007142076831883,-0.03509728419444025,0.18137716258166636,0.38193832599118943,-9.868997672643957
dir|debit_spread|signal=linreg_slope|tgt=0.2|sl=0.2|days=nonexpiry,directional,2091,1180,0.000629163445488043,0.005599904631288899,0.05046129939169952,-0.016720817811182065,0.07561025374399621,0.3280726924916308,-14.24887250555468
dir|credit_spread|signal=bb_breakout|tgt=0.5|sl=0.3|days=all,directional,2242,1253,0.0037096586152712647,0.00559569521828962,0.05005492081933072,0.017747567022281974,0.09702273834445796,0.37957181088314007,-6.629439320087858
dir|debit_spread|signal=rsi_reversal|tgt=0.2|sl=0.2|days=nonexpiry,directional,2075,1172,0.00044211988378677536,0.005516189961478846,0.05063878651017595,-0.002884080211554063,0.03418062456908899,0.29397590361445786,-18.15634990573102
dir|credit_spread|signal=rsi_momentum|tgt=None|sl=None|days=all,directional,2263,1267,0.00016734925912374401,0.005490308975333091,0.04987241284050403,0.009797782430398971,0.024817809096875698,0.4352629253203712,-19.23555546352519
dir|buy_atm|signal=atr_roc|tgt=0.2|sl=0.2|days=nonexpiry,directional,2089,1179,0.0045566065214782785,0.005479822217158592,0.04271164504696334,0.009820274060618805,0.017823330404107662,0.46385830540928674,-9.912480734409241
dir|debit_spread|signal=last_hour_rejection|tgt=0.5|sl=0.3|days=nonexpiry,directional,917,573,0.0028696901997203768,0.005459511006544737,0.03477199767180983,-0.016419176516672906,0.075024146599452,0.2366412213740458,-10.345841229156946
dir|debit_spread|signal=momentum_1m|tgt=0.5|sl=0.3|days=nonexpiry,directional,1881,1084,0.0007888524738463675,0.0054346439731061125,0.0507647401445267,0.004861699264107067,0.022191939567418828,0.3577884104199894,-13.33982704359315
dir|debit_spread|signal=open_direction|tgt=0.5|sl=0.3|days=nonexpiry,directional,2092,1181,0.0008028882668732148,0.0054131249282955984,0.05037356999655873,-0.0044367912935272535,0.06591070910150099,0.3231357552581262,-16.049353078131922
theta|strangle2|entry=15|legsl=0.25|tgt=None|sl=None|days=expiry|vix=None,theta,157,72,0.298521652404035,0.005407007831128796,0.05479797350288007,-0.01964239406610524,0.11358170854243044,0.01910828025477707,-47.62131271151525
theta|strangle2|entry=15|legsl=0.25|tgt=0.5|sl=1.0|days=expiry|vix=None,theta,157,72,0.298521652404035,0.005407007831128796,0.05479797350288007,-0.019728451553974957,0.11392056253673222,0.01910828025477707,-47.667394309153224
dir|buy_atm|signal=macd|tgt=None|sl=None|days=nonexpiry,directional,2093,1182,0.002470526576472243,0.005374412994166855,0.054332600887489146,0.018658750003661684,0.02683303314547336,0.36932632584806496,-20.030845451847078
dir|credit_spread|signal=day_high_low_break|tgt=0.2|sl=0.2|days=nonexpiry,directional,1847,1040,0.004689895984034282,0.005341796546653121,0.050430735491725165,-0.03190022583313257,0.17490153780960938,0.44504602057390363,-7.256163998703474
dir|credit_spread|signal=last_hour_rejection|tgt=0.5|sl=0.3|days=nonexpiry,directional,916,572,0.004532472182975999,0.005239781578742608,0.048892591783057715,-0.012949991293045415,0.06664533576362874,0.28602620087336245,-11.348292884311302
dir|credit_spread|signal=last_hour_rejection|tgt=0.2|sl=0.2|days=nonexpiry,directional,916,572,0.004674201716486968,0.00520578276489303,0.04881434455959288,-0.013939587438811185,0.0704803198481826,0.2914847161572052,-11.121501936834452
dir|buy_atm|signal=macd|tgt=0.5|sl=0.3|days=nonexpiry,directional,2093,1182,0.002281932470591528,0.005199027414798829,0.03380652940824569,0.014764947466377132,0.015571110827062085,0.3597706641184902,-19.241231031932735
dir|credit_spread|signal=bb_fade|tgt=0.2|sl=0.2|days=nonexpiry,directional,2051,1161,0.002580056379604302,0.005191315970122901,0.05033177835888525,-0.06177437300644606,0.24699487244881235,0.4144319843978547,-10.303436842094916
dir|debit_spread|signal=orb_reversal|tgt=0.5|sl=0.3|days=all,directional,2336,1313,0.0005185684793714588,0.005151806855374197,0.05030567836652955,-0.005813603743838325,0.04867976998342716,0.3681506849315068,-16.206518746581796
dir|credit_spread|signal=sma20_cross|tgt=None|sl=None|days=nonexpiry,directional,2043,1157,0.0027186030990071497,0.005050267875855496,0.049955735432555826,-0.04465509708914228,0.23304063206443215,0.4145863925599608,-13.855470867812837
dir|buy_otm1|signal=ema9_21|tgt=None|sl=None|days=nonexpiry,directional,1927,1092,0.002506062703723398,0.00504321818065101,0.054889974438392386,0.014580231113499265,0.022662508072538334,0.34665282823040994,-18.78167147813093
dir|buy_otm1|signal=open_direction|tgt=None|sl=None|days=nonexpiry,directional,2093,1182,0.004036026234305842,0.004929395449263518,0.04989423351150568,0.018045267820176347,0.043302594474437184,0.35403726708074534,-18.288974850395338
theta|condor2_7|entry=15|legsl=None|tgt=None|sl=None|days=all|vix=None,theta,2090,1179,0.0008348909113400059,0.0049028828679402725,0.05006816157517391,-0.018173869141521082,0.12027277408411574,0.4933014354066986,-15.440731195394786
theta|condor2_7|entry=15|legsl=None|tgt=None|sl=None|days=nonexpiry|vix=None,theta,2090,1179,0.0008348909113400059,0.0049028828679402725,0.05006816157517391,-0.018173869141521082,0.12027277408411574,0.4933014354066986,-15.440731195394786
dir|debit_spread|signal=bb_fade|tgt=0.5|sl=0.3|days=all,directional,2329,1330,0.000908691369525781,0.004879006214081993,0.050571789946683765,-0.019520671954015967,0.0865500266886684,0.34306569343065696,-12.069814898730339
dir|credit_spread|signal=ema9_21|tgt=None|sl=None|days=all,directional,2116,1186,0.00041580474176083296,0.004854397404965738,0.0499999758454206,-0.008565668356762757,0.07437999404166973,0.41776937618147447,-17.677144575472816
dir|buy_otm1|signal=rsi_reversal|tgt=0.5|sl=0.3|days=nonexpiry,directional,2074,1171,0.0032278768196277318,0.004831127390887646,0.04846780879032542,0.013235110209504741,0.016018016282753567,0.3717454194792671,-14.104087298217596
theta|condor2_7|entry=5|legsl=0.25|tgt=0.5|sl=1.0|days=all|vix=None,theta,2091,1180,0.0010809337185995786,0.0047866587976010955,0.05054306351462967,-0.03066217855986031,0.12841440460437503,0.4887613582018173,-11.51004709773978
theta|condor2_7|entry=5|legsl=0.25|tgt=0.5|sl=1.0|days=nonexpiry|vix=None,theta,2091,1180,0.0010809337185995786,0.0047866587976010955,0.05054306351462967,-0.03066217855986031,0.12841440460437503,0.4887613582018173,-11.51004709773978
dir|debit_spread|signal=macd|tgt=0.2|sl=0.2|days=nonexpiry,directional,2093,1182,0.00045132599951743587,0.004753438852627356,0.050892202393466035,-0.003172909672174651,0.03097318013504924,0.3005255613951266,-16.4786629893708
dir|debit_spread|signal=momentum_1m|tgt=0.5|sl=0.3|days=all,directional,2094,1208,0.0006927613602545415,0.0047016543873701355,0.05045182902164358,0.0029613831814037095,0.01731336745308032,0.3615090735434575,-12.02459654161502
theta|condor2_7|entry=5|legsl=None|tgt=None|sl=None|days=nonexpiry|vix=None,theta,2091,1180,0.0008223310677075895,0.004672950279666965,0.05038942586999462,-0.02161828652779263,0.092363055305277,0.47776183644189385,-18.5683208849399
theta|condor2_7|entry=5|legsl=None|tgt=None|sl=None|days=all|vix=None,theta,2091,1180,0.0008223310677075895,0.004672950279666965,0.05038942586999462,-0.02161828652779263,0.092363055305277,0.47776183644189385,-18.5683208849399
dir|debit_spread|signal=bb_breakout|tgt=0.5|sl=0.3|days=nonexpiry,directional,2052,1162,0.001042694237008287,0.00465876583928404,0.05036576136812454,-0.026718059035818587,0.1280538962450194,0.36062378167641324,-10.649328958718632
dir|debit_spread|signal=bb_fade|tgt=0.5|sl=0.3|days=nonexpiry,directional,2052,1162,0.0010388417418731061,0.004623663023655578,0.05347580454278933,-0.02763515194950994,0.11545118353895245,0.3382066276803119,-13.263963500537834
dir|buy_otm1|signal=open_direction|tgt=0.2|sl=0.2|days=nonexpiry,directional,2093,1182,0.004623020698161563,0.0044711459187192215,0.04628123171800225,0.0017251355979670535,0.025521490992988505,0.46010511227902534,-13.663892020796453
theta|butterfly6|entry=5|legsl=0.5|tgt=None|sl=None|days=nonexpiry|vix=None,theta,2092,1181,0.0001747758294048059,0.004396610815897706,0.05051618210001485,0.012276330629527932,0.008349619704232758,0.4608030592734226,-11.427912171966538
theta|butterfly6|entry=5|legsl=0.5|tgt=None|sl=None|days=all|vix=None,theta,2092,1181,0.0001747758294048059,0.004396610815897706,0.05051618210001485,0.012276330629527932,0.008349619704232758,0.4608030592734226,-11.427912171966538
dir|debit_spread|signal=last_hour_rejection|tgt=0.2|sl=0.2|days=all,directional,1084,675,0.0025599740768019173,0.004229593845021862,0.049714884388328384,-0.010705987809361384,0.05743697052609653,0.2878228782287823,-9.31436592303079
dir|buy_otm1|signal=atr_roc|tgt=0.5|sl=0.3|days=nonexpiry,directional,2090,1180,0.004128149929942904,0.004206429290847913,0.04967795171795808,0.0029842892119067432,0.031016954288151988,0.36411483253588517,-10.438208332390307
dir|debit_spread|signal=ema9_21|tgt=0.5|sl=0.3|days=nonexpiry,directional,1926,1091,0.0008764664954402866,0.004201656979943902,0.05387384404780782,-0.022289243397633274,0.09489116185731983,0.333852544132918,-14.88782119217196
dir|credit_spread|signal=momentum_1m|tgt=None|sl=None|days=all,directional,2072,1183,0.00013214270401003134,0.004069601551137447,0.04968798991501122,0.018885066939412054,0.02156170855074413,0.4338803088803089,-19.131556389106287
dir|credit_spread|signal=open_direction|tgt=0.2|sl=0.2|days=all,directional,2268,1263,0.003397841345478237,0.004060171814888491,0.04499627377561466,-0.02821767490841609,0.16937004727870386,0.43386243386243384,-6.359979114725897
dir|buy_otm1|signal=macd|tgt=None|sl=None|days=nonexpiry,directional,2092,1181,0.0022647008698427782,0.0038007247414477696,0.05610928599988074,0.012948417128888057,0.03584997746221241,0.3508604206500956,-21.937864422670515
dir|debit_spread|signal=atr_roc|tgt=0.5|sl=0.3|days=nonexpiry,directional,2089,1179,0.0008761254111256668,0.0037756951554515084,0.061997959738058994,-0.013934066918223853,0.09012631984592567,0.3757778841550981,-11.249324283892028
dir|debit_spread|signal=orb_reversal|tgt=0.2|sl=0.2|days=nonexpiry,directional,2089,1178,0.0005106847503938607,0.0037432631072322753,0.05112624386943598,-0.009814464986550586,0.055303551311665644,0.30253709909047394,-18.194493791448725
dir|debit_spread|signal=momentum_1m|tgt=0.2|sl=0.2|days=nonexpiry,directional,1881,1084,0.0006372908646328582,0.0037301766652950707,0.05119626934383892,-0.0022505369256797803,0.027674959750322636,0.3253588516746411,-15.402155199390595
dir|debit_spread|signal=open_direction|tgt=0.5|sl=0.3|days=all,directional,2354,1340,0.0008169919965785578,0.0037187937397533677,0.05050146140677936,-0.00960458043528134,0.08016532238711427,0.34027187765505523,-14.22342210982954
dir|debit_spread|signal=day_high_low_break|tgt=0.2|sl=0.2|days=nonexpiry,directional,1847,1041,0.001085438729658381,0.0037156073679138757,0.05396694347632636,-0.01894017405688231,0.08616436409072314,0.3746616134271792,-11.120052123423454
dir|debit_spread|signal=rsi_reversal|tgt=0.2|sl=0.2|days=all,directional,2320,1312,0.0004109899338497357,0.003672542396495615,0.050289180805935585,-0.004797771183591482,0.033463102330566485,0.3103448275862069,-16.702031270755775
dir|debit_spread|signal=orb|tgt=0.5|sl=0.3|days=nonexpiry,directional,2090,1179,0.0009449697169501151,0.0035708048977460827,0.05183955509051874,-0.021391836484817572,0.09683915459956416,0.345933014354067,-14.801688025050188
longvol|long_straddle|signal=orb|tgt=None|sl=None|days=all,longvol,2413,1384,0.001509515092059969,0.003563557771475434,0.04963266507624031,0.009301012159964595,0.007558262902335078,0.36634894322420225,-35.01271616179865
dir|debit_spread|signal=linreg_slope|tgt=0.2|sl=0.2|days=all,directional,2354,1332,0.0005397756419504763,0.003206104852903069,0.05087649027533425,-0.01628899836208475,0.07365001365492052,0.33474936278674594,-12.868075649428388
dir|credit_spread|signal=rsi_reversal|tgt=None|sl=None|days=all,directional,2269,1270,0.0004368265506448716,0.003159026858896574,0.0494459889622334,0.014296436072735341,0.011175767301719208,0.43895989422653153,-21.66407295902535
dir|debit_spread|signal=bb_breakout|tgt=0.2|sl=0.2|days=nonexpiry,directional,2052,1162,0.0008568587535059643,0.003047904099245935,0.05100217592033918,-0.02582743195787185,0.111969419780092,0.35964912280701755,-12.438442078570873
dir|credit_spread|signal=bb_fade|tgt=0.2|sl=0.2|days=all,directional,2270,1265,0.0018187370737433113,0.0029625636797181443,0.05027334762583602,-0.053225897898072194,0.21487143646598628,0.40308370044052866,-10.97882781366735
dir|buy_atm|signal=sma20_cross|tgt=0.2|sl=0.2|days=all,directional,2453,1421,0.0029666526845945453,0.0028443253825061188,0.03231997906939288,0.0070716968370123645,0.02221179871178891,0.4304932735426009,-12.349524744803013
dir|debit_spread|signal=rsi_momentum|tgt=0.5|sl=0.3|days=nonexpiry,directional,2074,1171,0.0009462903714492075,0.0028124807242997374,0.05183415296039817,-0.018804537295092683,0.0847380826190427,0.34667309546769526,-14.939931867005393
dir|buy_otm1|signal=linreg_slope|tgt=0.2|sl=0.2|days=all,directional,2411,1375,0.0052205554526959875,0.0027865429929887497,0.04724921977723051,-0.009685468549346488,0.05079541364873574,0.4682704272086271,-8.861013997844125
dir|debit_spread|signal=macd|tgt=0.5|sl=0.3|days=all,directional,2349,1331,0.000567670273953645,0.0027379819920019255,0.0506595000358494,-0.008623795475735108,0.04380229998353746,0.34057045551298426,-14.206665274419901
theta|butterfly6|entry=5|legsl=0.25|tgt=None|sl=None|days=all|vix=None,theta,2092,1181,0.00012996689807579637,0.0026625357495122515,0.05068858718256297,0.007817312289239098,0.0075546039518712416,0.4435946462715105,-10.099488148570524
theta|butterfly6|entry=5|legsl=0.25|tgt=None|sl=None|days=nonexpiry|vix=None,theta,2092,1181,0.00012996689807579637,0.0026625357495122515,0.05068858718256297,0.007817312289239098,0.0075546039518712416,0.4435946462715105,-10.099488148570524
dir|debit_spread|signal=ema9_21|tgt=0.2|sl=0.2|days=nonexpiry,directional,1926,1091,0.000748783673004617,0.0024893676668094056,0.05297405383990239,-0.02335322443546406,0.09803942968699308,0.31360332294911736,-15.426015008033128
dir|debit_spread|signal=stochastic|tgt=0.5|sl=0.3|days=nonexpiry,directional,2074,1173,0.0007695311774621823,0.0024485956481710147,0.05327352801329133,-0.018886785507820636,0.09093670374752072,0.32979749276759884,-14.416104171857768
dir|buy_atm|signal=sma20_cross|tgt=0.2|sl=0.2|days=nonexpiry,directional,2044,1158,0.0032112725248334144,0.0023638280982680726,0.04202937957522812,0.011053646540274853,0.012504704613163331,0.41682974559686886,-14.116499199764602
dir|credit_spread|signal=stochastic|tgt=None|sl=None|days=all,directional,2276,1272,0.00023432623065392985,0.0023421566978061303,0.05070084578781264,0.0032726631879866908,0.02871264763393433,0.37873462214411246,-23.302927899641595
dir|debit_spread|signal=ema9_21|tgt=0.5|sl=0.3|days=all,directional,2164,1233,0.0008405753787778758,0.002316615764965002,0.05252526353748965,-0.025385762280828228,0.10647244268340572,0.3419593345656192,-13.023122052126142
dir|debit_spread|signal=bb_fade|tgt=0.2|sl=0.2|days=nonexpiry,directional,2052,1162,0.0008533393448969907,0.0022970385706344576,0.052769190980849645,-0.02317805958321084,0.09729039273313889,0.3216374269005848,-14.20326063823514
dir|credit_spread|signal=macd|tgt=None|sl=None|days=all,directional,2308,1286,0.0011115675044230434,0.0021354943612992283,0.06266911761555283,-0.05727712254768891,0.25875169826203115,0.40814558058925476,-20.286811546819667
dir|debit_spread|signal=bb_fade|tgt=0.2|sl=0.2|days=all,directional,2329,1330,0.0006625841219896727,0.0020011511744477684,0.05103954756957796,-0.016124117009501115,0.06849747566195252,0.3276084156290253,-13.421106854392491
dir|debit_spread|signal=momentum_1m|tgt=0.2|sl=0.2|days=all,directional,2094,1208,0.0005974958117798628,0.0019359257316355905,0.05142985470331485,-0.0051110284419522145,0.028192034973582247,0.33715377268385865,-14.2565634720527
dir|debit_spread|signal=atr_roc|tgt=0.5|sl=0.3|days=all,directional,2364,1338,0.0008256590182777595,0.0018058423363023213,0.05645280572221856,-0.017792212553132458,0.09823301823905817,0.3659052453468697,-10.34553515042952
theta|butterfly6|entry=5|legsl=0.4|tgt=None|sl=None|days=nonexpiry|vix=None,theta,2092,1181,8.637077867975262e-05,0.0017791689438535485,0.050965157135816064,0.00899086692280493,0.004380518778988596,0.46606118546845127,-7.475953265632931
theta|butterfly6|entry=5|legsl=0.4|tgt=None|sl=None|days=all|vix=None,theta,2092,1181,8.637077867975262e-05,0.0017791689438535485,0.050965157135816064,0.00899086692280493,0.004380518778988596,0.46606118546845127,-7.475953265632931
dir|debit_spread|signal=stochastic|tgt=0.2|sl=0.2|days=nonexpiry,directional,2074,1173,0.0006225412408111522,0.0017721227692899522,0.05491815196327221,-0.016281760941248224,0.07946367476186134,0.3013500482160077,-15.30824417366241
dir|credit_spread|signal=open_direction|tgt=None|sl=None|days=nonexpiry,directional,2091,1180,0.0002840010083658623,0.0017518940660241622,0.0543335543600979,-0.02160099663875137,0.1038809196212277,0.4117647058823529,-23.288252571733988
dir|debit_spread|signal=orb|tgt=0.5|sl=0.3|days=all,directional,2346,1334,0.0009945879186941775,0.0017201567452060917,0.05091269296184586,-0.028438441783648627,0.11828634748007749,0.3589087809036658,-12.56560384372616
dir|debit_spread|signal=macd|tgt=0.2|sl=0.2|days=all,directional,2349,1331,0.00043830001953653437,0.001522562673119232,0.05102242196347795,-0.007729320734610634,0.03472162783025845,0.3120476798637718,-15.047259231078568
dir|debit_spread|signal=sma20_cross|tgt=0.5|sl=0.3|days=nonexpiry,directional,2044,1158,0.0008515748091243614,0.0015066603382862809,0.06245682536502717,-0.014036932120453538,0.07577265072238659,0.3287671232876712,-13.730816114905295
theta|condor1_5|entry=15|legsl=0.4|tgt=None|sl=None|days=all|vix=None,theta,2097,1179,0.00011225958126549935,0.0014258364771049248,0.050480239475843125,0.006147016082740375,0.011800591840716135,0.46494992846924177,-11.6326008721293
theta|condor1_5|entry=15|legsl=0.4|tgt=None|sl=None|days=nonexpiry|vix=None,theta,2090,1179,0.00011225958126549935,0.0014258364771049248,0.050480239475843125,0.006440304093742633,0.01135243273054165,0.4645933014354067,-11.711367782329146
dir|buy_otm1|signal=linreg_slope|tgt=None|sl=None|days=nonexpiry,directional,2092,1181,0.002214143591476565,0.0014146930729221907,0.052036174979683936,0.01856697440319488,0.01685452799599907,0.3580305927342256,-16.893134377011833
dir|debit_spread|signal=atr_roc|tgt=0.2|sl=0.2|days=nonexpiry,directional,2089,1179,0.0007326875096611263,0.0013886902603656992,0.06139641377615701,-0.017918094409540952,0.08844764005338857,0.36093824796553375,-13.182109795367678
dir|debit_spread|signal=stochastic|tgt=0.5|sl=0.3|days=all,directional,2336,1319,0.0006732845397522624,0.0013706084700015886,0.052428798170657154,-0.015115879575311686,0.07863035735330626,0.3283390410958904,-13.12290008967379
dir|debit_spread|signal=bb_breakout|tgt=0.2|sl=0.2|days=all,directional,2344,1334,0.0007244060211941415,0.0013444934126722874,0.050669555001061406,-0.02091763564525706,0.09003407720577483,0.3728668941979522,-11.38915902880475
dir|debit_spread|signal=orb_reversal|tgt=0.2|sl=0.2|days=all,directional,2336,1313,0.0004764524312614785,0.0013407743854618737,0.051808418851247096,-0.011458680716766034,0.05402006836912243,0.3163527397260274,-16.656358986125415
dir|debit_spread|signal=day_high_low_break|tgt=0.2|sl=0.2|days=all,directional,2098,1192,0.0010320755102091058,0.0013139859663413578,0.052596466918549245,-0.020250868627389118,0.08567053075487185,0.3841754051477598,-10.30271377126016
dir|buy_atm|signal=linreg_slope|tgt=0.5|sl=0.3|days=nonexpiry,directional,2091,1180,0.00364577179639845,0.0010523214542899062,0.04952889756493706,0.007996716830931172,0.028280490104115708,0.38593974175035867,-13.70204924380477
dir|debit_spread|signal=rsi_momentum|tgt=0.5|sl=0.3|days=all,directional,2328,1318,0.0009093509508723662,0.0009735904888257263,0.051242805450227524,-0.021524102779883925,0.09569489636150819,0.35695876288659795,-13.034176890776841
dir|debit_spread|signal=stochastic|tgt=0.2|sl=0.2|days=all,directional,2336,1319,0.000528550791322565,0.0009496452680817224,0.0526877129745269,-0.013969069165573611,0.06727444031188401,0.3133561643835616,-13.92265595476309
theta|condor1_5|entry=15|legsl=0.25|tgt=None|sl=None|days=nonexpiry|vix=None,theta,2090,1179,0.00010608621422752251,0.0008902812291384787,0.050733446696029416,0.002888055763234254,0.01628073008344788,0.44401913875598087,-13.446763745701263
theta|condor1_5|entry=15|legsl=0.25|tgt=None|sl=None|days=all|vix=None,theta,2097,1179,0.00010608621422752251,0.0008902812291384787,0.050733446696029416,0.0025168973265174976,0.016771041856526114,0.4434907010014306,-13.579074087695965
dir|debit_spread|signal=orb|tgt=0.2|sl=0.2|days=nonexpiry,directional,2090,1179,0.0007553181168130491,0.0006590452755468323,0.05364356543735449,-0.021305564015363654,0.08965003324250531,0.3105263157894737,-16.06240618630003
dir|credit_spread|signal=sma20_cross|tgt=0.2|sl=0.2|days=nonexpiry,directional,2043,1157,0.002706314920028396,0.0006086200031709676,0.050434410381260286,-0.029355390189811814,0.12414248890385027,0.4180127263827704,-9.88081629382473
dir|credit_spread|signal=bb_breakout|tgt=0.2|sl=0.2|days=nonexpiry,directional,2051,1161,0.0031746078308614563,0.0005265521427930686,0.05026210089315841,-0.02443764273636717,0.1237237719850367,0.4144319843978547,-8.8612067251238
dir|debit_spread|signal=atr_roc|tgt=0.2|sl=0.2|days=all,directional,2364,1338,0.0006015691131642409,0.00031785954115615134,0.056628249322224766,-0.0176751306210039,0.07707485088510169,0.3616751269035533,-12.21958197940828
dir|buy_otm1|signal=stochastic|tgt=0.2|sl=0.2|days=all,directional,2394,1368,0.0031380759181907076,9.379054975067191e-05,0.049064040335019654,0.0015666347456648744,0.017981769846150297,0.4319131161236424,-11.955159642578863
dir|buy_atm|signal=orb|tgt=0.5|sl=0.3|days=nonexpiry,directional,2090,1179,0.0037808589760057235,7.383945522376756e-05,0.050482222895823825,0.009485193949570592,0.028842378650248413,0.37177033492822964,-15.20008489510203
"theta|straddle|entry=15|legsl=0.5|tgt=None|sl=None|days=expiry|vix=(-3.0, 3.0)",theta,252,149,0.07211312524411889,1.7829381637746167e-05,0.049789501186593976,0.008461888187528244,0.045433186135146575,0.3253968253968254,-82.11333728849397
dir|debit_spread|signal=ema9_21|tgt=0.2|sl=0.2|days=all,directional,2164,1233,0.0006747556466079938,-0.00011707831185148176,0.053041418816237584,-0.025116589720950655,0.10512062054827731,0.3257855822550832,-14.284303014697077
dir|debit_spread|signal=rsi_momentum|tgt=0.2|sl=0.2|days=nonexpiry,directional,2074,1171,0.0007316216046652187,-0.00014505460764380196,0.05317530893340705,-0.020089660856629443,0.08470701094862054,0.3124397299903568,-16.229390882585868
theta|butterfly6|entry=5|legsl=None|tgt=None|sl=None|days=nonexpiry|vix=None,theta,2092,1181,4.58426568339393e-05,-0.00016104436508790343,0.05142637891997526,0.006177403826457928,0.0035613288142452015,0.4096558317399618,-30.48678533579264
theta|butterfly6|entry=5|legsl=None|tgt=None|sl=None|days=all|vix=None,theta,2092,1181,4.58426568339393e-05,-0.00016104436508790343,0.05142637891997526,0.006177403826457928,0.0035613288142452015,0.4096558317399618,-30.48678533579264
dir|debit_spread|signal=open_direction|tgt=0.2|sl=0.2|days=nonexpiry,directional,2092,1181,0.000783543794001444,-0.0001800021904786453,0.05302933207169347,-0.018521832033981278,0.08762271105740738,0.30401529636711283,-16.649319920621913
theta|condor1_5|entry=15|legsl=None|tgt=None|sl=None|days=all|vix=None,theta,2097,1179,8.926504036875431e-05,-0.00021572260038260627,0.05049498905950922,0.0029720147167795474,0.01149118148029682,0.4177396280400572,-25.50282195269294
theta|condor1_5|entry=15|legsl=None|tgt=None|sl=None|days=nonexpiry|vix=None,theta,2090,1179,8.926504036875431e-05,-0.00021572260038260627,0.05049498905950922,0.0031590656328488453,0.011218304490555275,0.41578947368421054,-26.19947245966761
dir|debit_spread|signal=sma20_cross|tgt=0.5|sl=0.3|days=all,directional,2318,1316,0.0008689712248284375,-0.00027098631692357156,0.056661813938355565,-0.021485687169668144,0.09471437204683664,0.3283002588438309,-12.940883451215763
dir|buy_otm1|signal=bb_fade|tgt=0.5|sl=0.3|days=all,directional,2384,1369,0.0022177519555537525,-0.00033390846239944594,0.06517398689640408,0.0035280962332313592,0.021881457507588187,0.3548657718120805,-15.890892108654816
dir|credit_spread|signal=day_high_low_break|tgt=0.2|sl=0.2|days=all,directional,2022,1130,0.003244847122234916,-0.0004690731996905839,0.03858635739771854,-0.03324939369766777,0.16087588017127774,0.43570722057368944,-8.089383482121807
dir|futures|signal=stochastic|tgt=0.5|sl=0.3,futures,2528,1462,0.05651342757704744,-0.0004748720259749595,0.049648689075150076,0.008666484403106578,0.03729394053847501,0.40664556962025317,-7.080201740506294
dir|debit_spread|signal=orb|tgt=0.2|sl=0.2|days=all,directional,2346,1334,0.0007055353105575711,-0.0007924606497046183,0.0521065825577004,-0.022642316500845472,0.09506057533638845,0.33248081841432225,-14.404832683361604
dir|debit_spread|signal=open_direction|tgt=0.2|sl=0.2|days=all,directional,2354,1340,0.000710188619999069,-0.001046552595457051,0.05153223381063421,-0.01967025181703086,0.09124138735689724,0.32285471537807986,-15.330374495738019
dir|buy_otm1|signal=macd|tgt=0.5|sl=0.3|days=nonexpiry,directional,2092,1181,0.0023752775214607945,-0.0011223541150722216,0.048989694361112335,0.008073326941933967,0.022315377035729167,0.3436902485659656,-19.63270149094197
dir|buy_otm1|signal=stochastic|tgt=0.2|sl=0.2|days=nonexpiry,directional,2073,1172,0.0028980939299518373,-0.0013261934305184298,0.048444584723016604,0.005246384624437939,0.012116646961041422,0.402315484804631,-14.607813418122
dir|credit_spread|signal=stochastic|tgt=0.2|sl=0.2|days=nonexpiry,directional,2073,1172,0.0025008051705145674,-0.0013769935248383325,0.050134184603284115,-0.03401440430800495,0.14258336827007523,0.40955137481910275,-10.712631993921724
dir|buy_otm1|signal=atr_roc|tgt=None|sl=None|days=all,directional,2423,1388,0.0014109936089536856,-0.0014869273940960603,0.05769605349120854,-0.001064622970232576,0.036581081481808386,0.3326454808089146,-23.77058375992511
dir|credit_spread|signal=open_direction|tgt=None|sl=None|days=all,directional,2268,1263,0.0001625232760492192,-0.0015403304745787993,0.04961971717597491,-0.00450784110686675,0.042658743863017934,0.4069664902998236,-25.33386711411522
dir|credit_spread|signal=atr_roc|tgt=0.2|sl=0.2|days=all,directional,2296,1278,0.0025086612189376763,-0.0015856663845787988,0.05391522664732351,-0.031346564484925676,0.1399335734512449,0.4490418118466899,-7.761116787247127
dir|debit_spread|signal=sma20_cross|tgt=0.2|sl=0.2|days=all,directional,2318,1316,0.0006193342891857097,-0.0016778796882774838,0.05959629901106367,-0.018078001952809508,0.0765348312867874,0.31233822260569455,-13.804623962892759
dir|credit_spread|signal=stochastic|tgt=None|sl=None|days=nonexpiry,directional,2073,1172,0.000774161087787511,-0.0016954405660863925,0.058445743677202344,-0.019803079060878526,0.10269281664901497,0.4013506994693681,-18.554293238827988
dir|debit_spread|signal=sma20_cross|tgt=0.2|sl=0.2|days=nonexpiry,directional,2044,1158,0.0007694251233590311,-0.0017274852829375353,0.06799199634192232,-0.019867530273688816,0.08385812320509578,0.30577299412915854,-14.724749936087024
dir|credit_spread|signal=sma20_cross|tgt=0.2|sl=0.2|days=all,directional,2237,1257,0.0019056893866503113,-0.0017572971731688591,0.052283462244020806,-0.018356761296319468,0.08319473658654941,0.4139472507822977,-10.21186919281405
"theta|straddle|entry=15|legsl=0.5|tgt=0.5|sl=1.0|days=expiry|vix=(-3.0, 3.0)",theta,252,149,0.07254271295983102,-0.0018464505311127644,0.05019328776850773,0.008096407823812157,0.046010369134216966,0.3253968253968254,-84.27521796368872
"theta|straddle|entry=15|legsl=0.4|tgt=None|sl=None|days=expiry|vix=(-3.0, 3.0)",theta,252,149,0.08492718673134969,-0.0019336739905885247,0.050544437681042,0.0033552887189503,0.0476376290937478,0.25396825396825395,-76.29748856091786
dir|debit_spread|signal=rsi_momentum|tgt=0.2|sl=0.2|days=all,directional,2328,1318,0.0006769545334825432,-0.00232212220681427,0.05273856597996107,-0.02141971153717459,0.09011301957123363,0.3316151202749141,-14.75397029556923
dir|buy_atm|signal=sma20_cross|tgt=0.5|sl=0.3|days=nonexpiry,directional,2044,1158,0.003581118042066943,-0.002975620009957436,0.04914133947566568,0.006816326358363822,0.022481279853034386,0.36203522504892366,-14.030782321717174
dir|credit_spread|signal=bb_breakout|tgt=0.2|sl=0.2|days=all,directional,2242,1253,0.002391145978225888,-0.003235574095526217,0.05024344737881248,-0.021858552301800338,0.11487541051388972,0.4085637823371989,-9.211965813279472
"theta|strangle2|entry=15|legsl=0.5|tgt=0.5|sl=1.0|days=expiry|vix=(-3.0, 3.0)",theta,130,59,0.2636091212554028,-0.004485321808626264,0.085744518583585,-0.037039220647452575,0.17402700194877896,0.046153846153846156,-84.04219685262716
"theta|strangle2|entry=15|legsl=0.5|tgt=None|sl=None|days=expiry|vix=(-3.0, 3.0)",theta,130,59,0.2636091212554028,-0.004485321808626264,0.085744518583585,-0.037039220647452575,0.17402700194877896,0.046153846153846156,-84.04219685262716
"theta|strangle2|entry=15|legsl=0.4|tgt=0.5|sl=1.0|days=expiry|vix=(-3.0, 3.0)",theta,130,59,0.32635560713736683,-0.004982696857800284,0.08765547811199992,-0.03623202999610586,0.17174258302652545,0.046153846153846156,-67.57638734486335
"theta|strangle2|entry=15|legsl=0.4|tgt=None|sl=None|days=expiry|vix=(-3.0, 3.0)",theta,130,59,0.32635560713736683,-0.004982696857800284,0.08765547811199992,-0.03623202999610586,0.17174258302652545,0.046153846153846156,-67.57638734486335
"theta|strangle2|entry=15|legsl=0.25|tgt=None|sl=None|days=expiry|vix=(-3.0, 3.0)",theta,130,59,0.4973376299854246,-0.005496449303107109,0.08916463255957863,-0.04140926825567315,0.19477609219180037,0.023076923076923078,-46.25273465546829
"theta|strangle2|entry=15|legsl=0.25|tgt=0.5|sl=1.0|days=expiry|vix=(-3.0, 3.0)",theta,130,59,0.4973376299854246,-0.005496449303107109,0.08916463255957863,-0.04154887662833029,0.19528684692249565,0.023076923076923078,-46.308387046461846
dir|credit_spread|signal=stochastic|tgt=0.5|sl=0.3|days=all,directional,2276,1272,0.0022582696612451587,-0.005841105268045044,0.07210082226804904,-0.012219604122122307,0.09813951260545006,0.38181019332161686,-9.343407247628173
dir|buy_otm1|signal=stochastic|tgt=0.5|sl=0.3|days=nonexpiry,directional,2073,1172,0.0025191695483717707,-0.005915279108016369,0.05546548714342869,0.01042383502083477,0.013498358277895584,0.34105161601543654,-15.974480378794542
dir|buy_atm|signal=stochastic|tgt=0.5|sl=0.3|days=all,directional,2468,1419,0.002513379879919398,-0.006669189212197391,0.050718145309888496,-0.006028008033600152,0.054869577428924954,0.34359805510534847,-17.8329989625103
theta|straddle|entry=15|legsl=None|tgt=0.5|sl=1.0|days=expiry|vix=None,theta,325,203,0.10457355797806694,-0.007185771666876506,0.21025639895093684,0.0022597115525315736,0.11505740445277068,0.5446153846153846,-45.342860310143685
"theta|straddle|entry=15|legsl=0.4|tgt=0.5|sl=1.0|days=expiry|vix=(-3.0, 3.0)",theta,252,149,0.09481442717879755,-0.008368645654710183,0.06904832145442308,-0.0010992278873001027,0.06141028659255987,0.25396825396825395,-77.94488062383165
theta|strangle2|entry=15|legsl=0.5|tgt=0.5|sl=1.0|days=expiry|vix=None,theta,157,72,0.23981298714873373,-0.00880305415249405,0.09634878332084962,-0.04476234625927422,0.19090792596678408,0.044585987261146494,-84.15930907860681
theta|strangle2|entry=15|legsl=0.5|tgt=None|sl=None|days=expiry|vix=None,theta,157,72,0.23981298714873373,-0.00880305415249405,0.09634878332084962,-0.04476234625927422,0.19090792596678408,0.044585987261146494,-84.15930907860681
longvol|long_straddle|signal=None|tgt=0.3|sl=0.3|days=all,longvol,2477,1422,0.0017409303438858824,-0.012004255024828825,0.07934504704664525,-0.008002455947682119,0.037986353756477964,0.20306822769479208,-33.80415884483809
"theta|strangle2|entry=105|legsl=0.4|tgt=0.5|sl=1.0|days=expiry|vix=(-3.0, 3.0)",theta,139,66,0.27394112060975406,-0.012286431314611379,0.18370665484264115,0.08180036014471326,0.024783781526433457,0.5323741007194245,8.693512977198337
"theta|strangle2|entry=105|legsl=0.4|tgt=None|sl=None|days=expiry|vix=(-3.0, 3.0)",theta,139,66,0.27394112060975406,-0.012286431314611379,0.18370665484264115,0.09625730951380151,0.033325517922091596,0.5323741007194245,20.513628421464006
theta|strangle2|entry=5|legsl=0.4|tgt=None|sl=None|days=expiry|vix=None,theta,152,70,0.4289395509444273,-0.01240900526445754,0.11652535016077525,-0.05890674696283871,0.24084763994606428,0.039473684210526314,-54.86092953529437
theta|strangle2|entry=5|legsl=0.4|tgt=0.5|sl=1.0|days=expiry|vix=None,theta,152,70,0.4289395509444273,-0.01240900526445754,0.11652535016077525,-0.05920307854348872,0.24188964526279133,0.039473684210526314,-54.96836321201403
theta|strangle2|entry=5|legsl=0.25|tgt=0.5|sl=1.0|days=expiry|vix=None,theta,152,70,0.6571174680654318,-0.01363511715692789,0.12281386221271684,-0.05568830414087622,0.22945922131924568,0.039473684210526314,-35.21116706110489
theta|strangle2|entry=5|legsl=0.25|tgt=None|sl=None|days=expiry|vix=None,theta,152,70,0.6571174680654318,-0.01363511715692789,0.12281386221271684,-0.05477319928672897,0.22619722118499552,0.039473684210526314,-34.996706192520406
longvol|long_straddle|signal=None|tgt=0.6|sl=0.4|days=all,longvol,2477,1422,0.0014703106828894213,-0.013677613167138447,0.0890490444887555,-0.00836760317322971,0.041148991613049746,0.2010496568429552,-40.27848988242687
longvol|long_straddle|signal=None|tgt=None|sl=None|days=all,longvol,2477,1422,0.0011739936566219783,-0.013696562475032814,0.08978212085410686,-0.008358595841523764,0.04360617870235717,0.2006459426725878,-49.038979590453685
theta|strangle2|entry=15|legsl=0.4|tgt=0.5|sl=1.0|days=expiry|vix=None,theta,157,72,0.32586857471852587,-0.01374609598685872,0.12246596685766808,-0.052061646066761,0.2170999300773041,0.050955414012738856,-67.52587150383583
theta|strangle2|entry=15|legsl=0.4|tgt=None|sl=None|days=expiry|vix=None,theta,157,72,0.32586857471852587,-0.01374609598685872,0.12246596685766808,-0.052061646066761,0.2170999300773041,0.050955414012738856,-67.52587150383583
dir|futures|signal=momentum_1m|tgt=0.5|sl=0.3,futures,2307,1361,0.08617187202325224,-0.013913873550609246,0.16518725435165083,0.03346284155247625,0.04837216121283905,0.3961855223233637,-2.4109882964889695
dir|buy_atm|signal=stochastic|tgt=None|sl=None|days=nonexpiry,directional,2074,1173,0.0032610086547365884,-0.01463541479361119,0.11366914780115522,0.007574946738573951,0.034365542625133805,0.3640308582449373,-16.56315957690159
longvol|long_strangle2|signal=orb|tgt=0.6|sl=0.4|days=all,longvol,2240,1244,0.002763458425277228,-0.01583736402562108,0.0916305017174116,0.02369723179122163,0.00772301939226927,0.32589285714285715,-21.88392356380395
longvol|long_strangle2|signal=orb|tgt=0.3|sl=0.3|days=all,longvol,2240,1244,0.0024647377947278936,-0.017743258121285632,0.10213126308138099,0.008909326959065877,0.009461050692918027,0.34285714285714286,-24.555486909849304
"theta|straddle|entry=5|legsl=None|tgt=0.5|sl=1.0|days=expiry|vix=(-3.0, 3.0)",theta,258,155,0.129753508952095,-0.018281986696171204,0.17622856205956716,-0.024004934003649003,0.1667517112276855,0.4573643410852713,-75.84489788297536
longvol|long_strangle2|signal=orb|tgt=None|sl=None|days=all,longvol,2240,1244,0.001834977938072377,-0.018902381682974534,0.1121560930059301,-0.00988282497475812,0.04803627490512863,0.26339285714285715,-33.242750369551544
dir|buy_otm1|signal=macd|tgt=None|sl=None|days=all,directional,2399,1373,0.0023211854084748992,-0.019653428004631324,0.13786735592194155,-0.019666312237450967,0.0966020158141293,0.32930387661525634,-27.43786648318116
dir|credit_spread|signal=stochastic|tgt=0.2|sl=0.2|days=all,directional,2276,1272,0.002448989207817067,-0.01988951898041913,0.1308982711504214,-0.05152583051817072,0.20762034083282288,0.4068541300527241,-11.015390394524015
dir|buy_otm1|signal=sma20_cross|tgt=0.5|sl=0.3|days=all,directional,2371,1358,0.0032737002318316394,-0.020617886537095176,0.12288931648802337,-0.013374631002867954,0.08144617402206977,0.3336145086461409,-15.89160471001138
dir|buy_otm1|signal=day_high_low_break|tgt=None|sl=None|days=all,directional,2156,1241,0.0029521358421755214,-0.021524728068124,0.14055625856482257,-0.02533068091233881,0.11993729646507578,0.34833024118738404,-20.674343295285897
theta|strangle2|entry=5|legsl=0.5|tgt=None|sl=None|days=expiry|vix=None,theta,152,70,0.44650681388566577,-0.02220111677751735,0.16817008647496956,-0.08831037350251802,0.33899570938685497,0.046052631578947366,-66.68100352514762
theta|strangle2|entry=5|legsl=0.5|tgt=0.5|sl=1.0|days=expiry|vix=None,theta,152,70,0.44650681388566577,-0.02220111677751735,0.16817008647496956,-0.08852539978001461,0.33967538579594825,0.046052631578947366,-66.76042500146156
theta|strangle2|entry=5|legsl=None|tgt=0.5|sl=1.0|days=expiry|vix=None,theta,152,70,0.23904133402268127,-0.022406106925397795,0.1682796129020956,-0.0903920772697332,0.35382266423978426,0.039473684210526314,-125.44046240411305
longvol|long_strangle2|signal=None|tgt=0.3|sl=0.3|days=all,longvol,2330,1303,0.0029696168904170925,-0.022908526075473223,0.1350838559512778,-0.025255018699797738,0.10578034159361283,0.17725321888412018,-25.074190505181257
theta|straddle|entry=15|legsl=0.5|tgt=None|sl=None|days=expiry|vix=None,theta,325,203,0.07996662938853645,-0.02424708600227654,0.15451692185311527,0.0017945718071779027,0.07593917173492215,0.3169230769230769,-78.97015247597827
dir|credit_spread|signal=sma20_cross|tgt=None|sl=None|days=all,directional,2237,1257,0.001386041275988439,-0.024764715614312705,0.14760555923118024,-0.04047540288463458,0.19033305585379712,0.39472507822977204,-19.04121299595933
dir|buy_otm1|signal=sma20_cross|tgt=None|sl=None|days=all,directional,2371,1358,0.0019786954267625233,-0.025681152043210753,0.1508059273313891,-0.01744868164041613,0.09517115622968253,0.3133698861239983,-26.890050316848413
dir|buy_atm|signal=bb_fade|tgt=0.5|sl=0.3|days=all,directional,2457,1422,0.003384947762412739,-0.025769073987582103,0.176313341038979,-0.018829094473276742,0.09829758951519962,0.3483923483923484,-20.48342934828732
longvol|long_strangle2|signal=None|tgt=0.6|sl=0.4|days=all,longvol,2330,1303,0.002778629573947885,-0.026174741133206725,0.15225403441088214,-0.02943148507735016,0.1222797300347147,0.1742489270386266,-28.86438705849136
dir|buy_otm1|signal=stochastic|tgt=0.5|sl=0.3|days=all,directional,2394,1368,0.003454269452899939,-0.02656646832257381,0.15407424240665923,-0.015654056161120145,0.0803892529209429,0.335421888053467,-16.953629167679455
dir|credit_spread|signal=bb_fade|tgt=None|sl=None|days=all,directional,2270,1265,0.0015381267259828278,-0.02670684732930273,0.16564941781356568,-0.11866430431602049,0.4425177594269676,0.39162995594713657,-20.412751348682434
theta|straddle|entry=5|legsl=0.5|tgt=None|sl=None|days=expiry|vix=None,theta,317,196,0.08644447594783627,-0.03194100011134782,0.1933935591439957,0.0029605672758485913,0.055754420593963405,0.22397476340694006,-81.01986799132102
longvol|long_strangle2|signal=None|tgt=None|sl=None|days=all,longvol,2330,1303,0.0021025459078159456,-0.03203621368290166,0.18415306938182074,-0.037335170865887446,0.15318012609493958,0.17381974248927037,-42.77590770075966
"theta|strangle2|entry=15|legsl=None|tgt=0.5|sl=1.0|days=expiry|vix=(-3.0, 3.0)",theta,130,59,0.2647317777646625,-0.032986915638083425,0.2227592855301841,-0.06836811507929308,0.2869399844869206,0.1076923076923077,-122.50700903781677
theta|straddle|entry=15|legsl=0.5|tgt=0.5|sl=1.0|days=expiry|vix=None,theta,325,203,0.08880213815580497,-0.03335867034427231,0.20048025781786116,-0.0037598016039791515,0.0927161232912822,0.3169230769230769,-82.01444154916676
"theta|strangle2|entry=5|legsl=0.5|tgt=None|sl=None|days=expiry|vix=(-3.0, 3.0)",theta,125,57,0.6358717183367373,-0.03416166235687368,0.2271200932846873,-0.10734742795829344,0.40341719204032744,0.04,-66.88733830804557
"theta|strangle2|entry=5|legsl=0.5|tgt=0.5|sl=1.0|days=expiry|vix=(-3.0, 3.0)",theta,125,57,0.6358717183367373,-0.03416166235687368,0.2271200932846873,-0.10764588632577243,0.4042861160236073,0.04,-66.98391482324332
"theta|strangle2|entry=5|legsl=None|tgt=0.5|sl=1.0|days=expiry|vix=(-3.0, 3.0)",theta,125,57,0.34096411664132986,-0.03422028378462827,0.22749594368619708,-0.10587824648694433,0.4069397396051826,0.04,-122.6006801184845
"theta|strangle2|entry=5|legsl=0.4|tgt=None|sl=None|days=expiry|vix=(-3.0, 3.0)",theta,125,57,0.7822621878680934,-0.03471102006050164,0.2296082317309871,-0.10435690923606866,0.39517639955819706,0.04,-53.63912209902562
"theta|strangle2|entry=5|legsl=0.4|tgt=0.5|sl=1.0|days=expiry|vix=(-3.0, 3.0)",theta,125,57,0.7822621878680934,-0.03471102006050164,0.2296082317309871,-0.10486701816009858,0.3966764252091003,0.04,-53.76976144991673
"theta|strangle2|entry=5|legsl=0.25|tgt=None|sl=None|days=expiry|vix=(-3.0, 3.0)",theta,125,57,1.1935064562787832,-0.036181625835005726,0.23622638652213945,-0.0980615618826497,0.37407840104621903,0.04,-34.25450821637953
"theta|strangle2|entry=5|legsl=0.25|tgt=0.5|sl=1.0|days=expiry|vix=(-3.0, 3.0)",theta,125,57,1.1935064562787832,-0.036181625835005726,0.23622638652213945,-0.09962656633038458,0.37879928415216313,0.04,-34.515292632578266
theta|straddle|entry=15|legsl=0.4|tgt=None|sl=None|days=expiry|vix=None,theta,325,203,0.11753607828395884,-0.04145437866956436,0.23958614750651464,-0.01843561571066854,0.12817011967302905,0.24923076923076923,-74.46252038623743
"theta|straddle|entry=5|legsl=0.5|tgt=0.5|sl=1.0|days=expiry|vix=(-3.0, 3.0)",theta,258,155,0.12953788207096897,-0.0421734126722253,0.2419307230490293,-0.008432874132523693,0.10264770146674762,0.24031007751937986,-80.06470290327655
dir|buy_otm1|signal=bb_breakout|tgt=None|sl=None|days=all,directional,2396,1376,0.002936375194245215,-0.04618272673381507,0.25717526283005765,-0.0407572482187345,0.17077834057980235,0.3217863105175292,-25.103356019782403
theta|strangle2|entry=15|legsl=None|tgt=0.5|sl=1.0|days=expiry|vix=None,theta,157,72,0.27493499030898155,-0.047685232665599875,0.29086982581690024,-0.09719132690842847,0.37564584802340073,0.11464968152866242,-122.03380368098428
"theta|straddle|entry=5|legsl=0.5|tgt=None|sl=None|days=expiry|vix=(-3.0, 3.0)",theta,258,155,0.14736199904757816,-0.04868790570262105,0.27169305908843067,-0.011685735301296463,0.12404341793025431,0.24031007751937986,-75.32683097491368
dir|buy_atm|signal=sma20_cross|tgt=0.5|sl=0.3|days=all,directional,2453,1421,0.004809373071369812,-0.049645609349272424,0.266519800035,-0.035181602341480156,0.1565013640289814,0.33591520587036283,-18.198706941994367
theta|straddle|entry=15|legsl=0.4|tgt=0.5|sl=1.0|days=expiry|vix=None,theta,325,203,0.1338376560902815,-0.05443277310028416,0.2988915419759701,-0.02752090543843755,0.15780330594942749,0.24923076923076923,-76.36472753123144
"theta|strangle2|entry=105|legsl=0.25|tgt=None|sl=None|days=expiry|vix=(-3.0, 3.0)",theta,139,66,0.4192650721250304,-0.055689330898869405,0.32087528427746004,0.027000119216958218,0.11152212084805291,0.2733812949640288,-37.30610997441519
"theta|strangle2|entry=105|legsl=0.25|tgt=0.5|sl=1.0|days=expiry|vix=(-3.0, 3.0)",theta,139,66,0.4192650721250304,-0.055689330898869405,0.32087528427746004,0.02528928564124011,0.11206784845902662,0.2733812949640288,-38.075891870059564
dir|buy_otm1|signal=linreg_slope|tgt=None|sl=None|days=all,directional,2411,1375,0.0027378380899944405,-0.05587363840647741,0.31338445063810716,-0.03499856191771955,0.15960435437471687,0.3231024471173787,-28.188816436116877
theta|strangle2|entry=105|legsl=0.4|tgt=None|sl=None|days=expiry|vix=None,theta,184,88,0.41510090739161126,-0.05622463321571214,0.39315807851441964,0.1462610555397903,0.06972640829674548,0.532608695652174,21.849980782381156
theta|strangle2|entry=105|legsl=0.4|tgt=0.5|sl=1.0|days=expiry|vix=None,theta,184,88,0.41509863647236084,-0.056355688414948535,0.3931559180048899,0.11355926692113583,0.057842453198444055,0.532608695652174,8.685787118576727
dir|buy_otm1|signal=ema9_21|tgt=None|sl=None|days=all,directional,2219,1275,0.0043332536115951135,-0.06129177943018771,0.34318116043986235,-0.061673175995389795,0.2521393893388091,0.3217665615141956,-27.05144848813018
theta|strangle2|entry=105|legsl=0.25|tgt=None|sl=None|days=expiry|vix=None,theta,184,88,0.39784019972270435,-0.07327602967393021,0.390181752010367,0.030302744561657047,0.12499021321943715,0.29347826086956524,-32.467408506051356
theta|strangle2|entry=105|legsl=0.25|tgt=0.5|sl=1.0|days=expiry|vix=None,theta,184,88,0.3985643792030302,-0.0737186296759127,0.39192675109246533,0.02645953995859207,0.12580324994794834,0.29347826086956524,-33.9015829987215
"theta|straddle|entry=15|legsl=0.25|tgt=None|sl=None|days=expiry|vix=(-3.0, 3.0)",theta,252,149,0.3031555143303973,-0.07837109882690274,0.39769639079440244,-0.05936971680104575,0.26343839718441286,0.14682539682539683,-59.4054177072124
"theta|straddle|entry=5|legsl=0.4|tgt=None|sl=None|days=expiry|vix=(-3.0, 3.0)",theta,258,155,0.2379761750776227,-0.08003250163821618,0.40291151904066125,-0.045326579943676726,0.24018709119738146,0.18604651162790697,-69.59042143515893
"theta|straddle|entry=15|legsl=0.25|tgt=0.5|sl=1.0|days=expiry|vix=(-3.0, 3.0)",theta,252,149,0.3069714101343409,-0.08085754524168354,0.40732566196229314,-0.06059226236749793,0.26739331364716123,0.14682539682539683,-59.76754456328968
dir|buy_otm1|signal=stochastic|tgt=None|sl=None|days=nonexpiry,directional,2073,1172,0.007888876561942128,-0.0938347156136018,0.4693856658897332,-0.02757918086462252,0.1955579605457537,0.35600578871201155,-16.600504067702047
"theta|straddle|entry=5|legsl=0.4|tgt=0.5|sl=1.0|days=expiry|vix=(-3.0, 3.0)",theta,258,155,0.2667740802894492,-0.10084711976997585,0.4793351545247626,-0.06045918576265763,0.2822989317523187,0.18604651162790697,-73.91821446933544
theta|straddle|entry=5|legsl=0.4|tgt=0.5|sl=1.0|days=expiry|vix=None,theta,317,196,0.20062653102375036,-0.10263912260836028,0.4862389520054742,-0.053991903834262334,0.2458686025278033,0.167192429022082,-78.50043539870063
dir|buy_otm1|signal=bb_fade|tgt=None|sl=None|days=all,directional,2384,1369,0.004235038195964148,-0.10488355166166652,0.501029043449872,-0.06876720493466992,0.27784957723131265,0.3523489932885906,-29.189514061266543
theta|straddle|entry=15|legsl=0.25|tgt=None|sl=None|days=expiry|vix=None,theta,325,203,0.2836138497604204,-0.10568569288790919,0.4971708470600755,-0.06121808706254006,0.2776662778175437,0.15692307692307692,-55.364224747706196
theta|straddle|entry=15|legsl=0.25|tgt=0.5|sl=1.0|days=expiry|vix=None,theta,325,203,0.28166753256323324,-0.10572953309850552,0.49734146902138954,-0.06247364360294938,0.27548603076932987,0.15692307692307692,-56.269857024630035
"theta|straddle|entry=5|legsl=0.25|tgt=0.5|sl=1.0|days=expiry|vix=(-3.0, 3.0)",theta,258,155,0.39410912189516506,-0.10695830543856533,0.5002054841002748,-0.07299492581098777,0.3351251921220705,0.12790697674418605,-53.75311872419785
"theta|straddle|entry=5|legsl=0.25|tgt=None|sl=None|days=expiry|vix=(-3.0, 3.0)",theta,258,155,0.40611576267999216,-0.10703528736293955,0.5004638689828174,-0.07062346800300934,0.33702184570514093,0.12790697674418605,-51.12750942166785
theta|straddle|entry=5|legsl=0.25|tgt=0.5|sl=1.0|days=expiry|vix=None,theta,317,196,0.2926927480917373,-0.10784223632154866,0.5040032165265623,-0.0627754525418951,0.28609105266334856,0.11356466876971609,-56.87553962826917
theta|straddle|entry=5|legsl=0.25|tgt=None|sl=None|days=expiry|vix=None,theta,317,196,0.29976264410125064,-0.10808866318625554,0.5047308169902691,-0.06089741143140004,0.2869253413794588,0.11356466876971609,-54.73860839781889
dir|buy_otm1|signal=stochastic|tgt=None|sl=None|days=all,directional,2394,1368,0.0038564924148354737,-0.10902723403530168,0.5002524440563002,-0.06399585753012116,0.2692028296107656,0.31704260651629074,-30.2296898211194
theta|straddle|entry=5|legsl=0.4|tgt=None|sl=None|days=expiry|vix=None,theta,317,196,0.22827095693649194,-0.11463704246234996,0.5255595759716332,-0.06235315626817739,0.2798124180205511,0.167192429022082,-74.97813065795131
longvol|long_straddle|signal=None|tgt=None|sl=None|days=expiry,longvol,388,243,0.007039064821436433,-0.11689352554249288,0.5369088812452776,-0.0881219054814788,0.3352244864480245,0.002577319587628866,-228.6878595773928
longvol|long_strangle2|signal=None|tgt=None|sl=None|days=expiry,longvol,242,125,0.009778179937706077,-0.11766807179938343,0.5455361200350979,-0.15035230321158,0.5101150698449091,0.0,-293.2544725331393
longvol|long_straddle|signal=None|tgt=0.6|sl=0.4|days=expiry,longvol,388,243,0.01042982448765178,-0.13512891836072716,0.5913902735862782,-0.10096629465169016,0.3732108976518904,0.005154639175257732,-174.31184940595995
theta|strangle3|entry=5|legsl=None|tgt=None|sl=None|days=expiry|vix=None,theta,64,5,,,,,,,
"theta|strangle3|entry=5|legsl=None|tgt=None|sl=None|days=expiry|vix=(-3.0, 3.0)",theta,54,3,,,,,,,
theta|strangle3|entry=5|legsl=None|tgt=0.5|sl=1.0|days=expiry|vix=None,theta,64,5,,,,,,,
"theta|strangle3|entry=5|legsl=None|tgt=0.5|sl=1.0|days=expiry|vix=(-3.0, 3.0)",theta,54,3,,,,,,,
theta|strangle3|entry=5|legsl=0.25|tgt=None|sl=None|days=expiry|vix=None,theta,64,5,,,,,,,
"theta|strangle3|entry=5|legsl=0.25|tgt=None|sl=None|days=expiry|vix=(-3.0, 3.0)",theta,54,3,,,,,,,
theta|strangle3|entry=5|legsl=0.25|tgt=0.5|sl=1.0|days=expiry|vix=None,theta,64,5,,,,,,,
"theta|strangle3|entry=5|legsl=0.25|tgt=0.5|sl=1.0|days=expiry|vix=(-3.0, 3.0)",theta,54,3,,,,,,,
theta|strangle3|entry=5|legsl=0.4|tgt=None|sl=None|days=expiry|vix=None,theta,64,5,,,,,,,
"theta|strangle3|entry=5|legsl=0.4|tgt=None|sl=None|days=expiry|vix=(-3.0, 3.0)",theta,54,3,,,,,,,
theta|strangle3|entry=5|legsl=0.4|tgt=0.5|sl=1.0|days=expiry|vix=None,theta,64,5,,,,,,,
"theta|strangle3|entry=5|legsl=0.4|tgt=0.5|sl=1.0|days=expiry|vix=(-3.0, 3.0)",theta,54,3,,,,,,,
theta|strangle3|entry=5|legsl=0.5|tgt=None|sl=None|days=expiry|vix=None,theta,64,5,,,,,,,
"theta|strangle3|entry=5|legsl=0.5|tgt=None|sl=None|days=expiry|vix=(-3.0, 3.0)",theta,54,3,,,,,,,
theta|strangle3|entry=5|legsl=0.5|tgt=0.5|sl=1.0|days=expiry|vix=None,theta,64,5,,,,,,,
"theta|strangle3|entry=5|legsl=0.5|tgt=0.5|sl=1.0|days=expiry|vix=(-3.0, 3.0)",theta,54,3,,,,,,,
theta|strangle3|entry=15|legsl=None|tgt=None|sl=None|days=expiry|vix=None,theta,72,9,,,,,,,
"theta|strangle3|entry=15|legsl=None|tgt=None|sl=None|days=expiry|vix=(-3.0, 3.0)",theta,60,8,,,,,,,
theta|strangle3|entry=15|legsl=None|tgt=0.5|sl=1.0|days=expiry|vix=None,theta,72,9,,,,,,,
"theta|strangle3|entry=15|legsl=None|tgt=0.5|sl=1.0|days=expiry|vix=(-3.0, 3.0)",theta,60,8,,,,,,,
theta|strangle3|entry=15|legsl=0.25|tgt=None|sl=None|days=expiry|vix=None,theta,72,9,,,,,,,
"theta|strangle3|entry=15|legsl=0.25|tgt=None|sl=None|days=expiry|vix=(-3.0, 3.0)",theta,60,8,,,,,,,
theta|strangle3|entry=15|legsl=0.25|tgt=0.5|sl=1.0|days=expiry|vix=None,theta,72,9,,,,,,,
"theta|strangle3|entry=15|legsl=0.25|tgt=0.5|sl=1.0|days=expiry|vix=(-3.0, 3.0)",theta,60,8,,,,,,,
theta|strangle3|entry=15|legsl=0.4|tgt=None|sl=None|days=expiry|vix=None,theta,72,9,,,,,,,
"theta|strangle3|entry=15|legsl=0.4|tgt=None|sl=None|days=expiry|vix=(-3.0, 3.0)",theta,60,8,,,,,,,
theta|strangle3|entry=15|legsl=0.4|tgt=0.5|sl=1.0|days=expiry|vix=None,theta,72,9,,,,,,,
"theta|strangle3|entry=15|legsl=0.4|tgt=0.5|sl=1.0|days=expiry|vix=(-3.0, 3.0)",theta,60,8,,,,,,,
theta|strangle3|entry=15|legsl=0.5|tgt=None|sl=None|days=expiry|vix=None,theta,72,9,,,,,,,
"theta|strangle3|entry=15|legsl=0.5|tgt=None|sl=None|days=expiry|vix=(-3.0, 3.0)",theta,60,8,,,,,,,
theta|strangle3|entry=15|legsl=0.5|tgt=0.5|sl=1.0|days=expiry|vix=None,theta,72,9,,,,,,,
"theta|strangle3|entry=15|legsl=0.5|tgt=0.5|sl=1.0|days=expiry|vix=(-3.0, 3.0)",theta,60,8,,,,,,,
theta|strangle3|entry=105|legsl=None|tgt=None|sl=None|days=expiry|vix=None,theta,80,10,,,,,,,
"theta|strangle3|entry=105|legsl=None|tgt=None|sl=None|days=expiry|vix=(-3.0, 3.0)",theta,61,9,,,,,,,
theta|strangle3|entry=105|legsl=None|tgt=0.5|sl=1.0|days=expiry|vix=None,theta,80,10,,,,,,,
"theta|strangle3|entry=105|legsl=None|tgt=0.5|sl=1.0|days=expiry|vix=(-3.0, 3.0)",theta,61,9,,,,,,,
theta|strangle3|entry=105|legsl=0.25|tgt=None|sl=None|days=expiry|vix=None,theta,80,10,,,,,,,
"theta|strangle3|entry=105|legsl=0.25|tgt=None|sl=None|days=expiry|vix=(-3.0, 3.0)",theta,61,9,,,,,,,
theta|strangle3|entry=105|legsl=0.25|tgt=0.5|sl=1.0|days=expiry|vix=None,theta,80,10,,,,,,,
"theta|strangle3|entry=105|legsl=0.25|tgt=0.5|sl=1.0|days=expiry|vix=(-3.0, 3.0)",theta,61,9,,,,,,,
theta|strangle3|entry=105|legsl=0.4|tgt=None|sl=None|days=expiry|vix=None,theta,80,10,,,,,,,
"theta|strangle3|entry=105|legsl=0.4|tgt=None|sl=None|days=expiry|vix=(-3.0, 3.0)",theta,61,9,,,,,,,
theta|strangle3|entry=105|legsl=0.4|tgt=0.5|sl=1.0|days=expiry|vix=None,theta,80,10,,,,,,,
"theta|strangle3|entry=105|legsl=0.4|tgt=0.5|sl=1.0|days=expiry|vix=(-3.0, 3.0)",theta,61,9,,,,,,,
theta|strangle3|entry=105|legsl=0.5|tgt=None|sl=None|days=expiry|vix=None,theta,80,10,,,,,,,
"theta|strangle3|entry=105|legsl=0.5|tgt=None|sl=None|days=expiry|vix=(-3.0, 3.0)",theta,61,9,,,,,,,
theta|strangle3|entry=105|legsl=0.5|tgt=0.5|sl=1.0|days=expiry|vix=None,theta,80,10,,,,,,,
"theta|strangle3|entry=105|legsl=0.5|tgt=0.5|sl=1.0|days=expiry|vix=(-3.0, 3.0)",theta,61,9,,,,,,,
theta|condor1_5|entry=5|legsl=None|tgt=None|sl=None|days=expiry|vix=None,theta,7,0,,,,,,,
"theta|condor1_5|entry=5|legsl=None|tgt=None|sl=None|days=expiry|vix=(-3.0, 3.0)",theta,6,0,,,,,,,
theta|condor1_5|entry=5|legsl=None|tgt=0.5|sl=1.0|days=expiry|vix=None,theta,7,0,,,,,,,
"theta|condor1_5|entry=5|legsl=None|tgt=0.5|sl=1.0|days=expiry|vix=(-3.0, 3.0)",theta,6,0,,,,,,,
theta|condor1_5|entry=5|legsl=0.25|tgt=None|sl=None|days=expiry|vix=None,theta,7,0,,,,,,,
"theta|condor1_5|entry=5|legsl=0.25|tgt=None|sl=None|days=expiry|vix=(-3.0, 3.0)",theta,6,0,,,,,,,
theta|condor1_5|entry=5|legsl=0.25|tgt=0.5|sl=1.0|days=expiry|vix=None,theta,7,0,,,,,,,
"theta|condor1_5|entry=5|legsl=0.25|tgt=0.5|sl=1.0|days=expiry|vix=(-3.0, 3.0)",theta,6,0,,,,,,,
theta|condor1_5|entry=5|legsl=0.4|tgt=None|sl=None|days=expiry|vix=None,theta,7,0,,,,,,,
"theta|condor1_5|entry=5|legsl=0.4|tgt=None|sl=None|days=expiry|vix=(-3.0, 3.0)",theta,6,0,,,,,,,
theta|condor1_5|entry=5|legsl=0.4|tgt=0.5|sl=1.0|days=expiry|vix=None,theta,7,0,,,,,,,
"theta|condor1_5|entry=5|legsl=0.4|tgt=0.5|sl=1.0|days=expiry|vix=(-3.0, 3.0)",theta,6,0,,,,,,,
theta|condor1_5|entry=5|legsl=0.5|tgt=None|sl=None|days=expiry|vix=None,theta,7,0,,,,,,,
"theta|condor1_5|entry=5|legsl=0.5|tgt=None|sl=None|days=expiry|vix=(-3.0, 3.0)",theta,6,0,,,,,,,
theta|condor1_5|entry=5|legsl=0.5|tgt=0.5|sl=1.0|days=expiry|vix=None,theta,7,0,,,,,,,
"theta|condor1_5|entry=5|legsl=0.5|tgt=0.5|sl=1.0|days=expiry|vix=(-3.0, 3.0)",theta,6,0,,,,,,,
theta|condor1_5|entry=15|legsl=None|tgt=None|sl=None|days=expiry|vix=None,theta,7,0,,,,,,,
"theta|condor1_5|entry=15|legsl=None|tgt=None|sl=None|days=expiry|vix=(-3.0, 3.0)",theta,5,0,,,,,,,
theta|condor1_5|entry=15|legsl=None|tgt=0.5|sl=1.0|days=expiry|vix=None,theta,7,0,,,,,,,
"theta|condor1_5|entry=15|legsl=None|tgt=0.5|sl=1.0|days=expiry|vix=(-3.0, 3.0)",theta,5,0,,,,,,,
theta|condor1_5|entry=15|legsl=0.25|tgt=None|sl=None|days=expiry|vix=None,theta,7,0,,,,,,,
"theta|condor1_5|entry=15|legsl=0.25|tgt=None|sl=None|days=expiry|vix=(-3.0, 3.0)",theta,5,0,,,,,,,
theta|condor1_5|entry=15|legsl=0.25|tgt=0.5|sl=1.0|days=expiry|vix=None,theta,7,0,,,,,,,
"theta|condor1_5|entry=15|legsl=0.25|tgt=0.5|sl=1.0|days=expiry|vix=(-3.0, 3.0)",theta,5,0,,,,,,,
theta|condor1_5|entry=15|legsl=0.4|tgt=None|sl=None|days=expiry|vix=None,theta,7,0,,,,,,,
"theta|condor1_5|entry=15|legsl=0.4|tgt=None|sl=None|days=expiry|vix=(-3.0, 3.0)",theta,5,0,,,,,,,
theta|condor1_5|entry=15|legsl=0.4|tgt=0.5|sl=1.0|days=expiry|vix=None,theta,7,0,,,,,,,
"theta|condor1_5|entry=15|legsl=0.4|tgt=0.5|sl=1.0|days=expiry|vix=(-3.0, 3.0)",theta,5,0,,,,,,,
theta|condor1_5|entry=15|legsl=0.5|tgt=None|sl=None|days=expiry|vix=None,theta,7,0,,,,,,,
"theta|condor1_5|entry=15|legsl=0.5|tgt=None|sl=None|days=expiry|vix=(-3.0, 3.0)",theta,5,0,,,,,,,
theta|condor1_5|entry=15|legsl=0.5|tgt=0.5|sl=1.0|days=expiry|vix=None,theta,7,0,,,,,,,
"theta|condor1_5|entry=15|legsl=0.5|tgt=0.5|sl=1.0|days=expiry|vix=(-3.0, 3.0)",theta,5,0,,,,,,,
theta|condor1_5|entry=105|legsl=None|tgt=None|sl=None|days=expiry|vix=None,theta,8,0,,,,,,,
"theta|condor1_5|entry=105|legsl=None|tgt=None|sl=None|days=expiry|vix=(-3.0, 3.0)",theta,5,0,,,,,,,
theta|condor1_5|entry=105|legsl=None|tgt=0.5|sl=1.0|days=expiry|vix=None,theta,8,0,,,,,,,
"theta|condor1_5|entry=105|legsl=None|tgt=0.5|sl=1.0|days=expiry|vix=(-3.0, 3.0)",theta,5,0,,,,,,,
theta|condor1_5|entry=105|legsl=0.25|tgt=None|sl=None|days=expiry|vix=None,theta,8,0,,,,,,,
"theta|condor1_5|entry=105|legsl=0.25|tgt=None|sl=None|days=expiry|vix=(-3.0, 3.0)",theta,5,0,,,,,,,
theta|condor1_5|entry=105|legsl=0.25|tgt=0.5|sl=1.0|days=expiry|vix=None,theta,8,0,,,,,,,
"theta|condor1_5|entry=105|legsl=0.25|tgt=0.5|sl=1.0|days=expiry|vix=(-3.0, 3.0)",theta,5,0,,,,,,,
theta|condor1_5|entry=105|legsl=0.4|tgt=None|sl=None|days=expiry|vix=None,theta,8,0,,,,,,,
"theta|condor1_5|entry=105|legsl=0.4|tgt=None|sl=None|days=expiry|vix=(-3.0, 3.0)",theta,5,0,,,,,,,
theta|condor1_5|entry=105|legsl=0.4|tgt=0.5|sl=1.0|days=expiry|vix=None,theta,8,0,,,,,,,
"theta|condor1_5|entry=105|legsl=0.4|tgt=0.5|sl=1.0|days=expiry|vix=(-3.0, 3.0)",theta,5,0,,,,,,,
theta|condor1_5|entry=105|legsl=0.5|tgt=None|sl=None|days=expiry|vix=None,theta,8,0,,,,,,,
"theta|condor1_5|entry=105|legsl=0.5|tgt=None|sl=None|days=expiry|vix=(-3.0, 3.0)",theta,5,0,,,,,,,
theta|condor1_5|entry=105|legsl=0.5|tgt=0.5|sl=1.0|days=expiry|vix=None,theta,8,0,,,,,,,
"theta|condor1_5|entry=105|legsl=0.5|tgt=0.5|sl=1.0|days=expiry|vix=(-3.0, 3.0)",theta,5,0,,,,,,,
theta|condor2_7|entry=5|legsl=None|tgt=None|sl=None|days=expiry|vix=None,theta,0,0,,,,,,,
"theta|condor2_7|entry=5|legsl=None|tgt=None|sl=None|days=expiry|vix=(-3.0, 3.0)",theta,0,0,,,,,,,
theta|condor2_7|entry=5|legsl=None|tgt=0.5|sl=1.0|days=expiry|vix=None,theta,0,0,,,,,,,
"theta|condor2_7|entry=5|legsl=None|tgt=0.5|sl=1.0|days=expiry|vix=(-3.0, 3.0)",theta,0,0,,,,,,,
theta|condor2_7|entry=5|legsl=0.25|tgt=None|sl=None|days=expiry|vix=None,theta,0,0,,,,,,,
"theta|condor2_7|entry=5|legsl=0.25|tgt=None|sl=None|days=expiry|vix=(-3.0, 3.0)",theta,0,0,,,,,,,
theta|condor2_7|entry=5|legsl=0.25|tgt=0.5|sl=1.0|days=expiry|vix=None,theta,0,0,,,,,,,
"theta|condor2_7|entry=5|legsl=0.25|tgt=0.5|sl=1.0|days=expiry|vix=(-3.0, 3.0)",theta,0,0,,,,,,,
theta|condor2_7|entry=5|legsl=0.4|tgt=None|sl=None|days=expiry|vix=None,theta,0,0,,,,,,,
"theta|condor2_7|entry=5|legsl=0.4|tgt=None|sl=None|days=expiry|vix=(-3.0, 3.0)",theta,0,0,,,,,,,
theta|condor2_7|entry=5|legsl=0.4|tgt=0.5|sl=1.0|days=expiry|vix=None,theta,0,0,,,,,,,
"theta|condor2_7|entry=5|legsl=0.4|tgt=0.5|sl=1.0|days=expiry|vix=(-3.0, 3.0)",theta,0,0,,,,,,,
theta|condor2_7|entry=5|legsl=0.5|tgt=None|sl=None|days=expiry|vix=None,theta,0,0,,,,,,,
"theta|condor2_7|entry=5|legsl=0.5|tgt=None|sl=None|days=expiry|vix=(-3.0, 3.0)",theta,0,0,,,,,,,
theta|condor2_7|entry=5|legsl=0.5|tgt=0.5|sl=1.0|days=expiry|vix=None,theta,0,0,,,,,,,
"theta|condor2_7|entry=5|legsl=0.5|tgt=0.5|sl=1.0|days=expiry|vix=(-3.0, 3.0)",theta,0,0,,,,,,,
theta|condor2_7|entry=15|legsl=None|tgt=None|sl=None|days=expiry|vix=None,theta,0,0,,,,,,,
"theta|condor2_7|entry=15|legsl=None|tgt=None|sl=None|days=expiry|vix=(-3.0, 3.0)",theta,0,0,,,,,,,
theta|condor2_7|entry=15|legsl=None|tgt=0.5|sl=1.0|days=expiry|vix=None,theta,0,0,,,,,,,
"theta|condor2_7|entry=15|legsl=None|tgt=0.5|sl=1.0|days=expiry|vix=(-3.0, 3.0)",theta,0,0,,,,,,,
theta|condor2_7|entry=15|legsl=0.25|tgt=None|sl=None|days=expiry|vix=None,theta,0,0,,,,,,,
"theta|condor2_7|entry=15|legsl=0.25|tgt=None|sl=None|days=expiry|vix=(-3.0, 3.0)",theta,0,0,,,,,,,
theta|condor2_7|entry=15|legsl=0.25|tgt=0.5|sl=1.0|days=expiry|vix=None,theta,0,0,,,,,,,
"theta|condor2_7|entry=15|legsl=0.25|tgt=0.5|sl=1.0|days=expiry|vix=(-3.0, 3.0)",theta,0,0,,,,,,,
theta|condor2_7|entry=15|legsl=0.4|tgt=None|sl=None|days=expiry|vix=None,theta,0,0,,,,,,,
"theta|condor2_7|entry=15|legsl=0.4|tgt=None|sl=None|days=expiry|vix=(-3.0, 3.0)",theta,0,0,,,,,,,
theta|condor2_7|entry=15|legsl=0.4|tgt=0.5|sl=1.0|days=expiry|vix=None,theta,0,0,,,,,,,
"theta|condor2_7|entry=15|legsl=0.4|tgt=0.5|sl=1.0|days=expiry|vix=(-3.0, 3.0)",theta,0,0,,,,,,,
theta|condor2_7|entry=15|legsl=0.5|tgt=None|sl=None|days=expiry|vix=None,theta,0,0,,,,,,,
"theta|condor2_7|entry=15|legsl=0.5|tgt=None|sl=None|days=expiry|vix=(-3.0, 3.0)",theta,0,0,,,,,,,
theta|condor2_7|entry=15|legsl=0.5|tgt=0.5|sl=1.0|days=expiry|vix=None,theta,0,0,,,,,,,
"theta|condor2_7|entry=15|legsl=0.5|tgt=0.5|sl=1.0|days=expiry|vix=(-3.0, 3.0)",theta,0,0,,,,,,,
theta|condor2_7|entry=105|legsl=None|tgt=None|sl=None|days=expiry|vix=None,theta,0,0,,,,,,,
"theta|condor2_7|entry=105|legsl=None|tgt=None|sl=None|days=expiry|vix=(-3.0, 3.0)",theta,0,0,,,,,,,
theta|condor2_7|entry=105|legsl=None|tgt=0.5|sl=1.0|days=expiry|vix=None,theta,0,0,,,,,,,
"theta|condor2_7|entry=105|legsl=None|tgt=0.5|sl=1.0|days=expiry|vix=(-3.0, 3.0)",theta,0,0,,,,,,,
theta|condor2_7|entry=105|legsl=0.25|tgt=None|sl=None|days=expiry|vix=None,theta,0,0,,,,,,,
"theta|condor2_7|entry=105|legsl=0.25|tgt=None|sl=None|days=expiry|vix=(-3.0, 3.0)",theta,0,0,,,,,,,
theta|condor2_7|entry=105|legsl=0.25|tgt=0.5|sl=1.0|days=expiry|vix=None,theta,0,0,,,,,,,
"theta|condor2_7|entry=105|legsl=0.25|tgt=0.5|sl=1.0|days=expiry|vix=(-3.0, 3.0)",theta,0,0,,,,,,,
theta|condor2_7|entry=105|legsl=0.4|tgt=None|sl=None|days=expiry|vix=None,theta,0,0,,,,,,,
"theta|condor2_7|entry=105|legsl=0.4|tgt=None|sl=None|days=expiry|vix=(-3.0, 3.0)",theta,0,0,,,,,,,
theta|condor2_7|entry=105|legsl=0.4|tgt=0.5|sl=1.0|days=expiry|vix=None,theta,0,0,,,,,,,
"theta|condor2_7|entry=105|legsl=0.4|tgt=0.5|sl=1.0|days=expiry|vix=(-3.0, 3.0)",theta,0,0,,,,,,,
theta|condor2_7|entry=105|legsl=0.5|tgt=None|sl=None|days=expiry|vix=None,theta,0,0,,,,,,,
"theta|condor2_7|entry=105|legsl=0.5|tgt=None|sl=None|days=expiry|vix=(-3.0, 3.0)",theta,0,0,,,,,,,
theta|condor2_7|entry=105|legsl=0.5|tgt=0.5|sl=1.0|days=expiry|vix=None,theta,0,0,,,,,,,
"theta|condor2_7|entry=105|legsl=0.5|tgt=0.5|sl=1.0|days=expiry|vix=(-3.0, 3.0)",theta,0,0,,,,,,,
theta|butterfly4|entry=5|legsl=None|tgt=None|sl=None|days=expiry|vix=None,theta,33,0,,,,,,,
"theta|butterfly4|entry=5|legsl=None|tgt=None|sl=None|days=expiry|vix=(-3.0, 3.0)",theta,29,0,,,,,,,
theta|butterfly4|entry=5|legsl=None|tgt=0.5|sl=1.0|days=expiry|vix=None,theta,33,0,,,,,,,
"theta|butterfly4|entry=5|legsl=None|tgt=0.5|sl=1.0|days=expiry|vix=(-3.0, 3.0)",theta,29,0,,,,,,,
theta|butterfly4|entry=5|legsl=0.25|tgt=None|sl=None|days=expiry|vix=None,theta,33,0,,,,,,,
"theta|butterfly4|entry=5|legsl=0.25|tgt=None|sl=None|days=expiry|vix=(-3.0, 3.0)",theta,29,0,,,,,,,
theta|butterfly4|entry=5|legsl=0.25|tgt=0.5|sl=1.0|days=expiry|vix=None,theta,33,0,,,,,,,
"theta|butterfly4|entry=5|legsl=0.25|tgt=0.5|sl=1.0|days=expiry|vix=(-3.0, 3.0)",theta,29,0,,,,,,,
theta|butterfly4|entry=5|legsl=0.4|tgt=None|sl=None|days=expiry|vix=None,theta,33,0,,,,,,,
"theta|butterfly4|entry=5|legsl=0.4|tgt=None|sl=None|days=expiry|vix=(-3.0, 3.0)",theta,29,0,,,,,,,
theta|butterfly4|entry=5|legsl=0.4|tgt=0.5|sl=1.0|days=expiry|vix=None,theta,33,0,,,,,,,
"theta|butterfly4|entry=5|legsl=0.4|tgt=0.5|sl=1.0|days=expiry|vix=(-3.0, 3.0)",theta,29,0,,,,,,,
theta|butterfly4|entry=5|legsl=0.5|tgt=None|sl=None|days=expiry|vix=None,theta,33,0,,,,,,,
"theta|butterfly4|entry=5|legsl=0.5|tgt=None|sl=None|days=expiry|vix=(-3.0, 3.0)",theta,29,0,,,,,,,
theta|butterfly4|entry=5|legsl=0.5|tgt=0.5|sl=1.0|days=expiry|vix=None,theta,33,0,,,,,,,
"theta|butterfly4|entry=5|legsl=0.5|tgt=0.5|sl=1.0|days=expiry|vix=(-3.0, 3.0)",theta,29,0,,,,,,,
theta|butterfly4|entry=15|legsl=None|tgt=None|sl=None|days=expiry|vix=None,theta,34,0,,,,,,,
"theta|butterfly4|entry=15|legsl=None|tgt=None|sl=None|days=expiry|vix=(-3.0, 3.0)",theta,27,0,,,,,,,
theta|butterfly4|entry=15|legsl=None|tgt=0.5|sl=1.0|days=expiry|vix=None,theta,34,0,,,,,,,
"theta|butterfly4|entry=15|legsl=None|tgt=0.5|sl=1.0|days=expiry|vix=(-3.0, 3.0)",theta,27,0,,,,,,,
theta|butterfly4|entry=15|legsl=0.25|tgt=None|sl=None|days=expiry|vix=None,theta,34,0,,,,,,,
"theta|butterfly4|entry=15|legsl=0.25|tgt=None|sl=None|days=expiry|vix=(-3.0, 3.0)",theta,27,0,,,,,,,
theta|butterfly4|entry=15|legsl=0.25|tgt=0.5|sl=1.0|days=expiry|vix=None,theta,34,0,,,,,,,
"theta|butterfly4|entry=15|legsl=0.25|tgt=0.5|sl=1.0|days=expiry|vix=(-3.0, 3.0)",theta,27,0,,,,,,,
theta|butterfly4|entry=15|legsl=0.4|tgt=None|sl=None|days=expiry|vix=None,theta,34,0,,,,,,,
"theta|butterfly4|entry=15|legsl=0.4|tgt=None|sl=None|days=expiry|vix=(-3.0, 3.0)",theta,27,0,,,,,,,
theta|butterfly4|entry=15|legsl=0.4|tgt=0.5|sl=1.0|days=expiry|vix=None,theta,34,0,,,,,,,
"theta|butterfly4|entry=15|legsl=0.4|tgt=0.5|sl=1.0|days=expiry|vix=(-3.0, 3.0)",theta,27,0,,,,,,,
theta|butterfly4|entry=15|legsl=0.5|tgt=None|sl=None|days=expiry|vix=None,theta,34,0,,,,,,,
"theta|butterfly4|entry=15|legsl=0.5|tgt=None|sl=None|days=expiry|vix=(-3.0, 3.0)",theta,27,0,,,,,,,
theta|butterfly4|entry=15|legsl=0.5|tgt=0.5|sl=1.0|days=expiry|vix=None,theta,34,0,,,,,,,
"theta|butterfly4|entry=15|legsl=0.5|tgt=0.5|sl=1.0|days=expiry|vix=(-3.0, 3.0)",theta,27,0,,,,,,,
theta|butterfly4|entry=105|legsl=None|tgt=None|sl=None|days=expiry|vix=None,theta,40,0,,,,,,,
"theta|butterfly4|entry=105|legsl=None|tgt=None|sl=None|days=expiry|vix=(-3.0, 3.0)",theta,28,0,,,,,,,
theta|butterfly4|entry=105|legsl=None|tgt=0.5|sl=1.0|days=expiry|vix=None,theta,40,0,,,,,,,
"theta|butterfly4|entry=105|legsl=None|tgt=0.5|sl=1.0|days=expiry|vix=(-3.0, 3.0)",theta,28,0,,,,,,,
theta|butterfly4|entry=105|legsl=0.25|tgt=None|sl=None|days=expiry|vix=None,theta,40,0,,,,,,,
"theta|butterfly4|entry=105|legsl=0.25|tgt=None|sl=None|days=expiry|vix=(-3.0, 3.0)",theta,28,0,,,,,,,
theta|butterfly4|entry=105|legsl=0.25|tgt=0.5|sl=1.0|days=expiry|vix=None,theta,40,0,,,,,,,
"theta|butterfly4|entry=105|legsl=0.25|tgt=0.5|sl=1.0|days=expiry|vix=(-3.0, 3.0)",theta,28,0,,,,,,,
theta|butterfly4|entry=105|legsl=0.4|tgt=None|sl=None|days=expiry|vix=None,theta,40,0,,,,,,,
"theta|butterfly4|entry=105|legsl=0.4|tgt=None|sl=None|days=expiry|vix=(-3.0, 3.0)",theta,28,0,,,,,,,
theta|butterfly4|entry=105|legsl=0.4|tgt=0.5|sl=1.0|days=expiry|vix=None,theta,40,0,,,,,,,
"theta|butterfly4|entry=105|legsl=0.4|tgt=0.5|sl=1.0|days=expiry|vix=(-3.0, 3.0)",theta,28,0,,,,,,,
theta|butterfly4|entry=105|legsl=0.5|tgt=None|sl=None|days=expiry|vix=None,theta,40,0,,,,,,,
"theta|butterfly4|entry=105|legsl=0.5|tgt=None|sl=None|days=expiry|vix=(-3.0, 3.0)",theta,28,0,,,,,,,
theta|butterfly4|entry=105|legsl=0.5|tgt=0.5|sl=1.0|days=expiry|vix=None,theta,40,0,,,,,,,
"theta|butterfly4|entry=105|legsl=0.5|tgt=0.5|sl=1.0|days=expiry|vix=(-3.0, 3.0)",theta,28,0,,,,,,,
theta|butterfly6|entry=5|legsl=None|tgt=None|sl=None|days=expiry|vix=None,theta,0,0,,,,,,,
"theta|butterfly6|entry=5|legsl=None|tgt=None|sl=None|days=expiry|vix=(-3.0, 3.0)",theta,0,0,,,,,,,
theta|butterfly6|entry=5|legsl=None|tgt=0.5|sl=1.0|days=expiry|vix=None,theta,0,0,,,,,,,
"theta|butterfly6|entry=5|legsl=None|tgt=0.5|sl=1.0|days=expiry|vix=(-3.0, 3.0)",theta,0,0,,,,,,,
theta|butterfly6|entry=5|legsl=0.25|tgt=None|sl=None|days=expiry|vix=None,theta,0,0,,,,,,,
"theta|butterfly6|entry=5|legsl=0.25|tgt=None|sl=None|days=expiry|vix=(-3.0, 3.0)",theta,0,0,,,,,,,
theta|butterfly6|entry=5|legsl=0.25|tgt=0.5|sl=1.0|days=expiry|vix=None,theta,0,0,,,,,,,
"theta|butterfly6|entry=5|legsl=0.25|tgt=0.5|sl=1.0|days=expiry|vix=(-3.0, 3.0)",theta,0,0,,,,,,,
theta|butterfly6|entry=5|legsl=0.4|tgt=None|sl=None|days=expiry|vix=None,theta,0,0,,,,,,,
"theta|butterfly6|entry=5|legsl=0.4|tgt=None|sl=None|days=expiry|vix=(-3.0, 3.0)",theta,0,0,,,,,,,
theta|butterfly6|entry=5|legsl=0.4|tgt=0.5|sl=1.0|days=expiry|vix=None,theta,0,0,,,,,,,
"theta|butterfly6|entry=5|legsl=0.4|tgt=0.5|sl=1.0|days=expiry|vix=(-3.0, 3.0)",theta,0,0,,,,,,,
theta|butterfly6|entry=5|legsl=0.5|tgt=None|sl=None|days=expiry|vix=None,theta,0,0,,,,,,,
"theta|butterfly6|entry=5|legsl=0.5|tgt=None|sl=None|days=expiry|vix=(-3.0, 3.0)",theta,0,0,,,,,,,
theta|butterfly6|entry=5|legsl=0.5|tgt=0.5|sl=1.0|days=expiry|vix=None,theta,0,0,,,,,,,
"theta|butterfly6|entry=5|legsl=0.5|tgt=0.5|sl=1.0|days=expiry|vix=(-3.0, 3.0)",theta,0,0,,,,,,,
theta|butterfly6|entry=15|legsl=None|tgt=None|sl=None|days=expiry|vix=None,theta,0,0,,,,,,,
"theta|butterfly6|entry=15|legsl=None|tgt=None|sl=None|days=expiry|vix=(-3.0, 3.0)",theta,0,0,,,,,,,
theta|butterfly6|entry=15|legsl=None|tgt=0.5|sl=1.0|days=expiry|vix=None,theta,0,0,,,,,,,
"theta|butterfly6|entry=15|legsl=None|tgt=0.5|sl=1.0|days=expiry|vix=(-3.0, 3.0)",theta,0,0,,,,,,,
theta|butterfly6|entry=15|legsl=0.25|tgt=None|sl=None|days=expiry|vix=None,theta,0,0,,,,,,,
"theta|butterfly6|entry=15|legsl=0.25|tgt=None|sl=None|days=expiry|vix=(-3.0, 3.0)",theta,0,0,,,,,,,
theta|butterfly6|entry=15|legsl=0.25|tgt=0.5|sl=1.0|days=expiry|vix=None,theta,0,0,,,,,,,
"theta|butterfly6|entry=15|legsl=0.25|tgt=0.5|sl=1.0|days=expiry|vix=(-3.0, 3.0)",theta,0,0,,,,,,,
theta|butterfly6|entry=15|legsl=0.4|tgt=None|sl=None|days=expiry|vix=None,theta,0,0,,,,,,,
"theta|butterfly6|entry=15|legsl=0.4|tgt=None|sl=None|days=expiry|vix=(-3.0, 3.0)",theta,0,0,,,,,,,
theta|butterfly6|entry=15|legsl=0.4|tgt=0.5|sl=1.0|days=expiry|vix=None,theta,0,0,,,,,,,
"theta|butterfly6|entry=15|legsl=0.4|tgt=0.5|sl=1.0|days=expiry|vix=(-3.0, 3.0)",theta,0,0,,,,,,,
theta|butterfly6|entry=15|legsl=0.5|tgt=None|sl=None|days=expiry|vix=None,theta,0,0,,,,,,,
"theta|butterfly6|entry=15|legsl=0.5|tgt=None|sl=None|days=expiry|vix=(-3.0, 3.0)",theta,0,0,,,,,,,
theta|butterfly6|entry=15|legsl=0.5|tgt=0.5|sl=1.0|days=expiry|vix=None,theta,0,0,,,,,,,
"theta|butterfly6|entry=15|legsl=0.5|tgt=0.5|sl=1.0|days=expiry|vix=(-3.0, 3.0)",theta,0,0,,,,,,,
theta|butterfly6|entry=105|legsl=None|tgt=None|sl=None|days=expiry|vix=None,theta,0,0,,,,,,,
"theta|butterfly6|entry=105|legsl=None|tgt=None|sl=None|days=expiry|vix=(-3.0, 3.0)",theta,0,0,,,,,,,
theta|butterfly6|entry=105|legsl=None|tgt=0.5|sl=1.0|days=expiry|vix=None,theta,0,0,,,,,,,
"theta|butterfly6|entry=105|legsl=None|tgt=0.5|sl=1.0|days=expiry|vix=(-3.0, 3.0)",theta,0,0,,,,,,,
theta|butterfly6|entry=105|legsl=0.25|tgt=None|sl=None|days=expiry|vix=None,theta,0,0,,,,,,,
"theta|butterfly6|entry=105|legsl=0.25|tgt=None|sl=None|days=expiry|vix=(-3.0, 3.0)",theta,0,0,,,,,,,
theta|butterfly6|entry=105|legsl=0.25|tgt=0.5|sl=1.0|days=expiry|vix=None,theta,0,0,,,,,,,
"theta|butterfly6|entry=105|legsl=0.25|tgt=0.5|sl=1.0|days=expiry|vix=(-3.0, 3.0)",theta,0,0,,,,,,,
theta|butterfly6|entry=105|legsl=0.4|tgt=None|sl=None|days=expiry|vix=None,theta,0,0,,,,,,,
"theta|butterfly6|entry=105|legsl=0.4|tgt=None|sl=None|days=expiry|vix=(-3.0, 3.0)",theta,0,0,,,,,,,
theta|butterfly6|entry=105|legsl=0.4|tgt=0.5|sl=1.0|days=expiry|vix=None,theta,0,0,,,,,,,
"theta|butterfly6|entry=105|legsl=0.4|tgt=0.5|sl=1.0|days=expiry|vix=(-3.0, 3.0)",theta,0,0,,,,,,,
theta|butterfly6|entry=105|legsl=0.5|tgt=None|sl=None|days=expiry|vix=None,theta,0,0,,,,,,,
"theta|butterfly6|entry=105|legsl=0.5|tgt=None|sl=None|days=expiry|vix=(-3.0, 3.0)",theta,0,0,,,,,,,
theta|butterfly6|entry=105|legsl=0.5|tgt=0.5|sl=1.0|days=expiry|vix=None,theta,0,0,,,,,,,
"theta|butterfly6|entry=105|legsl=0.5|tgt=0.5|sl=1.0|days=expiry|vix=(-3.0, 3.0)",theta,0,0,,,,,,,
longvol|long_straddle|signal=vix_spike|tgt=0.3|sl=0.3|days=expiry,longvol,26,19,,,,,,,
longvol|long_straddle|signal=vix_spike|tgt=0.6|sl=0.4|days=expiry,longvol,26,19,,,,,,,
longvol|long_straddle|signal=vix_spike|tgt=None|sl=None|days=expiry,longvol,26,19,,,,,,,
longvol|long_straddle|signal=gap_follow|tgt=0.3|sl=0.3|days=expiry,longvol,69,46,,,,,,,
longvol|long_straddle|signal=gap_follow|tgt=0.6|sl=0.4|days=expiry,longvol,69,46,,,,,,,
longvol|long_straddle|signal=gap_follow|tgt=None|sl=None|days=expiry,longvol,69,46,,,,,,,
longvol|long_strangle2|signal=vix_spike|tgt=0.3|sl=0.3|days=expiry,longvol,11,6,,,,,,,
longvol|long_strangle2|signal=vix_spike|tgt=0.6|sl=0.4|days=expiry,longvol,11,6,,,,,,,
longvol|long_strangle2|signal=vix_spike|tgt=None|sl=None|days=expiry,longvol,11,6,,,,,,,
longvol|long_strangle2|signal=gap_follow|tgt=0.3|sl=0.3|days=expiry,longvol,27,11,,,,,,,
longvol|long_strangle2|signal=gap_follow|tgt=0.6|sl=0.4|days=expiry,longvol,27,11,,,,,,,
longvol|long_strangle2|signal=gap_follow|tgt=None|sl=None|days=expiry,longvol,27,11,,,,,,,
