date,NIFTYBEES,JUNIORBEES,BANKBEES,GOLDBEES,MOM100,MON100,cash,multiplier,strategy
2017-04-03,0.2508219481,0,0,0.2479330897,0,0.2502186,0.2510263622,1,LSTM v2
2017-04-05,0.2504565343,0,0,0.2481487021,0,0.2504491433,0.2509456202,1,LSTM v2
2017-04-06,0.2506329455,0,0,0.2480900772,0,0.2501154579,0.2511615195,1,LSTM v2
2017-04-07,0.2504003942,0,0,0.2485055923,0,0.2502011955,0.250892818,1,LSTM v2
2017-04-10,0.2504156865,0,0,0.2484413273,0,0.2502274849,0.2509155013,1,LSTM v2
2017-04-11,0.2501319647,0,0,0.2486481667,0,0.2506231666,0.2505967021,1,LSTM v2
2017-04-12,0.2503888905,0,0,0.2483830452,0,0.2507995665,0.2504284978,1,LSTM v2
2017-04-13,0.2503146566,0,0,0.2483420558,0,0.2510148622,0.2503284253,1,LSTM v2
2017-04-17,0.2504622564,0,0,0.2481491194,0,0.2509303614,0.2504582628,1,LSTM v2
2017-04-18,0.2503757439,0,0,0.2482315712,0,0.2510387264,0.2503539585,1,LSTM v2
2017-04-19,0.2506510541,0,0,0.2479263172,0,0.2509390041,0.2504836246,1,LSTM v2
2017-04-20,0.2507686578,0,0,0.2478039079,0,0.2508416138,0.2505858205,1,LSTM v2
2017-04-21,0.250819359,0,0,0.2477302141,0,0.2507353462,0.2507150807,1,LSTM v2
2017-04-24,0.2505556047,0,0,0.2479546964,0,0.2510397434,0.2504499555,1,LSTM v2
2017-04-25,0.250685636,0,0,0.2482561357,0,0.2509616055,0.2500966229,1,LSTM v2
2017-04-26,0.2510278262,0,0,0.2481546737,0,0.2509710528,0.2498464473,1,LSTM v2
2017-04-27,0.2513681017,0,0,0.2478339933,0,0.2511431537,0.2496547513,1,LSTM v2
2017-04-28,0.2513802014,0,0,0.2477285825,0,0.2512667738,0.2496244423,1,LSTM v2
2017-05-02,0.2512547634,0,0,0.2478285842,0,0.2511808537,0.2497357987,1,LSTM v2
2017-05-03,0.2510820254,0,0,0.2476839498,0,0.2512710616,0.2499629632,1,LSTM v2
2017-05-04,0.2509625591,0,0,0.2476754971,0,0.2510364391,0.2503255047,1,LSTM v2
2017-05-05,0.2507384457,0,0,0.2480152733,0,0.2510581352,0.2501881458,1,LSTM v2
2017-05-08,0.250845544,0,0,0.2479379699,0,0.2504913732,0.2507251128,1,LSTM v2
2017-05-09,0.2507025003,0,0,0.2480049133,0,0.250646174,0.2506464124,1,LSTM v2
2017-05-10,0.2505628802,0,0,0.2479378767,0,0.2506075837,0.2508916594,1,LSTM v2
2017-05-11,0.2503196262,0,0,0.2478767746,0,0.2508299611,0.2509736381,1,LSTM v2
2017-05-12,0.2501331344,0,0,0.2480233982,0,0.2509865836,0.2508568838,1,LSTM v2
2017-05-15,0.2502011061,0,0,0.2481728196,0,0.2505892217,0.2510368526,1,LSTM v2
2017-05-16,0.2501863241,0,0,0.2480465472,0,0.2505018115,0.2512653172,1,LSTM v2
2017-05-17,0.2500350401,0,0,0.2483764217,0,0.2505675182,0.2510210201,1,LSTM v2
2017-05-18,0.2501665652,0,0,0.2484304309,0,0.2506426871,0.2507603168,1,LSTM v2
2017-05-19,0.2501263916,0,0,0.2482362688,0,0.2505318224,0.2511055171,1,LSTM v2
2017-05-22,0.2502274476,0,0,0.248121094,0,0.2503591739,0.2512922846,1,LSTM v2
2017-05-23,0.2501581572,0,0,0.2482080274,0,0.2505963407,0.2510374747,1,LSTM v2
2017-05-24,0.2502579428,0,0,0.2482037432,0,0.2502662577,0.2512720563,1,LSTM v2
2017-05-25,0.250193119,0,0,0.2476072311,0,0.2506114244,0.2515882254,1,LSTM v2
2017-05-26,0.2501622103,0,0,0.2474267595,0,0.2509671412,0.251443889,1,LSTM v2
2017-05-29,0.2502756976,0,0,0.2472759001,0,0.2510114573,0.251436945,1,LSTM v2
2017-05-30,0.2503691651,0,0,0.2470742352,0,0.2511163689,0.2514402308,1,LSTM v2
2017-05-31,0.2504061423,0,0,0.2470345907,0,0.2510493062,0.2515099607,1,LSTM v2
2017-06-01,0.2503434122,0,0,0.2473385036,0,0.2507986724,0.2515194118,1,LSTM v2
2017-06-02,0.2503278777,0,0,0.2472638712,0,0.2508627996,0.2515454515,1,LSTM v2
2017-06-05,0.2504642345,0,0,0.2471593506,0,0.2509018816,0.2514745333,1,LSTM v2
2017-06-06,0.2504860163,0,0,0.2471936047,0,0.250890702,0.251429677,1,LSTM v2
2017-06-07,0.2504788302,0,0,0.2471969836,0,0.2508130632,0.251511123,1,LSTM v2
2017-06-08,0.2504575551,0,0,0.2471007407,0,0.2508106828,0.2516310215,1,LSTM v2
2017-06-09,0.250374496,0,0,0.2472279668,0,0.2506781816,0.2517193556,1,LSTM v2
2017-06-12,0.2500822581,0,0,0.2478370554,0,0.2502918281,0.2517888584,1,LSTM v2
2017-06-13,0.2504361793,0,0,0.2473920212,0,0.2506454512,0.2515263482,1,LSTM v2
2017-06-14,0.2504521273,0,0,0.2472562604,0,0.2507251762,0.2515664361,1,LSTM v2
2017-06-15,0.2503593601,0,0,0.247328449,0,0.2507264651,0.2515857257,1,LSTM v2
2017-06-16,0.2503065206,0,0,0.247343231,0,0.2506794967,0.2516707517,1,LSTM v2
2017-06-19,0.2501836084,0,0,0.2472775393,0,0.2507909201,0.2517479323,1,LSTM v2
2017-06-20,0.2501297891,0,0,0.2474264801,0,0.2506408095,0.2518029213,1,LSTM v2
2017-06-21,0.2502266765,0,0,0.2474097013,0,0.2506169677,0.2517466545,1,LSTM v2
2017-06-22,0.2502455674,0,0,0.2473776155,0,0.2505263351,0.251850482,1,LSTM v2
2017-06-23,0.2501957119,0,0,0.2474674881,0,0.2504568398,0.2518799603,1,LSTM v2
2017-06-27,0.2502546571,0,0,0.2475779467,0,0.2503600977,0.2518072985,1,LSTM v2
2017-06-28,0.2502362393,0,0,0.2474983447,0,0.2504241131,0.2518413029,1,LSTM v2
2017-06-29,0.250234805,0,0,0.24738919,0,0.2505035624,0.2518724426,1,LSTM v2
2017-06-30,0.2501303554,0,0,0.2473958135,0,0.2506988347,0.2517749965,1,LSTM v2
2017-07-03,0.2501128949,0,0,0.2474062927,0,0.2506791093,0.2518017032,1,LSTM v2
2017-07-04,0.2500353493,0,0,0.2474699504,0,0.2507133223,0.251781378,1,LSTM v2
2017-07-05,0.2503016628,0,0,0.2474044449,0,0.2503236868,0.2519702055,1,LSTM v2
2017-07-06,0.2500588894,0,0,0.2474392951,0,0.2504712343,0.2520305812,1,LSTM v2
2017-07-07,0.2501910701,0,0,0.247364588,0,0.2503687218,0.2520756201,1,LSTM v2
2017-07-10,0.2502154112,0,0,0.2472784519,0,0.2505123615,0.2519937754,1,LSTM v2
2017-07-11,0.2500471212,0,0,0.24733584,0,0.2506289221,0.2519881167,1,LSTM v2
2017-07-12,0.2500148974,0,0,0.247523319,0,0.2504878305,0.2519739531,1,LSTM v2
2017-07-13,0.2499142401,0,0,0.2475410961,0,0.2505412362,0.2520034276,1,LSTM v2
2017-07-14,0.2499136217,0,0,0.2475424148,0,0.2507043518,0.2518396117,1,LSTM v2
2017-07-17,0.2499813102,0,0,0.2475888245,0,0.2505843602,0.2518455051,1,LSTM v2
2017-07-18,0.2498627789,0,0,0.2477419711,0,0.2503789701,0.2520162799,1,LSTM v2
2017-07-19,0.249836918,0,0,0.2477688603,0,0.2503593825,0.2520348392,1,LSTM v2
2017-07-20,0.2498020381,0,0,0.2478012294,0,0.2503633499,0.2520333827,1,LSTM v2
2017-07-21,0.2497973964,0,0,0.2477691396,0,0.2504478768,0.2519855872,1,LSTM v2
2017-07-24,0.2497570403,0,0,0.2478407658,0,0.2504872717,0.2519149222,1,LSTM v2
2017-07-25,0.2499829456,0,0,0.2475663648,0,0.2506152913,0.2518353983,1,LSTM v2
2017-07-26,0.2498903275,0,0,0.247811228,0,0.2505390644,0.2517593801,1,LSTM v2
2017-07-27,0.2497446649,0,0,0.2480796837,0,0.2506099902,0.2515656613,1,LSTM v2
2017-07-28,0.2498752177,0,0,0.2479543984,0,0.2505787313,0.2515916526,1,LSTM v2
2017-07-31,0.2498233058,0,0,0.2478698082,0,0.2507425286,0.2515643575,1,LSTM v2
2017-08-01,0.2497491427,0,0,0.2478396333,0,0.2508827187,0.2515285053,1,LSTM v2
2017-08-02,0.2498806417,0,0,0.2475191653,0,0.2509194911,0.251680702,1,LSTM v2
2017-08-03,0.2496189847,0,0,0.2479426339,0,0.2509446815,0.2514936999,1,LSTM v2
2017-08-04,0.2498524748,0,0,0.2478712909,0,0.2508381568,0.2514380775,1,LSTM v2
2017-08-07,0.2497164272,0,0,0.2480561547,0,0.2508965991,0.251330819,1,LSTM v2
2017-08-08,0.2499636561,0,0,0.2479108721,0,0.2508786619,0.25124681,1,LSTM v2
2017-08-09,0.2500914,0,0,0.2477751784,0,0.2509788535,0.251154568,1,LSTM v2
2017-08-10,0.2502554916,0,0,0.2473196499,0,0.2513524554,0.251072403,1,LSTM v2
2017-08-11,0.2502426542,0,0,0.2476274557,0,0.2514411845,0.2506887056,1,LSTM v2
2017-08-14,0.2505477965,0,0,0.2477123439,0,0.2512124181,0.2505274415,1,LSTM v2
2017-08-16,0.2503123842,0,0,0.2479779236,0,0.2512732111,0.2504364811,1,LSTM v2
2017-08-17,0.2499237508,0,0,0.24827151,0,0.2515356243,0.250269115,1,LSTM v2
2017-08-18,0.2506120801,0,0,0.2478649914,0,0.2511036098,0.2504193187,1,LSTM v2
2017-08-21,0.2508313358,0,0,0.2477177083,0,0.2509189248,0.2505320311,1,LSTM v2
2017-08-22,0.2508494519,0,0,0.2476578467,0,0.2511209212,0.2503717802,1,LSTM v2
2017-08-23,0.2506042458,0,0,0.2479832358,0,0.251217369,0.2501951493,1,LSTM v2
2017-08-24,0.2503783368,0,0,0.2482655458,0,0.2512341104,0.250122007,1,LSTM v2
2017-08-28,0.250316292,0,0,0.248304233,0,0.2513876259,0.2499918491,1,LSTM v2
2017-08-29,0.250653144,0,0,0.2480626069,0,0.2513335012,0.2499507479,1,LSTM v2
2017-08-30,0.2508654259,0,0,0.2480967604,0,0.2511132024,0.2499246113,1,LSTM v2
2017-08-31,0.2507041395,0,0,0.2482097149,0,0.2512054741,0.2498806715,1,LSTM v2
2017-09-01,0.2506518662,0,0,0.2481300235,0,0.2513166666,0.2499014437,1,LSTM v2
2017-09-04,0.250589706,0,0,0.2481503859,0,0.2512473241,0.250012584,1,LSTM v2
2017-09-05,0.2508796714,0,0,0.2479932718,0,0.2510313056,0.2500957511,1,LSTM v2
2017-09-06,0.250581123,0,0,0.2481601312,0,0.2511442379,0.250114508,1,LSTM v2
2017-09-07,0.2508683503,0,0,0.2478391528,0,0.251047343,0.2502451539,1,LSTM v2
2017-09-08,0.2507233359,0,0,0.2479549534,0,0.2511592247,0.250162486,1,LSTM v2
2017-09-11,0.2509724237,0,0,0.2478923089,0,0.2510667779,0.2500684895,1,LSTM v2
2017-09-12,0.2510261834,0,0,0.2474305332,0,0.2514902949,0.2500529885,1,LSTM v2
2017-09-13,0.2508269921,0,0,0.2476188912,0,0.2512635962,0.2502905205,1,LSTM v2
2017-09-14,0.2508667074,0,0,0.2476368659,0,0.251195278,0.2503011487,1,LSTM v2
2017-09-15,0.2510297038,0,0,0.2473672218,0,0.2512163557,0.2503867187,1,LSTM v2
2017-09-18,0.2509337328,0,0,0.2474338226,0,0.2512367032,0.2503957413,1,LSTM v2
2017-09-19,0.2507788278,0,0,0.2475482113,0,0.2512314357,0.2504415251,1,LSTM v2
2017-09-20,0.2508523166,0,0,0.2473572493,0,0.2513459623,0.2504444718,1,LSTM v2
2017-09-21,0.2507745959,0,0,0.2474867291,0,0.2512183525,0.2505203225,1,LSTM v2
2017-09-22,0.2507950626,0,0,0.2473402732,0,0.2514060996,0.2504585646,1,LSTM v2
2017-09-25,0.2506342791,0,0,0.2478160374,0,0.2513297759,0.2502199076,1,LSTM v2
2017-09-26,0.2509084307,0,0,0.2476070933,0,0.2513638399,0.2501206361,1,LSTM v2
2017-09-27,0.2508419752,0,0,0.2474711835,0,0.2515040338,0.2501828074,1,LSTM v2
2017-09-28,0.2509523071,0,0,0.2473499961,0,0.2515164949,0.2501812018,1,LSTM v2
2017-09-29,0.2512171865,0,0,0.2472826242,0,0.2513169646,0.2501832247,1,LSTM v2
2017-10-03,0.2514739372,0,0,0.2472420223,0,0.2510039248,0.2502801158,1,LSTM v2
2017-10-04,0.2513422109,0,0,0.2471603639,0,0.2511622645,0.2503351606,1,LSTM v2
2017-10-05,0.2514360845,0,0,0.2470839322,0,0.2509754002,0.2505045831,1,LSTM v2
2017-10-06,0.2513550557,0,0,0.2471284754,0,0.2508252896,0.2506911792,1,LSTM v2
2017-10-09,0.2511672415,0,0,0.2473418302,0,0.2506599762,0.2508309521,1,LSTM v2
2017-10-10,0.2508345582,0,0,0.2477050013,0,0.2507140376,0.2507464029,1,LSTM v2
2017-10-11,0.2509495579,0,0,0.2475492768,0,0.2507063709,0.2507947944,1,LSTM v2
2017-10-12,0.2508877255,0,0,0.2473518438,0,0.2508932389,0.2508671917,1,LSTM v2
2017-10-13,0.2507808805,0,0,0.247289598,0,0.2509274185,0.2510021031,1,LSTM v2
2017-10-16,0.2508574091,0,0,0.2472514324,0,0.2508043907,0.2510867677,1,LSTM v2
2017-10-17,0.2507828511,0,0,0.2476519532,0,0.2506050207,0.250960175,1,LSTM v2
2017-10-18,0.2509039342,0,0,0.2473171353,0,0.2507669926,0.2510119379,1,LSTM v2
2017-10-19,0.2508892976,0,0,0.2471131199,0,0.2509760223,0.2510215603,1,LSTM v2
2017-10-23,0.25090212,0,0,0.2474473603,0,0.2508423068,0.2508082129,1,LSTM v2
2017-10-24,0.2509183288,0,0,0.2471894622,0,0.2510289848,0.2508632243,1,LSTM v2
2017-10-25,0.2509259582,0,0,0.2469366789,0,0.2510126531,0.2511247098,1,LSTM v2
2017-10-26,0.2507143021,0,0,0.2468932271,0,0.2511491776,0.2512432933,1,LSTM v2
2017-10-27,0.2506661788,0,0,0.247046329,0,0.2511504963,0.2511369959,1,LSTM v2
2017-10-30,0.2507658265,0,0,0.2471321337,0,0.250963714,0.2511383258,1,LSTM v2
2017-10-31,0.2505923733,0,0,0.2474324629,0,0.2509264275,0.2510487362,1,LSTM v2
2017-11-01,0.2503978387,0,0,0.2477665021,0,0.2510825768,0.2507530824,1,LSTM v2
2017-11-02,0.2504870072,0,0,0.247813113,0,0.251026161,0.2506737188,1,LSTM v2
2017-11-03,0.2507495284,0,0,0.2472990751,0,0.2509812117,0.2509701848,1,LSTM v2
2017-11-06,0.2506508865,0,0,0.247341115,0,0.2508631088,0.2511448898,1,LSTM v2
2017-11-07,0.2506244183,0,0,0.2474397719,0,0.2507071793,0.2512286305,1,LSTM v2
2017-11-08,0.2506051958,0,0,0.2473560572,0,0.2507169247,0.2513218224,1,LSTM v2
2017-11-09,0.2505539283,0,0,0.2473813222,0,0.2507151887,0.2513495609,1,LSTM v2
2017-11-10,0.2504386641,0,0,0.2474690564,0,0.2508171238,0.2512751557,1,LSTM v2
2017-11-13,0.2506614029,0,0,0.2474060953,0,0.2506341636,0.2512983382,1,LSTM v2
2017-11-14,0.2508506439,0,0,0.2472233884,0,0.2505755685,0.2513503991,1,LSTM v2
2017-11-15,0.2509908899,0,0,0.2470944152,0,0.2505233213,0.2513913735,1,LSTM v2
2017-11-16,0.2510203644,0,0,0.2470102535,0,0.2506392225,0.2513301596,1,LSTM v2
2017-11-17,0.2508979998,0,0,0.2468897515,0,0.2509404085,0.2512718402,1,LSTM v2
2017-11-20,0.2509162091,0,0,0.2468549423,0,0.2508548759,0.2513739727,1,LSTM v2
2017-11-21,0.2509396114,0,0,0.2468261308,0,0.2511108257,0.2511234321,1,LSTM v2
2017-11-22,0.2510185577,0,0,0.2469531483,0,0.2508218028,0.2512064912,1,LSTM v2
2017-11-23,0.2509024404,0,0,0.2468914204,0,0.2511511408,0.2510549985,1,LSTM v2
2017-11-24,0.2507444918,0,0,0.2467552125,0,0.2510811388,0.2514191568,1,LSTM v2
2017-11-27,0.2506642677,0,0,0.246709872,0,0.2511940636,0.2514317967,1,LSTM v2
2017-11-28,0.2505666949,0,0,0.2467687912,0,0.2511013188,0.2515631952,1,LSTM v2
2017-11-29,0.2504629157,0,0,0.2467514687,0,0.2510544024,0.2517312132,1,LSTM v2
2017-11-30,0.2505330779,0,0,0.2467821426,0,0.2509544231,0.2517303564,1,LSTM v2
2017-12-01,0.2505689859,0,0,0.2469697297,0,0.2509282529,0.2515330315,1,LSTM v2
2017-12-04,0.250491418,0,0,0.2471020295,0,0.2509497777,0.2514567748,1,LSTM v2
2017-12-05,0.2504130304,0,0,0.2469629347,0,0.2510198057,0.2516042292,1,LSTM v2
2017-12-06,0.2503328286,0,0,0.2467834764,0,0.2511524819,0.2517312132,1,LSTM v2
2017-12-07,0.2503549717,0,0,0.2468606048,0,0.2511593662,0.2516250573,1,LSTM v2
2017-12-08,0.250333339,0,0,0.2467637062,0,0.2511116266,0.2517913282,1,LSTM v2
2017-12-11,0.250331074,0,0,0.2467811406,0,0.2510817349,0.2518060505,1,LSTM v2
2017-12-12,0.2503577098,0,0,0.246847205,0,0.2510607466,0.2517343386,1,LSTM v2
2017-12-13,0.250328932,0,0,0.2466497905,0,0.2512369491,0.2517843284,1,LSTM v2
2017-12-14,0.2502620854,0,0,0.2468575723,0,0.2512133755,0.2516669669,1,LSTM v2
2017-12-15,0.2501894571,0,0,0.2469699569,0,0.2511655428,0.2516750433,1,LSTM v2
2017-12-18,0.2501678169,0,0,0.2469311059,0,0.251195699,0.2517053783,1,LSTM v2
2017-12-19,0.250045307,0,0,0.2468700781,0,0.2511460558,0.2519385592,1,LSTM v2
2017-12-20,0.250074748,0,0,0.2467868514,0,0.2511030175,0.2520353832,1,LSTM v2
2017-12-21,0.2502129301,0,0,0.2468367145,0,0.2509651109,0.2519852444,1,LSTM v2
2017-12-22,0.250177715,0,0,0.2468835301,0,0.2509260811,0.2520126738,1,LSTM v2
2017-12-26,0.2501764931,0,0,0.2470401413,0,0.2509644963,0.2518188693,1,LSTM v2
2017-12-27,0.2502624653,0,0,0.2471746915,0,0.2510558329,0.2515070103,1,LSTM v2
2017-12-28,0.2503223643,0,0,0.2472418771,0,0.2510010823,0.2514346763,1,LSTM v2
2017-12-29,0.2503692731,0,0,0.2473028527,0,0.251110427,0.2512174472,1,LSTM v2
2018-01-01,0.2504126132,0,0,0.2472019494,0,0.2511246502,0.2512607872,1,LSTM v2
2018-01-02,0.2504361384,0,0,0.247200962,0,0.2510164194,0.2513464802,1,LSTM v2
2018-01-03,0.2504107691,0,0,0.247146625,0,0.251009915,0.2514326908,1,LSTM v2
2018-01-04,0.2503748499,0,0,0.2470466011,0,0.2511113547,0.2514671944,1,LSTM v2
2018-01-05,0.2502289452,0,0,0.2471351511,0,0.2511280216,0.2515078821,1,LSTM v2
2018-01-08,0.2502277158,0,0,0.2470046394,0,0.2511302791,0.2516373656,1,LSTM v2
2018-01-09,0.2501971945,0,0,0.2469456718,0,0.2511498853,0.2517072483,1,LSTM v2
2018-01-10,0.2502700798,0,0,0.2468174955,0,0.2510556095,0.2518568152,1,LSTM v2
2018-01-11,0.2502312921,0,0,0.2467062288,0,0.2511316202,0.2519308589,1,LSTM v2
2018-01-12,0.2502808832,0,0,0.2467414551,0,0.251179602,0.2517980598,1,LSTM v2
2018-01-15,0.2502400502,0,0,0.2468471454,0,0.2512044534,0.251708351,1,LSTM v2
2018-01-16,0.2503037639,0,0,0.2469253877,0,0.2511418052,0.2516290433,1,LSTM v2
2018-01-17,0.2501901686,0,0,0.2468309402,0,0.2513234913,0.2516553998,1,LSTM v2
2018-01-18,0.2503293119,0,0,0.2466718369,0,0.251329001,0.2516698502,1,LSTM v2
2018-01-19,0.2503095567,0,0,0.2468328774,0,0.2513694167,0.2514881492,1,LSTM v2
2018-01-22,0.2503756061,0,0,0.246866323,0,0.2513932959,0.251364775,1,LSTM v2
2018-01-23,0.250392314,0,0,0.2467737608,0,0.2513074837,0.2515264414,1,LSTM v2
2018-01-24,0.2504191697,0,0,0.2466737926,0,0.2514400482,0.2514669895,1,LSTM v2
2018-01-25,0.2505214475,0,0,0.2467059307,0,0.25149047,0.2512821518,1,LSTM v2
2018-01-29,0.250645224,0,0,0.2470398731,0,0.2513821162,0.2509327866,1,LSTM v2
2018-01-30,0.2506678998,0,0,0.2469025552,0,0.2511814237,0.2512481213,1,LSTM v2
2018-01-31,0.2506119944,0,0,0.2469860501,0,0.2511875965,0.251214359,1,LSTM v2
2018-02-01,0.2505543195,0,0,0.2470237725,0,0.2511833869,0.2512385212,1,LSTM v2
2018-02-02,0.2506516203,0,0,0.2471035645,0,0.2511171624,0.2511276528,1,LSTM v2
2018-02-05,0.2509033382,0,0,0.2469577193,0,0.2508251667,0.2513137758,1,LSTM v2
2018-02-06,0.2515159845,0,0,0.2468437254,0,0.2506374121,0.251002878,1,LSTM v2
2018-02-07,0.2514578738,0,0,0.2472270317,0,0.2505661585,0.2507489361,1,LSTM v2
2018-02-08,0.2512916885,0,0,0.2470558994,0,0.251018133,0.2506342791,1,LSTM v2
2018-02-09,0.2513531409,0,0,0.2471357994,0,0.2509947382,0.2505163215,1,LSTM v2
2018-02-12,0.2508947812,0,0,0.2471842878,0,0.2511088513,0.2508120797,1,LSTM v2
2018-02-14,0.2508924082,0,0,0.2470707669,0,0.2511324957,0.2509043291,1,LSTM v2
2018-02-15,0.2511074543,0,0,0.24738276,0,0.2505811155,0.2509286702,1,LSTM v2
2018-02-16,0.2511865161,0,0,0.2474232428,0,0.250525888,0.250864353,1,LSTM v2
2018-02-19,0.2513561547,0,0,0.2474898994,0,0.2500725389,0.2510814071,1,LSTM v2
2018-02-20,0.2512038686,0,0,0.2473904676,0,0.2504122295,0.2509934344,1,LSTM v2
2018-02-21,0.2511174939,0,0,0.2473020666,0,0.2504577897,0.2511226497,1,LSTM v2
2018-02-22,0.2511509061,0,0,0.2472545207,0,0.2504687011,0.2511258721,1,LSTM v2
2018-02-23,0.2511316202,0,0,0.2471609228,0,0.2504079007,0.2512995563,1,LSTM v2
2018-02-26,0.2511026822,0,0,0.2472027354,0,0.2502719127,0.2514226697,1,LSTM v2
2018-02-27,0.2510785162,0,0,0.2471679151,0,0.2502972484,0.2514563203,1,LSTM v2
2018-02-28,0.2511861101,0,0,0.2471110596,0,0.2502689436,0.2514338866,1,LSTM v2
2018-03-01,0.251194857,0,0,0.2471759544,0,0.2503532991,0.2512758895,1,LSTM v2
2018-03-05,0.2512561306,0,0,0.2473921404,0,0.2502559051,0.2510958239,1,LSTM v2
2018-03-06,0.2512549795,0,0,0.2473911829,0,0.2504357435,0.2509180941,1,LSTM v2
2018-03-07,0.2513690368,0,0,0.2473731711,0,0.2504960671,0.250761725,1,LSTM v2
2018-03-08,0.251054883,0,0,0.2475808263,0,0.2505654991,0.2507987916,1,LSTM v2
2018-03-09,0.2507101335,0,0,0.2476625926,0,0.2506645359,0.250962738,1,LSTM v2
2018-03-12,0.2506142259,0,0,0.2473690808,0,0.2506709993,0.2513456941,1,LSTM v2
2018-03-13,0.2506628893,0,0,0.2472503893,0,0.2505668066,0.2515199147,1,LSTM v2
2018-03-14,0.2507868707,0,0,0.2473027408,0,0.2502980828,0.2516123056,1,LSTM v2
2018-03-15,0.2509347461,0,0,0.2472753339,0,0.2502520941,0.2515378259,1,LSTM v2
2018-03-16,0.2509721816,0,0,0.2475367785,0,0.2500931025,0.2513979375,1,LSTM v2
2018-03-19,0.250946939,0,0,0.2475157082,0,0.250127852,0.2514095008,1,LSTM v2
2018-03-20,0.2509249747,0,0,0.2476447821,0,0.250110656,0.2513195872,1,LSTM v2
2018-03-21,0.2507992089,0,0,0.2476867437,0,0.2502978742,0.2512161732,1,LSTM v2
2018-03-22,0.2509186566,0,0,0.2474987805,0,0.2503969669,0.251185596,1,LSTM v2
2018-03-23,0.251380261,0,0,0.2474002354,0,0.2501382492,0.2510812543,1,LSTM v2
2018-03-26,0.2514852323,0,0,0.247357238,0,0.2501920201,0.2509655096,1,LSTM v2
2018-03-27,0.2516163588,0,0,0.2471364439,0,0.2504292727,0.2508179247,1,LSTM v2
2018-03-28,0.2517473698,0,0,0.2473036349,0,0.2503598928,0.2505891025,1,LSTM v2
2018-04-02,0.3300612544,0,0,0.2869092801,0,0.07678276988,0.3062466956,1,LSTM v2
2018-04-03,0.3507620473,0,0,0.2518254277,0,0.09914363397,0.2982688911,1,LSTM v2
2018-04-04,0.393692833,0,0,0.2257978238,0,0.08780898415,0.292700359,1,LSTM v2
2018-04-05,0.4040955901,0,0,0.2097537071,0,0.112679109,0.2734715939,1,LSTM v2
2018-04-06,0.4369689361,0,0,0.1881132056,0,0.1095928881,0.2653249701,1,LSTM v2
2018-04-09,0.431889534,0,0,0.1853534281,0,0.1105770469,0.272179991,1,LSTM v2
2018-04-10,0.4314216045,0,0,0.1804863052,0,0.1165437317,0.2715483586,1,LSTM v2
2018-04-11,0.4451295866,0,0,0.1587058055,0,0.1398359281,0.2563286798,1,LSTM v2
2018-04-12,0.4670154522,0,0,0.1482304059,0,0.140877994,0.2438761479,1,LSTM v2
2018-04-13,0.4586421481,0,0,0.1535505332,0,0.1400097588,0.24779756,1,LSTM v2
2018-04-16,0.4563366635,0,0,0.1463925944,0,0.1458630667,0.2514076754,1,LSTM v2
2018-04-17,0.4488122664,0,0,0.1448132311,0,0.1507629522,0.2556115503,1,LSTM v2
2018-04-18,0.4600390655,0,0,0.1320925465,0,0.1587267769,0.2491416112,1,LSTM v2
2018-04-19,0.4431272579,0,0,0.1345782618,0,0.1653162588,0.2569782214,1,LSTM v2
2018-04-20,0.3919205484,0,0,0.1284187176,0,0.2262160547,0.2534446792,1,LSTM v2
2018-04-23,0.3676510916,0,0,0.1362633915,0,0.2228440146,0.2732415023,1,LSTM v2
2018-04-24,0.3452107413,0,0,0.1419092161,0,0.2355723749,0.2773076677,1,LSTM v2
2018-04-25,0.3381870439,0,0,0.1300089826,0,0.2671497504,0.2646542231,1,LSTM v2
2018-04-26,0.3281675851,0,0,0.1243946916,0,0.2914225139,0.2560152094,1,LSTM v2
2018-04-27,0.3117267923,0,0,0.1206057381,0,0.3255377242,0.2421297454,1,LSTM v2
2018-04-30,0.3011840582,0,0,0.1224054098,0,0.3448856771,0.2315248549,1,LSTM v2
2018-05-02,0.2981956921,0,0,0.1207411671,0,0.3693828014,0.2116803394,1,LSTM v2
2018-05-03,0.2917955453,0,0,0.1099941929,0,0.4093286304,0.1888816314,1,LSTM v2
2018-05-04,0.2941987471,0,0,0.0991073385,0,0.4330481524,0.173645762,1,LSTM v2
2018-05-07,0.300750918,0,0,0.09541393285,0,0.4354855516,0.1683495976,1,LSTM v2
2018-05-08,0.2973011897,0,0,0.08983967797,0,0.4504199423,0.16243919,1,LSTM v2
2018-05-09,0.2968457043,0,0,0.0885207057,0,0.4500179291,0.1646156609,1,LSTM v2
2018-05-10,0.2971520931,0,0,0.09152453865,0,0.4393977988,0.1719255694,1,LSTM v2
2018-05-11,0.2813504275,0,0,0.09573267931,0,0.4431627294,0.1797541638,1,LSTM v2
2018-05-14,0.2794036657,0,0,0.09943685685,0,0.4306541062,0.1905053712,1,LSTM v2
2018-05-15,0.2674559871,0,0,0.1025806188,0,0.4263813965,0.2035819976,1,LSTM v2
2018-05-16,0.2601811135,0,0,0.1061473873,0,0.4147947183,0.2188767809,1,LSTM v2
2018-05-17,0.2566546316,0,0,0.1150205038,0,0.38792296,0.2404019046,1,LSTM v2
2018-05-18,0.2534424885,0,0,0.1304392478,0,0.3465798096,0.2695384541,1,LSTM v2
2018-05-21,0.2503405139,0,0,0.1470047788,0,0.3027986496,0.2998560578,1,LSTM v2
2018-05-22,0.2490181923,0,0,0.1651953161,0,0.2651057243,0.3206807673,1,LSTM v2
2018-05-23,0.2544452808,0,0,0.1781397137,0,0.2272395607,0.3401754448,1,LSTM v2
2018-05-24,0.2517754734,0,0,0.1947161257,0,0.2000151575,0.3534932435,1,LSTM v2
2018-05-25,0.2508904077,0,0,0.2029145539,0,0.191298428,0.3548966103,1,LSTM v2
2018-05-28,0.243216511,0,0,0.219670054,0,0.1753278498,0.3617855853,1,LSTM v2
2018-05-29,0.2458099945,0,0,0.2190266615,0,0.1741126381,0.3610507059,1,LSTM v2
2018-05-30,0.2492714636,0,0,0.215089765,0,0.1732206617,0.3624181097,1,LSTM v2
2018-05-31,0.2519493103,0,0,0.2148208916,0,0.1768042147,0.3564255834,1,LSTM v2
2018-06-01,0.2528347373,0,0,0.2136775255,0,0.1785107851,0.3549769521,1,LSTM v2
2018-06-04,0.2528928296,0,0,0.2154000764,0,0.1715691737,0.3601379204,1,LSTM v2
2018-06-05,0.2556115947,0,0,0.2100944935,0,0.1699168359,0.364377076,1,LSTM v2
2018-06-06,0.249073077,0,0,0.2130090328,0,0.1741281178,0.3637897724,1,LSTM v2
2018-06-07,0.2438959737,0,0,0.2190678665,0,0.1756176282,0.3614185316,1,LSTM v2
2018-06-08,0.2401134968,0,0,0.2231802493,0,0.172712639,0.3639936149,1,LSTM v2
2018-06-11,0.2397407067,0,0,0.2238288886,0,0.1767174952,0.3597129095,1,LSTM v2
2018-06-12,0.2397560179,0,0,0.2243849486,0,0.1767234057,0.3591356277,1,LSTM v2
2018-06-13,0.2391060364,0,0,0.2303741047,0,0.1697566262,0.3607632327,1,LSTM v2
2018-06-14,0.2441488206,0,0,0.2269964516,0,0.1654078662,0.3634468615,1,LSTM v2
2018-06-15,0.2509730496,0,0,0.2217040989,0,0.1567504876,0.3705723639,1,LSTM v2
2018-06-18,0.254199203,0,0,0.2278472896,0,0.1515716888,0.3663818186,1,LSTM v2
2018-06-19,0.2521983049,0,0,0.2409905904,0,0.1377926746,0.36901843,1,LSTM v2
2018-06-20,0.2485453747,0,0,0.251708936,0,0.1362735094,0.3634721799,1,LSTM v2
2018-06-21,0.2475899979,0,0,0.2590899843,0,0.1329238007,0.3603962171,1,LSTM v2
2018-06-22,0.2463501916,0,0,0.2642204981,0,0.1321187278,0.3573105825,1,LSTM v2
2018-06-25,0.2442775518,0,0,0.271448195,0,0.1243470758,0.3599271774,1,LSTM v2
2018-06-26,0.2465190741,0,0,0.2752076223,0,0.1233191417,0.3549541619,1,LSTM v2
2018-06-27,0.2418565398,0,0,0.2899931008,0,0.1111609538,0.3569894055,1,LSTM v2
2018-06-28,0.2431133796,0,0,0.2973824872,0,0.1101617713,0.3493423618,1,LSTM v2
2018-06-29,0.2404365486,0,0,0.3079077533,0,0.1073413095,0.3443143887,1,LSTM v2
2018-07-02,0.2435818721,0,0,0.3056706029,0,0.1069318551,0.3438156699,1,LSTM v2
2018-07-03,0.2435741853,0,0,0.3067442752,0,0.1039533235,0.345728216,1,LSTM v2
2018-07-04,0.2482126598,0,0,0.2972215646,0,0.108762165,0.3458036107,1,LSTM v2
2018-07-05,0.244863734,0,0,0.2996597409,0,0.1065165933,0.3489599318,1,LSTM v2
2018-07-06,0.2465513573,0,0,0.2978234798,0,0.1083549229,0.34727024,1,LSTM v2
2018-07-09,0.2504734341,0,0,0.2932230169,0,0.1108460029,0.3454575461,1,LSTM v2
2018-07-10,0.2465948256,0,0,0.2980576567,0,0.1093165543,0.3460309634,1,LSTM v2
2018-07-11,0.2338258634,0,0,0.3161730876,0,0.1036970703,0.3463039788,1,LSTM v2
2018-07-12,0.2337764116,0,0,0.3103410188,0,0.1114182803,0.3444642892,1,LSTM v2
2018-07-13,0.2308688989,0,0,0.3092580345,0,0.1150379147,0.3448351519,1,LSTM v2
2018-07-16,0.2301163226,0,0,0.3077617884,0,0.1144011766,0.3477207124,1,LSTM v2
2018-07-17,0.2212228642,0,0,0.3247508649,0,0.1073886385,0.3466376324,1,LSTM v2
2018-07-18,0.2208328463,0,0,0.3263292489,0,0.1072755192,0.3455623856,1,LSTM v2
2018-07-19,0.2124551332,0,0,0.3411432359,0,0.1003038183,0.3460978126,1,LSTM v2
2018-07-20,0.2106894702,0,0,0.3378493786,0,0.1066540033,0.344807148,1,LSTM v2
2018-07-23,0.2149463594,0,0,0.3302088976,0,0.1114481091,0.3433966339,1,LSTM v2
2018-07-24,0.216935161,0,0,0.3264532138,0,0.1113544868,0.3452571384,1,LSTM v2
2018-07-25,0.2173111785,0,0,0.319117285,0,0.1164441507,0.3471273857,1,LSTM v2
2018-07-26,0.2160675775,0,0,0.3179776299,0,0.1203142005,0.345640592,1,LSTM v2
2018-07-27,0.2153427867,0,0,0.308547373,0,0.1307625006,0.3453473397,1,LSTM v2
2018-07-30,0.2130709046,0,0,0.3195400691,0,0.1231180374,0.3442709888,1,LSTM v2
2018-07-31,0.2152222661,0,0,0.3224815976,0,0.1221034062,0.3401927301,1,LSTM v2
2018-08-01,0.2150814501,0,0,0.318171556,0,0.1255039405,0.3412430534,1,LSTM v2
2018-08-03,0.2188612702,0,0,0.3177175867,0,0.1270151753,0.3364059677,1,LSTM v2
2018-08-06,0.2171115331,0,0,0.3284581455,0,0.1170504041,0.3373799173,1,LSTM v2
2018-08-07,0.2147634806,0,0,0.3381715467,0,0.1093916313,0.3376733413,1,LSTM v2
2018-08-08,0.2171546603,0,0,0.3337462445,0,0.1118198153,0.3372792799,1,LSTM v2
2018-08-09,0.2133263052,0,0,0.3379540443,0,0.1106966734,0.3380229771,1,LSTM v2
2018-08-10,0.2122284504,0,0,0.3394357911,0,0.1100386845,0.3382970741,1,LSTM v2
2018-08-13,0.2052528381,0,0,0.3519206591,0,0.1027455911,0.3400809118,1,LSTM v2
2018-08-14,0.2084840129,0,0,0.3518301661,0,0.1001365952,0.3395492257,1,LSTM v2
2018-08-16,0.2145478214,0,0,0.342810859,0,0.09962667228,0.3430146473,1,LSTM v2
2018-08-17,0.2171877888,0,0,0.339678193,0,0.09899921568,0.3441348025,1,LSTM v2
2018-08-20,0.2251799537,0,0,0.3236735737,0,0.1008599617,0.350286511,1,LSTM v2
2018-08-21,0.2293231504,0,0,0.3126770579,0,0.1034028761,0.3545969155,1,LSTM v2
2018-08-23,0.2333881733,0,0,0.3089668888,0,0.1022026113,0.3554423266,1,LSTM v2
2018-08-24,0.2350380508,0,0,0.3061241026,0,0.1017418169,0.3570960297,1,LSTM v2
2018-08-27,0.2367715608,0,0,0.3023782463,0,0.1033464701,0.3575037228,1,LSTM v2
2018-08-28,0.2360627204,0,0,0.3044925928,0,0.1009046882,0.3585399985,1,LSTM v2
2018-08-29,0.2387264364,0,0,0.3022085012,0,0.1032112451,0.3558538172,1,LSTM v2
2018-08-30,0.2339346811,0,0,0.3108054538,0,0.09774409671,0.3575157683,1,LSTM v2
2018-08-31,0.2298810746,0,0,0.3205832791,0,0.09446976938,0.3550658769,1,LSTM v2
2018-09-03,0.2243248721,0,0,0.3262625112,0,0.09295001089,0.3564626058,1,LSTM v2
2018-09-04,0.2222815553,0,0,0.3260893371,0,0.09379493119,0.3578341763,1,LSTM v2
2018-09-05,0.212932294,0,0,0.3435046221,0,0.08945482569,0.3541082582,1,LSTM v2
2018-09-06,0.2102756853,0,0,0.349987074,0,0.08634683104,0.3533904096,1,LSTM v2
2018-09-07,0.219046321,0,0,0.3321286017,0,0.08993062101,0.3588944563,1,LSTM v2
2018-09-10,0.2235082504,0,0,0.3236161937,0,0.08969209811,0.3631834577,1,LSTM v2
2018-09-11,0.2285142324,0,0,0.3160427417,0,0.08878294859,0.3666600774,1,LSTM v2
2018-09-12,0.2301982956,0,0,0.3207941377,0,0.08572056208,0.3632870046,1,LSTM v2
2018-09-14,0.2361603371,0,0,0.3150786349,0,0.08777423726,0.3609867907,1,LSTM v2
2018-09-17,0.2301427991,0,0,0.3225322534,0,0.08372124721,0.3636037003,1,LSTM v2
2018-09-18,0.2267233167,0,0,0.3303100218,0,0.08289106314,0.3600755984,1,LSTM v2
2018-09-19,0.2381137943,0,0,0.3091327296,0,0.08296130721,0.3697921689,1,LSTM v2
2018-09-21,0.2455180212,0,0,0.2977870493,0,0.08289052793,0.3738044016,1,LSTM v2
2018-09-24,0.2391332048,0,0,0.3177307688,0,0.07312214701,0.3700138794,1,LSTM v2
2018-09-25,0.2407838279,0,0,0.3211256992,0,0.07330896323,0.3647815097,1,LSTM v2
2018-09-26,0.2537119833,0,0,0.3027960478,0,0.07834925781,0.3651427111,1,LSTM v2
2018-09-27,0.2436836565,0,0,0.3264436795,0,0.07003667362,0.3598359904,1,LSTM v2
2018-09-28,0.245257374,0,0,0.3224136185,0,0.07185669136,0.3604723161,1,LSTM v2
2018-10-01,0.2520331703,0,0,0.309764321,0,0.07237876844,0.3658237403,1,LSTM v2
2018-10-03,0.277078013,0,0,0.2836304413,0,0.06578087307,0.3735106727,1,LSTM v2
2018-10-04,0.2924805603,0,0,0.2809243223,0,0.06877812049,0.3578169969,1,LSTM v2
2018-10-05,0.3222119928,0,0,0.2582496501,0,0.06612830855,0.3534100485,1,LSTM v2
2018-10-08,0.3340298906,0,0,0.2510442194,0,0.0670138687,0.3479120213,1,LSTM v2
2018-10-09,0.3535215311,0,0,0.2343156075,0,0.0732397001,0.3389231613,1,LSTM v2
2018-10-10,0.3761359863,0,0,0.225008405,0,0.07107570979,0.3277798989,1,LSTM v2
2018-10-11,0.4471842813,0,0,0.1883053254,0,0.0760194613,0.288490932,1,LSTM v2
2018-10-12,0.4462283998,0,0,0.1986059629,0,0.05508642086,0.3000792164,1,LSTM v2
2018-10-15,0.4917595909,0,0,0.159113971,0,0.07483835407,0.274288084,1,LSTM v2
2018-10-16,0.5457496399,0,0,0.1373754231,0,0.07429295446,0.2425819825,1,LSTM v2
2018-10-17,0.6225325465,0,0,0.1064810157,0,0.06677237153,0.2042140663,1,LSTM v2
2018-10-19,0.6884295755,0,0,0.07765082733,0,0.0685373213,0.1653822759,1,LSTM v2
2018-10-22,0.7238083671,0,0,0.0715082977,0,0.05919076284,0.1454925724,1,LSTM v2
2018-10-23,0.74630108,0,0,0.05990861185,0,0.06307751152,0.1307127967,1,LSTM v2
2018-10-24,0.7587767444,0,0,0.05729099064,0,0.06069233697,0.123239928,1,LSTM v2
2018-10-25,0.7695307846,0,0,0.05316894208,0,0.06033192292,0.1169683504,1,LSTM v2
2018-10-26,0.7834793329,0,0,0.04888994619,0,0.05711554363,0.1105151772,1,LSTM v2
2018-10-29,0.7709052678,0,0,0.05146560895,0,0.06387626475,0.1137528585,1,LSTM v2
2018-10-30,0.7919981781,0,0,0.04958338478,0,0.05416558109,0.1042528561,1,LSTM v2
2018-10-31,0.782089511,0,0,0.05090590434,0,0.05824111623,0.1087634684,1,LSTM v2
2018-11-01,0.7817405666,0,0,0.05066116659,0,0.0609313042,0.1066669626,1,LSTM v2
2018-11-02,0.774827463,0,0,0.05461724725,0,0.06035455181,0.1102007379,1,LSTM v2
2018-11-05,0.7771891645,0,0,0.05403013356,0,0.05711232711,0.1116683748,1,LSTM v2
2018-11-06,0.7522507878,0,0,0.06062523626,0,0.06637285625,0.1207511197,1,LSTM v2
2018-11-07,0.7480773581,0,0,0.06221891776,0,0.06723268556,0.1224710386,1,LSTM v2
2018-11-09,0.7415565087,0,0,0.06581481399,0,0.06862201388,0.1240066635,1,LSTM v2
2018-11-12,0.7407158503,0,0,0.06565619907,0,0.07687143867,0.116756512,1,LSTM v2
2018-11-13,0.6944781594,0,0,0.07137713635,0,0.1225183019,0.1116264024,1,LSTM v2
2018-11-14,0.6841534768,0,0,0.06691068211,0,0.1498155102,0.09912033084,1,LSTM v2
2018-11-15,0.6424501086,0,0,0.06667612642,0,0.1952904506,0.09558331435,1,LSTM v2
2018-11-16,0.5589880084,0,0,0.0676018487,0,0.2833486368,0.09006150604,1,LSTM v2
2018-11-19,0.5023138339,0,0,0.06775411774,0,0.3493808794,0.08055116896,1,LSTM v2
2018-11-20,0.4379392103,0,0,0.06629508487,0,0.4243560275,0.07140967729,1,LSTM v2
2018-11-21,0.3859430638,0,0,0.06448130454,0,0.4874834229,0.06209220876,1,LSTM v2
2018-11-22,0.3380919523,0,0,0.06173826612,0,0.5462532247,0.05391655691,1,LSTM v2
2018-11-26,0.3084951032,0,0,0.06184428907,0,0.5806432941,0.04901731369,1,LSTM v2
2018-11-27,0.2762518494,0,0,0.05915284091,0,0.6181236436,0.04647166603,1,LSTM v2
2018-11-28,0.2504316196,0,0,0.05888222355,0,0.6464037703,0.04428238662,1,LSTM v2
2018-11-29,0.2248743881,0,0,0.05973907849,0,0.6708135334,0.044573,1,LSTM v2
2018-11-30,0.2030069432,0,0,0.05765167345,0,0.6961136719,0.04322771146,1,LSTM v2
2018-12-03,0.1797594306,0,0,0.05692453022,0,0.7219272363,0.04138880285,1,LSTM v2
2018-12-04,0.1599725598,0,0,0.05383603283,0,0.7457463077,0.04044509965,1,LSTM v2
2018-12-05,0.1394735847,0,0,0.04826434239,0,0.7737493967,0.03851267624,1,LSTM v2
2018-12-06,0.1221937569,0,0,0.04075622292,0,0.8013802976,0.03566972259,1,LSTM v2
2018-12-07,0.111762527,0,0,0.03949375941,0,0.8149516229,0.03379209068,1,LSTM v2
2018-12-10,0.1051551151,0,0,0.03257615549,0,0.8305918962,0.03167683324,1,LSTM v2
2018-12-11,0.1086647343,0,0,0.03180713153,0,0.8291039328,0.03042420135,1,LSTM v2
2018-12-12,0.1031551541,0,0,0.03224288768,0,0.8326486001,0.03195335811,1,LSTM v2
2018-12-13,0.1012946535,0,0,0.03071378601,0,0.8326696313,0.03532192922,1,LSTM v2
2018-12-14,0.09442694362,0,0,0.02746261062,0,0.8435119281,0.03459851771,1,LSTM v2
2018-12-17,0.09057231534,0,0,0.02562590583,0,0.8481313855,0.03567039334,1,LSTM v2
2018-12-18,0.09065690079,0,0,0.0249109048,0,0.8476777748,0.03675441963,1,LSTM v2
2018-12-19,0.08668030005,0,0,0.02325021276,0,0.8544255447,0.03564394245,1,LSTM v2
2018-12-20,0.07867232898,0,0,0.02161950092,0,0.8654239161,0.03428425397,1,LSTM v2
2018-12-21,0.07255918668,0,0,0.0198258575,0,0.8746804162,0.03293453963,1,LSTM v2
2018-12-24,0.07031416253,0,0,0.01809049797,0,0.8802956474,0.03129969211,1,LSTM v2
2018-12-26,0.06871250656,0,0,0.01831640033,0,0.8810134426,0.03195765048,1,LSTM v2
2018-12-27,0.06763498044,0,0,0.01808976637,0,0.8836951872,0.03058006601,1,LSTM v2
2018-12-28,0.06381201459,0,0,0.01757579591,0,0.8881657919,0.03044639764,1,LSTM v2
2018-12-31,0.06213147506,0,0,0.01720802386,0,0.8897694797,0.0308910214,1,LSTM v2
2019-01-01,0.06150105481,0,0,0.01706518015,0,0.8905013038,0.03093246127,1,LSTM v2
2019-01-02,0.06128470528,0,0,0.01674524879,0,0.8907645132,0.03120553278,1,LSTM v2
2019-01-03,0.06154630924,0,0,0.01578169558,0,0.89212385,0.03054814521,1,LSTM v2
2019-01-04,0.05912059678,0,0,0.01572017593,0,0.894683083,0.03047614426,1,LSTM v2
2019-01-07,0.05756270355,0,0,0.01569633617,0,0.8963677621,0.03037319818,1,LSTM v2
2019-01-08,0.05439751192,0,0,0.01571702017,0,0.8996072957,0.03027817217,1,LSTM v2
2019-01-09,0.05363949176,0,0,0.01613801766,0,0.8992029696,0.03101952094,1,LSTM v2
2019-01-10,0.05240477444,0,0,0.01650071578,0,0.8997997381,0.0312947717,1,LSTM v2
2019-01-11,0.05128001083,0,0,0.01531768023,0,0.9030799269,0.03032238208,1,LSTM v2
2019-01-14,0.05130667259,0,0,0.01531186519,0,0.9028748307,0.03050663147,1,LSTM v2
2019-01-15,0.0511266313,0,0,0.01534875362,0,0.9026139765,0.03091063855,1,LSTM v2
2019-01-16,0.05198988754,0,0,0.01527657674,0,0.9017884891,0.0309450466,1,LSTM v2
2019-01-17,0.05511641061,0,0,0.01602248905,0,0.8957491396,0.03311196077,1,LSTM v2
2019-01-18,0.0587749845,0,0,0.0163633821,0,0.8898881541,0.03497347929,1,LSTM v2
2019-01-21,0.06125078597,0,0,0.01747721584,0,0.8843477187,0.03692427947,1,LSTM v2
2019-01-22,0.06325046777,0,0,0.01840930635,0,0.8794450842,0.0388951417,1,LSTM v2
2019-01-23,0.06376451856,0,0,0.01779136394,0,0.8793385428,0.03910557466,1,LSTM v2
2019-01-24,0.06420134876,0,0,0.01823258223,0,0.8765139923,0.04105207671,1,LSTM v2
2019-01-25,0.06450198567,0,0,0.01779286929,0,0.8767932025,0.04091194257,1,LSTM v2
2019-01-28,0.06258555118,0,0,0.01648535861,0,0.8822802219,0.03864886835,1,LSTM v2
2019-01-29,0.06542326705,0,0,0.01574290591,0,0.8798879051,0.03894592193,1,LSTM v2
2019-01-30,0.06672794173,0,0,0.01623058643,0,0.8766523338,0.040389138,1,LSTM v2
2019-01-31,0.07186108265,0,0,0.01753359523,0,0.8676105059,0.04299481622,1,LSTM v2
2019-02-01,0.07105472618,0,0,0.01883159002,0,0.8647792855,0.04533439832,1,LSTM v2
2019-02-04,0.07349585591,0,0,0.01984268945,0,0.8582297388,0.04843171587,1,LSTM v2
2019-02-05,0.06915901305,0,0,0.0175748553,0,0.8663366066,0.04692952506,1,LSTM v2
2019-02-06,0.07057526239,0,0,0.01688839002,0,0.8665017229,0.04603462474,1,LSTM v2
2019-02-07,0.06860310802,0,0,0.01911611357,0,0.8606311951,0.05164958328,1,LSTM v2
2019-02-08,0.06655567711,0,0,0.01920556599,0,0.863157369,0.05108138786,1,LSTM v2
2019-02-11,0.06648526056,0,0,0.01865871357,0,0.8647201883,0.05013583758,1,LSTM v2
2019-02-12,0.06804390819,0,0,0.01889544304,0,0.8611912503,0.05186939849,1,LSTM v2
2019-02-13,0.07144216954,0,0,0.01840115649,0,0.8569450091,0.05321166486,1,LSTM v2
2019-02-14,0.0801181075,0,0,0.01851869064,0,0.8441641018,0.05719910009,1,LSTM v2
2019-02-15,0.08179904673,0,0,0.01700000869,0,0.8450099387,0.05619100586,1,LSTM v2
2019-02-18,0.09235987812,0,0,0.01785341278,0,0.828828156,0.06095855311,1,LSTM v2
2019-02-19,0.1022801596,0,0,0.01886779393,0,0.8147977378,0.06405430865,1,LSTM v2
2019-02-20,0.1187175195,0,0,0.02076072156,0,0.7908344637,0.06968729522,1,LSTM v2
2019-02-21,0.1264217361,0,0,0.02259505193,0,0.7752773252,0.07570588673,1,LSTM v2
2019-02-22,0.142188995,0,0,0.0236655621,0,0.75259226,0.08155318289,1,LSTM v2
2019-02-25,0.16005631,0,0,0.02601813745,0,0.7249281501,0.08899740246,1,LSTM v2
2019-02-26,0.1692493146,0,0,0.02738536392,0,0.7105889466,0.09277637493,1,LSTM v2
2019-02-27,0.1844826742,0,0,0.02638485058,0,0.6967863234,0.09234615186,1,LSTM v2
2019-02-28,0.2039209902,0,0,0.02832938731,0,0.6713462472,0.09640337527,1,LSTM v2
2019-03-01,0.2065582974,0,0,0.03018218211,0,0.6661926359,0.09706688455,1,LSTM v2
2019-03-05,0.1907707417,0,0,0.03156213031,0,0.6850761048,0.09259102321,1,LSTM v2
2019-03-06,0.1880757243,0,0,0.03499859722,0,0.6838798686,0.09304580993,1,LSTM v2
2019-03-07,0.1731171731,0,0,0.03665745145,0,0.6995378036,0.09068757192,1,LSTM v2
2019-03-08,0.1674772464,0,0,0.03519804267,0,0.7124189616,0.08490574929,1,LSTM v2
2019-03-11,0.1564737512,0,0,0.03674507777,0,0.7257766507,0.08100452033,1,LSTM v2
2019-03-12,0.143671172,0,0,0.036254183,0,0.7449981681,0.07507647686,1,LSTM v2
2019-03-13,0.1402590019,0,0,0.03746207915,0,0.7476064786,0.07467244043,1,LSTM v2
2019-03-14,0.1269399235,0,0,0.03769078134,0,0.7627658305,0.07260346467,1,LSTM v2
2019-03-15,0.1195829081,0,0,0.03778427151,0,0.7727846022,0.06984821811,1,LSTM v2
2019-03-18,0.11465676,0,0,0.03755157771,0,0.7801620873,0.06762957497,1,LSTM v2
2019-03-19,0.111952023,0,0,0.03949062198,0,0.7807468263,0.06781052874,1,LSTM v2
2019-03-20,0.1112378414,0,0,0.04127199295,0,0.7775989349,0.06989123083,1,LSTM v2
2019-03-22,0.1116016933,0,0,0.04423008404,0,0.7732504462,0.0709177764,1,LSTM v2
2019-03-25,0.104670367,0,0,0.03599822481,0,0.7969776899,0.06235371833,1,LSTM v2
2019-03-26,0.1025459721,0,0,0.03861896521,0,0.7939399722,0.06489509054,1,LSTM v2
2019-03-27,0.106001292,0,0,0.04120921221,0,0.786457396,0.06633209985,1,LSTM v2
2019-03-28,0.1016571134,0,0,0.04055141597,0,0.7928855897,0.06490588091,1,LSTM v2
2019-03-29,0.1008405525,0,0,0.04327486035,0,0.7880619676,0.06782261951,1,LSTM v2
2019-04-01,0.342492153,0,0,0.3196940923,0,0.1919719818,0.145841773,1,LSTM v2
2019-04-02,0.2856120552,0,0,0.3491008982,0,0.2170606022,0.1482264444,1,LSTM v2
2019-04-03,0.2552280984,0,0,0.3620310372,0,0.2325020994,0.150238765,1,LSTM v2
2019-04-04,0.2397022319,0,0,0.3551697539,0,0.2519147769,0.1532132373,1,LSTM v2
2019-04-05,0.2223404232,0,0,0.3505389445,0,0.268296812,0.1588238203,1,LSTM v2
2019-04-08,0.2147575351,0,0,0.3343538096,0,0.2808308941,0.1700577612,1,LSTM v2
2019-04-09,0.2144783469,0,0,0.3087198482,0,0.2950165316,0.1817852733,1,LSTM v2
2019-04-10,0.2148670735,0,0,0.2730777006,0,0.3188622939,0.1931929319,1,LSTM v2
2019-04-11,0.2228512251,0,0,0.251428239,0,0.3233098887,0.2024106472,1,LSTM v2
2019-04-12,0.2162607642,0,0,0.2326633965,0,0.3520569258,0.1990189135,1,LSTM v2
2019-04-15,0.2270146839,0,0,0.2105016944,0,0.3472047941,0.2152788277,1,LSTM v2
2019-04-16,0.2259584367,0,0,0.1883390397,0,0.3556901813,0.2300123423,1,LSTM v2
2019-04-18,0.2238883708,0,0,0.1643423761,0,0.3707788046,0.2409904486,1,LSTM v2
2019-04-22,0.230443645,0,0,0.1669909383,0,0.3379533937,0.264612023,1,LSTM v2
2019-04-23,0.224052868,0,0,0.1717830799,0,0.3333824972,0.2707815549,1,LSTM v2
2019-04-24,0.1993878901,0,0,0.1894974978,0,0.3378407607,0.2732738514,1,LSTM v2
2019-04-25,0.1641388782,0,0,0.2149900773,0,0.3378111027,0.2830599417,1,LSTM v2
2019-04-26,0.1566214263,0,0,0.2019484937,0,0.3628284037,0.2786016762,1,LSTM v2
2019-04-30,0.1642985766,0,0,0.182925311,0,0.3581425494,0.2946335629,1,LSTM v2
2019-05-02,0.1697560847,0,0,0.1670487821,0,0.3677097261,0.2954854071,1,LSTM v2
2019-05-03,0.173809645,0,0,0.1592697328,0,0.3837931397,0.2831274825,1,LSTM v2
2019-05-06,0.18805998,0,0,0.1214196646,0,0.4260116093,0.2645087461,1,LSTM v2
2019-05-07,0.2290613204,0,0,0.09669482708,0,0.4243250787,0.2499187738,1,LSTM v2
2019-05-08,0.2220993357,0,0,0.07536620703,0,0.4745636916,0.2279707657,1,LSTM v2
2019-05-09,0.2230617719,0,0,0.0626075496,0,0.4995713271,0.2147593514,1,LSTM v2
2019-05-10,0.2552109361,0,0,0.057859689,0,0.4634715617,0.2234578133,1,LSTM v2
2019-05-13,0.3233221947,0,0,0.04667305027,0,0.4029047935,0.2270999615,1,LSTM v2
2019-05-14,0.3668316277,0,0,0.03608382466,0,0.3810204835,0.2160640641,1,LSTM v2
2019-05-15,0.4591780629,0,0,0.03097244556,0,0.3006507771,0.2091987145,1,LSTM v2
2019-05-16,0.5830284931,0,0,0.02749865119,0,0.212205439,0.1772674167,1,LSTM v2
2019-05-17,0.6325870599,0,0,0.02665587636,0,0.1660536189,0.1747034448,1,LSTM v2
2019-05-20,0.588162205,0,0,0.03082350254,0,0.1869579432,0.1940563493,1,LSTM v2
2019-05-21,0.567234235,0,0,0.03147482966,0,0.1840321625,0.2172587728,1,LSTM v2
2019-05-22,0.5685772427,0,0,0.03135111253,0,0.1745494345,0.2255222103,1,LSTM v2
2019-05-23,0.509314433,0,0,0.02985468596,0,0.2011416018,0.2596892792,1,LSTM v2
2019-05-24,0.3954645381,0,0,0.03391382458,0,0.2752109458,0.2954106916,1,LSTM v2
2019-05-27,0.3187736809,0,0,0.03559898146,0,0.37095701,0.2746703276,1,LSTM v2
2019-05-28,0.2650339007,0,0,0.03556451201,0,0.4286604822,0.2707411051,1,LSTM v2
2019-05-29,0.2361723395,0,0,0.03378719711,0,0.4732050123,0.2568354511,1,LSTM v2
2019-05-30,0.2099088179,0,0,0.03362348006,0,0.5132160898,0.2432516123,1,LSTM v2
2019-05-31,0.1801726304,0,0,0.03270017234,0,0.5681270149,0.2190001823,1,LSTM v2
2019-06-03,0.1472548318,0,0,0.0332957336,0,0.6252499526,0.1941994821,1,LSTM v2
2019-06-04,0.1121655031,0,0,0.03215513163,0,0.691186799,0.1644925663,1,LSTM v2
2019-06-06,0.1111478359,0,0,0.02791525424,0,0.6908425093,0.1700944006,1,LSTM v2
2019-06-07,0.1042017172,0,0,0.02802090667,0,0.6736819619,0.1940954142,1,LSTM v2
2019-06-10,0.1019277546,0,0,0.0274572477,0,0.6598999924,0.2107150053,1,LSTM v2
2019-06-11,0.09901077485,0,0,0.02714708871,0,0.648072374,0.2257697624,1,LSTM v2
2019-06-12,0.09945531338,0,0,0.02762317699,0,0.626602957,0.2463185526,1,LSTM v2
2019-06-13,0.09990145713,0,0,0.02912077438,0,0.6038850816,0.2670926869,1,LSTM v2
2019-06-14,0.1045733824,0,0,0.02812325913,0,0.59853082,0.2687725385,1,LSTM v2
2019-06-17,0.1085746613,0,0,0.02576840536,0,0.5954956371,0.2701612963,1,LSTM v2
2019-06-18,0.1155897837,0,0,0.02538607107,0,0.5930315907,0.2659925545,1,LSTM v2
2019-06-19,0.1415466985,0,0,0.02582772115,0,0.561281153,0.2713444273,1,LSTM v2
2019-06-20,0.1692054719,0,0,0.02873440087,0,0.5199862123,0.282073915,1,LSTM v2
2019-06-21,0.199345379,0,0,0.02799451894,0,0.4917789074,0.2808811947,1,LSTM v2
2019-06-24,0.2450655817,0,0,0.03007985425,0,0.4344639989,0.2903905652,1,LSTM v2
2019-06-25,0.2790092691,0,0,0.03036670612,0,0.4007258221,0.2898982027,1,LSTM v2
2019-06-26,0.2912562164,0,0,0.03045971104,0,0.3801161909,0.2981678816,1,LSTM v2
2019-06-27,0.3388706668,0,0,0.03149630804,0,0.3353323265,0.2943006986,1,LSTM v2
2019-06-28,0.3898919595,0,0,0.03113116009,0,0.2885927314,0.290384149,1,LSTM v2
2019-07-01,0.465648468,0,0,0.0305823029,0,0.2390768059,0.2646924233,1,LSTM v2
2019-07-02,0.5026924685,0,0,0.03213165748,0,0.2049358816,0.2602399924,1,LSTM v2
2019-07-03,0.5433591584,0,0,0.03195770445,0,0.1891989701,0.2354841671,1,LSTM v2
2019-07-04,0.5603492615,0,0,0.0330085142,0,0.1807483847,0.2258938396,1,LSTM v2
2019-07-05,0.574610855,0,0,0.03151203833,0,0.1690815465,0.2247955602,1,LSTM v2
2019-07-08,0.6296183408,0,0,0.02814660381,0,0.1555428639,0.1866921914,1,LSTM v2
2019-07-09,0.6705838442,0,0,0.02601453662,0,0.1470585167,0.1563431025,1,LSTM v2
2019-07-10,0.699486569,0,0,0.02528725777,0,0.1315093255,0.1437168477,1,LSTM v2
2019-07-11,0.7134938466,0,0,0.02537958963,0,0.1216130668,0.139513497,1,LSTM v2
2019-07-12,0.7293589847,0,0,0.02473285468,0,0.1114615074,0.1344466532,1,LSTM v2
2019-07-15,0.7388331432,0,0,0.02532342496,0,0.09950862265,0.1363348092,1,LSTM v2
2019-07-16,0.7366592815,0,0,0.02604750706,0,0.1001258483,0.1371673631,1,LSTM v2
2019-07-17,0.734215609,0,0,0.0270310004,0,0.09959304221,0.1391603484,1,LSTM v2
2019-07-18,0.7526725783,0,0,0.02603473229,0,0.08880637139,0.132486318,1,LSTM v2
2019-07-19,0.7783108863,0,0,0.02456515627,0,0.07837388577,0.1187500717,1,LSTM v2
2019-07-22,0.8118413197,0,0,0.02315696173,0,0.06064467584,0.1043570428,1,LSTM v2
2019-07-23,0.839570502,0,0,0.02325688432,0,0.04427251858,0.09290009512,1,LSTM v2
2019-07-24,0.8643671097,0,0,0.0229243203,0,0.03212396362,0.08058460637,1,LSTM v2
2019-07-25,0.8793804049,0,0,0.02270484529,0,0.02367350645,0.0742412433,1,LSTM v2
2019-07-26,0.891026242,0,0,0.02255677914,0,0.01807001321,0.06834696564,1,LSTM v2
2019-07-29,0.9014711288,0,0,0.02214023634,0,0.01503881517,0.06134981972,1,LSTM v2
2019-07-30,0.9080302221,0,0,0.02150717774,0,0.01336023971,0.05710236047,1,LSTM v2
2019-07-31,0.9156915614,0,0,0.02082189747,0,0.01163936974,0.05184717142,1,LSTM v2
2019-08-01,0.9177783625,0,0,0.02106831013,0,0.01136142934,0.04979189802,1,LSTM v2
2019-08-02,0.9218103367,0,0,0.02019098791,0,0.01066920822,0.04732946719,1,LSTM v2
2019-08-05,0.9241892168,0,0,0.01967133038,0,0.01038220346,0.04575724934,1,LSTM v2
2019-08-06,0.927292461,0,0,0.01977717493,0,0.009348889761,0.04358147433,1,LSTM v2
2019-08-07,0.9275679934,0,0,0.01977517343,0,0.009376423783,0.0432804094,1,LSTM v2
2019-08-08,0.9287933474,0,0,0.02003388185,0,0.008703986523,0.04246878418,1,LSTM v2
2019-08-09,0.9274092152,0,0,0.02040847113,0,0.00858615565,0.04359615797,1,LSTM v2
2019-08-13,0.9281652906,0,0,0.01967041139,0,0.008518697456,0.0436456005,1,LSTM v2
2019-08-14,0.9323295259,0,0,0.0196199322,0,0.00760559823,0.04044494364,1,LSTM v2
2019-08-16,0.9317788363,0,0,0.01958236385,0,0.007391090883,0.04124770897,1,LSTM v2
2019-08-19,0.9326319391,0,0,0.01965543936,0,0.007255739296,0.04045688229,1,LSTM v2
2019-08-20,0.9331214201,0,0,0.01969738755,0,0.007135579179,0.04004561315,1,LSTM v2
2019-08-21,0.935011493,0,0,0.01965321573,0,0.006617682894,0.03871760836,1,LSTM v2
2019-08-22,0.935197898,0,0,0.01945518968,0,0.006824022715,0.03852288958,1,LSTM v2
2019-08-23,0.9356908166,0,0,0.01956209967,0,0.006721178082,0.0380259056,1,LSTM v2
2019-08-26,0.9316108294,0,0,0.01969989464,0,0.007177809777,0.04151146623,1,LSTM v2
2019-08-27,0.9333526357,0,0,0.01964902291,0,0.00662475582,0.04037358554,1,LSTM v2
2019-08-28,0.9334289875,0,0,0.01948680449,0,0.006582656257,0.04050155176,1,LSTM v2
2019-08-29,0.934438169,0,0,0.01942573239,0,0.00624354922,0.03989254938,1,LSTM v2
2019-08-30,0.9345790348,0,0,0.01992328008,0,0.005944186104,0.03955349904,1,LSTM v2
2019-09-03,0.9348349014,0,0,0.01935193945,0,0.006435826037,0.03937733311,1,LSTM v2
2019-09-04,0.9361742008,0,0,0.01904656339,0,0.006420082323,0.03835915348,1,LSTM v2
2019-09-05,0.9356494429,0,0,0.01933840016,0,0.006407157846,0.03860499908,1,LSTM v2
2019-09-06,0.9350393841,0,0,0.02054374573,0,0.005955671232,0.03846119892,1,LSTM v2
2019-09-09,0.9317032851,0,0,0.02127792536,0,0.006334558236,0.04068423131,1,LSTM v2
2019-09-11,0.9299340942,0,0,0.02241084418,0,0.005995045561,0.04166001603,1,LSTM v2
2019-09-12,0.9275737958,0,0,0.02307544265,0,0.006371424504,0.04297933707,1,LSTM v2
2019-09-13,0.9238829914,0,0,0.0241723143,0,0.006591280206,0.04535341411,1,LSTM v2
2019-09-16,0.9220413103,0,0,0.02490477114,0,0.006962592348,0.04609132625,1,LSTM v2
2019-09-17,0.9256479789,0,0,0.02370892884,0,0.006975823135,0.04366726915,1,LSTM v2
2019-09-18,0.926879679,0,0,0.02383690449,0,0.00693723075,0.04234618579,1,LSTM v2
2019-09-19,0.9289387029,0,0,0.02328378375,0,0.006902703669,0.04087480973,1,LSTM v2
2019-09-20,0.9152817845,0,0,0.02719636669,0,0.008311072473,0.04921077629,1,LSTM v2
2019-09-23,0.887463943,0,0,0.03569699142,0,0.01083041467,0.06600865093,1,LSTM v2
2019-09-24,0.8661026497,0,0,0.04393942281,0,0.01231282774,0.07764509978,1,LSTM v2
2019-09-25,0.8615728528,0,0,0.04641043347,0,0.01319641141,0.07882030227,1,LSTM v2
2019-09-26,0.8419792291,0,0,0.05619347998,0,0.01575686268,0.08607042821,1,LSTM v2
2019-09-27,0.8372501462,0,0,0.05930333444,0,0.01708941415,0.08635710518,1,LSTM v2
2019-09-30,0.8351891964,0,0,0.06069584056,0,0.01859311273,0.08552185035,1,LSTM v2
2019-10-01,0.8370985954,0,0,0.06165804318,0,0.01867133372,0.08257202773,1,LSTM v2
2019-10-03,0.8398926385,0,0,0.05707112381,0,0.02088597673,0.08215026098,1,LSTM v2
2019-10-04,0.8469251726,0,0,0.05219765584,0,0.02196619932,0.07891097228,1,LSTM v2
2019-10-07,0.8548011081,0,0,0.05005123755,0,0.02074127205,0.07440638227,1,LSTM v2
2019-10-09,0.8405286576,0,0,0.05839803005,0,0.02180825522,0.07926505715,1,LSTM v2
2019-10-10,0.8401785163,0,0,0.05684602441,0,0.02247745429,0.08049800502,1,LSTM v2
2019-10-11,0.8379766532,0,0,0.06160757828,0,0.01989146366,0.08052430482,1,LSTM v2
2019-10-14,0.8366602379,0,0,0.06275395094,0,0.01828529252,0.08230051867,1,LSTM v2
2019-10-15,0.82250189,0,0,0.06820601411,0,0.01968777018,0.0896043257,1,LSTM v2
2019-10-16,0.8167088394,0,0,0.07095208107,0,0.02089377924,0.09144530028,1,LSTM v2
2019-10-17,0.7852996021,0,0,0.08230408312,0,0.02686310942,0.1055332054,1,LSTM v2
2019-10-18,0.7468167543,0,0,0.0964872539,0,0.03640501201,0.1202909797,1,LSTM v2
2019-10-22,0.7305270379,0,0,0.1013832085,0,0.04171343862,0.126376315,1,LSTM v2
2019-10-23,0.7302138563,0,0,0.09742031718,0,0.04293037041,0.1294354561,1,LSTM v2
2019-10-24,0.7326348424,0,0,0.09572514147,0,0.04477963597,0.1268603802,1,LSTM v2
2019-10-25,0.7463556043,0,0,0.07905609278,0,0.04966478869,0.1249235142,1,LSTM v2
2019-10-27,0.7325452293,0,0,0.0831090777,0,0.05730021532,0.1270454777,1,LSTM v2
2019-10-29,0.705766634,0,0,0.09228943495,0,0.06546511647,0.1364788146,1,LSTM v2
2019-10-30,0.6433253953,0,0,0.118968261,0,0.08770754215,0.1499988016,1,LSTM v2
2019-10-31,0.5770758562,0,0,0.1441233499,0,0.1099272254,0.1688735684,1,LSTM v2
2019-11-01,0.4811468434,0,0,0.1955102715,0,0.129567228,0.1937756572,1,LSTM v2
2019-11-04,0.3966842592,0,0,0.2325082719,0,0.1521669477,0.2186405212,1,LSTM v2
2019-11-05,0.3305086641,0,0,0.250234317,0,0.1841163569,0.235140662,1,LSTM v2
2019-11-06,0.2660629114,0,0,0.2481669151,0,0.2461924069,0.2395777667,1,LSTM v2
2019-11-07,0.2337370436,0,0,0.199985674,0,0.3042914362,0.2619858462,1,LSTM v2
2019-11-08,0.2192359799,0,0,0.1596436751,0,0.3522563472,0.2688639978,1,LSTM v2
2019-11-11,0.2006177485,0,0,0.139260622,0,0.3872963844,0.2728252452,1,LSTM v2
2019-11-13,0.1917002385,0,0,0.1134850315,0,0.4106196218,0.2841951082,1,LSTM v2
2019-11-14,0.1802022444,0,0,0.09536576945,0,0.4331006375,0.2913313486,1,LSTM v2
2019-11-15,0.1660016775,0,0,0.0877238512,0,0.4590390325,0.2872354388,1,LSTM v2
2019-11-18,0.1582111316,0,0,0.08367835235,0,0.4625352461,0.2955752699,1,LSTM v2
2019-11-19,0.1502596118,0,0,0.07872100057,0,0.4731025625,0.2979168251,1,LSTM v2
2019-11-20,0.1398605396,0,0,0.06978402235,0,0.4862683379,0.3040871001,1,LSTM v2
2019-11-21,0.1386161447,0,0,0.06486654282,0,0.4823102057,0.3142071068,1,LSTM v2
2019-11-22,0.1376667758,0,0,0.06430878442,0,0.4787249529,0.3192994869,1,LSTM v2
2019-11-25,0.131807401,0,0,0.06410910915,0,0.5006492733,0.3034342166,1,LSTM v2
2019-11-26,0.1279857101,0,0,0.06857798687,0,0.4949220496,0.3085142534,1,LSTM v2
2019-11-27,0.1297493428,0,0,0.069921121,0,0.4917702675,0.3085592687,1,LSTM v2
2019-11-28,0.1259748358,0,0,0.06637327472,0,0.5078038649,0.2998480245,1,LSTM v2
2019-11-29,0.1140841039,0,0,0.07225553054,0,0.5121542888,0.3015060768,1,LSTM v2
2019-12-02,0.1269326191,0,0,0.07267938446,0,0.4852719235,0.315116073,1,LSTM v2
2019-12-03,0.1196962139,0,0,0.07191245949,0,0.5113504491,0.2970408775,1,LSTM v2
2019-12-04,0.124487306,0,0,0.06756477209,0,0.5191249367,0.2888229852,1,LSTM v2
2019-12-05,0.119375803,0,0,0.06226872303,0,0.5464089533,0.2719465206,1,LSTM v2
2019-12-06,0.1277352922,0,0,0.06003796183,0,0.5249718047,0.2872549413,1,LSTM v2
2019-12-09,0.1297350588,0,0,0.0568441338,0,0.5171201478,0.2963006596,1,LSTM v2
2019-12-10,0.1277016492,0,0,0.05423124891,0,0.5158065923,0.3022605097,1,LSTM v2
2019-12-11,0.1303795437,0,0,0.0514750559,0,0.5079442897,0.3102011108,1,LSTM v2
2019-12-12,0.1287125118,0,0,0.05016211682,0,0.504171517,0.3169538544,1,LSTM v2
2019-12-13,0.1290619325,0,0,0.05094543655,0,0.4967832976,0.3232093333,1,LSTM v2
2019-12-16,0.1223294329,0,0,0.05372358666,0,0.5056883862,0.3182585942,1,LSTM v2
2019-12-17,0.1182066118,0,0,0.05483484998,0,0.5145063632,0.312452175,1,LSTM v2
2019-12-18,0.1188266137,0,0,0.05595243764,0,0.5173816719,0.3078392767,1,LSTM v2
2019-12-19,0.1167967845,0,0,0.05631927778,0,0.5287555811,0.2981283567,1,LSTM v2
2019-12-20,0.1217162887,0,0,0.05975120782,0,0.5095304478,0.3090020556,1,LSTM v2
2019-12-23,0.1261975105,0,0,0.06110785566,0,0.4857515124,0.3269431214,1,LSTM v2
2019-12-24,0.1310062501,0,0,0.06041445638,0,0.4638444216,0.3447348719,1,LSTM v2
2019-12-26,0.1361984898,0,0,0.0593622993,0,0.4393777815,0.3650614294,1,LSTM v2
2019-12-27,0.1421614146,0,0,0.06006802268,0,0.4193954483,0.3783751144,1,LSTM v2
2019-12-30,0.1423660017,0,0,0.06216858841,0,0.4330204862,0.3624449237,1,LSTM v2
2019-12-31,0.1358804405,0,0,0.0707115531,0,0.4280926287,0.3653153777,1,LSTM v2
2020-01-01,0.1575997186,0,0,0.07349511291,0,0.3862029939,0.3827021747,1,LSTM v2
2020-01-02,0.1691920247,0,0,0.07470979263,0,0.3710531454,0.3850450372,1,LSTM v2
2020-01-03,0.1915701181,0,0,0.07505507767,0,0.3651731312,0.368201673,1,LSTM v2
2020-01-06,0.2333716392,0,0,0.06679884492,0,0.3589387215,0.3408907943,1,LSTM v2
2020-01-07,0.2389079524,0,0,0.08928455013,0,0.3130532065,0.358754291,1,LSTM v2
2020-01-08,0.2735936344,0,0,0.08581373096,0,0.3129076958,0.3276849389,1,LSTM v2
2020-01-09,0.2787097394,0,0,0.1185959578,0,0.2648628652,0.3378314376,1,LSTM v2
2020-01-10,0.2453485466,0,0,0.1494686179,0,0.2374133801,0.3677694554,1,LSTM v2
2020-01-13,0.2510571815,0,0,0.133685114,0,0.2151384833,0.4001192212,1,LSTM v2
2020-01-14,0.2720190564,0,0,0.1195054269,0,0.1974281207,0.411047396,1,LSTM v2
2020-01-15,0.2424597293,0,0,0.1279050559,0,0.2160392106,0.4135960042,1,LSTM v2
2020-01-16,0.259372592,0,0,0.1183818132,0,0.2128382176,0.4094073772,1,LSTM v2
2020-01-17,0.2241420366,0,0,0.1375566762,0,0.2318329433,0.4064683439,1,LSTM v2
2020-01-20,0.2207073519,0,0,0.1447447305,0,0.2212832371,0.4132646805,1,LSTM v2
2020-01-21,0.2362851763,0,0,0.1288242619,0,0.2437515968,0.391138965,1,LSTM v2
2020-01-22,0.2752304971,0,0,0.1273807436,0,0.2100494355,0.3873393238,1,LSTM v2
2020-01-23,0.2878262315,0,0,0.1276449374,0,0.2000638932,0.3844649379,1,LSTM v2
2020-01-24,0.293235962,0,0,0.1221158076,0,0.2047949166,0.3798533139,1,LSTM v2
2020-01-27,0.3184985244,0,0,0.1027580135,0,0.2184700982,0.3602733639,1,LSTM v2
2020-01-28,0.3709470878,0,0,0.08533781594,0,0.2067855735,0.3369295227,1,LSTM v2
2020-01-29,0.4337721241,0,0,0.081208426,0,0.1572964109,0.327723039,1,LSTM v2
2020-01-30,0.472964606,0,0,0.06441672434,0,0.1617946995,0.3008239702,1,LSTM v2
2020-01-31,0.5677695913,0,0,0.05860272839,0,0.1199101964,0.253717484,1,LSTM v2
2020-02-01,0.6425832295,0,0,0.04310063501,0,0.09873913643,0.2155769991,1,LSTM v2
2020-02-03,0.7471383448,0,0,0.03667123438,0,0.05802862438,0.1581617964,1,LSTM v2
2020-02-04,0.7830568494,0,0,0.03600736681,0,0.03948518604,0.1414505978,1,LSTM v2
2020-02-05,0.768873158,0,0,0.04090817288,0,0.03599388538,0.1542247838,1,LSTM v2
2020-02-06,0.7020184032,0,0,0.04422537007,0,0.04222431559,0.2115319112,1,LSTM v2
2020-02-07,0.6640067422,0,0,0.04494556257,0,0.04072319541,0.2503244998,1,LSTM v2
2020-02-10,0.6473410919,0,0,0.03994918734,0,0.04079186293,0.2719178579,1,LSTM v2
2020-02-11,0.6494893029,0,0,0.03986459344,0,0.03705392143,0.2735921822,1,LSTM v2
2020-02-12,0.6317215374,0,0,0.04078898457,0,0.04268225155,0.2848072265,1,LSTM v2
2020-02-13,0.6264689471,0,0,0.04077384933,0,0.0463740856,0.2863831179,1,LSTM v2
2020-02-14,0.634471083,0,0,0.04022927357,0,0.04284987732,0.2824497661,1,LSTM v2
2020-02-17,0.6431972552,0,0,0.04012764722,0,0.04122393686,0.2754511607,1,LSTM v2
2020-02-18,0.6535582944,0,0,0.0380665127,0,0.04891814891,0.259457044,1,LSTM v2
2020-02-19,0.6525226977,0,0,0.0368203827,0,0.05372399957,0.25693292,1,LSTM v2
2020-02-20,0.666630129,0,0,0.03596684229,0,0.04917612525,0.2482269034,1,LSTM v2
2020-02-24,0.6801689762,0,0,0.02826657849,0,0.0699101229,0.2216543224,1,LSTM v2
2020-02-25,0.7608308679,0,0,0.02712430392,0,0.04182818097,0.1702166472,1,LSTM v2
2020-02-26,0.7938786075,0,0,0.02478451072,0,0.04044323004,0.1408936517,1,LSTM v2
2020-02-27,0.8740455638,0,0,0.02326935192,0,0.02214748073,0.08053760351,1,LSTM v2
2020-02-28,0.8640878974,0,0,0.02297453071,0,0.03522868527,0.07770888667,1,LSTM v2
2020-03-02,0.9101819546,0,0,0.02094035022,0,0.01701311534,0.05186457985,1,LSTM v2
2020-03-03,0.9200071148,0,0,0.02132936579,0,0.01188492223,0.0467785972,1,LSTM v2
2020-03-04,0.9197969342,0,0,0.02029860371,0,0.01232403411,0.04758042793,1,LSTM v2
2020-03-05,0.9288007444,0,0,0.01996512674,0,0.009597912252,0.04163621661,1,LSTM v2
2020-03-06,0.931451198,0,0,0.01883633428,0,0.009248167242,0.04046430051,1,LSTM v2
2020-03-09,0.9324195521,0,0,0.01845619178,0,0.009969985552,0.03915427059,1,LSTM v2
2020-03-11,0.937151546,0,0,0.01807142784,0,0.008575549301,0.03620147685,1,LSTM v2
2020-03-12,0.9334877472,0,0,0.01792312106,0,0.01015390213,0.03843522956,1,LSTM v2
2020-03-13,0.9346892046,0,0,0.0180278603,0,0.01091117576,0.03637175933,1,LSTM v2
2020-03-16,0.934180553,0,0,0.0177913687,0,0.01061647312,0.03741160522,1,LSTM v2
2020-03-17,0.9316419658,0,0,0.01842750667,0,0.01172648221,0.03820404531,1,LSTM v2
2020-03-18,0.9307712325,0,0,0.01916755365,0,0.01214257908,0.03791863475,1,LSTM v2
2020-03-19,0.9326986891,0,0,0.02005131904,0,0.01079338511,0.03645660675,1,LSTM v2
2020-03-20,0.9336329115,0,0,0.0213089059,0,0.01010927251,0.03494891007,1,LSTM v2
2020-03-23,0.9270996875,0,0,0.02308333436,0,0.01231096476,0.03750601341,1,LSTM v2
2020-03-24,0.9252689119,0,0,0.02564095978,0,0.01242854584,0.0366615825,1,LSTM v2
2020-03-25,0.9183720804,0,0,0.0289291791,0,0.01372243811,0.03897630243,1,LSTM v2
2020-03-26,0.912057312,0,0,0.03280790636,0,0.01449560703,0.04063917464,1,LSTM v2
2020-03-27,0.9140659443,0,0,0.03118846336,0,0.01446186452,0.04028372783,1,LSTM v2
2020-03-30,0.9091976082,0,0,0.03319456727,0,0.01639266648,0.04121515808,1,LSTM v2
2020-03-31,0.9054716938,0,0,0.03737403,0,0.01578024526,0.04137403097,1,LSTM v2
2020-04-01,0.25,0,0,0.25,0,0.25,0.25,1,LSTM v2
2020-04-03,0.25,0,0,0.25,0,0.25,0.25,1,LSTM v2
2020-04-07,0.25,0,0,0.25,0,0.25,0.25,1,LSTM v2
2020-04-08,0.25,0,0,0.25,0,0.25,0.25,1,LSTM v2
2020-04-09,0.25,0,0,0.25,0,0.25,0.25,1,LSTM v2
2020-04-13,0.25,0,0,0.25,0,0.25,0.25,1,LSTM v2
2020-04-15,0.25,0,0,0.25,0,0.25,0.25,1,LSTM v2
2020-04-16,0.25,0,0,0.25,0,0.25,0.25,1,LSTM v2
2020-04-17,0.25,0,0,0.25,0,0.25,0.25,1,LSTM v2
2020-04-20,0.25,0,0,0.25,0,0.25,0.25,1,LSTM v2
2020-04-21,0.25,0,0,0.25,0,0.25,0.25,1,LSTM v2
2020-04-22,0.25,0,0,0.25,0,0.25,0.25,1,LSTM v2
2020-04-23,0.25,0,0,0.25,0,0.25,0.25,1,LSTM v2
2020-04-24,0.25,0,0,0.25,0,0.25,0.25,1,LSTM v2
2020-04-27,0.25,0,0,0.25,0,0.25,0.25,1,LSTM v2
2020-04-28,0.25,0,0,0.25,0,0.25,0.25,1,LSTM v2
2020-04-29,0.25,0,0,0.25,0,0.25,0.25,1,LSTM v2
2020-04-30,0.25,0,0,0.25,0,0.25,0.25,1,LSTM v2
2020-05-04,0.25,0,0,0.25,0,0.25,0.25,1,LSTM v2
2020-05-05,0.25,0,0,0.25,0,0.25,0.25,1,LSTM v2
2020-05-06,0.25,0,0,0.25,0,0.25,0.25,1,LSTM v2
2020-05-07,0.25,0,0,0.25,0,0.25,0.25,1,LSTM v2
2020-05-08,0.25,0,0,0.25,0,0.25,0.25,1,LSTM v2
2020-05-11,0.25,0,0,0.25,0,0.25,0.25,1,LSTM v2
2020-05-12,0.25,0,0,0.25,0,0.25,0.25,1,LSTM v2
2020-05-13,0.25,0,0,0.25,0,0.25,0.25,1,LSTM v2
2020-05-14,0.25,0,0,0.25,0,0.25,0.25,1,LSTM v2
2020-05-15,0.25,0,0,0.25,0,0.25,0.25,1,LSTM v2
2020-05-18,0.25,0,0,0.25,0,0.25,0.25,1,LSTM v2
2020-05-19,0.25,0,0,0.25,0,0.25,0.25,1,LSTM v2
2020-05-20,0.25,0,0,0.25,0,0.25,0.25,1,LSTM v2
2020-05-21,0.25,0,0,0.25,0,0.25,0.25,1,LSTM v2
2020-05-22,0.25,0,0,0.25,0,0.25,0.25,1,LSTM v2
2020-05-26,0.25,0,0,0.25,0,0.25,0.25,1,LSTM v2
2020-05-27,0.25,0,0,0.25,0,0.25,0.25,1,LSTM v2
2020-05-28,0.25,0,0,0.25,0,0.25,0.25,1,LSTM v2
2020-05-29,0.25,0,0,0.25,0,0.25,0.25,1,LSTM v2
2020-06-01,0.25,0,0,0.25,0,0.25,0.25,1,LSTM v2
2020-06-02,0.25,0,0,0.25,0,0.25,0.25,1,LSTM v2
2020-06-03,0.25,0,0,0.25,0,0.25,0.25,1,LSTM v2
2020-06-04,0.25,0,0,0.25,0,0.25,0.25,1,LSTM v2
2020-06-05,0.25,0,0,0.25,0,0.25,0.25,1,LSTM v2
2020-06-08,0.25,0,0,0.25,0,0.25,0.25,1,LSTM v2
2020-06-09,0.25,0,0,0.25,0,0.25,0.25,1,LSTM v2
2020-06-10,0.25,0,0,0.25,0,0.25,0.25,1,LSTM v2
2020-06-11,0.25,0,0,0.25,0,0.25,0.25,1,LSTM v2
2020-06-12,0.25,0,0,0.25,0,0.25,0.25,1,LSTM v2
2020-06-15,0.25,0,0,0.25,0,0.25,0.25,1,LSTM v2
2020-06-16,0.25,0,0,0.25,0,0.25,0.25,1,LSTM v2
2020-06-17,0.25,0,0,0.25,0,0.25,0.25,1,LSTM v2
2020-06-18,0.25,0,0,0.25,0,0.25,0.25,1,LSTM v2
2020-06-19,0.25,0,0,0.25,0,0.25,0.25,1,LSTM v2
2020-06-22,0.25,0,0,0.25,0,0.25,0.25,1,LSTM v2
2020-06-23,0.25,0,0,0.25,0,0.25,0.25,1,LSTM v2
2020-06-24,0.25,0,0,0.25,0,0.25,0.25,1,LSTM v2
2020-06-25,0.25,0,0,0.25,0,0.25,0.25,1,LSTM v2
2020-06-26,0.25,0,0,0.25,0,0.25,0.25,1,LSTM v2
2020-06-29,0.25,0,0,0.25,0,0.25,0.25,1,LSTM v2
2020-06-30,0.25,0,0,0.25,0,0.25,0.25,1,LSTM v2
2020-07-01,0.25,0,0,0.25,0,0.25,0.25,1,LSTM v2
2020-07-02,0.25,0,0,0.25,0,0.25,0.25,1,LSTM v2
2020-07-03,0.25,0,0,0.25,0,0.25,0.25,1,LSTM v2
2020-07-06,0.25,0,0,0.25,0,0.25,0.25,1,LSTM v2
2020-07-07,0.25,0,0,0.25,0,0.25,0.25,1,LSTM v2
2020-07-08,0.25,0,0,0.25,0,0.25,0.25,1,LSTM v2
2020-07-09,0.25,0,0,0.25,0,0.25,0.25,1,LSTM v2
2020-07-10,0.25,0,0,0.25,0,0.25,0.25,1,LSTM v2
2020-07-13,0.25,0,0,0.25,0,0.25,0.25,1,LSTM v2
2020-07-14,0.25,0,0,0.25,0,0.25,0.25,1,LSTM v2
2020-07-15,0.25,0,0,0.25,0,0.25,0.25,1,LSTM v2
2020-07-16,0.25,0,0,0.25,0,0.25,0.25,1,LSTM v2
2020-07-17,0.25,0,0,0.25,0,0.25,0.25,1,LSTM v2
2020-07-20,0.25,0,0,0.25,0,0.25,0.25,1,LSTM v2
2020-07-21,0.25,0,0,0.25,0,0.25,0.25,1,LSTM v2
2020-07-22,0.25,0,0,0.25,0,0.25,0.25,1,LSTM v2
2020-07-23,0.25,0,0,0.25,0,0.25,0.25,1,LSTM v2
2020-07-24,0.25,0,0,0.25,0,0.25,0.25,1,LSTM v2
2020-07-27,0.25,0,0,0.25,0,0.25,0.25,1,LSTM v2
2020-07-28,0.25,0,0,0.25,0,0.25,0.25,1,LSTM v2
2020-07-29,0.25,0,0,0.25,0,0.25,0.25,1,LSTM v2
2020-07-30,0.25,0,0,0.25,0,0.25,0.25,1,LSTM v2
2020-07-31,0.25,0,0,0.25,0,0.25,0.25,1,LSTM v2
2020-08-03,0.25,0,0,0.25,0,0.25,0.25,1,LSTM v2
2020-08-04,0.25,0,0,0.25,0,0.25,0.25,1,LSTM v2
2020-08-05,0.25,0,0,0.25,0,0.25,0.25,1,LSTM v2
2020-08-06,0.25,0,0,0.25,0,0.25,0.25,1,LSTM v2
2020-08-07,0.25,0,0,0.25,0,0.25,0.25,1,LSTM v2
2020-08-10,0.25,0,0,0.25,0,0.25,0.25,1,LSTM v2
2020-08-11,0.25,0,0,0.25,0,0.25,0.25,1,LSTM v2
2020-08-12,0.25,0,0,0.25,0,0.25,0.25,1,LSTM v2
2020-08-13,0.25,0,0,0.25,0,0.25,0.25,1,LSTM v2
2020-08-14,0.25,0,0,0.25,0,0.25,0.25,1,LSTM v2
2020-08-17,0.25,0,0,0.25,0,0.25,0.25,1,LSTM v2
2020-08-18,0.25,0,0,0.25,0,0.25,0.25,1,LSTM v2
2020-08-19,0.25,0,0,0.25,0,0.25,0.25,1,LSTM v2
2020-08-20,0.25,0,0,0.25,0,0.25,0.25,1,LSTM v2
2020-08-21,0.25,0,0,0.25,0,0.25,0.25,1,LSTM v2
2020-08-24,0.25,0,0,0.25,0,0.25,0.25,1,LSTM v2
2020-08-25,0.25,0,0,0.25,0,0.25,0.25,1,LSTM v2
2020-08-26,0.25,0,0,0.25,0,0.25,0.25,1,LSTM v2
2020-08-27,0.25,0,0,0.25,0,0.25,0.25,1,LSTM v2
2020-08-28,0.25,0,0,0.25,0,0.25,0.25,1,LSTM v2
2020-08-31,0.25,0,0,0.25,0,0.25,0.25,1,LSTM v2
2020-09-01,0.25,0,0,0.25,0,0.25,0.25,1,LSTM v2
2020-09-02,0.25,0,0,0.25,0,0.25,0.25,1,LSTM v2
2020-09-03,0.25,0,0,0.25,0,0.25,0.25,1,LSTM v2
2020-09-04,0.25,0,0,0.25,0,0.25,0.25,1,LSTM v2
2020-09-07,0.25,0,0,0.25,0,0.25,0.25,1,LSTM v2
2020-09-08,0.25,0,0,0.25,0,0.25,0.25,1,LSTM v2
2020-09-09,0.25,0,0,0.25,0,0.25,0.25,1,LSTM v2
2020-09-10,0.25,0,0,0.25,0,0.25,0.25,1,LSTM v2
2020-09-11,0.25,0,0,0.25,0,0.25,0.25,1,LSTM v2
2020-09-14,0.25,0,0,0.25,0,0.25,0.25,1,LSTM v2
2020-09-15,0.25,0,0,0.25,0,0.25,0.25,1,LSTM v2
2020-09-16,0.25,0,0,0.25,0,0.25,0.25,1,LSTM v2
2020-09-17,0.25,0,0,0.25,0,0.25,0.25,1,LSTM v2
2020-09-18,0.25,0,0,0.25,0,0.25,0.25,1,LSTM v2
2020-09-21,0.25,0,0,0.25,0,0.25,0.25,1,LSTM v2
2020-09-22,0.25,0,0,0.25,0,0.25,0.25,1,LSTM v2
2020-09-23,0.25,0,0,0.25,0,0.25,0.25,1,LSTM v2
2020-09-24,0.25,0,0,0.25,0,0.25,0.25,1,LSTM v2
2020-09-25,0.25,0,0,0.25,0,0.25,0.25,1,LSTM v2
2020-09-28,0.25,0,0,0.25,0,0.25,0.25,1,LSTM v2
2020-09-29,0.25,0,0,0.25,0,0.25,0.25,1,LSTM v2
2020-09-30,0.25,0,0,0.25,0,0.25,0.25,1,LSTM v2
2020-10-01,0.25,0,0,0.25,0,0.25,0.25,1,LSTM v2
2020-10-05,0.25,0,0,0.25,0,0.25,0.25,1,LSTM v2
2020-10-06,0.25,0,0,0.25,0,0.25,0.25,1,LSTM v2
2020-10-07,0.25,0,0,0.25,0,0.25,0.25,1,LSTM v2
2020-10-08,0.25,0,0,0.25,0,0.25,0.25,1,LSTM v2
2020-10-09,0.25,0,0,0.25,0,0.25,0.25,1,LSTM v2
2020-10-12,0.25,0,0,0.25,0,0.25,0.25,1,LSTM v2
2020-10-13,0.25,0,0,0.25,0,0.25,0.25,1,LSTM v2
2020-10-14,0.25,0,0,0.25,0,0.25,0.25,1,LSTM v2
2020-10-15,0.25,0,0,0.25,0,0.25,0.25,1,LSTM v2
2020-10-16,0.25,0,0,0.25,0,0.25,0.25,1,LSTM v2
2020-10-19,0.25,0,0,0.25,0,0.25,0.25,1,LSTM v2
2020-10-20,0.25,0,0,0.25,0,0.25,0.25,1,LSTM v2
2020-10-21,0.25,0,0,0.25,0,0.25,0.25,1,LSTM v2
2020-10-22,0.25,0,0,0.25,0,0.25,0.25,1,LSTM v2
2020-10-23,0.25,0,0,0.25,0,0.25,0.25,1,LSTM v2
2020-10-26,0.25,0,0,0.25,0,0.25,0.25,1,LSTM v2
2020-10-27,0.25,0,0,0.25,0,0.25,0.25,1,LSTM v2
2020-10-28,0.25,0,0,0.25,0,0.25,0.25,1,LSTM v2
2020-10-29,0.25,0,0,0.25,0,0.25,0.25,1,LSTM v2
2020-10-30,0.25,0,0,0.25,0,0.25,0.25,1,LSTM v2
2020-11-02,0.25,0,0,0.25,0,0.25,0.25,1,LSTM v2
2020-11-03,0.25,0,0,0.25,0,0.25,0.25,1,LSTM v2
2020-11-04,0.25,0,0,0.25,0,0.25,0.25,1,LSTM v2
2020-11-05,0.25,0,0,0.25,0,0.25,0.25,1,LSTM v2
2020-11-06,0.25,0,0,0.25,0,0.25,0.25,1,LSTM v2
2020-11-09,0.25,0,0,0.25,0,0.25,0.25,1,LSTM v2
2020-11-10,0.25,0,0,0.25,0,0.25,0.25,1,LSTM v2
2020-11-11,0.25,0,0,0.25,0,0.25,0.25,1,LSTM v2
2020-11-12,0.25,0,0,0.25,0,0.25,0.25,1,LSTM v2
2020-11-13,0.25,0,0,0.25,0,0.25,0.25,1,LSTM v2
2020-11-14,0.25,0,0,0.25,0,0.25,0.25,1,LSTM v2
2020-11-17,0.25,0,0,0.25,0,0.25,0.25,1,LSTM v2
2020-11-18,0.25,0,0,0.25,0,0.25,0.25,1,LSTM v2
2020-11-19,0.25,0,0,0.25,0,0.25,0.25,1,LSTM v2
2020-11-20,0.25,0,0,0.25,0,0.25,0.25,1,LSTM v2
2020-11-23,0.25,0,0,0.25,0,0.25,0.25,1,LSTM v2
2020-11-24,0.25,0,0,0.25,0,0.25,0.25,1,LSTM v2
2020-11-25,0.25,0,0,0.25,0,0.25,0.25,1,LSTM v2
2020-11-26,0.25,0,0,0.25,0,0.25,0.25,1,LSTM v2
2020-11-27,0.25,0,0,0.25,0,0.25,0.25,1,LSTM v2
2020-12-01,0.25,0,0,0.25,0,0.25,0.25,1,LSTM v2
2020-12-02,0.25,0,0,0.25,0,0.25,0.25,1,LSTM v2
2020-12-03,0.25,0,0,0.25,0,0.25,0.25,1,LSTM v2
2020-12-04,0.25,0,0,0.25,0,0.25,0.25,1,LSTM v2
2020-12-07,0.25,0,0,0.25,0,0.25,0.25,1,LSTM v2
2020-12-08,0.25,0,0,0.25,0,0.25,0.25,1,LSTM v2
2020-12-09,0.25,0,0,0.25,0,0.25,0.25,1,LSTM v2
2020-12-10,0.25,0,0,0.25,0,0.25,0.25,1,LSTM v2
2020-12-11,0.25,0,0,0.25,0,0.25,0.25,1,LSTM v2
2020-12-14,0.25,0,0,0.25,0,0.25,0.25,1,LSTM v2
2020-12-15,0.25,0,0,0.25,0,0.25,0.25,1,LSTM v2
2020-12-16,0.25,0,0,0.25,0,0.25,0.25,1,LSTM v2
2020-12-17,0.25,0,0,0.25,0,0.25,0.25,1,LSTM v2
2020-12-18,0.25,0,0,0.25,0,0.25,0.25,1,LSTM v2
2020-12-21,0.25,0,0,0.25,0,0.25,0.25,1,LSTM v2
2020-12-22,0.25,0,0,0.25,0,0.25,0.25,1,LSTM v2
2020-12-23,0.25,0,0,0.25,0,0.25,0.25,1,LSTM v2
2020-12-24,0.25,0,0,0.25,0,0.25,0.25,1,LSTM v2
2020-12-28,0.25,0,0,0.25,0,0.25,0.25,1,LSTM v2
2020-12-29,0.25,0,0,0.25,0,0.25,0.25,1,LSTM v2
2020-12-30,0.25,0,0,0.25,0,0.25,0.25,1,LSTM v2
2020-12-31,0.25,0,0,0.25,0,0.25,0.25,1,LSTM v2
2021-01-01,0.25,0,0,0.25,0,0.25,0.25,1,LSTM v2
2021-01-04,0.25,0,0,0.25,0,0.25,0.25,1,LSTM v2
2021-01-05,0.25,0,0,0.25,0,0.25,0.25,1,LSTM v2
2021-01-06,0.25,0,0,0.25,0,0.25,0.25,1,LSTM v2
2021-01-07,0.25,0,0,0.25,0,0.25,0.25,1,LSTM v2
2021-01-08,0.25,0,0,0.25,0,0.25,0.25,1,LSTM v2
2021-01-11,0.25,0,0,0.25,0,0.25,0.25,1,LSTM v2
2021-01-12,0.25,0,0,0.25,0,0.25,0.25,1,LSTM v2
2021-01-13,0.25,0,0,0.25,0,0.25,0.25,1,LSTM v2
2021-01-14,0.25,0,0,0.25,0,0.25,0.25,1,LSTM v2
2021-01-15,0.25,0,0,0.25,0,0.25,0.25,1,LSTM v2
2021-01-18,0.25,0,0,0.25,0,0.25,0.25,1,LSTM v2
2021-01-19,0.25,0,0,0.25,0,0.25,0.25,1,LSTM v2
2021-01-20,0.25,0,0,0.25,0,0.25,0.25,1,LSTM v2
2021-01-21,0.25,0,0,0.25,0,0.25,0.25,1,LSTM v2
2021-01-22,0.25,0,0,0.25,0,0.25,0.25,1,LSTM v2
2021-01-25,0.25,0,0,0.25,0,0.25,0.25,1,LSTM v2
2021-01-27,0.25,0,0,0.25,0,0.25,0.25,1,LSTM v2
2021-01-28,0.25,0,0,0.25,0,0.25,0.25,1,LSTM v2
2021-01-29,0.25,0,0,0.25,0,0.25,0.25,1,LSTM v2
2021-02-01,0.25,0,0,0.25,0,0.25,0.25,1,LSTM v2
2021-02-02,0.25,0,0,0.25,0,0.25,0.25,1,LSTM v2
2021-02-03,0.25,0,0,0.25,0,0.25,0.25,1,LSTM v2
2021-02-04,0.25,0,0,0.25,0,0.25,0.25,1,LSTM v2
2021-02-05,0.25,0,0,0.25,0,0.25,0.25,1,LSTM v2
2021-02-08,0.25,0,0,0.25,0,0.25,0.25,1,LSTM v2
2021-02-09,0.25,0,0,0.25,0,0.25,0.25,1,LSTM v2
2021-02-10,0.25,0,0,0.25,0,0.25,0.25,1,LSTM v2
2021-02-11,0.25,0,0,0.25,0,0.25,0.25,1,LSTM v2
2021-02-12,0.25,0,0,0.25,0,0.25,0.25,1,LSTM v2
2021-02-15,0.25,0,0,0.25,0,0.25,0.25,1,LSTM v2
2021-02-16,0.25,0,0,0.25,0,0.25,0.25,1,LSTM v2
2021-02-17,0.25,0,0,0.25,0,0.25,0.25,1,LSTM v2
2021-02-18,0.25,0,0,0.25,0,0.25,0.25,1,LSTM v2
2021-02-19,0.25,0,0,0.25,0,0.25,0.25,1,LSTM v2
2021-02-22,0.25,0,0,0.25,0,0.25,0.25,1,LSTM v2
2021-02-23,0.25,0,0,0.25,0,0.25,0.25,1,LSTM v2
2021-02-24,0.25,0,0,0.25,0,0.25,0.25,1,LSTM v2
2021-02-25,0.25,0,0,0.25,0,0.25,0.25,1,LSTM v2
2021-02-26,0.25,0,0,0.25,0,0.25,0.25,1,LSTM v2
2021-03-01,0.25,0,0,0.25,0,0.25,0.25,1,LSTM v2
2021-03-02,0.25,0,0,0.25,0,0.25,0.25,1,LSTM v2
2021-03-03,0.25,0,0,0.25,0,0.25,0.25,1,LSTM v2
2021-03-04,0.25,0,0,0.25,0,0.25,0.25,1,LSTM v2
2021-03-05,0.25,0,0,0.25,0,0.25,0.25,1,LSTM v2
2021-03-08,0.25,0,0,0.25,0,0.25,0.25,1,LSTM v2
2021-03-09,0.25,0,0,0.25,0,0.25,0.25,1,LSTM v2
2021-03-10,0.25,0,0,0.25,0,0.25,0.25,1,LSTM v2
2021-03-12,0.25,0,0,0.25,0,0.25,0.25,1,LSTM v2
2021-03-15,0.25,0,0,0.25,0,0.25,0.25,1,LSTM v2
2021-03-16,0.25,0,0,0.25,0,0.25,0.25,1,LSTM v2
2021-03-17,0.25,0,0,0.25,0,0.25,0.25,1,LSTM v2
2021-03-18,0.25,0,0,0.25,0,0.25,0.25,1,LSTM v2
2021-03-19,0.25,0,0,0.25,0,0.25,0.25,1,LSTM v2
2021-03-22,0.25,0,0,0.25,0,0.25,0.25,1,LSTM v2
2021-03-23,0.25,0,0,0.25,0,0.25,0.25,1,LSTM v2
2021-03-24,0.25,0,0,0.25,0,0.25,0.25,1,LSTM v2
2021-03-25,0.25,0,0,0.25,0,0.25,0.25,1,LSTM v2
2021-03-26,0.25,0,0,0.25,0,0.25,0.25,1,LSTM v2
2021-03-30,0.25,0,0,0.25,0,0.25,0.25,1,LSTM v2
2021-03-31,0.25,0,0,0.25,0,0.25,0.25,1,LSTM v2
2021-04-01,0.25,0,0,0.25,0,0.25,0.25,1,LSTM v2
2021-04-05,0.25,0,0,0.25,0,0.25,0.25,1,LSTM v2
2021-04-06,0.25,0,0,0.25,0,0.25,0.25,1,LSTM v2
2021-04-07,0.25,0,0,0.25,0,0.25,0.25,1,LSTM v2
2021-04-08,0.25,0,0,0.25,0,0.25,0.25,1,LSTM v2
2021-04-09,0.25,0,0,0.25,0,0.25,0.25,1,LSTM v2
2021-04-12,0.25,0,0,0.25,0,0.25,0.25,1,LSTM v2
2021-04-13,0.25,0,0,0.25,0,0.25,0.25,1,LSTM v2
2021-04-15,0.25,0,0,0.25,0,0.25,0.25,1,LSTM v2
2021-04-16,0.25,0,0,0.25,0,0.25,0.25,1,LSTM v2
2021-04-19,0.25,0,0,0.25,0,0.25,0.25,1,LSTM v2
2021-04-20,0.25,0,0,0.25,0,0.25,0.25,1,LSTM v2
2021-04-22,0.25,0,0,0.25,0,0.25,0.25,1,LSTM v2
2021-04-23,0.25,0,0,0.25,0,0.25,0.25,1,LSTM v2
2021-04-26,0.25,0,0,0.25,0,0.25,0.25,1,LSTM v2
2021-04-27,0.25,0,0,0.25,0,0.25,0.25,1,LSTM v2
2021-04-28,0.25,0,0,0.25,0,0.25,0.25,1,LSTM v2
2021-04-29,0.25,0,0,0.25,0,0.25,0.25,1,LSTM v2
2021-04-30,0.25,0,0,0.25,0,0.25,0.25,1,LSTM v2
2021-05-03,0.25,0,0,0.25,0,0.25,0.25,1,LSTM v2
2021-05-04,0.25,0,0,0.25,0,0.25,0.25,1,LSTM v2
2021-05-05,0.25,0,0,0.25,0,0.25,0.25,1,LSTM v2
2021-05-06,0.25,0,0,0.25,0,0.25,0.25,1,LSTM v2
2021-05-07,0.25,0,0,0.25,0,0.25,0.25,1,LSTM v2
2021-05-10,0.25,0,0,0.25,0,0.25,0.25,1,LSTM v2
2021-05-11,0.25,0,0,0.25,0,0.25,0.25,1,LSTM v2
2021-05-12,0.25,0,0,0.25,0,0.25,0.25,1,LSTM v2
2021-05-14,0.25,0,0,0.25,0,0.25,0.25,1,LSTM v2
2021-05-17,0.25,0,0,0.25,0,0.25,0.25,1,LSTM v2
2021-05-18,0.25,0,0,0.25,0,0.25,0.25,1,LSTM v2
2021-05-19,0.25,0,0,0.25,0,0.25,0.25,1,LSTM v2
2021-05-20,0.25,0,0,0.25,0,0.25,0.25,1,LSTM v2
2021-05-21,0.25,0,0,0.25,0,0.25,0.25,1,LSTM v2
2021-05-24,0.25,0,0,0.25,0,0.25,0.25,1,LSTM v2
2021-05-25,0.25,0,0,0.25,0,0.25,0.25,1,LSTM v2
2021-05-26,0.25,0,0,0.25,0,0.25,0.25,1,LSTM v2
2021-05-27,0.25,0,0,0.25,0,0.25,0.25,1,LSTM v2
2021-05-28,0.25,0,0,0.25,0,0.25,0.25,1,LSTM v2
2021-05-31,0.25,0,0,0.25,0,0.25,0.25,1,LSTM v2
2021-06-01,0.25,0,0,0.25,0,0.25,0.25,1,LSTM v2
2021-06-02,0.25,0,0,0.25,0,0.25,0.25,1,LSTM v2
2021-06-03,0.25,0,0,0.25,0,0.25,0.25,1,LSTM v2
2021-06-04,0.25,0,0,0.25,0,0.25,0.25,1,LSTM v2
2021-06-07,0.25,0,0,0.25,0,0.25,0.25,1,LSTM v2
2021-06-08,0.25,0,0,0.25,0,0.25,0.25,1,LSTM v2
2021-06-09,0.25,0,0,0.25,0,0.25,0.25,1,LSTM v2
2021-06-10,0.25,0,0,0.25,0,0.25,0.25,1,LSTM v2
2021-06-11,0.25,0,0,0.25,0,0.25,0.25,1,LSTM v2
2021-06-14,0.25,0,0,0.25,0,0.25,0.25,1,LSTM v2
2021-06-15,0.25,0,0,0.25,0,0.25,0.25,1,LSTM v2
2021-06-16,0.25,0,0,0.25,0,0.25,0.25,1,LSTM v2
2021-06-17,0.25,0,0,0.25,0,0.25,0.25,1,LSTM v2
2021-06-18,0.25,0,0,0.25,0,0.25,0.25,1,LSTM v2
2021-06-21,0.25,0,0,0.25,0,0.25,0.25,1,LSTM v2
2021-06-22,0.25,0,0,0.25,0,0.25,0.25,1,LSTM v2
2021-06-23,0.25,0,0,0.25,0,0.25,0.25,1,LSTM v2
2021-06-24,0.25,0,0,0.25,0,0.25,0.25,1,LSTM v2
2021-06-25,0.25,0,0,0.25,0,0.25,0.25,1,LSTM v2
2021-06-28,0.25,0,0,0.25,0,0.25,0.25,1,LSTM v2
2021-06-29,0.25,0,0,0.25,0,0.25,0.25,1,LSTM v2
2021-06-30,0.25,0,0,0.25,0,0.25,0.25,1,LSTM v2
2021-07-01,0.25,0,0,0.25,0,0.25,0.25,1,LSTM v2
2021-07-02,0.25,0,0,0.25,0,0.25,0.25,1,LSTM v2
2021-07-05,0.25,0,0,0.25,0,0.25,0.25,1,LSTM v2
2021-07-06,0.25,0,0,0.25,0,0.25,0.25,1,LSTM v2
2021-07-07,0.25,0,0,0.25,0,0.25,0.25,1,LSTM v2
2021-07-08,0.25,0,0,0.25,0,0.25,0.25,1,LSTM v2
2021-07-09,0.25,0,0,0.25,0,0.25,0.25,1,LSTM v2
2021-07-12,0.25,0,0,0.25,0,0.25,0.25,1,LSTM v2
2021-07-13,0.25,0,0,0.25,0,0.25,0.25,1,LSTM v2
2021-07-14,0.25,0,0,0.25,0,0.25,0.25,1,LSTM v2
2021-07-15,0.25,0,0,0.25,0,0.25,0.25,1,LSTM v2
2021-07-16,0.25,0,0,0.25,0,0.25,0.25,1,LSTM v2
2021-07-19,0.25,0,0,0.25,0,0.25,0.25,1,LSTM v2
2021-07-20,0.25,0,0,0.25,0,0.25,0.25,1,LSTM v2
2021-07-22,0.25,0,0,0.25,0,0.25,0.25,1,LSTM v2
2021-07-23,0.25,0,0,0.25,0,0.25,0.25,1,LSTM v2
2021-07-26,0.25,0,0,0.25,0,0.25,0.25,1,LSTM v2
2021-07-27,0.25,0,0,0.25,0,0.25,0.25,1,LSTM v2
2021-07-28,0.25,0,0,0.25,0,0.25,0.25,1,LSTM v2
2021-07-29,0.25,0,0,0.25,0,0.25,0.25,1,LSTM v2
2021-07-30,0.25,0,0,0.25,0,0.25,0.25,1,LSTM v2
2021-08-02,0.25,0,0,0.25,0,0.25,0.25,1,LSTM v2
2021-08-03,0.25,0,0,0.25,0,0.25,0.25,1,LSTM v2
2021-08-04,0.25,0,0,0.25,0,0.25,0.25,1,LSTM v2
2021-08-05,0.25,0,0,0.25,0,0.25,0.25,1,LSTM v2
2021-08-06,0.25,0,0,0.25,0,0.25,0.25,1,LSTM v2
2021-08-09,0.25,0,0,0.25,0,0.25,0.25,1,LSTM v2
2021-08-10,0.25,0,0,0.25,0,0.25,0.25,1,LSTM v2
2021-08-11,0.25,0,0,0.25,0,0.25,0.25,1,LSTM v2
2021-08-12,0.25,0,0,0.25,0,0.25,0.25,1,LSTM v2
2021-08-13,0.25,0,0,0.25,0,0.25,0.25,1,LSTM v2
2021-08-16,0.25,0,0,0.25,0,0.25,0.25,1,LSTM v2
2021-08-17,0.25,0,0,0.25,0,0.25,0.25,1,LSTM v2
2021-08-18,0.25,0,0,0.25,0,0.25,0.25,1,LSTM v2
2021-08-20,0.25,0,0,0.25,0,0.25,0.25,1,LSTM v2
2021-08-23,0.25,0,0,0.25,0,0.25,0.25,1,LSTM v2
2021-08-24,0.25,0,0,0.25,0,0.25,0.25,1,LSTM v2
2021-08-25,0.25,0,0,0.25,0,0.25,0.25,1,LSTM v2
2021-08-26,0.25,0,0,0.25,0,0.25,0.25,1,LSTM v2
2021-08-27,0.25,0,0,0.25,0,0.25,0.25,1,LSTM v2
2021-08-30,0.25,0,0,0.25,0,0.25,0.25,1,LSTM v2
2021-08-31,0.25,0,0,0.25,0,0.25,0.25,1,LSTM v2
2021-09-01,0.25,0,0,0.25,0,0.25,0.25,1,LSTM v2
2021-09-02,0.25,0,0,0.25,0,0.25,0.25,1,LSTM v2
2021-09-03,0.25,0,0,0.25,0,0.25,0.25,1,LSTM v2
2021-09-06,0.25,0,0,0.25,0,0.25,0.25,1,LSTM v2
2021-09-07,0.25,0,0,0.25,0,0.25,0.25,1,LSTM v2
2021-09-08,0.25,0,0,0.25,0,0.25,0.25,1,LSTM v2
2021-09-09,0.25,0,0,0.25,0,0.25,0.25,1,LSTM v2
2021-09-13,0.25,0,0,0.25,0,0.25,0.25,1,LSTM v2
2021-09-14,0.25,0,0,0.25,0,0.25,0.25,1,LSTM v2
2021-09-15,0.25,0,0,0.25,0,0.25,0.25,1,LSTM v2
2021-09-16,0.25,0,0,0.25,0,0.25,0.25,1,LSTM v2
2021-09-17,0.25,0,0,0.25,0,0.25,0.25,1,LSTM v2
2021-09-20,0.25,0,0,0.25,0,0.25,0.25,1,LSTM v2
2021-09-21,0.25,0,0,0.25,0,0.25,0.25,1,LSTM v2
2021-09-22,0.25,0,0,0.25,0,0.25,0.25,1,LSTM v2
2021-09-23,0.25,0,0,0.25,0,0.25,0.25,1,LSTM v2
2021-09-24,0.25,0,0,0.25,0,0.25,0.25,1,LSTM v2
2021-09-27,0.25,0,0,0.25,0,0.25,0.25,1,LSTM v2
2021-09-28,0.25,0,0,0.25,0,0.25,0.25,1,LSTM v2
2021-09-29,0.25,0,0,0.25,0,0.25,0.25,1,LSTM v2
2021-09-30,0.25,0,0,0.25,0,0.25,0.25,1,LSTM v2
2021-10-01,0.25,0,0,0.25,0,0.25,0.25,1,LSTM v2
2021-10-04,0.25,0,0,0.25,0,0.25,0.25,1,LSTM v2
2021-10-05,0.25,0,0,0.25,0,0.25,0.25,1,LSTM v2
2021-10-06,0.25,0,0,0.25,0,0.25,0.25,1,LSTM v2
2021-10-07,0.25,0,0,0.25,0,0.25,0.25,1,LSTM v2
2021-10-08,0.25,0,0,0.25,0,0.25,0.25,1,LSTM v2
2021-10-11,0.25,0,0,0.25,0,0.25,0.25,1,LSTM v2
2021-10-12,0.25,0,0,0.25,0,0.25,0.25,1,LSTM v2
2021-10-13,0.25,0,0,0.25,0,0.25,0.25,1,LSTM v2
2021-10-14,0.25,0,0,0.25,0,0.25,0.25,1,LSTM v2
2021-10-18,0.25,0,0,0.25,0,0.25,0.25,1,LSTM v2
2021-10-19,0.25,0,0,0.25,0,0.25,0.25,1,LSTM v2
2021-10-20,0.25,0,0,0.25,0,0.25,0.25,1,LSTM v2
2021-10-21,0.25,0,0,0.25,0,0.25,0.25,1,LSTM v2
2021-10-22,0.25,0,0,0.25,0,0.25,0.25,1,LSTM v2
2021-10-25,0.25,0,0,0.25,0,0.25,0.25,1,LSTM v2
2021-10-26,0.25,0,0,0.25,0,0.25,0.25,1,LSTM v2
2021-10-27,0.25,0,0,0.25,0,0.25,0.25,1,LSTM v2
2021-10-28,0.25,0,0,0.25,0,0.25,0.25,1,LSTM v2
2021-10-29,0.25,0,0,0.25,0,0.25,0.25,1,LSTM v2
2021-11-01,0.25,0,0,0.25,0,0.25,0.25,1,LSTM v2
2021-11-02,0.25,0,0,0.25,0,0.25,0.25,1,LSTM v2
2021-11-03,0.25,0,0,0.25,0,0.25,0.25,1,LSTM v2
2021-11-04,0.25,0,0,0.25,0,0.25,0.25,1,LSTM v2
2021-11-08,0.25,0,0,0.25,0,0.25,0.25,1,LSTM v2
2021-11-09,0.25,0,0,0.25,0,0.25,0.25,1,LSTM v2
2021-11-10,0.25,0,0,0.25,0,0.25,0.25,1,LSTM v2
2021-11-11,0.25,0,0,0.25,0,0.25,0.25,1,LSTM v2
2021-11-12,0.25,0,0,0.25,0,0.25,0.25,1,LSTM v2
2021-11-15,0.25,0,0,0.25,0,0.25,0.25,1,LSTM v2
2021-11-16,0.25,0,0,0.25,0,0.25,0.25,1,LSTM v2
2021-11-17,0.25,0,0,0.25,0,0.25,0.25,1,LSTM v2
2021-11-18,0.25,0,0,0.25,0,0.25,0.25,1,LSTM v2
2021-11-22,0.25,0,0,0.25,0,0.25,0.25,1,LSTM v2
2021-11-23,0.25,0,0,0.25,0,0.25,0.25,1,LSTM v2
2021-11-24,0.25,0,0,0.25,0,0.25,0.25,1,LSTM v2
2021-11-25,0.25,0,0,0.25,0,0.25,0.25,1,LSTM v2
2021-11-26,0.25,0,0,0.25,0,0.25,0.25,1,LSTM v2
2021-11-29,0.25,0,0,0.25,0,0.25,0.25,1,LSTM v2
2021-11-30,0.25,0,0,0.25,0,0.25,0.25,1,LSTM v2
2021-12-01,0.25,0,0,0.25,0,0.25,0.25,1,LSTM v2
2021-12-02,0.25,0,0,0.25,0,0.25,0.25,1,LSTM v2
2021-12-03,0.25,0,0,0.25,0,0.25,0.25,1,LSTM v2
2021-12-06,0.25,0,0,0.25,0,0.25,0.25,1,LSTM v2
2021-12-07,0.25,0,0,0.25,0,0.25,0.25,1,LSTM v2
2021-12-08,0.25,0,0,0.25,0,0.25,0.25,1,LSTM v2
2021-12-09,0.25,0,0,0.25,0,0.25,0.25,1,LSTM v2
2021-12-10,0.25,0,0,0.25,0,0.25,0.25,1,LSTM v2
2021-12-13,0.25,0,0,0.25,0,0.25,0.25,1,LSTM v2
2021-12-14,0.25,0,0,0.25,0,0.25,0.25,1,LSTM v2
2021-12-15,0.25,0,0,0.25,0,0.25,0.25,1,LSTM v2
2021-12-16,0.25,0,0,0.25,0,0.25,0.25,1,LSTM v2
2021-12-17,0.25,0,0,0.25,0,0.25,0.25,1,LSTM v2
2021-12-20,0.25,0,0,0.25,0,0.25,0.25,1,LSTM v2
2021-12-21,0.25,0,0,0.25,0,0.25,0.25,1,LSTM v2
2021-12-22,0.25,0,0,0.25,0,0.25,0.25,1,LSTM v2
2021-12-23,0.25,0,0,0.25,0,0.25,0.25,1,LSTM v2
2021-12-24,0.25,0,0,0.25,0,0.25,0.25,1,LSTM v2
2021-12-27,0.25,0,0,0.25,0,0.25,0.25,1,LSTM v2
2021-12-28,0.25,0,0,0.25,0,0.25,0.25,1,LSTM v2
2021-12-29,0.25,0,0,0.25,0,0.25,0.25,1,LSTM v2
2021-12-30,0.25,0,0,0.25,0,0.25,0.25,1,LSTM v2
2021-12-31,0.25,0,0,0.25,0,0.25,0.25,1,LSTM v2
2022-01-03,0.25,0,0,0.25,0,0.25,0.25,1,LSTM v2
2022-01-04,0.25,0,0,0.25,0,0.25,0.25,1,LSTM v2
2022-01-05,0.25,0,0,0.25,0,0.25,0.25,1,LSTM v2
2022-01-06,0.25,0,0,0.25,0,0.25,0.25,1,LSTM v2
2022-01-07,0.25,0,0,0.25,0,0.25,0.25,1,LSTM v2
2022-01-10,0.25,0,0,0.25,0,0.25,0.25,1,LSTM v2
2022-01-11,0.25,0,0,0.25,0,0.25,0.25,1,LSTM v2
2022-01-12,0.25,0,0,0.25,0,0.25,0.25,1,LSTM v2
2022-01-13,0.25,0,0,0.25,0,0.25,0.25,1,LSTM v2
2022-01-14,0.25,0,0,0.25,0,0.25,0.25,1,LSTM v2
2022-01-17,0.25,0,0,0.25,0,0.25,0.25,1,LSTM v2
2022-01-18,0.25,0,0,0.25,0,0.25,0.25,1,LSTM v2
2022-01-19,0.25,0,0,0.25,0,0.25,0.25,1,LSTM v2
2022-01-20,0.25,0,0,0.25,0,0.25,0.25,1,LSTM v2
2022-01-21,0.25,0,0,0.25,0,0.25,0.25,1,LSTM v2
2022-01-24,0.25,0,0,0.25,0,0.25,0.25,1,LSTM v2
2022-01-25,0.25,0,0,0.25,0,0.25,0.25,1,LSTM v2
2022-01-27,0.25,0,0,0.25,0,0.25,0.25,1,LSTM v2
2022-01-28,0.25,0,0,0.25,0,0.25,0.25,1,LSTM v2
2022-01-31,0.25,0,0,0.25,0,0.25,0.25,1,LSTM v2
2022-02-01,0.25,0,0,0.25,0,0.25,0.25,1,LSTM v2
2022-02-02,0.25,0,0,0.25,0,0.25,0.25,1,LSTM v2
2022-02-03,0.25,0,0,0.25,0,0.25,0.25,1,LSTM v2
2022-02-04,0.25,0,0,0.25,0,0.25,0.25,1,LSTM v2
2022-02-07,0.25,0,0,0.25,0,0.25,0.25,1,LSTM v2
2022-02-08,0.25,0,0,0.25,0,0.25,0.25,1,LSTM v2
2022-02-09,0.25,0,0,0.25,0,0.25,0.25,1,LSTM v2
2022-02-10,0.25,0,0,0.25,0,0.25,0.25,1,LSTM v2
2022-02-11,0.25,0,0,0.25,0,0.25,0.25,1,LSTM v2
2022-02-14,0.25,0,0,0.25,0,0.25,0.25,1,LSTM v2
2022-02-15,0.25,0,0,0.25,0,0.25,0.25,1,LSTM v2
2022-02-16,0.25,0,0,0.25,0,0.25,0.25,1,LSTM v2
2022-02-17,0.25,0,0,0.25,0,0.25,0.25,1,LSTM v2
2022-02-18,0.25,0,0,0.25,0,0.25,0.25,1,LSTM v2
2022-02-21,0.25,0,0,0.25,0,0.25,0.25,1,LSTM v2
2022-02-22,0.25,0,0,0.25,0,0.25,0.25,1,LSTM v2
2022-02-23,0.25,0,0,0.25,0,0.25,0.25,1,LSTM v2
2022-02-24,0.25,0,0,0.25,0,0.25,0.25,1,LSTM v2
2022-02-25,0.25,0,0,0.25,0,0.25,0.25,1,LSTM v2
2022-02-28,0.25,0,0,0.25,0,0.25,0.25,1,LSTM v2
2022-03-02,0.25,0,0,0.25,0,0.25,0.25,1,LSTM v2
2022-03-03,0.25,0,0,0.25,0,0.25,0.25,1,LSTM v2
2022-03-04,0.25,0,0,0.25,0,0.25,0.25,1,LSTM v2
2022-03-07,0.25,0,0,0.25,0,0.25,0.25,1,LSTM v2
2022-03-08,0.25,0,0,0.25,0,0.25,0.25,1,LSTM v2
2022-03-09,0.25,0,0,0.25,0,0.25,0.25,1,LSTM v2
2022-03-10,0.25,0,0,0.25,0,0.25,0.25,1,LSTM v2
2022-03-11,0.25,0,0,0.25,0,0.25,0.25,1,LSTM v2
2022-03-14,0.25,0,0,0.25,0,0.25,0.25,1,LSTM v2
2022-03-15,0.25,0,0,0.25,0,0.25,0.25,1,LSTM v2
2022-03-16,0.25,0,0,0.25,0,0.25,0.25,1,LSTM v2
2022-03-17,0.25,0,0,0.25,0,0.25,0.25,1,LSTM v2
2022-03-21,0.25,0,0,0.25,0,0.25,0.25,1,LSTM v2
2022-03-22,0.25,0,0,0.25,0,0.25,0.25,1,LSTM v2
2022-03-23,0.25,0,0,0.25,0,0.25,0.25,1,LSTM v2
2022-03-24,0.25,0,0,0.25,0,0.25,0.25,1,LSTM v2
2022-03-25,0.25,0,0,0.25,0,0.25,0.25,1,LSTM v2
2022-03-28,0.25,0,0,0.25,0,0.25,0.25,1,LSTM v2
2022-03-29,0.25,0,0,0.25,0,0.25,0.25,1,LSTM v2
2022-03-30,0.25,0,0,0.25,0,0.25,0.25,1,LSTM v2
2022-03-31,0.25,0,0,0.25,0,0.25,0.25,1,LSTM v2
2022-04-01,0.1687252249,0,0,0.1616697335,0,0.5037165359,0.1658885057,1,LSTM v2
2022-04-04,0.1685228795,0,0,0.16152291,0,0.5039803982,0.1659738123,1,LSTM v2
2022-04-05,0.1690825348,0,0,0.1620304113,0,0.5014804527,0.1674066012,1,LSTM v2
2022-04-06,0.1700180943,0,0,0.1631934816,0,0.4975472763,0.1692411478,1,LSTM v2
2022-04-07,0.1706154644,0,0,0.1634661406,0,0.4969360232,0.1689823717,1,LSTM v2
2022-04-08,0.1709616929,0,0,0.1633455902,0,0.4969699979,0.168722719,1,LSTM v2
2022-04-11,0.1711190543,0,0,0.1630563785,0,0.4973764866,0.1684480807,1,LSTM v2
2022-04-12,0.1708148718,0,0,0.1623211503,0,0.4996275306,0.1672364473,1,LSTM v2
2022-04-13,0.1720807254,0,0,0.1628956497,0,0.496984452,0.1680391729,1,LSTM v2
2022-04-18,0.1728300899,0,0,0.1627444178,0,0.4961029291,0.1683225632,1,LSTM v2
2022-04-19,0.1736488368,0,0,0.1623614753,0,0.4962666705,0.1677230175,1,LSTM v2
2022-04-20,0.1748779662,0,0,0.1625340085,0,0.4951976986,0.1673903266,1,LSTM v2
2022-04-21,0.1751457103,0,0,0.163482527,0,0.4932909163,0.1680808464,1,LSTM v2
2022-04-22,0.1768869162,0,0,0.1636894196,0,0.4915431738,0.1678804904,1,LSTM v2
2022-04-25,0.1794476685,0,0,0.1637419338,0,0.489331968,0.1674784298,1,LSTM v2
2022-04-26,0.1814985126,0,0,0.1654169708,0,0.4845704734,0.1685140431,1,LSTM v2
2022-04-27,0.1831432757,0,0,0.1656862224,0,0.4831214619,0.16804904,1,LSTM v2
2022-04-28,0.1836000234,0,0,0.1655956507,0,0.4833151996,0.1674891263,1,LSTM v2
2022-04-29,0.1845166413,0,0,0.1656356926,0,0.4825182033,0.1673294629,1,LSTM v2
2022-05-02,0.1854708967,0,0,0.1661771561,0,0.4807185304,0.1676334168,1,LSTM v2
2022-05-04,0.1875182241,0,0,0.1647831947,0,0.4811737239,0.1665248573,1,LSTM v2
2022-05-05,0.1887092171,0,0,0.1663713927,0,0.4775680971,0.1673512931,1,LSTM v2
2022-05-06,0.1887158453,0,0,0.1648352444,0,0.4806249738,0.1658239365,1,LSTM v2
2022-05-09,0.1892051697,0,0,0.1645372361,0,0.4811473489,0.1651102453,1,LSTM v2
2022-05-10,0.1903159945,0,0,0.165083992,0,0.479414649,0.1651853646,1,LSTM v2
2022-05-11,0.1914270549,0,0,0.1659012611,0,0.4771642756,0.1655074085,1,LSTM v2
2022-05-12,0.1923214254,0,0,0.1647700269,0,0.4780308151,0.1648777325,1,LSTM v2
2022-05-13,0.1935106992,0,0,0.1654964263,0,0.476068921,0.1649239535,1,LSTM v2
2022-05-16,0.1941978782,0,0,0.1660898775,0,0.4746856987,0.1650265455,1,LSTM v2
2022-05-17,0.1946542594,0,0,0.1682135064,0,0.4708453732,0.1662868609,1,LSTM v2
2022-05-18,0.1962990434,0,0,0.170170543,0,0.4663749864,0.1671554272,1,LSTM v2
2022-05-19,0.197440818,0,0,0.1697676927,0,0.4652662873,0.167525202,1,LSTM v2
2022-05-20,0.1976092309,0,0,0.1722228527,0,0.4621104002,0.1680575162,1,LSTM v2
2022-05-23,0.1990237802,0,0,0.173561034,0,0.4586882821,0.1687269037,1,LSTM v2
2022-05-24,0.1976617932,0,0,0.1726587466,0,0.4615975756,0.1680818846,1,LSTM v2
2022-05-25,0.1973416656,0,0,0.1722057909,0,0.462435782,0.1680167615,1,LSTM v2
2022-05-26,0.1977176339,0,0,0.1740341161,0,0.4590113393,0.1692369108,1,LSTM v2
2022-05-27,0.1968096316,0,0,0.1747426514,0,0.4590157798,0.1694319372,1,LSTM v2
2022-05-30,0.1952137471,0,0,0.1758375142,0,0.4591590098,0.169789729,1,LSTM v2
2022-05-31,0.195630634,0,0,0.1777696408,0,0.4551946385,0.1714050868,1,LSTM v2
2022-06-01,0.1950860888,0,0,0.1781115952,0,0.4551758996,0.1716264163,1,LSTM v2
2022-06-02,0.1931934953,0,0,0.1776458174,0,0.4579456747,0.1712150127,1,LSTM v2
2022-06-03,0.1919909836,0,0,0.1770088944,0,0.4603534868,0.1706466351,1,LSTM v2
2022-06-06,0.1897059743,0,0,0.1755622994,0,0.4647815914,0.1699501349,1,LSTM v2
2022-06-07,0.1884204801,0,0,0.1741886489,0,0.4679281553,0.1694627157,1,LSTM v2
2022-06-08,0.1868297011,0,0,0.1739354581,0,0.4697887599,0.1694460809,1,LSTM v2
2022-06-09,0.1855985048,0,0,0.1738636021,0,0.4713314403,0.1692064528,1,LSTM v2
2022-06-10,0.1842818707,0,0,0.1728668362,0,0.4740031362,0.1688481569,1,LSTM v2
2022-06-13,0.1833409789,0,0,0.1686914091,0,0.4809798527,0.1669877594,1,LSTM v2
2022-06-14,0.1827556491,0,0,0.1678630114,0,0.4831729233,0.1662084162,1,LSTM v2
2022-06-15,0.1837120503,0,0,0.1676905155,0,0.4824849665,0.1661124676,1,LSTM v2
2022-06-16,0.1845314503,0,0,0.1663454771,0,0.4834853113,0.1656377614,1,LSTM v2
2022-06-17,0.184847191,0,0,0.1673389077,0,0.4817765653,0.166037336,1,LSTM v2
2022-06-20,0.1850622147,0,0,0.1679677963,0,0.4802545011,0.1667154878,1,LSTM v2
2022-06-21,0.1847257642,0,0,0.168617564,0,0.4799911153,0.1666655565,1,LSTM v2
2022-06-22,0.185646412,0,0,0.1688514029,0,0.4784953821,0.1670068031,1,LSTM v2
2022-06-23,0.1857665507,0,0,0.1702965523,0,0.4759706926,0.1679662044,1,LSTM v2
2022-06-24,0.1864768537,0,0,0.1714956586,0,0.473827355,0.1682001327,1,LSTM v2
2022-06-27,0.1846896438,0,0,0.1717293437,0,0.4765526425,0.16702837,1,LSTM v2
2022-06-28,0.1833039997,0,0,0.1720694329,0,0.4772310328,0.1673955346,1,LSTM v2
2022-06-29,0.1832934442,0,0,0.1719269727,0,0.4770819176,0.1676976656,1,LSTM v2
2022-06-30,0.1824756983,0,0,0.1703701441,0,0.4807332086,0.166420949,1,LSTM v2
2022-07-01,0.1816809421,0,0,0.168568323,0,0.4841131722,0.1656375627,1,LSTM v2
2022-07-04,0.1812668118,0,0,0.1693569099,0,0.4839281368,0.1654481416,1,LSTM v2
2022-07-05,0.1809570342,0,0,0.1695618033,0,0.4839991927,0.1654819697,1,LSTM v2
2022-07-06,0.1785515222,0,0,0.1687620704,0,0.4885154592,0.1641709482,1,LSTM v2
2022-07-07,0.1762597982,0,0,0.1675116246,0,0.4929842875,0.1632442897,1,LSTM v2
2022-07-08,0.1754937023,0,0,0.1684054285,0,0.4924684167,0.1636324525,1,LSTM v2
2022-07-11,0.1745126571,0,0,0.1685501213,0,0.4929717257,0.1639654959,1,LSTM v2
2022-07-12,0.1742915336,0,0,0.1691227232,0,0.491881542,0.1647042012,1,LSTM v2
2022-07-13,0.1739816815,0,0,0.1680975854,0,0.4938855767,0.1640351564,1,LSTM v2
2022-07-14,0.173327595,0,0,0.1676158905,0,0.495241493,0.1638150215,1,LSTM v2
2022-07-15,0.1728090048,0,0,0.1672334373,0,0.4962214231,0.1637361348,1,LSTM v2
2022-07-18,0.1718521293,0,0,0.1665093924,0,0.4980790689,0.1635594094,1,LSTM v2
2022-07-19,0.1711035643,0,0,0.1674515133,0,0.4969614372,0.1644834852,1,LSTM v2
2022-07-20,0.1696977416,0,0,0.1664689283,0,0.4996727854,0.1641605447,1,LSTM v2
2022-07-21,0.1689209963,0,0,0.1670879001,0,0.4987946525,0.165196451,1,LSTM v2
2022-07-22,0.1688365613,0,0,0.1674382066,0,0.4976568744,0.1660683577,1,LSTM v2
2022-07-25,0.1675595467,0,0,0.1653883135,0,0.5024898573,0.1645622825,1,LSTM v2
2022-07-26,0.1678167284,0,0,0.165493235,0,0.5022459626,0.164444074,1,LSTM v2
2022-07-27,0.1681561147,0,0,0.1655241524,0,0.5018490478,0.1644706851,1,LSTM v2
2022-07-28,0.168611529,0,0,0.1662361349,0,0.4993952885,0.1657570476,1,LSTM v2
2022-07-29,0.1677420462,0,0,0.1654248709,0,0.5010930374,0.1657400454,1,LSTM v2
2022-08-01,0.1680101628,0,0,0.1661329741,0,0.4981492534,0.1677076096,1,LSTM v2
2022-08-02,0.1678062677,0,0,0.1665948778,0,0.497192204,0.1684066504,1,LSTM v2
2022-08-03,0.1682056487,0,0,0.1667084098,0,0.4961557984,0.1689301431,1,LSTM v2
2022-08-04,0.1687095165,0,0,0.1658762991,0,0.4966749251,0.1687392592,1,LSTM v2
2022-08-05,0.169312415,0,0,0.1660160845,0,0.4950545654,0.1696169351,1,LSTM v2
2022-08-08,0.1696714933,0,0,0.1657187665,0,0.4949374869,0.1696722533,1,LSTM v2
2022-08-10,0.1708614081,0,0,0.1660757512,0,0.4923366308,0.1707262099,1,LSTM v2
2022-08-11,0.1725187523,0,0,0.1669517979,0,0.4878302893,0.1726991606,1,LSTM v2
2022-08-12,0.1737708501,0,0,0.1671394011,0,0.4851171519,0.1739725969,1,LSTM v2
2022-08-16,0.1743953429,0,0,0.1669486364,0,0.4841073896,0.1745486311,1,LSTM v2
2022-08-17,0.1749363218,0,0,0.1672801499,0,0.4818906116,0.1758929167,1,LSTM v2
2022-08-18,0.1759836797,0,0,0.1674583976,0,0.4794485498,0.177109373,1,LSTM v2
2022-08-19,0.176318514,0,0,0.1670306201,0,0.4799399149,0.176710951,1,LSTM v2
2022-08-22,0.176185742,0,0,0.1652628183,0,0.4847501516,0.173801288,1,LSTM v2
2022-08-23,0.1765408814,0,0,0.1651441157,0,0.4856498241,0.1726651788,1,LSTM v2
2022-08-24,0.1775010281,0,0,0.1655261268,0,0.4846016611,0.172371184,1,LSTM v2
2022-08-25,0.1778187954,0,0,0.1653943856,0,0.484602287,0.1721845321,1,LSTM v2
2022-08-26,0.1776498434,0,0,0.1655688609,0,0.4844808055,0.1723004903,1,LSTM v2
2022-08-29,0.1763812181,0,0,0.1644882286,0,0.4890172554,0.1701132979,1,LSTM v2
2022-08-30,0.1763420824,0,0,0.1651772832,0,0.4885498212,0.1699308132,1,LSTM v2
2022-09-01,0.1757255819,0,0,0.1634549821,0,0.4932037963,0.1676156397,1,LSTM v2
2022-09-02,0.1771026525,0,0,0.1647063916,0,0.4902108239,0.167980132,1,LSTM v2
2022-09-05,0.1767725427,0,0,0.1648129895,0,0.4910567622,0.1673577056,1,LSTM v2
2022-09-06,0.1761292193,0,0,0.1649123704,0,0.4920213745,0.1669370358,1,LSTM v2
2022-09-07,0.1762392766,0,0,0.1645725469,0,0.4927828165,0.1664053599,1,LSTM v2
2022-09-08,0.1751232497,0,0,0.1650724013,0,0.4931680707,0.1666362782,1,LSTM v2
2022-09-09,0.1739266541,0,0,0.1649002606,0,0.4948559775,0.1663171078,1,LSTM v2
2022-09-12,0.1733060084,0,0,0.1643603642,0,0.4958129673,0.1665206601,1,LSTM v2
2022-09-13,0.173541141,0,0,0.1647445386,0,0.4941715226,0.1675427978,1,LSTM v2
2022-09-14,0.1739091154,0,0,0.1652441049,0,0.4929984285,0.1678483511,1,LSTM v2
2022-09-15,0.1734902412,0,0,0.1630761921,0,0.4976532161,0.1657803506,1,LSTM v2
2022-09-16,0.1734975278,0,0,0.161875397,0,0.4996695518,0.1649575233,1,LSTM v2
2022-09-19,0.1743674304,0,0,0.1616902673,0,0.4993079975,0.1646343047,1,LSTM v2
2022-09-20,0.1747761544,0,0,0.1622953588,0,0.4980716482,0.1648568387,1,LSTM v2
2022-09-21,0.1743225928,0,0,0.1625155831,0,0.4983781948,0.1647836293,1,LSTM v2
2022-09-22,0.1740689524,0,0,0.1624115359,0,0.4989738316,0.1645456801,1,LSTM v2
2022-09-23,0.1735550735,0,0,0.1627174294,0,0.4991575107,0.1645699864,1,LSTM v2
2022-09-26,0.1732212454,0,0,0.1619791389,0,0.5009540915,0.1638455242,1,LSTM v2
2022-09-27,0.1732307426,0,0,0.1617436308,0,0.5020058305,0.1630197961,1,LSTM v2
2022-09-28,0.1739322964,0,0,0.1621504998,0,0.5003182813,0.1635989224,1,LSTM v2
2022-09-29,0.1744720839,0,0,0.1621579129,0,0.5000004917,0.1633695115,1,LSTM v2
2022-09-30,0.1747274846,0,0,0.1641404629,0,0.496312499,0.1648195535,1,LSTM v2
2022-10-03,0.1750913508,0,0,0.1640831183,0,0.4958957286,0.1649298023,1,LSTM v2
2022-10-04,0.1746789515,0,0,0.1652973145,0,0.4947924614,0.1652312726,1,LSTM v2
2022-10-06,0.1733433533,0,0,0.1660569086,0,0.4948929769,0.1657067611,1,LSTM v2
2022-10-07,0.173052999,0,0,0.1672685022,0,0.4929703249,0.1667081739,1,LSTM v2
2022-10-10,0.1724660818,0,0,0.1671433573,0,0.4941555188,0.1662350421,1,LSTM v2
2022-10-11,0.1740169402,0,0,0.1680590535,0,0.4913771524,0.1665468539,1,LSTM v2
2022-10-12,0.1752645522,0,0,0.168007642,0,0.4903572202,0.1663705856,1,LSTM v2
2022-10-13,0.1769843049,0,0,0.167833815,0,0.4887994382,0.1663824419,1,LSTM v2
2022-10-14,0.1775440004,0,0,0.1674392397,0,0.4886963738,0.166320386,1,LSTM v2
2022-10-17,0.1780385402,0,0,0.1681115205,0,0.4868958963,0.166954043,1,LSTM v2
2022-10-18,0.1765954792,0,0,0.1687713265,0,0.487590313,0.1670428813,1,LSTM v2
2022-10-19,0.1746690869,0,0,0.1684648842,0,0.4900894165,0.1667766124,1,LSTM v2
2022-10-20,0.1743973222,0,0,0.1693978335,0,0.4888636841,0.1673411603,1,LSTM v2
2022-10-21,0.17334457,0,0,0.1677628185,0,0.4927907958,0.1661018158,1,LSTM v2
2022-10-24,0.1721432183,0,0,0.1674293851,0,0.4945021496,0.165925247,1,LSTM v2
2022-10-25,0.1707005079,0,0,0.167132857,0,0.4963384941,0.1658281411,1,LSTM v2
2022-10-27,0.1700364202,0,0,0.167023018,0,0.4967536926,0.1661868691,1,LSTM v2
2022-10-28,0.1693039413,0,0,0.1665717537,0,0.4981741085,0.1659501965,1,LSTM v2
2022-10-31,0.1677219247,0,0,0.1650838827,0,0.5019420907,0.1652521019,1,LSTM v2
2022-11-01,0.1673546458,0,0,0.1648299421,0,0.5021068529,0.1657085592,1,LSTM v2
2022-11-02,0.1673936124,0,0,0.1652211721,0,0.5009512976,0.166433918,1,LSTM v2
2022-11-03,0.1673543155,0,0,0.1649315059,0,0.5016875863,0.1660265923,1,LSTM v2
2022-11-04,0.1680609559,0,0,0.1654292171,0,0.5002551004,0.1662547266,1,LSTM v2
2022-11-07,0.1677039713,0,0,0.1645152718,0,0.5025539994,0.1652267575,1,LSTM v2
2022-11-09,0.167107304,0,0,0.1631785084,0,0.5055179151,0.1641962726,1,LSTM v2
2022-11-10,0.1672905261,0,0,0.1635883028,0,0.5042930321,0.164828139,1,LSTM v2
2022-11-11,0.1664791902,0,0,0.1623777498,0,0.506842986,0.1643000741,1,LSTM v2
2022-11-14,0.1652910213,0,0,0.1620211255,0,0.507914826,0.1647730272,1,LSTM v2
2022-11-15,0.1649842957,0,0,0.1615811087,0,0.5086896723,0.1647449234,1,LSTM v2
2022-11-16,0.1647520114,0,0,0.1614070136,0,0.5089949521,0.1648460229,1,LSTM v2
2022-11-17,0.1644002969,0,0,0.1617791975,0,0.5084181504,0.1654023553,1,LSTM v2
2022-11-18,0.16461505,0,0,0.161306411,0,0.5094311237,0.1646474153,1,LSTM v2
2022-11-21,0.1645901352,0,0,0.1612272114,0,0.5098282099,0.1643544436,1,LSTM v2
2022-11-22,0.1653325806,0,0,0.1617702794,0,0.5079474894,0.1649496506,1,LSTM v2
2022-11-23,0.1658099393,0,0,0.1619006198,0,0.5071581451,0.1651312958,1,LSTM v2
2022-11-24,0.1658932343,0,0,0.161727749,0,0.5070768368,0.1653021798,1,LSTM v2
2022-11-25,0.1661024168,0,0,0.1621354146,0,0.5057251679,0.1660370007,1,LSTM v2
2022-11-28,0.1664856225,0,0,0.1624361575,0,0.5045341849,0.1665440351,1,LSTM v2
2022-11-29,0.1662901143,0,0,0.162279601,0,0.5049332826,0.1664970021,1,LSTM v2
2022-11-30,0.1668585241,0,0,0.1627323478,0,0.5033320785,0.1670770496,1,LSTM v2
2022-12-01,0.166730913,0,0,0.1618648941,0,0.5050636605,0.1663405324,1,LSTM v2
2022-12-02,0.16723153,0,0,0.1623301804,0,0.5028377771,0.1676005125,1,LSTM v2
2022-12-05,0.1680176879,0,0,0.1628818089,0,0.500084348,0.1690161551,1,LSTM v2
2022-12-06,0.1683156912,0,0,0.1631294614,0,0.4988556132,0.1696992342,1,LSTM v2
2022-12-07,0.1688790594,0,0,0.1635833358,0,0.4971060977,0.1704315071,1,LSTM v2
2022-12-08,0.1696241745,0,0,0.1640376102,0,0.4955814035,0.1707568118,1,LSTM v2
2022-12-09,0.1700880055,0,0,0.164212582,0,0.4945852087,0.1711142038,1,LSTM v2
2022-12-12,0.1714918788,0,0,0.1646583552,0,0.4918856992,0.1719640668,1,LSTM v2
2022-12-13,0.1723536078,0,0,0.1650781756,0,0.489679061,0.1728891556,1,LSTM v2
2022-12-14,0.1732101738,0,0,0.1660265923,0,0.4861334562,0.1746297777,1,LSTM v2
2022-12-15,0.173303803,0,0,0.165319999,0,0.4876547303,0.1737214677,1,LSTM v2
2022-12-16,0.1741080407,0,0,0.1660131787,0,0.4861177432,0.1737610374,1,LSTM v2
2022-12-19,0.1749929734,0,0,0.1667959938,0,0.484036908,0.1741741248,1,LSTM v2
2022-12-20,0.1754943106,0,0,0.1671634143,0,0.483248763,0.1740935121,1,LSTM v2
2022-12-21,0.1764989916,0,0,0.1668381368,0,0.4834479618,0.1732149098,1,LSTM v2
2022-12-22,0.1769723323,0,0,0.1666709508,0,0.4832885933,0.1730681237,1,LSTM v2
2022-12-23,0.1774844703,0,0,0.1646876658,0,0.4863639546,0.1714639093,1,LSTM v2
2022-12-26,0.1782281127,0,0,0.1652444924,0,0.4846240056,0.1719033893,1,LSTM v2
2022-12-27,0.179703283,0,0,0.1669641162,0,0.4791148376,0.1742177632,1,LSTM v2
2022-12-28,0.1820108593,0,0,0.1688508838,0,0.4728251398,0.1763131171,1,LSTM v2
2022-12-29,0.1839820946,0,0,0.1699432036,0,0.468572869,0.1775018328,1,LSTM v2
2022-12-30,0.186731562,0,0,0.171835646,0,0.4622224569,0.179210335,1,LSTM v2
2023-01-02,0.1870577838,0,0,0.1720130346,0,0.4623787541,0.1785504275,1,LSTM v2
2023-01-03,0.1873534415,0,0,0.1723047295,0,0.4617544871,0.1785873419,1,LSTM v2
2023-01-04,0.1863047183,0,0,0.1714391559,0,0.4645936489,0.1776624769,1,LSTM v2
2023-01-05,0.1845506932,0,0,0.1705466411,0,0.4690494379,0.1758532278,1,LSTM v2
2023-01-06,0.1843223423,0,0,0.1701973528,0,0.470138371,0.175341934,1,LSTM v2
2023-01-09,0.184529746,0,0,0.1709277281,0,0.4693846265,0.1751578994,1,LSTM v2
2023-01-10,0.1859344365,0,0,0.1705330436,0,0.4675494959,0.175983024,1,LSTM v2
2023-01-11,0.1885695812,0,0,0.1716791145,0,0.4620697934,0.177681511,1,LSTM v2
2023-01-12,0.1911315591,0,0,0.172350866,0,0.4575529626,0.1789646122,1,LSTM v2
2023-01-13,0.1926789461,0,0,0.1734436925,0,0.4528979727,0.1809793887,1,LSTM v2
2023-01-16,0.1945871115,0,0,0.1725316495,0,0.4512462318,0.1816350073,1,LSTM v2
2023-01-17,0.1963501245,0,0,0.1747255001,0,0.4449208909,0.1840034845,1,LSTM v2
2023-01-18,0.1980544031,0,0,0.1766970903,0,0.4383993745,0.1868491322,1,LSTM v2
2023-01-19,0.2003972501,0,0,0.1784963283,0,0.4319187636,0.189187658,1,LSTM v2
2023-01-20,0.2036707669,0,0,0.179172692,0,0.4272852774,0.1898712637,1,LSTM v2
2023-01-23,0.2048079998,0,0,0.1798162934,0,0.4248514537,0.1905242531,1,LSTM v2
2023-01-24,0.2053824992,0,0,0.1794057664,0,0.4236152235,0.1915965109,1,LSTM v2
2023-01-25,0.2068710327,0,0,0.1781776696,0,0.4225828946,0.1923684031,1,LSTM v2
2023-01-27,0.210412565,0,0,0.1757844862,0,0.4212877217,0.1925152271,1,LSTM v2
2023-01-30,0.2108477621,0,0,0.1766450975,0,0.4166646836,0.1958424569,1,LSTM v2
2023-01-31,0.2122716786,0,0,0.1777259138,0,0.4112135531,0.1987888545,1,LSTM v2
2023-02-01,0.2147939737,0,0,0.1772740728,0,0.4068972347,0.2010347187,1,LSTM v2
2023-02-02,0.2195033282,0,0,0.178353548,0,0.3915541172,0.2105890065,1,LSTM v2
2023-02-03,0.2198188338,0,0,0.181247237,0,0.3752378281,0.2236961011,1,LSTM v2
2023-02-06,0.2202951676,0,0,0.1836572195,0,0.3570077526,0.2390398603,1,LSTM v2
2023-02-07,0.2195654926,0,0,0.1851990791,0,0.3468704768,0.2483649515,1,LSTM v2
2023-02-08,0.2190867299,0,0,0.1866790299,0,0.3395203549,0.2547138853,1,LSTM v2
2023-02-09,0.2194343805,0,0,0.1885617077,0,0.3311220407,0.260881871,1,LSTM v2
2023-02-10,0.2177729872,0,0,0.1900228383,0,0.3310516725,0.261152502,1,LSTM v2
2023-02-13,0.2180073857,0,0,0.190186739,0,0.3370888531,0.2547170222,1,LSTM v2
2023-02-14,0.2155054361,0,0,0.1907670945,0,0.3451387882,0.2485886812,1,LSTM v2
2023-02-15,0.2140343189,0,0,0.1917004287,0,0.3467649817,0.2475002706,1,LSTM v2
2023-02-16,0.2124152662,0,0,0.190722826,0,0.353768205,0.2430937028,1,LSTM v2
2023-02-17,0.2102764218,0,0,0.1902273865,0,0.362474913,0.2370212788,1,LSTM v2
2023-02-20,0.2090869695,0,0,0.1908834279,0,0.3674919605,0.2325376421,1,LSTM v2
2023-02-21,0.208506596,0,0,0.1916100354,0,0.3687975352,0.2310858334,1,LSTM v2
2023-02-22,0.2082963766,0,0,0.1888680188,0,0.380770838,0.2220647666,1,LSTM v2
2023-02-23,0.2088347258,0,0,0.1904100953,0,0.384158617,0.2165965619,1,LSTM v2
2023-02-24,0.2088260055,0,0,0.1921999156,0,0.3851113617,0.2138627172,1,LSTM v2
2023-02-27,0.2094100565,0,0,0.191039294,0,0.3890637755,0.210486874,1,LSTM v2
2023-02-28,0.2098115087,0,0,0.1910928935,0,0.3921026886,0.2069929093,1,LSTM v2
2023-03-01,0.2068646519,0,0,0.1925683142,0,0.3946977497,0.2058692842,1,LSTM v2
2023-03-02,0.2067064314,0,0,0.1922384621,0,0.3965530336,0.2045020729,1,LSTM v2
2023-03-03,0.2060122757,0,0,0.1948618413,0,0.3943651856,0.2047606974,1,LSTM v2
2023-03-06,0.2061150999,0,0,0.1943104296,0,0.3941424846,0.2054319859,1,LSTM v2
2023-03-08,0.2069235084,0,0,0.1946304681,0,0.3920954349,0.2063505886,1,LSTM v2
2023-03-09,0.2087727903,0,0,0.1925635905,0,0.3953295887,0.2033340305,1,LSTM v2
2023-03-10,0.2111914605,0,0,0.1896273196,0,0.3991871774,0.1999940425,1,LSTM v2
2023-03-13,0.2100749463,0,0,0.1837386936,0,0.4150494933,0.1911368668,1,LSTM v2
2023-03-14,0.2079108326,0,0,0.1810101989,0,0.4245640274,0.1865149411,1,LSTM v2
2023-03-15,0.2051794709,0,0,0.1810607937,0,0.4285565083,0.1852032272,1,LSTM v2
2023-03-16,0.2036774636,0,0,0.1823874888,0,0.4264581565,0.1874768911,1,LSTM v2
2023-03-17,0.2021155506,0,0,0.1854254752,0,0.4202975035,0.1921614707,1,LSTM v2
2023-03-20,0.2047603696,0,0,0.1831380251,0,0.4173335967,0.1947680087,1,LSTM v2
2023-03-21,0.202866158,0,0,0.1834249551,0,0.4155376081,0.1981712788,1,LSTM v2
2023-03-22,0.2069492222,0,0,0.1837684241,0,0.4100477757,0.199234578,1,LSTM v2
2023-03-23,0.2101132156,0,0,0.1836710749,0,0.4043572307,0.2018584788,1,LSTM v2
2023-03-24,0.213609457,0,0,0.1838944107,0,0.3980701268,0.2044260055,1,LSTM v2
2023-03-27,0.2177463355,0,0,0.1871582894,0,0.381348556,0.2137468191,1,LSTM v2
2023-03-28,0.2212547329,0,0,0.1880160691,0,0.3754655365,0.2152636615,1,LSTM v2
2023-03-29,0.2197414967,0,0,0.1891681431,0,0.3719661589,0.2191242012,1,LSTM v2
2023-03-31,0.2178562614,0,0,0.1911477922,0,0.3654963727,0.2254995737,1,LSTM v2
2023-04-03,0.25,0,0,0.25,0,0.25,0.25,1,LSTM v2
2023-04-05,0.25,0,0,0.25,0,0.25,0.25,1,LSTM v2
2023-04-06,0.25,0,0,0.25,0,0.25,0.25,1,LSTM v2
2023-04-10,0.25,0,0,0.25,0,0.25,0.25,1,LSTM v2
2023-04-11,0.25,0,0,0.25,0,0.25,0.25,1,LSTM v2
2023-04-12,0.25,0,0,0.25,0,0.25,0.25,1,LSTM v2
2023-04-13,0.25,0,0,0.25,0,0.25,0.25,1,LSTM v2
2023-04-17,0.25,0,0,0.25,0,0.25,0.25,1,LSTM v2
2023-04-18,0.25,0,0,0.25,0,0.25,0.25,1,LSTM v2
2023-04-19,0.25,0,0,0.25,0,0.25,0.25,1,LSTM v2
2023-04-20,0.25,0,0,0.25,0,0.25,0.25,1,LSTM v2
2023-04-21,0.25,0,0,0.25,0,0.25,0.25,1,LSTM v2
2023-04-24,0.25,0,0,0.25,0,0.25,0.25,1,LSTM v2
2023-04-25,0.25,0,0,0.25,0,0.25,0.25,1,LSTM v2
2023-04-26,0.25,0,0,0.25,0,0.25,0.25,1,LSTM v2
2023-04-27,0.25,0,0,0.25,0,0.25,0.25,1,LSTM v2
2023-04-28,0.25,0,0,0.25,0,0.25,0.25,1,LSTM v2
2023-05-02,0.25,0,0,0.25,0,0.25,0.25,1,LSTM v2
2023-05-03,0.25,0,0,0.25,0,0.25,0.25,1,LSTM v2
2023-05-04,0.25,0,0,0.25,0,0.25,0.25,1,LSTM v2
2023-05-05,0.25,0,0,0.25,0,0.25,0.25,1,LSTM v2
2023-05-08,0.25,0,0,0.25,0,0.25,0.25,1,LSTM v2
2023-05-09,0.25,0,0,0.25,0,0.25,0.25,1,LSTM v2
2023-05-10,0.25,0,0,0.25,0,0.25,0.25,1,LSTM v2
2023-05-11,0.25,0,0,0.25,0,0.25,0.25,1,LSTM v2
2023-05-12,0.25,0,0,0.25,0,0.25,0.25,1,LSTM v2
2023-05-15,0.25,0,0,0.25,0,0.25,0.25,1,LSTM v2
2023-05-16,0.25,0,0,0.25,0,0.25,0.25,1,LSTM v2
2023-05-17,0.25,0,0,0.25,0,0.25,0.25,1,LSTM v2
2023-05-18,0.25,0,0,0.25,0,0.25,0.25,1,LSTM v2
2023-05-19,0.25,0,0,0.25,0,0.25,0.25,1,LSTM v2
2023-05-22,0.25,0,0,0.25,0,0.25,0.25,1,LSTM v2
2023-05-23,0.25,0,0,0.25,0,0.25,0.25,1,LSTM v2
2023-05-24,0.25,0,0,0.25,0,0.25,0.25,1,LSTM v2
2023-05-25,0.25,0,0,0.25,0,0.25,0.25,1,LSTM v2
2023-05-26,0.25,0,0,0.25,0,0.25,0.25,1,LSTM v2
2023-05-29,0.25,0,0,0.25,0,0.25,0.25,1,LSTM v2
2023-05-30,0.25,0,0,0.25,0,0.25,0.25,1,LSTM v2
2023-05-31,0.25,0,0,0.25,0,0.25,0.25,1,LSTM v2
2023-06-01,0.25,0,0,0.25,0,0.25,0.25,1,LSTM v2
2023-06-02,0.25,0,0,0.25,0,0.25,0.25,1,LSTM v2
2023-06-05,0.25,0,0,0.25,0,0.25,0.25,1,LSTM v2
2023-06-06,0.25,0,0,0.25,0,0.25,0.25,1,LSTM v2
2023-06-07,0.25,0,0,0.25,0,0.25,0.25,1,LSTM v2
2023-06-08,0.25,0,0,0.25,0,0.25,0.25,1,LSTM v2
2023-06-09,0.25,0,0,0.25,0,0.25,0.25,1,LSTM v2
2023-06-12,0.25,0,0,0.25,0,0.25,0.25,1,LSTM v2
2023-06-13,0.25,0,0,0.25,0,0.25,0.25,1,LSTM v2
2023-06-14,0.25,0,0,0.25,0,0.25,0.25,1,LSTM v2
2023-06-15,0.25,0,0,0.25,0,0.25,0.25,1,LSTM v2
2023-06-16,0.25,0,0,0.25,0,0.25,0.25,1,LSTM v2
2023-06-19,0.25,0,0,0.25,0,0.25,0.25,1,LSTM v2
2023-06-20,0.25,0,0,0.25,0,0.25,0.25,1,LSTM v2
2023-06-21,0.25,0,0,0.25,0,0.25,0.25,1,LSTM v2
2023-06-22,0.25,0,0,0.25,0,0.25,0.25,1,LSTM v2
2023-06-23,0.25,0,0,0.25,0,0.25,0.25,1,LSTM v2
2023-06-26,0.25,0,0,0.25,0,0.25,0.25,1,LSTM v2
2023-06-27,0.25,0,0,0.25,0,0.25,0.25,1,LSTM v2
2023-06-28,0.25,0,0,0.25,0,0.25,0.25,1,LSTM v2
2023-06-30,0.25,0,0,0.25,0,0.25,0.25,1,LSTM v2
2023-07-03,0.25,0,0,0.25,0,0.25,0.25,1,LSTM v2
2023-07-04,0.25,0,0,0.25,0,0.25,0.25,1,LSTM v2
2023-07-05,0.25,0,0,0.25,0,0.25,0.25,1,LSTM v2
2023-07-06,0.25,0,0,0.25,0,0.25,0.25,1,LSTM v2
2023-07-07,0.25,0,0,0.25,0,0.25,0.25,1,LSTM v2
2023-07-10,0.25,0,0,0.25,0,0.25,0.25,1,LSTM v2
2023-07-11,0.25,0,0,0.25,0,0.25,0.25,1,LSTM v2
2023-07-12,0.25,0,0,0.25,0,0.25,0.25,1,LSTM v2
2023-07-13,0.25,0,0,0.25,0,0.25,0.25,1,LSTM v2
2023-07-14,0.25,0,0,0.25,0,0.25,0.25,1,LSTM v2
2023-07-17,0.25,0,0,0.25,0,0.25,0.25,1,LSTM v2
2023-07-18,0.25,0,0,0.25,0,0.25,0.25,1,LSTM v2
2023-07-19,0.25,0,0,0.25,0,0.25,0.25,1,LSTM v2
2023-07-20,0.25,0,0,0.25,0,0.25,0.25,1,LSTM v2
2023-07-21,0.25,0,0,0.25,0,0.25,0.25,1,LSTM v2
2023-07-24,0.25,0,0,0.25,0,0.25,0.25,1,LSTM v2
2023-07-25,0.25,0,0,0.25,0,0.25,0.25,1,LSTM v2
2023-07-26,0.25,0,0,0.25,0,0.25,0.25,1,LSTM v2
2023-07-27,0.25,0,0,0.25,0,0.25,0.25,1,LSTM v2
2023-07-28,0.25,0,0,0.25,0,0.25,0.25,1,LSTM v2
2023-07-31,0.25,0,0,0.25,0,0.25,0.25,1,LSTM v2
2023-08-01,0.25,0,0,0.25,0,0.25,0.25,1,LSTM v2
2023-08-02,0.25,0,0,0.25,0,0.25,0.25,1,LSTM v2
2023-08-03,0.25,0,0,0.25,0,0.25,0.25,1,LSTM v2
2023-08-04,0.25,0,0,0.25,0,0.25,0.25,1,LSTM v2
2023-08-07,0.25,0,0,0.25,0,0.25,0.25,1,LSTM v2
2023-08-08,0.25,0,0,0.25,0,0.25,0.25,1,LSTM v2
2023-08-09,0.25,0,0,0.25,0,0.25,0.25,1,LSTM v2
2023-08-10,0.25,0,0,0.25,0,0.25,0.25,1,LSTM v2
2023-08-11,0.25,0,0,0.25,0,0.25,0.25,1,LSTM v2
2023-08-14,0.25,0,0,0.25,0,0.25,0.25,1,LSTM v2
2023-08-16,0.25,0,0,0.25,0,0.25,0.25,1,LSTM v2
2023-08-17,0.25,0,0,0.25,0,0.25,0.25,1,LSTM v2
2023-08-18,0.25,0,0,0.25,0,0.25,0.25,1,LSTM v2
2023-08-21,0.25,0,0,0.25,0,0.25,0.25,1,LSTM v2
2023-08-22,0.25,0,0,0.25,0,0.25,0.25,1,LSTM v2
2023-08-23,0.25,0,0,0.25,0,0.25,0.25,1,LSTM v2
2023-08-24,0.25,0,0,0.25,0,0.25,0.25,1,LSTM v2
2023-08-25,0.25,0,0,0.25,0,0.25,0.25,1,LSTM v2
2023-08-28,0.25,0,0,0.25,0,0.25,0.25,1,LSTM v2
2023-08-29,0.25,0,0,0.25,0,0.25,0.25,1,LSTM v2
2023-08-30,0.25,0,0,0.25,0,0.25,0.25,1,LSTM v2
2023-08-31,0.25,0,0,0.25,0,0.25,0.25,1,LSTM v2
2023-09-01,0.25,0,0,0.25,0,0.25,0.25,1,LSTM v2
2023-09-04,0.25,0,0,0.25,0,0.25,0.25,1,LSTM v2
2023-09-05,0.25,0,0,0.25,0,0.25,0.25,1,LSTM v2
2023-09-06,0.25,0,0,0.25,0,0.25,0.25,1,LSTM v2
2023-09-07,0.25,0,0,0.25,0,0.25,0.25,1,LSTM v2
2023-09-08,0.25,0,0,0.25,0,0.25,0.25,1,LSTM v2
2023-09-11,0.25,0,0,0.25,0,0.25,0.25,1,LSTM v2
2023-09-12,0.25,0,0,0.25,0,0.25,0.25,1,LSTM v2
2023-09-13,0.25,0,0,0.25,0,0.25,0.25,1,LSTM v2
2023-09-14,0.25,0,0,0.25,0,0.25,0.25,1,LSTM v2
2023-09-15,0.25,0,0,0.25,0,0.25,0.25,1,LSTM v2
2023-09-18,0.25,0,0,0.25,0,0.25,0.25,1,LSTM v2
2023-09-20,0.25,0,0,0.25,0,0.25,0.25,1,LSTM v2
2023-09-21,0.25,0,0,0.25,0,0.25,0.25,1,LSTM v2
2023-09-22,0.25,0,0,0.25,0,0.25,0.25,1,LSTM v2
2023-09-25,0.25,0,0,0.25,0,0.25,0.25,1,LSTM v2
2023-09-26,0.25,0,0,0.25,0,0.25,0.25,1,LSTM v2
2023-09-27,0.25,0,0,0.25,0,0.25,0.25,1,LSTM v2
2023-09-28,0.25,0,0,0.25,0,0.25,0.25,1,LSTM v2
2023-09-29,0.25,0,0,0.25,0,0.25,0.25,1,LSTM v2
2023-10-03,0.25,0,0,0.25,0,0.25,0.25,1,LSTM v2
2023-10-04,0.25,0,0,0.25,0,0.25,0.25,1,LSTM v2
2023-10-05,0.25,0,0,0.25,0,0.25,0.25,1,LSTM v2
2023-10-06,0.25,0,0,0.25,0,0.25,0.25,1,LSTM v2
2023-10-09,0.25,0,0,0.25,0,0.25,0.25,1,LSTM v2
2023-10-10,0.25,0,0,0.25,0,0.25,0.25,1,LSTM v2
2023-10-11,0.25,0,0,0.25,0,0.25,0.25,1,LSTM v2
2023-10-12,0.25,0,0,0.25,0,0.25,0.25,1,LSTM v2
2023-10-13,0.25,0,0,0.25,0,0.25,0.25,1,LSTM v2
2023-10-16,0.25,0,0,0.25,0,0.25,0.25,1,LSTM v2
2023-10-17,0.25,0,0,0.25,0,0.25,0.25,1,LSTM v2
2023-10-18,0.25,0,0,0.25,0,0.25,0.25,1,LSTM v2
2023-10-19,0.25,0,0,0.25,0,0.25,0.25,1,LSTM v2
2023-10-20,0.25,0,0,0.25,0,0.25,0.25,1,LSTM v2
2023-10-23,0.25,0,0,0.25,0,0.25,0.25,1,LSTM v2
2023-10-25,0.25,0,0,0.25,0,0.25,0.25,1,LSTM v2
2023-10-26,0.25,0,0,0.25,0,0.25,0.25,1,LSTM v2
2023-10-27,0.25,0,0,0.25,0,0.25,0.25,1,LSTM v2
2023-10-30,0.25,0,0,0.25,0,0.25,0.25,1,LSTM v2
2023-10-31,0.25,0,0,0.25,0,0.25,0.25,1,LSTM v2
2023-11-01,0.25,0,0,0.25,0,0.25,0.25,1,LSTM v2
2023-11-02,0.25,0,0,0.25,0,0.25,0.25,1,LSTM v2
2023-11-03,0.25,0,0,0.25,0,0.25,0.25,1,LSTM v2
2023-11-06,0.25,0,0,0.25,0,0.25,0.25,1,LSTM v2
2023-11-07,0.25,0,0,0.25,0,0.25,0.25,1,LSTM v2
2023-11-08,0.25,0,0,0.25,0,0.25,0.25,1,LSTM v2
2023-11-09,0.25,0,0,0.25,0,0.25,0.25,1,LSTM v2
2023-11-10,0.25,0,0,0.25,0,0.25,0.25,1,LSTM v2
2023-11-12,0.25,0,0,0.25,0,0.25,0.25,1,LSTM v2
2023-11-13,0.25,0,0,0.25,0,0.25,0.25,1,LSTM v2
2023-11-15,0.25,0,0,0.25,0,0.25,0.25,1,LSTM v2
2023-11-16,0.25,0,0,0.25,0,0.25,0.25,1,LSTM v2
2023-11-17,0.25,0,0,0.25,0,0.25,0.25,1,LSTM v2
2023-11-20,0.25,0,0,0.25,0,0.25,0.25,1,LSTM v2
2023-11-21,0.25,0,0,0.25,0,0.25,0.25,1,LSTM v2
2023-11-22,0.25,0,0,0.25,0,0.25,0.25,1,LSTM v2
2023-11-23,0.25,0,0,0.25,0,0.25,0.25,1,LSTM v2
2023-11-24,0.25,0,0,0.25,0,0.25,0.25,1,LSTM v2
2023-11-28,0.25,0,0,0.25,0,0.25,0.25,1,LSTM v2
2023-11-29,0.25,0,0,0.25,0,0.25,0.25,1,LSTM v2
2023-11-30,0.25,0,0,0.25,0,0.25,0.25,1,LSTM v2
2023-12-01,0.25,0,0,0.25,0,0.25,0.25,1,LSTM v2
2023-12-04,0.25,0,0,0.25,0,0.25,0.25,1,LSTM v2
2023-12-05,0.25,0,0,0.25,0,0.25,0.25,1,LSTM v2
2023-12-06,0.25,0,0,0.25,0,0.25,0.25,1,LSTM v2
2023-12-07,0.25,0,0,0.25,0,0.25,0.25,1,LSTM v2
2023-12-08,0.25,0,0,0.25,0,0.25,0.25,1,LSTM v2
2023-12-11,0.25,0,0,0.25,0,0.25,0.25,1,LSTM v2
2023-12-12,0.25,0,0,0.25,0,0.25,0.25,1,LSTM v2
2023-12-13,0.25,0,0,0.25,0,0.25,0.25,1,LSTM v2
2023-12-14,0.25,0,0,0.25,0,0.25,0.25,1,LSTM v2
2023-12-15,0.25,0,0,0.25,0,0.25,0.25,1,LSTM v2
2023-12-18,0.25,0,0,0.25,0,0.25,0.25,1,LSTM v2
2023-12-19,0.25,0,0,0.25,0,0.25,0.25,1,LSTM v2
2023-12-20,0.25,0,0,0.25,0,0.25,0.25,1,LSTM v2
2023-12-21,0.25,0,0,0.25,0,0.25,0.25,1,LSTM v2
2023-12-22,0.25,0,0,0.25,0,0.25,0.25,1,LSTM v2
2023-12-26,0.25,0,0,0.25,0,0.25,0.25,1,LSTM v2
2023-12-27,0.25,0,0,0.25,0,0.25,0.25,1,LSTM v2
2023-12-28,0.25,0,0,0.25,0,0.25,0.25,1,LSTM v2
2023-12-29,0.25,0,0,0.25,0,0.25,0.25,1,LSTM v2
2024-01-01,0.25,0,0,0.25,0,0.25,0.25,1,LSTM v2
2024-01-02,0.25,0,0,0.25,0,0.25,0.25,1,LSTM v2
2024-01-03,0.25,0,0,0.25,0,0.25,0.25,1,LSTM v2
2024-01-04,0.25,0,0,0.25,0,0.25,0.25,1,LSTM v2
2024-01-05,0.25,0,0,0.25,0,0.25,0.25,1,LSTM v2
2024-01-08,0.25,0,0,0.25,0,0.25,0.25,1,LSTM v2
2024-01-09,0.25,0,0,0.25,0,0.25,0.25,1,LSTM v2
2024-01-10,0.25,0,0,0.25,0,0.25,0.25,1,LSTM v2
2024-01-11,0.25,0,0,0.25,0,0.25,0.25,1,LSTM v2
2024-01-12,0.25,0,0,0.25,0,0.25,0.25,1,LSTM v2
2024-01-15,0.25,0,0,0.25,0,0.25,0.25,1,LSTM v2
2024-01-16,0.25,0,0,0.25,0,0.25,0.25,1,LSTM v2
2024-01-17,0.25,0,0,0.25,0,0.25,0.25,1,LSTM v2
2024-01-18,0.25,0,0,0.25,0,0.25,0.25,1,LSTM v2
2024-01-19,0.25,0,0,0.25,0,0.25,0.25,1,LSTM v2
2024-01-20,0.25,0,0,0.25,0,0.25,0.25,1,LSTM v2
2024-01-23,0.25,0,0,0.25,0,0.25,0.25,1,LSTM v2
2024-01-24,0.25,0,0,0.25,0,0.25,0.25,1,LSTM v2
2024-01-25,0.25,0,0,0.25,0,0.25,0.25,1,LSTM v2
2024-01-29,0.25,0,0,0.25,0,0.25,0.25,1,LSTM v2
2024-01-30,0.25,0,0,0.25,0,0.25,0.25,1,LSTM v2
2024-01-31,0.25,0,0,0.25,0,0.25,0.25,1,LSTM v2
2024-02-01,0.25,0,0,0.25,0,0.25,0.25,1,LSTM v2
2024-02-02,0.25,0,0,0.25,0,0.25,0.25,1,LSTM v2
2024-02-05,0.25,0,0,0.25,0,0.25,0.25,1,LSTM v2
2024-02-06,0.25,0,0,0.25,0,0.25,0.25,1,LSTM v2
2024-02-07,0.25,0,0,0.25,0,0.25,0.25,1,LSTM v2
2024-02-08,0.25,0,0,0.25,0,0.25,0.25,1,LSTM v2
2024-02-09,0.25,0,0,0.25,0,0.25,0.25,1,LSTM v2
2024-02-12,0.25,0,0,0.25,0,0.25,0.25,1,LSTM v2
2024-02-13,0.25,0,0,0.25,0,0.25,0.25,1,LSTM v2
2024-02-14,0.25,0,0,0.25,0,0.25,0.25,1,LSTM v2
2024-02-15,0.25,0,0,0.25,0,0.25,0.25,1,LSTM v2
2024-02-16,0.25,0,0,0.25,0,0.25,0.25,1,LSTM v2
2024-02-19,0.25,0,0,0.25,0,0.25,0.25,1,LSTM v2
2024-02-20,0.25,0,0,0.25,0,0.25,0.25,1,LSTM v2
2024-02-21,0.25,0,0,0.25,0,0.25,0.25,1,LSTM v2
2024-02-22,0.25,0,0,0.25,0,0.25,0.25,1,LSTM v2
2024-02-23,0.25,0,0,0.25,0,0.25,0.25,1,LSTM v2
2024-02-26,0.25,0,0,0.25,0,0.25,0.25,1,LSTM v2
2024-02-27,0.25,0,0,0.25,0,0.25,0.25,1,LSTM v2
2024-02-28,0.25,0,0,0.25,0,0.25,0.25,1,LSTM v2
2024-02-29,0.25,0,0,0.25,0,0.25,0.25,1,LSTM v2
2024-03-01,0.25,0,0,0.25,0,0.25,0.25,1,LSTM v2
2024-03-02,0.25,0,0,0.25,0,0.25,0.25,1,LSTM v2
2024-03-04,0.25,0,0,0.25,0,0.25,0.25,1,LSTM v2
2024-03-05,0.25,0,0,0.25,0,0.25,0.25,1,LSTM v2
2024-03-06,0.25,0,0,0.25,0,0.25,0.25,1,LSTM v2
2024-03-07,0.25,0,0,0.25,0,0.25,0.25,1,LSTM v2
2024-03-11,0.25,0,0,0.25,0,0.25,0.25,1,LSTM v2
2024-03-12,0.25,0,0,0.25,0,0.25,0.25,1,LSTM v2
2024-03-13,0.25,0,0,0.25,0,0.25,0.25,1,LSTM v2
2024-03-14,0.25,0,0,0.25,0,0.25,0.25,1,LSTM v2
2024-03-15,0.25,0,0,0.25,0,0.25,0.25,1,LSTM v2
2024-03-18,0.25,0,0,0.25,0,0.25,0.25,1,LSTM v2
2024-03-19,0.25,0,0,0.25,0,0.25,0.25,1,LSTM v2
2024-03-20,0.25,0,0,0.25,0,0.25,0.25,1,LSTM v2
2024-03-21,0.25,0,0,0.25,0,0.25,0.25,1,LSTM v2
2024-03-22,0.25,0,0,0.25,0,0.25,0.25,1,LSTM v2
2024-03-26,0.25,0,0,0.25,0,0.25,0.25,1,LSTM v2
2024-03-27,0.25,0,0,0.25,0,0.25,0.25,1,LSTM v2
2024-03-28,0.25,0,0,0.25,0,0.25,0.25,1,LSTM v2
2024-04-01,0.2502367534,0,0,0.2463704533,0,0.2528167405,0.2505760528,1,LSTM v2
2024-04-02,0.2501251698,0,0,0.2466447055,0,0.2523319721,0.2508981526,1,LSTM v2
2024-04-03,0.2501852214,0,0,0.2465814054,0,0.2523356378,0.2508977354,1,LSTM v2
2024-04-04,0.250286106,0,0,0.2463217563,0,0.2527698614,0.2506222762,1,LSTM v2
2024-04-05,0.2502102554,0,0,0.2464722097,0,0.2525588274,0.2507587075,1,LSTM v2
2024-04-08,0.2501437962,0,0,0.2463330626,0,0.2531171739,0.2504059672,1,LSTM v2
2024-04-09,0.2502512298,0,0,0.245888006,0,0.2537886761,0.2500720881,1,LSTM v2
2024-04-10,0.250222981,0,0,0.2457353771,0,0.2540729046,0.2499687374,1,LSTM v2
2024-04-12,0.2503137924,0,0,0.2458464391,0,0.2541550734,0.2496846951,1,LSTM v2
2024-04-15,0.2500652373,0,0,0.2458203137,0,0.2540472448,0.2500672042,1,LSTM v2
2024-04-16,0.2499172576,0,0,0.2462362684,0,0.2538406589,0.2500058152,1,LSTM v2
2024-04-18,0.2497654259,0,0,0.2465617657,0,0.2537095249,0.2499632835,1,LSTM v2
2024-04-19,0.2495283782,0,0,0.2470721304,0,0.2531143725,0.2502851188,1,LSTM v2
2024-04-22,0.2495288998,0,0,0.247237578,0,0.2529897094,0.2502438128,1,LSTM v2
2024-04-23,0.250127703,0,0,0.2466204315,0,0.2533043325,0.249947533,1,LSTM v2
2024-04-24,0.2503557168,0,0,0.2462659889,0,0.2541125975,0.2492656969,1,LSTM v2
2024-04-25,0.2504766844,0,0,0.2459770702,0,0.2541362307,0.2494100146,1,LSTM v2
2024-04-26,0.2506985366,0,0,0.2457350343,0,0.2542523444,0.2493140846,1,LSTM v2
2024-04-29,0.2505552433,0,0,0.2454715633,0,0.2544195018,0.2495536916,1,LSTM v2
2024-04-30,0.2503860071,0,0,0.2453522755,0,0.2545663194,0.2496953979,1,LSTM v2
2024-05-02,0.2498520054,0,0,0.2458130456,0,0.2546170094,0.2497179396,1,LSTM v2
2024-05-03,0.2495479286,0,0,0.2458409369,0,0.2550171614,0.2495939732,1,LSTM v2
2024-05-06,0.2490935177,0,0,0.2463036031,0,0.2548849285,0.2497179508,1,LSTM v2
2024-05-07,0.2490557618,0,0,0.2462020851,0,0.2551250794,0.2496170737,1,LSTM v2
2024-05-08,0.2491111196,0,0,0.2461752332,0,0.255091671,0.2496219762,1,LSTM v2
2024-05-09,0.2491622232,0,0,0.2461829,0,0.2549267671,0.2497281097,1,LSTM v2
2024-05-10,0.2486247159,0,0,0.2471662052,0,0.2539387979,0.250270281,1,LSTM v2
2024-05-13,0.2489203848,0,0,0.2467083223,0,0.2542792001,0.2500920929,1,LSTM v2
2024-05-14,0.2490632869,0,0,0.2467014081,0,0.2541337945,0.2501015104,1,LSTM v2
2024-05-15,0.249045819,0,0,0.2469300926,0,0.2536628544,0.2503612339,1,LSTM v2
2024-05-16,0.2494494691,0,0,0.2466465904,0,0.2536294238,0.2502745167,1,LSTM v2
2024-05-17,0.2497601211,0,0,0.2461638004,0,0.254099071,0.2499770075,1,LSTM v2
2024-05-18,0.2499808818,0,0,0.2464296669,0,0.2534758747,0.2501135767,1,LSTM v2
2024-05-21,0.2501468882,0,0,0.2463573144,0,0.2535092755,0.2499865219,1,LSTM v2
2024-05-22,0.2501958348,0,0,0.2460505403,0,0.2540033199,0.249750305,1,LSTM v2
2024-05-23,0.2505509593,0,0,0.2453619129,0,0.254892353,0.2491947748,1,LSTM v2
2024-05-24,0.250538826,0,0,0.2449439913,0,0.2554391921,0.2490779907,1,LSTM v2
2024-05-27,0.2502768934,0,0,0.2447134703,0,0.2559646964,0.2490449399,1,LSTM v2
2024-05-28,0.2501585782,0,0,0.2447504103,0,0.2559403181,0.2491506934,1,LSTM v2
2024-05-29,0.2501441576,0,0,0.2446465827,0,0.2558508553,0.2493584044,1,LSTM v2
2024-05-30,0.2501738891,0,0,0.2447155343,0,0.2555586023,0.2495519743,1,LSTM v2
2024-05-31,0.2498479038,0,0,0.2454539686,0,0.2550234199,0.2496747077,1,LSTM v2
2024-06-03,0.2504926026,0,0,0.2454287261,0,0.2549854219,0.2490932494,1,LSTM v2
2024-06-04,0.2506203316,0,0,0.244932484,0,0.2541584335,0.250288751,1,LSTM v2
2024-06-05,0.2506768703,0,0,0.245491147,0,0.254221499,0.2496104836,1,LSTM v2
2024-06-06,0.2509938739,0,0,0.2457243466,0,0.2537770532,0.2495047264,1,LSTM v2
2024-06-07,0.2516164184,0,0,0.2450464815,0,0.2543775439,0.2489595562,1,LSTM v2
2024-06-10,0.2519713082,0,0,0.2448015399,0,0.2542717793,0.2489553727,1,LSTM v2
2024-06-11,0.252312839,0,0,0.2449587435,0,0.2539914846,0.2487369329,1,LSTM v2
2024-06-12,0.252343122,0,0,0.2449475712,0,0.2539530434,0.2487562634,1,LSTM v2
2024-06-13,0.2521824203,0,0,0.2449780815,0,0.2542205117,0.2486189865,1,LSTM v2
2024-06-14,0.2521240115,0,0,0.2449138612,0,0.2544380724,0.2485240549,1,LSTM v2
2024-06-18,0.2520774901,0,0,0.245015949,0,0.2545046806,0.2484018803,1,LSTM v2
2024-06-19,0.2519421875,0,0,0.2449602038,0,0.2547941208,0.2483034879,1,LSTM v2
2024-06-20,0.251775559,0,0,0.2450120413,0,0.2549375556,0.2482748442,1,LSTM v2
2024-06-21,0.2515441515,0,0,0.2452338374,0,0.2549003997,0.2483216114,1,LSTM v2
2024-06-24,0.2513118945,0,0,0.2451086306,0,0.2553328536,0.2482466214,1,LSTM v2
2024-06-25,0.2511244677,0,0,0.2450305187,0,0.2555508576,0.2482941561,1,LSTM v2
2024-06-26,0.2510658205,0,0,0.2448820025,0,0.2557683587,0.2482838184,1,LSTM v2
2024-06-27,0.2511169948,0,0,0.2445962615,0,0.2560810783,0.2482056655,1,LSTM v2
2024-06-28,0.2512944639,0,0,0.2442724109,0,0.2563323081,0.2481008172,1,LSTM v2
2024-07-01,0.2513651029,0,0,0.2442848755,0,0.2562193053,0.2481307163,1,LSTM v2
2024-07-02,0.2514358163,0,0,0.2443861961,0,0.2559690773,0.2482089102,1,LSTM v2
2024-07-03,0.2512545884,0,0,0.2446519285,0,0.2556461096,0.2484473735,1,LSTM v2
2024-07-04,0.2512875758,0,0,0.2447740101,0,0.2554320357,0.2485063784,1,LSTM v2
2024-07-05,0.2512913309,0,0,0.2447965407,0,0.255392488,0.2485196404,1,LSTM v2
2024-07-08,0.2511580586,0,0,0.244907096,0,0.2553936243,0.248541221,1,LSTM v2
2024-07-09,0.2510600947,0,0,0.2449860387,0,0.2554311714,0.2485226952,1,LSTM v2
2024-07-10,0.2510668039,0,0,0.2448790222,0,0.2554396987,0.2486144751,1,LSTM v2
2024-07-11,0.2510439493,0,0,0.2449454553,0,0.2553722002,0.2486383952,1,LSTM v2
2024-07-12,0.2503589392,0,0,0.2460562885,0,0.2545438707,0.2490409017,1,LSTM v2
2024-07-15,0.2507303357,0,0,0.2456606776,0,0.2543035448,0.249305442,1,LSTM v2
2024-07-16,0.2506561615,0,0,0.2455985434,0,0.254421685,0.2493236102,1,LSTM v2
2024-07-18,0.2504292428,0,0,0.2458721697,0,0.2540872395,0.2496113479,1,LSTM v2
2024-07-19,0.2506728433,0,0,0.2460560166,0,0.253367599,0.2499035411,1,LSTM v2
2024-07-22,0.2508425936,0,0,0.2459372954,0,0.2532394155,0.2499806955,1,LSTM v2
2024-07-23,0.2510032914,0,0,0.2459273302,0,0.2532172761,0.2498521023,1,LSTM v2
2024-07-24,0.2511671223,0,0,0.2456759996,0,0.2534575798,0.2496992983,1,LSTM v2
2024-07-25,0.2507936098,0,0,0.2464065439,0,0.2526601293,0.250139717,1,LSTM v2
2024-07-26,0.2505512573,0,0,0.2468701191,0,0.2523391582,0.2502394654,1,LSTM v2
2024-07-29,0.2505298034,0,0,0.2464440687,0,0.2530450002,0.2499811277,1,LSTM v2
2024-07-30,0.2508593798,0,0,0.2463463098,0,0.2529566586,0.2498376518,1,LSTM v2
2024-07-31,0.250755135,0,0,0.2463752664,0,0.2531346418,0.2497349568,1,LSTM v2
2024-08-01,0.2504848503,0,0,0.2464828603,0,0.2536081336,0.2494241558,1,LSTM v2
2024-08-02,0.2504322492,0,0,0.2473116629,0,0.2525710128,0.2496850751,1,LSTM v2
2024-08-05,0.2511459924,0,0,0.2486330904,0,0.2505669929,0.2496539243,1,LSTM v2
2024-08-06,0.2507801354,0,0,0.2491609901,0,0.2501927614,0.2498661131,1,LSTM v2
2024-08-07,0.2499914803,0,0,0.249617774,0,0.250373248,0.2500174977,1,LSTM v2
2024-08-08,0.2502760552,0,0,0.2498476617,0,0.2500955425,0.2497807406,1,LSTM v2
2024-08-09,0.2498687655,0,0,0.2496561706,0,0.2509121001,0.2495629638,1,LSTM v2
2024-08-12,0.2503940836,0,0,0.2490088418,0,0.251107432,0.2494896427,1,LSTM v2
2024-08-13,0.2506538965,0,0,0.248910848,0,0.2512534596,0.2491817959,1,LSTM v2
2024-08-14,0.2505264245,0,0,0.2490314059,0,0.2514314316,0.249010738,1,LSTM v2
2024-08-16,0.250679221,0,0,0.2486464791,0,0.251370158,0.2493041419,1,LSTM v2
2024-08-19,0.2507616542,0,0,0.2484284006,0,0.2515618466,0.2492480986,1,LSTM v2
2024-08-20,0.2508062981,0,0,0.248025816,0,0.2519510351,0.2492168509,1,LSTM v2
2024-08-21,0.2513827942,0,0,0.2475198172,0,0.2521384917,0.2489588969,1,LSTM v2
2024-08-22,0.251822263,0,0,0.2471906841,0,0.2522602379,0.248726815,1,LSTM v2
2024-08-23,0.2520202957,0,0,0.2470766269,0,0.2524853609,0.2484177165,1,LSTM v2
2024-08-26,0.2518585547,0,0,0.2467916087,0,0.2529034837,0.2484463528,1,LSTM v2
2024-08-27,0.2518186867,0,0,0.2465500534,0,0.2532220483,0.2484092116,1,LSTM v2
2024-08-28,0.2516975924,0,0,0.2464591787,0,0.2533425017,0.2485007272,1,LSTM v2
2024-08-29,0.2516457178,0,0,0.2466425038,0,0.2529901602,0.2487216182,1,LSTM v2
2024-08-30,0.2515965775,0,0,0.2464590444,0,0.2531454937,0.2487988844,1,LSTM v2
2024-09-02,0.2517442703,0,0,0.2462086827,0,0.2533410788,0.2487059683,1,LSTM v2
2024-09-03,0.2516512535,0,0,0.2462735437,0,0.2532770596,0.2487981431,1,LSTM v2
2024-09-04,0.2516752742,0,0,0.2463853173,0,0.2529754303,0.2489639782,1,LSTM v2
2024-09-05,0.2515310087,0,0,0.2463200278,0,0.2531158962,0.2490330674,1,LSTM v2
2024-09-06,0.2513346039,0,0,0.2465101593,0,0.2529592178,0.249196019,1,LSTM v2
2024-09-09,0.2511154115,0,0,0.2467274517,0,0.2529809475,0.2491761893,1,LSTM v2
2024-09-10,0.250745751,0,0,0.2471396699,0,0.2528907434,0.2492238357,1,LSTM v2
2024-09-11,0.2507017515,0,0,0.2470824384,0,0.2531221471,0.249093663,1,LSTM v2
2024-09-12,0.2507281639,0,0,0.2468369193,0,0.2535923757,0.2488425411,1,LSTM v2
2024-09-13,0.2510312274,0,0,0.2465280219,0,0.2534322516,0.2490084991,1,LSTM v2
2024-09-16,0.2511754111,0,0,0.2463300749,0,0.2533514575,0.2491430565,1,LSTM v2
2024-09-17,0.2513098977,0,0,0.2461360656,0,0.2535329721,0.2490210645,1,LSTM v2
2024-09-18,0.25134537,0,0,0.2461808361,0,0.2535162308,0.2489575632,1,LSTM v2
2024-09-19,0.2509545386,0,0,0.2464557141,0,0.2535831928,0.2490065545,1,LSTM v2
2024-09-20,0.2508656941,0,0,0.2463192605,0,0.253719177,0.2490958683,1,LSTM v2
2024-09-23,0.2508929632,0,0,0.2460170203,0,0.2539275251,0.2491624914,1,LSTM v2
2024-09-24,0.2508889064,0,0,0.2458614932,0,0.2540583237,0.2491912768,1,LSTM v2
2024-09-25,0.2509658299,0,0,0.2457723283,0,0.253926184,0.2493356578,1,LSTM v2
2024-09-26,0.250992775,0,0,0.2456819415,0,0.2542179227,0.2491073608,1,LSTM v2
2024-09-27,0.2512906492,0,0,0.2454020679,0,0.2542537153,0.2490535676,1,LSTM v2
2024-09-30,0.2512838468,0,0,0.2454177962,0,0.2542705758,0.2490277812,1,LSTM v2
2024-10-01,0.2512208559,0,0,0.2454602159,0,0.2543947139,0.2489242144,1,LSTM v2
2024-10-03,0.2510606349,0,0,0.2454709113,0,0.2542563975,0.2492120564,1,LSTM v2
2024-10-04,0.2506516613,0,0,0.2458883412,0,0.2538774647,0.2495825328,1,LSTM v2
2024-10-07,0.2503106296,0,0,0.2462755144,0,0.2536808848,0.2497329712,1,LSTM v2
2024-10-08,0.2503504418,0,0,0.2463362627,0,0.2538481317,0.2494651638,1,LSTM v2
2024-10-09,0.2504517436,0,0,0.2463612854,0,0.2539106011,0.2492763698,1,LSTM v2
2024-10-10,0.2506671287,0,0,0.2462047226,0,0.2542131879,0.2489149608,1,LSTM v2
2024-10-11,0.2508655451,0,0,0.2462508046,0,0.2540370486,0.2488466017,1,LSTM v2
2024-10-14,0.2510148026,0,0,0.2462463714,0,0.2538228967,0.2489159293,1,LSTM v2
2024-10-15,0.2512447797,0,0,0.24619345,0,0.2536408565,0.2489209138,1,LSTM v2
2024-10-16,0.2511703931,0,0,0.2465941571,0,0.2529768012,0.2492586486,1,LSTM v2
2024-10-17,0.2510845288,0,0,0.2468194143,0,0.2526438161,0.2494522408,1,LSTM v2
2024-10-18,0.250918895,0,0,0.2468941063,0,0.252604574,0.2495824248,1,LSTM v2
2024-10-21,0.2505394593,0,0,0.2471415027,0,0.2523370162,0.2499820217,1,LSTM v2
2024-10-22,0.2502538562,0,0,0.2474272251,0,0.2520607114,0.2502582073,1,LSTM v2
2024-10-23,0.2499378137,0,0,0.2476501726,0,0.252086576,0.2503254376,1,LSTM v2
2024-10-24,0.2500205562,0,0,0.2476771698,0,0.2519709095,0.2503313646,1,LSTM v2
2024-10-25,0.249848932,0,0,0.2476976812,0,0.252058953,0.2503944337,1,LSTM v2
2024-10-28,0.2497462742,0,0,0.2477897369,0,0.2521145306,0.2503494583,1,LSTM v2
2024-10-29,0.2498391308,0,0,0.2477282472,0,0.2520221211,0.2504105009,1,LSTM v2
2024-10-30,0.2498189323,0,0,0.2477675937,0,0.2519235573,0.2504899166,1,LSTM v2
2024-10-31,0.2498903722,0,0,0.2476879507,0,0.2517549992,0.250666678,1,LSTM v2
2024-11-01,0.2501285076,0,0,0.2475502193,0,0.2519157231,0.25040555,1,LSTM v2
2024-11-04,0.2499425113,0,0,0.2474569678,0,0.2518780231,0.2507224977,1,LSTM v2
2024-11-05,0.2497713082,0,0,0.2473745607,0,0.2522692643,0.2505848668,1,LSTM v2
2024-11-06,0.2498435229,0,0,0.2476496249,0,0.2522774935,0.2502293587,1,LSTM v2
2024-11-07,0.2506801225,0,0,0.246778924,0,0.2527619042,0.2497790493,1,LSTM v2
2024-11-08,0.2506081164,0,0,0.2467451096,0,0.2530637085,0.2495830655,1,LSTM v2
2024-11-11,0.2510156371,0,0,0.2464519776,0,0.2533693947,0.2491629906,1,LSTM v2
2024-11-12,0.2517835758,0,0,0.245801922,0,0.2537841163,0.2486303859,1,LSTM v2
2024-11-13,0.251384642,0,0,0.2461787724,0,0.2534791789,0.2489574067,1,LSTM v2
2024-11-14,0.2517329194,0,0,0.2461932487,0,0.2534636297,0.2486102022,1,LSTM v2
2024-11-18,0.2508731745,0,0,0.2471449636,0,0.2527393661,0.2492424958,1,LSTM v2
2024-11-19,0.2501772046,0,0,0.2480304092,0,0.2520167828,0.2497756034,1,LSTM v2
2024-11-21,0.2497340739,0,0,0.2486956716,0,0.2514107227,0.2501595318,1,LSTM v2
2024-11-22,0.2498203702,0,0,0.2485789545,0,0.2516286113,0.249972064,1,LSTM v2
2024-11-25,0.2506077886,0,0,0.2477893382,0,0.2521676123,0.2494352609,1,LSTM v2
2024-11-26,0.2513673827,0,0,0.2471877859,0,0.2524270638,0.2490177676,1,LSTM v2
2024-11-27,0.2513571978,0,0,0.2472430617,0,0.2524567544,0.2489429861,1,LSTM v2
2024-11-28,0.25175336,0,0,0.2468263507,0,0.2525658906,0.2488543987,1,LSTM v2
2024-11-29,0.2516624294,0,0,0.2468591892,0,0.2527931593,0.2486852221,1,LSTM v2
2024-12-02,0.2516497672,0,0,0.2466733009,0,0.2532320023,0.2484449297,1,LSTM v2
2024-12-03,0.2514520213,0,0,0.2467677073,0,0.2532385512,0.2485417203,1,LSTM v2
2024-12-04,0.2515355684,0,0,0.246596191,0,0.2534675934,0.2484006472,1,LSTM v2
2024-12-05,0.2516012527,0,0,0.2464342452,0,0.2536051311,0.248359371,1,LSTM v2
2024-12-06,0.2517101467,0,0,0.2463981807,0,0.2534408569,0.2484508157,1,LSTM v2
2024-12-09,0.2515980564,0,0,0.2464764976,0,0.2532690428,0.2486564033,1,LSTM v2
2024-12-10,0.2516864203,0,0,0.2464078926,0,0.2532187365,0.2486869507,1,LSTM v2
2024-12-11,0.2514967881,0,0,0.2465203815,0,0.2531819604,0.24880087,1,LSTM v2
2024-12-12,0.2514154949,0,0,0.2467828132,0,0.2527832427,0.2490184493,1,LSTM v2
2024-12-13,0.2514566146,0,0,0.2464886122,0,0.2533160708,0.2487387024,1,LSTM v2
2024-12-16,0.2514850833,0,0,0.2466076649,0,0.2531971671,0.2487100847,1,LSTM v2
2024-12-17,0.2518220804,0,0,0.2463410311,0,0.2535598836,0.2482770048,1,LSTM v2
2024-12-18,0.2522961237,0,0,0.2461437471,0,0.2535924949,0.2479676343,1,LSTM v2
2024-12-19,0.2526216767,0,0,0.2461150252,0,0.2534908317,0.2477724664,1,LSTM v2
2024-12-20,0.2531241141,0,0,0.2461380922,0,0.2527563534,0.2479814403,1,LSTM v2
2024-12-23,0.252645038,0,0,0.2467603163,0,0.2517894729,0.2488051728,1,LSTM v2
2024-12-24,0.2529394664,0,0,0.2465992607,0,0.2515754141,0.2488858588,1,LSTM v2
2024-12-26,0.2532339952,0,0,0.2464283817,0,0.2515473626,0.2487902604,1,LSTM v2
2024-12-27,0.2531612776,0,0,0.2464446538,0,0.2516908608,0.2487032078,1,LSTM v2
2024-12-30,0.2530431114,0,0,0.2466818952,0,0.2517884932,0.2484865003,1,LSTM v2
2024-12-31,0.2529746592,0,0,0.2466793209,0,0.251496762,0.2488492578,1,LSTM v2
2025-01-01,0.252789855,0,0,0.2468117625,0,0.2512239814,0.2491744012,1,LSTM v2
2025-01-02,0.2525531054,0,0,0.2470511049,0,0.2509840131,0.2494117767,1,LSTM v2
2025-01-03,0.2527217269,0,0,0.2470142245,0,0.2506139576,0.2496500909,1,LSTM v2
2025-01-06,0.2527663745,0,0,0.2474119998,0,0.2500327267,0.249788899,1,LSTM v2
2025-01-07,0.2523213625,0,0,0.2481422424,0,0.2492905855,0.2502458096,1,LSTM v2
2025-01-08,0.2522248588,0,0,0.2485119365,0,0.2489506416,0.250312563,1,LSTM v2
2025-01-09,0.2519181631,0,0,0.2487828545,0,0.248666849,0.2506321333,1,LSTM v2
2025-01-10,0.2514795065,0,0,0.2493293881,0,0.2482281029,0.2509630024,1,LSTM v2
2025-01-13,0.2514708378,0,0,0.2504358627,0,0.2468883283,0.2512049712,1,LSTM v2
2025-01-14,0.2514255009,0,0,0.2508987747,0,0.2463010066,0.2513747178,1,LSTM v2
2025-01-15,0.251454629,0,0,0.2514092699,0,0.2458757235,0.2512603775,1,LSTM v2
2025-01-16,0.2511416376,0,0,0.2512499094,0,0.2461236715,0.2514847815,1,LSTM v2
2025-01-17,0.2509697042,0,0,0.2509657107,0,0.2464199775,0.2516446076,1,LSTM v2
2025-01-20,0.2507619895,0,0,0.2503218986,0,0.2472693808,0.2516467311,1,LSTM v2
2025-01-21,0.2512857914,0,0,0.2499290705,0,0.2474044859,0.2513806522,1,LSTM v2
2025-01-22,0.2509353459,0,0,0.2494932264,0,0.2480806261,0.2514908016,1,LSTM v2
2025-01-23,0.2512503341,0,0,0.248870559,0,0.2487439587,0.2511351481,1,LSTM v2
2025-01-24,0.2514910698,0,0,0.2484287173,0,0.2492262572,0.2508539557,1,LSTM v2
2025-01-27,0.2515814863,0,0,0.2492081039,0,0.2483784817,0.2508319281,1,LSTM v2
2025-01-28,0.2518401519,0,0,0.2505807057,0,0.2466440572,0.2509350851,1,LSTM v2
2025-01-29,0.2517759762,0,0,0.2506832145,0,0.246249836,0.2512909733,1,LSTM v2
2025-01-30,0.2521075233,0,0,0.2508406862,0,0.2459930704,0.25105872,1,LSTM v2
2025-01-31,0.2522158996,0,0,0.2509517744,0,0.245878823,0.250953503,1,LSTM v2
2025-02-01,0.2525582612,0,0,0.2510299385,0,0.2455560267,0.2508557737,1,LSTM v2
2025-02-03,0.252720531,0,0,0.2509353123,0,0.2454010361,0.2509431206,1,LSTM v2
2025-02-04,0.2526979446,0,0,0.2507516444,0,0.2455762029,0.2509742081,1,LSTM v2
2025-02-05,0.2527938821,0,0,0.2499728538,0,0.2462164051,0.251016859,1,LSTM v2
2025-02-06,0.2526489421,0,0,0.2497353479,0,0.2465046571,0.2511110529,1,LSTM v2
2025-02-07,0.2525517046,0,0,0.2496638745,0,0.2466914505,0.2510929704,1,LSTM v2
2025-02-10,0.2524042726,0,0,0.2495213598,0,0.2469909936,0.251083374,1,LSTM v2
2025-02-11,0.2523069642,0,0,0.2493536435,0,0.2471778505,0.2511615418,1,LSTM v2
2025-02-12,0.2520940564,0,0,0.2492188476,0,0.2477027886,0.2509843074,1,LSTM v2
2025-02-13,0.2516201958,0,0,0.2494095937,0,0.2479272858,0.2510429248,1,LSTM v2
2025-02-14,0.251471132,0,0,0.2497860193,0,0.2475742698,0.2511685789,1,LSTM v2
2025-02-17,0.2514639236,0,0,0.2496908642,0,0.2476652451,0.2511799671,1,LSTM v2
2025-02-18,0.2515948117,0,0,0.2497852594,0,0.2474234551,0.2511964738,1,LSTM v2
2025-02-19,0.2515197061,0,0,0.2499937676,0,0.2472913675,0.2511951588,1,LSTM v2
2025-02-20,0.2517115138,0,0,0.2501899563,0,0.2469516509,0.251146879,1,LSTM v2
2025-02-21,0.2518814765,0,0,0.2503116094,0,0.2466866188,0.2511202954,1,LSTM v2
2025-02-24,0.2522578537,0,0,0.2506228685,0,0.2459634542,0.2511558235,1,LSTM v2
2025-02-25,0.2528082989,0,0,0.2505984269,0,0.245838862,0.2507544123,1,LSTM v2
2025-02-27,0.252895359,0,0,0.2505323328,0,0.2459052093,0.2506670989,1,LSTM v2
2025-02-28,0.2526780031,0,0,0.2515558861,0,0.2445828133,0.2511832975,1,LSTM v2
2025-03-03,0.2526593171,0,0,0.2517523132,0,0.245031219,0.2505571507,1,LSTM v2
2025-03-04,0.2525442578,0,0,0.2519939281,0,0.245170433,0.250291381,1,LSTM v2
2025-03-05,0.2522637248,0,0,0.2522050738,0,0.2451177239,0.2504134774,1,LSTM v2
2025-03-06,0.2520278394,0,0,0.2523786426,0,0.2450596988,0.2505338192,1,LSTM v2
2025-03-07,0.2518274486,0,0,0.2525760531,0,0.244735539,0.2508609593,1,LSTM v2
2025-03-10,0.251810614,0,0,0.2526685633,0,0.2445405013,0.2509803213,1,LSTM v2
2025-03-11,0.2518195547,0,0,0.2530687489,0,0.2439947314,0.251116965,1,LSTM v2
2025-03-12,0.2516801693,0,0,0.2531698086,0,0.2440781481,0.2510718741,1,LSTM v2
2025-03-13,0.2518236302,0,0,0.253072258,0,0.2441918963,0.2509122155,1,LSTM v2
2025-03-17,0.2517622486,0,0,0.2526414172,0,0.2448509408,0.2507453934,1,LSTM v2
2025-03-18,0.2518881559,0,0,0.2526637912,0,0.2444304526,0.2510176003,1,LSTM v2
2025-03-19,0.2516457997,0,0,0.2522118948,0,0.2449560576,0.2511862479,1,LSTM v2
2025-03-20,0.2514878772,0,0,0.2519795857,0,0.2451937013,0.2513388358,1,LSTM v2
2025-03-21,0.2513897121,0,0,0.2516152859,0,0.2454220653,0.2515729368,1,LSTM v2
2025-03-24,0.2512516975,0,0,0.2503685653,0,0.2468164265,0.2515633106,1,LSTM v2
2025-03-25,0.2511644326,0,0,0.2505469583,0,0.247114908,0.2511737011,1,LSTM v2
2025-03-26,0.251393225,0,0,0.2506554685,0,0.2469205074,0.251030799,1,LSTM v2
2025-03-27,0.2511940561,0,0,0.2508066855,0,0.2471036725,0.2508955859,1,LSTM v2
2025-03-28,0.2511064448,0,0,0.2505768575,0,0.2472702749,0.2510464229,1,LSTM v2
2025-04-01,0.3640452027,0,0,0.2604376376,0,0.1215858459,0.2539313138,1,LSTM v2
2025-04-02,0.3594890428,0,0,0.2415008473,0,0.1537353649,0.2452747451,1,LSTM v2
2025-04-03,0.3446597354,0,0,0.2208335036,0,0.1954620273,0.2390447337,1,LSTM v2
2025-04-04,0.3403331339,0,0,0.2012430131,0,0.2302871495,0.2281367034,1,LSTM v2
2025-04-07,0.3094217341,0,0,0.1507683478,0,0.360426231,0.1793836871,1,LSTM v2
2025-04-08,0.3160325289,0,0,0.1503396332,0,0.3577187061,0.1759091318,1,LSTM v2
2025-04-09,0.2873013999,0,0,0.1461373313,0,0.3984100043,0.1681512644,1,LSTM v2
2025-04-11,0.2653700372,0,0,0.1301661859,0,0.4453670018,0.1590967751,1,LSTM v2
2025-04-15,0.2606997192,0,0,0.125051111,0,0.4485734403,0.1656757295,1,LSTM v2
2025-04-16,0.2662435055,0,0,0.1289669367,0,0.4283997821,0.1763897757,1,LSTM v2
2025-04-17,0.2741108794,0,0,0.1261511277,0,0.428171062,0.1715669308,1,LSTM v2
2025-04-21,0.2826279956,0,0,0.1255840938,0,0.4185298917,0.1732580189,1,LSTM v2
2025-04-22,0.2823578035,0,0,0.1214269363,0,0.4190793509,0.1771359093,1,LSTM v2
2025-04-23,0.2780658305,0,0,0.1093324572,0,0.4478477538,0.1647539586,1,LSTM v2
2025-04-24,0.2671527982,0,0,0.1084453065,0,0.4558572079,0.1685446874,1,LSTM v2
2025-04-25,0.2699839336,0,0,0.1031023176,0,0.4676912706,0.1592224782,1,LSTM v2
2025-04-28,0.2751641911,0,0,0.1038729117,0,0.4635810921,0.1573818051,1,LSTM v2
2025-04-29,0.2740275778,0,0,0.1023929834,0,0.4681371013,0.1554423375,1,LSTM v2
2025-04-30,0.2796972436,0,0,0.09993447512,0,0.4683269928,0.1520412885,1,LSTM v2
2025-05-02,0.2840642312,0,0,0.09843409733,0,0.4689252938,0.1485763777,1,LSTM v2
2025-05-05,0.2846582936,0,0,0.09830692032,0,0.469525921,0.1475088651,1,LSTM v2
2025-05-06,0.2730535134,0,0,0.09816213537,0,0.4783118652,0.150472486,1,LSTM v2
2025-05-07,0.2745970847,0,0,0.09427010479,0,0.4814638603,0.1496689502,1,LSTM v2
2025-05-08,0.2718359651,0,0,0.09196219259,0,0.4877061168,0.1484957255,1,LSTM v2
2025-05-09,0.2645698269,0,0,0.090962666,0,0.4925497321,0.151917775,1,LSTM v2
2025-05-12,0.2817613121,0,0,0.1075047454,0,0.441835781,0.1688981615,1,LSTM v2
2025-05-13,0.2633243164,0,0,0.1067156776,0,0.4526498846,0.1773101214,1,LSTM v2
2025-05-14,0.262467718,0,0,0.1162136596,0,0.4380182722,0.1833003502,1,LSTM v2
2025-05-15,0.2635165374,0,0,0.1317660769,0,0.4208464497,0.1838709359,1,LSTM v2
2025-05-16,0.2689415772,0,0,0.1327879558,0,0.4332849021,0.1649855649,1,LSTM v2
2025-05-19,0.2568025291,0,0,0.1334858835,0,0.4497571588,0.1599544287,1,LSTM v2
2025-05-20,0.2619863607,0,0,0.1301209855,0,0.4560887489,0.1518039049,1,LSTM v2
2025-05-21,0.2535490096,0,0,0.1204983592,0,0.4782283306,0.1477243006,1,LSTM v2
2025-05-22,0.2483911253,0,0,0.121058451,0,0.4873704089,0.1431800148,1,LSTM v2
2025-05-23,0.2432147526,0,0,0.1177564693,0,0.4950055108,0.1440232673,1,LSTM v2
2025-05-26,0.2372038627,0,0,0.1214822513,0,0.4922387527,0.1490751334,1,LSTM v2
2025-05-27,0.2334788573,0,0,0.1196156359,0,0.495742973,0.1511625338,1,LSTM v2
2025-05-28,0.2412174624,0,0,0.1203267938,0,0.4889286124,0.1495271314,1,LSTM v2
2025-05-29,0.2541894501,0,0,0.1307837309,0,0.4638326557,0.1511941634,1,LSTM v2
2025-05-30,0.2545420154,0,0,0.1304739675,0,0.4629043799,0.1520796373,1,LSTM v2
2025-06-02,0.2575334945,0,0,0.1253642757,0,0.4685541759,0.1485480539,1,LSTM v2
2025-06-03,0.2651838323,0,0,0.1268309187,0,0.4637798598,0.1442053893,1,LSTM v2
2025-06-04,0.2734741528,0,0,0.1339921484,0,0.4461173051,0.1464163937,1,LSTM v2
2025-06-05,0.2648086171,0,0,0.1346317937,0,0.4504252836,0.1501343057,1,LSTM v2
2025-06-06,0.2578251881,0,0,0.1392241973,0,0.4453759657,0.1575746489,1,LSTM v2
2025-06-09,0.2653663973,0,0,0.1461381869,0,0.4205215746,0.1679738412,1,LSTM v2
2025-06-10,0.2757759731,0,0,0.148701223,0,0.4049744666,0.1705483373,1,LSTM v2
2025-06-11,0.2738792043,0,0,0.1508469306,0,0.3999290526,0.1753448125,1,LSTM v2
2025-06-12,0.2719503899,0,0,0.1425692567,0,0.4114777384,0.174002615,1,LSTM v2
2025-06-13,0.2658548534,0,0,0.1282221469,0,0.4367446704,0.1691783293,1,LSTM v2
2025-06-16,0.2649413049,0,0,0.1276762187,0,0.4437977672,0.1635847092,1,LSTM v2
2025-06-17,0.2592981756,0,0,0.129802525,0,0.4444630742,0.1664362252,1,LSTM v2
2025-06-18,0.2537023089,0,0,0.1279532443,0,0.4510536127,0.1672908341,1,LSTM v2
2025-06-19,0.2466003932,0,0,0.1266322453,0,0.4578017661,0.1689655955,1,LSTM v2
2025-06-20,0.2509680726,0,0,0.1354617646,0,0.4386642939,0.174905869,1,LSTM v2
2025-06-23,0.2529153152,0,0,0.1342584749,0,0.4355431069,0.177283103,1,LSTM v2
2025-06-24,0.2563505731,0,0,0.1411321887,0,0.4191122887,0.1834049496,1,LSTM v2
2025-06-25,0.2536550424,0,0,0.1453095206,0,0.4145706532,0.1864647838,1,LSTM v2
2025-06-26,0.2552880645,0,0,0.1554814875,0,0.4010866284,0.1881438196,1,LSTM v2
2025-06-27,0.252086684,0,0,0.1615486347,0,0.3926402096,0.1937244717,1,LSTM v2
2025-06-30,0.2578377868,0,0,0.1604227626,0,0.3848167727,0.1969226779,1,LSTM v2
2025-07-01,0.2144463903,0,0,0.1489824421,0,0.4414285023,0.1951426653,1,LSTM v2
2025-07-02,0.2033310861,0,0,0.1386437139,0,0.4702881347,0.1877370654,1,LSTM v2
2025-07-03,0.2054726661,0,0,0.1364343634,0,0.4750904512,0.1830025194,1,LSTM v2
2025-07-04,0.2003690481,0,0,0.1330231001,0,0.4915425255,0.1750653263,1,LSTM v2
2025-07-07,0.1962844402,0,0,0.1306602488,0,0.5013866946,0.1716686164,1,LSTM v2
2025-07-08,0.1961091222,0,0,0.1299583854,0,0.5016175284,0.172314964,1,LSTM v2
2025-07-09,0.2053024708,0,0,0.1336843779,0,0.4802016175,0.1808115339,1,LSTM v2
2025-07-10,0.2090276119,0,0,0.1349049766,0,0.4730022707,0.1830651408,1,LSTM v2
2025-07-11,0.2111125385,0,0,0.1345655233,0,0.4701101096,0.1842118286,1,LSTM v2
2025-07-14,0.2121526482,0,0,0.1396658292,0,0.4645055304,0.1836759922,1,LSTM v2
2025-07-15,0.2105210784,0,0,0.1440739377,0,0.4637512703,0.1816537136,1,LSTM v2
2025-07-16,0.2088385404,0,0,0.1486981086,0,0.4595318505,0.1829315004,1,LSTM v2
2025-07-17,0.2082463503,0,0,0.1509257853,0,0.4575019479,0.1833259165,1,LSTM v2
2025-07-18,0.2126891315,0,0,0.1573598236,0,0.4442691207,0.1856819242,1,LSTM v2
2025-07-21,0.2173128808,0,0,0.1654431473,0,0.4243968003,0.1928471716,1,LSTM v2
2025-07-22,0.2151856358,0,0,0.1725178906,0,0.416907,0.1953894736,1,LSTM v2
2025-07-23,0.208994573,0,0,0.1777254264,0,0.4114458973,0.2018341034,1,LSTM v2
2025-07-24,0.2074870169,0,0,0.1893692911,0,0.3879174292,0.2152262628,1,LSTM v2
2025-07-25,0.2082480608,0,0,0.1923446925,0,0.3785492423,0.2208580044,1,LSTM v2
2025-07-28,0.2149969669,0,0,0.2089729787,0,0.3398078731,0.2362221813,1,LSTM v2
2025-07-29,0.2145692557,0,0,0.213315174,0,0.3276788294,0.2444367409,1,LSTM v2
2025-07-30,0.2164360583,0,0,0.2123440802,0,0.3250998855,0.246119976,1,LSTM v2
2025-07-31,0.2179355556,0,0,0.2446304189,0,0.269659541,0.2677744845,1,LSTM v2
2025-08-01,0.2115284534,0,0,0.2461486644,0,0.2665906588,0.2757322233,1,LSTM v2
2025-08-04,0.2109825964,0,0,0.2392158699,0,0.2866124085,0.2631891252,1,LSTM v2
2025-08-05,0.2085843862,0,0,0.2504402436,0,0.2747767609,0.2661986093,1,LSTM v2
2025-08-06,0.2070367634,0,0,0.2496718168,0,0.2766942978,0.266597122,1,LSTM v2
2025-08-07,0.2001527131,0,0,0.244365815,0,0.2918724461,0.2636090258,1,LSTM v2
2025-08-08,0.199375844,0,0,0.2350430261,0,0.3086995574,0.2568815725,1,LSTM v2
2025-08-11,0.2029364556,0,0,0.241950348,0,0.2957561612,0.2593570352,1,LSTM v2
2025-08-12,0.2095795392,0,0,0.230600443,0,0.3072439684,0.2525760494,1,LSTM v2
2025-08-13,0.218097026,0,0,0.2285077376,0,0.3084905882,0.2449046483,1,LSTM v2
2025-08-14,0.2201378825,0,0,0.2252647463,0,0.3078673528,0.2467300184,1,LSTM v2
2025-08-18,0.2209540406,0,0,0.2248821806,0,0.3040606515,0.2501031272,1,LSTM v2
2025-08-19,0.2236664229,0,0,0.2238190405,0,0.3016577869,0.2508567497,1,LSTM v2
2025-08-20,0.2242983166,0,0,0.2210757467,0,0.3051084922,0.2495174445,1,LSTM v2
2025-08-21,0.2236109707,0,0,0.2148307147,0,0.3180345642,0.2435237504,1,LSTM v2
2025-08-22,0.2222965476,0,0,0.2140884666,0,0.3209721994,0.2426427865,1,LSTM v2
2025-08-25,0.2244091034,0,0,0.2144115269,0,0.3231871724,0.2379921973,1,LSTM v2
2025-08-26,0.2165849753,0,0,0.2050705942,0,0.3481283045,0.230216126,1,LSTM v2
2025-08-28,0.2100763384,0,0,0.1956898032,0,0.37668572,0.2175481384,1,LSTM v2
2025-08-29,0.2052878141,0,0,0.1868879795,0,0.3981208503,0.209703356,1,LSTM v2
2025-09-01,0.1915515782,0,0,0.1770464156,0,0.4188082156,0.2125937907,1,LSTM v2
2025-09-02,0.1830540476,0,0,0.1676405991,0,0.4427194661,0.2065858872,1,LSTM v2
2025-09-03,0.1808334968,0,0,0.1574891578,0,0.4664329797,0.1952443657,1,LSTM v2
2025-09-04,0.1763025224,0,0,0.1496221125,0,0.4853970408,0.1886783242,1,LSTM v2
2025-09-05,0.1713849208,0,0,0.144201134,0,0.5000643283,0.1843496169,1,LSTM v2
2025-09-08,0.1677783032,0,0,0.1319150548,0,0.521781175,0.178525467,1,LSTM v2
2025-09-09,0.1673206166,0,0,0.1220869924,0,0.5380217077,0.1725706833,1,LSTM v2
2025-09-10,0.1659510111,0,0,0.1175628734,0,0.5464960255,0.16999009,1,LSTM v2
2025-09-11,0.1686471999,0,0,0.1177103519,0,0.5434058309,0.1702366173,1,LSTM v2
2025-09-12,0.1739460865,0,0,0.1211151731,0,0.5297730087,0.1751657316,1,LSTM v2
2025-09-15,0.1766861151,0,0,0.1282087507,0,0.5081954967,0.1869096374,1,LSTM v2
2025-09-16,0.1810756177,0,0,0.1384009868,0,0.4799302518,0.2005931437,1,LSTM v2
2025-09-17,0.1809398613,0,0,0.1417829756,0,0.4617568163,0.2155203469,1,LSTM v2
2025-09-18,0.182796588,0,0,0.1510695562,0,0.4409713877,0.2251624681,1,LSTM v2
2025-09-19,0.1801004329,0,0,0.1558260103,0,0.4320295558,0.232044001,1,LSTM v2
2025-09-22,0.1759476933,0,0,0.15993954,0,0.4238323506,0.240280416,1,LSTM v2
2025-09-23,0.1696972749,0,0,0.1590010869,0,0.4213834829,0.2499181554,1,LSTM v2
2025-09-24,0.1629543505,0,0,0.155234417,0,0.4242690847,0.2575421478,1,LSTM v2
2025-09-25,0.1577388864,0,0,0.1493045754,0,0.4411408502,0.2518156879,1,LSTM v2
2025-09-26,0.1531931288,0,0,0.1434835174,0,0.4580310217,0.2452923321,1,LSTM v2
2025-09-29,0.1542394883,0,0,0.1492079474,0,0.4433558517,0.2531967125,1,LSTM v2
2025-09-30,0.1532687889,0,0,0.1620996345,0,0.3975989341,0.2870326426,1,LSTM v2
2025-10-01,0.1551030106,0,0,0.1675944005,0,0.3920654596,0.2852371293,1,LSTM v2
2025-10-03,0.1605365002,0,0,0.1850052056,0,0.3531073384,0.3013509557,1,LSTM v2
2025-10-06,0.171509122,0,0,0.2039642097,0,0.3104779515,0.3140487168,1,LSTM v2
2025-10-07,0.1717153438,0,0,0.2212222451,0,0.2809888339,0.3260735772,1,LSTM v2
2025-10-08,0.1678124989,0,0,0.2221670929,0,0.2626984755,0.3473219327,1,LSTM v2
2025-10-09,0.1611618722,0,0,0.2229278568,0,0.2566635945,0.3592466766,1,LSTM v2
2025-10-10,0.1610902274,0,0,0.2251233343,0,0.2495723106,0.3642141277,1,LSTM v2
2025-10-13,0.1652153208,0,0,0.2188340523,0,0.2465032896,0.3694473372,1,LSTM v2
2025-10-14,0.1630481506,0,0,0.209352705,0,0.2492068596,0.3783922848,1,LSTM v2
2025-10-15,0.1603928482,0,0,0.2057422816,0,0.2561399004,0.3777249697,1,LSTM v2
2025-10-16,0.1590227634,0,0,0.2074372023,0,0.2588466704,0.3746933639,1,LSTM v2
2025-10-17,0.1590659916,0,0,0.1971549392,0,0.2744661272,0.369312942,1,LSTM v2
2025-10-20,0.1640184075,0,0,0.1981774122,0,0.2705687582,0.3672354221,1,LSTM v2
2025-10-21,0.1763349447,0,0,0.1887195827,0,0.2987628833,0.3361825893,1,LSTM v2
2025-10-23,0.179872945,0,0,0.1873203665,0,0.3009806573,0.3318260312,1,LSTM v2
2025-10-24,0.1827614849,0,0,0.1888394001,0,0.3164122308,0.3119868841,1,LSTM v2
2025-10-27,0.1901915045,0,0,0.1889623524,0,0.3263954472,0.2944506959,1,LSTM v2
2025-10-28,0.1969168663,0,0,0.1902263193,0,0.3100828575,0.302773957,1,LSTM v2
2025-10-29,0.1954632103,0,0,0.1721623838,0,0.3543474078,0.278026998,1,LSTM v2
2025-10-30,0.2042795122,0,0,0.157011658,0,0.3684115708,0.2702972591,1,LSTM v2
2025-10-31,0.2090970011,0,0,0.1443949065,0,0.39825145,0.2482566423,1,LSTM v2
2025-11-03,0.2134326281,0,0,0.1367358884,0,0.4154160681,0.2344154154,1,LSTM v2
2025-11-04,0.210201392,0,0,0.1276345757,0,0.4442548056,0.2179092266,1,LSTM v2
2025-11-06,0.2089414314,0,0,0.1230844492,0,0.4575199221,0.2104541973,1,LSTM v2
2025-11-07,0.2073190988,0,0,0.1200206149,0,0.4716422628,0.2010180235,1,LSTM v2
2025-11-10,0.2085676522,0,0,0.1220486182,0,0.4692626069,0.2001211226,1,LSTM v2
2025-11-11,0.206406212,0,0,0.1163584625,0,0.4868918504,0.1903434751,1,LSTM v2
2025-11-12,0.2058254003,0,0,0.111964537,0,0.4992549345,0.1829551282,1,LSTM v2
2025-11-13,0.1955934687,0,0,0.1037617737,0,0.5187642172,0.1818805405,1,LSTM v2
2025-11-14,0.191715288,0,0,0.09797346738,0,0.5387811145,0.1715301301,1,LSTM v2
2025-11-17,0.1859729006,0,0,0.09510009807,0,0.5513564985,0.1675705028,1,LSTM v2
2025-11-18,0.1822621551,0,0,0.09132763879,0,0.5604400718,0.1659701342,1,LSTM v2
2025-11-19,0.178444521,0,0,0.08910512246,0,0.5703359885,0.1621143681,1,LSTM v2
2025-11-20,0.180346581,0,0,0.08351121967,0,0.5833867279,0.1527554714,1,LSTM v2
2025-11-21,0.1749264423,0,0,0.07613192385,0,0.6068789272,0.1420627066,1,LSTM v2
2025-11-24,0.1715223329,0,0,0.0701311598,0,0.6293154908,0.1290310165,1,LSTM v2
2025-11-25,0.1704669297,0,0,0.06989561766,0,0.6364501119,0.1231873408,1,LSTM v2
2025-11-26,0.1703532091,0,0,0.07056514384,0,0.6397426915,0.1193389556,1,LSTM v2
2025-11-27,0.1720509529,0,0,0.06991763413,0,0.6409696341,0.1170617789,1,LSTM v2
2025-11-28,0.1795385996,0,0,0.07473754549,0,0.6255379636,0.1201858914,1,LSTM v2
2025-12-01,0.1817154681,0,0,0.07654779804,0,0.62115595,0.1205807838,1,LSTM v2
2025-12-02,0.1802290259,0,0,0.07417928675,0,0.6246974645,0.1208942228,1,LSTM v2
2025-12-03,0.1797584431,0,0,0.07474262957,0,0.6250384403,0.120460487,1,LSTM v2
2025-12-04,0.1803441088,0,0,0.07463802564,0,0.6240604063,0.1209574592,1,LSTM v2
2025-12-05,0.1818629259,0,0,0.07719985738,0,0.6184525167,0.1224847,1,LSTM v2
2025-12-08,0.180149352,0,0,0.07509799525,0,0.6222847886,0.1224678642,1,LSTM v2
2025-12-09,0.1792519404,0,0,0.0750950804,0,0.6230914043,0.1225615749,1,LSTM v2
2025-12-10,0.1792649504,0,0,0.07607370728,0,0.6224373672,0.1222239751,1,LSTM v2
2025-12-11,0.1783276171,0,0,0.07748329414,0,0.6232702554,0.1209188334,1,LSTM v2
2025-12-12,0.1791558359,0,0,0.08009397656,0,0.6181588495,0.122591338,1,LSTM v2
2025-12-15,0.1792788857,0,0,0.0800635615,0,0.6169545238,0.123703029,1,LSTM v2
2025-12-16,0.1774930656,0,0,0.07752358168,0,0.621941328,0.1230420247,1,LSTM v2
2025-12-17,0.1762483379,0,0,0.07832893554,0,0.6208830933,0.1245396333,1,LSTM v2
2025-12-18,0.1748463279,0,0,0.07917584774,0,0.6219779485,0.1239998759,1,LSTM v2
2025-12-19,0.1770822866,0,0,0.08155922652,0,0.6164255188,0.1249329681,1,LSTM v2
2025-12-22,0.1791290018,0,0,0.08323685701,0,0.6091626196,0.1284715216,1,LSTM v2
2025-12-23,0.1776735962,0,0,0.08527037675,0,0.6072319339,0.1298240932,1,LSTM v2
2025-12-24,0.1767950952,0,0,0.08558154106,0,0.6077466607,0.129876703,1,LSTM v2
2025-12-26,0.1739685885,0,0,0.08490033701,0,0.613179702,0.1279513725,1,LSTM v2
2025-12-29,0.1706010538,0,0,0.07975554407,0,0.6264055325,0.1232378697,1,LSTM v2
2025-12-30,0.1694375378,0,0,0.07862298659,0,0.6308956522,0.1210438234,1,LSTM v2
2025-12-31,0.1698969641,0,0,0.08153026733,0,0.6256470224,0.1229257462,1,LSTM v2
2026-01-01,0.1710616435,0,0,0.08341288256,0,0.6242805487,0.1212449252,1,LSTM v2
2026-01-02,0.1732586111,0,0,0.08415171936,0,0.6193788417,0.1232108279,1,LSTM v2
2026-01-05,0.1711025485,0,0,0.08168314154,0,0.6271338276,0.1200804824,1,LSTM v2
2026-01-06,0.168388846,0,0,0.08222812537,0,0.6287879441,0.1205950844,1,LSTM v2
2026-01-07,0.1642777211,0,0,0.08288573659,0,0.6336739801,0.1191625622,1,LSTM v2
2026-01-08,0.1588944322,0,0,0.07815612736,0,0.6487909459,0.1141584946,1,LSTM v2
2026-01-09,0.1541366898,0,0,0.07500179224,0,0.663888822,0.106972696,1,LSTM v2
2026-01-12,0.1562948721,0,0,0.07607022155,0,0.6605341631,0.1071007433,1,LSTM v2
2026-01-13,0.1561992913,0,0,0.0751131624,0,0.6613476276,0.1073399186,1,LSTM v2
2026-01-14,0.1569705237,0,0,0.07716512335,0,0.656239063,0.1096252899,1,LSTM v2
2026-01-16,0.1561736544,0,0,0.0775676186,0,0.6562092607,0.1100494663,1,LSTM v2
2026-01-19,0.1566500892,0,0,0.07767589043,0,0.6539493507,0.1117246697,1,LSTM v2
2026-01-20,0.1607066566,0,0,0.07591547185,0,0.6504967906,0.112881081,1,LSTM v2
2026-01-21,0.1555822536,0,0,0.07081177356,0,0.6659953744,0.1076105984,1,LSTM v2
2026-01-22,0.1558008813,0,0,0.06998736516,0,0.6660627226,0.1081490309,1,LSTM v2
2026-01-23,0.1525476151,0,0,0.06942457809,0,0.6700371604,0.1079906465,1,LSTM v2
2026-01-27,0.1521796688,0,0,0.07009921014,0,0.669893364,0.1078277571,1,LSTM v2
2026-01-28,0.1550386192,0,0,0.07131143394,0,0.6621576301,0.1114923167,1,LSTM v2
2026-01-29,0.1593487471,0,0,0.07480528484,0,0.6450190188,0.1208269492,1,LSTM v2
2026-01-30,0.1564458597,0,0,0.07044997759,0,0.6558608364,0.1172433263,1,LSTM v2
2026-02-01,0.1581740772,0,0,0.07080716317,0,0.6454269079,0.1255918518,1,LSTM v2
2026-02-02,0.1715517006,0,0,0.07582189718,0,0.619752274,0.1328741282,1,LSTM v2
2026-02-03,0.1668388098,0,0,0.07605193555,0,0.6311278343,0.1259814203,1,LSTM v2
2026-02-04,0.16899241,0,0,0.07643195759,0,0.6219792777,0.1325963547,1,LSTM v2
2026-02-05,0.1713720884,0,0,0.07253037501,0,0.6264063809,0.1296911557,1,LSTM v2
2026-02-06,0.1649120624,0,0,0.07385476044,0,0.6321737264,0.1290594508,1,LSTM v2
2026-02-09,0.1656244161,0,0,0.07630475895,0,0.6285739775,0.1294968474,1,LSTM v2
2026-02-10,0.1602453375,0,0,0.07280104987,0,0.6389110422,0.1280425705,1,LSTM v2
2026-02-11,0.158411873,0,0,0.07083004608,0,0.6442139649,0.126544116,1,LSTM v2
2026-02-12,0.158524965,0,0,0.07162399803,0,0.6408554507,0.1289955863,1,LSTM v2
2026-02-13,0.153452668,0,0,0.06711765529,0,0.6544491199,0.1249805568,1,LSTM v2
2026-02-16,0.1544433993,0,0,0.0672587599,0,0.6541454878,0.1241523529,1,LSTM v2
2026-02-17,0.1560586759,0,0,0.06519772517,0,0.6537189739,0.1250246251,1,LSTM v2
2026-02-18,0.1570659578,0,0,0.06607611477,0,0.6492586136,0.1275993139,1,LSTM v2
2026-02-19,0.1563155823,0,0,0.06735038858,0,0.6481222011,0.128211828,1,LSTM v2
2026-02-20,0.1542717092,0,0,0.06633393565,0,0.6554486849,0.1239456702,1,LSTM v2
2026-02-23,0.1541858258,0,0,0.06803582269,0,0.6559883747,0.1217899768,1,LSTM v2
2026-02-24,0.1542017093,0,0,0.0684694162,0,0.657629703,0.1196991715,1,LSTM v2
2026-02-25,0.1541629629,0,0,0.06832774187,0,0.6614901621,0.1160191332,1,LSTM v2
2026-02-26,0.1562310469,0,0,0.0697597941,0,0.6560184408,0.1179907182,1,LSTM v2
2026-02-27,0.1525006249,0,0,0.06601126295,0,0.6656917135,0.1157963986,1,LSTM v2
2026-03-02,0.1498697456,0,0,0.06638229141,0,0.6683474432,0.1154005198,1,LSTM v2
2026-03-04,0.144083227,0,0,0.06082655547,0,0.684317518,0.1107726995,1,LSTM v2
2026-03-05,0.1497618605,0,0,0.06501574378,0,0.6708343771,0.1143880186,1,LSTM v2
2026-03-06,0.1484826941,0,0,0.065463535,0,0.6730826447,0.1129711262,1,LSTM v2
2026-03-09,0.1458547435,0,0,0.06467969812,0,0.6751275759,0.1143379825,1,LSTM v2
2026-03-10,0.1571100033,0,0,0.06824428486,0,0.6587221524,0.1159235594,1,LSTM v2
2026-03-11,0.1641354822,0,0,0.06926388884,0,0.6438279604,0.1227726685,1,LSTM v2
2026-03-12,0.1682378923,0,0,0.06831010329,0,0.6403303051,0.1231216993,1,LSTM v2
2026-03-13,0.1756354312,0,0,0.06678453237,0,0.6328569792,0.1247230573,1,LSTM v2
2026-03-16,0.2009240791,0,0,0.07407489998,0,0.6021991238,0.1228018972,1,LSTM v2
2026-03-17,0.1963394059,0,0,0.07305059109,0,0.6147135129,0.1158964901,1,LSTM v2
2026-03-18,0.202141288,0,0,0.07888680814,0,0.6035930604,0.1153788435,1,LSTM v2
2026-03-19,0.2034075753,0,0,0.0793668571,0,0.6024216548,0.1148039128,1,LSTM v2
2026-03-20,0.205932927,0,0,0.0830467331,0,0.6045918375,0.1064285024,1,LSTM v2
2026-03-23,0.22564358,0,0,0.08799404258,0,0.5804529527,0.1059094248,1,LSTM v2
2026-03-24,0.2173709636,0,0,0.08297489831,0,0.6035573066,0.09609683144,1,LSTM v2
2026-03-25,0.2106137166,0,0,0.08144509368,0,0.6121258416,0.0958153481,1,LSTM v2
2026-03-27,0.2160298377,0,0,0.08874164522,0,0.5924746394,0.1027538776,1,LSTM v2
2026-03-30,0.2081446365,0,0,0.07737837789,0,0.6156932161,0.09878376945,1,LSTM v2
2026-04-01,0.2136519221,0,0,0.2295124348,0,0.3267124247,0.2301232184,1,LSTM v2
2026-04-02,0.2129635396,0,0,0.2289951031,0,0.3293011238,0.2287402336,1,LSTM v2
2026-04-06,0.213370535,0,0,0.2285919671,0,0.328948145,0.2290893529,1,LSTM v2
2026-04-07,0.2134745387,0,0,0.2268426981,0,0.3311783622,0.228504401,1,LSTM v2
2026-04-08,0.2148774447,0,0,0.2266792689,0,0.3269665886,0.2314766978,1,LSTM v2
2026-04-09,0.2162457705,0,0,0.2250689119,0,0.326807797,0.2318775207,1,LSTM v2
2026-04-10,0.2174877408,0,0,0.2243379537,0,0.3252666641,0.2329076414,1,LSTM v2
2026-04-13,0.2186122569,0,0,0.223149899,0,0.3246135164,0.2336243277,1,LSTM v2
2026-04-15,0.2200504276,0,0,0.2230501059,0,0.3218441057,0.2350553607,1,LSTM v2
2026-04-16,0.2222209755,0,0,0.2226252291,0,0.3185752678,0.2365785276,1,LSTM v2
2026-04-17,0.2242822945,0,0,0.2221365869,0,0.3156715035,0.237909615,1,LSTM v2
2026-04-20,0.2268363718,0,0,0.221281949,0,0.3117632912,0.2401183879,1,LSTM v2
2026-04-21,0.2280148268,0,0,0.2209767103,0,0.3098902702,0.2411181927,1,LSTM v2
2026-04-22,0.2283866554,0,0,0.2203889936,0,0.3101107478,0.2411136031,1,LSTM v2
2026-04-23,0.2288101912,0,0,0.2196199894,0,0.3109700084,0.2405998111,1,LSTM v2
2026-04-24,0.2295130342,0,0,0.2190452367,0,0.3112385869,0.2402031422,1,LSTM v2
2026-04-27,0.2305443883,0,0,0.219978407,0,0.309728235,0.2397489697,1,LSTM v2
2026-04-28,0.2306682169,0,0,0.2200696468,0,0.3107354641,0.2385266721,1,LSTM v2
2026-04-29,0.2309779674,0,0,0.2214669734,0,0.3097821772,0.237772882,1,LSTM v2
2026-04-30,0.2331406176,0,0,0.2224010974,0,0.3065552711,0.2379030138,1,LSTM v2
2026-05-04,0.2329592854,0,0,0.2240485251,0,0.3066573739,0.2363348156,1,LSTM v2
2026-05-05,0.2331156547,0,0,0.2257191654,0,0.3067534818,0.2344116981,1,LSTM v2
2026-05-06,0.2356330007,0,0,0.2276901901,0,0.2994456887,0.2372311205,1,LSTM v2
2026-05-07,0.2367758418,0,0,0.2287773009,0,0.2965740517,0.2378728056,1,LSTM v2
2026-05-08,0.2390035575,0,0,0.2288519774,0,0.2925025268,0.2396419382,1,LSTM v2
2026-05-11,0.2394099051,0,0,0.2305235381,0,0.2920600728,0.2380064839,1,LSTM v2
2026-05-12,0.242402978,0,0,0.2311590532,0,0.2884305205,0.2380074483,1,LSTM v2
2026-05-13,0.2497010976,0,0,0.2312244624,0,0.2753387094,0.2437357306,1,LSTM v2
2026-05-14,0.2506904043,0,0,0.2308630531,0,0.2733335834,0.2451129592,1,LSTM v2
2026-05-15,0.2508698106,0,0,0.2317277938,0,0.273188591,0.2442138046,1,LSTM v2
2026-05-18,0.253664732,0,0,0.233184576,0,0.2684324682,0.2447182238,1,LSTM v2
2026-05-19,0.2549764774,0,0,0.2343298907,0,0.2649192771,0.2457743548,1,LSTM v2
2026-05-20,0.2576729694,0,0,0.2350236212,0,0.2604914346,0.2468119747,1,LSTM v2
2026-05-21,0.2596418896,0,0,0.2362355625,0,0.2559784689,0.248144079,1,LSTM v2
2026-05-22,0.2617042065,0,0,0.2377655655,0,0.2519189119,0.2486113161,1,LSTM v2
2026-05-25,0.2618810236,0,0,0.2397416681,0,0.2491905987,0.2491867095,1,LSTM v2
2026-05-26,0.2630310913,0,0,0.2408246213,0,0.2462196164,0.2499246709,1,LSTM v2
2026-05-27,0.2622379065,0,0,0.2433061302,0,0.2448347956,0.2496211678,1,LSTM v2
2026-05-29,0.262962375,0,0,0.2446408755,0,0.2418761587,0.2505205907,1,LSTM v2
2026-06-01,0.2628279328,0,0,0.247968182,0,0.2388357669,0.2503681183,1,LSTM v2
2026-06-02,0.2620966733,0,0,0.2517412901,0,0.2357093692,0.2504526675,1,LSTM v2
2026-06-03,0.2608347833,0,0,0.255990088,0,0.2322116196,0.2509635091,1,LSTM v2
2026-06-04,0.258269634,0,0,0.2604756913,0,0.2294726189,0.2517820559,1,LSTM v2
2026-06-05,0.254968997,0,0,0.2655734976,0,0.2272140499,0.2522434555,1,LSTM v2
2026-06-08,0.2504138723,0,0,0.2742430351,0,0.2229833669,0.2523597256,1,LSTM v2
2026-06-09,0.2445616537,0,0,0.2830043095,0,0.2214292255,0.2510048114,1,LSTM v2
2026-06-10,0.242162205,0,0,0.2892228153,0,0.2184852427,0.250129737,1,LSTM v2
2026-06-11,0.2387701756,0,0,0.2944671258,0,0.2172227832,0.2495399155,1,LSTM v2
2026-06-12,0.2362116908,0,0,0.2976810082,0,0.2176210764,0.2484862245,1,LSTM v2
2026-06-15,0.2363594955,0,0,0.2975639447,0,0.2187457117,0.2473308481,1,LSTM v2
2026-06-16,0.2355045194,0,0,0.2972609058,0,0.2200438645,0.2471907102,1,LSTM v2
2026-06-17,0.2353579849,0,0,0.2969923019,0,0.2210135758,0.2466361374,1,LSTM v2
2026-06-18,0.2349943589,0,0,0.2965316265,0,0.2224013574,0.2460726573,1,LSTM v2
2026-06-19,0.2337128371,0,0,0.2986404598,0,0.2221852541,0.245461449,1,LSTM v2
2026-06-22,0.2339166815,0,0,0.2979150668,0,0.2223951485,0.2457731032,1,LSTM v2
2026-06-23,0.2315776979,0,0,0.3027896926,0,0.2198603782,0.2457722313,1,LSTM v2
2026-06-24,0.2306221277,0,0,0.3046848476,0,0.2191169113,0.2455761135,1,LSTM v2
2026-06-25,0.2304968353,0,0,0.3049164667,0,0.2187874285,0.2457992696,1,LSTM v2
2026-06-29,0.2299550027,0,0,0.3069555163,0,0.217579782,0.245509699,1,LSTM v2
2026-06-30,0.229615733,0,0,0.3087753057,0,0.2168503553,0.244758606,1,LSTM v2
2026-07-01,0.2299233858,0,0,0.3082626508,0,0.2173125478,0.2445014156,1,LSTM v2
2026-07-02,0.2294656967,0,0,0.3076718793,0,0.2171612116,0.2457012124,1,LSTM v2
2026-07-03,0.2288096662,0,0,0.3068066492,0,0.2181611327,0.246222552,1,LSTM v2
2026-07-06,0.2283394486,0,0,0.3079460859,0,0.2190312445,0.244683221,1,LSTM v2
2026-07-07,0.2280153598,0,0,0.3092166139,0,0.2193326619,0.2434353643,1,LSTM v2
2026-07-08,0.2268457826,0,0,0.3139840914,0,0.2177776364,0.2413924897,1,LSTM v2
2026-07-09,0.2259665396,0,0,0.3146929992,0,0.2180001703,0.2413402909,1,LSTM v2
2026-07-10,0.2254137214,0,0,0.3157550944,0,0.2180488524,0.2407823318,1,LSTM v2
2026-07-13,0.2249125954,0,0,0.3162473393,0,0.218442705,0.2403973603,1,LSTM v2
2026-07-14,0.2239913046,0,0,0.3177575767,0,0.2182557732,0.2399953455,1,LSTM v2
2026-07-15,0.2243326422,0,0,0.3162870658,0,0.2191783306,0.2402019614,1,LSTM v2
2026-07-16,0.2236750987,0,0,0.31798854,0,0.2195533183,0.238783043,1,LSTM v2
2026-07-17,0.2233100269,0,0,0.3179682839,0,0.2201113734,0.2386103159,1,LSTM v2
2026-07-20,0.2223292738,0,0,0.3189786077,0,0.2204983234,0.2381937951,1,LSTM v2
2026-07-21,0.2211432043,0,0,0.3213630963,0,0.220676187,0.2368175125,1,LSTM v2
2026-07-22,0.2190856966,0,0,0.3252586175,0,0.220485929,0.2351697569,1,LSTM v2
2026-07-23,0.2178510427,0,0,0.3276508749,0,0.2204823494,0.234015733,1,LSTM v2
2026-07-24,0.2166495388,0,0,0.3297012845,0,0.2198696053,0.2337795715,1,LSTM v2
2026-07-27,0.2168913484,0,0,0.3275251389,0,0.2212488651,0.2343346477,1,LSTM v2
2026-07-28,0.2171618524,0,0,0.3268351604,0,0.2221376184,0.2338653689,1,LSTM v2
2026-07-29,0.2179336217,0,0,0.3247566473,0,0.2229756978,0.2343340332,1,LSTM v2
2026-07-30,0.2184208632,0,0,0.323969245,0,0.2234164476,0.2341934443,1,LSTM v2
2026-07-31,0.2195842415,0,0,0.3227000535,0,0.2238871008,0.2338286042,1,LSTM v2
2026-08-03,0.2195007354,0,0,0.3227054775,0,0.2250389159,0.2327548712,1,LSTM v2
2026-08-04,0.2196039292,0,0,0.3210552383,0,0.2266594056,0.2326814269,1,LSTM v2
2026-08-05,0.2192036989,0,0,0.318777864,0,0.2288660143,0.2331524228,1,LSTM v2
2026-08-06,0.2196451095,0,0,0.3136399342,0,0.2319231893,0.2347917671,1,LSTM v2
2026-08-07,0.2193448427,0,0,0.3098676549,0,0.2351840024,0.2356034999,1,LSTM v2
2026-08-10,0.2189930347,0,0,0.3077339186,0,0.237298947,0.2359740997,1,LSTM v2
2026-08-11,0.2192277876,0,0,0.304635252,0,0.2398055309,0.2363314295,1,LSTM v2
2026-08-12,0.2195672393,0,0,0.3024249077,0,0.2406081408,0.2373997122,1,LSTM v2
2026-08-13,0.2189343837,0,0,0.3018113628,0,0.2408301347,0.2384241188,1,LSTM v2
2026-08-14,0.2186895576,0,0,0.3018186345,0,0.2408951038,0.238596704,1,LSTM v2
2026-08-17,0.2187143713,0,0,0.3014811277,0,0.2407014221,0.2391030788,1,LSTM v2
2026-08-18,0.2181520728,0,0,0.3021801069,0,0.2401062065,0.2395616138,1,LSTM v2
2026-08-19,0.2173042479,0,0,0.3041399167,0,0.2389094865,0.2396463489,1,LSTM v2
2026-08-20,0.2175957826,0,0,0.3039758756,0,0.2373353208,0.241093021,1,LSTM v2
2026-08-21,0.2178896666,0,0,0.301681459,0,0.2376946807,0.2427341938,1,LSTM v2
2026-08-24,0.2178143146,0,0,0.2989207253,0,0.2377184069,0.2455465532,1,LSTM v2
2026-08-25,0.2178200218,0,0,0.2972202941,0,0.23890971,0.2460499741,1,LSTM v2
2026-08-26,0.2176997033,0,0,0.2952083901,0,0.2404305601,0.2466613465,1,LSTM v2
2026-08-27,0.2163840597,0,0,0.2954319804,0,0.2414613587,0.2467226013,1,LSTM v2
2026-08-28,0.2166007906,0,0,0.2958692908,0,0.2408317924,0.2466981262,1,LSTM v2
2026-08-31,0.2161138505,0,0,0.2950847149,0,0.2439057678,0.2448956668,1,LSTM v2
2026-09-01,0.2155907537,0,0,0.2947102101,0,0.2454499976,0.2442490386,1,LSTM v2
2026-09-02,0.2152905432,0,0,0.2943341688,0,0.2475206815,0.2428546065,1,LSTM v2
2026-09-03,0.2152577341,0,0,0.2972896993,0,0.245176062,0.2422765046,1,LSTM v2
2026-09-04,0.2151567819,0,0,0.2994478688,0,0.2448204792,0.2405748701,1,LSTM v2
2026-09-07,0.2145142821,0,0,0.3047388151,0,0.2421982848,0.238548618,1,LSTM v2
2026-09-08,0.2142235456,0,0,0.3093763842,0,0.2387500519,0.2376500184,1,LSTM v2
2026-09-09,0.213441655,0,0,0.3141665161,0,0.2346491367,0.2377426922,1,LSTM v2
2026-09-10,0.2128269523,0,0,0.3176897466,0,0.2314276248,0.2380556762,1,LSTM v2
2026-09-11,0.2118846837,0,0,0.3202998436,0,0.2302087018,0.2376067709,1,LSTM v2
2026-09-15,0.2111329883,0,0,0.3230879605,0,0.2280277163,0.2377513349,1,LSTM v2
2026-09-16,0.2110483466,0,0,0.3256747674,0,0.2257244851,0.2375524009,1,LSTM v2
2026-09-17,0.2112825928,0,0,0.3279540788,0,0.2244214978,0.2363418305,1,LSTM v2
2026-09-18,0.2113564791,0,0,0.3284435619,0,0.2243468497,0.2358531093,1,LSTM v2
2026-09-21,0.211729023,0,0,0.3286974181,0,0.2246877287,0.2348858302,1,LSTM v2
2026-09-22,0.2120062325,0,0,0.3295280436,0,0.2238080866,0.2346576373,1,LSTM v2
2026-09-23,0.2124165775,0,0,0.3296499599,0,0.2242226336,0.2337108289,1,LSTM v2
2026-09-24,0.2114975005,0,0,0.3336421847,0,0.2216893733,0.2331709415,1,LSTM v2
2026-09-25,0.2114501478,0,0,0.3349442532,0,0.2207839224,0.2328216766,1,LSTM v2
2026-09-28,0.2107664049,0,0,0.3365809023,0,0.2196367681,0.2330159247,1,LSTM v2
2026-09-29,0.2106054755,0,0,0.3380895605,0,0.2184349778,0.2328699862,1,LSTM v2
2026-09-30,0.2104746997,0,0,0.3387970328,0,0.2184267193,0.2323015481,1,LSTM v2
